kind,variant,seed,family,cost_bps,worlds,mean_net_return,mean_log_growth,mean_max_drawdown,mean_costs,mean_turnover,mean_ruined
learned,double_dqn,42,all,0,512,0.29460009644499907,0.2226547191540466,0.08480154089372295,0.0,72.21017495669739,0.0
learned,double_dqn,42,delayed_cue,0,64,0.05765106208986549,0.015737691336956065,0.13180795791386685,0.0,0.7890793898947728,0.0
learned,double_dqn,42,execution_friction,0,64,0.20456871078670288,0.18413101983606137,0.03711251188039657,0.0,34.255030742599395,0.0
learned,double_dqn,42,known_signal,0,64,0.7574329600562137,0.5629397478958322,9.264760706873681e-05,0.0,126.04669265961331,0.0
learned,double_dqn,42,no_signal,0,64,-0.002618032848342954,-0.0028013351288500017,0.02427400278999528,0.0,0.7361305651100717,0.0
learned,double_dqn,42,regime_recurrence,0,64,0.22612636134809927,0.20282852363761594,0.15335057566374566,0.0,99.96104378392499,0.0
learned,double_dqn,42,signal_reversal,0,64,-0.12206740272849428,-0.13116401142280165,0.2757730684085935,0.0,90.96968314712599,0.0
learned,double_dqn,42,source_conflict,0,64,0.4940159906051846,0.4001510419852672,0.012745001927691733,0.0,101.82237403045373,0.0
learned,double_dqn,42,volatility_shift,0,64,0.7416911222507637,0.5494150750922916,0.04325656095842528,0.0,123.10136533485677,0.0
learned,double_dqn,42,all,10,512,0.2139303766341303,0.16301658464142604,0.09394762596387501,690.3002076830445,69.03002076830445,0.0
learned,double_dqn,42,delayed_cue,10,64,0.05688571026798848,0.014989520032599318,0.13211757282553002,7.886480230544632,0.7886480230544631,0.0
learned,double_dqn,42,execution_friction,10,64,0.16768641621201086,0.15301215819396638,0.03784547834134634,337.2298807313416,33.72298807313416,0.0
learned,double_dqn,42,known_signal,10,64,0.5998362919405362,0.468956256355486,0.001461944093484024,1197.7378676895305,119.77378676895303,0.0
learned,double_dqn,42,no_signal,10,64,-0.0033452663593482018,-0.003530913485173891,0.024344236369935192,7.3598670596590425,0.7359867059659042,0.0
learned,double_dqn,42,regime_recurrence,10,64,0.12031307897937786,0.11259756441349747,0.17709389697446457,955.1910698612909,95.51910698612906,0.0
learned,double_dqn,42,signal_reversal,10,64,-0.19393173472326639,-0.21657208118895752,0.31449253417365197,872.3978189357179,87.23978189357177,0.0
learned,double_dqn,42,source_conflict,10,64,0.3751230954920227,0.31721946895235664,0.015345884875802275,973.9091759141367,97.39091759141365,0.0
learned,double_dqn,42,volatility_shift,10,64,0.588875421263721,0.457460703857634,0.0488794600567857,1170.6895010421354,117.06895010421354,0.0
learned,double_dqn,42,all,25,512,0.10529167815698721,0.07361735373977711,0.10810203027821262,1615.7379565951355,64.62951826380542,0.0
learned,double_dqn,42,delayed_cue,25,64,0.05574703737062786,0.013878892335245429,0.13255585522265295,19.72192675253322,0.7888770701013289,0.0
learned,double_dqn,42,execution_friction,25,64,0.1146162248326124,0.10642900851187707,0.040127841627813,824.0290297747938,32.96116119099175,0.0
learned,double_dqn,42,known_signal,25,64,0.38971206153700133,0.3280398804007885,0.005494504131543102,2778.230911361079,111.12923645444319,0.0
learned,double_dqn,42,no_signal,25,64,-0.004444944744532792,-0.004634937521194621,0.02448093503098033,18.385303271661158,0.7354121308664463,0.0
learned,double_dqn,42,regime_recurrence,25,64,-0.021381987569927187,-0.022657247449358604,0.21184026222672378,2234.137021871908,89.36548087487631,0.0
learned,double_dqn,42,signal_reversal,25,64,-0.2905583898946944,-0.3443316330741327,0.3685785296549414,2051.612197382238,82.06448789528949,0.0
learned,double_dqn,42,source_conflict,25,64,0.2147782692676215,0.19318801742647992,0.02183311862340601,2281.3397145175018,91.25358858070007,0.0
learned,double_dqn,42,volatility_shift,25,64,0.383865154457189,0.3190268492885119,0.059905195707640316,2718.4475478293703,108.73790191317481,0.0
learned,double_dqn,43,all,0,512,0.3010707488859812,0.22788431163802264,0.07965292379108241,0.0,75.97830428977824,0.0
learned,double_dqn,43,delayed_cue,0,64,0.0720623082057479,0.05946032278640821,0.049750664533475944,0.0,1.838524052688677,0.0
learned,double_dqn,43,execution_friction,0,64,0.20564020912763734,0.1850195111222664,0.03711181098351512,0.0,34.42755914439135,0.0
learned,double_dqn,43,known_signal,0,64,0.7588021594684958,0.5637238334259134,9.270460703778884e-05,0.0,126.34398184427907,0.0
learned,double_dqn,43,no_signal,0,64,-0.0017820518868626907,-0.0018595258783242244,0.015994022377000046,0.0,0.48624632775162363,0.0
learned,double_dqn,43,regime_recurrence,0,64,0.1983017180984719,0.1798540397855414,0.17340014194100614,0.0,103.41054777896227,0.0
learned,double_dqn,43,signal_reversal,0,64,-0.1626025579223138,-0.17840066658178563,0.3097028416293621,0.0,98.11159477255197,0.0
learned,double_dqn,43,source_conflict,0,64,0.5810519373536482,0.45669105561812484,0.011248014368148892,0.0,117.2304013260089,0.0
learned,double_dqn,43,volatility_shift,0,64,0.7570922686430246,0.5585859228260368,0.039923189889113184,0.0,125.97757907159206,0.0
learned,double_dqn,43,all,10,512,0.21648261550782338,0.16513588333829593,0.08978170119859188,725.0942606846259,72.50942606846259,0.0
learned,double_dqn,43,delayed_cue,10,64,0.07025229431666462,0.057577225139129995,0.05122737640598264,18.487110467669293,1.8487110467669292,0.0
learned,double_dqn,43,execution_friction,10,64,0.16851526584359128,0.15371658389400822,0.03784320289293156,338.8453197688929,33.884531976889285,0.0
learned,double_dqn,43,known_signal,10,64,0.6008591378400235,0.4695995730518497,0.0014614609955949601,1200.5775439934725,120.05775439934725,0.0
learned,double_dqn,43,no_signal,10,64,-0.002266986571559316,-0.0023455413118379283,0.016040918805316016,4.8596584987153335,0.4859658498715333,0.0
learned,double_dqn,43,regime_recurrence,10,64,0.09020665658858629,0.08534086519449083,0.19989097137249537,986.6146136604588,98.66146136604587,0.0
learned,double_dqn,43,signal_reversal,10,64,-0.23738714263987848,-0.27194536017047155,0.3518638872240427,938.04057956053,93.804057956053,0.0
learned,double_dqn,43,source_conflict,10,64,0.44154824622097244,0.36428751486392236,0.013869312690945056,1115.9537262122217,111.59537262122215,0.0
learned,double_dqn,43,volatility_shift,10,64,0.6001334524641866,0.46485620604527594,0.04605647920142678,1197.3755333150466,119.73755333150467,0.0
learned,double_dqn,43,all,25,512,0.10300610239189809,0.07096678106414357,0.10538808045194012,1692.4368295677336,67.69747318270934,0.0
learned,double_dqn,43,delayed_cue,25,64,0.0674712550086696,0.054667709859434595,0.05350711657664725,45.95253136175213,1.838101254470085,0.0
learned,double_dqn,43,execution_friction,25,64,0.11517912580178188,0.10693179863372854,0.04011087105509878,827.8973228258205,33.11589291303282,0.0
learned,double_dqn,43,known_signal,25,64,0.3901705153780111,0.3283698540193493,0.005493704320419152,2784.506182319643,111.38024729278574,0.0
learned,double_dqn,43,no_signal,25,64,-0.002994581200666724,-0.003075206337674017,0.01613436721127844,12.141880692368726,0.4856752276947491,0.0
learned,double_dqn,43,regime_recurrence,25,64,-0.053802161563907144,-0.05636497574346614,0.23836953247300496,2301.6632876522103,92.06653150608841,0.0
learned,double_dqn,43,signal_reversal,25,64,-0.33714164406429675,-0.4122252000005844,0.4103099028598663,2195.632389418189,87.82529557672756,0.0
learned,double_dqn,43,source_conflict,25,64,0.2550243365225215,0.2255996560733361,0.021265485188142294,2594.2890242116923,103.77156096846767,0.0
learned,double_dqn,43,volatility_shift,25,64,0.39014197325307115,0.3238306120090246,0.05791366393106375,2777.412018060194,111.09648072240776,0.0
learned,double_dqn,44,all,0,512,0.2998504881228342,0.22029988936086542,0.09695305046898905,0.0,74.27905008843459,0.0
learned,double_dqn,44,delayed_cue,0,64,0.08721603589302225,0.014193306616269111,0.1688889790706833,0.0,0.9864980884356366,0.0
learned,double_dqn,44,execution_friction,0,64,0.20564020912763734,0.1850195111222664,0.03711181098351512,0.0,34.42755914439135,0.0
learned,double_dqn,44,known_signal,0,64,0.7588021594684958,0.5637238334259134,9.270460703778884e-05,0.0,126.34398184427907,0.0
learned,double_dqn,44,no_signal,0,64,-0.003496531806893197,-0.0038249705490240463,0.03241004739455196,0.0,0.9862402685411159,0.0
learned,double_dqn,44,regime_recurrence,0,64,0.1983017180984719,0.1798540397855414,0.17340014194100614,0.0,103.41054777896227,0.0
learned,double_dqn,44,signal_reversal,0,64,-0.1626025579223138,-0.17840066658178563,0.3097028416293621,0.0,98.11159477255197,0.0
learned,double_dqn,44,source_conflict,0,64,0.582658427423632,0.45733841160592775,0.013194391648710906,0.0,108.03758273489528,0.0
learned,double_dqn,44,volatility_shift,0,64,0.7322844447006214,0.544495649461815,0.040823486477045076,0.0,121.92839607541998,0.0
learned,double_dqn,44,all,10,512,0.2174187434473883,0.15885299324282612,0.10692065337233984,709.6582341561228,70.96582341561228,0.0
learned,double_dqn,44,delayed_cue,10,64,0.08627884379366807,0.01327946607385887,0.16924060516226708,9.858391214897633,0.9858391214897633,0.0
learned,double_dqn,44,execution_friction,10,64,0.16851526584359128,0.15371658389400822,0.03784320289293156,338.8453197688929,33.884531976889285,0.0
learned,double_dqn,44,known_signal,10,64,0.6008591378400235,0.4695995730518497,0.0014614609955949601,1200.5775439934725,120.05775439934725,0.0
learned,double_dqn,44,no_signal,10,64,-0.0044783527028508865,-0.00481098069930268,0.03250424307485175,9.856711601295363,0.9856711601295363,0.0
learned,double_dqn,44,regime_recurrence,10,64,0.09020665658858629,0.08534086519449083,0.19989097137249537,986.6146136604588,98.66146136604587,0.0
learned,double_dqn,44,signal_reversal,10,64,-0.23738714263987848,-0.27194536017047155,0.3518638872240427,938.04057956053,93.804057956053,0.0
learned,double_dqn,44,source_conflict,10,64,0.4536416665292303,0.3722525279301626,0.015783896030072853,1032.2099362237984,103.22099362237984,0.0
learned,double_dqn,44,volatility_shift,10,64,0.5817138723267362,0.45339127066801294,0.04677696022646245,1161.2627772256365,116.12627772256366,0.0
learned,double_dqn,44,all,25,512,0.1065634151299167,0.06663433746883615,0.12232017112725632,1658.8768558613222,66.35507423445289,0.0
learned,double_dqn,44,delayed_cue,25,64,0.08481345482667271,0.011821291997534806,0.16983182233264196,24.63068381929014,0.9852273527716057,0.0
learned,double_dqn,44,execution_friction,25,64,0.11517912580178188,0.10693179863372854,0.04011087105509878,827.8973228258205,33.11589291303282,0.0
learned,double_dqn,44,known_signal,25,64,0.3901705153780111,0.3283698540193493,0.005493704320419152,2784.506182319643,111.38024729278574,0.0
learned,double_dqn,44,no_signal,25,64,-0.00595116857922383,-0.006292050573932844,0.032699908159652485,24.627453192371206,0.9850981276948482,0.0
learned,double_dqn,44,regime_recurrence,25,64,-0.053802161563907144,-0.05636497574346614,0.23836953247300496,2301.6632876522103,92.06653150608841,0.0
learned,double_dqn,44,signal_reversal,25,64,-0.33714164406429675,-0.4122252000005844,0.4103099028598663,2195.632389418189,87.82529557672756,0.0
learned,double_dqn,44,source_conflict,25,64,0.2796033657815426,0.24458850767634607,0.022742145326976382,2412.4846340758068,96.49938536303227,0.0
learned,double_dqn,44,volatility_shift,25,64,0.37963583345875296,0.31624547374171386,0.059003482490390516,2699.5728935872457,107.98291574348983,0.0
learned,ppo,42,all,0,512,0.3029090494494594,0.2220510620423606,0.09663180015234815,0.0,76.02987866204775,0.0
learned,ppo,42,delayed_cue,0,64,0.08721603589302225,0.014193306616269111,0.1688889790706833,0.0,0.9864980884356366,0.0
learned,ppo,42,execution_friction,0,64,0.20564020912763734,0.1850195111222664,0.03711181098351512,0.0,34.42755914439135,0.0
learned,ppo,42,known_signal,0,64,0.7588021594684958,0.5637238334259134,9.270460703778884e-05,0.0,126.34398184427907,0.0
learned,ppo,42,no_signal,0,64,-0.003496531806893197,-0.0038249705490240463,0.03241004739455196,0.0,0.9862402685411159,0.0
learned,ppo,42,regime_recurrence,0,64,0.1983017180984719,0.1798540397855414,0.17340014194100614,0.0,103.41054777896227,0.0
learned,ppo,42,signal_reversal,0,64,-0.1626025579223138,-0.17840066658178563,0.3097028416293621,0.0,98.11159477255197,0.0
learned,ppo,42,source_conflict,0,64,0.5803723637624162,0.45622520115385373,0.011457241148944496,0.0,117.75265778866509,0.0
learned,ppo,42,volatility_shift,0,64,0.7590389989748387,0.5596182413658505,0.03999063444368424,0.0,126.2199496105555,0.0
learned,ppo,42,all,10,512,0.2182471801398584,0.159289445255711,0.10663195730072622,725.5042397078145,72.55042397078145,0.0
learned,ppo,42,delayed_cue,10,64,0.08627884379366807,0.01327946607385887,0.16924060516226708,9.858391214897633,0.9858391214897633,0.0
learned,ppo,42,execution_friction,10,64,0.16851526584359128,0.15371658389400822,0.03784320289293156,338.8453197688929,33.884531976889285,0.0
learned,ppo,42,known_signal,10,64,0.6008591378400235,0.4695995730518497,0.0014614609955949601,1200.5775439934725,120.05775439934725,0.0
learned,ppo,42,no_signal,10,64,-0.0044783527028508865,-0.00481098069930268,0.03250424307485175,9.856711601295363,0.9856711601295363,0.0
learned,ppo,42,regime_recurrence,10,64,0.09020665658858629,0.08534086519449083,0.19989097137249537,986.6146136604588,98.66146136604587,0.0
learned,ppo,42,signal_reversal,10,64,-0.23738714263987848,-0.27194536017047155,0.3518638872240427,938.04057956053,93.804057956053,0.0
learned,ppo,42,source_conflict,10,64,0.4403298235856898,0.3634023495867546,0.014101266823334749,1120.7056353628814,112.07056353628813,0.0
learned,ppo,42,volatility_shift,10,64,0.6016532088100376,0.46573306511450013,0.04615002086029161,1199.5351225000873,119.95351225000873,0.0
learned,ppo,42,all,25,512,0.10472038657514163,0.06511575736433442,0.12205171733304544,1693.1070303570727,67.72428121428291,0.0
learned,ppo,42,delayed_cue,25,64,0.08481345482667271,0.011821291997534806,0.16983182233264196,24.63068381929014,0.9852273527716057,0.0
learned,ppo,42,execution_friction,25,64,0.11517912580178188,0.10693179863372854,0.04011087105509878,827.8973228258205,33.11589291303282,0.0
learned,ppo,42,known_signal,25,64,0.3901705153780111,0.3283698540193493,0.005493704320419152,2784.506182319643,111.38024729278574,0.0
learned,ppo,42,no_signal,25,64,-0.00595116857922383,-0.006292050573932844,0.032699908159652485,24.627453192371206,0.9850981276948482,0.0
learned,ppo,42,regime_recurrence,25,64,-0.053802161563907144,-0.05636497574346614,0.23836953247300496,2301.6632876522103,92.06653150608841,0.0
learned,ppo,42,signal_reversal,25,64,-0.33714164406429675,-0.4122252000005844,0.4103099028598663,2195.632389418189,87.82529557672756,0.0
learned,ppo,42,source_conflict,25,64,0.25313111080883327,0.22403923226357053,0.021610491261056516,2604.5000636879577,104.1800025475183,0.0
learned,ppo,42,volatility_shift,25,64,0.39136385999326173,0.32464610831847557,0.0579875062026234,2781.3988599411,111.25595439764399,0.0
learned,ppo,43,all,0,512,0.3029090494494594,0.2220510620423606,0.09663180015234815,0.0,76.02987866204775,0.0
learned,ppo,43,delayed_cue,0,64,0.08721603589302225,0.014193306616269111,0.1688889790706833,0.0,0.9864980884356366,0.0
learned,ppo,43,execution_friction,0,64,0.20564020912763734,0.1850195111222664,0.03711181098351512,0.0,34.42755914439135,0.0
learned,ppo,43,known_signal,0,64,0.7588021594684958,0.5637238334259134,9.270460703778884e-05,0.0,126.34398184427907,0.0
learned,ppo,43,no_signal,0,64,-0.003496531806893197,-0.0038249705490240463,0.03241004739455196,0.0,0.9862402685411159,0.0
learned,ppo,43,regime_recurrence,0,64,0.1983017180984719,0.1798540397855414,0.17340014194100614,0.0,103.41054777896227,0.0
learned,ppo,43,signal_reversal,0,64,-0.1626025579223138,-0.17840066658178563,0.3097028416293621,0.0,98.11159477255197,0.0
learned,ppo,43,source_conflict,0,64,0.5803723637624162,0.45622520115385373,0.011457241148944496,0.0,117.75265778866509,0.0
learned,ppo,43,volatility_shift,0,64,0.7590389989748387,0.5596182413658505,0.03999063444368424,0.0,126.2199496105555,0.0
learned,ppo,43,all,10,512,0.2182471801398584,0.159289445255711,0.10663195730072622,725.5042397078145,72.55042397078145,0.0
learned,ppo,43,delayed_cue,10,64,0.08627884379366807,0.01327946607385887,0.16924060516226708,9.858391214897633,0.9858391214897633,0.0
learned,ppo,43,execution_friction,10,64,0.16851526584359128,0.15371658389400822,0.03784320289293156,338.8453197688929,33.884531976889285,0.0
learned,ppo,43,known_signal,10,64,0.6008591378400235,0.4695995730518497,0.0014614609955949601,1200.5775439934725,120.05775439934725,0.0
learned,ppo,43,no_signal,10,64,-0.0044783527028508865,-0.00481098069930268,0.03250424307485175,9.856711601295363,0.9856711601295363,0.0
learned,ppo,43,regime_recurrence,10,64,0.09020665658858629,0.08534086519449083,0.19989097137249537,986.6146136604588,98.66146136604587,0.0
learned,ppo,43,signal_reversal,10,64,-0.23738714263987848,-0.27194536017047155,0.3518638872240427,938.04057956053,93.804057956053,0.0
learned,ppo,43,source_conflict,10,64,0.4403298235856898,0.3634023495867546,0.014101266823334749,1120.7056353628814,112.07056353628813,0.0
learned,ppo,43,volatility_shift,10,64,0.6016532088100376,0.46573306511450013,0.04615002086029161,1199.5351225000873,119.95351225000873,0.0
learned,ppo,43,all,25,512,0.10472038657514163,0.06511575736433442,0.12205171733304544,1693.1070303570727,67.72428121428291,0.0
learned,ppo,43,delayed_cue,25,64,0.08481345482667271,0.011821291997534806,0.16983182233264196,24.63068381929014,0.9852273527716057,0.0
learned,ppo,43,execution_friction,25,64,0.11517912580178188,0.10693179863372854,0.04011087105509878,827.8973228258205,33.11589291303282,0.0
learned,ppo,43,known_signal,25,64,0.3901705153780111,0.3283698540193493,0.005493704320419152,2784.506182319643,111.38024729278574,0.0
learned,ppo,43,no_signal,25,64,-0.00595116857922383,-0.006292050573932844,0.032699908159652485,24.627453192371206,0.9850981276948482,0.0
learned,ppo,43,regime_recurrence,25,64,-0.053802161563907144,-0.05636497574346614,0.23836953247300496,2301.6632876522103,92.06653150608841,0.0
learned,ppo,43,signal_reversal,25,64,-0.33714164406429675,-0.4122252000005844,0.4103099028598663,2195.632389418189,87.82529557672756,0.0
learned,ppo,43,source_conflict,25,64,0.25313111080883327,0.22403923226357053,0.021610491261056516,2604.5000636879577,104.1800025475183,0.0
learned,ppo,43,volatility_shift,25,64,0.39136385999326173,0.32464610831847557,0.0579875062026234,2781.3988599411,111.25595439764399,0.0
learned,ppo,44,all,0,512,0.31813579537420655,0.24227356856784038,0.07293618152099439,0.0,75.84667738825877,0.0
learned,ppo,44,delayed_cue,0,64,0.2055334714841064,0.1721483882710833,0.01173407741440521,0.0,0.5071281666648748,0.0
learned,ppo,44,execution_friction,0,64,0.20564020912763734,0.1850195111222664,0.03711181098351512,0.0,34.42755914439135,0.0
learned,ppo,44,known_signal,0,64,0.7588021594684958,0.5637238334259134,9.270460703778884e-05,0.0,126.34398184427907,0.0
learned,ppo,44,no_signal,0,64,0.0,0.0,0.0,0.0,0.0,0.0
learned,ppo,44,regime_recurrence,0,64,0.1983017180984719,0.1798540397855414,0.17340014194100614,0.0,103.41054777896227,0.0
learned,ppo,44,signal_reversal,0,64,-0.1626025579223138,-0.17840066658178563,0.3097028416293621,0.0,98.11159477255197,0.0
learned,ppo,44,source_conflict,0,64,0.5803723637624162,0.45622520115385373,0.011457241148944496,0.0,117.75265778866509,0.0
learned,ppo,44,volatility_shift,0,64,0.7590389989748387,0.5596182413658505,0.03999063444368424,0.0,126.2199496105555,0.0
learned,ppo,44,all,10,512,0.23363474424891303,0.17969297825958594,0.08288090232663445,723.6731382935059,72.36731382935058,0.0
learned,ppo,44,delayed_cue,10,64,0.20490100396325436,0.1716967494055556,0.011736408444384576,5.0662915017240095,0.506629150172401,0.0
learned,ppo,44,execution_friction,10,64,0.16851526584359128,0.15371658389400822,0.03784320289293156,338.8453197688929,33.884531976889285,0.0
learned,ppo,44,known_signal,10,64,0.6008591378400235,0.4695995730518497,0.0014614609955949601,1200.5775439934725,120.05775439934725,0.0
learned,ppo,44,no_signal,10,64,0.0,0.0,0.0,0.0,0.0,0.0
learned,ppo,44,regime_recurrence,10,64,0.09020665658858629,0.08534086519449083,0.19989097137249537,986.6146136604588,98.66146136604587,0.0
learned,ppo,44,signal_reversal,10,64,-0.23738714263987848,-0.27194536017047155,0.3518638872240427,938.04057956053,93.804057956053,0.0
learned,ppo,44,source_conflict,10,64,0.4403298235856898,0.3634023495867546,0.014101266823334749,1120.7056353628814,112.07056353628813,0.0
learned,ppo,44,volatility_shift,10,64,0.6016532088100376,0.46573306511450013,0.04615002086029161,1199.5351225000873,119.95351225000873,0.0
learned,ppo,44,all,25,512,0.12038095469640331,0.08581899322028602,0.09820303738967869,1688.5316396458106,67.54126558583242,0.0
learned,ppo,44,delayed_cue,25,64,0.20414683121754226,0.1711551282712147,0.011742290945360332,12.655011321564452,0.506200452862578,0.0
learned,ppo,44,execution_friction,25,64,0.11517912580178188,0.10693179863372854,0.04011087105509878,827.8973228258205,33.11589291303282,0.0
learned,ppo,44,known_signal,25,64,0.3901705153780111,0.3283698540193493,0.005493704320419152,2784.506182319643,111.38024729278574,0.0
learned,ppo,44,no_signal,25,64,0.0,0.0,0.0,0.0,0.0,0.0
learned,ppo,44,regime_recurrence,25,64,-0.053802161563907144,-0.05636497574346614,0.23836953247300496,2301.6632876522103,92.06653150608841,0.0
learned,ppo,44,signal_reversal,25,64,-0.33714164406429675,-0.4122252000005844,0.4103099028598663,2195.632389418189,87.82529557672756,0.0
learned,ppo,44,source_conflict,25,64,0.25313111080883327,0.22403923226357053,0.021610491261056516,2604.5000636879577,104.1800025475183,0.0
learned,ppo,44,volatility_shift,25,64,0.39136385999326173,0.32464610831847557,0.0579875062026234,2781.3988599411,111.25595439764399,0.0
learned,ppo_episodic,42,all,0,512,0.3029090494494594,0.2220510620423606,0.09663180015234815,0.0,76.02987866204775,0.0
learned,ppo_episodic,42,delayed_cue,0,64,0.08721603589302225,0.014193306616269111,0.1688889790706833,0.0,0.9864980884356366,0.0
learned,ppo_episodic,42,execution_friction,0,64,0.20564020912763734,0.1850195111222664,0.03711181098351512,0.0,34.42755914439135,0.0
learned,ppo_episodic,42,known_signal,0,64,0.7588021594684958,0.5637238334259134,9.270460703778884e-05,0.0,126.34398184427907,0.0
learned,ppo_episodic,42,no_signal,0,64,-0.003496531806893197,-0.0038249705490240463,0.03241004739455196,0.0,0.9862402685411159,0.0
learned,ppo_episodic,42,regime_recurrence,0,64,0.1983017180984719,0.1798540397855414,0.17340014194100614,0.0,103.41054777896227,0.0
learned,ppo_episodic,42,signal_reversal,0,64,-0.1626025579223138,-0.17840066658178563,0.3097028416293621,0.0,98.11159477255197,0.0
learned,ppo_episodic,42,source_conflict,0,64,0.5803723637624162,0.45622520115385373,0.011457241148944496,0.0,117.75265778866509,0.0
learned,ppo_episodic,42,volatility_shift,0,64,0.7590389989748387,0.5596182413658505,0.03999063444368424,0.0,126.2199496105555,0.0
learned,ppo_episodic,42,all,10,512,0.2182471801398584,0.159289445255711,0.10663195730072622,725.5042397078145,72.55042397078145,0.0
learned,ppo_episodic,42,delayed_cue,10,64,0.08627884379366807,0.01327946607385887,0.16924060516226708,9.858391214897633,0.9858391214897633,0.0
learned,ppo_episodic,42,execution_friction,10,64,0.16851526584359128,0.15371658389400822,0.03784320289293156,338.8453197688929,33.884531976889285,0.0
learned,ppo_episodic,42,known_signal,10,64,0.6008591378400235,0.4695995730518497,0.0014614609955949601,1200.5775439934725,120.05775439934725,0.0
learned,ppo_episodic,42,no_signal,10,64,-0.0044783527028508865,-0.00481098069930268,0.03250424307485175,9.856711601295363,0.9856711601295363,0.0
learned,ppo_episodic,42,regime_recurrence,10,64,0.09020665658858629,0.08534086519449083,0.19989097137249537,986.6146136604588,98.66146136604587,0.0
learned,ppo_episodic,42,signal_reversal,10,64,-0.23738714263987848,-0.27194536017047155,0.3518638872240427,938.04057956053,93.804057956053,0.0
learned,ppo_episodic,42,source_conflict,10,64,0.4403298235856898,0.3634023495867546,0.014101266823334749,1120.7056353628814,112.07056353628813,0.0
learned,ppo_episodic,42,volatility_shift,10,64,0.6016532088100376,0.46573306511450013,0.04615002086029161,1199.5351225000873,119.95351225000873,0.0
learned,ppo_episodic,42,all,25,512,0.10472038657514163,0.06511575736433442,0.12205171733304544,1693.1070303570727,67.72428121428291,0.0
learned,ppo_episodic,42,delayed_cue,25,64,0.08481345482667271,0.011821291997534806,0.16983182233264196,24.63068381929014,0.9852273527716057,0.0
learned,ppo_episodic,42,execution_friction,25,64,0.11517912580178188,0.10693179863372854,0.04011087105509878,827.8973228258205,33.11589291303282,0.0
learned,ppo_episodic,42,known_signal,25,64,0.3901705153780111,0.3283698540193493,0.005493704320419152,2784.506182319643,111.38024729278574,0.0
learned,ppo_episodic,42,no_signal,25,64,-0.00595116857922383,-0.006292050573932844,0.032699908159652485,24.627453192371206,0.9850981276948482,0.0
learned,ppo_episodic,42,regime_recurrence,25,64,-0.053802161563907144,-0.05636497574346614,0.23836953247300496,2301.6632876522103,92.06653150608841,0.0
learned,ppo_episodic,42,signal_reversal,25,64,-0.33714164406429675,-0.4122252000005844,0.4103099028598663,2195.632389418189,87.82529557672756,0.0
learned,ppo_episodic,42,source_conflict,25,64,0.25313111080883327,0.22403923226357053,0.021610491261056516,2604.5000636879577,104.1800025475183,0.0
learned,ppo_episodic,42,volatility_shift,25,64,0.39136385999326173,0.32464610831847557,0.0579875062026234,2781.3988599411,111.25595439764399,0.0
learned,ppo_episodic,43,all,0,512,0.3029090494494594,0.2220510620423606,0.09663180015234815,0.0,76.02987866204775,0.0
learned,ppo_episodic,43,delayed_cue,0,64,0.08721603589302225,0.014193306616269111,0.1688889790706833,0.0,0.9864980884356366,0.0
learned,ppo_episodic,43,execution_friction,0,64,0.20564020912763734,0.1850195111222664,0.03711181098351512,0.0,34.42755914439135,0.0
learned,ppo_episodic,43,known_signal,0,64,0.7588021594684958,0.5637238334259134,9.270460703778884e-05,0.0,126.34398184427907,0.0
learned,ppo_episodic,43,no_signal,0,64,-0.003496531806893197,-0.0038249705490240463,0.03241004739455196,0.0,0.9862402685411159,0.0
learned,ppo_episodic,43,regime_recurrence,0,64,0.1983017180984719,0.1798540397855414,0.17340014194100614,0.0,103.41054777896227,0.0
learned,ppo_episodic,43,signal_reversal,0,64,-0.1626025579223138,-0.17840066658178563,0.3097028416293621,0.0,98.11159477255197,0.0
learned,ppo_episodic,43,source_conflict,0,64,0.5803723637624162,0.45622520115385373,0.011457241148944496,0.0,117.75265778866509,0.0
learned,ppo_episodic,43,volatility_shift,0,64,0.7590389989748387,0.5596182413658505,0.03999063444368424,0.0,126.2199496105555,0.0
learned,ppo_episodic,43,all,10,512,0.2182471801398584,0.159289445255711,0.10663195730072622,725.5042397078145,72.55042397078145,0.0
learned,ppo_episodic,43,delayed_cue,10,64,0.08627884379366807,0.01327946607385887,0.16924060516226708,9.858391214897633,0.9858391214897633,0.0
learned,ppo_episodic,43,execution_friction,10,64,0.16851526584359128,0.15371658389400822,0.03784320289293156,338.8453197688929,33.884531976889285,0.0
learned,ppo_episodic,43,known_signal,10,64,0.6008591378400235,0.4695995730518497,0.0014614609955949601,1200.5775439934725,120.05775439934725,0.0
learned,ppo_episodic,43,no_signal,10,64,-0.0044783527028508865,-0.00481098069930268,0.03250424307485175,9.856711601295363,0.9856711601295363,0.0
learned,ppo_episodic,43,regime_recurrence,10,64,0.09020665658858629,0.08534086519449083,0.19989097137249537,986.6146136604588,98.66146136604587,0.0
learned,ppo_episodic,43,signal_reversal,10,64,-0.23738714263987848,-0.27194536017047155,0.3518638872240427,938.04057956053,93.804057956053,0.0
learned,ppo_episodic,43,source_conflict,10,64,0.4403298235856898,0.3634023495867546,0.014101266823334749,1120.7056353628814,112.07056353628813,0.0
learned,ppo_episodic,43,volatility_shift,10,64,0.6016532088100376,0.46573306511450013,0.04615002086029161,1199.5351225000873,119.95351225000873,0.0
learned,ppo_episodic,43,all,25,512,0.10472038657514163,0.06511575736433442,0.12205171733304544,1693.1070303570727,67.72428121428291,0.0
learned,ppo_episodic,43,delayed_cue,25,64,0.08481345482667271,0.011821291997534806,0.16983182233264196,24.63068381929014,0.9852273527716057,0.0
learned,ppo_episodic,43,execution_friction,25,64,0.11517912580178188,0.10693179863372854,0.04011087105509878,827.8973228258205,33.11589291303282,0.0
learned,ppo_episodic,43,known_signal,25,64,0.3901705153780111,0.3283698540193493,0.005493704320419152,2784.506182319643,111.38024729278574,0.0
learned,ppo_episodic,43,no_signal,25,64,-0.00595116857922383,-0.006292050573932844,0.032699908159652485,24.627453192371206,0.9850981276948482,0.0
learned,ppo_episodic,43,regime_recurrence,25,64,-0.053802161563907144,-0.05636497574346614,0.23836953247300496,2301.6632876522103,92.06653150608841,0.0
learned,ppo_episodic,43,signal_reversal,25,64,-0.33714164406429675,-0.4122252000005844,0.4103099028598663,2195.632389418189,87.82529557672756,0.0
learned,ppo_episodic,43,source_conflict,25,64,0.25313111080883327,0.22403923226357053,0.021610491261056516,2604.5000636879577,104.1800025475183,0.0
learned,ppo_episodic,43,volatility_shift,25,64,0.39136385999326173,0.32464610831847557,0.0579875062026234,2781.3988599411,111.25595439764399,0.0
learned,ppo_episodic,44,all,0,512,0.3029090494494594,0.2220510620423606,0.09663180015234815,0.0,76.02987866204775,0.0
learned,ppo_episodic,44,delayed_cue,0,64,0.08721603589302225,0.014193306616269111,0.1688889790706833,0.0,0.9864980884356366,0.0
learned,ppo_episodic,44,execution_friction,0,64,0.20564020912763734,0.1850195111222664,0.03711181098351512,0.0,34.42755914439135,0.0
learned,ppo_episodic,44,known_signal,0,64,0.7588021594684958,0.5637238334259134,9.270460703778884e-05,0.0,126.34398184427907,0.0
learned,ppo_episodic,44,no_signal,0,64,-0.003496531806893197,-0.0038249705490240463,0.03241004739455196,0.0,0.9862402685411159,0.0
learned,ppo_episodic,44,regime_recurrence,0,64,0.1983017180984719,0.1798540397855414,0.17340014194100614,0.0,103.41054777896227,0.0
learned,ppo_episodic,44,signal_reversal,0,64,-0.1626025579223138,-0.17840066658178563,0.3097028416293621,0.0,98.11159477255197,0.0
learned,ppo_episodic,44,source_conflict,0,64,0.5803723637624162,0.45622520115385373,0.011457241148944496,0.0,117.75265778866509,0.0
learned,ppo_episodic,44,volatility_shift,0,64,0.7590389989748387,0.5596182413658505,0.03999063444368424,0.0,126.2199496105555,0.0
learned,ppo_episodic,44,all,10,512,0.2182471801398584,0.159289445255711,0.10663195730072622,725.5042397078145,72.55042397078145,0.0
learned,ppo_episodic,44,delayed_cue,10,64,0.08627884379366807,0.01327946607385887,0.16924060516226708,9.858391214897633,0.9858391214897633,0.0
learned,ppo_episodic,44,execution_friction,10,64,0.16851526584359128,0.15371658389400822,0.03784320289293156,338.8453197688929,33.884531976889285,0.0
learned,ppo_episodic,44,known_signal,10,64,0.6008591378400235,0.4695995730518497,0.0014614609955949601,1200.5775439934725,120.05775439934725,0.0
learned,ppo_episodic,44,no_signal,10,64,-0.0044783527028508865,-0.00481098069930268,0.03250424307485175,9.856711601295363,0.9856711601295363,0.0
learned,ppo_episodic,44,regime_recurrence,10,64,0.09020665658858629,0.08534086519449083,0.19989097137249537,986.6146136604588,98.66146136604587,0.0
learned,ppo_episodic,44,signal_reversal,10,64,-0.23738714263987848,-0.27194536017047155,0.3518638872240427,938.04057956053,93.804057956053,0.0
learned,ppo_episodic,44,source_conflict,10,64,0.4403298235856898,0.3634023495867546,0.014101266823334749,1120.7056353628814,112.07056353628813,0.0
learned,ppo_episodic,44,volatility_shift,10,64,0.6016532088100376,0.46573306511450013,0.04615002086029161,1199.5351225000873,119.95351225000873,0.0
learned,ppo_episodic,44,all,25,512,0.10472038657514163,0.06511575736433442,0.12205171733304544,1693.1070303570727,67.72428121428291,0.0
learned,ppo_episodic,44,delayed_cue,25,64,0.08481345482667271,0.011821291997534806,0.16983182233264196,24.63068381929014,0.9852273527716057,0.0
learned,ppo_episodic,44,execution_friction,25,64,0.11517912580178188,0.10693179863372854,0.04011087105509878,827.8973228258205,33.11589291303282,0.0
learned,ppo_episodic,44,known_signal,25,64,0.3901705153780111,0.3283698540193493,0.005493704320419152,2784.506182319643,111.38024729278574,0.0
learned,ppo_episodic,44,no_signal,25,64,-0.00595116857922383,-0.006292050573932844,0.032699908159652485,24.627453192371206,0.9850981276948482,0.0
learned,ppo_episodic,44,regime_recurrence,25,64,-0.053802161563907144,-0.05636497574346614,0.23836953247300496,2301.6632876522103,92.06653150608841,0.0
learned,ppo_episodic,44,signal_reversal,25,64,-0.33714164406429675,-0.4122252000005844,0.4103099028598663,2195.632389418189,87.82529557672756,0.0
learned,ppo_episodic,44,source_conflict,25,64,0.25313111080883327,0.22403923226357053,0.021610491261056516,2604.5000636879577,104.1800025475183,0.0
learned,ppo_episodic,44,volatility_shift,25,64,0.39136385999326173,0.32464610831847557,0.0579875062026234,2781.3988599411,111.25595439764399,0.0
learned,ppo_episodic_hmm,42,all,0,512,0.3029090494494594,0.2220510620423606,0.09663180015234815,0.0,76.02987866204775,0.0
learned,ppo_episodic_hmm,42,delayed_cue,0,64,0.08721603589302225,0.014193306616269111,0.1688889790706833,0.0,0.9864980884356366,0.0
learned,ppo_episodic_hmm,42,execution_friction,0,64,0.20564020912763734,0.1850195111222664,0.03711181098351512,0.0,34.42755914439135,0.0
learned,ppo_episodic_hmm,42,known_signal,0,64,0.7588021594684958,0.5637238334259134,9.270460703778884e-05,0.0,126.34398184427907,0.0
learned,ppo_episodic_hmm,42,no_signal,0,64,-0.003496531806893197,-0.0038249705490240463,0.03241004739455196,0.0,0.9862402685411159,0.0
learned,ppo_episodic_hmm,42,regime_recurrence,0,64,0.1983017180984719,0.1798540397855414,0.17340014194100614,0.0,103.41054777896227,0.0
learned,ppo_episodic_hmm,42,signal_reversal,0,64,-0.1626025579223138,-0.17840066658178563,0.3097028416293621,0.0,98.11159477255197,0.0
learned,ppo_episodic_hmm,42,source_conflict,0,64,0.5803723637624162,0.45622520115385373,0.011457241148944496,0.0,117.75265778866509,0.0
learned,ppo_episodic_hmm,42,volatility_shift,0,64,0.7590389989748387,0.5596182413658505,0.03999063444368424,0.0,126.2199496105555,0.0
learned,ppo_episodic_hmm,42,all,10,512,0.2182471801398584,0.159289445255711,0.10663195730072622,725.5042397078145,72.55042397078145,0.0
learned,ppo_episodic_hmm,42,delayed_cue,10,64,0.08627884379366807,0.01327946607385887,0.16924060516226708,9.858391214897633,0.9858391214897633,0.0
learned,ppo_episodic_hmm,42,execution_friction,10,64,0.16851526584359128,0.15371658389400822,0.03784320289293156,338.8453197688929,33.884531976889285,0.0
learned,ppo_episodic_hmm,42,known_signal,10,64,0.6008591378400235,0.4695995730518497,0.0014614609955949601,1200.5775439934725,120.05775439934725,0.0
learned,ppo_episodic_hmm,42,no_signal,10,64,-0.0044783527028508865,-0.00481098069930268,0.03250424307485175,9.856711601295363,0.9856711601295363,0.0
learned,ppo_episodic_hmm,42,regime_recurrence,10,64,0.09020665658858629,0.08534086519449083,0.19989097137249537,986.6146136604588,98.66146136604587,0.0
learned,ppo_episodic_hmm,42,signal_reversal,10,64,-0.23738714263987848,-0.27194536017047155,0.3518638872240427,938.04057956053,93.804057956053,0.0
learned,ppo_episodic_hmm,42,source_conflict,10,64,0.4403298235856898,0.3634023495867546,0.014101266823334749,1120.7056353628814,112.07056353628813,0.0
learned,ppo_episodic_hmm,42,volatility_shift,10,64,0.6016532088100376,0.46573306511450013,0.04615002086029161,1199.5351225000873,119.95351225000873,0.0
learned,ppo_episodic_hmm,42,all,25,512,0.10472038657514163,0.06511575736433442,0.12205171733304544,1693.1070303570727,67.72428121428291,0.0
learned,ppo_episodic_hmm,42,delayed_cue,25,64,0.08481345482667271,0.011821291997534806,0.16983182233264196,24.63068381929014,0.9852273527716057,0.0
learned,ppo_episodic_hmm,42,execution_friction,25,64,0.11517912580178188,0.10693179863372854,0.04011087105509878,827.8973228258205,33.11589291303282,0.0
learned,ppo_episodic_hmm,42,known_signal,25,64,0.3901705153780111,0.3283698540193493,0.005493704320419152,2784.506182319643,111.38024729278574,0.0
learned,ppo_episodic_hmm,42,no_signal,25,64,-0.00595116857922383,-0.006292050573932844,0.032699908159652485,24.627453192371206,0.9850981276948482,0.0
learned,ppo_episodic_hmm,42,regime_recurrence,25,64,-0.053802161563907144,-0.05636497574346614,0.23836953247300496,2301.6632876522103,92.06653150608841,0.0
learned,ppo_episodic_hmm,42,signal_reversal,25,64,-0.33714164406429675,-0.4122252000005844,0.4103099028598663,2195.632389418189,87.82529557672756,0.0
learned,ppo_episodic_hmm,42,source_conflict,25,64,0.25313111080883327,0.22403923226357053,0.021610491261056516,2604.5000636879577,104.1800025475183,0.0
learned,ppo_episodic_hmm,42,volatility_shift,25,64,0.39136385999326173,0.32464610831847557,0.0579875062026234,2781.3988599411,111.25595439764399,0.0
learned,ppo_episodic_hmm,43,all,0,512,0.3029090494494594,0.2220510620423606,0.09663180015234815,0.0,76.02987866204775,0.0
learned,ppo_episodic_hmm,43,delayed_cue,0,64,0.08721603589302225,0.014193306616269111,0.1688889790706833,0.0,0.9864980884356366,0.0
learned,ppo_episodic_hmm,43,execution_friction,0,64,0.20564020912763734,0.1850195111222664,0.03711181098351512,0.0,34.42755914439135,0.0
learned,ppo_episodic_hmm,43,known_signal,0,64,0.7588021594684958,0.5637238334259134,9.270460703778884e-05,0.0,126.34398184427907,0.0
learned,ppo_episodic_hmm,43,no_signal,0,64,-0.003496531806893197,-0.0038249705490240463,0.03241004739455196,0.0,0.9862402685411159,0.0
learned,ppo_episodic_hmm,43,regime_recurrence,0,64,0.1983017180984719,0.1798540397855414,0.17340014194100614,0.0,103.41054777896227,0.0
learned,ppo_episodic_hmm,43,signal_reversal,0,64,-0.1626025579223138,-0.17840066658178563,0.3097028416293621,0.0,98.11159477255197,0.0
learned,ppo_episodic_hmm,43,source_conflict,0,64,0.5803723637624162,0.45622520115385373,0.011457241148944496,0.0,117.75265778866509,0.0
learned,ppo_episodic_hmm,43,volatility_shift,0,64,0.7590389989748387,0.5596182413658505,0.03999063444368424,0.0,126.2199496105555,0.0
learned,ppo_episodic_hmm,43,all,10,512,0.2182471801398584,0.159289445255711,0.10663195730072622,725.5042397078145,72.55042397078145,0.0
learned,ppo_episodic_hmm,43,delayed_cue,10,64,0.08627884379366807,0.01327946607385887,0.16924060516226708,9.858391214897633,0.9858391214897633,0.0
learned,ppo_episodic_hmm,43,execution_friction,10,64,0.16851526584359128,0.15371658389400822,0.03784320289293156,338.8453197688929,33.884531976889285,0.0
learned,ppo_episodic_hmm,43,known_signal,10,64,0.6008591378400235,0.4695995730518497,0.0014614609955949601,1200.5775439934725,120.05775439934725,0.0
learned,ppo_episodic_hmm,43,no_signal,10,64,-0.0044783527028508865,-0.00481098069930268,0.03250424307485175,9.856711601295363,0.9856711601295363,0.0
learned,ppo_episodic_hmm,43,regime_recurrence,10,64,0.09020665658858629,0.08534086519449083,0.19989097137249537,986.6146136604588,98.66146136604587,0.0
learned,ppo_episodic_hmm,43,signal_reversal,10,64,-0.23738714263987848,-0.27194536017047155,0.3518638872240427,938.04057956053,93.804057956053,0.0
learned,ppo_episodic_hmm,43,source_conflict,10,64,0.4403298235856898,0.3634023495867546,0.014101266823334749,1120.7056353628814,112.07056353628813,0.0
learned,ppo_episodic_hmm,43,volatility_shift,10,64,0.6016532088100376,0.46573306511450013,0.04615002086029161,1199.5351225000873,119.95351225000873,0.0
learned,ppo_episodic_hmm,43,all,25,512,0.10472038657514163,0.06511575736433442,0.12205171733304544,1693.1070303570727,67.72428121428291,0.0
learned,ppo_episodic_hmm,43,delayed_cue,25,64,0.08481345482667271,0.011821291997534806,0.16983182233264196,24.63068381929014,0.9852273527716057,0.0
learned,ppo_episodic_hmm,43,execution_friction,25,64,0.11517912580178188,0.10693179863372854,0.04011087105509878,827.8973228258205,33.11589291303282,0.0
learned,ppo_episodic_hmm,43,known_signal,25,64,0.3901705153780111,0.3283698540193493,0.005493704320419152,2784.506182319643,111.38024729278574,0.0
learned,ppo_episodic_hmm,43,no_signal,25,64,-0.00595116857922383,-0.006292050573932844,0.032699908159652485,24.627453192371206,0.9850981276948482,0.0
learned,ppo_episodic_hmm,43,regime_recurrence,25,64,-0.053802161563907144,-0.05636497574346614,0.23836953247300496,2301.6632876522103,92.06653150608841,0.0
learned,ppo_episodic_hmm,43,signal_reversal,25,64,-0.33714164406429675,-0.4122252000005844,0.4103099028598663,2195.632389418189,87.82529557672756,0.0
learned,ppo_episodic_hmm,43,source_conflict,25,64,0.25313111080883327,0.22403923226357053,0.021610491261056516,2604.5000636879577,104.1800025475183,0.0
learned,ppo_episodic_hmm,43,volatility_shift,25,64,0.39136385999326173,0.32464610831847557,0.0579875062026234,2781.3988599411,111.25595439764399,0.0
learned,ppo_episodic_hmm,44,all,0,512,0.3029241798766138,0.22206062597755363,0.09663200508250576,0.0,76.02694554053427,0.0
learned,ppo_episodic_hmm,44,delayed_cue,0,64,0.08721603589302225,0.014193306616269111,0.1688889790706833,0.0,0.9864980884356366,0.0
learned,ppo_episodic_hmm,44,execution_friction,0,64,0.20564020912763734,0.1850195111222664,0.03711181098351512,0.0,34.42755914439135,0.0
learned,ppo_episodic_hmm,44,known_signal,0,64,0.7588021594684958,0.5637238334259134,9.270460703778884e-05,0.0,126.34398184427907,0.0
learned,ppo_episodic_hmm,44,no_signal,0,64,-0.003496531806893197,-0.0038249705490240463,0.03241004739455196,0.0,0.9862402685411159,0.0
learned,ppo_episodic_hmm,44,regime_recurrence,0,64,0.1983017180984719,0.1798540397855414,0.17340014194100614,0.0,103.41054777896227,0.0
learned,ppo_episodic_hmm,44,signal_reversal,0,64,-0.1626025579223138,-0.17840066658178563,0.3097028416293621,0.0,98.11159477255197,0.0
learned,ppo_episodic_hmm,44,source_conflict,0,64,0.5804934071796515,0.4563017126353979,0.011458880590205434,0.0,117.72919281655726,0.0
learned,ppo_episodic_hmm,44,volatility_shift,0,64,0.7590389989748387,0.5596182413658505,0.03999063444368424,0.0,126.2199496105555,0.0
learned,ppo_episodic_hmm,44,all,10,512,0.21826475108761503,0.15930158435877897,0.10663180863368472,725.4762253371633,72.54762253371634,0.0
learned,ppo_episodic_hmm,44,delayed_cue,10,64,0.08627884379366807,0.01327946607385887,0.16924060516226708,9.858391214897633,0.9858391214897633,0.0
learned,ppo_episodic_hmm,44,execution_friction,10,64,0.16851526584359128,0.15371658389400822,0.03784320289293156,338.8453197688929,33.884531976889285,0.0
learned,ppo_episodic_hmm,44,known_signal,10,64,0.6008591378400235,0.4695995730518497,0.0014614609955949601,1200.5775439934725,120.05775439934725,0.0
learned,ppo_episodic_hmm,44,no_signal,10,64,-0.0044783527028508865,-0.00481098069930268,0.03250424307485175,9.856711601295363,0.9856711601295363,0.0
learned,ppo_episodic_hmm,44,regime_recurrence,10,64,0.09020665658858629,0.08534086519449083,0.19989097137249537,986.6146136604588,98.66146136604587,0.0
learned,ppo_episodic_hmm,44,signal_reversal,10,64,-0.23738714263987848,-0.27194536017047155,0.3518638872240427,938.04057956053,93.804057956053,0.0
learned,ppo_episodic_hmm,44,source_conflict,10,64,0.44047039116774295,0.3634994624112983,0.014100077487002696,1120.4815203976725,112.04815203976725,0.0
learned,ppo_episodic_hmm,44,volatility_shift,10,64,0.6016532088100376,0.46573306511450013,0.04615002086029161,1199.5351225000873,119.95351225000873,0.0
learned,ppo_episodic_hmm,44,all,25,512,0.10474582105087968,0.0651358454474645,0.12205170883179288,1693.0566864741343,67.72226745896538,0.0
learned,ppo_episodic_hmm,44,delayed_cue,25,64,0.08481345482667271,0.011821291997534806,0.16983182233264196,24.63068381929014,0.9852273527716057,0.0
learned,ppo_episodic_hmm,44,execution_friction,25,64,0.11517912580178188,0.10693179863372854,0.04011087105509878,827.8973228258205,33.11589291303282,0.0
learned,ppo_episodic_hmm,44,known_signal,25,64,0.3901705153780111,0.3283698540193493,0.005493704320419152,2784.506182319643,111.38024729278574,0.0
learned,ppo_episodic_hmm,44,no_signal,25,64,-0.00595116857922383,-0.006292050573932844,0.032699908159652485,24.627453192371206,0.9850981276948482,0.0
learned,ppo_episodic_hmm,44,regime_recurrence,25,64,-0.053802161563907144,-0.05636497574346614,0.23836953247300496,2301.6632876522103,92.06653150608841,0.0
learned,ppo_episodic_hmm,44,signal_reversal,25,64,-0.33714164406429675,-0.4122252000005844,0.4103099028598663,2195.632389418189,87.82529557672756,0.0
learned,ppo_episodic_hmm,44,source_conflict,25,64,0.2533345866147377,0.22419993692861112,0.02161042325103594,2604.0973126244508,104.16389250497802,0.0
learned,ppo_episodic_hmm,44,volatility_shift,25,64,0.39136385999326173,0.32464610831847557,0.0579875062026234,2781.3988599411,111.25595439764399,0.0
learned,ppo_gru,42,all,0,512,0.03747431693251569,0.03495849235275679,0.025283652333865075,0.0,11.158382999350318,0.0
learned,ppo_gru,42,delayed_cue,0,64,0.012600655055972774,0.008081716778229473,0.04645306814782116,0.0,0.2756757799634824,0.0
learned,ppo_gru,42,execution_friction,0,64,0.036680330732019484,0.03590259465940343,0.012430465550618306,0.0,6.177320920407508,0.0
learned,ppo_gru,42,known_signal,0,64,0.11662573588739986,0.1102665787584829,0.002469302974054172,0.0,19.933058198917617,0.0
learned,ppo_gru,42,no_signal,0,64,-0.000837722710514844,-0.0008555608898739636,0.007646398364774258,0.0,0.23265577203784213,0.0
learned,ppo_gru,42,regime_recurrence,0,64,0.04035624352026349,0.03950413417732194,0.03374988923949658,0.0,18.328052542816547,0.0
learned,ppo_gru,42,signal_reversal,0,64,-0.02686108441110505,-0.027277574884264775,0.06329640578865377,0.0,17.191674263733848,0.0
learned,ppo_gru,42,source_conflict,0,64,0.0020526337909558823,0.0018442332218733162,0.022312758181722063,0.0,7.037578622614358,0.0
learned,ppo_gru,42,volatility_shift,0,64,0.11917774359513394,0.112201817000882,0.013910930423780311,0.0,20.09104789431134,0.0
learned,ppo_gru,42,all,10,512,0.026125898840366122,0.02413514823129879,0.0278194230975874,110.4965417536534,11.04965417536534,0.0
learned,ppo_gru,42,delayed_cue,10,64,0.01233587431134914,0.007816307580128436,0.046590694291176585,2.7566489581229376,0.27566489581229375,0.0
learned,ppo_gru,42,execution_friction,10,64,0.030387181413221588,0.029811771170886073,0.012482632082228865,61.524665067189744,6.152466506718974,0.0
learned,ppo_gru,42,known_signal,10,64,0.09573267291699425,0.09137656685423497,0.002584441125756216,197.4471295277933,19.744712952779327,0.0
learned,ppo_gru,42,no_signal,10,64,-0.0010802609345983288,-0.0010983047421033963,0.0076717379731363194,2.323766924855912,0.2323766924855912,0.0
learned,ppo_gru,42,regime_recurrence,10,64,0.021824251856561422,0.021529071917225452,0.039213112027714346,181.19784484234185,18.119784484234184,0.0
learned,ppo_gru,42,signal_reversal,10,64,-0.04335137566139659,-0.04436553850863937,0.07350515432275478,170.06492584798966,17.006492584798966,0.0
learned,ppo_gru,42,source_conflict,10,64,-0.004931115226452273,-0.005157494833152486,0.02530776687983459,70.11059116959076,7.011059116959077,0.0
learned,ppo_gru,42,volatility_shift,10,64,0.09808996204724976,0.09316880641181065,0.015199846078097486,198.54676169134308,19.854676169134304,0.0
learned,ppo_gru,42,all,25,512,0.00944933103901215,0.007902761989064746,0.03191109186174423,272.1838909216288,10.88735563686515,0.0
learned,ppo_gru,42,delayed_cue,25,64,0.011934811338168103,0.007414897245205355,0.046792066661902554,6.891033666561401,0.27564134666245604,0.0
learned,ppo_gru,42,execution_friction,25,64,0.020952859912025765,0.02060920326218314,0.012688930288362247,152.57819098335702,6.1031276393342795,0.0
learned,ppo_gru,42,known_signal,25,64,0.0651496676958293,0.06306148797400925,0.0030208166969853886,485.6589421406428,19.42635768562571,0.0
learned,ppo_gru,42,no_signal,25,64,-0.0014285147423846786,-0.0014470638385480742,0.00771986017128347,5.798951895240345,0.23195807580961378,0.0
learned,ppo_gru,42,regime_recurrence,25,64,-0.005430770129309287,-0.005509906579784247,0.047531414453439974,445.5761434774278,17.82304573909711,0.0
learned,ppo_gru,42,signal_reversal,25,64,-0.0672203949714474,-0.06963619876001075,0.08862395607341046,419.4400427493016,16.777601709972064,0.0
learned,ppo_gru,42,source_conflict,25,64,-0.01527931722198541,-0.015621780887598132,0.03077320633555771,174.12260403234785,6.964904161293913,0.0
learned,ppo_gru,42,volatility_shift,25,64,0.0669163064312008,0.0643514574970614,0.01813848421301202,487.4052184281514,19.496208737126057,0.0
learned,ppo_gru,43,all,0,512,0.0022499725721197147,-0.001110372164373639,0.05654154393894417,0.0,0.5207354017032717,0.0
learned,ppo_gru,43,delayed_cue,0,64,0.03138180065111848,0.012777104889005833,0.09108741841376784,0.0,0.5587746629131318,0.0
learned,ppo_gru,43,execution_friction,0,64,-6.107466332922265e-05,-0.0011662116038828499,0.05130331170112787,0.0,0.4958934690274491,0.0
learned,ppo_gru,43,known_signal,0,64,-0.0020060963227757408,-0.002842027598386335,0.049296150366510416,0.0,0.4992584211491034,0.0
learned,ppo_gru,43,no_signal,0,64,-0.0017496964548510668,-0.0018289416146202969,0.016080752670055227,0.0,0.48649309912332356,0.0
learned,ppo_gru,43,regime_recurrence,0,64,-0.00638597061268841,-0.00730427422116654,0.0522087526961151,0.0,0.5010447493321871,0.0
learned,ppo_gru,43,signal_reversal,0,64,0.008339060721631809,0.007355395595533134,0.0478023590483525,0.0,0.49878044231190605,0.0
learned,ppo_gru,43,source_conflict,0,64,0.00499339819902973,0.0039042864212494375,0.049265200380428906,0.0,0.4992024449337296,0.0
learned,ppo_gru,43,volatility_shift,0,64,-0.01651164094117786,-0.019778309182721495,0.09528840623519554,0.0,0.6264359248353427,0.0
learned,ppo_gru,43,all,10,512,0.0017349294017683767,-0.0016262497082331628,0.05661979637871143,5.204451849219485,0.5204451849219485,0.0
learned,ppo_gru,43,delayed_cue,10,64,0.030837175814706352,0.012240622351448672,0.09131511732594513,5.5903190203430535,0.5590319020343053,0.0
learned,ppo_gru,43,execution_friction,10,64,-0.000549807517137282,-0.0016564017203597424,0.05136063066746413,4.958863155656914,0.4958863155656914,0.0
learned,ppo_gru,43,known_signal,10,64,-0.0024942217115250173,-0.0033321069426607932,0.04933084264719827,4.988514651846058,0.4988514651846058,0.0
learned,ppo_gru,43,no_signal,10,64,-0.002238540852250486,-0.0023188438314312165,0.016124966249011136,4.860744505251035,0.4860744505251035,0.0
learned,ppo_gru,43,regime_recurrence,10,64,-0.0068852508726445025,-0.007808118777332063,0.052266921684298126,5.006129663334301,0.50061296633343,0.0
learned,ppo_gru,43,signal_reversal,10,64,0.007827684217693429,0.006847967667220779,0.04783902833954277,4.9833709261837065,0.4983370926183706,0.0
learned,ppo_gru,43,source_conflict,10,64,0.0045000982392735134,0.0034124709992604295,0.049336793166966667,4.990541944125092,0.4990541944125092,0.0
learned,ppo_gru,43,volatility_shift,10,64,-0.01711770210396899,-0.020395587412011366,0.09538407094926521,6.257130927015714,0.6257130927015714,0.0
learned,ppo_gru,43,all,25,512,0.0009518503759751986,-0.002410667972328109,0.05673492356889496,13.00009324351354,0.5200037297405417,0.0
learned,ppo_gru,43,delayed_cue,25,64,0.030025740037842245,0.011438122944299727,0.09166666801809957,13.982428232468582,0.5592971292987433,0.0
learned,ppo_gru,43,execution_friction,25,64,-0.0012967044606727075,-0.002403131960888957,0.05141711524043072,12.383034381590525,0.495321375263621,0.0
learned,ppo_gru,43,known_signal,25,64,-0.0032552326327227755,-0.004095624006154847,0.049398758341254914,12.46050478770119,0.49842019150804756,0.0
learned,ppo_gru,43,no_signal,25,64,-0.0029652325816883554,-0.0030475848111019546,0.016216090942990175,12.141148806608667,0.4856459522643467,0.0
learned,ppo_gru,43,regime_recurrence,25,64,-0.007644504559254533,-0.00857309062550404,0.05233412468576514,12.504586882121263,0.5001834752848505,0.0
learned,ppo_gru,43,signal_reversal,25,64,0.007065892098140866,0.006093092021622703,0.047882169677876396,12.454837002382261,0.4981934800952904,0.0
learned,ppo_gru,43,source_conflict,25,64,0.0037276564390257873,0.0026438966402069727,0.04945073938251945,12.46081036545794,0.49843241461831755,0.0
learned,ppo_gru,43,volatility_shift,25,64,-0.01804281133286894,-0.02134102398110448,0.09551372226222328,15.613395489777897,0.6245358195911159,0.0
learned,ppo_gru,44,all,0,512,0.20779902818371124,0.16157158324364113,0.08887031718098304,0.0,52.85738688679862,0.0
learned,ppo_gru,44,delayed_cue,0,64,0.08721603589302225,0.014193306616269111,0.1688889790706833,0.0,0.9864980884356366,0.0
learned,ppo_gru,44,execution_friction,0,64,0.14624883710074088,0.13423041336036198,0.04938898506732854,0.0,24.726455521746985,0.0
learned,ppo_gru,44,known_signal,0,64,0.5101388763435882,0.41083173785555954,0.011466113660011176,0.0,85.41357715809832,0.0
learned,ppo_gru,44,no_signal,0,64,-0.003496531806893197,-0.0038249705490240463,0.03241004739455196,0.0,0.9862402685411159,0.0
learned,ppo_gru,44,regime_recurrence,0,64,0.13766964679027222,0.12743870831252127,0.136167515426952,0.0,73.61283609392729,0.0
learned,ppo_gru,44,signal_reversal,0,64,-0.11621540412614222,-0.12502763726407104,0.2379508112473158,0.0,70.94279007630388,0.0
learned,ppo_gru,44,source_conflict,0,64,0.40117491308606246,0.3353947563402818,0.01869105925651404,0.0,80.98236750870664,0.0
learned,ppo_gru,44,volatility_shift,0,64,0.4996558521890393,0.3993363512772303,0.055999026324507546,0.0,85.20833037862914,0.0
learned,ppo_gru,44,all,10,512,0.15069539466598642,0.11535122074375523,0.09705519719414298,510.47684891305454,51.04768489130546,0.0
learned,ppo_gru,44,delayed_cue,10,64,0.08627884379366807,0.01327946607385887,0.16924060516226708,9.858391214897633,0.9858391214897633,0.0
learned,ppo_gru,44,execution_friction,10,64,0.12007031362508852,0.11109947764276873,0.04982763851341686,244.24164946112936,24.424164946112935,0.0
learned,ppo_gru,44,known_signal,10,64,0.4087980368788346,0.3413431087867355,0.012934771350112718,822.3352730306219,82.23352730306217,0.0
learned,ppo_gru,44,no_signal,10,64,-0.0044783527028508865,-0.00481098069930268,0.03250424307485175,9.856711601295363,0.9856711601295363,0.0
learned,ppo_gru,44,regime_recurrence,10,64,0.061494862326143686,0.058153874331635214,0.1563594153960883,710.6727429908899,71.067274299089,0.0
learned,ppo_gru,44,signal_reversal,10,64,-0.1744648771109465,-0.19320684154029907,0.27154219140329255,685.7226107651845,68.57226107651846,0.0
learned,ppo_gru,44,source_conflict,10,64,0.3086830592576152,0.26707973711153843,0.02188676607287973,780.7359898652456,78.07359898652454,0.0
learned,ppo_gru,44,volatility_shift,10,64,0.39918127126033864,0.3298719242431069,0.062145946580234805,820.3914223751724,82.03914223751724,0.0
learned,ppo_gru,44,all,25,512,0.07211840882063361,0.04631618094536784,0.11005719544600118,1212.0273982817885,48.48109593127153,0.0
learned,ppo_gru,44,delayed_cue,25,64,0.08481345482667271,0.011821291997534806,0.16983182233264196,24.63068381929014,0.9852273527716057,0.0
learned,ppo_gru,44,execution_friction,25,64,0.08213068939514272,0.07658384829067781,0.0509461558474106,600.60567512425,24.024227004969998,0.0
learned,ppo_gru,44,known_signal,25,64,0.2699463033686395,0.23750490317403014,0.017586247981583196,1944.5579045828804,77.78231618331523,0.0
learned,ppo_gru,44,no_signal,25,64,-0.00595116857922383,-0.006292050573932844,0.032699908159652485,24.627453192371206,0.9850981276948482,0.0
learned,ppo_gru,44,regime_recurrence,25,64,-0.04281261017925325,-0.04529448352083781,0.1866666161645227,1683.02682912024,67.3210731648096,0.0
learned,ppo_gru,44,signal_reversal,25,64,-0.2538945630851057,-0.29440863785113475,0.319153786391231,1629.6641216219375,65.18656486487751,0.0
learned,ppo_gru,44,source_conflict,25,64,0.18161823394216908,0.16485755319895712,0.030025039184036276,1849.888314732695,73.99553258930781,0.0
learned,ppo_gru,44,volatility_shift,25,64,0.26109693087602764,0.2257570228476482,0.07354798750693121,1939.2182040606422,77.5687281624257,0.0
learned,ppo_hmm,42,all,0,512,0.21041189818625322,0.16689437682306157,0.07451748293692134,0.0,53.9404711961807,0.0
learned,ppo_hmm,42,delayed_cue,0,64,0.05765106208986549,0.015737691336956065,0.13180795791386685,0.0,0.7890793898947728,0.0
learned,ppo_hmm,42,execution_friction,0,64,0.14974866748272056,0.13843131895871416,0.028061713317621854,0.0,25.06611048420818,0.0
learned,ppo_hmm,42,known_signal,0,64,0.5244727248049724,0.42113551665648286,6.879140563672767e-05,0.0,87.3433234644194,0.0
learned,ppo_hmm,42,no_signal,0,64,-0.002618032848342954,-0.0028013351288500017,0.02427400278999528,0.0,0.7361305651100717,0.0
learned,ppo_hmm,42,regime_recurrence,0,64,0.14493068709458407,0.13476122520564496,0.13228558347567201,0.0,75.39273627033279,0.0
learned,ppo_hmm,42,signal_reversal,0,64,-0.12340517377407902,-0.1322390072476175,0.2411980046149727,0.0,72.28656179752448,0.0
learned,ppo_hmm,42,source_conflict,0,64,0.4073493406956848,0.3409101232494676,0.00855491785058869,0.0,82.64236835888177,0.0
learned,ppo_hmm,42,volatility_shift,0,64,0.5251659099446204,0.4192194815536944,0.029888892127016644,0.0,87.26745923907414,0.0
learned,ppo_hmm,42,all,10,512,0.15212219658114506,0.12000106401597868,0.08252664500938806,520.9721889357844,52.09721889357844,0.0
learned,ppo_hmm,42,delayed_cue,10,64,0.05688571026798848,0.014989520032599318,0.13211757282553002,7.886480230544632,0.7886480230544631,0.0
learned,ppo_hmm,42,execution_friction,10,64,0.12327903619108674,0.11512516463985649,0.028575717092934255,247.78475094635596,24.778475094635596,0.0
learned,ppo_hmm,42,known_signal,10,64,0.4209569715898499,0.3508039493288668,0.0010931504006999812,841.391955936897,84.13919559368968,0.0
learned,ppo_hmm,42,no_signal,10,64,-0.0033452663593482018,-0.003530913485173891,0.024344236369935192,7.3598670596590425,0.7359867059659042,0.0
learned,ppo_hmm,42,regime_recurrence,10,64,0.06701321848091428,0.06429130882205582,0.15300818351963785,727.6016296161342,72.76016296161343,0.0
learned,ppo_hmm,42,signal_reversal,10,64,-0.1824912291469981,-0.20202023820199533,0.2759823133382656,698.5786860297706,69.85786860297705,0.0
learned,ppo_hmm,42,source_conflict,10,64,0.31299668040602946,0.2714900767714943,0.010523085628914266,796.5502184187806,79.65502184187805,0.0
learned,ppo_hmm,42,volatility_shift,10,64,0.421682451219638,0.348859644220126,0.03456890089918729,840.6239232481338,84.06239232481339,0.0
learned,ppo_hmm,42,all,25,512,0.0718307120908697,0.04975542433417352,0.0949594426416888,1237.3174577076065,49.49269830830426,0.0
learned,ppo_hmm,42,delayed_cue,25,64,0.05574703737062786,0.013878892335245429,0.13255585522265295,19.72192675253322,0.7888770701013289,0.0
learned,ppo_hmm,42,execution_friction,25,64,0.0847469261437683,0.08018139833347271,0.030320468644651353,609.093337474612,24.36373349898448,0.0
learned,ppo_hmm,42,known_signal,25,64,0.2787427117259534,0.24528659866004848,0.004101352129233862,1989.6251783116295,79.58500713246517,0.0
learned,ppo_hmm,42,no_signal,25,64,-0.004444944744532792,-0.004634937521194621,0.02448093503098033,18.385303271661158,0.7354121308664463,0.0
learned,ppo_hmm,42,regime_recurrence,25,64,-0.03988560492756042,-0.04129592563524941,0.18339220995151795,1726.0697024798876,69.04278809919549,0.0
learned,ppo_hmm,42,signal_reversal,25,64,-0.26352018004751926,-0.3064522901189584,0.32509201118375897,1660.6515575762955,66.42606230305182,0.0
learned,ppo_hmm,42,source_conflict,25,64,0.18342000109671555,0.1675155753249083,0.016142872319911062,1887.0979104010987,75.48391641604397,0.0
learned,ppo_hmm,42,volatility_shift,25,64,0.279839750109505,0.24356408329511572,0.04358983665080397,1987.894745393134,79.51578981572537,0.0
learned,ppo_hmm,43,all,0,512,0.3025350853138646,0.22193537532012525,0.09643433790003846,0.0,76.02982127943768,0.0
learned,ppo_hmm,43,delayed_cue,0,64,0.08439452658947236,0.013433632101298103,0.1673794109983467,0.0,0.9857421271602351,0.0
learned,ppo_hmm,43,execution_friction,0,64,0.20564020912763734,0.1850195111222664,0.03711181098351512,0.0,34.42755914439135,0.0
learned,ppo_hmm,43,known_signal,0,64,0.7588021594684958,0.5637238334259134,9.270460703778884e-05,0.0,126.34398184427907,0.0
learned,ppo_hmm,43,no_signal,0,64,-0.003666735588101929,-0.003990789811935836,0.032339917448411054,0.0,0.9865371689359347,0.0
learned,ppo_hmm,43,regime_recurrence,0,64,0.1983017180984719,0.1798540397855414,0.17340014194100614,0.0,103.41054777896227,0.0
learned,ppo_hmm,43,signal_reversal,0,64,-0.1626025579223138,-0.17840066658178563,0.3097028416293621,0.0,98.11159477255197,0.0
learned,ppo_hmm,43,source_conflict,0,64,0.5803723637624162,0.45622520115385373,0.011457241148944496,0.0,117.75265778866509,0.0
learned,ppo_hmm,43,volatility_shift,0,64,0.7590389989748387,0.5596182413658505,0.03999063444368424,0.0,126.2199496105555,0.0
learned,ppo_hmm,43,all,10,512,0.21788761814346477,0.1591867955716643,0.10643173067981274,725.5036662094714,72.55036662094713,0.0
learned,ppo_hmm,43,delayed_cue,10,64,0.08356778886836111,0.012619742638080009,0.16769931546450942,9.850803111773853,0.9850803111773853,0.0
learned,ppo_hmm,43,execution_friction,10,64,0.16851526584359128,0.15371658389400822,0.03784320289293156,338.8453197688929,33.884531976889285,0.0
learned,ppo_hmm,43,known_signal,10,64,0.6008591378400235,0.4695995730518497,0.0014614609955949601,1200.5775439934725,120.05775439934725,0.0
learned,ppo_hmm,43,no_signal,10,64,-0.004643793748692962,-0.004972454735897549,0.032443719805301516,9.85971171767392,0.9859711717673919,0.0
learned,ppo_hmm,43,regime_recurrence,10,64,0.09020665658858629,0.08534086519449083,0.19989097137249537,986.6146136604588,98.66146136604587,0.0
learned,ppo_hmm,43,signal_reversal,10,64,-0.23738714263987848,-0.27194536017047155,0.3518638872240427,938.04057956053,93.804057956053,0.0
learned,ppo_hmm,43,source_conflict,10,64,0.4403298235856898,0.3634023495867546,0.014101266823334749,1120.7056353628814,112.07056353628813,0.0
learned,ppo_hmm,43,volatility_shift,10,64,0.6016532088100376,0.46573306511450013,0.04615002086029161,1199.5351225000873,119.95351225000873,0.0
learned,ppo_hmm,43,all,25,512,0.10437650423965955,0.06502463176923921,0.12184629875723288,1693.1027169071676,67.7241086762867,0.0
learned,ppo_hmm,43,delayed_cue,25,64,0.08222900520683102,0.01125476796643448,0.16827952079114764,24.599245827736176,0.9839698331094471,0.0
learned,ppo_hmm,43,execution_friction,25,64,0.11517912580178188,0.10693179863372854,0.04011087105509878,827.8973228258205,33.11589291303282,0.0
learned,ppo_hmm,43,known_signal,25,64,0.3901705153780111,0.3283698540193493,0.005493704320419152,2784.506182319643,111.38024729278574,0.0
learned,ppo_hmm,43,no_signal,25,64,-0.0061177776432388125,-0.006454531303594228,0.03260886109464631,24.624383584684313,0.9849753433873725,0.0
learned,ppo_hmm,43,regime_recurrence,25,64,-0.053802161563907144,-0.05636497574346614,0.23836953247300496,2301.6632876522103,92.06653150608841,0.0
learned,ppo_hmm,43,signal_reversal,25,64,-0.33714164406429675,-0.4122252000005844,0.4103099028598663,2195.632389418189,87.82529557672756,0.0
learned,ppo_hmm,43,source_conflict,25,64,0.25313111080883327,0.22403923226357053,0.021610491261056516,2604.5000636879577,104.1800025475183,0.0
learned,ppo_hmm,43,volatility_shift,25,64,0.39136385999326173,0.32464610831847557,0.0579875062026234,2781.3988599411,111.25595439764399,0.0
learned,ppo_hmm,44,all,0,512,0.3029090494494594,0.2220510620423606,0.09663180015234815,0.0,76.02987866204775,0.0
learned,ppo_hmm,44,delayed_cue,0,64,0.08721603589302225,0.014193306616269111,0.1688889790706833,0.0,0.9864980884356366,0.0
learned,ppo_hmm,44,execution_friction,0,64,0.20564020912763734,0.1850195111222664,0.03711181098351512,0.0,34.42755914439135,0.0
learned,ppo_hmm,44,known_signal,0,64,0.7588021594684958,0.5637238334259134,9.270460703778884e-05,0.0,126.34398184427907,0.0
learned,ppo_hmm,44,no_signal,0,64,-0.003496531806893197,-0.0038249705490240463,0.03241004739455196,0.0,0.9862402685411159,0.0
learned,ppo_hmm,44,regime_recurrence,0,64,0.1983017180984719,0.1798540397855414,0.17340014194100614,0.0,103.41054777896227,0.0
learned,ppo_hmm,44,signal_reversal,0,64,-0.1626025579223138,-0.17840066658178563,0.3097028416293621,0.0,98.11159477255197,0.0
learned,ppo_hmm,44,source_conflict,0,64,0.5803723637624162,0.45622520115385373,0.011457241148944496,0.0,117.75265778866509,0.0
learned,ppo_hmm,44,volatility_shift,0,64,0.7590389989748387,0.5596182413658505,0.03999063444368424,0.0,126.2199496105555,0.0
learned,ppo_hmm,44,all,10,512,0.2182471801398584,0.159289445255711,0.10663195730072622,725.5042397078145,72.55042397078145,0.0
learned,ppo_hmm,44,delayed_cue,10,64,0.08627884379366807,0.01327946607385887,0.16924060516226708,9.858391214897633,0.9858391214897633,0.0
learned,ppo_hmm,44,execution_friction,10,64,0.16851526584359128,0.15371658389400822,0.03784320289293156,338.8453197688929,33.884531976889285,0.0
learned,ppo_hmm,44,known_signal,10,64,0.6008591378400235,0.4695995730518497,0.0014614609955949601,1200.5775439934725,120.05775439934725,0.0
learned,ppo_hmm,44,no_signal,10,64,-0.0044783527028508865,-0.00481098069930268,0.03250424307485175,9.856711601295363,0.9856711601295363,0.0
learned,ppo_hmm,44,regime_recurrence,10,64,0.09020665658858629,0.08534086519449083,0.19989097137249537,986.6146136604588,98.66146136604587,0.0
learned,ppo_hmm,44,signal_reversal,10,64,-0.23738714263987848,-0.27194536017047155,0.3518638872240427,938.04057956053,93.804057956053,0.0
learned,ppo_hmm,44,source_conflict,10,64,0.4403298235856898,0.3634023495867546,0.014101266823334749,1120.7056353628814,112.07056353628813,0.0
learned,ppo_hmm,44,volatility_shift,10,64,0.6016532088100376,0.46573306511450013,0.04615002086029161,1199.5351225000873,119.95351225000873,0.0
learned,ppo_hmm,44,all,25,512,0.10472038657514163,0.06511575736433442,0.12205171733304544,1693.1070303570727,67.72428121428291,0.0
learned,ppo_hmm,44,delayed_cue,25,64,0.08481345482667271,0.011821291997534806,0.16983182233264196,24.63068381929014,0.9852273527716057,0.0
learned,ppo_hmm,44,execution_friction,25,64,0.11517912580178188,0.10693179863372854,0.04011087105509878,827.8973228258205,33.11589291303282,0.0
learned,ppo_hmm,44,known_signal,25,64,0.3901705153780111,0.3283698540193493,0.005493704320419152,2784.506182319643,111.38024729278574,0.0
learned,ppo_hmm,44,no_signal,25,64,-0.00595116857922383,-0.006292050573932844,0.032699908159652485,24.627453192371206,0.9850981276948482,0.0
learned,ppo_hmm,44,regime_recurrence,25,64,-0.053802161563907144,-0.05636497574346614,0.23836953247300496,2301.6632876522103,92.06653150608841,0.0
learned,ppo_hmm,44,signal_reversal,25,64,-0.33714164406429675,-0.4122252000005844,0.4103099028598663,2195.632389418189,87.82529557672756,0.0
learned,ppo_hmm,44,source_conflict,25,64,0.25313111080883327,0.22403923226357053,0.021610491261056516,2604.5000636879577,104.1800025475183,0.0
learned,ppo_hmm,44,volatility_shift,25,64,0.39136385999326173,0.32464610831847557,0.0579875062026234,2781.3988599411,111.25595439764399,0.0
learned,ppo_recent_aux,42,all,0,512,0.3029090494494594,0.2220510620423606,0.09663180015234815,0.0,76.02987866204775,0.0
learned,ppo_recent_aux,42,delayed_cue,0,64,0.08721603589302225,0.014193306616269111,0.1688889790706833,0.0,0.9864980884356366,0.0
learned,ppo_recent_aux,42,execution_friction,0,64,0.20564020912763734,0.1850195111222664,0.03711181098351512,0.0,34.42755914439135,0.0
learned,ppo_recent_aux,42,known_signal,0,64,0.7588021594684958,0.5637238334259134,9.270460703778884e-05,0.0,126.34398184427907,0.0
learned,ppo_recent_aux,42,no_signal,0,64,-0.003496531806893197,-0.0038249705490240463,0.03241004739455196,0.0,0.9862402685411159,0.0
learned,ppo_recent_aux,42,regime_recurrence,0,64,0.1983017180984719,0.1798540397855414,0.17340014194100614,0.0,103.41054777896227,0.0
learned,ppo_recent_aux,42,signal_reversal,0,64,-0.1626025579223138,-0.17840066658178563,0.3097028416293621,0.0,98.11159477255197,0.0
learned,ppo_recent_aux,42,source_conflict,0,64,0.5803723637624162,0.45622520115385373,0.011457241148944496,0.0,117.75265778866509,0.0
learned,ppo_recent_aux,42,volatility_shift,0,64,0.7590389989748387,0.5596182413658505,0.03999063444368424,0.0,126.2199496105555,0.0
learned,ppo_recent_aux,42,all,10,512,0.2182471801398584,0.159289445255711,0.10663195730072622,725.5042397078145,72.55042397078145,0.0
learned,ppo_recent_aux,42,delayed_cue,10,64,0.08627884379366807,0.01327946607385887,0.16924060516226708,9.858391214897633,0.9858391214897633,0.0
learned,ppo_recent_aux,42,execution_friction,10,64,0.16851526584359128,0.15371658389400822,0.03784320289293156,338.8453197688929,33.884531976889285,0.0
learned,ppo_recent_aux,42,known_signal,10,64,0.6008591378400235,0.4695995730518497,0.0014614609955949601,1200.5775439934725,120.05775439934725,0.0
learned,ppo_recent_aux,42,no_signal,10,64,-0.0044783527028508865,-0.00481098069930268,0.03250424307485175,9.856711601295363,0.9856711601295363,0.0
learned,ppo_recent_aux,42,regime_recurrence,10,64,0.09020665658858629,0.08534086519449083,0.19989097137249537,986.6146136604588,98.66146136604587,0.0
learned,ppo_recent_aux,42,signal_reversal,10,64,-0.23738714263987848,-0.27194536017047155,0.3518638872240427,938.04057956053,93.804057956053,0.0
learned,ppo_recent_aux,42,source_conflict,10,64,0.4403298235856898,0.3634023495867546,0.014101266823334749,1120.7056353628814,112.07056353628813,0.0
learned,ppo_recent_aux,42,volatility_shift,10,64,0.6016532088100376,0.46573306511450013,0.04615002086029161,1199.5351225000873,119.95351225000873,0.0
learned,ppo_recent_aux,42,all,25,512,0.10472038657514163,0.06511575736433442,0.12205171733304544,1693.1070303570727,67.72428121428291,0.0
learned,ppo_recent_aux,42,delayed_cue,25,64,0.08481345482667271,0.011821291997534806,0.16983182233264196,24.63068381929014,0.9852273527716057,0.0
learned,ppo_recent_aux,42,execution_friction,25,64,0.11517912580178188,0.10693179863372854,0.04011087105509878,827.8973228258205,33.11589291303282,0.0
learned,ppo_recent_aux,42,known_signal,25,64,0.3901705153780111,0.3283698540193493,0.005493704320419152,2784.506182319643,111.38024729278574,0.0
learned,ppo_recent_aux,42,no_signal,25,64,-0.00595116857922383,-0.006292050573932844,0.032699908159652485,24.627453192371206,0.9850981276948482,0.0
learned,ppo_recent_aux,42,regime_recurrence,25,64,-0.053802161563907144,-0.05636497574346614,0.23836953247300496,2301.6632876522103,92.06653150608841,0.0
learned,ppo_recent_aux,42,signal_reversal,25,64,-0.33714164406429675,-0.4122252000005844,0.4103099028598663,2195.632389418189,87.82529557672756,0.0
learned,ppo_recent_aux,42,source_conflict,25,64,0.25313111080883327,0.22403923226357053,0.021610491261056516,2604.5000636879577,104.1800025475183,0.0
learned,ppo_recent_aux,42,volatility_shift,25,64,0.39136385999326173,0.32464610831847557,0.0579875062026234,2781.3988599411,111.25595439764399,0.0
learned,ppo_recent_aux,43,all,0,512,0.3029090494494594,0.2220510620423606,0.09663180015234815,0.0,76.02987866204775,0.0
learned,ppo_recent_aux,43,delayed_cue,0,64,0.08721603589302225,0.014193306616269111,0.1688889790706833,0.0,0.9864980884356366,0.0
learned,ppo_recent_aux,43,execution_friction,0,64,0.20564020912763734,0.1850195111222664,0.03711181098351512,0.0,34.42755914439135,0.0
learned,ppo_recent_aux,43,known_signal,0,64,0.7588021594684958,0.5637238334259134,9.270460703778884e-05,0.0,126.34398184427907,0.0
learned,ppo_recent_aux,43,no_signal,0,64,-0.003496531806893197,-0.0038249705490240463,0.03241004739455196,0.0,0.9862402685411159,0.0
learned,ppo_recent_aux,43,regime_recurrence,0,64,0.1983017180984719,0.1798540397855414,0.17340014194100614,0.0,103.41054777896227,0.0
learned,ppo_recent_aux,43,signal_reversal,0,64,-0.1626025579223138,-0.17840066658178563,0.3097028416293621,0.0,98.11159477255197,0.0
learned,ppo_recent_aux,43,source_conflict,0,64,0.5803723637624162,0.45622520115385373,0.011457241148944496,0.0,117.75265778866509,0.0
learned,ppo_recent_aux,43,volatility_shift,0,64,0.7590389989748387,0.5596182413658505,0.03999063444368424,0.0,126.2199496105555,0.0
learned,ppo_recent_aux,43,all,10,512,0.2182471801398584,0.159289445255711,0.10663195730072622,725.5042397078145,72.55042397078145,0.0
learned,ppo_recent_aux,43,delayed_cue,10,64,0.08627884379366807,0.01327946607385887,0.16924060516226708,9.858391214897633,0.9858391214897633,0.0
learned,ppo_recent_aux,43,execution_friction,10,64,0.16851526584359128,0.15371658389400822,0.03784320289293156,338.8453197688929,33.884531976889285,0.0
learned,ppo_recent_aux,43,known_signal,10,64,0.6008591378400235,0.4695995730518497,0.0014614609955949601,1200.5775439934725,120.05775439934725,0.0
learned,ppo_recent_aux,43,no_signal,10,64,-0.0044783527028508865,-0.00481098069930268,0.03250424307485175,9.856711601295363,0.9856711601295363,0.0
learned,ppo_recent_aux,43,regime_recurrence,10,64,0.09020665658858629,0.08534086519449083,0.19989097137249537,986.6146136604588,98.66146136604587,0.0
learned,ppo_recent_aux,43,signal_reversal,10,64,-0.23738714263987848,-0.27194536017047155,0.3518638872240427,938.04057956053,93.804057956053,0.0
learned,ppo_recent_aux,43,source_conflict,10,64,0.4403298235856898,0.3634023495867546,0.014101266823334749,1120.7056353628814,112.07056353628813,0.0
learned,ppo_recent_aux,43,volatility_shift,10,64,0.6016532088100376,0.46573306511450013,0.04615002086029161,1199.5351225000873,119.95351225000873,0.0
learned,ppo_recent_aux,43,all,25,512,0.10472038657514163,0.06511575736433442,0.12205171733304544,1693.1070303570727,67.72428121428291,0.0
learned,ppo_recent_aux,43,delayed_cue,25,64,0.08481345482667271,0.011821291997534806,0.16983182233264196,24.63068381929014,0.9852273527716057,0.0
learned,ppo_recent_aux,43,execution_friction,25,64,0.11517912580178188,0.10693179863372854,0.04011087105509878,827.8973228258205,33.11589291303282,0.0
learned,ppo_recent_aux,43,known_signal,25,64,0.3901705153780111,0.3283698540193493,0.005493704320419152,2784.506182319643,111.38024729278574,0.0
learned,ppo_recent_aux,43,no_signal,25,64,-0.00595116857922383,-0.006292050573932844,0.032699908159652485,24.627453192371206,0.9850981276948482,0.0
learned,ppo_recent_aux,43,regime_recurrence,25,64,-0.053802161563907144,-0.05636497574346614,0.23836953247300496,2301.6632876522103,92.06653150608841,0.0
learned,ppo_recent_aux,43,signal_reversal,25,64,-0.33714164406429675,-0.4122252000005844,0.4103099028598663,2195.632389418189,87.82529557672756,0.0
learned,ppo_recent_aux,43,source_conflict,25,64,0.25313111080883327,0.22403923226357053,0.021610491261056516,2604.5000636879577,104.1800025475183,0.0
learned,ppo_recent_aux,43,volatility_shift,25,64,0.39136385999326173,0.32464610831847557,0.0579875062026234,2781.3988599411,111.25595439764399,0.0
learned,ppo_recent_aux,44,all,0,512,0.3029090494494594,0.2220510620423606,0.09663180015234815,0.0,76.02987866204775,0.0
learned,ppo_recent_aux,44,delayed_cue,0,64,0.08721603589302225,0.014193306616269111,0.1688889790706833,0.0,0.9864980884356366,0.0
learned,ppo_recent_aux,44,execution_friction,0,64,0.20564020912763734,0.1850195111222664,0.03711181098351512,0.0,34.42755914439135,0.0
learned,ppo_recent_aux,44,known_signal,0,64,0.7588021594684958,0.5637238334259134,9.270460703778884e-05,0.0,126.34398184427907,0.0
learned,ppo_recent_aux,44,no_signal,0,64,-0.003496531806893197,-0.0038249705490240463,0.03241004739455196,0.0,0.9862402685411159,0.0
learned,ppo_recent_aux,44,regime_recurrence,0,64,0.1983017180984719,0.1798540397855414,0.17340014194100614,0.0,103.41054777896227,0.0
learned,ppo_recent_aux,44,signal_reversal,0,64,-0.1626025579223138,-0.17840066658178563,0.3097028416293621,0.0,98.11159477255197,0.0
learned,ppo_recent_aux,44,source_conflict,0,64,0.5803723637624162,0.45622520115385373,0.011457241148944496,0.0,117.75265778866509,0.0
learned,ppo_recent_aux,44,volatility_shift,0,64,0.7590389989748387,0.5596182413658505,0.03999063444368424,0.0,126.2199496105555,0.0
learned,ppo_recent_aux,44,all,10,512,0.2182471801398584,0.159289445255711,0.10663195730072622,725.5042397078145,72.55042397078145,0.0
learned,ppo_recent_aux,44,delayed_cue,10,64,0.08627884379366807,0.01327946607385887,0.16924060516226708,9.858391214897633,0.9858391214897633,0.0
learned,ppo_recent_aux,44,execution_friction,10,64,0.16851526584359128,0.15371658389400822,0.03784320289293156,338.8453197688929,33.884531976889285,0.0
learned,ppo_recent_aux,44,known_signal,10,64,0.6008591378400235,0.4695995730518497,0.0014614609955949601,1200.5775439934725,120.05775439934725,0.0
learned,ppo_recent_aux,44,no_signal,10,64,-0.0044783527028508865,-0.00481098069930268,0.03250424307485175,9.856711601295363,0.9856711601295363,0.0
learned,ppo_recent_aux,44,regime_recurrence,10,64,0.09020665658858629,0.08534086519449083,0.19989097137249537,986.6146136604588,98.66146136604587,0.0
learned,ppo_recent_aux,44,signal_reversal,10,64,-0.23738714263987848,-0.27194536017047155,0.3518638872240427,938.04057956053,93.804057956053,0.0
learned,ppo_recent_aux,44,source_conflict,10,64,0.4403298235856898,0.3634023495867546,0.014101266823334749,1120.7056353628814,112.07056353628813,0.0
learned,ppo_recent_aux,44,volatility_shift,10,64,0.6016532088100376,0.46573306511450013,0.04615002086029161,1199.5351225000873,119.95351225000873,0.0
learned,ppo_recent_aux,44,all,25,512,0.10472038657514163,0.06511575736433442,0.12205171733304544,1693.1070303570727,67.72428121428291,0.0
learned,ppo_recent_aux,44,delayed_cue,25,64,0.08481345482667271,0.011821291997534806,0.16983182233264196,24.63068381929014,0.9852273527716057,0.0
learned,ppo_recent_aux,44,execution_friction,25,64,0.11517912580178188,0.10693179863372854,0.04011087105509878,827.8973228258205,33.11589291303282,0.0
learned,ppo_recent_aux,44,known_signal,25,64,0.3901705153780111,0.3283698540193493,0.005493704320419152,2784.506182319643,111.38024729278574,0.0
learned,ppo_recent_aux,44,no_signal,25,64,-0.00595116857922383,-0.006292050573932844,0.032699908159652485,24.627453192371206,0.9850981276948482,0.0
learned,ppo_recent_aux,44,regime_recurrence,25,64,-0.053802161563907144,-0.05636497574346614,0.23836953247300496,2301.6632876522103,92.06653150608841,0.0
learned,ppo_recent_aux,44,signal_reversal,25,64,-0.33714164406429675,-0.4122252000005844,0.4103099028598663,2195.632389418189,87.82529557672756,0.0
learned,ppo_recent_aux,44,source_conflict,25,64,0.25313111080883327,0.22403923226357053,0.021610491261056516,2604.5000636879577,104.1800025475183,0.0
learned,ppo_recent_aux,44,volatility_shift,25,64,0.39136385999326173,0.32464610831847557,0.0579875062026234,2781.3988599411,111.25595439764399,0.0
learned,ppo_replay_aux,42,all,0,512,0.30293495590110847,0.22206742013105135,0.09663211277683874,0.0,76.02402392451745,0.0
learned,ppo_replay_aux,42,delayed_cue,0,64,0.08721603589302225,0.014193306616269111,0.1688889790706833,0.0,0.9864980884356366,0.0
learned,ppo_replay_aux,42,execution_friction,0,64,0.20564020912763734,0.1850195111222664,0.03711181098351512,0.0,34.42755914439135,0.0
learned,ppo_replay_aux,42,known_signal,0,64,0.7588021594684958,0.5637238334259134,9.270460703778884e-05,0.0,126.34398184427907,0.0
learned,ppo_replay_aux,42,no_signal,0,64,-0.003496531806893197,-0.0038249705490240463,0.03241004739455196,0.0,0.9862402685411159,0.0
learned,ppo_replay_aux,42,regime_recurrence,0,64,0.1983017180984719,0.1798540397855414,0.17340014194100614,0.0,103.41054777896227,0.0
learned,ppo_replay_aux,42,signal_reversal,0,64,-0.1626025579223138,-0.17840066658178563,0.3097028416293621,0.0,98.11159477255197,0.0
learned,ppo_replay_aux,42,source_conflict,0,64,0.5805796153756089,0.4563560658633798,0.011459742144869254,0.0,117.70581988842267,0.0
learned,ppo_replay_aux,42,volatility_shift,0,64,0.7590389989748387,0.5596182413658505,0.03999063444368424,0.0,126.2199496105555,0.0
learned,ppo_replay_aux,42,all,10,512,0.21828070706004846,0.15931257417262643,0.10663166791063025,725.4491566940412,72.54491566940412,0.0
learned,ppo_replay_aux,42,delayed_cue,10,64,0.08627884379366807,0.01327946607385887,0.16924060516226708,9.858391214897633,0.9858391214897633,0.0
learned,ppo_replay_aux,42,execution_friction,10,64,0.16851526584359128,0.15371658389400822,0.03784320289293156,338.8453197688929,33.884531976889285,0.0
learned,ppo_replay_aux,42,known_signal,10,64,0.6008591378400235,0.4695995730518497,0.0014614609955949601,1200.5775439934725,120.05775439934725,0.0
learned,ppo_replay_aux,42,no_signal,10,64,-0.0044783527028508865,-0.00481098069930268,0.03250424307485175,9.856711601295363,0.9856711601295363,0.0
learned,ppo_replay_aux,42,regime_recurrence,10,64,0.09020665658858629,0.08534086519449083,0.19989097137249537,986.6146136604588,98.66146136604587,0.0
learned,ppo_replay_aux,42,signal_reversal,10,64,-0.23738714263987848,-0.27194536017047155,0.3518638872240427,938.04057956053,93.804057956053,0.0
learned,ppo_replay_aux,42,source_conflict,10,64,0.4405980389472101,0.3635873809220778,0.014098951702566918,1120.264971252695,112.02649712526949,0.0
learned,ppo_replay_aux,42,volatility_shift,10,64,0.6016532088100376,0.46573306511450013,0.04615002086029161,1199.5351225000873,119.95351225000873,0.0
learned,ppo_replay_aux,42,all,25,512,0.10476625803791764,0.06515191298862903,0.12205158139776488,1693.0023157081505,67.72009262832601,0.0
learned,ppo_replay_aux,42,delayed_cue,25,64,0.08481345482667271,0.011821291997534806,0.16983182233264196,24.63068381929014,0.9852273527716057,0.0
learned,ppo_replay_aux,42,execution_friction,25,64,0.11517912580178188,0.10693179863372854,0.04011087105509878,827.8973228258205,33.11589291303282,0.0
learned,ppo_replay_aux,42,known_signal,25,64,0.3901705153780111,0.3283698540193493,0.005493704320419152,2784.506182319643,111.38024729278574,0.0
learned,ppo_replay_aux,42,no_signal,25,64,-0.00595116857922383,-0.006292050573932844,0.032699908159652485,24.627453192371206,0.9850981276948482,0.0
learned,ppo_replay_aux,42,regime_recurrence,25,64,-0.053802161563907144,-0.05636497574346614,0.23836953247300496,2301.6632876522103,92.06653150608841,0.0
learned,ppo_replay_aux,42,signal_reversal,25,64,-0.33714164406429675,-0.4122252000005844,0.4103099028598663,2195.632389418189,87.82529557672756,0.0
learned,ppo_replay_aux,42,source_conflict,25,64,0.2534980825110414,0.22432847725792734,0.021609403778811972,2603.66234649658,104.14649385986318,0.0
learned,ppo_replay_aux,42,volatility_shift,25,64,0.39136385999326173,0.32464610831847557,0.0579875062026234,2781.3988599411,111.25595439764399,0.0
learned,ppo_replay_aux,43,all,0,512,0.3029090494494594,0.2220510620423606,0.09663180015234815,0.0,76.02987866204775,0.0
learned,ppo_replay_aux,43,delayed_cue,0,64,0.08721603589302225,0.014193306616269111,0.1688889790706833,0.0,0.9864980884356366,0.0
learned,ppo_replay_aux,43,execution_friction,0,64,0.20564020912763734,0.1850195111222664,0.03711181098351512,0.0,34.42755914439135,0.0
learned,ppo_replay_aux,43,known_signal,0,64,0.7588021594684958,0.5637238334259134,9.270460703778884e-05,0.0,126.34398184427907,0.0
learned,ppo_replay_aux,43,no_signal,0,64,-0.003496531806893197,-0.0038249705490240463,0.03241004739455196,0.0,0.9862402685411159,0.0
learned,ppo_replay_aux,43,regime_recurrence,0,64,0.1983017180984719,0.1798540397855414,0.17340014194100614,0.0,103.41054777896227,0.0
learned,ppo_replay_aux,43,signal_reversal,0,64,-0.1626025579223138,-0.17840066658178563,0.3097028416293621,0.0,98.11159477255197,0.0
learned,ppo_replay_aux,43,source_conflict,0,64,0.5803723637624162,0.45622520115385373,0.011457241148944496,0.0,117.75265778866509,0.0
learned,ppo_replay_aux,43,volatility_shift,0,64,0.7590389989748387,0.5596182413658505,0.03999063444368424,0.0,126.2199496105555,0.0
learned,ppo_replay_aux,43,all,10,512,0.2182471801398584,0.159289445255711,0.10663195730072622,725.5042397078145,72.55042397078145,0.0
learned,ppo_replay_aux,43,delayed_cue,10,64,0.08627884379366807,0.01327946607385887,0.16924060516226708,9.858391214897633,0.9858391214897633,0.0
learned,ppo_replay_aux,43,execution_friction,10,64,0.16851526584359128,0.15371658389400822,0.03784320289293156,338.8453197688929,33.884531976889285,0.0
learned,ppo_replay_aux,43,known_signal,10,64,0.6008591378400235,0.4695995730518497,0.0014614609955949601,1200.5775439934725,120.05775439934725,0.0
learned,ppo_replay_aux,43,no_signal,10,64,-0.0044783527028508865,-0.00481098069930268,0.03250424307485175,9.856711601295363,0.9856711601295363,0.0
learned,ppo_replay_aux,43,regime_recurrence,10,64,0.09020665658858629,0.08534086519449083,0.19989097137249537,986.6146136604588,98.66146136604587,0.0
learned,ppo_replay_aux,43,signal_reversal,10,64,-0.23738714263987848,-0.27194536017047155,0.3518638872240427,938.04057956053,93.804057956053,0.0
learned,ppo_replay_aux,43,source_conflict,10,64,0.4403298235856898,0.3634023495867546,0.014101266823334749,1120.7056353628814,112.07056353628813,0.0
learned,ppo_replay_aux,43,volatility_shift,10,64,0.6016532088100376,0.46573306511450013,0.04615002086029161,1199.5351225000873,119.95351225000873,0.0
learned,ppo_replay_aux,43,all,25,512,0.10472038657514163,0.06511575736433442,0.12205171733304544,1693.1070303570727,67.72428121428291,0.0
learned,ppo_replay_aux,43,delayed_cue,25,64,0.08481345482667271,0.011821291997534806,0.16983182233264196,24.63068381929014,0.9852273527716057,0.0
learned,ppo_replay_aux,43,execution_friction,25,64,0.11517912580178188,0.10693179863372854,0.04011087105509878,827.8973228258205,33.11589291303282,0.0
learned,ppo_replay_aux,43,known_signal,25,64,0.3901705153780111,0.3283698540193493,0.005493704320419152,2784.506182319643,111.38024729278574,0.0
learned,ppo_replay_aux,43,no_signal,25,64,-0.00595116857922383,-0.006292050573932844,0.032699908159652485,24.627453192371206,0.9850981276948482,0.0
learned,ppo_replay_aux,43,regime_recurrence,25,64,-0.053802161563907144,-0.05636497574346614,0.23836953247300496,2301.6632876522103,92.06653150608841,0.0
learned,ppo_replay_aux,43,signal_reversal,25,64,-0.33714164406429675,-0.4122252000005844,0.4103099028598663,2195.632389418189,87.82529557672756,0.0
learned,ppo_replay_aux,43,source_conflict,25,64,0.25313111080883327,0.22403923226357053,0.021610491261056516,2604.5000636879577,104.1800025475183,0.0
learned,ppo_replay_aux,43,volatility_shift,25,64,0.39136385999326173,0.32464610831847557,0.0579875062026234,2781.3988599411,111.25595439764399,0.0
learned,ppo_replay_aux,44,all,0,512,0.3029090494494594,0.2220510620423606,0.09663180015234815,0.0,76.02987866204775,0.0
learned,ppo_replay_aux,44,delayed_cue,0,64,0.08721603589302225,0.014193306616269111,0.1688889790706833,0.0,0.9864980884356366,0.0
learned,ppo_replay_aux,44,execution_friction,0,64,0.20564020912763734,0.1850195111222664,0.03711181098351512,0.0,34.42755914439135,0.0
learned,ppo_replay_aux,44,known_signal,0,64,0.7588021594684958,0.5637238334259134,9.270460703778884e-05,0.0,126.34398184427907,0.0
learned,ppo_replay_aux,44,no_signal,0,64,-0.003496531806893197,-0.0038249705490240463,0.03241004739455196,0.0,0.9862402685411159,0.0
learned,ppo_replay_aux,44,regime_recurrence,0,64,0.1983017180984719,0.1798540397855414,0.17340014194100614,0.0,103.41054777896227,0.0
learned,ppo_replay_aux,44,signal_reversal,0,64,-0.1626025579223138,-0.17840066658178563,0.3097028416293621,0.0,98.11159477255197,0.0
learned,ppo_replay_aux,44,source_conflict,0,64,0.5803723637624162,0.45622520115385373,0.011457241148944496,0.0,117.75265778866509,0.0
learned,ppo_replay_aux,44,volatility_shift,0,64,0.7590389989748387,0.5596182413658505,0.03999063444368424,0.0,126.2199496105555,0.0
learned,ppo_replay_aux,44,all,10,512,0.2182471801398584,0.159289445255711,0.10663195730072622,725.5042397078145,72.55042397078145,0.0
learned,ppo_replay_aux,44,delayed_cue,10,64,0.08627884379366807,0.01327946607385887,0.16924060516226708,9.858391214897633,0.9858391214897633,0.0
learned,ppo_replay_aux,44,execution_friction,10,64,0.16851526584359128,0.15371658389400822,0.03784320289293156,338.8453197688929,33.884531976889285,0.0
learned,ppo_replay_aux,44,known_signal,10,64,0.6008591378400235,0.4695995730518497,0.0014614609955949601,1200.5775439934725,120.05775439934725,0.0
learned,ppo_replay_aux,44,no_signal,10,64,-0.0044783527028508865,-0.00481098069930268,0.03250424307485175,9.856711601295363,0.9856711601295363,0.0
learned,ppo_replay_aux,44,regime_recurrence,10,64,0.09020665658858629,0.08534086519449083,0.19989097137249537,986.6146136604588,98.66146136604587,0.0
learned,ppo_replay_aux,44,signal_reversal,10,64,-0.23738714263987848,-0.27194536017047155,0.3518638872240427,938.04057956053,93.804057956053,0.0
learned,ppo_replay_aux,44,source_conflict,10,64,0.4403298235856898,0.3634023495867546,0.014101266823334749,1120.7056353628814,112.07056353628813,0.0
learned,ppo_replay_aux,44,volatility_shift,10,64,0.6016532088100376,0.46573306511450013,0.04615002086029161,1199.5351225000873,119.95351225000873,0.0
learned,ppo_replay_aux,44,all,25,512,0.10472038657514163,0.06511575736433442,0.12205171733304544,1693.1070303570727,67.72428121428291,0.0
learned,ppo_replay_aux,44,delayed_cue,25,64,0.08481345482667271,0.011821291997534806,0.16983182233264196,24.63068381929014,0.9852273527716057,0.0
learned,ppo_replay_aux,44,execution_friction,25,64,0.11517912580178188,0.10693179863372854,0.04011087105509878,827.8973228258205,33.11589291303282,0.0
learned,ppo_replay_aux,44,known_signal,25,64,0.3901705153780111,0.3283698540193493,0.005493704320419152,2784.506182319643,111.38024729278574,0.0
learned,ppo_replay_aux,44,no_signal,25,64,-0.00595116857922383,-0.006292050573932844,0.032699908159652485,24.627453192371206,0.9850981276948482,0.0
learned,ppo_replay_aux,44,regime_recurrence,25,64,-0.053802161563907144,-0.05636497574346614,0.23836953247300496,2301.6632876522103,92.06653150608841,0.0
learned,ppo_replay_aux,44,signal_reversal,25,64,-0.33714164406429675,-0.4122252000005844,0.4103099028598663,2195.632389418189,87.82529557672756,0.0
learned,ppo_replay_aux,44,source_conflict,25,64,0.25313111080883327,0.22403923226357053,0.021610491261056516,2604.5000636879577,104.1800025475183,0.0
learned,ppo_replay_aux,44,volatility_shift,25,64,0.39136385999326173,0.32464610831847557,0.0579875062026234,2781.3988599411,111.25595439764399,0.0
learned,ppo_window,42,all,0,512,0.0,0.0,0.0,0.0,0.0,0.0
learned,ppo_window,42,delayed_cue,0,64,0.0,0.0,0.0,0.0,0.0,0.0
learned,ppo_window,42,execution_friction,0,64,0.0,0.0,0.0,0.0,0.0,0.0
learned,ppo_window,42,known_signal,0,64,0.0,0.0,0.0,0.0,0.0,0.0
learned,ppo_window,42,no_signal,0,64,0.0,0.0,0.0,0.0,0.0,0.0
learned,ppo_window,42,regime_recurrence,0,64,0.0,0.0,0.0,0.0,0.0,0.0
learned,ppo_window,42,signal_reversal,0,64,0.0,0.0,0.0,0.0,0.0,0.0
learned,ppo_window,42,source_conflict,0,64,0.0,0.0,0.0,0.0,0.0,0.0
learned,ppo_window,42,volatility_shift,0,64,0.0,0.0,0.0,0.0,0.0,0.0
learned,ppo_window,42,all,10,512,0.0,0.0,0.0,0.0,0.0,0.0
learned,ppo_window,42,delayed_cue,10,64,0.0,0.0,0.0,0.0,0.0,0.0
learned,ppo_window,42,execution_friction,10,64,0.0,0.0,0.0,0.0,0.0,0.0
learned,ppo_window,42,known_signal,10,64,0.0,0.0,0.0,0.0,0.0,0.0
learned,ppo_window,42,no_signal,10,64,0.0,0.0,0.0,0.0,0.0,0.0
learned,ppo_window,42,regime_recurrence,10,64,0.0,0.0,0.0,0.0,0.0,0.0
learned,ppo_window,42,signal_reversal,10,64,0.0,0.0,0.0,0.0,0.0,0.0
learned,ppo_window,42,source_conflict,10,64,0.0,0.0,0.0,0.0,0.0,0.0
learned,ppo_window,42,volatility_shift,10,64,0.0,0.0,0.0,0.0,0.0,0.0
learned,ppo_window,42,all,25,512,0.0,0.0,0.0,0.0,0.0,0.0
learned,ppo_window,42,delayed_cue,25,64,0.0,0.0,0.0,0.0,0.0,0.0
learned,ppo_window,42,execution_friction,25,64,0.0,0.0,0.0,0.0,0.0,0.0
learned,ppo_window,42,known_signal,25,64,0.0,0.0,0.0,0.0,0.0,0.0
learned,ppo_window,42,no_signal,25,64,0.0,0.0,0.0,0.0,0.0,0.0
learned,ppo_window,42,regime_recurrence,25,64,0.0,0.0,0.0,0.0,0.0,0.0
learned,ppo_window,42,signal_reversal,25,64,0.0,0.0,0.0,0.0,0.0,0.0
learned,ppo_window,42,source_conflict,25,64,0.0,0.0,0.0,0.0,0.0,0.0
learned,ppo_window,42,volatility_shift,25,64,0.0,0.0,0.0,0.0,0.0,0.0
learned,ppo_window,43,all,0,512,0.0,0.0,0.0,0.0,0.0,0.0
learned,ppo_window,43,delayed_cue,0,64,0.0,0.0,0.0,0.0,0.0,0.0
learned,ppo_window,43,execution_friction,0,64,0.0,0.0,0.0,0.0,0.0,0.0
learned,ppo_window,43,known_signal,0,64,0.0,0.0,0.0,0.0,0.0,0.0
learned,ppo_window,43,no_signal,0,64,0.0,0.0,0.0,0.0,0.0,0.0
learned,ppo_window,43,regime_recurrence,0,64,0.0,0.0,0.0,0.0,0.0,0.0
learned,ppo_window,43,signal_reversal,0,64,0.0,0.0,0.0,0.0,0.0,0.0
learned,ppo_window,43,source_conflict,0,64,0.0,0.0,0.0,0.0,0.0,0.0
learned,ppo_window,43,volatility_shift,0,64,0.0,0.0,0.0,0.0,0.0,0.0
learned,ppo_window,43,all,10,512,0.0,0.0,0.0,0.0,0.0,0.0
learned,ppo_window,43,delayed_cue,10,64,0.0,0.0,0.0,0.0,0.0,0.0
learned,ppo_window,43,execution_friction,10,64,0.0,0.0,0.0,0.0,0.0,0.0
learned,ppo_window,43,known_signal,10,64,0.0,0.0,0.0,0.0,0.0,0.0
learned,ppo_window,43,no_signal,10,64,0.0,0.0,0.0,0.0,0.0,0.0
learned,ppo_window,43,regime_recurrence,10,64,0.0,0.0,0.0,0.0,0.0,0.0
learned,ppo_window,43,signal_reversal,10,64,0.0,0.0,0.0,0.0,0.0,0.0
learned,ppo_window,43,source_conflict,10,64,0.0,0.0,0.0,0.0,0.0,0.0
learned,ppo_window,43,volatility_shift,10,64,0.0,0.0,0.0,0.0,0.0,0.0
learned,ppo_window,43,all,25,512,0.0,0.0,0.0,0.0,0.0,0.0
learned,ppo_window,43,delayed_cue,25,64,0.0,0.0,0.0,0.0,0.0,0.0
learned,ppo_window,43,execution_friction,25,64,0.0,0.0,0.0,0.0,0.0,0.0
learned,ppo_window,43,known_signal,25,64,0.0,0.0,0.0,0.0,0.0,0.0
learned,ppo_window,43,no_signal,25,64,0.0,0.0,0.0,0.0,0.0,0.0
learned,ppo_window,43,regime_recurrence,25,64,0.0,0.0,0.0,0.0,0.0,0.0
learned,ppo_window,43,signal_reversal,25,64,0.0,0.0,0.0,0.0,0.0,0.0
learned,ppo_window,43,source_conflict,25,64,0.0,0.0,0.0,0.0,0.0,0.0
learned,ppo_window,43,volatility_shift,25,64,0.0,0.0,0.0,0.0,0.0,0.0
learned,ppo_window,44,all,0,512,0.0,0.0,0.0,0.0,0.0,0.0
learned,ppo_window,44,delayed_cue,0,64,0.0,0.0,0.0,0.0,0.0,0.0
learned,ppo_window,44,execution_friction,0,64,0.0,0.0,0.0,0.0,0.0,0.0
learned,ppo_window,44,known_signal,0,64,0.0,0.0,0.0,0.0,0.0,0.0
learned,ppo_window,44,no_signal,0,64,0.0,0.0,0.0,0.0,0.0,0.0
learned,ppo_window,44,regime_recurrence,0,64,0.0,0.0,0.0,0.0,0.0,0.0
learned,ppo_window,44,signal_reversal,0,64,0.0,0.0,0.0,0.0,0.0,0.0
learned,ppo_window,44,source_conflict,0,64,0.0,0.0,0.0,0.0,0.0,0.0
learned,ppo_window,44,volatility_shift,0,64,0.0,0.0,0.0,0.0,0.0,0.0
learned,ppo_window,44,all,10,512,0.0,0.0,0.0,0.0,0.0,0.0
learned,ppo_window,44,delayed_cue,10,64,0.0,0.0,0.0,0.0,0.0,0.0
learned,ppo_window,44,execution_friction,10,64,0.0,0.0,0.0,0.0,0.0,0.0
learned,ppo_window,44,known_signal,10,64,0.0,0.0,0.0,0.0,0.0,0.0
learned,ppo_window,44,no_signal,10,64,0.0,0.0,0.0,0.0,0.0,0.0
learned,ppo_window,44,regime_recurrence,10,64,0.0,0.0,0.0,0.0,0.0,0.0
learned,ppo_window,44,signal_reversal,10,64,0.0,0.0,0.0,0.0,0.0,0.0
learned,ppo_window,44,source_conflict,10,64,0.0,0.0,0.0,0.0,0.0,0.0
learned,ppo_window,44,volatility_shift,10,64,0.0,0.0,0.0,0.0,0.0,0.0
learned,ppo_window,44,all,25,512,0.0,0.0,0.0,0.0,0.0,0.0
learned,ppo_window,44,delayed_cue,25,64,0.0,0.0,0.0,0.0,0.0,0.0
learned,ppo_window,44,execution_friction,25,64,0.0,0.0,0.0,0.0,0.0,0.0
learned,ppo_window,44,known_signal,25,64,0.0,0.0,0.0,0.0,0.0,0.0
learned,ppo_window,44,no_signal,25,64,0.0,0.0,0.0,0.0,0.0,0.0
learned,ppo_window,44,regime_recurrence,25,64,0.0,0.0,0.0,0.0,0.0,0.0
learned,ppo_window,44,signal_reversal,25,64,0.0,0.0,0.0,0.0,0.0,0.0
learned,ppo_window,44,source_conflict,25,64,0.0,0.0,0.0,0.0,0.0,0.0
learned,ppo_window,44,volatility_shift,25,64,0.0,0.0,0.0,0.0,0.0,0.0
control,cash,,all,0,512,0.0,0.0,0.0,0.0,0.0,0.0
control,cash,,delayed_cue,0,64,0.0,0.0,0.0,0.0,0.0,0.0
control,cash,,execution_friction,0,64,0.0,0.0,0.0,0.0,0.0,0.0
control,cash,,known_signal,0,64,0.0,0.0,0.0,0.0,0.0,0.0
control,cash,,no_signal,0,64,0.0,0.0,0.0,0.0,0.0,0.0
control,cash,,regime_recurrence,0,64,0.0,0.0,0.0,0.0,0.0,0.0
control,cash,,signal_reversal,0,64,0.0,0.0,0.0,0.0,0.0,0.0
control,cash,,source_conflict,0,64,0.0,0.0,0.0,0.0,0.0,0.0
control,cash,,volatility_shift,0,64,0.0,0.0,0.0,0.0,0.0,0.0
control,cash,,all,10,512,0.0,0.0,0.0,0.0,0.0,0.0
control,cash,,delayed_cue,10,64,0.0,0.0,0.0,0.0,0.0,0.0
control,cash,,execution_friction,10,64,0.0,0.0,0.0,0.0,0.0,0.0
control,cash,,known_signal,10,64,0.0,0.0,0.0,0.0,0.0,0.0
control,cash,,no_signal,10,64,0.0,0.0,0.0,0.0,0.0,0.0
control,cash,,regime_recurrence,10,64,0.0,0.0,0.0,0.0,0.0,0.0
control,cash,,signal_reversal,10,64,0.0,0.0,0.0,0.0,0.0,0.0
control,cash,,source_conflict,10,64,0.0,0.0,0.0,0.0,0.0,0.0
control,cash,,volatility_shift,10,64,0.0,0.0,0.0,0.0,0.0,0.0
control,cash,,all,25,512,0.0,0.0,0.0,0.0,0.0,0.0
control,cash,,delayed_cue,25,64,0.0,0.0,0.0,0.0,0.0,0.0
control,cash,,execution_friction,25,64,0.0,0.0,0.0,0.0,0.0,0.0
control,cash,,known_signal,25,64,0.0,0.0,0.0,0.0,0.0,0.0
control,cash,,no_signal,25,64,0.0,0.0,0.0,0.0,0.0,0.0
control,cash,,regime_recurrence,25,64,0.0,0.0,0.0,0.0,0.0,0.0
control,cash,,signal_reversal,25,64,0.0,0.0,0.0,0.0,0.0,0.0
control,cash,,source_conflict,25,64,0.0,0.0,0.0,0.0,0.0,0.0
control,cash,,volatility_shift,25,64,0.0,0.0,0.0,0.0,0.0,0.0
control,hold_initial,,all,0,512,0.007763060561497865,-0.005430796741423246,0.10864945190289228,0.0,0.9828326336594675,0.0
control,hold_initial,,delayed_cue,0,64,0.0875420867241748,0.014815114152237262,0.16831627216904874,0.0,0.9826221768315433,0.0
control,hold_initial,,execution_friction,0,64,-1.847717948438854e-05,-0.004450927536151886,0.10062308621296834,0.0,0.990576819459974,0.0
control,hold_initial,,known_signal,0,64,-0.003953140412180688,-0.007286809835920239,0.09628940363606817,0.0,0.9812519764831242,0.0
control,hold_initial,,no_signal,0,64,-0.003474035245914475,-0.003800010010872718,0.032305727272679184,0.0,0.9815630167954962,0.0
control,hold_initial,,regime_recurrence,0,64,-0.012819267313994675,-0.01649213543021072,0.10210292040191124,0.0,0.9821154557966421,0.0
control,hold_initial,,signal_reversal,0,64,0.016602457716473715,0.012727780790356816,0.09337583551470793,0.0,0.9819409949629525,0.0
control,hold_initial,,source_conflict,0,64,0.010198330571071208,0.005895675546956711,0.09575985338392037,0.0,0.9810152485344817,0.0
control,hold_initial,,volatility_shift,0,64,-0.031973470368162574,-0.04485506160778119,0.18042251663183428,0.0,0.9815753804115263,0.0
control,hold_initial,,all,10,512,0.006780227927838394,-0.006432481925261517,0.10884160882447445,9.828326336594676,0.9828326336594675,0.0
control,hold_initial,,delayed_cue,10,64,0.08655946454734324,0.013775927997342327,0.16880001678606904,9.826221768315433,0.9826221768315433,0.0
control,hold_initial,,execution_friction,10,64,-0.001009053998944364,-0.005450855257492964,0.10077552932208589,9.905768194599741,0.990576819459974,0.0
control,hold_initial,,known_signal,10,64,-0.004934392388663838,-0.008278999134824088,0.09642660223887997,9.812519764831242,0.9812519764831242,0.0
control,hold_initial,,no_signal,10,64,-0.004455598262709956,-0.004786119802574706,0.03241592614827936,9.815630167954962,0.9815630167954962,0.0
control,hold_initial,,regime_recurrence,10,64,-0.01380138276979132,-0.01749479080951205,0.10226967748838402,9.82115455796642,0.9821154557966421,0.0
control,hold_initial,,signal_reversal,10,64,0.015620516721510762,0.011754097469587516,0.0934894513673841,9.819409949629526,0.9819409949629525,0.0
control,hold_initial,,source_conflict,10,64,0.009217315322536728,0.004915792249151238,0.09594294904784319,9.810152485344817,0.9810152485344817,0.0
control,hold_initial,,volatility_shift,10,64,-0.0329550457485741,-0.04589490811376941,0.18061271819687008,9.815753804115262,0.9815753804115263,0.0
control,hold_initial,,all,25,512,0.005305978977349195,-0.007936944032720663,0.10914104144797553,24.570815841486688,0.9828326336594675,0.0
control,hold_initial,,delayed_cue,25,64,0.08508553128209592,0.012214849693227616,0.16952565332208258,24.565554420788583,0.9826221768315433,0.0
control,hold_initial,,execution_friction,25,64,-0.0024949192281343204,-0.006952641100235467,0.10100451324505486,24.76442048649935,0.990576819459974,0.0
control,hold_initial,,known_signal,25,64,-0.006406270353388513,-0.009769143609589111,0.09664897406052872,24.531299412078106,0.9812519764831242,0.0
control,hold_initial,,no_signal,25,64,-0.005927942787903224,-0.006267111409762046,0.032632736819237576,24.539075419887403,0.9815630167954962,0.0
control,hold_initial,,regime_recurrence,25,64,-0.01527455595348628,-0.019000675747987264,0.10252274688385744,24.55288639491605,0.9821154557966421,0.0
control,hold_initial,,signal_reversal,25,64,0.01414760522906633,0.010291778989592704,0.09366016581812202,24.548524874073813,0.9819409949629525,0.0
control,hold_initial,,source_conflict,25,64,0.007745792449735025,0.00344414912758586,0.09623497047853627,24.525381213362042,0.9810152485344817,0.0
control,hold_initial,,volatility_shift,25,64,-0.03442740881919139,-0.04745675820459759,0.18089857095638473,24.53938451028816,0.9815753804115263,0.0
control,rebalance_100,,all,0,512,0.007529876010504681,-0.0057403633805271715,0.10917800793001814,0.0,1.0230811906148745,0.0
control,rebalance_100,,delayed_cue,0,64,0.08721603589302225,0.014193306616269111,0.1688889790706833,0.0,0.9864980884356366,0.0
control,rebalance_100,,execution_friction,0,64,-5.121869931400645e-05,-0.0045065679899872835,0.10080225189892794,0.0,0.9924110358372765,0.0
control,rebalance_100,,known_signal,0,64,-0.004001123180114674,-0.007371438215342656,0.0966560538809828,0.0,0.9862546007665408,0.0
control,rebalance_100,,no_signal,0,64,-0.003496531806893197,-0.0038249705490240463,0.03241004739455196,0.0,0.9862402685411159,0.0
control,rebalance_100,,regime_recurrence,0,64,-0.01282215258842673,-0.016513878553303527,0.10234040651472723,0.0,0.9861958356101295,0.0
control,rebalance_100,,signal_reversal,0,64,0.016678598937485717,0.012780521250014746,0.0935681805407599,0.0,0.9851260453011756,0.0
control,rebalance_100,,source_conflict,0,64,0.010160706167528392,0.005819056125142259,0.09609709109319209,0.0,0.9860791900230231,0.0
control,rebalance_100,,volatility_shift,0,64,-0.0334453066392503,-0.04649893572798598,0.18266105304631988,0.0,1.275844460404098,0.0
control,rebalance_100,,all,10,512,0.006539081143956427,-0.006734675826804175,0.10928377228763281,10.223793701384212,1.0223793701384212,0.0
control,rebalance_100,,delayed_cue,10,64,0.08627884379366807,0.01327946607385887,0.16924060516226708,9.858391214897633,0.9858391214897633,0.0
control,rebalance_100,,execution_friction,10,64,-0.001054703985402661,-0.005511727256943457,0.10084958975545656,9.91109755529017,0.9911097555290169,0.0
control,rebalance_100,,known_signal,10,64,-0.004997189564431785,-0.008370834585928381,0.09668179926400731,9.852063707205783,0.9852063707205783,0.0
control,rebalance_100,,no_signal,10,64,-0.0044783527028508865,-0.00481098069930268,0.03250424307485175,9.856711601295363,0.9856711601295363,0.0
control,rebalance_100,,regime_recurrence,10,64,-0.013775902057186807,-0.017483899703622897,0.10244064308752147,9.858765853199744,0.9858765853199742,0.0
control,rebalance_100,,signal_reversal,10,64,0.015711711702570134,0.011824295243184846,0.09364585089295506,9.849706480849793,0.9849706480849794,0.0
control,rebalance_100,,source_conflict,10,64,0.00919114768896756,0.00485565048442885,0.09619600820145566,9.847034853937343,0.9847034853937342,0.0
control,rebalance_100,,volatility_shift,10,64,-0.034562905723682216,-0.047659376170108556,0.1827114388625475,12.756578344397866,1.2756578344397866,0.0
control,rebalance_100,,all,25,512,0.004971994711372937,-0.008311987085917277,0.10951434216721372,25.490045465960673,1.0196018186384268,0.0
control,rebalance_100,,delayed_cue,25,64,0.08481345482667271,0.011821291997534806,0.16983182233264196,24.63068381929014,0.9852273527716057,0.0
control,rebalance_100,,execution_friction,25,64,-0.0024912914101000473,-0.006951796893932447,0.10095991131038261,24.749856446071377,0.989994257842855,0.0
control,rebalance_100,,known_signal,25,64,-0.006461106864564676,-0.009837814529816968,0.09679405773199831,24.593493366613455,0.9837397346645382,0.0
control,rebalance_100,,no_signal,25,64,-0.00595116857922383,-0.006292050573932844,0.032699908159652485,24.627453192371206,0.9850981276948482,0.0
control,rebalance_100,,regime_recurrence,25,64,-0.015291910027776202,-0.01903121808388666,0.10263396546343173,24.6023867424899,0.984095469699596,0.0
control,rebalance_100,,signal_reversal,25,64,0.014186308259856449,0.010318386171932956,0.09374586296834818,24.59157953751352,0.9836631815005408,0.0
control,rebalance_100,,source_conflict,25,64,0.007703451241276974,0.003382230304004492,0.09639249181964263,24.59529311511242,0.9838117246044967,0.0
control,rebalance_100,,volatility_shift,25,64,-0.03673177975515788,-0.04990492507924155,0.18305671755161185,31.529617508223353,1.261184700328934,0.0
control,rebalance_25,,all,0,512,0.00067809105070922,-0.00013420959928691278,0.02812491805027127,0.0,0.2520637855405597,0.0
control,rebalance_25,,delayed_cue,0,64,0.012600655055972774,0.008081716778229473,0.04645306814782116,0.0,0.2756757799634824,0.0
control,rebalance_25,,execution_friction,0,64,-3.988628145540525e-05,-0.0003027453777165554,0.025323014556806522,0.0,0.24498067475279175,0.0
control,rebalance_25,,known_signal,0,64,-0.0009835601716436798,-0.0011786417913306313,0.024128687907986217,0.0,0.24436756094302944,0.0
control,rebalance_25,,no_signal,0,64,-0.000837722710514844,-0.0008555608898739636,0.007646398364774258,0.0,0.23265577203784213,0.0
control,rebalance_25,,regime_recurrence,0,64,-0.0029969122109424658,-0.003216235812788201,0.025572781661947642,0.0,0.24706331156985598,0.0
control,rebalance_25,,signal_reversal,0,64,0.0039024644276372256,0.003674663674810175,0.023436425379938477,0.0,0.24262876710760378,0.0
control,rebalance_25,,source_conflict,0,64,0.0022719494728171523,0.0020190120210329785,0.024118170953482312,0.0,0.2429389790569956,0.0
control,rebalance_25,,volatility_shift,0,64,-0.008492259176196996,-0.009295885396658578,0.04832079742941358,0.0,0.2861994388928764,0.0
control,rebalance_25,,all,10,512,0.00042423246629979487,-0.0003885238076215398,0.02816415877195926,2.519746741807029,0.2519746741807029,0.0
control,rebalance_25,,delayed_cue,10,64,0.01233587431134914,0.007816307580128436,0.046590694291176585,2.7566489581229376,0.27566489581229375,0.0
control,rebalance_25,,execution_friction,10,64,-0.0002827834156727098,-0.000545880889989153,0.02535250592667182,2.4497859329371536,0.24497859329371538,0.0
control,rebalance_25,,known_signal,10,64,-0.001226961529366898,-0.0014226954552518656,0.02414913088731832,2.442460138891279,0.2442460138891279,0.0
control,rebalance_25,,no_signal,10,64,-0.0010802609345983288,-0.0010983047421033963,0.0076717379731363194,2.323766924855912,0.2323766924855912,0.0
control,rebalance_25,,regime_recurrence,10,64,-0.0032412726402719777,-0.0034616384382602835,0.025610114840818647,2.470606113877977,0.24706061138779767,0.0
control,rebalance_25,,signal_reversal,10,64,0.0036669248481784565,0.003439776233739962,0.023441585320639377,2.4262168500206047,0.24262168500206047,0.0
control,rebalance_25,,source_conflict,10,64,0.001992500265382285,0.0017410124874713067,0.024131827312982045,2.42658545872888,0.242658545872888,0.0
control,rebalance_25,,volatility_shift,10,64,-0.008770161174601608,-0.009576767236707326,0.04836567362293095,2.86190355702149,0.286190355702149,0.0
control,rebalance_25,,all,25,512,4.6720982171839396e-05,-0.0007668380227165774,0.028226700340982507,6.296267162360451,0.251850686494418,0.0
control,rebalance_25,,delayed_cue,25,64,0.011934811338168103,0.007414897245205355,0.046792066661902554,6.891033666561401,0.27564134666245604,0.0
control,rebalance_25,,execution_friction,25,64,-0.000659047570391905,-0.0009221382607339089,0.02539511774978465,6.122640127260955,0.24490560509043818,0.0
control,rebalance_25,,known_signal,25,64,-0.0015834824610310352,-0.0017799489678421887,0.024186616873155018,6.105904758969605,0.2442361903587842,0.0
control,rebalance_25,,no_signal,25,64,-0.0014285147423846786,-0.0014470638385480742,0.00771986017128347,5.798951895240345,0.23195807580961378,0.0
control,rebalance_25,,regime_recurrence,25,64,-0.0036164557962897314,-0.0038381835931832896,0.025641925654740768,6.177063603335321,0.24708254413341282,0.0
control,rebalance_25,,signal_reversal,25,64,0.0033107900623321126,0.003084479412858227,0.023473022683347833,6.0653476676535885,0.24261390670614352,0.0
control,rebalance_25,,source_conflict,25,64,0.0016386964319539312,0.0013874110632309737,0.02417892290183992,6.066209682099482,0.2426483872839793,0.0
control,rebalance_25,,volatility_shift,25,64,-0.009223029404982081,-0.010034157242719713,0.04842607003180584,7.142985897762908,0.2857194359105163,0.0
control,rebalance_50,,all,0,512,0.0022499725721197147,-0.001110372164373639,0.05654154393894417,0.0,0.5207354017032717,0.0
control,rebalance_50,,delayed_cue,0,64,0.03138180065111848,0.012777104889005833,0.09108741841376784,0.0,0.5587746629131318,0.0
control,rebalance_50,,execution_friction,0,64,-6.107466332922265e-05,-0.0011662116038828499,0.05130331170112787,0.0,0.4958934690274491,0.0
control,rebalance_50,,known_signal,0,64,-0.0020060963227757408,-0.002842027598386335,0.049296150366510416,0.0,0.4992584211491034,0.0
control,rebalance_50,,no_signal,0,64,-0.0017496964548510668,-0.0018289416146202969,0.016080752670055227,0.0,0.48649309912332356,0.0
control,rebalance_50,,regime_recurrence,0,64,-0.00638597061268841,-0.00730427422116654,0.0522087526961151,0.0,0.5010447493321871,0.0
control,rebalance_50,,signal_reversal,0,64,0.008339060721631809,0.007355395595533134,0.0478023590483525,0.0,0.49878044231190605,0.0
control,rebalance_50,,source_conflict,0,64,0.00499339819902973,0.0039042864212494375,0.049265200380428906,0.0,0.4992024449337296,0.0
control,rebalance_50,,volatility_shift,0,64,-0.01651164094117786,-0.019778309182721495,0.09528840623519554,0.0,0.6264359248353427,0.0
control,rebalance_50,,all,10,512,0.0017349294017683767,-0.0016262497082331628,0.05661979637871143,5.204451849219485,0.5204451849219485,0.0
control,rebalance_50,,delayed_cue,10,64,0.030837175814706352,0.012240622351448672,0.09131511732594513,5.5903190203430535,0.5590319020343053,0.0
control,rebalance_50,,execution_friction,10,64,-0.000549807517137282,-0.0016564017203597424,0.05136063066746413,4.958863155656914,0.4958863155656914,0.0
control,rebalance_50,,known_signal,10,64,-0.0024942217115250173,-0.0033321069426607932,0.04933084264719827,4.988514651846058,0.4988514651846058,0.0
control,rebalance_50,,no_signal,10,64,-0.002238540852250486,-0.0023188438314312165,0.016124966249011136,4.860744505251035,0.4860744505251035,0.0
control,rebalance_50,,regime_recurrence,10,64,-0.0068852508726445025,-0.007808118777332063,0.052266921684298126,5.006129663334301,0.50061296633343,0.0
control,rebalance_50,,signal_reversal,10,64,0.007827684217693429,0.006847967667220779,0.04783902833954277,4.9833709261837065,0.4983370926183706,0.0
control,rebalance_50,,source_conflict,10,64,0.0045000982392735134,0.0034124709992604295,0.049336793166966667,4.990541944125092,0.4990541944125092,0.0
control,rebalance_50,,volatility_shift,10,64,-0.01711770210396899,-0.020395587412011366,0.09538407094926521,6.257130927015714,0.6257130927015714,0.0
control,rebalance_50,,all,25,512,0.0009518503759751986,-0.002410667972328109,0.05673492356889496,13.00009324351354,0.5200037297405417,0.0
control,rebalance_50,,delayed_cue,25,64,0.030025740037842245,0.011438122944299727,0.09166666801809957,13.982428232468582,0.5592971292987433,0.0
control,rebalance_50,,execution_friction,25,64,-0.0012967044606727075,-0.002403131960888957,0.05141711524043072,12.383034381590525,0.495321375263621,0.0
control,rebalance_50,,known_signal,25,64,-0.0032552326327227755,-0.004095624006154847,0.049398758341254914,12.46050478770119,0.49842019150804756,0.0
control,rebalance_50,,no_signal,25,64,-0.0029652325816883554,-0.0030475848111019546,0.016216090942990175,12.141148806608667,0.4856459522643467,0.0
control,rebalance_50,,regime_recurrence,25,64,-0.007644504559254533,-0.00857309062550404,0.05233412468576514,12.504586882121263,0.5001834752848505,0.0
control,rebalance_50,,signal_reversal,25,64,0.007065892098140866,0.006093092021622703,0.047882169677876396,12.454837002382261,0.4981934800952904,0.0
control,rebalance_50,,source_conflict,25,64,0.0037276564390257873,0.0026438966402069727,0.04945073938251945,12.46081036545794,0.49843241461831755,0.0
control,rebalance_50,,volatility_shift,25,64,-0.01804281133286894,-0.02134102398110448,0.09551372226222328,15.613395489777897,0.6245358195911159,0.0
control,rebalance_75,,all,0,512,0.004659745716636963,-0.0029228130954677797,0.0835473851944482,0.0,0.7767714219476267,0.0
control,rebalance_75,,delayed_cue,0,64,0.05765106208986549,0.015737691336956065,0.13180795791386685,0.0,0.7890793898947728,0.0
control,rebalance_75,,execution_friction,0,64,-7.121783952086617e-05,-0.0025742632065427974,0.07638820492497428,0.0,0.7449520668715423,0.0
control,rebalance_75,,known_signal,0,64,-0.00295716193104875,-0.004858427293967075,0.07346926152565997,0.0,0.7458276972175748,0.0
control,rebalance_75,,no_signal,0,64,-0.002618032848342954,-0.0028013351288500017,0.02427400278999528,0.0,0.7361305651100717,0.0
control,rebalance_75,,regime_recurrence,0,64,-0.00960611459495175,-0.01169194577611669,0.07777464927510352,0.0,0.7463688936880939,0.0
control,rebalance_75,,signal_reversal,0,64,0.01255406971472401,0.010336810632460449,0.07117369026047542,0.0,0.7446122553551433,0.0
control,rebalance_75,,source_conflict,0,64,0.007588249155070137,0.005127518943078428,0.07315737462860329,0.0,0.7453306456598576,0.0
control,rebalance_75,,volatility_shift,0,64,-0.025262888012699616,-0.032658554270760615,0.140333940236907,0.0,0.9618698617839573,0.0
control,rebalance_75,,all,10,512,0.0038813654109659066,-0.003701851391483004,0.08364526343031964,7.759785081190933,0.7759785081190933,0.0
control,rebalance_75,,delayed_cue,10,64,0.05688571026798848,0.014989520032599318,0.13211757282553002,7.886480230544632,0.7886480230544631,0.0
control,rebalance_75,,execution_friction,10,64,-0.0008080714976280209,-0.0033072396024204464,0.0764275017552355,7.442519065996782,0.7442519065996782,0.0
control,rebalance_75,,known_signal,10,64,-0.003723164526744748,-0.005623874260181084,0.07349541667322901,7.45199178286853,0.745199178286853,0.0
control,rebalance_75,,no_signal,10,64,-0.0033452663593482018,-0.003530913485173891,0.024344236369935192,7.3598670596590425,0.7359867059659042,0.0
control,rebalance_75,,regime_recurrence,10,64,-0.010338677014772516,-0.012432172990585855,0.07785292513979236,7.460579943832788,0.7460579943832788,0.0
control,rebalance_75,,signal_reversal,10,64,0.011781055025266746,0.009575012480096052,0.07120208167098137,7.4373144600485555,0.7437314460048555,0.0
control,rebalance_75,,source_conflict,10,64,0.00686736242352934,0.004410519254868036,0.07321139800194192,7.448577646643097,0.7448577646643096,0.0
control,rebalance_75,,volatility_shift,10,64,-0.026268025030563823,-0.03369566256106617,0.1405109750059117,9.590950459934039,0.9590950459934039,0.0
control,rebalance_75,,all,25,512,0.0027139734568724554,-0.004873026584743817,0.08381360153292951,19.38022945564595,0.775209178225838,0.0
control,rebalance_75,,delayed_cue,25,64,0.05574703737062786,0.013878892335245429,0.13255585522265295,19.72192675253322,0.7888770701013289,0.0
control,rebalance_75,,execution_friction,25,64,-0.001946342749379406,-0.004442967644357522,0.07650317653644702,18.579505703997846,0.7431802281599138,0.0
control,rebalance_75,,known_signal,25,64,-0.00485520755550212,-0.006760505429189431,0.07359355520948385,18.611828904096328,0.744473156163853,0.0
control,rebalance_75,,no_signal,25,64,-0.004444944744532792,-0.004634937521194621,0.02448093503098033,18.385303271661158,0.7354121308664463,0.0
control,rebalance_75,,regime_recurrence,25,64,-0.011481325627570938,-0.013587442105740843,0.07797550129433034,18.619796254137242,0.7447918501654897,0.0
control,rebalance_75,,signal_reversal,25,64,0.010622640681658035,0.008428263996900526,0.07124396165838064,18.559628665511948,0.7423851466204779,0.0
control,rebalance_75,,source_conflict,25,64,0.005752954648819097,0.0032996571768462795,0.07337940778951017,18.603494998317547,0.7441397999327019,0.0
control,rebalance_75,,volatility_shift,25,64,-0.027683024369140094,-0.03516517348646035,0.1407764195216508,23.96035109491231,0.9584140437964923,0.0
