variant,control,family,cost_bps,worlds,policy_seeds,delta_net_return,delta_log_growth,delta_max_drawdown,delta_costs,delta_turnover,delta_ruined
double_dqn,cash,all,0,512,3,0.2985071111512715,0.22361297338431155,0.08713583838459814,0.0,74.15584311163673,0.0
double_dqn,cash,all,10,512,3,0.21594391186311399,0.16233515374084936,0.09688332684493559,708.3509008412644,70.83509008412643,0.0
double_dqn,cash,all,25,512,3,0.104953731892934,0.07040615742425228,0.11193676061913635,1655.6838806747305,66.22735522698922,0.0
double_dqn,cash,delayed_cue,0,64,3,0.07230980206287854,0.029797106913211125,0.11681586717267536,0.0,1.2047005103396955,0.0
double_dqn,cash,delayed_cue,10,64,3,0.0711389494594404,0.028615403748529392,0.11752851813125992,12.077327304370518,1.207732730437052,0.0
double_dqn,cash,delayed_cue,25,64,3,0.06934391573532339,0.026789298064071616,0.11863159804398073,30.1017139778585,1.2040685591143399,0.0
double_dqn,cash,execution_friction,0,64,3,0.20528304301399253,0.18472334736019805,0.037112044615808935,0.0,34.37004967712736,0.0
double_dqn,cash,execution_friction,10,64,3,0.1682389826330645,0.1534817753273276,0.037843961375736486,338.30684008970917,33.83068400897091,0.0
double_dqn,cash,execution_friction,25,64,3,0.11499149214539206,0.10676420192644472,0.04011652791267019,826.6078918088116,33.064315672352464,0.0
double_dqn,cash,known_signal,0,64,3,0.7583457596644018,0.563462471582553,9.268560704810483e-05,0.0,126.24488544939048,0.0
double_dqn,cash,known_signal,10,64,3,0.6005181892068611,0.46938513415306177,0.0014616220282246482,1199.630985225492,119.96309852254917,0.0
double_dqn,cash,known_signal,25,64,3,0.3900176974310079,0.3282598628131624,0.005493970924127135,2782.4144253334553,111.29657701333822,0.0
double_dqn,cash,no_signal,0,64,3,-0.002632205514032947,-0.0028286105187327578,0.024226024187182428,0.0,0.7362057204676037,0.0
double_dqn,cash,no_signal,10,64,3,-0.0033635352112528012,-0.0035624784987715002,0.024296466083367652,7.358745719889913,0.7358745719889913,0.0
double_dqn,cash,no_signal,25,64,3,-0.004463564841474449,-0.00466739814426716,0.024438403467303752,18.384879052133698,0.7353951620853478,0.0
double_dqn,cash,regime_recurrence,0,64,3,0.20757659918168103,0.18751220106956626,0.16671695318191931,0.0,102.26071311394985,0.0
double_dqn,cash,regime_recurrence,10,64,3,0.10024213071885014,0.09442643160082638,0.19229194657315177,976.1400990607361,97.6140099060736,0.0
double_dqn,cash,regime_recurrence,25,64,3,-0.042995436899247154,-0.04512906631209696,0.22952644239091125,2279.1545323921096,91.16618129568438,0.0
double_dqn,cash,signal_reversal,0,64,3,-0.14909083952437396,-0.1626551148621243,0.29839291722243927,0.0,95.73095756407665,0.0
double_dqn,cash,signal_reversal,10,64,3,-0.22290200666767446,-0.2534876005099669,0.33940676954057913,916.1596593522593,91.61596593522593,0.0
double_dqn,cash,signal_reversal,25,64,3,-0.3216138926744293,-0.3895940110251005,0.39639944512489134,2147.6256587395387,85.90502634958153,0.0
double_dqn,cash,source_conflict,0,64,3,0.552575451794155,0.4380601697364399,0.012395802648183844,0.0,109.03011936378597,0.0
double_dqn,cash,source_conflict,10,64,3,0.4234376694140752,0.35125317058214717,0.014999697865606728,1040.6909461167188,104.06909461167189,0.0
double_dqn,cash,source_conflict,25,64,3,0.2498019905238952,0.22112539372538736,0.021946916379508227,2429.3711242683335,97.17484497073333,0.0
double_dqn,cash,volatility_shift,0,64,3,0.7436892785314699,0.550832215793381,0.04133441244152785,0.0,123.66911349395626,0.0
double_dqn,cash,volatility_shift,10,64,3,0.5902409153515479,0.45856939352364096,0.04723763316155831,1176.4426038609395,117.64426038609396,0.0
double_dqn,cash,volatility_shift,25,64,3,0.38454765372300437,0.3197009783464168,0.058940780709698194,2731.810819825603,109.27243279302414,0.0
double_dqn,hold_initial,all,0,512,3,0.2907440505897736,0.2290437701257348,-0.021513613518294148,0.0,73.17301047797727,0.0
double_dqn,hold_initial,all,10,512,3,0.2091636839352756,0.1687676356661109,-0.011958281979538875,698.5225745046697,69.85225745046696,0.0
double_dqn,hold_initial,all,25,512,3,0.0996477529155848,0.07834310145697294,0.0027957191711608263,1631.1130648332437,65.24452259332975,0.0
double_dqn,hold_initial,delayed_cue,0,64,3,-0.015232284661296246,0.014981992760973865,-0.051500404996373365,0.0,0.22207833350815218,0.0
double_dqn,hold_initial,delayed_cue,10,64,3,-0.015420515087902847,0.014839475751187067,-0.051271498654809136,2.251105536055086,0.22511055360550863,0.0
double_dqn,hold_initial,delayed_cue,25,64,3,-0.015741615546772537,0.014574448370844,-0.05089405527810187,5.536159557069915,0.22144638228279656,0.0
double_dqn,hold_initial,execution_friction,0,64,3,0.20530152019347692,0.18917427489634994,-0.06351104159715941,0.0,33.37947285766739,0.0
double_dqn,hold_initial,execution_friction,10,64,3,0.16924803663200885,0.15893263058482057,-0.0629315679463494,328.4010718951094,32.84010718951094,0.0
double_dqn,hold_initial,execution_friction,25,64,3,0.11748641137352638,0.11371684302668018,-0.060887985332384674,801.8434713223123,32.07373885289249,0.0
double_dqn,hold_initial,known_signal,0,64,3,0.7622989000765825,0.5707492814184733,-0.09619671802902006,0.0,125.26363347290736,0.0
double_dqn,hold_initial,known_signal,10,64,3,0.605452581595525,0.4776641332878859,-0.09496498021065532,1189.8184654606607,118.98184654606605,0.0
double_dqn,hold_initial,known_signal,25,64,3,0.39642396778439637,0.3380290064227515,-0.09115500313640158,2757.883125921377,110.3153250368551,0.0
double_dqn,hold_initial,no_signal,0,64,3,0.0008418297318815277,0.0009713994921399605,-0.008079703085496758,0.0,-0.2453572963278924,0.0
double_dqn,hold_initial,no_signal,10,64,3,0.0010920630514571546,0.0012236413038032052,-0.008119460064911703,-2.4568844480650487,-0.24568844480650487,0.0
double_dqn,hold_initial,no_signal,25,64,3,0.001464377946428775,0.0015997132654948856,-0.008194333351933826,-6.154196367753707,-0.24616785471014827,0.0
double_dqn,hold_initial,regime_recurrence,0,64,3,0.2203958664956757,0.20400433649977698,0.06461403278000806,0.0,101.2785976581532,0.0
double_dqn,hold_initial,regime_recurrence,10,64,3,0.11404351348864146,0.11192122241033843,0.09002226908476775,966.3189445027697,96.63189445027696,0.0
double_dqn,hold_initial,regime_recurrence,25,64,3,-0.027720880945760876,-0.0261283905641097,0.1270036955070538,2254.6016459971934,90.18406583988774,0.0
double_dqn,hold_initial,signal_reversal,0,64,3,-0.16569329724084766,-0.1753828956524811,0.20501708170773134,0.0,94.74901656911369,0.0
double_dqn,hold_initial,signal_reversal,10,64,3,-0.2385225233891852,-0.2652416979795544,0.24591731817319504,906.3402494026298,90.63402494026298,0.0
double_dqn,hold_initial,signal_reversal,25,64,3,-0.33576149790349563,-0.3998857900146932,0.3027392793067693,2123.077133865465,84.92308535461858,0.0
double_dqn,hold_initial,source_conflict,0,64,3,0.5423771212230838,0.4321644941894832,-0.08336405073573654,0.0,108.04910411525148,0.0
double_dqn,hold_initial,source_conflict,10,64,3,0.41422035409153846,0.34633737833299594,-0.08094325118223647,1030.880793631374,103.08807936313741,0.0
double_dqn,hold_initial,source_conflict,25,64,3,0.24205619807416018,0.2176812445978015,-0.07428805409902803,2404.8457430549715,96.19382972219886,0.0
double_dqn,hold_initial,volatility_shift,0,64,3,0.7756627488996325,0.5956872774011622,-0.13908810419030646,0.0,122.68753811354473,0.0
double_dqn,hold_initial,volatility_shift,10,64,3,0.623195961100122,0.5044643016374104,-0.13337508503531176,1166.6268500568242,116.66268500568243,0.0
double_dqn,hold_initial,volatility_shift,25,64,3,0.41897506254219574,0.36715773655101436,-0.12195779024668653,2707.271435315315,108.29085741261261,0.0
double_dqn,rebalance_100,all,0,512,3,0.2909772351407668,0.2293533367648387,-0.022042169545419998,0.0,73.13276192102185,0.0
double_dqn,rebalance_100,all,10,512,3,0.20940483071915758,0.16906982956765354,-0.012400445442697222,698.1271071398802,69.81271071398801,0.0
double_dqn,rebalance_100,all,25,512,3,0.09998173718156106,0.07871814451016956,0.0024224184519226334,1630.1938352087698,65.2077534083508,0.0
double_dqn,rebalance_100,delayed_cue,0,64,3,-0.0149062338301437,0.015603800296942014,-0.05207311189800793,0.0,0.21820242190405884,0.0
double_dqn,rebalance_100,delayed_cue,10,64,3,-0.015139894334227685,0.015335937674670522,-0.05171208703100717,2.2189360894728867,0.22189360894728868,0.0
double_dqn,rebalance_100,delayed_cue,25,64,3,-0.015469539091349316,0.014968006066536808,-0.05120022428866124,5.471030158568356,0.21884120634273418,0.0
double_dqn,rebalance_100,execution_friction,0,64,3,0.20533426171330652,0.18922991535018532,-0.063690207283119,0.0,33.37763864129009,0.0
double_dqn,rebalance_100,execution_friction,10,64,3,0.16929368661846714,0.15899350258427106,-0.06300562837972007,328.39574253441896,32.839574253441896,0.0
double_dqn,rebalance_100,execution_friction,25,64,3,0.1174827835554921,0.11371599882037715,-0.06084338339771242,801.8580353627402,32.07432141450961,0.0
double_dqn,rebalance_100,known_signal,0,64,3,0.7623468828445165,0.5708339097978957,-0.0965633682739347,0.0,125.25863084862395,0.0
double_dqn,rebalance_100,known_signal,10,64,3,0.6055153787712929,0.4777559687389902,-0.09522017723578266,1189.778921518286,118.9778921518286,0.0
double_dqn,rebalance_100,known_signal,25,64,3,0.39647880429557253,0.33809767734297935,-0.09130008680787118,2757.8209319668417,110.31283727867368,0.0
double_dqn,rebalance_100,no_signal,0,64,3,0.0008643262928602498,0.0009963600302912883,-0.008184023207369532,0.0,-0.2500345480735122,0.0
double_dqn,rebalance_100,no_signal,10,64,3,0.001114817491598085,0.0012485022005311805,-0.008207776991484096,-2.49796588140545,-0.24979658814054498,0.0
double_dqn,rebalance_100,no_signal,25,64,3,0.0014876037377493812,0.0016246524296656838,-0.008261504692348732,-6.242574140237508,-0.2497029656095003,0.0
double_dqn,rebalance_100,regime_recurrence,0,64,3,0.22039875177010776,0.20402607962286978,0.06437654666719209,0.0,101.27451727833972,0.0
double_dqn,rebalance_100,regime_recurrence,10,64,3,0.11401803277603695,0.11191033130444927,0.08985130348563028,966.2813332075364,96.62813332075362,0.0
double_dqn,rebalance_100,regime_recurrence,25,64,3,-0.027703526871470954,-0.0260978482282103,0.12689247692747951,2254.5521456496194,90.18208582598479,0.0
double_dqn,rebalance_100,signal_reversal,0,64,3,-0.16576943846185968,-0.17543563611213905,0.2048247366816794,0.0,94.74583151877547,0.0
double_dqn,rebalance_100,signal_reversal,10,64,3,-0.2386137183702446,-0.2653118957531517,0.2457609186476241,906.3099528714095,90.63099528714095,0.0
double_dqn,rebalance_100,signal_reversal,25,64,3,-0.33580020093428575,-0.3999123971970335,0.30265358215654314,2123.034079202025,84.921363168081,0.0
double_dqn,rebalance_100,source_conflict,0,64,3,0.5424147456266266,0.4322411136112977,-0.08370128844500824,0.0,108.04404017376295,0.0
double_dqn,rebalance_100,source_conflict,10,64,3,0.4142465217251076,0.34639752009771835,-0.08119631033584893,1030.8439112627816,103.08439112627815,0.0
double_dqn,rebalance_100,source_conflict,25,64,3,0.24209853928261824,0.21774316342138286,-0.0744455754401344,2404.775831153221,96.19103324612884,0.0
double_dqn,rebalance_100,volatility_shift,0,64,3,0.7771345851707202,0.5973311515213671,-0.14132664060479205,0.0,122.39326903355217,0.0
double_dqn,rebalance_100,volatility_shift,10,64,3,0.6248038210752301,0.5062287696937495,-0.1354738057009892,1163.6860255165416,116.36860255165418,0.0
double_dqn,rebalance_100,volatility_shift,25,64,3,0.4212794334781622,0.36960590342565836,-0.12411593684191365,2700.28120231738,108.0112480926952,0.0
double_dqn,rebalance_25,all,0,512,3,0.2978290201005623,0.22374718298359847,0.059010920334326866,0.0,73.90377932609617,0.0
double_dqn,rebalance_25,all,10,512,3,0.2155196793968142,0.1627236775484709,0.06871916807297632,705.8311540994574,70.58311540994573,0.0
double_dqn,rebalance_25,all,25,512,3,0.10490701091076216,0.07117299544696885,0.08371006027815385,1649.38761351237,65.9755045404948,0.0
double_dqn,rebalance_25,delayed_cue,0,64,3,0.05970914700690577,0.021715390134981655,0.0703627990248542,0.0,0.929024730376213,0.0
double_dqn,rebalance_25,delayed_cue,10,64,3,0.05880307514809125,0.02079909616840096,0.07093782384008333,9.32067834624758,0.9320678346247582,0.0
double_dqn,rebalance_25,delayed_cue,25,64,3,0.05740910439715529,0.01937440081886626,0.07183953138207817,23.210680311297097,0.9284272124518838,0.0
double_dqn,rebalance_25,execution_friction,0,64,3,0.20532292929544793,0.1850260927379146,0.011789030059002416,0.0,34.12506900237457,0.0
double_dqn,rebalance_25,execution_friction,10,64,3,0.1685217660487372,0.15402765621731676,0.012491455449064666,335.857054156772,33.5857054156772,0.0
double_dqn,rebalance_25,execution_friction,25,64,3,0.11565053971578396,0.10768634018717863,0.01472141016288554,820.4852516815506,32.81941006726203,0.0
double_dqn,rebalance_25,known_signal,0,64,3,0.7593293198360455,0.5646411133738837,-0.024036002300938112,0.0,126.00051788844746,0.0
double_dqn,rebalance_25,known_signal,10,64,3,0.601745150736228,0.47080782960831363,-0.02268750885909367,1197.1885250866005,119.71885250866005,0.0
double_dqn,rebalance_25,known_signal,25,64,3,0.3916011798920389,0.33003981178100456,-0.01869264594902788,2776.3085205744856,111.05234082297943,0.0
double_dqn,rebalance_25,no_signal,0,64,3,-0.0017944828035181032,-0.001973049628858794,0.01657962582240817,0.0,0.5035499484297616,0.0
double_dqn,rebalance_25,no_signal,10,64,3,-0.0022832742766544724,-0.0024641737566681037,0.016624728110231333,5.034978795034001,0.5034978795034001,0.0
double_dqn,rebalance_25,no_signal,25,64,3,-0.0030350500990897703,-0.003220334305719086,0.01671854329602028,12.585927156893352,0.5034370862757341,0.0
double_dqn,rebalance_25,regime_recurrence,0,64,3,0.21057351139262348,0.19072843688235447,0.14114417151997166,0.0,102.01364980237999,0.0
double_dqn,rebalance_25,regime_recurrence,10,64,3,0.10348340335912212,0.09788807003908666,0.1666818317323331,973.6694929468582,97.3669492946858,0.0
double_dqn,rebalance_25,regime_recurrence,25,64,3,-0.03937898110295743,-0.04129088271891367,0.20388451673617047,2272.9774687887743,90.91909875155096,0.0
double_dqn,rebalance_25,signal_reversal,0,64,3,-0.1529933039520112,-0.16632977853693448,0.2749564918425008,0.0,95.48832879696904,0.0
double_dqn,rebalance_25,signal_reversal,10,64,3,-0.2265689315158529,-0.25692737674370686,0.31596518421993974,913.7334425022386,91.37334425022387,0.0
double_dqn,rebalance_25,signal_reversal,25,64,3,-0.3249246827367614,-0.3926784904379587,0.3729264224415435,2141.560311071885,85.6624124428754,0.0
double_dqn,rebalance_25,source_conflict,0,64,3,0.5503035023213378,0.43604115771540697,-0.011722368305298467,0.0,108.78718038472897,0.0
double_dqn,rebalance_25,source_conflict,10,64,3,0.4214451691486929,0.3495121580946759,-0.009132129447375318,1038.26436065799,103.826436065799,0.0
double_dqn,rebalance_25,source_conflict,25,64,3,0.24816329409194127,0.21973798266215638,-0.0022320065223316943,2423.304914586234,96.93219658344935,0.0
double_dqn,rebalance_25,volatility_shift,0,64,3,0.7521815377076668,0.5601281011900396,-0.006986384987885731,0.0,123.38291405506338,0.0
double_dqn,rebalance_25,volatility_shift,10,64,3,0.5990110765261495,0.46814616076034826,-0.0011280404613726357,1173.580700303918,117.35807003039181,0.0
double_dqn,rebalance_25,volatility_shift,25,64,3,0.3937706831279864,0.3297351355891365,0.010514710677892359,2724.6678339278405,108.98671335711362,0.0
double_dqn,rebalance_50,all,0,512,3,0.29625713857915176,0.2247233455486852,0.030594294445653966,0.0,73.63510770993346,0.0
double_dqn,rebalance_50,all,10,512,3,0.21420898246134562,0.16396140344908253,0.04026353046622415,703.146448992045,70.3146448992045,0.0
double_dqn,rebalance_50,all,25,512,3,0.1040018815169588,0.0728168253965804,0.0552018370502414,1642.6837874312168,65.70735149724868,0.0
double_dqn,rebalance_50,delayed_cue,0,64,3,0.04092800141176007,0.017020002024205293,0.025728448758907528,0.0,0.6459258474265636,0.0
double_dqn,rebalance_50,delayed_cue,10,64,3,0.040301773644734036,0.01637478139708072,0.026213400805314774,6.487008284027466,0.6487008284027466,0.0
double_dqn,rebalance_50,delayed_cue,25,64,3,0.039318175697481146,0.015351175119771887,0.026964930025881156,16.119285745389917,0.6447714298155965,0.0
double_dqn,rebalance_50,execution_friction,0,64,3,0.20534411767732175,0.1858895589640809,-0.014191267085318928,0.0,33.87415620809992,0.0
double_dqn,rebalance_50,execution_friction,10,64,3,0.16878879015020176,0.15513817704768734,-0.013516669291727644,333.3479769340522,33.33479769340522,0.0
double_dqn,rebalance_50,execution_friction,25,64,3,0.11628819660606476,0.10916733388733367,-0.011300587327760533,814.2248574272211,32.56899429708884,0.0
double_dqn,rebalance_50,known_signal,0,64,3,0.7603518559871776,0.5663044991809394,-0.049203464759462315,0.0,125.74562702824139,0.0
double_dqn,rebalance_50,known_signal,10,64,3,0.6030124109183861,0.47271724109572255,-0.04786922061897362,1194.6424705736458,119.46424705736457,0.0
double_dqn,rebalance_50,known_signal,25,64,3,0.39327293006373065,0.33235548681931726,-0.04390478741712778,2769.953920545754,110.79815682183018,0.0
double_dqn,rebalance_50,no_signal,0,64,3,-0.0008825090591818804,-0.000999668904112461,0.0081452715171272,0.0,0.24971262134428016,0.0
double_dqn,rebalance_50,no_signal,10,64,3,-0.0011249943590023153,-0.0012436346673402835,0.00817149983435652,2.4980012146388777,0.24980012146388778,0.0
double_dqn,rebalance_50,no_signal,25,64,3,-0.0014983322597860935,-0.0016198133331652056,0.00822231252431358,6.243730245525029,0.24974920982100118,0.0
double_dqn,rebalance_50,regime_recurrence,0,64,3,0.21396256979436942,0.1948164752907328,0.1145082004858042,0.0,101.75966836461765,0.0
double_dqn,rebalance_50,regime_recurrence,10,64,3,0.10712738159149464,0.10223455037815844,0.14002502488885363,971.1339693974019,97.11339693974017,0.0
double_dqn,rebalance_50,regime_recurrence,25,64,3,-0.035350932339992626,-0.036555975686592926,0.1771923177051461,2266.6499455099884,90.66599782039953,0.0
double_dqn,rebalance_50,signal_reversal,0,64,3,-0.15742990024600578,-0.17001051045765744,0.25059055817408676,0.0,95.23217712176474,0.0
double_dqn,rebalance_50,signal_reversal,10,64,3,-0.23072969088536788,-0.26033556817718767,0.29156774120103635,911.1762884260755,91.11762884260756,0.0
double_dqn,rebalance_50,signal_reversal,25,64,3,-0.32867978477257015,-0.3956871030467232,0.34851727544701494,2135.170821737156,85.40683286948625,0.0
double_dqn,rebalance_50,source_conflict,0,64,3,0.5475820535951252,0.4341558833151905,-0.03686939773224506,0.0,108.53091691885224,0.0
double_dqn,rebalance_50,source_conflict,10,64,3,0.4189375711748017,0.34784069958288677,-0.03433709530135994,1035.7004041725938,103.57004041725938,0.0
double_dqn,rebalance_50,source_conflict,25,64,3,0.24607433408486942,0.2184814970851804,-0.02750382300301122,2416.9103139028757,96.67641255611503,0.0
double_dqn,rebalance_50,volatility_shift,0,64,3,0.7602009194726478,0.5706105249761025,-0.05395399379366769,0.0,123.04267756912093,0.0
double_dqn,rebalance_50,volatility_shift,10,64,3,0.6073586174555169,0.4789649809356523,-0.04814643778770689,1170.1854729339238,117.01854729339239,0.0
double_dqn,rebalance_50,volatility_shift,25,64,3,0.4025904650558733,0.34104200232752124,-0.03657294155252509,2716.1974243358254,108.64789697343302,0.0
double_dqn,rebalance_75,all,0,512,3,0.2938473654346345,0.22653578647977934,0.003588453190149937,0.0,73.37907168968911,0.0
double_dqn,rebalance_75,all,10,512,3,0.2120625464521481,0.16603700513233235,0.013238063414615949,700.5911157600734,70.05911157600734,0.0
double_dqn,rebalance_75,all,25,512,3,0.10223975843606153,0.0752791840089961,0.02812315908620684,1636.3036512190845,65.45214604876338,0.0
double_dqn,rebalance_75,delayed_cue,0,64,3,0.014658739973013058,0.01405941557625506,-0.014992090741191491,0.0,0.4156211204449226,0.0
double_dqn,rebalance_75,delayed_cue,10,64,3,0.01425323919145191,0.013625883715930074,-0.014589054694270097,4.190847073825887,0.41908470738258874,0.0
double_dqn,rebalance_75,delayed_cue,25,64,3,0.01359687836469553,0.012910405728826185,-0.013924257178672237,10.379787225325275,0.41519148901301095,0.0
double_dqn,rebalance_75,execution_friction,0,64,3,0.20535426085351338,0.18729761056674085,-0.03927616030916534,0.0,33.62509761025582,0.0
double_dqn,rebalance_75,execution_friction,10,64,3,0.16904705413069251,0.15678901492974806,-0.038583540379499,330.86432102371236,33.086432102371234,0.0
double_dqn,rebalance_75,execution_friction,25,64,3,0.11693783489477147,0.11120716957080223,-0.03638664862377683,808.0283861048138,32.32113544419255,0.0
double_dqn,rebalance_75,known_signal,0,64,3,0.7613029215954505,0.56832089887652,-0.07337657591861187,0.0,125.49905775217292,0.0
double_dqn,rebalance_75,known_signal,10,64,3,0.6042413537336059,0.47500900841324284,-0.07203379464500437,1192.1789934426233,119.21789934426232,0.0
double_dqn,rebalance_75,known_signal,25,64,3,0.39487290498651,0.3350203682423518,-0.06809958428535672,2763.802596429359,110.55210385717436,0.0
double_dqn,rebalance_75,no_signal,0,64,3,-1.417266568999299e-05,-2.7275389882756192e-05,-4.79786028128517e-05,0.0,7.515535753207549e-05,0.0
double_dqn,rebalance_75,no_signal,10,64,3,-1.8268851904599634e-05,-3.156501359760907e-05,-4.777028656753835e-05,-0.001121339769129745,-0.00011213397691295195,0.0
double_dqn,rebalance_75,no_signal,25,64,3,-1.8620096941656486e-05,-3.246062307253918e-05,-4.253156367658008e-05,-0.000424219527462244,-1.6968781098464572e-05,0.0
double_dqn,rebalance_75,regime_recurrence,0,64,3,0.21718271377663276,0.19920414684568294,0.08894230390681579,0.0,101.51434422026175,0.0
double_dqn,rebalance_75,regime_recurrence,10,64,3,0.11058080773362265,0.10685860459141223,0.11443902143335939,968.6795191169034,96.86795191169033,0.0
double_dqn,rebalance_75,regime_recurrence,25,64,3,-0.03151411127167622,-0.031541624206356124,0.1515509410965809,2260.5347361379722,90.42138944551888,0.0
double_dqn,rebalance_75,signal_reversal,0,64,3,-0.16164490923909797,-0.17299192549458475,0.22721922696196387,0.0,94.9863453087215,0.0
double_dqn,rebalance_75,signal_reversal,10,64,3,-0.2346830616929412,-0.26306261299006295,0.2682046878695978,908.7223448922107,90.87223448922107,0.0
double_dqn,rebalance_75,signal_reversal,25,64,3,-0.3322365333560873,-0.39802227502200105,0.32515548346651074,2129.0660300740265,85.16264120296105,0.0
double_dqn,rebalance_75,source_conflict,0,64,3,0.5449872026390848,0.4329326507933615,-0.06076157198041945,0.0,108.28478871812611,0.0
double_dqn,rebalance_75,source_conflict,10,64,3,0.4165703069905458,0.34684265132727915,-0.058211700136335184,1033.2423684700757,103.32423684700757,0.0
double_dqn,rebalance_75,source_conflict,25,64,3,0.2440490358750761,0.2178257365485411,-0.05143249141000194,2410.767629270016,96.43070517080064,0.0
double_dqn,rebalance_75,volatility_shift,0,64,3,0.7689521665441695,0.5834907700641417,-0.09899952779537916,0.0,122.70724363217231,0.0
double_dqn,rebalance_75,volatility_shift,10,64,3,0.6165089403821118,0.4922650560847071,-0.09327334184435339,1166.8516534010055,116.68516534010055,0.0
double_dqn,rebalance_75,volatility_shift,25,64,3,0.4122306780921445,0.3548661518328771,-0.0818356388119526,2707.850468730691,108.31401874922764,0.0
ppo,cash,all,0,512,3,0.30798463142437515,0.22879189755085386,0.08873326060856356,0.0,75.96881157078475,0.0
ppo,cash,all,10,512,3,0.22337636817620996,0.16609062292366933,0.09871493897602897,724.8938725697116,72.48938725697116,0.0
ppo,cash,all,25,512,3,0.10994057594889552,0.07201683598298496,0.1141021573519232,1691.5819001199854,67.66327600479941,0.0
ppo,cash,delayed_cue,0,64,3,0.12665518109005028,0.06684500050120717,0.11650401185192394,0.0,0.8267081145120494,0.0
ppo,cash,delayed_cue,10,64,3,0.12581956385019682,0.06608522718442444,0.11673920625630625,8.261024643839757,0.8261024643839758,0.0
ppo,cash,delayed_cue,25,64,3,0.12459124695696255,0.0649325707554281,0.11713531187021475,20.63879298671491,0.8255517194685964,0.0
ppo,cash,execution_friction,0,64,3,0.20564020912763734,0.1850195111222664,0.03711181098351512,0.0,34.42755914439135,0.0
ppo,cash,execution_friction,10,64,3,0.16851526584359128,0.15371658389400822,0.03784320289293156,338.8453197688929,33.884531976889285,0.0
ppo,cash,execution_friction,25,64,3,0.11517912580178188,0.10693179863372854,0.04011087105509878,827.8973228258205,33.11589291303282,0.0
ppo,cash,known_signal,0,64,3,0.7588021594684958,0.5637238334259134,9.270460703778884e-05,0.0,126.34398184427907,0.0
ppo,cash,known_signal,10,64,3,0.6008591378400235,0.4695995730518497,0.0014614609955949601,1200.5775439934725,120.05775439934725,0.0
ppo,cash,known_signal,25,64,3,0.3901705153780111,0.3283698540193493,0.005493704320419152,2784.506182319643,111.38024729278574,0.0
ppo,cash,no_signal,0,64,3,-0.002331021204595465,-0.0025499803660160307,0.02160669826303464,0.0,0.6574935123607439,0.0
ppo,cash,no_signal,10,64,3,-0.002985568468567258,-0.003207320466201787,0.0216694953832345,6.571141067530242,0.6571141067530242,0.0
ppo,cash,no_signal,25,64,3,-0.003967445719482553,-0.004194700382621896,0.021799938773101657,16.41830212824747,0.6567320851298988,0.0
ppo,cash,regime_recurrence,0,64,3,0.1983017180984719,0.1798540397855414,0.17340014194100614,0.0,103.41054777896227,0.0
ppo,cash,regime_recurrence,10,64,3,0.09020665658858629,0.08534086519449083,0.19989097137249537,986.6146136604588,98.66146136604587,0.0
ppo,cash,regime_recurrence,25,64,3,-0.053802161563907144,-0.05636497574346614,0.23836953247300496,2301.6632876522103,92.06653150608841,0.0
ppo,cash,signal_reversal,0,64,3,-0.1626025579223138,-0.17840066658178563,0.3097028416293621,0.0,98.11159477255197,0.0
ppo,cash,signal_reversal,10,64,3,-0.23738714263987848,-0.27194536017047155,0.3518638872240427,938.04057956053,93.804057956053,0.0
ppo,cash,signal_reversal,25,64,3,-0.33714164406429675,-0.4122252000005844,0.4103099028598663,2195.632389418189,87.82529557672756,0.0
ppo,cash,source_conflict,0,64,3,0.5803723637624162,0.45622520115385373,0.011457241148944496,0.0,117.75265778866509,0.0
ppo,cash,source_conflict,10,64,3,0.4403298235856898,0.3634023495867546,0.014101266823334749,1120.7056353628814,112.07056353628813,0.0
ppo,cash,source_conflict,25,64,3,0.25313111080883327,0.22403923226357053,0.021610491261056516,2604.5000636879577,104.1800025475183,0.0
ppo,cash,volatility_shift,0,64,3,0.7590389989748387,0.5596182413658505,0.03999063444368424,0.0,126.21994961055552,0.0
ppo,cash,volatility_shift,10,64,3,0.6016532088100376,0.46573306511450013,0.04615002086029161,1199.5351225000873,119.95351225000873,0.0
ppo,cash,volatility_shift,25,64,3,0.39136385999326173,0.32464610831847557,0.0579875062026234,2781.3988599411,111.25595439764399,0.0
ppo,hold_initial,all,0,512,3,0.30022157086287726,0.2342226942922771,-0.019916191294328724,0.0,74.9859789371253,0.0
ppo,hold_initial,all,10,512,3,0.21659614024837157,0.17252310484893082,-0.01012666984844549,715.065546233117,71.50655462331169,0.0
ppo,hold_initial,all,25,512,3,0.10463459697154633,0.07995378001570562,0.004961115903947666,1667.0110842784986,66.68044337113994,0.0
ppo,hold_initial,delayed_cue,0,64,3,0.0391130943658755,0.05202988634896991,-0.0518122603171248,0.0,-0.15591406231949392,0.0
ppo,hold_initial,delayed_cue,10,64,3,0.039260099302853596,0.05230929918708212,-0.0520608105297628,-1.5651971244756748,-0.1565197124475675,0.0
ppo,hold_initial,delayed_cue,25,64,3,0.039505715674866625,0.05271772106220048,-0.05239034145186784,-3.9267614340736707,-0.15707045736294684,0.0
ppo,hold_initial,execution_friction,0,64,3,0.20565868630712172,0.18947043865841828,-0.06351127522945323,0.0,33.43698232493138,0.0
ppo,hold_initial,execution_friction,10,64,3,0.16952431984253566,0.1591674391515012,-0.06293232642915432,328.93955157429315,32.89395515742931,0.0
ppo,hold_initial,execution_friction,25,64,3,0.11767404502991621,0.113884439733964,-0.060893642189956076,803.1329023393212,32.12531609357285,0.0
ppo,hold_initial,known_signal,0,64,3,0.7627552998806765,0.5710106432618336,-0.09619669902903039,0.0,125.36272986779595,0.0
ppo,hold_initial,known_signal,10,64,3,0.6057935302286874,0.47787857218667373,-0.094965141243285,1190.7650242286413,119.07650242286412,0.0
ppo,hold_initial,known_signal,25,64,3,0.39657678573139965,0.33813899762893845,-0.09115526974010957,2759.9748829075647,110.39899531630262,0.0
ppo,hold_initial,no_signal,0,64,3,0.00114301404131901,0.0012500296448566873,-0.010699029009644544,0.0,-0.3240695044347522,0.0
ppo,hold_initial,no_signal,10,64,3,0.0014700297941426983,0.001578799336372918,-0.010746430765044857,-3.24448910042472,-0.32444891004247195,0.0
ppo,hold_initial,no_signal,25,64,3,0.0019604970684206705,0.0020724110271401496,-0.010832798046135923,-8.120773291639933,-0.32483093166559734,0.0
ppo,hold_initial,regime_recurrence,0,64,3,0.21112098541246657,0.19634617521575212,0.07129722153909489,0.0,102.42843232316562,0.0
ppo,hold_initial,regime_recurrence,10,64,3,0.1040080393583776,0.10283565600400288,0.09762129388411135,976.7934591024923,97.67934591024922,0.0
ppo,hold_initial,regime_recurrence,25,64,3,-0.03852760561042086,-0.037364299995478883,0.13584678558914753,2277.110401257294,91.08441605029176,0.0
ppo,hold_initial,signal_reversal,0,64,3,-0.17920501563878752,-0.19112844737214243,0.21632700611465422,0.0,97.12965377758901,0.0
ppo,hold_initial,signal_reversal,10,64,3,-0.25300765936138925,-0.2836994576400591,0.25837443585665865,928.2211696109005,92.82211696109005,0.0
ppo,hold_initial,signal_reversal,25,64,3,-0.3512892492933631,-0.4225169789901771,0.31664973704174426,2171.0838645441154,86.84335458176461,0.0
ppo,hold_initial,source_conflict,0,64,3,0.570174033191345,0.45032952560689704,-0.08430261223497588,0.0,116.77164254013061,0.0
ppo,hold_initial,source_conflict,10,64,3,0.43111250826315306,0.3584865573376034,-0.08184168222450844,1110.8954828775366,111.08954828775366,0.0
ppo,hold_initial,source_conflict,25,64,3,0.24538531835909827,0.22059508313598467,-0.07462447921747975,2579.9746824745957,103.19898729898381,0.0
ppo,hold_initial,volatility_shift,0,64,3,0.7910124693430013,0.6044733029736317,-0.14043188218815006,0.0,125.23837423014399,0.0
ppo,hold_initial,volatility_shift,10,64,3,0.6346082545586117,0.5116279732282696,-0.13446269733657845,1189.719368695972,118.9719368695972,0.0
ppo,hold_initial,volatility_shift,25,64,3,0.4257912688124531,0.3721028665230732,-0.12291106475376133,2756.8594754308115,110.27437901723246,0.0
ppo,rebalance_100,all,0,512,3,0.30045475541387046,0.23453226093138105,-0.020444747321454574,0.0,74.94573038016988,0.0
ppo,rebalance_100,all,10,512,3,0.21683728703225352,0.1728252987504735,-0.010568833311603838,714.6700788683274,71.46700788683273,0.0
ppo,rebalance_100,all,25,512,3,0.10496858123752259,0.08032882306890224,0.004587815184709473,1666.0918546540247,66.643674186161,0.0
ppo,rebalance_100,delayed_cue,0,64,3,0.03943914519702804,0.05265169388493806,-0.05238496721875936,0.0,-0.15978997392358726,0.0
ppo,rebalance_100,delayed_cue,10,64,3,0.03954072005652876,0.05280576111056558,-0.05250139890596084,-1.5973665710578744,-0.15973665710578744,0.0
ppo,rebalance_100,delayed_cue,25,64,3,0.03977779213028985,0.053111278757893295,-0.05269651046242721,-3.9918908325752303,-0.1596756333030092,0.0
ppo,rebalance_100,execution_friction,0,64,3,0.20569142782695135,0.18952607911225366,-0.06369044091541282,0.0,33.435148108554074,0.0
ppo,rebalance_100,execution_friction,10,64,3,0.16956996982899394,0.15922831115095168,-0.063006386862525,328.9342222136027,32.89342222136027,0.0
ppo,rebalance_100,execution_friction,25,64,3,0.11767041721188193,0.11388359552766097,-0.06084904025528383,803.1474663797492,32.125898655189964,0.0
ppo,rebalance_100,known_signal,0,64,3,0.7628032826486105,0.5710952716412561,-0.09656334927394501,0.0,125.35772724351253,0.0
ppo,rebalance_100,known_signal,10,64,3,0.6058563274044554,0.47797040763777804,-0.09522033826841235,1190.725480286267,119.07254802862667,0.0
ppo,rebalance_100,known_signal,25,64,3,0.3966316222425758,0.3382076685491663,-0.09130035341157916,2759.9126889530294,110.3965075581212,0.0
ppo,rebalance_100,no_signal,0,64,3,0.0011655106022977321,0.0012749901830080151,-0.010803349131517318,0.0,-0.32874675618037197,0.0
ppo,rebalance_100,no_signal,10,64,3,0.0014927842342836288,0.0016036602331008936,-0.01083474769161725,-3.285570533765121,-0.3285570533765121,0.0
ppo,rebalance_100,no_signal,25,64,3,0.0019837228597412767,0.002097350191310948,-0.010899969386550828,-8.209151064123736,-0.3283660425649494,0.0
ppo,rebalance_100,regime_recurrence,0,64,3,0.21112387068689864,0.19636791833884493,0.07105973542627891,0.0,102.42435194335214,0.0
ppo,rebalance_100,regime_recurrence,10,64,3,0.10398255864577309,0.10282476489811372,0.09745032828497388,976.755847807259,97.6755847807259,0.0
ppo,rebalance_100,regime_recurrence,25,64,3,-0.03851025153613094,-0.03733375765957948,0.13573556700957323,2277.06090090972,91.08243603638881,0.0
ppo,rebalance_100,signal_reversal,0,64,3,-0.1792811568597995,-0.19118118783180038,0.21613466108860224,0.0,97.1264687272508,0.0
ppo,rebalance_100,signal_reversal,10,64,3,-0.2530988543424486,-0.2837696554136564,0.25821803633108764,928.1908730796802,92.81908730796802,0.0
ppo,rebalance_100,signal_reversal,25,64,3,-0.3513279523241532,-0.42254358617251736,0.3165640398915181,2171.0408098806756,86.84163239522702,0.0
ppo,rebalance_100,source_conflict,0,64,3,0.5702116575948878,0.45040614502871146,-0.08463984994424759,0.0,116.76657859864207,0.0
ppo,rebalance_100,source_conflict,10,64,3,0.4311386758967222,0.3585466991023257,-0.08209474137812091,1110.858600508944,111.0858600508944,0.0
ppo,rebalance_100,source_conflict,25,64,3,0.2454276595675563,0.22065700195956603,-0.07478200055858611,2579.9047705728453,103.1961908229138,0.0
ppo,rebalance_100,volatility_shift,0,64,3,0.792484305614089,0.6061171770938365,-0.14267041860263566,0.0,124.94410515015142,0.0
ppo,rebalance_100,volatility_shift,10,64,3,0.6362161145337197,0.5133924412846087,-0.1365614180022559,1186.7785441556894,118.67785441556894,0.0
ppo,rebalance_100,volatility_shift,25,64,3,0.42809563974841963,0.3745510333977171,-0.12506921134898843,2749.8692424328765,109.99476969731506,0.0
ppo,rebalance_25,all,0,512,3,0.3073065403736659,0.22892610715014078,0.06060834255829229,0.0,75.7167477852442,0.0
ppo,rebalance_25,all,10,512,3,0.22295213570991015,0.16647914673129086,0.07055078020406971,722.3741258279045,72.23741258279045,0.0
ppo,rebalance_25,all,25,512,3,0.10989385496672369,0.07278367400570153,0.08587545701094068,1685.2856329576248,67.41142531830499,0.0
ppo,rebalance_25,delayed_cue,0,64,3,0.11405452603407752,0.058763283722977705,0.07005094370410278,0.0,0.5510323345485669,0.0
ppo,rebalance_25,delayed_cue,10,64,3,0.1134836895388477,0.05826891960429601,0.07014851196512967,5.504375685716821,0.550437568571682,0.0
ppo,rebalance_25,delayed_cue,25,64,3,0.11265643561879446,0.057517673510222744,0.0703432452083122,13.747759320153511,0.5499103728061404,0.0
ppo,rebalance_25,execution_friction,0,64,3,0.20568009540909274,0.18532225649998293,0.0117887964267086,0.0,34.18257846963856,0.0
ppo,rebalance_25,execution_friction,10,64,3,0.168798049259264,0.15426246478399738,0.012490696966259741,336.39553383595575,33.63955338359557,0.0
ppo,rebalance_25,execution_friction,25,64,3,0.1158381733721738,0.10785393689446245,0.014715753305314131,821.7746826985596,32.87098730794238,0.0
ppo,rebalance_25,known_signal,0,64,3,0.7597857196401395,0.564902475217244,-0.02403598330094843,0.0,126.09961428333604,0.0
ppo,rebalance_25,known_signal,10,64,3,0.6020860993693905,0.47102226850710155,-0.02268766989172336,1198.1350838545814,119.81350838545812,0.0
ppo,rebalance_25,known_signal,25,64,3,0.3917539978390422,0.33014980298719154,-0.018692912552735867,2778.4002775606737,111.13601110242695,0.0
ppo,rebalance_25,no_signal,0,64,3,-0.001493298494080621,-0.0016944194761420674,0.013960299898260382,0.0,0.42483774032290184,0.0
ppo,rebalance_25,no_signal,10,64,3,-0.001905307533968929,-0.0021090157240983907,0.01399775741009818,4.24737414267433,0.424737414267433,0.0
ppo,rebalance_25,no_signal,25,64,3,-0.002538930977097875,-0.002747636544073822,0.014080078601818185,10.619350233007125,0.42477400932028503,0.0
ppo,rebalance_25,regime_recurrence,0,64,3,0.20129863030941436,0.1830702755983296,0.1478273602790585,0.0,103.16348446739241,0.0
ppo,rebalance_25,regime_recurrence,10,64,3,0.09344792922885826,0.0888025036327511,0.17428085653167671,984.1440075465808,98.41440075465808,0.0
ppo,rebalance_25,regime_recurrence,25,64,3,-0.05018570576761741,-0.05252679215028285,0.2127276068182642,2295.486224048875,91.819448961955,0.0
ppo,rebalance_25,signal_reversal,0,64,3,-0.16650502234995102,-0.1820753302565958,0.28626641624942367,0.0,97.86896600544436,0.0
ppo,rebalance_25,signal_reversal,10,64,3,-0.24105406748805694,-0.27538513640421153,0.3284223019034033,935.6143627105093,93.56143627105094,0.0
ppo,rebalance_25,signal_reversal,25,64,3,-0.34045243412662884,-0.4153096794134426,0.38683688017651846,2189.5670417505353,87.58268167002142,0.0
ppo,rebalance_25,source_conflict,0,64,3,0.578100414289599,0.45420618913282074,-0.012660929804537816,0.0,117.5097188096081,0.0
ppo,rebalance_25,source_conflict,10,64,3,0.4383373233203075,0.3616613370992833,-0.010030560489647298,1118.2790499041525,111.82790499041525,0.0
ppo,rebalance_25,source_conflict,25,64,3,0.25149241437687936,0.22265182120033955,-0.0025684316407834067,2598.433854005858,103.93735416023432,0.0
ppo,rebalance_25,volatility_shift,0,64,3,0.7675312581510357,0.5689141267625091,-0.008330162985729339,0.0,125.93375017166264,0.0
ppo,rebalance_25,volatility_shift,10,64,3,0.6104233699846392,0.4753098323512075,-0.002215652762639339,1196.6732189430656,119.66732189430658,0.0
ppo,rebalance_25,volatility_shift,25,64,3,0.40058688939824383,0.3346802655611953,0.00956143617081756,2774.255874043337,110.97023496173348,0.0
ppo,rebalance_50,all,0,512,3,0.3057346588522554,0.2299022697152275,0.03219171666961939,0.0,75.44807616908149,0.0
ppo,rebalance_50,all,10,512,3,0.22164143877444156,0.1677168726319025,0.04209514259731754,719.6894207204921,71.96894207204922,0.0
ppo,rebalance_50,all,25,512,3,0.10898872557292032,0.07442750395531307,0.057367233783028236,1678.5818068764718,67.14327227505888,0.0
ppo,rebalance_50,delayed_cue,0,64,3,0.09527338043893181,0.05406789561220134,0.0254165934381561,0.0,0.26793345159891746,0.0
ppo,rebalance_50,delayed_cue,10,64,3,0.09498238803549049,0.053844604832975776,0.025424088930361112,2.670705623496705,0.26707056234967047,0.0
ppo,rebalance_50,delayed_cue,25,64,3,0.0945655069191203,0.05349444781112837,0.025468643852115187,6.65636475424633,0.2662545901698532,0.0
ppo,rebalance_50,execution_friction,0,64,3,0.20570128379096655,0.18618572272614925,-0.014191500717612745,0.0,33.9316656753639,0.0
ppo,rebalance_50,execution_friction,10,64,3,0.16906507336072857,0.15537298561436796,-0.013517427774532569,333.886456613236,33.388645661323594,0.0
ppo,rebalance_50,execution_friction,25,64,3,0.11647583026245459,0.10933493059461749,-0.01130624418533194,815.51428844423,32.6205715377692,0.0
ppo,rebalance_50,known_signal,0,64,3,0.7608082557912715,0.5665658610242997,-0.04920344575947263,0.0,125.84472342312996,0.0
ppo,rebalance_50,known_signal,10,64,3,0.6033533595515486,0.47293167999451047,-0.0478693816516033,1195.5890293416267,119.55890293416265,0.0
ppo,rebalance_50,known_signal,25,64,3,0.3934257480107339,0.3324654780255042,-0.04390505402083576,2772.0456775319417,110.8818271012777,0.0
ppo,rebalance_50,no_signal,0,64,3,-0.0005813247497443981,-0.000721038751395734,0.005525945592979412,0.0,0.17100041323742038,0.0
ppo,rebalance_50,no_signal,10,64,3,-0.0007470276163167716,-0.0008884766347705703,0.005544529134223366,1.7103965622792068,0.17103965622792067,0.0
ppo,rebalance_50,no_signal,25,64,3,-0.001002213137794198,-0.0011471155715199414,0.005583847830111483,4.277153321638802,0.1710861328655521,0.0
ppo,rebalance_50,regime_recurrence,0,64,3,0.2046876887111603,0.18715831400670796,0.12119138924489103,0.0,102.90950302963009,0.0
ppo,rebalance_50,regime_recurrence,10,64,3,0.09709190746123078,0.09314898397182289,0.14762404968819723,981.6084839971245,98.16084839971244,0.0
ppo,rebalance_50,regime_recurrence,25,64,3,-0.04615765700465261,-0.047791885117962105,0.18603540778723984,2289.158700770089,91.56634803080357,0.0
ppo,rebalance_50,signal_reversal,0,64,3,-0.1709416186439456,-0.18575606217731877,0.2619004825810096,0.0,97.61281433024007,0.0
ppo,rebalance_50,signal_reversal,10,64,3,-0.2452148268575719,-0.27879332783769234,0.3040248588845,933.0572086343462,93.30572086343463,0.0
ppo,rebalance_50,signal_reversal,25,64,3,-0.3442075361624376,-0.4183182920222071,0.3624277331819899,2183.177552415807,87.32710209663227,0.0
ppo,rebalance_50,source_conflict,0,64,3,0.5753789655633865,0.4523209147326043,-0.03780795923148441,0.0,117.25345534373136,0.0
ppo,rebalance_50,source_conflict,10,64,3,0.4358297253464163,0.35998987858749415,-0.03523552634363192,1115.7150934187562,111.57150934187563,0.0
ppo,rebalance_50,source_conflict,25,64,3,0.2494034543698075,0.22139533562336355,-0.02784024812146293,2592.0392533224995,103.68157013289998,0.0
ppo,rebalance_50,volatility_shift,0,64,3,0.7755506399160166,0.579396550548572,-0.055297771791511297,0.0,125.59351368572017,0.0
ppo,rebalance_50,volatility_shift,10,64,3,0.6187709109140065,0.4861286525265115,-0.0492340500889736,1193.2779915730714,119.32779915730715,0.0
ppo,rebalance_50,volatility_shift,25,64,3,0.4094066713261307,0.34598713229958006,-0.03752621605959989,2765.785464451322,110.63141857805287,0.0
ppo,rebalance_75,all,0,512,3,0.3033248857077382,0.23171471064632165,0.0051858754141153604,0.0,75.19204014883714,0.0
ppo,rebalance_75,all,10,512,3,0.21949500276524403,0.16979247431515232,0.015069675545709333,717.1340874885207,71.71340874885206,0.0
ppo,rebalance_75,all,25,512,3,0.10722660249202307,0.07688986256772877,0.030288555818993677,1672.2016706643394,66.88806682657358,0.0
ppo,rebalance_75,delayed_cue,0,64,3,0.0690041190001848,0.05110730916425111,-0.015303946061942924,0.0,0.037628724617276524,0.0
ppo,rebalance_75,delayed_cue,10,64,3,0.06893385358220835,0.051095707151825126,-0.015378366569223761,0.3745444132951266,0.037454441329512624,0.0
ppo,rebalance_75,delayed_cue,25,64,3,0.06884420958633469,0.05105367842018267,-0.015420543352438207,0.9168662341816889,0.03667464936726756,0.0
ppo,rebalance_75,execution_friction,0,64,3,0.20571142696715822,0.1875937743288092,-0.03927639394145915,0.0,33.68260707751981,0.0
ppo,rebalance_75,execution_friction,10,64,3,0.16932333734121932,0.15702382349642868,-0.038584298862303926,331.4028007028961,33.140280070289606,0.0
ppo,rebalance_75,execution_friction,25,64,3,0.1171254685511613,0.11137476627808605,-0.03639230548134824,809.3178171218227,32.37271268487291,0.0
ppo,rebalance_75,known_signal,0,64,3,0.7617593213995446,0.5685822607198805,-0.07337655691862219,0.0,125.59815414706149,0.0
ppo,rebalance_75,known_signal,10,64,3,0.6045823023667684,0.47522344731203076,-0.07203395567763404,1193.1255522106042,119.31255522106039,0.0
ppo,rebalance_75,known_signal,25,64,3,0.39502572293351323,0.33513035944853875,-0.0680998508890647,2765.894353415547,110.63577413662188,0.0
ppo,rebalance_75,no_signal,0,64,3,0.0002870116437474893,0.0002513547628339707,-0.0026673045269606397,0.0,-0.0786370527493277,0.0
ppo,rebalance_75,no_signal,10,64,3,0.000359697890780944,0.000323593018972104,-0.0026747409867006913,-0.7887259921288007,-0.07887259921288005,0.0
ppo,rebalance_75,no_signal,25,64,3,0.00047749902505023895,0.0004402371385727249,-0.002680996257878676,-1.9670011434136894,-0.07868004573654755,0.0
ppo,rebalance_75,regime_recurrence,0,64,3,0.20790783269342364,0.1915459855616581,0.09562549266590262,0.0,102.66417888527418,0.0
ppo,rebalance_75,regime_recurrence,10,64,3,0.1005453336033588,0.09777303818507668,0.12203804623270299,979.154033716626,97.91540337166259,0.0
ppo,rebalance_75,regime_recurrence,25,64,3,-0.042320835936336204,-0.0427775336377253,0.16039403117867462,2283.043491398073,91.32173965592293,0.0
ppo,rebalance_75,signal_reversal,0,64,3,-0.17515662763703782,-0.18873747721424608,0.23852915136888672,0.0,97.36698251719683,0.0
ppo,rebalance_75,signal_reversal,10,64,3,-0.24916819766514522,-0.2815203726505676,0.28066180555306136,930.6032651004814,93.06032651004814,0.0
ppo,rebalance_75,signal_reversal,25,64,3,-0.3477642847459548,-0.42065346399748493,0.33906594120148564,2177.072760752677,87.08291043010708,0.0
ppo,rebalance_75,source_conflict,0,64,3,0.5727841146073461,0.4510976822107753,-0.06170013347965879,0.0,117.00732714300524,0.0
ppo,rebalance_75,source_conflict,10,64,3,0.4334624611621605,0.35899183033188653,-0.05911013117860717,1113.2570577162383,111.32570577162383,0.0
ppo,rebalance_75,source_conflict,25,64,3,0.24737815616001418,0.22073957508672423,-0.051768916528453654,2585.89656868964,103.43586274758559,0.0
ppo,rebalance_75,volatility_shift,0,64,3,0.7843018869875383,0.5922767956366111,-0.10034330579322276,0.0,125.25807974877155,0.0
ppo,rebalance_75,volatility_shift,10,64,3,0.6279212338406014,0.49942872767556634,-0.0943609541456201,1189.944172040153,118.99441720401532,0.0
ppo,rebalance_75,volatility_shift,25,64,3,0.41904688436240184,0.35981128180493593,-0.08278891331902741,2757.4385088461877,110.2975403538475,0.0
ppo_episodic,cash,all,0,512,3,0.3029090494494594,0.2220510620423606,0.09663180015234815,0.0,76.02987866204775,0.0
ppo_episodic,cash,all,10,512,3,0.2182471801398584,0.159289445255711,0.10663195730072622,725.5042397078145,72.55042397078145,0.0
ppo_episodic,cash,all,25,512,3,0.10472038657514163,0.06511575736433442,0.12205171733304544,1693.1070303570727,67.72428121428291,0.0
ppo_episodic,cash,delayed_cue,0,64,3,0.08721603589302225,0.014193306616269108,0.1688889790706833,0.0,0.9864980884356366,0.0
ppo_episodic,cash,delayed_cue,10,64,3,0.08627884379366807,0.013279466073858874,0.16924060516226708,9.858391214897633,0.9858391214897632,0.0
ppo_episodic,cash,delayed_cue,25,64,3,0.08481345482667271,0.011821291997534804,0.16983182233264196,24.63068381929014,0.9852273527716057,0.0
ppo_episodic,cash,execution_friction,0,64,3,0.20564020912763734,0.1850195111222664,0.03711181098351512,0.0,34.42755914439135,0.0
ppo_episodic,cash,execution_friction,10,64,3,0.16851526584359128,0.15371658389400822,0.03784320289293156,338.8453197688929,33.884531976889285,0.0
ppo_episodic,cash,execution_friction,25,64,3,0.11517912580178188,0.10693179863372854,0.04011087105509878,827.8973228258205,33.11589291303282,0.0
ppo_episodic,cash,known_signal,0,64,3,0.7588021594684958,0.5637238334259134,9.270460703778884e-05,0.0,126.34398184427907,0.0
ppo_episodic,cash,known_signal,10,64,3,0.6008591378400235,0.4695995730518497,0.0014614609955949601,1200.5775439934725,120.05775439934725,0.0
ppo_episodic,cash,known_signal,25,64,3,0.3901705153780111,0.3283698540193493,0.005493704320419152,2784.506182319643,111.38024729278574,0.0
ppo_episodic,cash,no_signal,0,64,3,-0.003496531806893197,-0.0038249705490240463,0.03241004739455196,0.0,0.9862402685411159,0.0
ppo_episodic,cash,no_signal,10,64,3,-0.0044783527028508865,-0.004810980699302681,0.03250424307485175,9.856711601295363,0.9856711601295363,0.0
ppo_episodic,cash,no_signal,25,64,3,-0.00595116857922383,-0.006292050573932844,0.032699908159652485,24.627453192371206,0.9850981276948482,0.0
ppo_episodic,cash,regime_recurrence,0,64,3,0.1983017180984719,0.1798540397855414,0.17340014194100614,0.0,103.41054777896227,0.0
ppo_episodic,cash,regime_recurrence,10,64,3,0.09020665658858629,0.08534086519449083,0.19989097137249537,986.6146136604588,98.66146136604587,0.0
ppo_episodic,cash,regime_recurrence,25,64,3,-0.053802161563907144,-0.05636497574346614,0.23836953247300496,2301.6632876522103,92.06653150608841,0.0
ppo_episodic,cash,signal_reversal,0,64,3,-0.1626025579223138,-0.17840066658178563,0.3097028416293621,0.0,98.11159477255197,0.0
ppo_episodic,cash,signal_reversal,10,64,3,-0.23738714263987848,-0.27194536017047155,0.3518638872240427,938.04057956053,93.804057956053,0.0
ppo_episodic,cash,signal_reversal,25,64,3,-0.33714164406429675,-0.4122252000005844,0.4103099028598663,2195.632389418189,87.82529557672756,0.0
ppo_episodic,cash,source_conflict,0,64,3,0.5803723637624162,0.45622520115385373,0.011457241148944496,0.0,117.75265778866509,0.0
ppo_episodic,cash,source_conflict,10,64,3,0.4403298235856898,0.3634023495867546,0.014101266823334749,1120.7056353628814,112.07056353628813,0.0
ppo_episodic,cash,source_conflict,25,64,3,0.25313111080883327,0.22403923226357053,0.021610491261056516,2604.5000636879577,104.1800025475183,0.0
ppo_episodic,cash,volatility_shift,0,64,3,0.7590389989748387,0.5596182413658505,0.03999063444368424,0.0,126.21994961055552,0.0
ppo_episodic,cash,volatility_shift,10,64,3,0.6016532088100376,0.46573306511450013,0.04615002086029161,1199.5351225000873,119.95351225000873,0.0
ppo_episodic,cash,volatility_shift,25,64,3,0.39136385999326173,0.32464610831847557,0.0579875062026234,2781.3988599411,111.25595439764399,0.0
ppo_episodic,hold_initial,all,0,512,3,0.29514598888796156,0.22748185878378385,-0.01201765175054414,0.0,75.04704602838828,0.0
ppo_episodic,hold_initial,all,10,512,3,0.21146695221202,0.16572192718097253,-0.0022096515237482297,715.6759133712198,71.56759133712198,0.0
ppo_episodic,hold_initial,all,25,512,3,0.09941440759779244,0.0730527013970551,0.01291067588506992,1668.536214515586,66.74144858062344,0.0
ppo_episodic,hold_initial,delayed_cue,0,64,3,-0.00032605083115254656,-0.0006218075359681547,0.0005727069016345666,0.0,0.0038759116040933458,0.0
ppo_episodic,hold_initial,delayed_cue,10,64,3,-0.0002806207536751636,-0.0004964619234834513,0.00044058837619803757,0.03216944658219956,0.0032169446582199467,0.0
ppo_episodic,hold_initial,delayed_cue,25,64,3,-0.00027207645542321954,-0.0003935576956928116,0.00030616901055937305,0.06512939850155963,0.0026051759400623972,0.0
ppo_episodic,hold_initial,execution_friction,0,64,3,0.20565868630712172,0.18947043865841828,-0.06351127522945323,0.0,33.43698232493138,0.0
ppo_episodic,hold_initial,execution_friction,10,64,3,0.16952431984253566,0.1591674391515012,-0.06293232642915432,328.93955157429315,32.89395515742931,0.0
ppo_episodic,hold_initial,execution_friction,25,64,3,0.11767404502991621,0.113884439733964,-0.060893642189956076,803.1329023393212,32.12531609357285,0.0
ppo_episodic,hold_initial,known_signal,0,64,3,0.7627552998806765,0.5710106432618336,-0.09619669902903039,0.0,125.36272986779595,0.0
ppo_episodic,hold_initial,known_signal,10,64,3,0.6057935302286874,0.47787857218667373,-0.094965141243285,1190.7650242286413,119.07650242286412,0.0
ppo_episodic,hold_initial,known_signal,25,64,3,0.39657678573139965,0.33813899762893845,-0.09115526974010957,2759.9748829075647,110.39899531630262,0.0
ppo_episodic,hold_initial,no_signal,0,64,3,-2.249656097872213e-05,-2.4960538151327935e-05,0.00010432012187277379,0.0,0.004677251745619795,0.0
ppo_episodic,hold_initial,no_signal,10,64,3,-2.2754440140930476e-05,-2.4860896727975592e-05,8.83169265723932e-05,0.041081433340401124,0.004108143334040111,0.0
ppo_episodic,hold_initial,no_signal,25,64,3,-2.3225791320606246e-05,-2.4939164170798263e-05,6.717134041490588e-05,0.08837777248380124,0.0035351108993520366,0.0
ppo_episodic,hold_initial,regime_recurrence,0,64,3,0.21112098541246657,0.19634617521575212,0.07129722153909489,0.0,102.42843232316562,0.0
ppo_episodic,hold_initial,regime_recurrence,10,64,3,0.1040080393583776,0.10283565600400288,0.09762129388411135,976.7934591024923,97.67934591024922,0.0
ppo_episodic,hold_initial,regime_recurrence,25,64,3,-0.03852760561042086,-0.037364299995478883,0.13584678558914753,2277.110401257294,91.08441605029176,0.0
ppo_episodic,hold_initial,signal_reversal,0,64,3,-0.17920501563878752,-0.19112844737214243,0.21632700611465422,0.0,97.12965377758901,0.0
ppo_episodic,hold_initial,signal_reversal,10,64,3,-0.25300765936138925,-0.2836994576400591,0.25837443585665865,928.2211696109005,92.82211696109005,0.0
ppo_episodic,hold_initial,signal_reversal,25,64,3,-0.3512892492933631,-0.4225169789901771,0.31664973704174426,2171.0838645441154,86.84335458176461,0.0
ppo_episodic,hold_initial,source_conflict,0,64,3,0.570174033191345,0.45032952560689704,-0.08430261223497588,0.0,116.77164254013061,0.0
ppo_episodic,hold_initial,source_conflict,10,64,3,0.43111250826315306,0.3584865573376034,-0.08184168222450844,1110.8954828775366,111.08954828775366,0.0
ppo_episodic,hold_initial,source_conflict,25,64,3,0.24538531835909827,0.22059508313598467,-0.07462447921747975,2579.9746824745957,103.19898729898381,0.0
ppo_episodic,hold_initial,volatility_shift,0,64,3,0.7910124693430013,0.6044733029736317,-0.14043188218815006,0.0,125.23837423014399,0.0
ppo_episodic,hold_initial,volatility_shift,10,64,3,0.6346082545586117,0.5116279732282696,-0.13446269733657845,1189.719368695972,118.9719368695972,0.0
ppo_episodic,hold_initial,volatility_shift,25,64,3,0.4257912688124531,0.3721028665230732,-0.12291106475376133,2756.8594754308115,110.27437901723246,0.0
ppo_episodic,rebalance_100,all,0,512,3,0.2953791734389547,0.22779142542288777,-0.01254620777766999,0.0,75.00679747143288,0.0
ppo_episodic,rebalance_100,all,10,512,3,0.21170809899590198,0.16602412108251519,-0.0026518149869065766,715.2804460064302,71.52804460064303,0.0
ppo_episodic,rebalance_100,all,25,512,3,0.09974839186376869,0.0734277444502517,0.012537375165831728,1667.616984891112,66.70467939564448,0.0
ppo_episodic,rebalance_100,delayed_cue,0,64,3,-8.673617379884035e-19,-5.204170427930421e-18,0.0,0.0,1.734723475976807e-18,0.0
ppo_episodic,rebalance_100,delayed_cue,10,64,3,-8.673617379884035e-19,3.469446951953614e-18,8.673617379884035e-19,0.0,-6.938893903907228e-18,0.0
ppo_episodic,rebalance_100,delayed_cue,25,64,3,0.0,-2.6020852139652106e-18,0.0,1.1102230246251565e-16,3.469446951953614e-18,0.0
ppo_episodic,rebalance_100,execution_friction,0,64,3,0.20569142782695135,0.18952607911225366,-0.06369044091541282,0.0,33.435148108554074,0.0
ppo_episodic,rebalance_100,execution_friction,10,64,3,0.16956996982899394,0.15922831115095168,-0.063006386862525,328.9342222136027,32.89342222136027,0.0
ppo_episodic,rebalance_100,execution_friction,25,64,3,0.11767041721188193,0.11388359552766097,-0.06084904025528383,803.1474663797492,32.125898655189964,0.0
ppo_episodic,rebalance_100,known_signal,0,64,3,0.7628032826486105,0.5710952716412561,-0.09656334927394501,0.0,125.35772724351253,0.0
ppo_episodic,rebalance_100,known_signal,10,64,3,0.6058563274044554,0.47797040763777804,-0.09522033826841235,1190.725480286267,119.07254802862667,0.0
ppo_episodic,rebalance_100,known_signal,25,64,3,0.3966316222425758,0.3382076685491663,-0.09130035341157916,2759.9126889530294,110.3965075581212,0.0
ppo_episodic,rebalance_100,no_signal,0,64,3,0.0,-2.710505431213761e-20,0.0,0.0,-8.673617379884035e-18,0.0
ppo_episodic,rebalance_100,no_signal,10,64,3,0.0,-1.7618285302889447e-19,0.0,0.0,-1.734723475976807e-18,0.0
ppo_episodic,rebalance_100,no_signal,25,64,3,0.0,2.371692252312041e-20,0.0,5.551115123125783e-17,-3.469446951953614e-18,0.0
ppo_episodic,rebalance_100,regime_recurrence,0,64,3,0.21112387068689864,0.19636791833884493,0.07105973542627891,0.0,102.42435194335214,0.0
ppo_episodic,rebalance_100,regime_recurrence,10,64,3,0.10398255864577309,0.10282476489811372,0.09745032828497388,976.755847807259,97.6755847807259,0.0
ppo_episodic,rebalance_100,regime_recurrence,25,64,3,-0.03851025153613094,-0.03733375765957948,0.13573556700957323,2277.06090090972,91.08243603638881,0.0
ppo_episodic,rebalance_100,signal_reversal,0,64,3,-0.1792811568597995,-0.19118118783180038,0.21613466108860224,0.0,97.1264687272508,0.0
ppo_episodic,rebalance_100,signal_reversal,10,64,3,-0.2530988543424486,-0.2837696554136564,0.25821803633108764,928.1908730796802,92.81908730796802,0.0
ppo_episodic,rebalance_100,signal_reversal,25,64,3,-0.3513279523241532,-0.42254358617251736,0.3165640398915181,2171.0408098806756,86.84163239522702,0.0
ppo_episodic,rebalance_100,source_conflict,0,64,3,0.5702116575948878,0.45040614502871146,-0.08463984994424759,0.0,116.76657859864207,0.0
ppo_episodic,rebalance_100,source_conflict,10,64,3,0.4311386758967222,0.3585466991023257,-0.08209474137812091,1110.858600508944,111.0858600508944,0.0
ppo_episodic,rebalance_100,source_conflict,25,64,3,0.2454276595675563,0.22065700195956603,-0.07478200055858611,2579.9047705728453,103.1961908229138,0.0
ppo_episodic,rebalance_100,volatility_shift,0,64,3,0.792484305614089,0.6061171770938365,-0.14267041860263566,0.0,124.94410515015142,0.0
ppo_episodic,rebalance_100,volatility_shift,10,64,3,0.6362161145337197,0.5133924412846087,-0.1365614180022559,1186.7785441556894,118.67785441556894,0.0
ppo_episodic,rebalance_100,volatility_shift,25,64,3,0.42809563974841963,0.3745510333977171,-0.12506921134898843,2749.8692424328765,109.99476969731506,0.0
ppo_episodic,rebalance_25,all,0,512,3,0.3022309583987502,0.22218527164164753,0.06850688210207688,0.0,75.7778148765072,0.0
ppo_episodic,rebalance_25,all,10,512,3,0.21782294767355861,0.15967796906333256,0.07846779852876697,722.9844929660075,72.29844929660074,0.0
ppo_episodic,rebalance_25,all,25,512,3,0.1046736655929698,0.065882595387051,0.09382501699206294,1686.8107631947123,67.47243052778849,0.0
ppo_episodic,rebalance_25,delayed_cue,0,64,3,0.07461538083704948,0.006111589838039638,0.12243591092286214,0.0,0.7108223084721542,0.0
ppo_episodic,rebalance_25,delayed_cue,10,64,3,0.07394296948231893,0.005463158493730439,0.1226499108710905,7.101742256774695,0.7101742256774695,0.0
ppo_episodic,rebalance_25,delayed_cue,25,64,3,0.0728786434885046,0.004406394752329452,0.12303975567073941,17.739650152728743,0.7095860061091497,0.0
ppo_episodic,rebalance_25,execution_friction,0,64,3,0.20568009540909274,0.18532225649998293,0.0117887964267086,0.0,34.18257846963856,0.0
ppo_episodic,rebalance_25,execution_friction,10,64,3,0.168798049259264,0.15426246478399738,0.012490696966259741,336.39553383595575,33.63955338359557,0.0
ppo_episodic,rebalance_25,execution_friction,25,64,3,0.1158381733721738,0.10785393689446245,0.014715753305314131,821.7746826985596,32.87098730794238,0.0
ppo_episodic,rebalance_25,known_signal,0,64,3,0.7597857196401395,0.564902475217244,-0.02403598330094843,0.0,126.09961428333604,0.0
ppo_episodic,rebalance_25,known_signal,10,64,3,0.6020860993693905,0.47102226850710155,-0.02268766989172336,1198.1350838545814,119.81350838545812,0.0
ppo_episodic,rebalance_25,known_signal,25,64,3,0.3917539978390422,0.33014980298719154,-0.018692912552735867,2778.4002775606737,111.13601110242695,0.0
ppo_episodic,rebalance_25,no_signal,0,64,3,-0.002658809096378353,-0.0029694096591500823,0.0247636490297777,0.0,0.7535844965032739,0.0
ppo_episodic,rebalance_25,no_signal,10,64,3,-0.0033980917682525577,-0.003712675957199284,0.024832505101715432,7.532944676439451,0.753294467643945,0.0
ppo_episodic,rebalance_25,no_signal,25,64,3,-0.0045226538368391515,-0.0048449867353847695,0.024980047988369013,18.82850129713086,0.7531400518852344,0.0
ppo_episodic,rebalance_25,regime_recurrence,0,64,3,0.20129863030941436,0.1830702755983296,0.1478273602790585,0.0,103.16348446739241,0.0
ppo_episodic,rebalance_25,regime_recurrence,10,64,3,0.09344792922885826,0.0888025036327511,0.17428085653167671,984.1440075465808,98.41440075465808,0.0
ppo_episodic,rebalance_25,regime_recurrence,25,64,3,-0.05018570576761741,-0.05252679215028285,0.2127276068182642,2295.486224048875,91.819448961955,0.0
ppo_episodic,rebalance_25,signal_reversal,0,64,3,-0.16650502234995102,-0.1820753302565958,0.28626641624942367,0.0,97.86896600544436,0.0
ppo_episodic,rebalance_25,signal_reversal,10,64,3,-0.24105406748805694,-0.27538513640421153,0.3284223019034033,935.6143627105093,93.56143627105094,0.0
ppo_episodic,rebalance_25,signal_reversal,25,64,3,-0.34045243412662884,-0.4153096794134426,0.38683688017651846,2189.5670417505353,87.58268167002142,0.0
ppo_episodic,rebalance_25,source_conflict,0,64,3,0.578100414289599,0.45420618913282074,-0.012660929804537816,0.0,117.5097188096081,0.0
ppo_episodic,rebalance_25,source_conflict,10,64,3,0.4383373233203075,0.3616613370992833,-0.010030560489647298,1118.2790499041525,111.82790499041525,0.0
ppo_episodic,rebalance_25,source_conflict,25,64,3,0.25149241437687936,0.22265182120033955,-0.0025684316407834067,2598.433854005858,103.93735416023432,0.0
ppo_episodic,rebalance_25,volatility_shift,0,64,3,0.7675312581510357,0.5689141267625091,-0.008330162985729339,0.0,125.93375017166264,0.0
ppo_episodic,rebalance_25,volatility_shift,10,64,3,0.6104233699846392,0.4753098323512075,-0.002215652762639339,1196.6732189430656,119.66732189430658,0.0
ppo_episodic,rebalance_25,volatility_shift,25,64,3,0.40058688939824383,0.3346802655611953,0.00956143617081756,2774.255874043337,110.97023496173348,0.0
ppo_episodic,rebalance_50,all,0,512,3,0.30065907687733967,0.22316143420673423,0.04009025621340397,0.0,75.50914326034449,0.0
ppo_episodic,rebalance_50,all,10,512,3,0.21651225073809002,0.16091569496394417,0.0500121609220148,720.299787858595,72.0299787858595,0.0
ppo_episodic,rebalance_50,all,25,512,3,0.10376853619916643,0.06752642533666253,0.06531679376415049,1680.106937113559,67.20427748454237,0.0
ppo_episodic,rebalance_50,delayed_cue,0,64,3,0.05583423524190377,0.0014162017272632737,0.07780156065691546,0.0,0.42772342552250475,0.0
ppo_episodic,rebalance_50,delayed_cue,10,64,3,0.055441667978961724,0.001038843722410203,0.07792548783632194,4.268072194554579,0.42680721945545785,0.0
ppo_episodic,rebalance_50,delayed_cue,25,64,3,0.05478771478883046,0.0003831690532350761,0.07816515431454239,10.648255586821561,0.4259302234728624,0.0
ppo_episodic,rebalance_50,execution_friction,0,64,3,0.20570128379096655,0.18618572272614925,-0.014191500717612745,0.0,33.9316656753639,0.0
ppo_episodic,rebalance_50,execution_friction,10,64,3,0.16906507336072857,0.15537298561436796,-0.013517427774532569,333.886456613236,33.388645661323594,0.0
ppo_episodic,rebalance_50,execution_friction,25,64,3,0.11647583026245459,0.10933493059461749,-0.01130624418533194,815.51428844423,32.6205715377692,0.0
ppo_episodic,rebalance_50,known_signal,0,64,3,0.7608082557912715,0.5665658610242997,-0.04920344575947263,0.0,125.84472342312996,0.0
ppo_episodic,rebalance_50,known_signal,10,64,3,0.6033533595515486,0.47293167999451047,-0.0478693816516033,1195.5890293416267,119.55890293416265,0.0
ppo_episodic,rebalance_50,known_signal,25,64,3,0.3934257480107339,0.3324654780255042,-0.04390505402083576,2772.0456775319417,110.8818271012777,0.0
ppo_episodic,rebalance_50,no_signal,0,64,3,-0.0017468353520421302,-0.001996028934403749,0.01632929472449673,0.0,0.49974716941779235,0.0
ppo_episodic,rebalance_50,no_signal,10,64,3,-0.0022398118506004004,-0.002492136867871464,0.016379276825840616,4.995967096044327,0.49959670960443275,0.0
ppo_episodic,rebalance_50,no_signal,25,64,3,-0.0029859359975354747,-0.0032444657628308894,0.01648381721666231,12.486304385762537,0.49945217543050147,0.0
ppo_episodic,rebalance_50,regime_recurrence,0,64,3,0.2046876887111603,0.18715831400670796,0.12119138924489103,0.0,102.90950302963009,0.0
ppo_episodic,rebalance_50,regime_recurrence,10,64,3,0.09709190746123078,0.09314898397182289,0.14762404968819723,981.6084839971245,98.16084839971244,0.0
ppo_episodic,rebalance_50,regime_recurrence,25,64,3,-0.04615765700465261,-0.047791885117962105,0.18603540778723984,2289.158700770089,91.56634803080357,0.0
ppo_episodic,rebalance_50,signal_reversal,0,64,3,-0.1709416186439456,-0.18575606217731877,0.2619004825810096,0.0,97.61281433024007,0.0
ppo_episodic,rebalance_50,signal_reversal,10,64,3,-0.2452148268575719,-0.27879332783769234,0.3040248588845,933.0572086343462,93.30572086343463,0.0
ppo_episodic,rebalance_50,signal_reversal,25,64,3,-0.3442075361624376,-0.4183182920222071,0.3624277331819899,2183.177552415807,87.32710209663227,0.0
ppo_episodic,rebalance_50,source_conflict,0,64,3,0.5753789655633865,0.4523209147326043,-0.03780795923148441,0.0,117.25345534373136,0.0
ppo_episodic,rebalance_50,source_conflict,10,64,3,0.4358297253464163,0.35998987858749415,-0.03523552634363192,1115.7150934187562,111.57150934187563,0.0
ppo_episodic,rebalance_50,source_conflict,25,64,3,0.2494034543698075,0.22139533562336355,-0.02784024812146293,2592.0392533224995,103.68157013289998,0.0
ppo_episodic,rebalance_50,volatility_shift,0,64,3,0.7755506399160166,0.579396550548572,-0.055297771791511297,0.0,125.59351368572017,0.0
ppo_episodic,rebalance_50,volatility_shift,10,64,3,0.6187709109140065,0.4861286525265115,-0.0492340500889736,1193.2779915730714,119.32779915730715,0.0
ppo_episodic,rebalance_50,volatility_shift,25,64,3,0.4094066713261307,0.34598713229958006,-0.03752621605959989,2765.785464451322,110.63141857805287,0.0
ppo_episodic,rebalance_75,all,0,512,3,0.29824930373282244,0.22497387513782838,0.013084414957899946,0.0,75.25310724010012,0.0
ppo_episodic,rebalance_75,all,10,512,3,0.2143658147288925,0.16299129664719403,0.022986693870406593,717.7444546266236,71.77444546266236,0.0
ppo_episodic,rebalance_75,all,25,512,3,0.10200641311826918,0.06998878394907825,0.038238115800115935,1673.7268009014267,66.94907203605707,0.0
ppo_episodic,rebalance_75,delayed_cue,0,64,3,0.029564973803156758,-0.001544384720686959,0.03708102115681644,0.0,0.1974186985408638,0.0
ppo_episodic,rebalance_75,delayed_cue,10,64,3,0.029393133525679595,-0.0017100539587404442,0.037123032336737076,1.971910984353001,0.19719109843530006,0.0
ppo_episodic,rebalance_75,delayed_cue,25,64,3,0.029066417456044845,-0.0020576003377106257,0.037275967109989004,4.90875706675692,0.1963502826702768,0.0
ppo_episodic,rebalance_75,execution_friction,0,64,3,0.20571142696715822,0.1875937743288092,-0.03927639394145915,0.0,33.68260707751981,0.0
ppo_episodic,rebalance_75,execution_friction,10,64,3,0.16932333734121932,0.15702382349642868,-0.038584298862303926,331.4028007028961,33.140280070289606,0.0
ppo_episodic,rebalance_75,execution_friction,25,64,3,0.1171254685511613,0.11137476627808605,-0.03639230548134824,809.3178171218227,32.37271268487291,0.0
ppo_episodic,rebalance_75,known_signal,0,64,3,0.7617593213995446,0.5685822607198805,-0.07337655691862219,0.0,125.59815414706149,0.0
ppo_episodic,rebalance_75,known_signal,10,64,3,0.6045823023667684,0.47522344731203076,-0.07203395567763404,1193.1255522106042,119.31255522106039,0.0
ppo_episodic,rebalance_75,known_signal,25,64,3,0.39502572293351323,0.33513035944853875,-0.0680998508890647,2765.894353415547,110.63577413662188,0.0
ppo_episodic,rebalance_75,no_signal,0,64,3,-0.0008784989585502428,-0.0010236354201740446,0.00813604460455668,0.0,0.2501097034310443,0.0
ppo_episodic,rebalance_75,no_signal,10,64,3,-0.0011330863435026848,-0.0012800672141287898,0.008160006704916558,2.49684454163632,0.24968445416363202,0.0
ppo_episodic,rebalance_75,no_signal,25,64,3,-0.0015062238346910378,-0.001657113052738223,0.008218973128672152,6.2421499207100455,0.24968599682840184,0.0
ppo_episodic,rebalance_75,regime_recurrence,0,64,3,0.20790783269342364,0.1915459855616581,0.09562549266590262,0.0,102.66417888527418,0.0
ppo_episodic,rebalance_75,regime_recurrence,10,64,3,0.1005453336033588,0.09777303818507668,0.12203804623270299,979.154033716626,97.91540337166259,0.0
ppo_episodic,rebalance_75,regime_recurrence,25,64,3,-0.042320835936336204,-0.0427775336377253,0.16039403117867462,2283.043491398073,91.32173965592293,0.0
ppo_episodic,rebalance_75,signal_reversal,0,64,3,-0.17515662763703782,-0.18873747721424608,0.23852915136888672,0.0,97.36698251719683,0.0
ppo_episodic,rebalance_75,signal_reversal,10,64,3,-0.24916819766514522,-0.2815203726505676,0.28066180555306136,930.6032651004814,93.06032651004814,0.0
ppo_episodic,rebalance_75,signal_reversal,25,64,3,-0.3477642847459548,-0.42065346399748493,0.33906594120148564,2177.072760752677,87.08291043010708,0.0
ppo_episodic,rebalance_75,source_conflict,0,64,3,0.5727841146073461,0.4510976822107753,-0.06170013347965879,0.0,117.00732714300524,0.0
ppo_episodic,rebalance_75,source_conflict,10,64,3,0.4334624611621605,0.35899183033188653,-0.05911013117860717,1113.2570577162383,111.32570577162383,0.0
ppo_episodic,rebalance_75,source_conflict,25,64,3,0.24737815616001418,0.22073957508672423,-0.051768916528453654,2585.89656868964,103.43586274758559,0.0
ppo_episodic,rebalance_75,volatility_shift,0,64,3,0.7843018869875383,0.5922767956366111,-0.10034330579322276,0.0,125.25807974877155,0.0
ppo_episodic,rebalance_75,volatility_shift,10,64,3,0.6279212338406014,0.49942872767556634,-0.0943609541456201,1189.944172040153,118.99441720401532,0.0
ppo_episodic,rebalance_75,volatility_shift,25,64,3,0.41904688436240184,0.35981128180493593,-0.08278891331902741,2757.4385088461877,110.2975403538475,0.0
ppo_episodic_hmm,cash,all,0,512,3,0.3029140929251775,0.2220542500207583,0.09663186846240068,0.0,76.02890095487659,0.0
ppo_episodic_hmm,cash,all,10,512,3,0.21825303712244395,0.15929349162340034,0.10663190774504572,725.4949015842641,72.54949015842641,0.0
ppo_episodic_hmm,cash,all,25,512,3,0.10472886473372098,0.06512245339204445,0.12205171449929458,1693.09024906276,67.7236099625104,0.0
ppo_episodic_hmm,cash,delayed_cue,0,64,3,0.08721603589302225,0.014193306616269108,0.1688889790706833,0.0,0.9864980884356366,0.0
ppo_episodic_hmm,cash,delayed_cue,10,64,3,0.08627884379366807,0.013279466073858874,0.16924060516226708,9.858391214897633,0.9858391214897632,0.0
ppo_episodic_hmm,cash,delayed_cue,25,64,3,0.08481345482667271,0.011821291997534804,0.16983182233264196,24.63068381929014,0.9852273527716057,0.0
ppo_episodic_hmm,cash,execution_friction,0,64,3,0.20564020912763734,0.1850195111222664,0.03711181098351512,0.0,34.42755914439135,0.0
ppo_episodic_hmm,cash,execution_friction,10,64,3,0.16851526584359128,0.15371658389400822,0.03784320289293156,338.8453197688929,33.884531976889285,0.0
ppo_episodic_hmm,cash,execution_friction,25,64,3,0.11517912580178188,0.10693179863372854,0.04011087105509878,827.8973228258205,33.11589291303282,0.0
ppo_episodic_hmm,cash,known_signal,0,64,3,0.7588021594684958,0.5637238334259134,9.270460703778884e-05,0.0,126.34398184427907,0.0
ppo_episodic_hmm,cash,known_signal,10,64,3,0.6008591378400235,0.4695995730518497,0.0014614609955949601,1200.5775439934725,120.05775439934725,0.0
ppo_episodic_hmm,cash,known_signal,25,64,3,0.3901705153780111,0.3283698540193493,0.005493704320419152,2784.506182319643,111.38024729278574,0.0
ppo_episodic_hmm,cash,no_signal,0,64,3,-0.003496531806893197,-0.0038249705490240463,0.03241004739455196,0.0,0.9862402685411159,0.0
ppo_episodic_hmm,cash,no_signal,10,64,3,-0.0044783527028508865,-0.004810980699302681,0.03250424307485175,9.856711601295363,0.9856711601295363,0.0
ppo_episodic_hmm,cash,no_signal,25,64,3,-0.00595116857922383,-0.006292050573932844,0.032699908159652485,24.627453192371206,0.9850981276948482,0.0
ppo_episodic_hmm,cash,regime_recurrence,0,64,3,0.1983017180984719,0.1798540397855414,0.17340014194100614,0.0,103.41054777896227,0.0
ppo_episodic_hmm,cash,regime_recurrence,10,64,3,0.09020665658858629,0.08534086519449083,0.19989097137249537,986.6146136604588,98.66146136604587,0.0
ppo_episodic_hmm,cash,regime_recurrence,25,64,3,-0.053802161563907144,-0.05636497574346614,0.23836953247300496,2301.6632876522103,92.06653150608841,0.0
ppo_episodic_hmm,cash,signal_reversal,0,64,3,-0.1626025579223138,-0.17840066658178563,0.3097028416293621,0.0,98.11159477255197,0.0
ppo_episodic_hmm,cash,signal_reversal,10,64,3,-0.23738714263987848,-0.27194536017047155,0.3518638872240427,938.04057956053,93.804057956053,0.0
ppo_episodic_hmm,cash,signal_reversal,25,64,3,-0.33714164406429675,-0.4122252000005844,0.4103099028598663,2195.632389418189,87.82529557672756,0.0
ppo_episodic_hmm,cash,source_conflict,0,64,3,0.5804127115681613,0.45625070498103515,0.011457787629364809,0.0,117.74483613129581,0.0
ppo_episodic_hmm,cash,source_conflict,10,64,3,0.44037667944637415,0.36343472052826914,0.01410087037789073,1120.6309303744783,112.06309303744784,0.0
ppo_episodic_hmm,cash,source_conflict,25,64,3,0.2531989360774681,0.2240928004852507,0.021610468591049658,2604.365813333455,104.1746325333382,0.0
ppo_episodic_hmm,cash,volatility_shift,0,64,3,0.7590389989748387,0.5596182413658505,0.03999063444368424,0.0,126.21994961055552,0.0
ppo_episodic_hmm,cash,volatility_shift,10,64,3,0.6016532088100376,0.46573306511450013,0.04615002086029161,1199.5351225000873,119.95351225000873,0.0
ppo_episodic_hmm,cash,volatility_shift,25,64,3,0.39136385999326173,0.32464610831847557,0.0579875062026234,2781.3988599411,111.25595439764399,0.0
ppo_episodic_hmm,hold_initial,all,0,512,3,0.2951510323636797,0.22748504676218154,-0.0120175834404916,0.0,75.04606832121712,0.0
ppo_episodic_hmm,hold_initial,all,10,512,3,0.21147280919460557,0.16572597354866186,-0.002209701079428732,715.6665752476695,71.56665752476694,0.0
ppo_episodic_hmm,hold_initial,all,25,512,3,0.09942288575637179,0.07305939742476511,0.012910673051319063,1668.5194332212732,66.74077732885092,0.0
ppo_episodic_hmm,hold_initial,delayed_cue,0,64,3,-0.00032605083115254656,-0.0006218075359681547,0.0005727069016345666,0.0,0.0038759116040933458,0.0
ppo_episodic_hmm,hold_initial,delayed_cue,10,64,3,-0.0002806207536751636,-0.0004964619234834513,0.00044058837619803757,0.03216944658219956,0.0032169446582199467,0.0
ppo_episodic_hmm,hold_initial,delayed_cue,25,64,3,-0.00027207645542321954,-0.0003935576956928116,0.00030616901055937305,0.06512939850155963,0.0026051759400623972,0.0
ppo_episodic_hmm,hold_initial,execution_friction,0,64,3,0.20565868630712172,0.18947043865841828,-0.06351127522945323,0.0,33.43698232493138,0.0
ppo_episodic_hmm,hold_initial,execution_friction,10,64,3,0.16952431984253566,0.1591674391515012,-0.06293232642915432,328.93955157429315,32.89395515742931,0.0
ppo_episodic_hmm,hold_initial,execution_friction,25,64,3,0.11767404502991621,0.113884439733964,-0.060893642189956076,803.1329023393212,32.12531609357285,0.0
ppo_episodic_hmm,hold_initial,known_signal,0,64,3,0.7627552998806765,0.5710106432618336,-0.09619669902903039,0.0,125.36272986779595,0.0
ppo_episodic_hmm,hold_initial,known_signal,10,64,3,0.6057935302286874,0.47787857218667373,-0.094965141243285,1190.7650242286413,119.07650242286412,0.0
ppo_episodic_hmm,hold_initial,known_signal,25,64,3,0.39657678573139965,0.33813899762893845,-0.09115526974010957,2759.9748829075647,110.39899531630262,0.0
ppo_episodic_hmm,hold_initial,no_signal,0,64,3,-2.249656097872213e-05,-2.4960538151327935e-05,0.00010432012187277379,0.0,0.004677251745619795,0.0
ppo_episodic_hmm,hold_initial,no_signal,10,64,3,-2.2754440140930476e-05,-2.4860896727975592e-05,8.83169265723932e-05,0.041081433340401124,0.004108143334040111,0.0
ppo_episodic_hmm,hold_initial,no_signal,25,64,3,-2.3225791320606246e-05,-2.4939164170798263e-05,6.717134041490588e-05,0.08837777248380124,0.0035351108993520366,0.0
ppo_episodic_hmm,hold_initial,regime_recurrence,0,64,3,0.21112098541246657,0.19634617521575212,0.07129722153909489,0.0,102.42843232316562,0.0
ppo_episodic_hmm,hold_initial,regime_recurrence,10,64,3,0.1040080393583776,0.10283565600400288,0.09762129388411135,976.7934591024923,97.67934591024922,0.0
ppo_episodic_hmm,hold_initial,regime_recurrence,25,64,3,-0.03852760561042086,-0.037364299995478883,0.13584678558914753,2277.110401257294,91.08441605029176,0.0
ppo_episodic_hmm,hold_initial,signal_reversal,0,64,3,-0.17920501563878752,-0.19112844737214243,0.21632700611465422,0.0,97.12965377758901,0.0
ppo_episodic_hmm,hold_initial,signal_reversal,10,64,3,-0.25300765936138925,-0.2836994576400591,0.25837443585665865,928.2211696109005,92.82211696109005,0.0
ppo_episodic_hmm,hold_initial,signal_reversal,25,64,3,-0.3512892492933631,-0.4225169789901771,0.31664973704174426,2171.0838645441154,86.84335458176461,0.0
ppo_episodic_hmm,hold_initial,source_conflict,0,64,3,0.5702143809970901,0.4503550294340784,-0.08430206575455557,0.0,116.76382088276134,0.0
ppo_episodic_hmm,hold_initial,source_conflict,10,64,3,0.43115936412383743,0.3585189282791179,-0.08184207866995245,1110.8207778891335,111.08207778891335,0.0
ppo_episodic_hmm,hold_initial,source_conflict,25,64,3,0.24545314362773304,0.22064865135766487,-0.07462450188748661,2579.8404321200933,103.19361728480372,0.0
ppo_episodic_hmm,hold_initial,volatility_shift,0,64,3,0.7910124693430013,0.6044733029736317,-0.14043188218815006,0.0,125.23837423014399,0.0
ppo_episodic_hmm,hold_initial,volatility_shift,10,64,3,0.6346082545586117,0.5116279732282696,-0.13446269733657845,1189.719368695972,118.9719368695972,0.0
ppo_episodic_hmm,hold_initial,volatility_shift,25,64,3,0.4257912688124531,0.3721028665230732,-0.12291106475376133,2756.8594754308115,110.27437901723246,0.0
ppo_episodic_hmm,rebalance_100,all,0,512,3,0.29538421691467287,0.22779461340128546,-0.01254613946761745,0.0,75.00581976426172,0.0
ppo_episodic_hmm,rebalance_100,all,10,512,3,0.21171395597848752,0.16602816745020452,-0.002651864542587079,715.2711078828798,71.52711078828798,0.0
ppo_episodic_hmm,rebalance_100,all,25,512,3,0.09975687002234804,0.07343444047796173,0.012537372332080871,1667.6002035967992,66.70400814387197,0.0
ppo_episodic_hmm,rebalance_100,delayed_cue,0,64,3,-8.673617379884035e-19,-5.204170427930421e-18,0.0,0.0,1.734723475976807e-18,0.0
ppo_episodic_hmm,rebalance_100,delayed_cue,10,64,3,-8.673617379884035e-19,3.469446951953614e-18,8.673617379884035e-19,0.0,-6.938893903907228e-18,0.0
ppo_episodic_hmm,rebalance_100,delayed_cue,25,64,3,0.0,-2.6020852139652106e-18,0.0,1.1102230246251565e-16,3.469446951953614e-18,0.0
ppo_episodic_hmm,rebalance_100,execution_friction,0,64,3,0.20569142782695135,0.18952607911225366,-0.06369044091541282,0.0,33.435148108554074,0.0
ppo_episodic_hmm,rebalance_100,execution_friction,10,64,3,0.16956996982899394,0.15922831115095168,-0.063006386862525,328.9342222136027,32.89342222136027,0.0
ppo_episodic_hmm,rebalance_100,execution_friction,25,64,3,0.11767041721188193,0.11388359552766097,-0.06084904025528383,803.1474663797492,32.125898655189964,0.0
ppo_episodic_hmm,rebalance_100,known_signal,0,64,3,0.7628032826486105,0.5710952716412561,-0.09656334927394501,0.0,125.35772724351253,0.0
ppo_episodic_hmm,rebalance_100,known_signal,10,64,3,0.6058563274044554,0.47797040763777804,-0.09522033826841235,1190.725480286267,119.07254802862667,0.0
ppo_episodic_hmm,rebalance_100,known_signal,25,64,3,0.3966316222425758,0.3382076685491663,-0.09130035341157916,2759.9126889530294,110.3965075581212,0.0
ppo_episodic_hmm,rebalance_100,no_signal,0,64,3,0.0,-2.710505431213761e-20,0.0,0.0,-8.673617379884035e-18,0.0
ppo_episodic_hmm,rebalance_100,no_signal,10,64,3,0.0,-1.7618285302889447e-19,0.0,0.0,-1.734723475976807e-18,0.0
ppo_episodic_hmm,rebalance_100,no_signal,25,64,3,0.0,2.371692252312041e-20,0.0,5.551115123125783e-17,-3.469446951953614e-18,0.0
ppo_episodic_hmm,rebalance_100,regime_recurrence,0,64,3,0.21112387068689864,0.19636791833884493,0.07105973542627891,0.0,102.42435194335214,0.0
ppo_episodic_hmm,rebalance_100,regime_recurrence,10,64,3,0.10398255864577309,0.10282476489811372,0.09745032828497388,976.755847807259,97.6755847807259,0.0
ppo_episodic_hmm,rebalance_100,regime_recurrence,25,64,3,-0.03851025153613094,-0.03733375765957948,0.13573556700957323,2277.06090090972,91.08243603638881,0.0
ppo_episodic_hmm,rebalance_100,signal_reversal,0,64,3,-0.1792811568597995,-0.19118118783180038,0.21613466108860224,0.0,97.1264687272508,0.0
ppo_episodic_hmm,rebalance_100,signal_reversal,10,64,3,-0.2530988543424486,-0.2837696554136564,0.25821803633108764,928.1908730796802,92.81908730796802,0.0
ppo_episodic_hmm,rebalance_100,signal_reversal,25,64,3,-0.3513279523241532,-0.42254358617251736,0.3165640398915181,2171.0408098806756,86.84163239522702,0.0
ppo_episodic_hmm,rebalance_100,source_conflict,0,64,3,0.5702520054006329,0.4504316488558929,-0.08463930346382728,0.0,116.7587569412728,0.0
ppo_episodic_hmm,rebalance_100,source_conflict,10,64,3,0.4311855317574066,0.3585790700438403,-0.08209513782356492,1110.7838955205411,111.0783895520541,0.0
ppo_episodic_hmm,rebalance_100,source_conflict,25,64,3,0.2454954848361911,0.22071057018124624,-0.07478202322859297,2579.770520218343,103.1908208087337,0.0
ppo_episodic_hmm,rebalance_100,volatility_shift,0,64,3,0.792484305614089,0.6061171770938365,-0.14267041860263566,0.0,124.94410515015142,0.0
ppo_episodic_hmm,rebalance_100,volatility_shift,10,64,3,0.6362161145337197,0.5133924412846087,-0.1365614180022559,1186.7785441556894,118.67785441556894,0.0
ppo_episodic_hmm,rebalance_100,volatility_shift,25,64,3,0.42809563974841963,0.3745510333977171,-0.12506921134898843,2749.8692424328765,109.99476969731506,0.0
ppo_episodic_hmm,rebalance_25,all,0,512,3,0.3022360018744683,0.2221884596200452,0.06850695041212941,0.0,75.77683716933603,0.0
ppo_episodic_hmm,rebalance_25,all,10,512,3,0.21782880465614415,0.15968201543102187,0.07846774897308646,722.9751548424571,72.29751548424571,0.0
ppo_episodic_hmm,rebalance_25,all,25,512,3,0.10468214375154913,0.06588929141476103,0.09382501415831208,1686.7939819003996,67.47175927601597,0.0
ppo_episodic_hmm,rebalance_25,delayed_cue,0,64,3,0.07461538083704948,0.006111589838039638,0.12243591092286214,0.0,0.7108223084721542,0.0
ppo_episodic_hmm,rebalance_25,delayed_cue,10,64,3,0.07394296948231893,0.005463158493730439,0.1226499108710905,7.101742256774695,0.7101742256774695,0.0
ppo_episodic_hmm,rebalance_25,delayed_cue,25,64,3,0.0728786434885046,0.004406394752329452,0.12303975567073941,17.739650152728743,0.7095860061091497,0.0
ppo_episodic_hmm,rebalance_25,execution_friction,0,64,3,0.20568009540909274,0.18532225649998293,0.0117887964267086,0.0,34.18257846963856,0.0
ppo_episodic_hmm,rebalance_25,execution_friction,10,64,3,0.168798049259264,0.15426246478399738,0.012490696966259741,336.39553383595575,33.63955338359557,0.0
ppo_episodic_hmm,rebalance_25,execution_friction,25,64,3,0.1158381733721738,0.10785393689446245,0.014715753305314131,821.7746826985596,32.87098730794238,0.0
ppo_episodic_hmm,rebalance_25,known_signal,0,64,3,0.7597857196401395,0.564902475217244,-0.02403598330094843,0.0,126.09961428333604,0.0
ppo_episodic_hmm,rebalance_25,known_signal,10,64,3,0.6020860993693905,0.47102226850710155,-0.02268766989172336,1198.1350838545814,119.81350838545812,0.0
ppo_episodic_hmm,rebalance_25,known_signal,25,64,3,0.3917539978390422,0.33014980298719154,-0.018692912552735867,2778.4002775606737,111.13601110242695,0.0
ppo_episodic_hmm,rebalance_25,no_signal,0,64,3,-0.002658809096378353,-0.0029694096591500823,0.0247636490297777,0.0,0.7535844965032739,0.0
ppo_episodic_hmm,rebalance_25,no_signal,10,64,3,-0.0033980917682525577,-0.003712675957199284,0.024832505101715432,7.532944676439451,0.753294467643945,0.0
ppo_episodic_hmm,rebalance_25,no_signal,25,64,3,-0.0045226538368391515,-0.0048449867353847695,0.024980047988369013,18.82850129713086,0.7531400518852344,0.0
ppo_episodic_hmm,rebalance_25,regime_recurrence,0,64,3,0.20129863030941436,0.1830702755983296,0.1478273602790585,0.0,103.16348446739241,0.0
ppo_episodic_hmm,rebalance_25,regime_recurrence,10,64,3,0.09344792922885826,0.0888025036327511,0.17428085653167671,984.1440075465808,98.41440075465808,0.0
ppo_episodic_hmm,rebalance_25,regime_recurrence,25,64,3,-0.05018570576761741,-0.05252679215028285,0.2127276068182642,2295.486224048875,91.819448961955,0.0
ppo_episodic_hmm,rebalance_25,signal_reversal,0,64,3,-0.16650502234995102,-0.1820753302565958,0.28626641624942367,0.0,97.86896600544436,0.0
ppo_episodic_hmm,rebalance_25,signal_reversal,10,64,3,-0.24105406748805694,-0.27538513640421153,0.3284223019034033,935.6143627105093,93.56143627105094,0.0
ppo_episodic_hmm,rebalance_25,signal_reversal,25,64,3,-0.34045243412662884,-0.4153096794134426,0.38683688017651846,2189.5670417505353,87.58268167002142,0.0
ppo_episodic_hmm,rebalance_25,source_conflict,0,64,3,0.5781407620953442,0.45423169296000215,-0.012660383324117503,0.0,117.50189715223883,0.0
ppo_episodic_hmm,rebalance_25,source_conflict,10,64,3,0.4383841791809919,0.36169370804079787,-0.010030956935091316,1118.2043449157495,111.82043449157494,0.0
ppo_episodic_hmm,rebalance_25,source_conflict,25,64,3,0.25156023964551416,0.22270538942201976,-0.002568454310790266,2598.299603651356,103.93198414605422,0.0
ppo_episodic_hmm,rebalance_25,volatility_shift,0,64,3,0.7675312581510357,0.5689141267625091,-0.008330162985729339,0.0,125.93375017166264,0.0
ppo_episodic_hmm,rebalance_25,volatility_shift,10,64,3,0.6104233699846392,0.4753098323512075,-0.002215652762639339,1196.6732189430656,119.66732189430658,0.0
ppo_episodic_hmm,rebalance_25,volatility_shift,25,64,3,0.40058688939824383,0.3346802655611953,0.00956143617081756,2774.255874043337,110.97023496173348,0.0
ppo_episodic_hmm,rebalance_50,all,0,512,3,0.30066412035305784,0.22316462218513192,0.04009032452345651,0.0,75.50816555317333,0.0
ppo_episodic_hmm,rebalance_50,all,10,512,3,0.21651810772067556,0.1609197413316335,0.050012111366334294,720.2904497350446,72.02904497350445,0.0
ppo_episodic_hmm,rebalance_50,all,25,512,3,0.10377701435774578,0.06753312136437256,0.06531679093039963,1680.0901558192463,67.20360623276986,0.0
ppo_episodic_hmm,rebalance_50,delayed_cue,0,64,3,0.05583423524190377,0.0014162017272632737,0.07780156065691546,0.0,0.42772342552250475,0.0
ppo_episodic_hmm,rebalance_50,delayed_cue,10,64,3,0.055441667978961724,0.001038843722410203,0.07792548783632194,4.268072194554579,0.42680721945545785,0.0
ppo_episodic_hmm,rebalance_50,delayed_cue,25,64,3,0.05478771478883046,0.0003831690532350761,0.07816515431454239,10.648255586821561,0.4259302234728624,0.0
ppo_episodic_hmm,rebalance_50,execution_friction,0,64,3,0.20570128379096655,0.18618572272614925,-0.014191500717612745,0.0,33.9316656753639,0.0
ppo_episodic_hmm,rebalance_50,execution_friction,10,64,3,0.16906507336072857,0.15537298561436796,-0.013517427774532569,333.886456613236,33.388645661323594,0.0
ppo_episodic_hmm,rebalance_50,execution_friction,25,64,3,0.11647583026245459,0.10933493059461749,-0.01130624418533194,815.51428844423,32.6205715377692,0.0
ppo_episodic_hmm,rebalance_50,known_signal,0,64,3,0.7608082557912715,0.5665658610242997,-0.04920344575947263,0.0,125.84472342312996,0.0
ppo_episodic_hmm,rebalance_50,known_signal,10,64,3,0.6033533595515486,0.47293167999451047,-0.0478693816516033,1195.5890293416267,119.55890293416265,0.0
ppo_episodic_hmm,rebalance_50,known_signal,25,64,3,0.3934257480107339,0.3324654780255042,-0.04390505402083576,2772.0456775319417,110.8818271012777,0.0
ppo_episodic_hmm,rebalance_50,no_signal,0,64,3,-0.0017468353520421302,-0.001996028934403749,0.01632929472449673,0.0,0.49974716941779235,0.0
ppo_episodic_hmm,rebalance_50,no_signal,10,64,3,-0.0022398118506004004,-0.002492136867871464,0.016379276825840616,4.995967096044327,0.49959670960443275,0.0
ppo_episodic_hmm,rebalance_50,no_signal,25,64,3,-0.0029859359975354747,-0.0032444657628308894,0.01648381721666231,12.486304385762537,0.49945217543050147,0.0
ppo_episodic_hmm,rebalance_50,regime_recurrence,0,64,3,0.2046876887111603,0.18715831400670796,0.12119138924489103,0.0,102.90950302963009,0.0
ppo_episodic_hmm,rebalance_50,regime_recurrence,10,64,3,0.09709190746123078,0.09314898397182289,0.14762404968819723,981.6084839971245,98.16084839971244,0.0
ppo_episodic_hmm,rebalance_50,regime_recurrence,25,64,3,-0.04615765700465261,-0.047791885117962105,0.18603540778723984,2289.158700770089,91.56634803080357,0.0
ppo_episodic_hmm,rebalance_50,signal_reversal,0,64,3,-0.1709416186439456,-0.18575606217731877,0.2619004825810096,0.0,97.61281433024007,0.0
ppo_episodic_hmm,rebalance_50,signal_reversal,10,64,3,-0.2452148268575719,-0.27879332783769234,0.3040248588845,933.0572086343462,93.30572086343463,0.0
ppo_episodic_hmm,rebalance_50,signal_reversal,25,64,3,-0.3442075361624376,-0.4183182920222071,0.3624277331819899,2183.177552415807,87.32710209663227,0.0
ppo_episodic_hmm,rebalance_50,source_conflict,0,64,3,0.5754193133691315,0.4523464185597857,-0.0378074127510641,0.0,117.24563368636208,0.0
ppo_episodic_hmm,rebalance_50,source_conflict,10,64,3,0.43587658120710066,0.36002224952900874,-0.03523592278907593,1115.6403884303534,111.56403884303533,0.0
ppo_episodic_hmm,rebalance_50,source_conflict,25,64,3,0.2494712796384423,0.22144890384504376,-0.02784027079146979,2591.9050029679975,103.67620011871989,0.0
ppo_episodic_hmm,rebalance_50,volatility_shift,0,64,3,0.7755506399160166,0.579396550548572,-0.055297771791511297,0.0,125.59351368572017,0.0
ppo_episodic_hmm,rebalance_50,volatility_shift,10,64,3,0.6187709109140065,0.4861286525265115,-0.0492340500889736,1193.2779915730714,119.32779915730715,0.0
ppo_episodic_hmm,rebalance_50,volatility_shift,25,64,3,0.4094066713261307,0.34598713229958006,-0.03752621605959989,2765.785464451322,110.63141857805287,0.0
ppo_episodic_hmm,rebalance_75,all,0,512,3,0.2982543472085406,0.22497706311622606,0.013084483267952484,0.0,75.25212953292896,0.0
ppo_episodic_hmm,rebalance_75,all,10,512,3,0.21437167171147803,0.16299534301488333,0.022986644314726093,717.7351165030732,71.77351165030731,0.0
ppo_episodic_hmm,rebalance_75,all,25,512,3,0.10201489127684853,0.06999547997678826,0.038238112966365076,1673.710019607114,66.94840078428456,0.0
ppo_episodic_hmm,rebalance_75,delayed_cue,0,64,3,0.029564973803156758,-0.001544384720686959,0.03708102115681644,0.0,0.1974186985408638,0.0
ppo_episodic_hmm,rebalance_75,delayed_cue,10,64,3,0.029393133525679595,-0.0017100539587404442,0.037123032336737076,1.971910984353001,0.19719109843530006,0.0
ppo_episodic_hmm,rebalance_75,delayed_cue,25,64,3,0.029066417456044845,-0.0020576003377106257,0.037275967109989004,4.90875706675692,0.1963502826702768,0.0
ppo_episodic_hmm,rebalance_75,execution_friction,0,64,3,0.20571142696715822,0.1875937743288092,-0.03927639394145915,0.0,33.68260707751981,0.0
ppo_episodic_hmm,rebalance_75,execution_friction,10,64,3,0.16932333734121932,0.15702382349642868,-0.038584298862303926,331.4028007028961,33.140280070289606,0.0
ppo_episodic_hmm,rebalance_75,execution_friction,25,64,3,0.1171254685511613,0.11137476627808605,-0.03639230548134824,809.3178171218227,32.37271268487291,0.0
ppo_episodic_hmm,rebalance_75,known_signal,0,64,3,0.7617593213995446,0.5685822607198805,-0.07337655691862219,0.0,125.59815414706149,0.0
ppo_episodic_hmm,rebalance_75,known_signal,10,64,3,0.6045823023667684,0.47522344731203076,-0.07203395567763404,1193.1255522106042,119.31255522106039,0.0
ppo_episodic_hmm,rebalance_75,known_signal,25,64,3,0.39502572293351323,0.33513035944853875,-0.0680998508890647,2765.894353415547,110.63577413662188,0.0
ppo_episodic_hmm,rebalance_75,no_signal,0,64,3,-0.0008784989585502428,-0.0010236354201740446,0.00813604460455668,0.0,0.2501097034310443,0.0
ppo_episodic_hmm,rebalance_75,no_signal,10,64,3,-0.0011330863435026848,-0.0012800672141287898,0.008160006704916558,2.49684454163632,0.24968445416363202,0.0
ppo_episodic_hmm,rebalance_75,no_signal,25,64,3,-0.0015062238346910378,-0.001657113052738223,0.008218973128672152,6.2421499207100455,0.24968599682840184,0.0
ppo_episodic_hmm,rebalance_75,regime_recurrence,0,64,3,0.20790783269342364,0.1915459855616581,0.09562549266590262,0.0,102.66417888527418,0.0
ppo_episodic_hmm,rebalance_75,regime_recurrence,10,64,3,0.1005453336033588,0.09777303818507668,0.12203804623270299,979.154033716626,97.91540337166259,0.0
ppo_episodic_hmm,rebalance_75,regime_recurrence,25,64,3,-0.042320835936336204,-0.0427775336377253,0.16039403117867462,2283.043491398073,91.32173965592293,0.0
ppo_episodic_hmm,rebalance_75,signal_reversal,0,64,3,-0.17515662763703782,-0.18873747721424608,0.23852915136888672,0.0,97.36698251719683,0.0
ppo_episodic_hmm,rebalance_75,signal_reversal,10,64,3,-0.24916819766514522,-0.2815203726505676,0.28066180555306136,930.6032651004814,93.06032651004814,0.0
ppo_episodic_hmm,rebalance_75,signal_reversal,25,64,3,-0.3477642847459548,-0.42065346399748493,0.33906594120148564,2177.072760752677,87.08291043010708,0.0
ppo_episodic_hmm,rebalance_75,source_conflict,0,64,3,0.5728244624130912,0.4511231860379567,-0.06169958699923848,0.0,116.99950548563596,0.0
ppo_episodic_hmm,rebalance_75,source_conflict,10,64,3,0.43350931702284484,0.3590242012734011,-0.05911052762405118,1113.1823527278352,111.31823527278353,0.0
ppo_episodic_hmm,rebalance_75,source_conflict,25,64,3,0.247445981428649,0.22079314330840444,-0.05176893919846051,2585.762318335138,103.4304927334055,0.0
ppo_episodic_hmm,rebalance_75,volatility_shift,0,64,3,0.7843018869875383,0.5922767956366111,-0.10034330579322276,0.0,125.25807974877155,0.0
ppo_episodic_hmm,rebalance_75,volatility_shift,10,64,3,0.6279212338406014,0.49942872767556634,-0.0943609541456201,1189.944172040153,118.99441720401532,0.0
ppo_episodic_hmm,rebalance_75,volatility_shift,25,64,3,0.41904688436240184,0.35981128180493593,-0.08278891331902741,2757.4385088461877,110.2975403538475,0.0
ppo_gru,cash,all,0,512,3,0.08250777256278222,0.06513990114400808,0.056898504484597434,0.0,21.51216842928407,0.0
ppo_gru,cash,all,10,512,3,0.05951874096937364,0.045953373088940284,0.06049813889014727,208.72594750530916,20.872594750530915,0.0
ppo_gru,cash,all,25,512,3,0.027506530078540318,0.017269424987368158,0.06623440362554679,499.07046081564357,19.962818432625742,0.0
ppo_gru,cash,delayed_cue,0,64,3,0.04373283053337117,0.01168404276116814,0.10214315521075742,0.0,0.6069828437707503,0.0
ppo_gru,cash,delayed_cue,10,64,3,0.043150631306574525,0.011112132001811992,0.10238213892646295,6.068453064454541,0.6068453064454541,0.0
ppo_gru,cash,delayed_cue,25,64,3,0.04225800206756102,0.010224770729013297,0.1027635190042147,15.168048572773374,0.606721942910935,0.0
ppo_gru,cash,execution_friction,0,64,3,0.060956031056477046,0.056322265471960856,0.03770758743969157,0.0,10.466556637060647,0.0
ppo_gru,cash,execution_friction,10,64,3,0.049969229173724275,0.046418282364431684,0.03789030042103662,103.57505922799201,10.3575059227992,0.0
ppo_gru,cash,execution_friction,25,64,3,0.03392894828216526,0.031596639863990666,0.038350733792067854,255.1889668297325,10.207558673189299,0.0
ppo_gru,cash,known_signal,0,64,3,0.2082528386360708,0.17275209633855204,0.021077189000191923,0.0,35.28196459272168,0.0
ppo_gru,cash,known_signal,10,64,3,0.16734549602810128,0.14312918956610324,0.0216166850410224,341.59030573675375,34.15903057367537,0.0
ppo_gru,cash,known_signal,25,64,3,0.11061357947724867,0.09882358904729485,0.023335274339941165,814.2257838370748,32.56903135348299,0.0
ppo_gru,cash,no_signal,0,64,3,-0.0020279836574197026,-0.002169824351172769,0.01871239947646048,0.0,0.5684630465674272,0.0
ppo_gru,cash,no_signal,10,64,3,-0.002599051496566567,-0.0027427097576124314,0.018766982432333067,5.680407677134103,0.5680407677134103,0.0
ppo_gru,cash,no_signal,25,64,3,-0.003448305301098955,-0.003595566407860958,0.018878619757975376,14.18918463140674,0.5675673852562696,0.0
ppo_gru,cash,regime_recurrence,0,64,3,0.0572133065659491,0.05321285608955889,0.07404205245418789,0.0,30.813977795358674,0.0
ppo_gru,cash,regime_recurrence,10,64,3,0.025477954436686868,0.023958275823842867,0.08261314970270026,298.9589058321887,29.89589058321887,0.0
ppo_gru,cash,regime_recurrence,25,64,3,-0.018629294955939023,-0.019792493575375367,0.09551071843457594,713.7025198265965,28.548100793063856,0.0
ppo_gru,cash,signal_reversal,0,64,3,-0.04491247593853848,-0.0483166055176009,0.11634985869477402,0.0,29.544414927449875,0.0
ppo_gru,cash,signal_reversal,10,64,3,-0.06999618951821655,-0.07690813746057255,0.13096212468853002,286.9236358464526,28.692363584645264,0.0
ppo_gru,cash,signal_reversal,25,64,3,-0.10468302198613741,-0.11931724819650759,0.15188663738083927,687.1863337912072,27.487453351648288,0.0
ppo_gru,cash,source_conflict,0,64,3,0.1360736483586827,0.11371442532780152,0.030089672606221668,0.0,29.506382858751575,0.0
ppo_gru,cash,source_conflict,10,64,3,0.10275068075681214,0.08844490442588213,0.03217710870656033,285.2790409929872,28.527904099298713,0.0
ppo_gru,cash,source_conflict,25,64,3,0.05668885771973648,0.05062655631718866,0.03674966163403781,678.823909710167,27.15295638840668,0.0
ppo_gru,cash,volatility_shift,0,64,3,0.20077398494766513,0.16391995303179693,0.05506612099449447,0.0,35.308604732591945,0.0
ppo_gru,cash,volatility_shift,10,64,3,0.16005117706787314,0.1342150477476354,0.0575766212025325,341.73177166451035,34.17317716645104,0.0
ppo_gru,cash,volatility_shift,25,64,3,0.1033234753247865,0.0895891521212017,0.062400064660722177,814.0789393261905,32.563157573047626,0.0
ppo_gru,hold_initial,all,0,512,3,0.07474471200128435,0.07057069788543134,-0.051750947418294856,0.0,20.529335795624604,0.0
ppo_gru,hold_initial,all,10,512,3,0.05273851304153525,0.0523858550142018,-0.048343469934327185,198.89762116871447,19.88976211687145,0.0
ppo_gru,hold_initial,all,25,512,3,0.022200551101191124,0.025206369020088822,-0.04290663782242874,474.49964497415687,18.979985798966275,0.0
ppo_gru,hold_initial,delayed_cue,0,64,3,-0.04380925619080363,-0.003131071391069123,-0.0661731169582913,0.0,-0.375639333060793,0.0
ppo_gru,hold_initial,delayed_cue,10,64,3,-0.04340883324076872,-0.002663795995530334,-0.06641787785960611,-3.757768703860892,-0.37577687038608915,0.0
ppo_gru,hold_initial,delayed_cue,25,64,3,-0.04282752921453491,-0.0019900789642143184,-0.0667621343178679,-9.397505848015207,-0.3759002339206083,0.0
ppo_gru,hold_initial,execution_friction,0,64,3,0.06097450823596143,0.06077319300811274,-0.06291549877327678,0.0,9.475979817600674,0.0
ppo_gru,hold_initial,execution_friction,10,64,3,0.05097828317266864,0.051869137621924646,-0.06288522890104926,93.66929103339227,9.366929103339226,0.0
ppo_gru,hold_initial,execution_friction,25,64,3,0.03642386751029958,0.038549280964226135,-0.062653779452987,230.42454634323315,9.216981853729326,0.0
ppo_gru,hold_initial,known_signal,0,64,3,0.21220597904825148,0.18003890617447227,-0.07521221463587625,0.0,34.300712616238556,0.0
ppo_gru,hold_initial,known_signal,10,64,3,0.17227988841676511,0.15140818870092732,-0.07480991719785757,331.7777859719225,33.177778597192244,0.0
ppo_gru,hold_initial,known_signal,25,64,3,0.1170198498306372,0.10859273265688396,-0.07331369972058754,789.6944844249967,31.58777937699987,0.0
ppo_gru,hold_initial,no_signal,0,64,3,0.0014460515884947723,0.0016301856596999493,-0.013593327796218703,0.0,-0.41309997022806894,0.0
ppo_gru,hold_initial,no_signal,10,64,3,0.001856546766143389,0.0020434100449622738,-0.013648943715946289,-4.135222490820858,-0.4135222490820858,0.0
ppo_gru,hold_initial,no_signal,25,64,3,0.002479637486804269,0.002671545001901088,-0.013754117061262202,-10.349890788480664,-0.4139956315392266,0.0
ppo_gru,hold_initial,regime_recurrence,0,64,3,0.07003257387994377,0.06970499151976961,-0.02806086794772335,0.0,29.831862339562033,0.0
ppo_gru,hold_initial,regime_recurrence,10,64,3,0.039279337206478186,0.04145306663335492,-0.01965652778568376,289.13775127422224,28.913775127422227,0.0
ppo_gru,hold_initial,regime_recurrence,25,64,3,-0.0033547390024527435,-0.0007918178273881034,-0.007012028449281508,689.1496334316804,27.56598533726721,0.0
ppo_gru,hold_initial,signal_reversal,0,64,3,-0.0615149336550122,-0.061044386307957714,0.022974023180066076,0.0,28.56247393248692,0.0
ppo_gru,hold_initial,signal_reversal,10,64,3,-0.08561670623972731,-0.08866223493016007,0.03747267332114593,277.1042258968231,27.71042258968231,0.0
ppo_gru,hold_initial,signal_reversal,25,64,3,-0.11883062721520374,-0.1296090271861003,0.05822647156271726,662.6378089171334,26.505512356685333,0.0
ppo_gru,hold_initial,source_conflict,0,64,3,0.1258753177876115,0.10781874978084481,-0.0656701807776987,0.0,28.525367610217096,0.0
ppo_gru,hold_initial,source_conflict,10,64,3,0.09353336543427541,0.08352911217673088,-0.06376584034128287,275.4688885076423,27.54688885076423,0.0
ppo_gru,hold_initial,source_conflict,25,64,3,0.04894306527000146,0.047182407189602794,-0.05948530884449845,654.2985284968049,26.1719411398722,0.0
ppo_gru,hold_initial,volatility_shift,0,64,3,0.2327474553158277,0.20877501463957812,-0.12535639563733983,0.0,34.32702935218042,0.0
ppo_gru,hold_initial,volatility_shift,10,64,3,0.19300622281644725,0.1801099558614048,-0.12303609699433757,331.91601786039513,33.19160178603951,0.0
ppo_gru,hold_initial,volatility_shift,25,64,3,0.1377508841439779,0.1370459103257993,-0.11849850629566255,789.5395548159024,31.5815821926361,0.0
ppo_gru,rebalance_100,all,0,512,3,0.07497789655227753,0.07088026452453526,-0.052279503445420705,0.0,20.489087238669196,0.0
ppo_gru,rebalance_100,all,10,512,3,0.05297965982541721,0.05268804891574446,-0.04878563339748553,198.50215380392495,19.850215380392495,0.0
ppo_gru,rebalance_100,all,25,512,3,0.02253453536716738,0.025581412073285435,-0.04327993854166693,473.5804153496829,18.943216613987317,0.0
ppo_gru,rebalance_100,delayed_cue,0,64,3,-0.043483205359651084,-0.0025092638551009734,-0.06674582385992586,0.0,-0.37951524466488634,0.0
ppo_gru,rebalance_100,delayed_cue,10,64,3,-0.04312821248709355,-0.0021673340720468792,-0.06685846623580415,-3.7899381504430916,-0.3789938150443091,0.0
ppo_gru,rebalance_100,delayed_cue,25,64,3,-0.04255545275911169,-0.0015965212685215093,-0.06706830332842727,-9.462635246516767,-0.37850540986067066,0.0
ppo_gru,rebalance_100,execution_friction,0,64,3,0.06100724975579105,0.06082883346194814,-0.06309466445923637,0.0,9.474145601223372,0.0
ppo_gru,rebalance_100,execution_friction,10,64,3,0.051023933159126934,0.051930009621375145,-0.06295928933441994,93.66396167270184,9.366396167270183,0.0
ppo_gru,rebalance_100,execution_friction,25,64,3,0.0364202396922653,0.03854843675792311,-0.06260917751831475,230.43911038366113,9.217564415346445,0.0
ppo_gru,rebalance_100,known_signal,0,64,3,0.21225396181618547,0.1801235345538947,-0.07557886488079088,0.0,34.295709991955135,0.0
ppo_gru,rebalance_100,known_signal,10,64,3,0.17234268559253307,0.1515000241520316,-0.07506511422298491,331.73824202954796,33.17382420295479,0.0
ppo_gru,rebalance_100,known_signal,25,64,3,0.11707468634181335,0.10866140357711182,-0.07345878339205715,789.6322904704614,31.585291618818456,0.0
ppo_gru,rebalance_100,no_signal,0,64,3,0.0014685481494734944,0.0016551461978512772,-0.013697647918091476,0.0,-0.4177772219736887,0.0
ppo_gru,rebalance_100,no_signal,10,64,3,0.0018793012062843194,0.0020682709416902493,-0.013737260642518682,-4.176303924161259,-0.41763039241612593,0.0
ppo_gru,rebalance_100,no_signal,25,64,3,0.0025028632781248753,0.002696484166071886,-0.013821288401677108,-10.438268560964467,-0.41753074243857863,0.0
ppo_gru,rebalance_100,regime_recurrence,0,64,3,0.07003545915437583,0.06972673464286241,-0.028298354060539332,0.0,29.827781959748545,0.0
ppo_gru,rebalance_100,regime_recurrence,10,64,3,0.039253856493873675,0.04144217552746576,-0.01982749338482122,289.1001399789889,28.910013997898893,0.0
ppo_gru,rebalance_100,regime_recurrence,25,64,3,-0.0033373849281628214,-0.0007612754914887037,-0.007123247028855792,689.1001330841066,27.56400532336426,0.0
ppo_gru,rebalance_100,signal_reversal,0,64,3,-0.06159107487602421,-0.06109712676761564,0.022781678154014127,0.0,28.5592888821487,0.0
ppo_gru,rebalance_100,signal_reversal,10,64,3,-0.08570790122078668,-0.0887324327037574,0.03731627379557497,277.0739293656028,27.707392936560286,0.0
ppo_gru,rebalance_100,signal_reversal,25,64,3,-0.11886933024599386,-0.12963563436844056,0.058140774412491096,662.5947542536936,26.503790170147745,0.0
ppo_gru,rebalance_100,source_conflict,0,64,3,0.1259129421911543,0.10789536920265926,-0.06600741848697042,0.0,28.520303668728552,0.0
ppo_gru,rebalance_100,source_conflict,10,64,3,0.09355953306784458,0.08358925394145328,-0.06401889949489532,275.4320061390498,27.543200613904975,0.0
ppo_gru,rebalance_100,source_conflict,25,64,3,0.04898540647845951,0.047244326013184165,-0.05964283018560481,654.2286165950546,26.169144663802182,0.0
ppo_gru,rebalance_100,volatility_shift,0,64,3,0.23421929158691543,0.2104188887597829,-0.12759493205182543,0.0,34.03276027218784,0.0
ppo_gru,rebalance_100,volatility_shift,10,64,3,0.19461408279155534,0.18187442391774394,-0.12513481766001502,328.9751933201125,32.89751933201125,0.0
ppo_gru,rebalance_100,volatility_shift,25,64,3,0.1400552550799444,0.13949407720044327,-0.12065665289088967,782.5493218179672,31.30197287271869,0.0
ppo_gru,rebalance_25,all,0,512,3,0.081829681512073,0.065274110743295,0.028773586434326162,0.0,21.26010464374351,0.0
ppo_gru,rebalance_25,all,10,512,3,0.05909450850307384,0.046341896896561825,0.032333980118188006,206.20620076350212,20.62062007635021,0.0
ppo_gru,rebalance_25,all,25,512,3,0.02745980909636848,0.018036263010084735,0.03800770328456428,492.77419365328313,19.710967746131324,0.0
ppo_gru,rebalance_25,delayed_cue,0,64,3,0.031132175477398393,0.003602325982938667,0.055690087062936273,0.0,0.3313070638072679,0.0
ppo_gru,rebalance_25,delayed_cue,10,64,3,0.03081475699522538,0.0032958244216835532,0.055791444635286354,3.3118041063316035,0.33118041063316034,0.0
ppo_gru,rebalance_25,delayed_cue,25,64,3,0.030323190729392917,0.0028098734838079417,0.05597145234231214,8.277014906211974,0.33108059624847896,0.0
ppo_gru,rebalance_25,execution_friction,0,64,3,0.06099591733793245,0.05662501084967741,0.01238457288288505,0.0,10.221575962307856,0.0
ppo_gru,rebalance_25,execution_friction,10,64,3,0.05025201258939699,0.04696416325442084,0.012537794494364797,101.12527329505485,10.112527329505484,0.0
ppo_gru,rebalance_25,execution_friction,25,64,3,0.03458799585255716,0.032518778124724576,0.012955616042283208,249.06632670247154,9.962653068098861,0.0
ppo_gru,rebalance_25,known_signal,0,64,3,0.20923639880771447,0.17393073812988266,-0.0030514989077942973,0.0,35.03759703177865,0.0
ppo_gru,rebalance_25,known_signal,10,64,3,0.16857245755746816,0.1445518850213551,-0.0025324458462959195,339.1478455978625,33.91478455978624,0.0
ppo_gru,rebalance_25,known_signal,25,64,3,0.1121970619382797,0.10060353801513704,-0.0008513425332138524,808.1198790781052,32.32479516312421,0.0
ppo_gru,rebalance_25,no_signal,0,64,3,-0.0011902609469048586,-0.0013142634612988053,0.011066001111686223,0.0,0.3358072745295851,0.0
ppo_gru,rebalance_25,no_signal,10,64,3,-0.0015187905619682383,-0.0016444050155090349,0.011095244459196749,3.3566407522781914,0.33566407522781916,0.0
ppo_gru,rebalance_25,no_signal,25,64,3,-0.0020197905587142763,-0.0021485025693128833,0.011158759586691906,8.390232736166395,0.3356093094466558,0.0
ppo_gru,rebalance_25,regime_recurrence,0,64,3,0.06021021877689156,0.056429091902347094,0.04846927079224025,0.0,30.566914483788818,0.0
ppo_gru,rebalance_25,regime_recurrence,10,64,3,0.028719227076958845,0.027419914262103152,0.05700303486188161,296.4882997183107,29.64882997183107,0.0
ppo_gru,rebalance_25,regime_recurrence,25,64,3,-0.015012839159649292,-0.015954309982192078,0.06986879277983517,707.5254562232611,28.301018248930443,0.0
ppo_gru,rebalance_25,signal_reversal,0,64,3,-0.04881494036617571,-0.05199126919241107,0.09291343331483554,0.0,29.30178616034227,0.0
ppo_gru,rebalance_25,signal_reversal,10,64,3,-0.073663114366395,-0.08034791369431252,0.10752053936789066,284.49741899643203,28.449741899643204,0.0
ppo_gru,rebalance_25,signal_reversal,25,64,3,-0.10799381204846953,-0.12240172760936582,0.12841361469749143,681.1209861235536,27.244839444942144,0.0
ppo_gru,rebalance_25,source_conflict,0,64,3,0.13380169888586554,0.11169541330676853,0.005971501652739357,0.0,29.26344387969458,0.0
ppo_gru,rebalance_25,source_conflict,10,64,3,0.10075818049142986,0.08670389193841083,0.008045281393578282,282.8524555342583,28.285245553425824,0.0
ppo_gru,rebalance_25,source_conflict,25,64,3,0.055050161287782555,0.049239145253957686,0.012570738732197889,672.7577000280676,26.9103080011227,0.0
ppo_gru,rebalance_25,volatility_shift,0,64,3,0.2092662441238621,0.1732158384284555,0.006745323565080888,0.0,35.022405293699066,0.0
ppo_gru,rebalance_25,volatility_shift,10,64,3,0.16882133824247475,0.1437918149843427,0.009210947579601551,338.86986810748886,33.88698681074889,0.0
ppo_gru,rebalance_25,volatility_shift,25,64,3,0.11254650472976858,0.09962330936392141,0.01397399462891634,806.9359534284276,32.2774381371371,0.0
ppo_gru,rebalance_50,all,0,512,3,0.0802577999906625,0.06625027330838172,0.0003569605456532572,0.0,20.9914330275808,0.0
ppo_gru,rebalance_50,all,10,512,3,0.05778381156760526,0.04757962279717345,0.0038783425114358376,203.52149565608966,20.352149565608965,0.0
ppo_gru,rebalance_50,all,25,512,3,0.026554679702565122,0.019680092959696267,0.009499480056651832,486.07036757213,19.4428147028852,0.0
ppo_gru,rebalance_50,delayed_cue,0,64,3,0.012351029882252687,-0.0010930621278376945,0.011055736796989594,0.0,0.048208180857618424,0.0
ppo_gru,rebalance_50,delayed_cue,10,64,3,0.012313455491868169,-0.0011284903496366796,0.0110670216005178,0.47813404411148763,0.04781340441114877,0.0
ppo_gru,rebalance_50,delayed_cue,25,64,3,0.012232262029718773,-0.0012133522152864306,0.011096850986115125,1.1856203403047936,0.04742481361219173,0.0
ppo_gru,rebalance_50,execution_friction,0,64,3,0.061017105719806265,0.0574884770758437,-0.013595724261436294,0.0,9.970663168033198,0.0
ppo_gru,rebalance_50,execution_friction,10,64,3,0.05051903669086156,0.04807468408479143,-0.013470330246427513,98.6161960723351,9.861619607233509,0.0
ppo_gru,rebalance_50,execution_friction,25,64,3,0.03522565274283797,0.03399977182487962,-0.013066381448362864,242.805932448142,9.712237297925679,0.0
ppo_gru,rebalance_50,known_signal,0,64,3,0.21025893495884654,0.17559412393693838,-0.028218961366318494,0.0,34.78270617157258,0.0
ppo_gru,rebalance_50,known_signal,10,64,3,0.1698397177396263,0.14646129650876402,-0.027714157606175866,336.6017910849077,33.660179108490766,0.0
ppo_gru,rebalance_50,known_signal,25,64,3,0.11386881210997145,0.1029192130534497,-0.026063484001313746,801.7652790493736,32.070611161974945,0.0
ppo_gru,rebalance_50,no_signal,0,64,3,-0.0002782872025686359,-0.0003408827365524721,0.002631646806405254,0.0,0.08196994744410363,0.0
ppo_gru,rebalance_50,no_signal,10,64,3,-0.0003605106443160811,-0.00042386592618121456,0.002642016183321934,0.8196631718830683,0.08196631718830683,0.0
ppo_gru,rebalance_50,no_signal,25,64,3,-0.00048307271941059926,-0.0005479815967590032,0.002662528814985203,2.0480358247980712,0.08192143299192287,0.0
ppo_gru,rebalance_50,regime_recurrence,0,64,3,0.0635992771786375,0.060517130310725434,0.021833299758072792,0.0,30.312933046026487,0.0
ppo_gru,rebalance_50,regime_recurrence,10,64,3,0.03236320530933137,0.03176639460117493,0.030346228018402126,293.95277616885437,29.395277616885437,0.0
ppo_gru,rebalance_50,regime_recurrence,25,64,3,-0.01098479039668449,-0.011219402949871326,0.0431765937488108,701.1979329444752,28.047917317779003,0.0
ppo_gru,rebalance_50,signal_reversal,0,64,3,-0.053251536660170296,-0.05567200111313403,0.06854749964642151,0.0,29.045634485137967,0.0
ppo_gru,rebalance_50,signal_reversal,10,64,3,-0.07782387373590997,-0.08375610512779333,0.08312309634898726,281.94026492026893,28.194026492026893,0.0
ppo_gru,rebalance_50,signal_reversal,25,64,3,-0.11174891408427827,-0.1254103402181303,0.10400446770296289,674.7314967888249,26.989259871552996,0.0
ppo_gru,rebalance_50,source_conflict,0,64,3,0.13108025015965297,0.10981013890655208,-0.019175527774207238,0.0,29.007180413817846,0.0
ppo_gru,rebalance_50,source_conflict,10,64,3,0.09825058251753863,0.0850324334266217,-0.017159684460406336,280.28849904886204,28.0288499048862,0.0
ppo_gru,rebalance_50,source_conflict,25,64,3,0.0529612012807107,0.04798265967698168,-0.012701077748481636,666.3630993447091,26.65452397378836,0.0
ppo_gru,rebalance_50,volatility_shift,0,64,3,0.21728562588884298,0.18369826221451843,-0.040222285240701074,0.0,34.682168807756604,0.0
ppo_gru,rebalance_50,volatility_shift,10,64,3,0.17716887917184213,0.15461063515964676,-0.03780744974673271,335.47464073749467,33.54746407374947,0.0
ppo_gru,rebalance_50,volatility_shift,25,64,3,0.12136628665765545,0.11093017610230618,-0.03311365760150111,798.4655438364126,31.93862175345651,0.0
ppo_gru,rebalance_75,all,0,512,3,0.07784802684614525,0.06806271423947587,-0.02664888070985077,0.0,20.735397007336445,0.0
ppo_gru,rebalance_75,all,10,512,3,0.05563737555840773,0.04965522448042329,-0.023147124540172363,200.9661624241182,20.09661624241182,0.0
ppo_gru,rebalance_75,all,25,512,3,0.024792556621667863,0.022142451572111976,-0.017579197907382726,479.6902313599976,19.187609254399906,0.0
ppo_gru,rebalance_75,delayed_cue,0,64,3,-0.013918231556494324,-0.004053648575787928,-0.02966480270310943,0.0,-0.18209654612402254,0.0
ppo_gru,rebalance_75,delayed_cue,10,64,3,-0.013735078961413958,-0.003877388030787327,-0.029735433899067073,-1.8180271660900904,-0.18180271660900904,0.0
ppo_gru,rebalance_75,delayed_cue,25,64,3,-0.013489035303066842,-0.0036541216062321324,-0.029792336218438267,-4.553878179759848,-0.1821551271903939,0.0
ppo_gru,rebalance_75,execution_friction,0,64,3,0.06102724889599791,0.05889652867850365,-0.0386806174852827,0.0,9.721604570189106,0.0
ppo_gru,rebalance_75,execution_friction,10,64,3,0.0507773006713523,0.049725521966852135,-0.03853720133419887,96.13254016199522,9.613254016199521,0.0
ppo_gru,rebalance_75,execution_friction,25,64,3,0.03587529103154466,0.036039607508348184,-0.038152442744379164,236.60946112573467,9.464378445029386,0.0
ppo_gru,rebalance_75,known_signal,0,64,3,0.21121000056711955,0.1776105236325191,-0.05239207252546805,0.0,34.53613689550411,0.0
ppo_gru,rebalance_75,known_signal,10,64,3,0.171068660554846,0.1487530638262843,-0.05187873163220661,334.13831395388524,33.41383139538852,0.0
ppo_gru,rebalance_75,known_signal,25,64,3,0.11546878703275079,0.10558409447648429,-0.05025828086954268,795.6139549329785,31.824558197319142,0.0
ppo_gru,rebalance_75,no_signal,0,64,3,0.0005900491909232515,0.0006315107776772326,-0.005561603313534798,0.0,-0.16766751854264444,0.0
ppo_gru,rebalance_75,no_signal,10,64,3,0.0007462148627816345,0.0007882037275614598,-0.005577253937602124,-1.679459382524939,-0.1679459382524939,0.0
ppo_gru,rebalance_75,no_signal,25,64,3,0.0009966394434338377,0.0010393711133336633,-0.005602315273004956,-4.19611864025442,-0.1678447456101768,0.0
ppo_gru,rebalance_75,regime_recurrence,0,64,3,0.06681942116090085,0.06490480186567558,-0.0037325968209156266,0.0,30.06760890167058,0.0
ppo_gru,rebalance_75,regime_recurrence,10,64,3,0.035816631451459385,0.036390448814428725,0.004760224562907891,291.4983258883559,29.14983258883559,0.0
ppo_gru,rebalance_75,regime_recurrence,25,64,3,-0.007147969328368085,-0.006205051469634524,0.017535217140245595,695.0827235724591,27.803308942898365,0.0
ppo_gru,rebalance_75,signal_reversal,0,64,3,-0.057466545653262494,-0.058653416150061345,0.0451761684342986,0.0,28.79980267209473,0.0
ppo_gru,rebalance_75,signal_reversal,10,64,3,-0.0817772445434833,-0.08648314994066861,0.05976004301754866,279.4863213864041,27.94863213864041,0.0
ppo_gru,rebalance_75,signal_reversal,25,64,3,-0.11530566266779545,-0.12774551219340813,0.08064267572245865,668.6267051256953,26.74506820502781,0.0
ppo_gru,rebalance_75,source_conflict,0,64,3,0.12848539920361254,0.10858690638472308,-0.04306770202238162,0.0,28.76105221309172,0.0
ppo_gru,rebalance_75,source_conflict,10,64,3,0.0958833183332828,0.0840343851710141,-0.04103428929538158,277.83046334634406,27.783046334634403,0.0
ppo_gru,rebalance_75,source_conflict,25,64,3,0.05093590307091739,0.047326899140342375,-0.03662974615547236,660.2204147118495,26.40881658847398,0.0
ppo_gru,rebalance_75,volatility_shift,0,64,3,0.22603687296036473,0.19657850730255755,-0.08526781924241254,0.0,34.346734870807985,0.0
ppo_gru,rebalance_75,volatility_shift,10,64,3,0.18631920209843697,0.16791071030870156,-0.0829343538033792,332.14082120457635,33.21408212045763,0.0
ppo_gru,rebalance_75,volatility_shift,25,64,3,0.1310064996939266,0.12475432560766206,-0.07837635486092863,790.1185882312782,31.60474352925113,0.0
ppo_hmm,cash,all,0,512,3,0.2719520109831924,0.20362693806184914,0.08919454032976931,0.0,68.66672371255538,0.0
ppo_hmm,cash,all,10,512,3,0.19608566495482274,0.14615910161445134,0.09853011099664234,657.3266982843568,65.73266982843568,0.0
ppo_hmm,cash,all,25,512,3,0.09364253430189029,0.05996527115591572,0.11295248624398904,1541.1757349906156,61.64702939962462,0.0
ppo_hmm,cash,delayed_cue,0,64,3,0.07642054152412003,0.014454876684841092,0.1560254493276323,0.0,0.9204398684968815,0.0
ppo_hmm,cash,delayed_cue,10,64,3,0.07557744764333922,0.013629576248179398,0.15635249781743552,9.198558185738706,0.9198558185738706,0.0
ppo_hmm,cash,delayed_cue,25,64,3,0.07426316580137719,0.01231831743307157,0.15688906611548087,22.983952133186513,0.9193580853274606,0.0
ppo_hmm,cash,execution_friction,0,64,3,0.18700969524599842,0.16949011373441566,0.034095111761550695,0.0,31.307076257663628,0.0
ppo_hmm,cash,execution_friction,10,64,3,0.15343652262608978,0.14085277747595765,0.03475404095959913,308.49179682804726,30.849179682804724,0.0
ppo_hmm,cash,execution_friction,25,64,3,0.10503505924911069,0.09801499853364326,0.03684740358494964,754.9626610420843,30.198506441683374,0.0
ppo_hmm,cash,known_signal,0,64,3,0.680692347913988,0.5161943945027698,8.473353990410178e-05,0.0,113.34376238432584,0.0
ppo_hmm,cash,known_signal,10,64,3,0.5408917490899656,0.43000103181085536,0.001338690797296634,1080.8490146412807,108.08490146412805,0.0
ppo_hmm,cash,known_signal,25,64,3,0.35302791416065854,0.30067543556624904,0.005029586923357389,2519.545847650305,100.78183390601221,0.0
ppo_hmm,cash,no_signal,0,64,3,-0.003260433414446027,-0.003539031829936628,0.029674655877652764,0.0,0.9029693341957075,0.0
ppo_hmm,cash,no_signal,10,64,3,-0.00415580427029735,-0.004438116306791373,0.029764066416696152,9.025430126209441,0.9025430126209442,0.0
ppo_hmm,cash,no_signal,25,64,3,-0.005504630322331812,-0.005793839799573899,0.029929901428426376,22.545713349572225,0.901828533982889,0.0
ppo_hmm,cash,regime_recurrence,0,64,3,0.1805113744305093,0.1648231015922426,0.1596952891192281,0.0,94.07127727608578,0.0
ppo_hmm,cash,regime_recurrence,10,64,3,0.08247551055269561,0.07832434640367916,0.18426337542154286,900.2769523123505,90.02769523123506,0.0
ppo_hmm,cash,regime_recurrence,25,64,3,-0.04916330935179157,-0.051341959040727234,0.22004375829917597,2109.798759261436,84.39195037045744,0.0
ppo_hmm,cash,signal_reversal,0,64,3,-0.14953676320623555,-0.1630134468037296,0.286867895957899,0.0,89.50325044754281,0.0
ppo_hmm,cash,signal_reversal,10,64,3,-0.21908850480891837,-0.24863698618097949,0.32657002926211703,858.2199483836101,85.82199483836102,0.0
ppo_hmm,cash,signal_reversal,25,64,3,-0.31260115605870425,-0.3769675633733757,0.38190393896783054,2017.3054454708913,80.69221781883564,0.0
ppo_hmm,cash,source_conflict,0,64,3,0.5226980227401724,0.4177868418523917,0.01048980004949256,0.0,106.04922797873732,0.0
ppo_hmm,cash,source_conflict,10,64,3,0.39788544252580305,0.3327649253150012,0.012908539758527921,1012.6538297148478,101.26538297148477,0.0
ppo_hmm,cash,source_conflict,25,64,3,0.22989407423812738,0.20519801328401643,0.01978795161400803,2365.366012592338,94.61464050369352,0.0
ppo_hmm,cash,volatility_shift,0,64,3,0.6810813026314326,0.5128186547617984,0.03662338700479504,0.0,113.23578615339505,0.0
ppo_hmm,cash,volatility_shift,10,64,3,0.5416629562799044,0.42677525814970874,0.0422896475399235,1079.8980560827695,107.98980560827695,0.0
ppo_hmm,cash,volatility_shift,25,64,3,0.3541891566986762,0.2976187666440223,0.053188283018683585,2516.897488425111,100.67589953700445,0.0
ppo_hmm,hold_initial,all,0,512,3,0.26418895042169455,0.2090577348032724,-0.019454911573122968,0.0,67.68389107889591,0.0
ppo_hmm,hold_initial,all,10,512,3,0.18930543702698435,0.15259158353971286,-0.010311497827832116,647.498371947762,64.7498371947762,0.0
ppo_hmm,hold_initial,all,25,512,3,0.0883365553245411,0.06790221518863639,0.0038114447960135205,1516.6049191491288,60.66419676596516,0.0
ppo_hmm,hold_initial,delayed_cue,0,64,3,-0.011121545200054758,-0.0003602374673961706,-0.01229082284141645,0.0,-0.06218230833466175,0.0
ppo_hmm,hold_initial,delayed_cue,10,64,3,-0.010982016904004015,-0.00014635174916292903,-0.012447518968633543,-0.627663582576727,-0.06276635825767271,0.0
ppo_hmm,hold_initial,delayed_cue,25,64,3,-0.010822365480718733,0.00010346773984395551,-0.012636587206601739,-1.5816022876020683,-0.06326409150408274,0.0
ppo_hmm,hold_initial,execution_friction,0,64,3,0.1870281724254828,0.17394104127056753,-0.06652797445141764,0.0,30.316499438203653,0.0
ppo_hmm,hold_initial,execution_friction,10,64,3,0.15444557662503414,0.14630363273345062,-0.06602148836248675,298.58602863344754,29.85860286334475,0.0
ppo_hmm,hold_initial,execution_friction,25,64,3,0.10752997847724502,0.10496763963387873,-0.06415710966010522,730.198240555585,29.2079296222234,0.0
ppo_hmm,hold_initial,known_signal,0,64,3,0.6846454883261687,0.5234812043386902,-0.09620467009616407,0.0,112.36251040784272,0.0
ppo_hmm,hold_initial,known_signal,10,64,3,0.5458261414786295,0.43828003094567947,-0.09508791144158334,1071.0364948764495,107.10364948764493,0.0
ppo_hmm,hold_initial,known_signal,25,64,3,0.3594341845140471,0.3104445791758382,-0.09161938713717133,2495.0145482382272,99.80058192952909,0.0
ppo_hmm,hold_initial,no_signal,0,64,3,0.00021360183146844797,0.00026097818093609015,-0.0026310713950264196,0.0,-0.0785936825997887,0.0
ppo_hmm,hold_initial,no_signal,10,64,3,0.00029979399241260595,0.000348003495783332,-0.0026518597315832045,-0.79020004174552,-0.079020004174552,0.0
ppo_hmm,hold_initial,no_signal,25,64,3,0.000423312465571412,0.0004732716101881474,-0.002702835390811203,-1.9933620703151782,-0.07973448281260716,0.0
ppo_hmm,hold_initial,regime_recurrence,0,64,3,0.19333064174450396,0.1813152370224533,0.05759236871731685,0.0,93.08916182028914,0.0
ppo_hmm,hold_initial,regime_recurrence,10,64,3,0.09627689332248694,0.09581913721319121,0.08199369793315883,890.4557977543842,89.04557977543841,0.0
ppo_hmm,hold_initial,regime_recurrence,25,64,3,-0.033888753398305285,-0.03234128329273997,0.11752101141531852,2085.24587286652,83.40983491466079,0.0
ppo_hmm,hold_initial,signal_reversal,0,64,3,-0.16613922092270925,-0.1757412275940864,0.19349206044319106,0.0,88.52130945257986,0.0
ppo_hmm,hold_initial,signal_reversal,10,64,3,-0.2347090215304291,-0.260391083650567,0.2330805778947329,848.4005384339806,84.84005384339807,0.0
ppo_hmm,hold_initial,signal_reversal,25,64,3,-0.3267487612877706,-0.38725934236296844,0.2882437731497085,1992.7569205968173,79.7102768238727,0.0
ppo_hmm,hold_initial,source_conflict,0,64,3,0.5124996921691012,0.411891166305435,-0.08527005333442782,0.0,105.06821273020284,0.0
ppo_hmm,hold_initial,source_conflict,10,64,3,0.3886681272032663,0.3278491330658499,-0.08303440928931527,1002.843677229503,100.2843677229503,0.0
ppo_hmm,hold_initial,source_conflict,25,64,3,0.22214828178839235,0.2017538641564306,-0.07644701886452823,2340.840631378976,93.63362525515903,0.0
ppo_hmm,hold_initial,volatility_shift,0,64,3,0.7130547729995952,0.5576737163695796,-0.14379912962703925,0.0,112.25421077298353,0.0
ppo_hmm,hold_initial,volatility_shift,10,64,3,0.5746180020284785,0.4726701662634782,-0.13832307065694657,1070.0823022786542,107.00823022786543,0.0
ppo_hmm,hold_initial,volatility_shift,25,64,3,0.38861656551786755,0.34507552484861986,-0.12771028793770114,2492.358103914823,99.69432415659293,0.0
ppo_hmm,rebalance_100,all,0,512,3,0.26442213497268774,0.2093673014423763,-0.019983467600248817,0.0,67.6436425219405,0.0
ppo_hmm,rebalance_100,all,10,512,3,0.1895465838108663,0.1528937774412555,-0.010753661290990464,647.1029045829725,64.71029045829725,0.0
ppo_hmm,rebalance_100,all,25,512,3,0.08867053959051735,0.06827725824183299,0.0034381440767753276,1515.685689524655,60.6274275809862,0.0
ppo_hmm,rebalance_100,delayed_cue,0,64,3,-0.010795494368902214,0.00026157006857197886,-0.012863529743051017,0.0,-0.06605821993875509,0.0
ppo_hmm,rebalance_100,delayed_cue,10,64,3,-0.010701396150328852,0.00035011017432052573,-0.01288810734483158,-0.6598330291589266,-0.06598330291589266,0.0
ppo_hmm,rebalance_100,delayed_cue,25,64,3,-0.010550289025295513,0.0004970254355367645,-0.012942756217161112,-1.6467316861036279,-0.06586926744414515,0.0
ppo_hmm,rebalance_100,execution_friction,0,64,3,0.18706091394531243,0.17399668172440294,-0.06670714013737723,0.0,30.314665221826353,0.0
ppo_hmm,rebalance_100,execution_friction,10,64,3,0.15449122661149242,0.1463645047329011,-0.06609554879585743,298.5806992727571,29.858069927275707,0.0
ppo_hmm,rebalance_100,execution_friction,25,64,3,0.10752635065921073,0.1049667954275757,-0.06411250772543298,730.2128045960129,29.20851218384052,0.0
ppo_hmm,rebalance_100,known_signal,0,64,3,0.6846934710941027,0.5235658327181125,-0.09657132034107871,0.0,112.35750778355931,0.0
ppo_hmm,rebalance_100,known_signal,10,64,3,0.5458889386543975,0.43837186639678377,-0.09534310846671068,1070.996950934075,107.09969509340748,0.0
ppo_hmm,rebalance_100,known_signal,25,64,3,0.35948902102522323,0.310513250096066,-0.09176447080864092,2494.952354283692,99.79809417134767,0.0
ppo_hmm,rebalance_100,no_signal,0,64,3,0.0002360983924471701,0.00028593871908741804,-0.0027353915168991934,0.0,-0.0832709343454085,0.0
ppo_hmm,rebalance_100,no_signal,10,64,3,0.0003225484325535364,0.0003728643925113074,-0.0027401766581555977,-0.8312814750859212,-0.08312814750859211,0.0
ppo_hmm,rebalance_100,no_signal,25,64,3,0.00044653825689201825,0.0004982107743589457,-0.002770006731226109,-2.0817398427989793,-0.0832695937119592,0.0
ppo_hmm,rebalance_100,regime_recurrence,0,64,3,0.19333352701893602,0.1813369801455461,0.05735488260450087,0.0,93.08508144047565,0.0
ppo_hmm,rebalance_100,regime_recurrence,10,64,3,0.09625141260988243,0.09580824610730206,0.08182273233402138,890.4181864591509,89.04181864591509,0.0
ppo_hmm,rebalance_100,regime_recurrence,25,64,3,-0.03387139932401537,-0.03231074095684057,0.11740979283574424,2085.196372518946,83.40785490075784,0.0
ppo_hmm,rebalance_100,signal_reversal,0,64,3,-0.16621536214372126,-0.17579396805374434,0.1932997154171391,0.0,88.51812440224164,0.0
ppo_hmm,rebalance_100,signal_reversal,10,64,3,-0.2348002165114885,-0.26046128142416436,0.23292417836916196,848.3702419027604,84.83702419027604,0.0
ppo_hmm,rebalance_100,signal_reversal,25,64,3,-0.3267874643185607,-0.3872859495453087,0.28815807599948234,1992.7138659333777,79.70855463733511,0.0
ppo_hmm,rebalance_100,source_conflict,0,64,3,0.512537316572644,0.41196778572724946,-0.08560729104369952,0.0,105.0631487887143,0.0
ppo_hmm,rebalance_100,source_conflict,10,64,3,0.3886942948368355,0.3279092748305723,-0.08328746844292774,1002.8067948609104,100.28067948609105,0.0
ppo_hmm,rebalance_100,source_conflict,25,64,3,0.2221906229968504,0.20181578298001196,-0.07660454020563459,2340.7707194772256,93.63082877908903,0.0
ppo_hmm,rebalance_100,volatility_shift,0,64,3,0.7145266092706829,0.5593175904897845,-0.14603766604152485,0.0,111.95994169299095,0.0
ppo_hmm,rebalance_100,volatility_shift,10,64,3,0.5762258620035866,0.4744346343198173,-0.140421791322624,1067.1414777383716,106.71414777383715,0.0
ppo_hmm,rebalance_100,volatility_shift,25,64,3,0.390920936453834,0.34752369172326386,-0.12986843453292826,2485.367870916888,99.41471483667551,0.0
ppo_hmm,rebalance_25,all,0,512,3,0.2712739199324832,0.20376114766113607,0.06106962227949805,0.0,68.41465992701482,0.0
ppo_hmm,rebalance_25,all,10,512,3,0.19566143248852294,0.14654762542207286,0.07036595222468309,654.8069515425498,65.48069515425497,0.0
ppo_hmm,rebalance_25,all,25,512,3,0.09359581331971846,0.060732109178632296,0.08472578590300654,1534.8794678282552,61.39517871313021,0.0
ppo_hmm,rebalance_25,delayed_cue,0,64,3,0.06381988646814726,0.006373159906611621,0.10957238117981113,0.0,0.6447640885333992,0.0
ppo_hmm,rebalance_25,delayed_cue,10,64,3,0.06324157333199008,0.00581326866805096,0.10976180352625892,6.441909227615769,0.6441909227615769,0.0
ppo_hmm,rebalance_25,delayed_cue,25,64,3,0.06232835446320909,0.004903420187866216,0.1100969994535783,16.092918466625115,0.6437167386650045,0.0
ppo_hmm,rebalance_25,execution_friction,0,64,3,0.18704958152745382,0.1697928591121322,0.008772097204744178,0.0,31.062095582910835,0.0
ppo_hmm,rebalance_25,execution_friction,10,64,3,0.15371930604176248,0.1413986583659468,0.009401535032927306,306.0420108951101,30.604201089511008,0.0
ppo_hmm,rebalance_25,execution_friction,25,64,3,0.1056941068195026,0.09893713679437717,0.011452285835164989,748.8400209148234,29.953600836592937,0.0
ppo_hmm,rebalance_25,known_signal,0,64,3,0.6816759080856317,0.5173730362941005,-0.024043954368082116,0.0,113.09939482338282,0.0
ppo_hmm,rebalance_25,known_signal,10,64,3,0.5421187106193326,0.4314237272661073,-0.022810440090021686,1078.4065545023896,107.84065545023893,0.0
ppo_hmm,rebalance_25,known_signal,25,64,3,0.35461139662168956,0.3024553845340912,-0.01915702994979763,2513.4399428913357,100.53759771565343,0.0
ppo_hmm,rebalance_25,no_signal,0,64,3,-0.002422710703931183,-0.0026834709400626643,0.022028257512878506,0.0,0.6703135621578653,0.0
ppo_hmm,rebalance_25,no_signal,10,64,3,-0.003075543335699021,-0.0033398115646879768,0.022092328443559833,6.701663201353529,0.6701663201353529,0.0
ppo_hmm,rebalance_25,no_signal,25,64,3,-0.004076115579947134,-0.004346775961025824,0.022210041257142904,16.74676145433188,0.6698704581732752,0.0
ppo_hmm,rebalance_25,regime_recurrence,0,64,3,0.18350828664145175,0.1680393374050308,0.13412250745728047,0.0,93.82421396451592,0.0
ppo_hmm,rebalance_25,regime_recurrence,10,64,3,0.08571678319296759,0.08178598484193944,0.1586532605807242,897.8063461984726,89.78063461984726,0.0
ppo_hmm,rebalance_25,regime_recurrence,25,64,3,-0.04554685355550184,-0.047503775447543944,0.1944018326444352,2103.6216956581006,84.14486782632403,0.0
ppo_hmm,rebalance_25,signal_reversal,0,64,3,-0.15343922763387277,-0.16668811047853976,0.2634314705779605,0.0,89.26062168043521,0.0
ppo_hmm,rebalance_25,signal_reversal,10,64,3,-0.2227554296570968,-0.25207676241471944,0.30312844394147764,855.7937315335896,85.57937315335896,0.0
ppo_hmm,rebalance_25,signal_reversal,25,64,3,-0.31591194612103635,-0.38005204278623395,0.3584309162844827,2011.2400978032376,80.4496039121295,0.0
ppo_hmm,rebalance_25,source_conflict,0,64,3,0.5204260732673552,0.41576782983135874,-0.013628370903989752,0.0,105.80628899968032,0.0
ppo_hmm,rebalance_25,source_conflict,10,64,3,0.39589294226042077,0.33102391282752985,-0.011223287554454125,1010.2272442561189,101.02272442561188,0.0
ppo_hmm,rebalance_25,source_conflict,25,64,3,0.22825537780617344,0.20381060222078548,-0.004390971287831892,2359.2998029102387,94.37199211640954,0.0
ppo_hmm,rebalance_25,volatility_shift,0,64,3,0.6895735618076296,0.522114540158457,-0.011697410424618537,0.0,112.94958671450217,0.0
ppo_hmm,rebalance_25,volatility_shift,10,64,3,0.550433117454506,0.4363520253864161,-0.006076026083007447,1077.0361525257479,107.70361525257479,0.0
ppo_hmm,rebalance_25,volatility_shift,25,64,3,0.3634121861036582,0.30765292388674204,0.0047622129868777514,2509.7545025273484,100.39018010109393,0.0
ppo_hmm,rebalance_50,all,0,512,3,0.2697020384110727,0.2047373102262228,0.03265299639082515,0.0,68.1459883108521,0.0
ppo_hmm,rebalance_50,all,10,512,3,0.19435073555305438,0.1477853513226845,0.041910314617930905,652.1222464351373,65.21222464351372,0.0
ppo_hmm,rebalance_50,all,25,512,3,0.09269068392591509,0.06237593912824383,0.05621756267509409,1528.175641747102,61.127025669884084,0.0
ppo_hmm,rebalance_50,delayed_cue,0,64,3,0.045038740873001554,0.0016777717958352577,0.06493803091386445,0.0,0.36166520558374965,0.0
ppo_hmm,rebalance_50,delayed_cue,10,64,3,0.04474027182863287,0.0013889538967307253,0.06503738049149037,3.6082391653956525,0.36082391653956525,0.0
ppo_hmm,rebalance_50,delayed_cue,25,64,3,0.04423742576353495,0.0008801944887718433,0.06522239809738128,9.001523900717933,0.36006095602871724,0.0
ppo_hmm,rebalance_50,execution_friction,0,64,3,0.18707076990932764,0.1706563253382985,-0.017208199939577166,0.0,30.811182788636177,0.0
ppo_hmm,rebalance_50,execution_friction,10,64,3,0.15398633014322705,0.1425091791963174,-0.016606589707865004,303.53293367239036,30.353293367239033,0.0
ppo_hmm,rebalance_50,execution_friction,25,64,3,0.1063317637097834,0.10041813049453222,-0.014569711655481083,742.5796266604938,29.703185066419753,0.0
ppo_hmm,rebalance_50,known_signal,0,64,3,0.6826984442367637,0.5190364221011562,-0.04921141682660631,0.0,112.84450396317675,0.0
ppo_hmm,rebalance_50,known_signal,10,64,3,0.5433859708014906,0.4333331387535162,-0.04799215184990163,1075.8604999894346,107.58604999894345,0.0
ppo_hmm,rebalance_50,known_signal,25,64,3,0.3562831467933813,0.3047710595724039,-0.04436917141789752,2507.0853428626037,100.28341371450416,0.0
ppo_hmm,rebalance_50,no_signal,0,64,3,-0.00151073695959496,-0.0017100902153163312,0.013593903207597537,0.0,0.41647623507238385,0.0
ppo_hmm,rebalance_50,no_signal,10,64,3,-0.001917263418046864,-0.0021192724753601564,0.013639100167685018,4.164685620958407,0.41646856209584066,0.0
ppo_hmm,rebalance_50,no_signal,25,64,3,-0.0025393977406434564,-0.0027462549884719437,0.013713810485436202,10.404564542963557,0.4161825817185423,0.0
ppo_hmm,rebalance_50,regime_recurrence,0,64,3,0.1868973450431977,0.17212737581340914,0.107486536423113,0.0,93.57023252675359,0.0
ppo_hmm,rebalance_50,regime_recurrence,10,64,3,0.08936076142534012,0.08613246518101123,0.13199645373724472,895.2708226490163,89.52708226490162,0.0
ppo_hmm,rebalance_50,regime_recurrence,25,64,3,-0.041518804792537035,-0.04276886841522319,0.16770963361341082,2097.2941723793147,83.8917668951726,0.0
ppo_hmm,rebalance_50,signal_reversal,0,64,3,-0.15787582392786734,-0.17036884239926273,0.2390655369095465,0.0,89.0044700052309,0.0
ppo_hmm,rebalance_50,signal_reversal,10,64,3,-0.2269161890266118,-0.25548495384820025,0.27873100092257425,853.2365774574265,85.32365774574265,0.0
ppo_hmm,rebalance_50,signal_reversal,25,64,3,-0.3196670481568451,-0.38306065539499845,0.33402176928995414,2004.8506084685089,80.19402433874036,0.0
ppo_hmm,rebalance_50,source_conflict,0,64,3,0.5177046245411426,0.4138825554311423,-0.03877540033093635,0.0,105.55002553380359,0.0
ppo_hmm,rebalance_50,source_conflict,10,64,3,0.3933853442865295,0.32935245431574073,-0.03642825340843874,1007.6632877707227,100.76632877707226,0.0
ppo_hmm,rebalance_50,source_conflict,25,64,3,0.2261664177991016,0.20255411664380946,-0.029662787768511417,2352.90520222688,94.1162080890752,0.0
ppo_hmm,rebalance_50,volatility_shift,0,64,3,0.6975929435726105,0.5325969639445199,-0.058665019230400496,0.0,112.6093502285597,0.0
ppo_hmm,rebalance_50,volatility_shift,10,64,3,0.5587806583838734,0.44717084556172015,-0.05309442340934171,1073.6409251557536,107.36409251557538,0.0
ppo_hmm,rebalance_50,volatility_shift,25,64,3,0.3722319680315451,0.31895979062512675,-0.042325439243539695,2501.2840929353333,100.05136371741334,0.0
ppo_hmm,rebalance_75,all,0,512,3,0.2672922652665554,0.2065497511573169,0.005647155135321116,0.0,67.88995229060775,0.0
ppo_hmm,rebalance_75,all,10,512,3,0.19220429954385684,0.14986095300593433,0.014884847566322707,649.5669132031658,64.95669132031658,0.0
ppo_hmm,rebalance_75,all,25,512,3,0.09092856084501784,0.06483829774065954,0.02913888471105953,1521.7955055349696,60.871820221398785,0.0
ppo_hmm,rebalance_75,delayed_cue,0,64,3,0.018769479434254544,-0.001282814652114975,0.024217491413765425,0.0,0.1313604786021087,0.0
ppo_hmm,rebalance_75,delayed_cue,10,64,3,0.018691737375350743,-0.001359943784419922,0.024234924991905497,1.3120779551940742,0.1312077955194074,0.0
ppo_hmm,rebalance_75,delayed_cue,25,64,3,0.018516128430749335,-0.0015605749021738585,0.024333210892827892,3.2620253806532915,0.13048101522613165,0.0
ppo_hmm,rebalance_75,execution_friction,0,64,3,0.18708091308551927,0.17206437694095844,-0.04229309316342358,0.0,30.562124190792087,0.0
ppo_hmm,rebalance_75,execution_friction,10,64,3,0.1542445941237178,0.14416001707837808,-0.041673460795636365,301.04927776205045,30.104927776205045,0.0
ppo_hmm,rebalance_75,execution_friction,25,64,3,0.1069814019984901,0.10245796617800078,-0.03965577295149738,736.3831553380865,29.45532621352346,0.0
ppo_hmm,rebalance_75,known_signal,0,64,3,0.6836495098450368,0.521052821796737,-0.07338452798575587,0.0,112.59793468710828,0.0
ppo_hmm,rebalance_75,known_signal,10,64,3,0.5446149136167104,0.4356249060710365,-0.07215672587593237,1073.3970228584121,107.3397022858412,0.0
ppo_hmm,rebalance_75,known_signal,25,64,3,0.35788312171616066,0.3074359409954385,-0.06856396828612646,2500.934018746209,100.03736074984836,0.0
ppo_hmm,rebalance_75,no_signal,0,64,3,-0.0006424005661030726,-0.0007376967010866265,0.005400653087657486,0.0,0.16683876908563577,0.0
ppo_hmm,rebalance_75,no_signal,10,64,3,-0.0008105379109491484,-0.0009072028216174821,0.005419830046760961,1.665563066550399,0.16655630665503993,0.0
ppo_hmm,rebalance_75,no_signal,25,64,3,-0.0010596855777990194,-0.0011589022783792774,0.005448966397446043,4.160410077911067,0.16641640311644265,0.0
ppo_hmm,rebalance_75,regime_recurrence,0,64,3,0.19011748902546102,0.1765150473683593,0.08192063984412458,0.0,93.32490838239768,0.0
ppo_hmm,rebalance_75,regime_recurrence,10,64,3,0.09281418756746813,0.09075651939426502,0.10641045028175049,892.8163723685178,89.28163723685178,0.0
ppo_hmm,rebalance_75,regime_recurrence,25,64,3,-0.03768198372422063,-0.03775451693498639,0.14206825700484563,2091.178963007299,83.64715852029195,0.0
ppo_hmm,rebalance_75,signal_reversal,0,64,3,-0.16209083292095955,-0.17335025743619004,0.2156942056974236,0.0,88.75863819218766,0.0
ppo_hmm,rebalance_75,signal_reversal,10,64,3,-0.2308695598341851,-0.2582119986610755,0.2553679475911356,850.7826339235617,85.07826339235616,0.0
ppo_hmm,rebalance_75,signal_reversal,25,64,3,-0.3232237967403623,-0.3853958273702763,0.3106599773094499,1998.7458168053793,79.94983267221517,0.0
ppo_hmm,rebalance_75,source_conflict,0,64,3,0.5151097735851022,0.4126593229093133,-0.06266757457911072,0.0,105.30389733307746,0.0
ppo_hmm,rebalance_75,source_conflict,10,64,3,0.3910180801022737,0.3283544060601331,-0.06030285824341399,1005.2052520682047,100.52052520682047,0.0
ppo_hmm,rebalance_75,source_conflict,25,64,3,0.22414111958930827,0.20189835610717016,-0.053591456175502136,2346.7625175940207,93.87050070376081,0.0
ppo_hmm,rebalance_75,volatility_shift,0,64,3,0.7063441906441322,0.545477209032559,-0.10371055323211197,0.0,112.2739162916111,0.0
ppo_hmm,rebalance_75,volatility_shift,10,64,3,0.5679309813104682,0.46047092071077494,-0.0982213274659882,1070.3071056228353,107.03071056228355,0.0
ppo_hmm,rebalance_75,volatility_shift,25,64,3,0.38187218106781623,0.3327839401304826,-0.0875881365029672,2492.9371373301988,99.71748549320796,0.0
ppo_recent_aux,cash,all,0,512,3,0.3029090494494594,0.2220510620423606,0.09663180015234815,0.0,76.02987866204775,0.0
ppo_recent_aux,cash,all,10,512,3,0.2182471801398584,0.159289445255711,0.10663195730072622,725.5042397078145,72.55042397078145,0.0
ppo_recent_aux,cash,all,25,512,3,0.10472038657514163,0.06511575736433442,0.12205171733304544,1693.1070303570727,67.72428121428291,0.0
ppo_recent_aux,cash,delayed_cue,0,64,3,0.08721603589302225,0.014193306616269108,0.1688889790706833,0.0,0.9864980884356366,0.0
ppo_recent_aux,cash,delayed_cue,10,64,3,0.08627884379366807,0.013279466073858874,0.16924060516226708,9.858391214897633,0.9858391214897632,0.0
ppo_recent_aux,cash,delayed_cue,25,64,3,0.08481345482667271,0.011821291997534804,0.16983182233264196,24.63068381929014,0.9852273527716057,0.0
ppo_recent_aux,cash,execution_friction,0,64,3,0.20564020912763734,0.1850195111222664,0.03711181098351512,0.0,34.42755914439135,0.0
ppo_recent_aux,cash,execution_friction,10,64,3,0.16851526584359128,0.15371658389400822,0.03784320289293156,338.8453197688929,33.884531976889285,0.0
ppo_recent_aux,cash,execution_friction,25,64,3,0.11517912580178188,0.10693179863372854,0.04011087105509878,827.8973228258205,33.11589291303282,0.0
ppo_recent_aux,cash,known_signal,0,64,3,0.7588021594684958,0.5637238334259134,9.270460703778884e-05,0.0,126.34398184427907,0.0
ppo_recent_aux,cash,known_signal,10,64,3,0.6008591378400235,0.4695995730518497,0.0014614609955949601,1200.5775439934725,120.05775439934725,0.0
ppo_recent_aux,cash,known_signal,25,64,3,0.3901705153780111,0.3283698540193493,0.005493704320419152,2784.506182319643,111.38024729278574,0.0
ppo_recent_aux,cash,no_signal,0,64,3,-0.003496531806893197,-0.0038249705490240463,0.03241004739455196,0.0,0.9862402685411159,0.0
ppo_recent_aux,cash,no_signal,10,64,3,-0.0044783527028508865,-0.004810980699302681,0.03250424307485175,9.856711601295363,0.9856711601295363,0.0
ppo_recent_aux,cash,no_signal,25,64,3,-0.00595116857922383,-0.006292050573932844,0.032699908159652485,24.627453192371206,0.9850981276948482,0.0
ppo_recent_aux,cash,regime_recurrence,0,64,3,0.1983017180984719,0.1798540397855414,0.17340014194100614,0.0,103.41054777896227,0.0
ppo_recent_aux,cash,regime_recurrence,10,64,3,0.09020665658858629,0.08534086519449083,0.19989097137249537,986.6146136604588,98.66146136604587,0.0
ppo_recent_aux,cash,regime_recurrence,25,64,3,-0.053802161563907144,-0.05636497574346614,0.23836953247300496,2301.6632876522103,92.06653150608841,0.0
ppo_recent_aux,cash,signal_reversal,0,64,3,-0.1626025579223138,-0.17840066658178563,0.3097028416293621,0.0,98.11159477255197,0.0
ppo_recent_aux,cash,signal_reversal,10,64,3,-0.23738714263987848,-0.27194536017047155,0.3518638872240427,938.04057956053,93.804057956053,0.0
ppo_recent_aux,cash,signal_reversal,25,64,3,-0.33714164406429675,-0.4122252000005844,0.4103099028598663,2195.632389418189,87.82529557672756,0.0
ppo_recent_aux,cash,source_conflict,0,64,3,0.5803723637624162,0.45622520115385373,0.011457241148944496,0.0,117.75265778866509,0.0
ppo_recent_aux,cash,source_conflict,10,64,3,0.4403298235856898,0.3634023495867546,0.014101266823334749,1120.7056353628814,112.07056353628813,0.0
ppo_recent_aux,cash,source_conflict,25,64,3,0.25313111080883327,0.22403923226357053,0.021610491261056516,2604.5000636879577,104.1800025475183,0.0
ppo_recent_aux,cash,volatility_shift,0,64,3,0.7590389989748387,0.5596182413658505,0.03999063444368424,0.0,126.21994961055552,0.0
ppo_recent_aux,cash,volatility_shift,10,64,3,0.6016532088100376,0.46573306511450013,0.04615002086029161,1199.5351225000873,119.95351225000873,0.0
ppo_recent_aux,cash,volatility_shift,25,64,3,0.39136385999326173,0.32464610831847557,0.0579875062026234,2781.3988599411,111.25595439764399,0.0
ppo_recent_aux,hold_initial,all,0,512,3,0.29514598888796156,0.22748185878378385,-0.01201765175054414,0.0,75.04704602838828,0.0
ppo_recent_aux,hold_initial,all,10,512,3,0.21146695221202,0.16572192718097253,-0.0022096515237482297,715.6759133712198,71.56759133712198,0.0
ppo_recent_aux,hold_initial,all,25,512,3,0.09941440759779244,0.0730527013970551,0.01291067588506992,1668.536214515586,66.74144858062344,0.0
ppo_recent_aux,hold_initial,delayed_cue,0,64,3,-0.00032605083115254656,-0.0006218075359681547,0.0005727069016345666,0.0,0.0038759116040933458,0.0
ppo_recent_aux,hold_initial,delayed_cue,10,64,3,-0.0002806207536751636,-0.0004964619234834513,0.00044058837619803757,0.03216944658219956,0.0032169446582199467,0.0
ppo_recent_aux,hold_initial,delayed_cue,25,64,3,-0.00027207645542321954,-0.0003935576956928116,0.00030616901055937305,0.06512939850155963,0.0026051759400623972,0.0
ppo_recent_aux,hold_initial,execution_friction,0,64,3,0.20565868630712172,0.18947043865841828,-0.06351127522945323,0.0,33.43698232493138,0.0
ppo_recent_aux,hold_initial,execution_friction,10,64,3,0.16952431984253566,0.1591674391515012,-0.06293232642915432,328.93955157429315,32.89395515742931,0.0
ppo_recent_aux,hold_initial,execution_friction,25,64,3,0.11767404502991621,0.113884439733964,-0.060893642189956076,803.1329023393212,32.12531609357285,0.0
ppo_recent_aux,hold_initial,known_signal,0,64,3,0.7627552998806765,0.5710106432618336,-0.09619669902903039,0.0,125.36272986779595,0.0
ppo_recent_aux,hold_initial,known_signal,10,64,3,0.6057935302286874,0.47787857218667373,-0.094965141243285,1190.7650242286413,119.07650242286412,0.0
ppo_recent_aux,hold_initial,known_signal,25,64,3,0.39657678573139965,0.33813899762893845,-0.09115526974010957,2759.9748829075647,110.39899531630262,0.0
ppo_recent_aux,hold_initial,no_signal,0,64,3,-2.249656097872213e-05,-2.4960538151327935e-05,0.00010432012187277379,0.0,0.004677251745619795,0.0
ppo_recent_aux,hold_initial,no_signal,10,64,3,-2.2754440140930476e-05,-2.4860896727975592e-05,8.83169265723932e-05,0.041081433340401124,0.004108143334040111,0.0
ppo_recent_aux,hold_initial,no_signal,25,64,3,-2.3225791320606246e-05,-2.4939164170798263e-05,6.717134041490588e-05,0.08837777248380124,0.0035351108993520366,0.0
ppo_recent_aux,hold_initial,regime_recurrence,0,64,3,0.21112098541246657,0.19634617521575212,0.07129722153909489,0.0,102.42843232316562,0.0
ppo_recent_aux,hold_initial,regime_recurrence,10,64,3,0.1040080393583776,0.10283565600400288,0.09762129388411135,976.7934591024923,97.67934591024922,0.0
ppo_recent_aux,hold_initial,regime_recurrence,25,64,3,-0.03852760561042086,-0.037364299995478883,0.13584678558914753,2277.110401257294,91.08441605029176,0.0
ppo_recent_aux,hold_initial,signal_reversal,0,64,3,-0.17920501563878752,-0.19112844737214243,0.21632700611465422,0.0,97.12965377758901,0.0
ppo_recent_aux,hold_initial,signal_reversal,10,64,3,-0.25300765936138925,-0.2836994576400591,0.25837443585665865,928.2211696109005,92.82211696109005,0.0
ppo_recent_aux,hold_initial,signal_reversal,25,64,3,-0.3512892492933631,-0.4225169789901771,0.31664973704174426,2171.0838645441154,86.84335458176461,0.0
ppo_recent_aux,hold_initial,source_conflict,0,64,3,0.570174033191345,0.45032952560689704,-0.08430261223497588,0.0,116.77164254013061,0.0
ppo_recent_aux,hold_initial,source_conflict,10,64,3,0.43111250826315306,0.3584865573376034,-0.08184168222450844,1110.8954828775366,111.08954828775366,0.0
ppo_recent_aux,hold_initial,source_conflict,25,64,3,0.24538531835909827,0.22059508313598467,-0.07462447921747975,2579.9746824745957,103.19898729898381,0.0
ppo_recent_aux,hold_initial,volatility_shift,0,64,3,0.7910124693430013,0.6044733029736317,-0.14043188218815006,0.0,125.23837423014399,0.0
ppo_recent_aux,hold_initial,volatility_shift,10,64,3,0.6346082545586117,0.5116279732282696,-0.13446269733657845,1189.719368695972,118.9719368695972,0.0
ppo_recent_aux,hold_initial,volatility_shift,25,64,3,0.4257912688124531,0.3721028665230732,-0.12291106475376133,2756.8594754308115,110.27437901723246,0.0
ppo_recent_aux,rebalance_100,all,0,512,3,0.2953791734389547,0.22779142542288777,-0.01254620777766999,0.0,75.00679747143288,0.0
ppo_recent_aux,rebalance_100,all,10,512,3,0.21170809899590198,0.16602412108251519,-0.0026518149869065766,715.2804460064302,71.52804460064303,0.0
ppo_recent_aux,rebalance_100,all,25,512,3,0.09974839186376869,0.0734277444502517,0.012537375165831728,1667.616984891112,66.70467939564448,0.0
ppo_recent_aux,rebalance_100,delayed_cue,0,64,3,-8.673617379884035e-19,-5.204170427930421e-18,0.0,0.0,1.734723475976807e-18,0.0
ppo_recent_aux,rebalance_100,delayed_cue,10,64,3,-8.673617379884035e-19,3.469446951953614e-18,8.673617379884035e-19,0.0,-6.938893903907228e-18,0.0
ppo_recent_aux,rebalance_100,delayed_cue,25,64,3,0.0,-2.6020852139652106e-18,0.0,1.1102230246251565e-16,3.469446951953614e-18,0.0
ppo_recent_aux,rebalance_100,execution_friction,0,64,3,0.20569142782695135,0.18952607911225366,-0.06369044091541282,0.0,33.435148108554074,0.0
ppo_recent_aux,rebalance_100,execution_friction,10,64,3,0.16956996982899394,0.15922831115095168,-0.063006386862525,328.9342222136027,32.89342222136027,0.0
ppo_recent_aux,rebalance_100,execution_friction,25,64,3,0.11767041721188193,0.11388359552766097,-0.06084904025528383,803.1474663797492,32.125898655189964,0.0
ppo_recent_aux,rebalance_100,known_signal,0,64,3,0.7628032826486105,0.5710952716412561,-0.09656334927394501,0.0,125.35772724351253,0.0
ppo_recent_aux,rebalance_100,known_signal,10,64,3,0.6058563274044554,0.47797040763777804,-0.09522033826841235,1190.725480286267,119.07254802862667,0.0
ppo_recent_aux,rebalance_100,known_signal,25,64,3,0.3966316222425758,0.3382076685491663,-0.09130035341157916,2759.9126889530294,110.3965075581212,0.0
ppo_recent_aux,rebalance_100,no_signal,0,64,3,0.0,-2.710505431213761e-20,0.0,0.0,-8.673617379884035e-18,0.0
ppo_recent_aux,rebalance_100,no_signal,10,64,3,0.0,-1.7618285302889447e-19,0.0,0.0,-1.734723475976807e-18,0.0
ppo_recent_aux,rebalance_100,no_signal,25,64,3,0.0,2.371692252312041e-20,0.0,5.551115123125783e-17,-3.469446951953614e-18,0.0
ppo_recent_aux,rebalance_100,regime_recurrence,0,64,3,0.21112387068689864,0.19636791833884493,0.07105973542627891,0.0,102.42435194335214,0.0
ppo_recent_aux,rebalance_100,regime_recurrence,10,64,3,0.10398255864577309,0.10282476489811372,0.09745032828497388,976.755847807259,97.6755847807259,0.0
ppo_recent_aux,rebalance_100,regime_recurrence,25,64,3,-0.03851025153613094,-0.03733375765957948,0.13573556700957323,2277.06090090972,91.08243603638881,0.0
ppo_recent_aux,rebalance_100,signal_reversal,0,64,3,-0.1792811568597995,-0.19118118783180038,0.21613466108860224,0.0,97.1264687272508,0.0
ppo_recent_aux,rebalance_100,signal_reversal,10,64,3,-0.2530988543424486,-0.2837696554136564,0.25821803633108764,928.1908730796802,92.81908730796802,0.0
ppo_recent_aux,rebalance_100,signal_reversal,25,64,3,-0.3513279523241532,-0.42254358617251736,0.3165640398915181,2171.0408098806756,86.84163239522702,0.0
ppo_recent_aux,rebalance_100,source_conflict,0,64,3,0.5702116575948878,0.45040614502871146,-0.08463984994424759,0.0,116.76657859864207,0.0
ppo_recent_aux,rebalance_100,source_conflict,10,64,3,0.4311386758967222,0.3585466991023257,-0.08209474137812091,1110.858600508944,111.0858600508944,0.0
ppo_recent_aux,rebalance_100,source_conflict,25,64,3,0.2454276595675563,0.22065700195956603,-0.07478200055858611,2579.9047705728453,103.1961908229138,0.0
ppo_recent_aux,rebalance_100,volatility_shift,0,64,3,0.792484305614089,0.6061171770938365,-0.14267041860263566,0.0,124.94410515015142,0.0
ppo_recent_aux,rebalance_100,volatility_shift,10,64,3,0.6362161145337197,0.5133924412846087,-0.1365614180022559,1186.7785441556894,118.67785441556894,0.0
ppo_recent_aux,rebalance_100,volatility_shift,25,64,3,0.42809563974841963,0.3745510333977171,-0.12506921134898843,2749.8692424328765,109.99476969731506,0.0
ppo_recent_aux,rebalance_25,all,0,512,3,0.3022309583987502,0.22218527164164753,0.06850688210207688,0.0,75.7778148765072,0.0
ppo_recent_aux,rebalance_25,all,10,512,3,0.21782294767355861,0.15967796906333256,0.07846779852876697,722.9844929660075,72.29844929660074,0.0
ppo_recent_aux,rebalance_25,all,25,512,3,0.1046736655929698,0.065882595387051,0.09382501699206294,1686.8107631947123,67.47243052778849,0.0
ppo_recent_aux,rebalance_25,delayed_cue,0,64,3,0.07461538083704948,0.006111589838039638,0.12243591092286214,0.0,0.7108223084721542,0.0
ppo_recent_aux,rebalance_25,delayed_cue,10,64,3,0.07394296948231893,0.005463158493730439,0.1226499108710905,7.101742256774695,0.7101742256774695,0.0
ppo_recent_aux,rebalance_25,delayed_cue,25,64,3,0.0728786434885046,0.004406394752329452,0.12303975567073941,17.739650152728743,0.7095860061091497,0.0
ppo_recent_aux,rebalance_25,execution_friction,0,64,3,0.20568009540909274,0.18532225649998293,0.0117887964267086,0.0,34.18257846963856,0.0
ppo_recent_aux,rebalance_25,execution_friction,10,64,3,0.168798049259264,0.15426246478399738,0.012490696966259741,336.39553383595575,33.63955338359557,0.0
ppo_recent_aux,rebalance_25,execution_friction,25,64,3,0.1158381733721738,0.10785393689446245,0.014715753305314131,821.7746826985596,32.87098730794238,0.0
ppo_recent_aux,rebalance_25,known_signal,0,64,3,0.7597857196401395,0.564902475217244,-0.02403598330094843,0.0,126.09961428333604,0.0
ppo_recent_aux,rebalance_25,known_signal,10,64,3,0.6020860993693905,0.47102226850710155,-0.02268766989172336,1198.1350838545814,119.81350838545812,0.0
ppo_recent_aux,rebalance_25,known_signal,25,64,3,0.3917539978390422,0.33014980298719154,-0.018692912552735867,2778.4002775606737,111.13601110242695,0.0
ppo_recent_aux,rebalance_25,no_signal,0,64,3,-0.002658809096378353,-0.0029694096591500823,0.0247636490297777,0.0,0.7535844965032739,0.0
ppo_recent_aux,rebalance_25,no_signal,10,64,3,-0.0033980917682525577,-0.003712675957199284,0.024832505101715432,7.532944676439451,0.753294467643945,0.0
ppo_recent_aux,rebalance_25,no_signal,25,64,3,-0.0045226538368391515,-0.0048449867353847695,0.024980047988369013,18.82850129713086,0.7531400518852344,0.0
ppo_recent_aux,rebalance_25,regime_recurrence,0,64,3,0.20129863030941436,0.1830702755983296,0.1478273602790585,0.0,103.16348446739241,0.0
ppo_recent_aux,rebalance_25,regime_recurrence,10,64,3,0.09344792922885826,0.0888025036327511,0.17428085653167671,984.1440075465808,98.41440075465808,0.0
ppo_recent_aux,rebalance_25,regime_recurrence,25,64,3,-0.05018570576761741,-0.05252679215028285,0.2127276068182642,2295.486224048875,91.819448961955,0.0
ppo_recent_aux,rebalance_25,signal_reversal,0,64,3,-0.16650502234995102,-0.1820753302565958,0.28626641624942367,0.0,97.86896600544436,0.0
ppo_recent_aux,rebalance_25,signal_reversal,10,64,3,-0.24105406748805694,-0.27538513640421153,0.3284223019034033,935.6143627105093,93.56143627105094,0.0
ppo_recent_aux,rebalance_25,signal_reversal,25,64,3,-0.34045243412662884,-0.4153096794134426,0.38683688017651846,2189.5670417505353,87.58268167002142,0.0
ppo_recent_aux,rebalance_25,source_conflict,0,64,3,0.578100414289599,0.45420618913282074,-0.012660929804537816,0.0,117.5097188096081,0.0
ppo_recent_aux,rebalance_25,source_conflict,10,64,3,0.4383373233203075,0.3616613370992833,-0.010030560489647298,1118.2790499041525,111.82790499041525,0.0
ppo_recent_aux,rebalance_25,source_conflict,25,64,3,0.25149241437687936,0.22265182120033955,-0.0025684316407834067,2598.433854005858,103.93735416023432,0.0
ppo_recent_aux,rebalance_25,volatility_shift,0,64,3,0.7675312581510357,0.5689141267625091,-0.008330162985729339,0.0,125.93375017166264,0.0
ppo_recent_aux,rebalance_25,volatility_shift,10,64,3,0.6104233699846392,0.4753098323512075,-0.002215652762639339,1196.6732189430656,119.66732189430658,0.0
ppo_recent_aux,rebalance_25,volatility_shift,25,64,3,0.40058688939824383,0.3346802655611953,0.00956143617081756,2774.255874043337,110.97023496173348,0.0
ppo_recent_aux,rebalance_50,all,0,512,3,0.30065907687733967,0.22316143420673423,0.04009025621340397,0.0,75.50914326034449,0.0
ppo_recent_aux,rebalance_50,all,10,512,3,0.21651225073809002,0.16091569496394417,0.0500121609220148,720.299787858595,72.0299787858595,0.0
ppo_recent_aux,rebalance_50,all,25,512,3,0.10376853619916643,0.06752642533666253,0.06531679376415049,1680.106937113559,67.20427748454237,0.0
ppo_recent_aux,rebalance_50,delayed_cue,0,64,3,0.05583423524190377,0.0014162017272632737,0.07780156065691546,0.0,0.42772342552250475,0.0
ppo_recent_aux,rebalance_50,delayed_cue,10,64,3,0.055441667978961724,0.001038843722410203,0.07792548783632194,4.268072194554579,0.42680721945545785,0.0
ppo_recent_aux,rebalance_50,delayed_cue,25,64,3,0.05478771478883046,0.0003831690532350761,0.07816515431454239,10.648255586821561,0.4259302234728624,0.0
ppo_recent_aux,rebalance_50,execution_friction,0,64,3,0.20570128379096655,0.18618572272614925,-0.014191500717612745,0.0,33.9316656753639,0.0
ppo_recent_aux,rebalance_50,execution_friction,10,64,3,0.16906507336072857,0.15537298561436796,-0.013517427774532569,333.886456613236,33.388645661323594,0.0
ppo_recent_aux,rebalance_50,execution_friction,25,64,3,0.11647583026245459,0.10933493059461749,-0.01130624418533194,815.51428844423,32.6205715377692,0.0
ppo_recent_aux,rebalance_50,known_signal,0,64,3,0.7608082557912715,0.5665658610242997,-0.04920344575947263,0.0,125.84472342312996,0.0
ppo_recent_aux,rebalance_50,known_signal,10,64,3,0.6033533595515486,0.47293167999451047,-0.0478693816516033,1195.5890293416267,119.55890293416265,0.0
ppo_recent_aux,rebalance_50,known_signal,25,64,3,0.3934257480107339,0.3324654780255042,-0.04390505402083576,2772.0456775319417,110.8818271012777,0.0
ppo_recent_aux,rebalance_50,no_signal,0,64,3,-0.0017468353520421302,-0.001996028934403749,0.01632929472449673,0.0,0.49974716941779235,0.0
ppo_recent_aux,rebalance_50,no_signal,10,64,3,-0.0022398118506004004,-0.002492136867871464,0.016379276825840616,4.995967096044327,0.49959670960443275,0.0
ppo_recent_aux,rebalance_50,no_signal,25,64,3,-0.0029859359975354747,-0.0032444657628308894,0.01648381721666231,12.486304385762537,0.49945217543050147,0.0
ppo_recent_aux,rebalance_50,regime_recurrence,0,64,3,0.2046876887111603,0.18715831400670796,0.12119138924489103,0.0,102.90950302963009,0.0
ppo_recent_aux,rebalance_50,regime_recurrence,10,64,3,0.09709190746123078,0.09314898397182289,0.14762404968819723,981.6084839971245,98.16084839971244,0.0
ppo_recent_aux,rebalance_50,regime_recurrence,25,64,3,-0.04615765700465261,-0.047791885117962105,0.18603540778723984,2289.158700770089,91.56634803080357,0.0
ppo_recent_aux,rebalance_50,signal_reversal,0,64,3,-0.1709416186439456,-0.18575606217731877,0.2619004825810096,0.0,97.61281433024007,0.0
ppo_recent_aux,rebalance_50,signal_reversal,10,64,3,-0.2452148268575719,-0.27879332783769234,0.3040248588845,933.0572086343462,93.30572086343463,0.0
ppo_recent_aux,rebalance_50,signal_reversal,25,64,3,-0.3442075361624376,-0.4183182920222071,0.3624277331819899,2183.177552415807,87.32710209663227,0.0
ppo_recent_aux,rebalance_50,source_conflict,0,64,3,0.5753789655633865,0.4523209147326043,-0.03780795923148441,0.0,117.25345534373136,0.0
ppo_recent_aux,rebalance_50,source_conflict,10,64,3,0.4358297253464163,0.35998987858749415,-0.03523552634363192,1115.7150934187562,111.57150934187563,0.0
ppo_recent_aux,rebalance_50,source_conflict,25,64,3,0.2494034543698075,0.22139533562336355,-0.02784024812146293,2592.0392533224995,103.68157013289998,0.0
ppo_recent_aux,rebalance_50,volatility_shift,0,64,3,0.7755506399160166,0.579396550548572,-0.055297771791511297,0.0,125.59351368572017,0.0
ppo_recent_aux,rebalance_50,volatility_shift,10,64,3,0.6187709109140065,0.4861286525265115,-0.0492340500889736,1193.2779915730714,119.32779915730715,0.0
ppo_recent_aux,rebalance_50,volatility_shift,25,64,3,0.4094066713261307,0.34598713229958006,-0.03752621605959989,2765.785464451322,110.63141857805287,0.0
ppo_recent_aux,rebalance_75,all,0,512,3,0.29824930373282244,0.22497387513782838,0.013084414957899946,0.0,75.25310724010012,0.0
ppo_recent_aux,rebalance_75,all,10,512,3,0.2143658147288925,0.16299129664719403,0.022986693870406593,717.7444546266236,71.77444546266236,0.0
ppo_recent_aux,rebalance_75,all,25,512,3,0.10200641311826918,0.06998878394907825,0.038238115800115935,1673.7268009014267,66.94907203605707,0.0
ppo_recent_aux,rebalance_75,delayed_cue,0,64,3,0.029564973803156758,-0.001544384720686959,0.03708102115681644,0.0,0.1974186985408638,0.0
ppo_recent_aux,rebalance_75,delayed_cue,10,64,3,0.029393133525679595,-0.0017100539587404442,0.037123032336737076,1.971910984353001,0.19719109843530006,0.0
ppo_recent_aux,rebalance_75,delayed_cue,25,64,3,0.029066417456044845,-0.0020576003377106257,0.037275967109989004,4.90875706675692,0.1963502826702768,0.0
ppo_recent_aux,rebalance_75,execution_friction,0,64,3,0.20571142696715822,0.1875937743288092,-0.03927639394145915,0.0,33.68260707751981,0.0
ppo_recent_aux,rebalance_75,execution_friction,10,64,3,0.16932333734121932,0.15702382349642868,-0.038584298862303926,331.4028007028961,33.140280070289606,0.0
ppo_recent_aux,rebalance_75,execution_friction,25,64,3,0.1171254685511613,0.11137476627808605,-0.03639230548134824,809.3178171218227,32.37271268487291,0.0
ppo_recent_aux,rebalance_75,known_signal,0,64,3,0.7617593213995446,0.5685822607198805,-0.07337655691862219,0.0,125.59815414706149,0.0
ppo_recent_aux,rebalance_75,known_signal,10,64,3,0.6045823023667684,0.47522344731203076,-0.07203395567763404,1193.1255522106042,119.31255522106039,0.0
ppo_recent_aux,rebalance_75,known_signal,25,64,3,0.39502572293351323,0.33513035944853875,-0.0680998508890647,2765.894353415547,110.63577413662188,0.0
ppo_recent_aux,rebalance_75,no_signal,0,64,3,-0.0008784989585502428,-0.0010236354201740446,0.00813604460455668,0.0,0.2501097034310443,0.0
ppo_recent_aux,rebalance_75,no_signal,10,64,3,-0.0011330863435026848,-0.0012800672141287898,0.008160006704916558,2.49684454163632,0.24968445416363202,0.0
ppo_recent_aux,rebalance_75,no_signal,25,64,3,-0.0015062238346910378,-0.001657113052738223,0.008218973128672152,6.2421499207100455,0.24968599682840184,0.0
ppo_recent_aux,rebalance_75,regime_recurrence,0,64,3,0.20790783269342364,0.1915459855616581,0.09562549266590262,0.0,102.66417888527418,0.0
ppo_recent_aux,rebalance_75,regime_recurrence,10,64,3,0.1005453336033588,0.09777303818507668,0.12203804623270299,979.154033716626,97.91540337166259,0.0
ppo_recent_aux,rebalance_75,regime_recurrence,25,64,3,-0.042320835936336204,-0.0427775336377253,0.16039403117867462,2283.043491398073,91.32173965592293,0.0
ppo_recent_aux,rebalance_75,signal_reversal,0,64,3,-0.17515662763703782,-0.18873747721424608,0.23852915136888672,0.0,97.36698251719683,0.0
ppo_recent_aux,rebalance_75,signal_reversal,10,64,3,-0.24916819766514522,-0.2815203726505676,0.28066180555306136,930.6032651004814,93.06032651004814,0.0
ppo_recent_aux,rebalance_75,signal_reversal,25,64,3,-0.3477642847459548,-0.42065346399748493,0.33906594120148564,2177.072760752677,87.08291043010708,0.0
ppo_recent_aux,rebalance_75,source_conflict,0,64,3,0.5727841146073461,0.4510976822107753,-0.06170013347965879,0.0,117.00732714300524,0.0
ppo_recent_aux,rebalance_75,source_conflict,10,64,3,0.4334624611621605,0.35899183033188653,-0.05911013117860717,1113.2570577162383,111.32570577162383,0.0
ppo_recent_aux,rebalance_75,source_conflict,25,64,3,0.24737815616001418,0.22073957508672423,-0.051768916528453654,2585.89656868964,103.43586274758559,0.0
ppo_recent_aux,rebalance_75,volatility_shift,0,64,3,0.7843018869875383,0.5922767956366111,-0.10034330579322276,0.0,125.25807974877155,0.0
ppo_recent_aux,rebalance_75,volatility_shift,10,64,3,0.6279212338406014,0.49942872767556634,-0.0943609541456201,1189.944172040153,118.99441720401532,0.0
ppo_recent_aux,rebalance_75,volatility_shift,25,64,3,0.41904688436240184,0.35981128180493593,-0.08278891331902741,2757.4385088461877,110.2975403538475,0.0
ppo_replay_aux,cash,all,0,512,3,0.3029176849333424,0.22205651473859087,0.09663190436051168,0.0,76.02792708287099,0.0
ppo_replay_aux,cash,all,10,512,3,0.21825835577992175,0.15929715489468282,0.1066318608373609,725.4858787032234,72.54858787032234,0.0
ppo_replay_aux,cash,all,25,512,3,0.10473567706273364,0.06512780923909929,0.12205167202128525,1693.0721254740986,67.72288501896395,0.0
ppo_replay_aux,cash,delayed_cue,0,64,3,0.08721603589302225,0.014193306616269108,0.1688889790706833,0.0,0.9864980884356366,0.0
ppo_replay_aux,cash,delayed_cue,10,64,3,0.08627884379366807,0.013279466073858874,0.16924060516226708,9.858391214897633,0.9858391214897632,0.0
ppo_replay_aux,cash,delayed_cue,25,64,3,0.08481345482667271,0.011821291997534804,0.16983182233264196,24.63068381929014,0.9852273527716057,0.0
ppo_replay_aux,cash,execution_friction,0,64,3,0.20564020912763734,0.1850195111222664,0.03711181098351512,0.0,34.42755914439135,0.0
ppo_replay_aux,cash,execution_friction,10,64,3,0.16851526584359128,0.15371658389400822,0.03784320289293156,338.8453197688929,33.884531976889285,0.0
ppo_replay_aux,cash,execution_friction,25,64,3,0.11517912580178188,0.10693179863372854,0.04011087105509878,827.8973228258205,33.11589291303282,0.0
ppo_replay_aux,cash,known_signal,0,64,3,0.7588021594684958,0.5637238334259134,9.270460703778884e-05,0.0,126.34398184427907,0.0
ppo_replay_aux,cash,known_signal,10,64,3,0.6008591378400235,0.4695995730518497,0.0014614609955949601,1200.5775439934725,120.05775439934725,0.0
ppo_replay_aux,cash,known_signal,25,64,3,0.3901705153780111,0.3283698540193493,0.005493704320419152,2784.506182319643,111.38024729278574,0.0
ppo_replay_aux,cash,no_signal,0,64,3,-0.003496531806893197,-0.0038249705490240463,0.03241004739455196,0.0,0.9862402685411159,0.0
ppo_replay_aux,cash,no_signal,10,64,3,-0.0044783527028508865,-0.004810980699302681,0.03250424307485175,9.856711601295363,0.9856711601295363,0.0
ppo_replay_aux,cash,no_signal,25,64,3,-0.00595116857922383,-0.006292050573932844,0.032699908159652485,24.627453192371206,0.9850981276948482,0.0
ppo_replay_aux,cash,regime_recurrence,0,64,3,0.1983017180984719,0.1798540397855414,0.17340014194100614,0.0,103.41054777896227,0.0
ppo_replay_aux,cash,regime_recurrence,10,64,3,0.09020665658858629,0.08534086519449083,0.19989097137249537,986.6146136604588,98.66146136604587,0.0
ppo_replay_aux,cash,regime_recurrence,25,64,3,-0.053802161563907144,-0.05636497574346614,0.23836953247300496,2301.6632876522103,92.06653150608841,0.0
ppo_replay_aux,cash,signal_reversal,0,64,3,-0.1626025579223138,-0.17840066658178563,0.3097028416293621,0.0,98.11159477255197,0.0
ppo_replay_aux,cash,signal_reversal,10,64,3,-0.23738714263987848,-0.27194536017047155,0.3518638872240427,938.04057956053,93.804057956053,0.0
ppo_replay_aux,cash,signal_reversal,25,64,3,-0.33714164406429675,-0.4122252000005844,0.4103099028598663,2195.632389418189,87.82529557672756,0.0
ppo_replay_aux,cash,source_conflict,0,64,3,0.5804414476334805,0.45626882272369573,0.011458074814252749,0.0,117.73704515525095,0.0
ppo_replay_aux,cash,source_conflict,10,64,3,0.4404192287061966,0.363464026698529,0.014100495116412138,1120.5587473261526,112.05587473261525,0.0
ppo_replay_aux,cash,source_conflict,25,64,3,0.25325343470956935,0.22413564726168947,0.021610128766975,2604.220824624165,104.1688329849666,0.0
ppo_replay_aux,cash,volatility_shift,0,64,3,0.7590389989748387,0.5596182413658505,0.03999063444368424,0.0,126.21994961055552,0.0
ppo_replay_aux,cash,volatility_shift,10,64,3,0.6016532088100376,0.46573306511450013,0.04615002086029161,1199.5351225000873,119.95351225000873,0.0
ppo_replay_aux,cash,volatility_shift,25,64,3,0.39136385999326173,0.32464610831847557,0.0579875062026234,2781.3988599411,111.25595439764399,0.0
ppo_replay_aux,hold_initial,all,0,512,3,0.2951546243718446,0.2274873114800141,-0.012017547542380607,0.0,75.04509444921152,0.0
ppo_replay_aux,hold_initial,all,10,512,3,0.21147812785208336,0.16572963681994432,-0.002209747987113556,715.6575523666287,71.56575523666287,0.0
ppo_replay_aux,hold_initial,all,25,512,3,0.09942969808538445,0.07306475327181995,0.01291063057330973,1668.501309632612,66.74005238530448,0.0
ppo_replay_aux,hold_initial,delayed_cue,0,64,3,-0.00032605083115254656,-0.0006218075359681547,0.0005727069016345666,0.0,0.0038759116040933458,0.0
ppo_replay_aux,hold_initial,delayed_cue,10,64,3,-0.0002806207536751636,-0.0004964619234834513,0.00044058837619803757,0.03216944658219956,0.0032169446582199467,0.0
ppo_replay_aux,hold_initial,delayed_cue,25,64,3,-0.00027207645542321954,-0.0003935576956928116,0.00030616901055937305,0.06512939850155963,0.0026051759400623972,0.0
ppo_replay_aux,hold_initial,execution_friction,0,64,3,0.20565868630712172,0.18947043865841828,-0.06351127522945323,0.0,33.43698232493138,0.0
ppo_replay_aux,hold_initial,execution_friction,10,64,3,0.16952431984253566,0.1591674391515012,-0.06293232642915432,328.93955157429315,32.89395515742931,0.0
ppo_replay_aux,hold_initial,execution_friction,25,64,3,0.11767404502991621,0.113884439733964,-0.060893642189956076,803.1329023393212,32.12531609357285,0.0
ppo_replay_aux,hold_initial,known_signal,0,64,3,0.7627552998806765,0.5710106432618336,-0.09619669902903039,0.0,125.36272986779595,0.0
ppo_replay_aux,hold_initial,known_signal,10,64,3,0.6057935302286874,0.47787857218667373,-0.094965141243285,1190.7650242286413,119.07650242286412,0.0
ppo_replay_aux,hold_initial,known_signal,25,64,3,0.39657678573139965,0.33813899762893845,-0.09115526974010957,2759.9748829075647,110.39899531630262,0.0
ppo_replay_aux,hold_initial,no_signal,0,64,3,-2.249656097872213e-05,-2.4960538151327935e-05,0.00010432012187277379,0.0,0.004677251745619795,0.0
ppo_replay_aux,hold_initial,no_signal,10,64,3,-2.2754440140930476e-05,-2.4860896727975592e-05,8.83169265723932e-05,0.041081433340401124,0.004108143334040111,0.0
ppo_replay_aux,hold_initial,no_signal,25,64,3,-2.3225791320606246e-05,-2.4939164170798263e-05,6.717134041490588e-05,0.08837777248380124,0.0035351108993520366,0.0
ppo_replay_aux,hold_initial,regime_recurrence,0,64,3,0.21112098541246657,0.19634617521575212,0.07129722153909489,0.0,102.42843232316562,0.0
ppo_replay_aux,hold_initial,regime_recurrence,10,64,3,0.1040080393583776,0.10283565600400288,0.09762129388411135,976.7934591024923,97.67934591024922,0.0
ppo_replay_aux,hold_initial,regime_recurrence,25,64,3,-0.03852760561042086,-0.037364299995478883,0.13584678558914753,2277.110401257294,91.08441605029176,0.0
ppo_replay_aux,hold_initial,signal_reversal,0,64,3,-0.17920501563878752,-0.19112844737214243,0.21632700611465422,0.0,97.12965377758901,0.0
ppo_replay_aux,hold_initial,signal_reversal,10,64,3,-0.25300765936138925,-0.2836994576400591,0.25837443585665865,928.2211696109005,92.82211696109005,0.0
ppo_replay_aux,hold_initial,signal_reversal,25,64,3,-0.3512892492933631,-0.4225169789901771,0.31664973704174426,2171.0838645441154,86.84335458176461,0.0
ppo_replay_aux,hold_initial,source_conflict,0,64,3,0.5702431170624093,0.45037314717673904,-0.08430177856966763,0.0,116.75602990671648,0.0
ppo_replay_aux,hold_initial,source_conflict,10,64,3,0.4312019133836599,0.3585482344493778,-0.08184245393143105,1110.7485948408078,111.07485948408078,0.0
ppo_replay_aux,hold_initial,source_conflict,25,64,3,0.2455076422598343,0.2206914981341036,-0.07462484171156127,2579.695443410803,103.18781773643211,0.0
ppo_replay_aux,hold_initial,volatility_shift,0,64,3,0.7910124693430013,0.6044733029736317,-0.14043188218815006,0.0,125.23837423014399,0.0
ppo_replay_aux,hold_initial,volatility_shift,10,64,3,0.6346082545586117,0.5116279732282696,-0.13446269733657845,1189.719368695972,118.9719368695972,0.0
ppo_replay_aux,hold_initial,volatility_shift,25,64,3,0.4257912688124531,0.3721028665230732,-0.12291106475376133,2756.8594754308115,110.27437901723246,0.0
ppo_replay_aux,rebalance_100,all,0,512,3,0.2953878089228378,0.22779687811911803,-0.012546103569506457,0.0,75.00484589225611,0.0
ppo_replay_aux,rebalance_100,all,10,512,3,0.21171927463596532,0.166031830721487,-0.002651911450271903,715.2620850018392,71.52620850018391,0.0
ppo_replay_aux,rebalance_100,all,25,512,3,0.0997636823513607,0.07343979632501657,0.012537329854071539,1667.582080008138,66.70328320032552,0.0
ppo_replay_aux,rebalance_100,delayed_cue,0,64,3,-8.673617379884035e-19,-5.204170427930421e-18,0.0,0.0,1.734723475976807e-18,0.0
ppo_replay_aux,rebalance_100,delayed_cue,10,64,3,-8.673617379884035e-19,3.469446951953614e-18,8.673617379884035e-19,0.0,-6.938893903907228e-18,0.0
ppo_replay_aux,rebalance_100,delayed_cue,25,64,3,0.0,-2.6020852139652106e-18,0.0,1.1102230246251565e-16,3.469446951953614e-18,0.0
ppo_replay_aux,rebalance_100,execution_friction,0,64,3,0.20569142782695135,0.18952607911225366,-0.06369044091541282,0.0,33.435148108554074,0.0
ppo_replay_aux,rebalance_100,execution_friction,10,64,3,0.16956996982899394,0.15922831115095168,-0.063006386862525,328.9342222136027,32.89342222136027,0.0
ppo_replay_aux,rebalance_100,execution_friction,25,64,3,0.11767041721188193,0.11388359552766097,-0.06084904025528383,803.1474663797492,32.125898655189964,0.0
ppo_replay_aux,rebalance_100,known_signal,0,64,3,0.7628032826486105,0.5710952716412561,-0.09656334927394501,0.0,125.35772724351253,0.0
ppo_replay_aux,rebalance_100,known_signal,10,64,3,0.6058563274044554,0.47797040763777804,-0.09522033826841235,1190.725480286267,119.07254802862667,0.0
ppo_replay_aux,rebalance_100,known_signal,25,64,3,0.3966316222425758,0.3382076685491663,-0.09130035341157916,2759.9126889530294,110.3965075581212,0.0
ppo_replay_aux,rebalance_100,no_signal,0,64,3,0.0,-2.710505431213761e-20,0.0,0.0,-8.673617379884035e-18,0.0
ppo_replay_aux,rebalance_100,no_signal,10,64,3,0.0,-1.7618285302889447e-19,0.0,0.0,-1.734723475976807e-18,0.0
ppo_replay_aux,rebalance_100,no_signal,25,64,3,0.0,2.371692252312041e-20,0.0,5.551115123125783e-17,-3.469446951953614e-18,0.0
ppo_replay_aux,rebalance_100,regime_recurrence,0,64,3,0.21112387068689864,0.19636791833884493,0.07105973542627891,0.0,102.42435194335214,0.0
ppo_replay_aux,rebalance_100,regime_recurrence,10,64,3,0.10398255864577309,0.10282476489811372,0.09745032828497388,976.755847807259,97.6755847807259,0.0
ppo_replay_aux,rebalance_100,regime_recurrence,25,64,3,-0.03851025153613094,-0.03733375765957948,0.13573556700957323,2277.06090090972,91.08243603638881,0.0
ppo_replay_aux,rebalance_100,signal_reversal,0,64,3,-0.1792811568597995,-0.19118118783180038,0.21613466108860224,0.0,97.1264687272508,0.0
ppo_replay_aux,rebalance_100,signal_reversal,10,64,3,-0.2530988543424486,-0.2837696554136564,0.25821803633108764,928.1908730796802,92.81908730796802,0.0
ppo_replay_aux,rebalance_100,signal_reversal,25,64,3,-0.3513279523241532,-0.42254358617251736,0.3165640398915181,2171.0408098806756,86.84163239522702,0.0
ppo_replay_aux,rebalance_100,source_conflict,0,64,3,0.5702807414659521,0.4504497665985535,-0.08463901627893934,0.0,116.75096596522793,0.0
ppo_replay_aux,rebalance_100,source_conflict,10,64,3,0.43122808101722904,0.35860837621410013,-0.08209551308504352,1110.7117124722151,111.07117124722151,0.0
ppo_replay_aux,rebalance_100,source_conflict,25,64,3,0.24554998346829235,0.22075341695768497,-0.07478236305266762,2579.6255315090525,103.18502126036209,0.0
ppo_replay_aux,rebalance_100,volatility_shift,0,64,3,0.792484305614089,0.6061171770938365,-0.14267041860263566,0.0,124.94410515015142,0.0
ppo_replay_aux,rebalance_100,volatility_shift,10,64,3,0.6362161145337197,0.5133924412846087,-0.1365614180022559,1186.7785441556894,118.67785441556894,0.0
ppo_replay_aux,rebalance_100,volatility_shift,25,64,3,0.42809563974841963,0.3745510333977171,-0.12506921134898843,2749.8692424328765,109.99476969731506,0.0
ppo_replay_aux,rebalance_25,all,0,512,3,0.3022395938826332,0.22219072433787776,0.06850698631024041,0.0,75.77586329733043,0.0
ppo_replay_aux,rebalance_25,all,10,512,3,0.21783412331362195,0.15968567870230435,0.07846770206540164,722.9661319614163,72.29661319614164,0.0
ppo_replay_aux,rebalance_25,all,25,512,3,0.10468895608056179,0.06589464726181588,0.09382497168030275,1686.7758583117381,67.47103433246953,0.0
ppo_replay_aux,rebalance_25,delayed_cue,0,64,3,0.07461538083704948,0.006111589838039638,0.12243591092286214,0.0,0.7108223084721542,0.0
ppo_replay_aux,rebalance_25,delayed_cue,10,64,3,0.07394296948231893,0.005463158493730439,0.1226499108710905,7.101742256774695,0.7101742256774695,0.0
ppo_replay_aux,rebalance_25,delayed_cue,25,64,3,0.0728786434885046,0.004406394752329452,0.12303975567073941,17.739650152728743,0.7095860061091497,0.0
ppo_replay_aux,rebalance_25,execution_friction,0,64,3,0.20568009540909274,0.18532225649998293,0.0117887964267086,0.0,34.18257846963856,0.0
ppo_replay_aux,rebalance_25,execution_friction,10,64,3,0.168798049259264,0.15426246478399738,0.012490696966259741,336.39553383595575,33.63955338359557,0.0
ppo_replay_aux,rebalance_25,execution_friction,25,64,3,0.1158381733721738,0.10785393689446245,0.014715753305314131,821.7746826985596,32.87098730794238,0.0
ppo_replay_aux,rebalance_25,known_signal,0,64,3,0.7597857196401395,0.564902475217244,-0.02403598330094843,0.0,126.09961428333604,0.0
ppo_replay_aux,rebalance_25,known_signal,10,64,3,0.6020860993693905,0.47102226850710155,-0.02268766989172336,1198.1350838545814,119.81350838545812,0.0
ppo_replay_aux,rebalance_25,known_signal,25,64,3,0.3917539978390422,0.33014980298719154,-0.018692912552735867,2778.4002775606737,111.13601110242695,0.0
ppo_replay_aux,rebalance_25,no_signal,0,64,3,-0.002658809096378353,-0.0029694096591500823,0.0247636490297777,0.0,0.7535844965032739,0.0
ppo_replay_aux,rebalance_25,no_signal,10,64,3,-0.0033980917682525577,-0.003712675957199284,0.024832505101715432,7.532944676439451,0.753294467643945,0.0
ppo_replay_aux,rebalance_25,no_signal,25,64,3,-0.0045226538368391515,-0.0048449867353847695,0.024980047988369013,18.82850129713086,0.7531400518852344,0.0
ppo_replay_aux,rebalance_25,regime_recurrence,0,64,3,0.20129863030941436,0.1830702755983296,0.1478273602790585,0.0,103.16348446739241,0.0
ppo_replay_aux,rebalance_25,regime_recurrence,10,64,3,0.09344792922885826,0.0888025036327511,0.17428085653167671,984.1440075465808,98.41440075465808,0.0
ppo_replay_aux,rebalance_25,regime_recurrence,25,64,3,-0.05018570576761741,-0.05252679215028285,0.2127276068182642,2295.486224048875,91.819448961955,0.0
ppo_replay_aux,rebalance_25,signal_reversal,0,64,3,-0.16650502234995102,-0.1820753302565958,0.28626641624942367,0.0,97.86896600544436,0.0
ppo_replay_aux,rebalance_25,signal_reversal,10,64,3,-0.24105406748805694,-0.27538513640421153,0.3284223019034033,935.6143627105093,93.56143627105094,0.0
ppo_replay_aux,rebalance_25,signal_reversal,25,64,3,-0.34045243412662884,-0.4153096794134426,0.38683688017651846,2189.5670417505353,87.58268167002142,0.0
ppo_replay_aux,rebalance_25,source_conflict,0,64,3,0.5781694981606633,0.4542498107026628,-0.012660096139229563,0.0,117.49410617619395,0.0
ppo_replay_aux,rebalance_25,source_conflict,10,64,3,0.4384267284408143,0.3617230142110577,-0.010031332196569908,1118.1321618674237,111.81321618674237,0.0
ppo_replay_aux,rebalance_25,source_conflict,25,64,3,0.2516147382776154,0.2227482361984585,-0.002568794134864922,2598.1546149420656,103.9261845976826,0.0
ppo_replay_aux,rebalance_25,volatility_shift,0,64,3,0.7675312581510357,0.5689141267625091,-0.008330162985729339,0.0,125.93375017166264,0.0
ppo_replay_aux,rebalance_25,volatility_shift,10,64,3,0.6104233699846392,0.4753098323512075,-0.002215652762639339,1196.6732189430656,119.66732189430658,0.0
ppo_replay_aux,rebalance_25,volatility_shift,25,64,3,0.40058688939824383,0.3346802655611953,0.00956143617081756,2774.255874043337,110.97023496173348,0.0
ppo_replay_aux,rebalance_50,all,0,512,3,0.3006677123612227,0.2231668869029645,0.0400903604215675,0.0,75.50719168116771,0.0
ppo_replay_aux,rebalance_50,all,10,512,3,0.21652342637815336,0.160923404602916,0.05001206445864947,720.2814268540039,72.02814268540038,0.0
ppo_replay_aux,rebalance_50,all,25,512,3,0.10378382668675844,0.0675384772114274,0.0653167484523903,1680.0720322305851,67.2028812892234,0.0
ppo_replay_aux,rebalance_50,delayed_cue,0,64,3,0.05583423524190377,0.0014162017272632737,0.07780156065691546,0.0,0.42772342552250475,0.0
ppo_replay_aux,rebalance_50,delayed_cue,10,64,3,0.055441667978961724,0.001038843722410203,0.07792548783632194,4.268072194554579,0.42680721945545785,0.0
ppo_replay_aux,rebalance_50,delayed_cue,25,64,3,0.05478771478883046,0.0003831690532350761,0.07816515431454239,10.648255586821561,0.4259302234728624,0.0
ppo_replay_aux,rebalance_50,execution_friction,0,64,3,0.20570128379096655,0.18618572272614925,-0.014191500717612745,0.0,33.9316656753639,0.0
ppo_replay_aux,rebalance_50,execution_friction,10,64,3,0.16906507336072857,0.15537298561436796,-0.013517427774532569,333.886456613236,33.388645661323594,0.0
ppo_replay_aux,rebalance_50,execution_friction,25,64,3,0.11647583026245459,0.10933493059461749,-0.01130624418533194,815.51428844423,32.6205715377692,0.0
ppo_replay_aux,rebalance_50,known_signal,0,64,3,0.7608082557912715,0.5665658610242997,-0.04920344575947263,0.0,125.84472342312996,0.0
ppo_replay_aux,rebalance_50,known_signal,10,64,3,0.6033533595515486,0.47293167999451047,-0.0478693816516033,1195.5890293416267,119.55890293416265,0.0
ppo_replay_aux,rebalance_50,known_signal,25,64,3,0.3934257480107339,0.3324654780255042,-0.04390505402083576,2772.0456775319417,110.8818271012777,0.0
ppo_replay_aux,rebalance_50,no_signal,0,64,3,-0.0017468353520421302,-0.001996028934403749,0.01632929472449673,0.0,0.49974716941779235,0.0
ppo_replay_aux,rebalance_50,no_signal,10,64,3,-0.0022398118506004004,-0.002492136867871464,0.016379276825840616,4.995967096044327,0.49959670960443275,0.0
ppo_replay_aux,rebalance_50,no_signal,25,64,3,-0.0029859359975354747,-0.0032444657628308894,0.01648381721666231,12.486304385762537,0.49945217543050147,0.0
ppo_replay_aux,rebalance_50,regime_recurrence,0,64,3,0.2046876887111603,0.18715831400670796,0.12119138924489103,0.0,102.90950302963009,0.0
ppo_replay_aux,rebalance_50,regime_recurrence,10,64,3,0.09709190746123078,0.09314898397182289,0.14762404968819723,981.6084839971245,98.16084839971244,0.0
ppo_replay_aux,rebalance_50,regime_recurrence,25,64,3,-0.04615765700465261,-0.047791885117962105,0.18603540778723984,2289.158700770089,91.56634803080357,0.0
ppo_replay_aux,rebalance_50,signal_reversal,0,64,3,-0.1709416186439456,-0.18575606217731877,0.2619004825810096,0.0,97.61281433024007,0.0
ppo_replay_aux,rebalance_50,signal_reversal,10,64,3,-0.2452148268575719,-0.27879332783769234,0.3040248588845,933.0572086343462,93.30572086343463,0.0
ppo_replay_aux,rebalance_50,signal_reversal,25,64,3,-0.3442075361624376,-0.4183182920222071,0.3624277331819899,2183.177552415807,87.32710209663227,0.0
ppo_replay_aux,rebalance_50,source_conflict,0,64,3,0.5754480494344507,0.45236453630244633,-0.03780712556617616,0.0,117.23784271031722,0.0
ppo_replay_aux,rebalance_50,source_conflict,10,64,3,0.43591913046692304,0.36005155569926856,-0.035236298050554525,1115.5682053820274,111.55682053820274,0.0
ppo_replay_aux,rebalance_50,source_conflict,25,64,3,0.24952577827054354,0.2214917506214825,-0.027840610615544447,2591.760014258707,103.67040057034828,0.0
ppo_replay_aux,rebalance_50,volatility_shift,0,64,3,0.7755506399160166,0.579396550548572,-0.055297771791511297,0.0,125.59351368572017,0.0
ppo_replay_aux,rebalance_50,volatility_shift,10,64,3,0.6187709109140065,0.4861286525265115,-0.0492340500889736,1193.2779915730714,119.32779915730715,0.0
ppo_replay_aux,rebalance_50,volatility_shift,25,64,3,0.4094066713261307,0.34598713229958006,-0.03752621605959989,2765.785464451322,110.63141857805287,0.0
ppo_replay_aux,rebalance_75,all,0,512,3,0.29825793921670546,0.22497932783405863,0.013084519166063477,0.0,75.25115566092336,0.0
ppo_replay_aux,rebalance_75,all,10,512,3,0.21437699036895583,0.16299900628616582,0.022986597407041266,717.7260936220324,71.77260936220324,0.0
ppo_replay_aux,rebalance_75,all,25,512,3,0.10202170360586119,0.07000083582384312,0.038238070488355744,1673.6918960184528,66.94767584073811,0.0
ppo_replay_aux,rebalance_75,delayed_cue,0,64,3,0.029564973803156758,-0.001544384720686959,0.03708102115681644,0.0,0.1974186985408638,0.0
ppo_replay_aux,rebalance_75,delayed_cue,10,64,3,0.029393133525679595,-0.0017100539587404442,0.037123032336737076,1.971910984353001,0.19719109843530006,0.0
ppo_replay_aux,rebalance_75,delayed_cue,25,64,3,0.029066417456044845,-0.0020576003377106257,0.037275967109989004,4.90875706675692,0.1963502826702768,0.0
ppo_replay_aux,rebalance_75,execution_friction,0,64,3,0.20571142696715822,0.1875937743288092,-0.03927639394145915,0.0,33.68260707751981,0.0
ppo_replay_aux,rebalance_75,execution_friction,10,64,3,0.16932333734121932,0.15702382349642868,-0.038584298862303926,331.4028007028961,33.140280070289606,0.0
ppo_replay_aux,rebalance_75,execution_friction,25,64,3,0.1171254685511613,0.11137476627808605,-0.03639230548134824,809.3178171218227,32.37271268487291,0.0
ppo_replay_aux,rebalance_75,known_signal,0,64,3,0.7617593213995446,0.5685822607198805,-0.07337655691862219,0.0,125.59815414706149,0.0
ppo_replay_aux,rebalance_75,known_signal,10,64,3,0.6045823023667684,0.47522344731203076,-0.07203395567763404,1193.1255522106042,119.31255522106039,0.0
ppo_replay_aux,rebalance_75,known_signal,25,64,3,0.39502572293351323,0.33513035944853875,-0.0680998508890647,2765.894353415547,110.63577413662188,0.0
ppo_replay_aux,rebalance_75,no_signal,0,64,3,-0.0008784989585502428,-0.0010236354201740446,0.00813604460455668,0.0,0.2501097034310443,0.0
ppo_replay_aux,rebalance_75,no_signal,10,64,3,-0.0011330863435026848,-0.0012800672141287898,0.008160006704916558,2.49684454163632,0.24968445416363202,0.0
ppo_replay_aux,rebalance_75,no_signal,25,64,3,-0.0015062238346910378,-0.001657113052738223,0.008218973128672152,6.2421499207100455,0.24968599682840184,0.0
ppo_replay_aux,rebalance_75,regime_recurrence,0,64,3,0.20790783269342364,0.1915459855616581,0.09562549266590262,0.0,102.66417888527418,0.0
ppo_replay_aux,rebalance_75,regime_recurrence,10,64,3,0.1005453336033588,0.09777303818507668,0.12203804623270299,979.154033716626,97.91540337166259,0.0
ppo_replay_aux,rebalance_75,regime_recurrence,25,64,3,-0.042320835936336204,-0.0427775336377253,0.16039403117867462,2283.043491398073,91.32173965592293,0.0
ppo_replay_aux,rebalance_75,signal_reversal,0,64,3,-0.17515662763703782,-0.18873747721424608,0.23852915136888672,0.0,97.36698251719683,0.0
ppo_replay_aux,rebalance_75,signal_reversal,10,64,3,-0.24916819766514522,-0.2815203726505676,0.28066180555306136,930.6032651004814,93.06032651004814,0.0
ppo_replay_aux,rebalance_75,signal_reversal,25,64,3,-0.3477642847459548,-0.42065346399748493,0.33906594120148564,2177.072760752677,87.08291043010708,0.0
ppo_replay_aux,rebalance_75,source_conflict,0,64,3,0.5728531984784103,0.45114130378061734,-0.06169929981435054,0.0,116.99171450959109,0.0
ppo_replay_aux,rebalance_75,source_conflict,10,64,3,0.43355186628266723,0.359053507443661,-0.059110902885529774,1113.1101696795095,111.31101696795095,0.0
ppo_replay_aux,rebalance_75,source_conflict,25,64,3,0.24750048006075023,0.22083599008484317,-0.05176927902253517,2585.6173296258476,103.42469318503389,0.0
ppo_replay_aux,rebalance_75,volatility_shift,0,64,3,0.7843018869875383,0.5922767956366111,-0.10034330579322276,0.0,125.25807974877155,0.0
ppo_replay_aux,rebalance_75,volatility_shift,10,64,3,0.6279212338406014,0.49942872767556634,-0.0943609541456201,1189.944172040153,118.99441720401532,0.0
ppo_replay_aux,rebalance_75,volatility_shift,25,64,3,0.41904688436240184,0.35981128180493593,-0.08278891331902741,2757.4385088461877,110.2975403538475,0.0
ppo_window,cash,all,0,512,3,0.0,0.0,0.0,0.0,0.0,0.0
ppo_window,cash,all,10,512,3,0.0,0.0,0.0,0.0,0.0,0.0
ppo_window,cash,all,25,512,3,0.0,0.0,0.0,0.0,0.0,0.0
ppo_window,cash,delayed_cue,0,64,3,0.0,0.0,0.0,0.0,0.0,0.0
ppo_window,cash,delayed_cue,10,64,3,0.0,0.0,0.0,0.0,0.0,0.0
ppo_window,cash,delayed_cue,25,64,3,0.0,0.0,0.0,0.0,0.0,0.0
ppo_window,cash,execution_friction,0,64,3,0.0,0.0,0.0,0.0,0.0,0.0
ppo_window,cash,execution_friction,10,64,3,0.0,0.0,0.0,0.0,0.0,0.0
ppo_window,cash,execution_friction,25,64,3,0.0,0.0,0.0,0.0,0.0,0.0
ppo_window,cash,known_signal,0,64,3,0.0,0.0,0.0,0.0,0.0,0.0
ppo_window,cash,known_signal,10,64,3,0.0,0.0,0.0,0.0,0.0,0.0
ppo_window,cash,known_signal,25,64,3,0.0,0.0,0.0,0.0,0.0,0.0
ppo_window,cash,no_signal,0,64,3,0.0,0.0,0.0,0.0,0.0,0.0
ppo_window,cash,no_signal,10,64,3,0.0,0.0,0.0,0.0,0.0,0.0
ppo_window,cash,no_signal,25,64,3,0.0,0.0,0.0,0.0,0.0,0.0
ppo_window,cash,regime_recurrence,0,64,3,0.0,0.0,0.0,0.0,0.0,0.0
ppo_window,cash,regime_recurrence,10,64,3,0.0,0.0,0.0,0.0,0.0,0.0
ppo_window,cash,regime_recurrence,25,64,3,0.0,0.0,0.0,0.0,0.0,0.0
ppo_window,cash,signal_reversal,0,64,3,0.0,0.0,0.0,0.0,0.0,0.0
ppo_window,cash,signal_reversal,10,64,3,0.0,0.0,0.0,0.0,0.0,0.0
ppo_window,cash,signal_reversal,25,64,3,0.0,0.0,0.0,0.0,0.0,0.0
ppo_window,cash,source_conflict,0,64,3,0.0,0.0,0.0,0.0,0.0,0.0
ppo_window,cash,source_conflict,10,64,3,0.0,0.0,0.0,0.0,0.0,0.0
ppo_window,cash,source_conflict,25,64,3,0.0,0.0,0.0,0.0,0.0,0.0
ppo_window,cash,volatility_shift,0,64,3,0.0,0.0,0.0,0.0,0.0,0.0
ppo_window,cash,volatility_shift,10,64,3,0.0,0.0,0.0,0.0,0.0,0.0
ppo_window,cash,volatility_shift,25,64,3,0.0,0.0,0.0,0.0,0.0,0.0
ppo_window,hold_initial,all,0,512,3,-0.007763060561497865,0.005430796741423246,-0.10864945190289228,0.0,-0.9828326336594675,0.0
ppo_window,hold_initial,all,10,512,3,-0.006780227927838394,0.006432481925261517,-0.10884160882447445,-9.828326336594676,-0.9828326336594675,0.0
ppo_window,hold_initial,all,25,512,3,-0.005305978977349195,0.007936944032720663,-0.10914104144797553,-24.570815841486688,-0.9828326336594675,0.0
ppo_window,hold_initial,delayed_cue,0,64,3,-0.0875420867241748,-0.014815114152237262,-0.16831627216904874,0.0,-0.9826221768315433,0.0
ppo_window,hold_initial,delayed_cue,10,64,3,-0.08655946454734324,-0.013775927997342327,-0.16880001678606904,-9.826221768315433,-0.9826221768315433,0.0
ppo_window,hold_initial,delayed_cue,25,64,3,-0.08508553128209592,-0.012214849693227616,-0.16952565332208258,-24.565554420788583,-0.9826221768315433,0.0
ppo_window,hold_initial,execution_friction,0,64,3,1.847717948438854e-05,0.004450927536151886,-0.10062308621296834,0.0,-0.990576819459974,0.0
ppo_window,hold_initial,execution_friction,10,64,3,0.001009053998944364,0.005450855257492964,-0.10077552932208589,-9.905768194599741,-0.990576819459974,0.0
ppo_window,hold_initial,execution_friction,25,64,3,0.0024949192281343204,0.006952641100235467,-0.10100451324505486,-24.76442048649935,-0.990576819459974,0.0
ppo_window,hold_initial,known_signal,0,64,3,0.003953140412180688,0.007286809835920239,-0.09628940363606817,0.0,-0.9812519764831242,0.0
ppo_window,hold_initial,known_signal,10,64,3,0.004934392388663838,0.008278999134824088,-0.09642660223887997,-9.812519764831242,-0.9812519764831242,0.0
ppo_window,hold_initial,known_signal,25,64,3,0.006406270353388513,0.009769143609589111,-0.09664897406052872,-24.531299412078106,-0.9812519764831242,0.0
ppo_window,hold_initial,no_signal,0,64,3,0.003474035245914475,0.003800010010872718,-0.032305727272679184,0.0,-0.9815630167954962,0.0
ppo_window,hold_initial,no_signal,10,64,3,0.004455598262709956,0.004786119802574706,-0.03241592614827936,-9.815630167954962,-0.9815630167954962,0.0
ppo_window,hold_initial,no_signal,25,64,3,0.005927942787903224,0.006267111409762046,-0.032632736819237576,-24.539075419887403,-0.9815630167954962,0.0
ppo_window,hold_initial,regime_recurrence,0,64,3,0.012819267313994675,0.01649213543021072,-0.10210292040191124,0.0,-0.9821154557966421,0.0
ppo_window,hold_initial,regime_recurrence,10,64,3,0.01380138276979132,0.01749479080951205,-0.10226967748838402,-9.82115455796642,-0.9821154557966421,0.0
ppo_window,hold_initial,regime_recurrence,25,64,3,0.01527455595348628,0.019000675747987264,-0.10252274688385744,-24.55288639491605,-0.9821154557966421,0.0
ppo_window,hold_initial,signal_reversal,0,64,3,-0.016602457716473715,-0.012727780790356816,-0.09337583551470793,0.0,-0.9819409949629525,0.0
ppo_window,hold_initial,signal_reversal,10,64,3,-0.015620516721510762,-0.011754097469587516,-0.0934894513673841,-9.819409949629526,-0.9819409949629525,0.0
ppo_window,hold_initial,signal_reversal,25,64,3,-0.01414760522906633,-0.010291778989592704,-0.09366016581812202,-24.548524874073813,-0.9819409949629525,0.0
ppo_window,hold_initial,source_conflict,0,64,3,-0.010198330571071208,-0.005895675546956711,-0.09575985338392037,0.0,-0.9810152485344817,0.0
ppo_window,hold_initial,source_conflict,10,64,3,-0.009217315322536728,-0.004915792249151238,-0.09594294904784319,-9.810152485344817,-0.9810152485344817,0.0
ppo_window,hold_initial,source_conflict,25,64,3,-0.007745792449735025,-0.00344414912758586,-0.09623497047853627,-24.525381213362042,-0.9810152485344817,0.0
ppo_window,hold_initial,volatility_shift,0,64,3,0.031973470368162574,0.04485506160778119,-0.18042251663183428,0.0,-0.9815753804115263,0.0
ppo_window,hold_initial,volatility_shift,10,64,3,0.0329550457485741,0.04589490811376941,-0.18061271819687008,-9.815753804115262,-0.9815753804115263,0.0
ppo_window,hold_initial,volatility_shift,25,64,3,0.03442740881919139,0.04745675820459759,-0.18089857095638473,-24.53938451028816,-0.9815753804115263,0.0
ppo_window,rebalance_100,all,0,512,3,-0.007529876010504681,0.0057403633805271715,-0.10917800793001814,0.0,-1.0230811906148745,0.0
ppo_window,rebalance_100,all,10,512,3,-0.006539081143956427,0.006734675826804175,-0.10928377228763281,-10.223793701384212,-1.0223793701384212,0.0
ppo_window,rebalance_100,all,25,512,3,-0.004971994711372937,0.008311987085917277,-0.10951434216721372,-25.490045465960673,-1.0196018186384268,0.0
ppo_window,rebalance_100,delayed_cue,0,64,3,-0.08721603589302225,-0.014193306616269111,-0.1688889790706833,0.0,-0.9864980884356366,0.0
ppo_window,rebalance_100,delayed_cue,10,64,3,-0.08627884379366807,-0.01327946607385887,-0.16924060516226708,-9.858391214897633,-0.9858391214897633,0.0
ppo_window,rebalance_100,delayed_cue,25,64,3,-0.08481345482667271,-0.011821291997534806,-0.16983182233264196,-24.63068381929014,-0.9852273527716057,0.0
ppo_window,rebalance_100,execution_friction,0,64,3,5.121869931400645e-05,0.0045065679899872835,-0.10080225189892794,0.0,-0.9924110358372765,0.0
ppo_window,rebalance_100,execution_friction,10,64,3,0.001054703985402661,0.005511727256943457,-0.10084958975545656,-9.91109755529017,-0.9911097555290169,0.0
ppo_window,rebalance_100,execution_friction,25,64,3,0.0024912914101000473,0.006951796893932447,-0.10095991131038261,-24.749856446071377,-0.989994257842855,0.0
ppo_window,rebalance_100,known_signal,0,64,3,0.004001123180114674,0.007371438215342656,-0.0966560538809828,0.0,-0.9862546007665408,0.0
ppo_window,rebalance_100,known_signal,10,64,3,0.004997189564431785,0.008370834585928381,-0.09668179926400731,-9.852063707205783,-0.9852063707205783,0.0
ppo_window,rebalance_100,known_signal,25,64,3,0.006461106864564676,0.009837814529816968,-0.09679405773199831,-24.593493366613455,-0.9837397346645382,0.0
ppo_window,rebalance_100,no_signal,0,64,3,0.003496531806893197,0.0038249705490240463,-0.03241004739455196,0.0,-0.9862402685411159,0.0
ppo_window,rebalance_100,no_signal,10,64,3,0.0044783527028508865,0.00481098069930268,-0.03250424307485175,-9.856711601295363,-0.9856711601295363,0.0
ppo_window,rebalance_100,no_signal,25,64,3,0.00595116857922383,0.006292050573932844,-0.032699908159652485,-24.627453192371206,-0.9850981276948482,0.0
ppo_window,rebalance_100,regime_recurrence,0,64,3,0.01282215258842673,0.016513878553303527,-0.10234040651472723,0.0,-0.9861958356101295,0.0
ppo_window,rebalance_100,regime_recurrence,10,64,3,0.013775902057186807,0.017483899703622897,-0.10244064308752147,-9.858765853199744,-0.9858765853199742,0.0
ppo_window,rebalance_100,regime_recurrence,25,64,3,0.015291910027776202,0.01903121808388666,-0.10263396546343173,-24.6023867424899,-0.984095469699596,0.0
ppo_window,rebalance_100,signal_reversal,0,64,3,-0.016678598937485717,-0.012780521250014746,-0.0935681805407599,0.0,-0.9851260453011756,0.0
ppo_window,rebalance_100,signal_reversal,10,64,3,-0.015711711702570134,-0.011824295243184846,-0.09364585089295506,-9.849706480849793,-0.9849706480849794,0.0
ppo_window,rebalance_100,signal_reversal,25,64,3,-0.014186308259856449,-0.010318386171932956,-0.09374586296834818,-24.59157953751352,-0.9836631815005408,0.0
ppo_window,rebalance_100,source_conflict,0,64,3,-0.010160706167528392,-0.005819056125142259,-0.09609709109319209,0.0,-0.9860791900230231,0.0
ppo_window,rebalance_100,source_conflict,10,64,3,-0.00919114768896756,-0.00485565048442885,-0.09619600820145566,-9.847034853937343,-0.9847034853937342,0.0
ppo_window,rebalance_100,source_conflict,25,64,3,-0.007703451241276974,-0.003382230304004492,-0.09639249181964263,-24.59529311511242,-0.9838117246044967,0.0
ppo_window,rebalance_100,volatility_shift,0,64,3,0.0334453066392503,0.04649893572798598,-0.18266105304631988,0.0,-1.275844460404098,0.0
ppo_window,rebalance_100,volatility_shift,10,64,3,0.034562905723682216,0.047659376170108556,-0.1827114388625475,-12.756578344397866,-1.2756578344397866,0.0
ppo_window,rebalance_100,volatility_shift,25,64,3,0.03673177975515788,0.04990492507924155,-0.18305671755161185,-31.529617508223353,-1.261184700328934,0.0
ppo_window,rebalance_25,all,0,512,3,-0.00067809105070922,0.00013420959928691278,-0.02812491805027127,0.0,-0.2520637855405597,0.0
ppo_window,rebalance_25,all,10,512,3,-0.00042423246629979487,0.0003885238076215398,-0.02816415877195926,-2.519746741807029,-0.2519746741807029,0.0
ppo_window,rebalance_25,all,25,512,3,-4.6720982171839396e-05,0.0007668380227165774,-0.028226700340982507,-6.296267162360451,-0.251850686494418,0.0
ppo_window,rebalance_25,delayed_cue,0,64,3,-0.012600655055972774,-0.008081716778229473,-0.04645306814782116,0.0,-0.2756757799634824,0.0
ppo_window,rebalance_25,delayed_cue,10,64,3,-0.01233587431134914,-0.007816307580128436,-0.046590694291176585,-2.7566489581229376,-0.27566489581229375,0.0
ppo_window,rebalance_25,delayed_cue,25,64,3,-0.011934811338168103,-0.007414897245205355,-0.046792066661902554,-6.891033666561401,-0.27564134666245604,0.0
ppo_window,rebalance_25,execution_friction,0,64,3,3.988628145540525e-05,0.0003027453777165554,-0.025323014556806522,0.0,-0.24498067475279175,0.0
ppo_window,rebalance_25,execution_friction,10,64,3,0.0002827834156727098,0.000545880889989153,-0.02535250592667182,-2.4497859329371536,-0.24497859329371538,0.0
ppo_window,rebalance_25,execution_friction,25,64,3,0.000659047570391905,0.0009221382607339089,-0.02539511774978465,-6.122640127260955,-0.24490560509043818,0.0
ppo_window,rebalance_25,known_signal,0,64,3,0.0009835601716436798,0.0011786417913306313,-0.024128687907986217,0.0,-0.24436756094302944,0.0
ppo_window,rebalance_25,known_signal,10,64,3,0.001226961529366898,0.0014226954552518656,-0.02414913088731832,-2.442460138891279,-0.2442460138891279,0.0
ppo_window,rebalance_25,known_signal,25,64,3,0.0015834824610310352,0.0017799489678421887,-0.024186616873155018,-6.105904758969605,-0.2442361903587842,0.0
ppo_window,rebalance_25,no_signal,0,64,3,0.000837722710514844,0.0008555608898739636,-0.007646398364774258,0.0,-0.23265577203784213,0.0
ppo_window,rebalance_25,no_signal,10,64,3,0.0010802609345983288,0.0010983047421033963,-0.0076717379731363194,-2.323766924855912,-0.2323766924855912,0.0
ppo_window,rebalance_25,no_signal,25,64,3,0.0014285147423846786,0.0014470638385480742,-0.00771986017128347,-5.798951895240345,-0.23195807580961378,0.0
ppo_window,rebalance_25,regime_recurrence,0,64,3,0.0029969122109424658,0.003216235812788201,-0.025572781661947642,0.0,-0.24706331156985598,0.0
ppo_window,rebalance_25,regime_recurrence,10,64,3,0.0032412726402719777,0.0034616384382602835,-0.025610114840818647,-2.470606113877977,-0.24706061138779767,0.0
ppo_window,rebalance_25,regime_recurrence,25,64,3,0.0036164557962897314,0.0038381835931832896,-0.025641925654740768,-6.177063603335321,-0.24708254413341282,0.0
ppo_window,rebalance_25,signal_reversal,0,64,3,-0.0039024644276372256,-0.003674663674810175,-0.023436425379938477,0.0,-0.24262876710760378,0.0
ppo_window,rebalance_25,signal_reversal,10,64,3,-0.0036669248481784565,-0.003439776233739962,-0.023441585320639377,-2.4262168500206047,-0.24262168500206047,0.0
ppo_window,rebalance_25,signal_reversal,25,64,3,-0.0033107900623321126,-0.003084479412858227,-0.023473022683347833,-6.0653476676535885,-0.24261390670614352,0.0
ppo_window,rebalance_25,source_conflict,0,64,3,-0.0022719494728171523,-0.0020190120210329785,-0.024118170953482312,0.0,-0.2429389790569956,0.0
ppo_window,rebalance_25,source_conflict,10,64,3,-0.001992500265382285,-0.0017410124874713067,-0.024131827312982045,-2.42658545872888,-0.242658545872888,0.0
ppo_window,rebalance_25,source_conflict,25,64,3,-0.0016386964319539312,-0.0013874110632309737,-0.02417892290183992,-6.066209682099482,-0.2426483872839793,0.0
ppo_window,rebalance_25,volatility_shift,0,64,3,0.008492259176196996,0.009295885396658578,-0.04832079742941358,0.0,-0.2861994388928764,0.0
ppo_window,rebalance_25,volatility_shift,10,64,3,0.008770161174601608,0.009576767236707326,-0.04836567362293095,-2.86190355702149,-0.286190355702149,0.0
ppo_window,rebalance_25,volatility_shift,25,64,3,0.009223029404982081,0.010034157242719713,-0.04842607003180584,-7.142985897762908,-0.2857194359105163,0.0
ppo_window,rebalance_50,all,0,512,3,-0.0022499725721197147,0.001110372164373639,-0.05654154393894417,0.0,-0.5207354017032717,0.0
ppo_window,rebalance_50,all,10,512,3,-0.0017349294017683767,0.0016262497082331628,-0.05661979637871143,-5.204451849219485,-0.5204451849219485,0.0
ppo_window,rebalance_50,all,25,512,3,-0.0009518503759751986,0.002410667972328109,-0.05673492356889496,-13.00009324351354,-0.5200037297405417,0.0
ppo_window,rebalance_50,delayed_cue,0,64,3,-0.03138180065111848,-0.012777104889005833,-0.09108741841376784,0.0,-0.5587746629131318,0.0
ppo_window,rebalance_50,delayed_cue,10,64,3,-0.030837175814706352,-0.012240622351448672,-0.09131511732594513,-5.5903190203430535,-0.5590319020343053,0.0
ppo_window,rebalance_50,delayed_cue,25,64,3,-0.030025740037842245,-0.011438122944299727,-0.09166666801809957,-13.982428232468582,-0.5592971292987433,0.0
ppo_window,rebalance_50,execution_friction,0,64,3,6.107466332922265e-05,0.0011662116038828499,-0.05130331170112787,0.0,-0.4958934690274491,0.0
ppo_window,rebalance_50,execution_friction,10,64,3,0.000549807517137282,0.0016564017203597424,-0.05136063066746413,-4.958863155656914,-0.4958863155656914,0.0
ppo_window,rebalance_50,execution_friction,25,64,3,0.0012967044606727075,0.002403131960888957,-0.05141711524043072,-12.383034381590525,-0.495321375263621,0.0
ppo_window,rebalance_50,known_signal,0,64,3,0.0020060963227757408,0.002842027598386335,-0.049296150366510416,0.0,-0.4992584211491034,0.0
ppo_window,rebalance_50,known_signal,10,64,3,0.0024942217115250173,0.0033321069426607932,-0.04933084264719827,-4.988514651846058,-0.4988514651846058,0.0
ppo_window,rebalance_50,known_signal,25,64,3,0.0032552326327227755,0.004095624006154847,-0.049398758341254914,-12.46050478770119,-0.49842019150804756,0.0
ppo_window,rebalance_50,no_signal,0,64,3,0.0017496964548510668,0.0018289416146202969,-0.016080752670055227,0.0,-0.48649309912332356,0.0
ppo_window,rebalance_50,no_signal,10,64,3,0.002238540852250486,0.0023188438314312165,-0.016124966249011136,-4.860744505251035,-0.4860744505251035,0.0
ppo_window,rebalance_50,no_signal,25,64,3,0.0029652325816883554,0.0030475848111019546,-0.016216090942990175,-12.141148806608667,-0.4856459522643467,0.0
ppo_window,rebalance_50,regime_recurrence,0,64,3,0.00638597061268841,0.00730427422116654,-0.0522087526961151,0.0,-0.5010447493321871,0.0
ppo_window,rebalance_50,regime_recurrence,10,64,3,0.0068852508726445025,0.007808118777332063,-0.052266921684298126,-5.006129663334301,-0.50061296633343,0.0
ppo_window,rebalance_50,regime_recurrence,25,64,3,0.007644504559254533,0.00857309062550404,-0.05233412468576514,-12.504586882121263,-0.5001834752848505,0.0
ppo_window,rebalance_50,signal_reversal,0,64,3,-0.008339060721631809,-0.007355395595533134,-0.0478023590483525,0.0,-0.49878044231190605,0.0
ppo_window,rebalance_50,signal_reversal,10,64,3,-0.007827684217693429,-0.006847967667220779,-0.04783902833954277,-4.9833709261837065,-0.4983370926183706,0.0
ppo_window,rebalance_50,signal_reversal,25,64,3,-0.007065892098140866,-0.006093092021622703,-0.047882169677876396,-12.454837002382261,-0.4981934800952904,0.0
ppo_window,rebalance_50,source_conflict,0,64,3,-0.00499339819902973,-0.0039042864212494375,-0.049265200380428906,0.0,-0.4992024449337296,0.0
ppo_window,rebalance_50,source_conflict,10,64,3,-0.0045000982392735134,-0.0034124709992604295,-0.049336793166966667,-4.990541944125092,-0.4990541944125092,0.0
ppo_window,rebalance_50,source_conflict,25,64,3,-0.0037276564390257873,-0.0026438966402069727,-0.04945073938251945,-12.46081036545794,-0.49843241461831755,0.0
ppo_window,rebalance_50,volatility_shift,0,64,3,0.01651164094117786,0.019778309182721495,-0.09528840623519554,0.0,-0.6264359248353427,0.0
ppo_window,rebalance_50,volatility_shift,10,64,3,0.01711770210396899,0.020395587412011366,-0.09538407094926521,-6.257130927015714,-0.6257130927015714,0.0
ppo_window,rebalance_50,volatility_shift,25,64,3,0.01804281133286894,0.02134102398110448,-0.09551372226222328,-15.613395489777897,-0.6245358195911159,0.0
ppo_window,rebalance_75,all,0,512,3,-0.004659745716636963,0.0029228130954677797,-0.0835473851944482,0.0,-0.7767714219476267,0.0
ppo_window,rebalance_75,all,10,512,3,-0.0038813654109659066,0.003701851391483004,-0.08364526343031964,-7.759785081190933,-0.7759785081190933,0.0
ppo_window,rebalance_75,all,25,512,3,-0.0027139734568724554,0.004873026584743817,-0.08381360153292951,-19.38022945564595,-0.775209178225838,0.0
ppo_window,rebalance_75,delayed_cue,0,64,3,-0.05765106208986549,-0.015737691336956065,-0.13180795791386685,0.0,-0.7890793898947728,0.0
ppo_window,rebalance_75,delayed_cue,10,64,3,-0.05688571026798848,-0.014989520032599318,-0.13211757282553002,-7.886480230544632,-0.7886480230544631,0.0
ppo_window,rebalance_75,delayed_cue,25,64,3,-0.05574703737062786,-0.013878892335245429,-0.13255585522265295,-19.72192675253322,-0.7888770701013289,0.0
ppo_window,rebalance_75,execution_friction,0,64,3,7.121783952086617e-05,0.0025742632065427974,-0.07638820492497428,0.0,-0.7449520668715423,0.0
ppo_window,rebalance_75,execution_friction,10,64,3,0.0008080714976280209,0.0033072396024204464,-0.0764275017552355,-7.442519065996782,-0.7442519065996782,0.0
ppo_window,rebalance_75,execution_friction,25,64,3,0.001946342749379406,0.004442967644357522,-0.07650317653644702,-18.579505703997846,-0.7431802281599138,0.0
ppo_window,rebalance_75,known_signal,0,64,3,0.00295716193104875,0.004858427293967075,-0.07346926152565997,0.0,-0.7458276972175748,0.0
ppo_window,rebalance_75,known_signal,10,64,3,0.003723164526744748,0.005623874260181084,-0.07349541667322901,-7.45199178286853,-0.745199178286853,0.0
ppo_window,rebalance_75,known_signal,25,64,3,0.00485520755550212,0.006760505429189431,-0.07359355520948385,-18.611828904096328,-0.744473156163853,0.0
ppo_window,rebalance_75,no_signal,0,64,3,0.002618032848342954,0.0028013351288500017,-0.02427400278999528,0.0,-0.7361305651100717,0.0
ppo_window,rebalance_75,no_signal,10,64,3,0.0033452663593482018,0.003530913485173891,-0.024344236369935192,-7.3598670596590425,-0.7359867059659042,0.0
ppo_window,rebalance_75,no_signal,25,64,3,0.004444944744532792,0.004634937521194621,-0.02448093503098033,-18.385303271661158,-0.7354121308664463,0.0
ppo_window,rebalance_75,regime_recurrence,0,64,3,0.00960611459495175,0.01169194577611669,-0.07777464927510352,0.0,-0.7463688936880939,0.0
ppo_window,rebalance_75,regime_recurrence,10,64,3,0.010338677014772516,0.012432172990585855,-0.07785292513979236,-7.460579943832788,-0.7460579943832788,0.0
ppo_window,rebalance_75,regime_recurrence,25,64,3,0.011481325627570938,0.013587442105740843,-0.07797550129433034,-18.619796254137242,-0.7447918501654897,0.0
ppo_window,rebalance_75,signal_reversal,0,64,3,-0.01255406971472401,-0.010336810632460449,-0.07117369026047542,0.0,-0.7446122553551433,0.0
ppo_window,rebalance_75,signal_reversal,10,64,3,-0.011781055025266746,-0.009575012480096052,-0.07120208167098137,-7.4373144600485555,-0.7437314460048555,0.0
ppo_window,rebalance_75,signal_reversal,25,64,3,-0.010622640681658035,-0.008428263996900526,-0.07124396165838064,-18.559628665511948,-0.7423851466204779,0.0
ppo_window,rebalance_75,source_conflict,0,64,3,-0.007588249155070137,-0.005127518943078428,-0.07315737462860329,0.0,-0.7453306456598576,0.0
ppo_window,rebalance_75,source_conflict,10,64,3,-0.00686736242352934,-0.004410519254868036,-0.07321139800194192,-7.448577646643097,-0.7448577646643096,0.0
ppo_window,rebalance_75,source_conflict,25,64,3,-0.005752954648819097,-0.0032996571768462795,-0.07337940778951017,-18.603494998317547,-0.7441397999327019,0.0
ppo_window,rebalance_75,volatility_shift,0,64,3,0.025262888012699616,0.032658554270760615,-0.140333940236907,0.0,-0.9618698617839573,0.0
ppo_window,rebalance_75,volatility_shift,10,64,3,0.026268025030563823,0.03369566256106617,-0.1405109750059117,-9.590950459934039,-0.9590950459934039,0.0
ppo_window,rebalance_75,volatility_shift,25,64,3,0.027683024369140094,0.03516517348646035,-0.1407764195216508,-23.96035109491231,-0.9584140437964923,0.0
