fold,id,partition,stage,phase,family,method,seed,included,primary,parent_id,samples,sessions,session_mae,session_mse,row_mae,row_mse,best_epoch,last_epoch,maximum_epochs,selected_initial,stopped_early,stop_reason,completed_rounds,selected_round,global_step,reported_attempt_seconds,parent_prediction_max_difference,checked_seconds,predictions_sha256,assets,rank_ic_valid_sessions,rank_ic_undefined_sessions,mean_session_rank_ic,mean_session_pearson_ic,mean_session_direction_accuracy,mean_session_nonzero_prediction_fraction,prediction_min,prediction_max,primary_equals_initial_policy,center_parent_max_absolute_difference,reported_total_seconds,reported_attempt_total_seconds,mae_zero,delta_zero,mae_parent,delta_parent,mae_initial_policy,delta_initial_policy,mae_center,delta_center
fold-000,reference/US-natural/finalist/dlinear-s43,calibration,reference,finalist,dlinear,reference,43,True,continuous,,24391,21,0.014803668720275583,0.0005986132789128707,0.0149947194501748,0.0006207404798721088,46,56,100,,True,validation_plateau,,,13272,972.4127074319986,,0.12240281999402214,043ad34ac6e2b8dd8b8871c288b56607cba327f7f49f3ab9f081777bb2262683,1756,21,0,0.003801368016757476,-0.007164527742151533,0.4964880238316545,1.0,-0.02366807870566845,0.01286347582936287,,,,,0.014510417381059444,0.00029325133921613913,0.014803668720275583,,,,,
fold-000,reference/US-natural/finalist/dlinear-s44,calibration,reference,finalist,dlinear,reference,44,True,continuous,,24391,21,0.01478274686809032,0.000598030896712096,0.014969171986362668,0.0006198786364910271,33,43,100,,True,validation_plateau,,,10191,756.1619164340082,,0.026817035002750345,db1a712671f63b157fd11d98526b71252297640fc55799b09d982d8abbd83cfe,1756,21,0,0.005315060375778046,0.0012601140026650454,0.5051957869698825,1.0,-0.012977991253137589,0.01243147999048233,,,,,0.014510417381059444,0.00027232948703087567,0.01478274686809032,,,,,
fold-000,reference/US-natural/finalist/gru-s43,calibration,reference,finalist,gru,reference,43,True,continuous,,24391,21,0.015043834922371218,0.0006056292419728713,0.01523412459577347,0.0006274693565529522,16,26,100,,True,validation_plateau,,,6162,493.26735339302104,,0.02662315100315027,764dc49cf9a2c860fe8b43c442248928e99f54db8b212a362e64aaf41f876e68,1756,21,0,-0.004145276823990833,-0.008264224603760428,0.4955890399681801,1.0,-0.03159896284341812,0.024810710921883583,,,,,0.014510417381059444,0.0005334175413117745,0.015043834922371218,,,,,
fold-000,reference/US-natural/finalist/gru-s44,calibration,reference,finalist,gru,reference,44,True,continuous,,24391,21,0.014855439851943026,0.000599577776411126,0.015043537833311117,0.0006214906807411288,37,47,100,,True,validation_plateau,,,11139,865.2653522429755,,0.026260148995788768,d93816107262ddd2bad96cf0b5d92d498d9918ddec21fb81e38b59e0a7a0e970,1756,21,0,0.009148120109317584,0.004505778329852245,0.49868660959547273,1.0,-0.017928875982761383,0.013361513614654541,,,,,0.014510417381059444,0.0003450224708835825,0.014855439851943026,,,,,
fold-000,reference/US-natural/finalist/lstm-s43,calibration,reference,finalist,lstm,reference,43,True,continuous,,24391,21,0.014903350815754546,0.0006004983119126601,0.015085783827611145,0.0006225504458102791,20,30,100,,True,validation_plateau,,,7110,552.1626901809941,,0.02619933499954641,8e9f186bd14d545bee23c2aee74dd28106f99d024af16095a741dad14f952bf5,1756,21,0,0.007848887730233586,0.012162447052231498,0.4996732219493561,1.0,-0.020502761006355286,0.029699556529521942,,,,,0.014510417381059444,0.00039293343469510265,0.014903350815754546,,,,,
fold-000,reference/US-natural/finalist/lstm-s44,calibration,reference,finalist,lstm,reference,44,True,continuous,,24391,21,0.014835517751748708,0.0005983677374276606,0.015015127449011841,0.0006199128701017585,27,37,100,,True,validation_plateau,,,8769,674.0198331549764,,0.026451748999534175,c6f358d726e9ffdd988b9decfd4c3924a7e9980a7aad79e86fe0edb3514d814b,1756,21,0,0.008374594389871384,0.006651907839064676,0.497324715513984,1.0,-0.019458606839179993,0.012440651655197144,,,,,0.014510417381059444,0.00032510037068926405,0.014835517751748708,,,,,
fold-000,reference/US-natural/finalist/rnn-s43,calibration,reference,finalist,rnn,reference,43,True,continuous,,24391,21,0.014942771866098745,0.0006035976957094928,0.015132701802794723,0.0006254470139235119,19,29,100,,True,validation_plateau,,,6873,525.7540125180385,,0.026969361992087215,b4c02b73744801e7619135a9f68aaeb8be155f40c41c130eb30b4fa783823b4e,1756,21,0,0.029119436624469454,0.00873871443860582,0.5104082258709519,1.0,-0.046890489757061005,0.019085243344306946,,,,,0.014510417381059444,0.0004323544850393015,0.014942771866098745,,,,,
fold-000,reference/US-natural/finalist/rnn-s44,calibration,reference,finalist,rnn,reference,44,True,continuous,,24391,21,0.014976115274409887,0.0006022357979155677,0.015172156595971972,0.0006246958353128734,35,45,100,,True,validation_plateau,,,10665,798.2302445409587,,0.027013163999072276,cd800dffa25cbf56e6c52906d6a0899dd78e0cadf1fc2c81674ea07b3e5a90a7,1756,21,0,0.03618414727291308,0.02382484877922589,0.5035879004776577,1.0,-0.02262941002845764,0.014011010527610779,,,,,0.014510417381059444,0.00046569789335044326,0.014976115274409887,,,,,
fold-000,reference/US-natural/search/dlinear-00-s42,calibration,reference,search,dlinear,reference,42,False,continuous,,24391,21,0.01553238734836139,0.0006246442892930794,0.01563037106346892,0.0006435624304719585,33,43,100,,True,validation_plateau,,,10191,755.589249984012,,0.02608452900312841,1002799bb563ae5dd256177f79be9161c0e0044397fa8c00971cca08ef422702,1756,21,0,0.027807883031497938,0.01371349282568116,0.5117742330959159,1.0,-0.02808612585067749,0.014697574079036713,,,,,0.014510417381059444,0.0010219699673019462,0.01553238734836139,,,,,
fold-000,reference/US-natural/search/dlinear-10-s42,calibration,reference,search,dlinear,reference,42,True,continuous,,24391,21,0.014711338302213476,0.0005935806089341082,0.01490336833682914,0.0006157003862216036,38,48,100,,True,validation_plateau,,,11376,866.961727674061,,0.026795475001563318,535d1f55b1084ba80506310db8ce0e6c85d0a8ccd8e9706ed45094e96e2b7f50,1756,21,0,-0.0033328650459359906,-0.008707136455107806,0.5001957459666997,1.0,-0.013308417052030563,0.016321709379553795,,,,,0.014510417381059444,0.0002009209211540318,0.014711338302213476,,,,,
fold-000,reference/US-natural/search/gru-00-s42,calibration,reference,search,gru,reference,42,False,continuous,,24391,21,0.01519493666516983,0.0006128291603868253,0.015356076212227818,0.0006338603372226825,20,30,100,,True,validation_plateau,,,7110,554.62456917495,,0.026779214007547125,ff0c6c3f48ca0921dbe6298fef6718a747f0c510de83e782afe3ea89f5b1de19,1756,21,0,0.01732130116001571,0.01126927877240407,0.5039566860332396,1.0,-0.030377313494682312,0.023482784628868103,,,,,0.014510417381059444,0.000684519284110386,0.01519493666516983,,,,,
fold-000,reference/US-natural/search/gru-10-s42,calibration,reference,search,gru,reference,42,True,continuous,,24391,21,0.01475323348012764,0.0005955080530979648,0.014926345154369152,0.0006168703189626399,20,30,100,,True,validation_plateau,,,7110,562.7906124339788,,0.026194436009973288,be4ed46082d7cd22027f6bca5251fb3d11586ec6356a15d25cdea8d2bb837588,1756,21,0,-0.003756995244667704,-0.0004959564651283351,0.5121018607137644,1.0,-0.021557636559009552,0.018902044743299484,,,,,0.014510417381059444,0.00024281609906819622,0.01475323348012764,,,,,
fold-000,reference/US-natural/search/lstm-00-s42,calibration,reference,search,lstm,reference,42,True,continuous,,24391,21,0.014924349373713857,0.0006018181294052428,0.015120155472888913,0.0006240370814964201,55,65,100,,True,validation_plateau,,,15405,1176.2773681210238,,0.02674460900016129,9a757ed2bfe846da301010514bf619dabc91bacdd7d5da2fb513760fe31b7af1,1756,21,0,0.014135431712130764,0.009918127282083928,0.5034279773659216,1.0,-0.026565849781036377,0.03166506439447403,,,,,0.014510417381059444,0.00041393199265441286,0.014924349373713857,,,,,
fold-000,reference/US-natural/search/lstm-10-s42,calibration,reference,search,lstm,reference,42,False,continuous,,24391,21,0.015264266533590535,0.0006145051869978436,0.015401862342001327,0.0006344741000144313,20,30,100,,True,validation_plateau,,,7110,575.555575033999,,0.026393139007268474,317789cdaaadb33c4d7397c54b016ee08b135d7d99708ca041fe67938199de58,1756,21,0,0.009141675212457897,0.005317457094345656,0.49938906281014783,1.0,-0.02432282641530037,0.026731088757514954,,,,,0.014510417381059444,0.0007538491525310911,0.015264266533590535,,,,,
fold-000,reference/US-natural/search/rnn-00-s42,calibration,reference,search,rnn,reference,42,True,continuous,,24391,21,0.014953724412991672,0.0006021115272274618,0.015138558321355444,0.0006240320564786468,30,40,100,,True,validation_plateau,,,9480,717.1837916590157,,0.027127258988912217,7c42417af62ed3af408810997cce543f8185ac83b33746c2de10bf5c958422a4,1756,21,0,0.00979427374377153,0.006130426119471398,0.5097704676522883,1.0,-0.025251027196645737,0.0179954431951046,,,,,0.014510417381059444,0.0004433070319322281,0.014953724412991672,,,,,
fold-000,reference/US-natural/search/rnn-10-s42,calibration,reference,search,rnn,reference,42,False,continuous,,24391,21,0.014775230016634536,0.000595094853916054,0.014972216328823108,0.0006176501116225411,47,57,100,,True,validation_plateau,,,13509,1028.4668476639781,,0.02654367200739216,91d9b562073b164ae0aa56c9aea9fd31f9c302795f1c5a411d3c53ccf7135c4b,1756,21,0,0.007538167536442986,0.002677755038715302,0.4900356503808511,1.0,-0.015361413359642029,0.015240244567394257,,,,,0.014510417381059444,0.00026481263557509224,0.014775230016634536,,,,,
fold-000,tabular/ridge-a0.1,calibration,tabular,search,ridge,ridge,,False,continuous,,24391,21,0.21375531412201929,0.04908249001205833,0.2115115226819379,0.04817858436726715,,,,,,,,,,,,0.02658610200160183,cde58733c3647dc77da847c68280c5b9ab183cf5198a718cc0e9fcfb8e37dccf,1756,21,0,0.006490357949366972,0.01750638311696086,0.5080151282205561,1.0,-0.29406062575142056,0.27504539435427483,,,60.75647875398863,,0.014510417381059444,0.19924489674095985,0.21375531412201929,,,,,
fold-000,tabular/ridge-a1.0,calibration,tabular,search,ridge,ridge,,False,continuous,,24391,21,0.12720055287003185,0.01806500562751282,0.12412602492389332,0.017273512522694878,,,,,,,,,,,,0.027344898000592366,616a4a000fad4bbae7fca9e68d18c9963d5cb6afb46115bfd58eaf928212c2a7,1756,21,0,0.007013735178035479,0.01763772351612606,0.5080151282205561,1.0,-0.20272765349347832,0.14601735384093886,,,60.53875047201291,,0.014510417381059444,0.1126901354889724,0.12720055287003185,,,,,
fold-000,tabular/ridge-a10.0,calibration,tabular,search,ridge,ridge,,True,continuous,,24391,21,0.0473616263492031,0.00285164271829084,0.048089620599584805,0.0029318783132559457,,,,,,,,,,,,0.026648397993994877,33c24212a7764db91374db2f4a2080fc32d185c93801170fed45fa2ab4b965a9,1756,21,0,0.007717484548941182,0.0180129008620805,0.5081053158107437,1.0,-0.08954652552584234,0.09660518189511816,,,59.402689567010384,,0.014510417381059444,0.032851208968143655,0.0473616263492031,,,,,
fold-000,tabular/xgb-d3-b128-lr0.03-s42,calibration,tabular,search,xgboost,xgboost,42,False,continuous,,24391,21,0.014620384268230625,0.0005900012366761117,0.014817069084137434,0.0006121449781703243,,,,,True,validation_plateau,300,1,,,,0.020320234005339444,d730db5bcb83e5ef32d292e0b282ce319826d093bcfb04ab1caa2bf6b35ef76b,1756,4,17,0.008944041344233735,-0.0020037440945390094,0.4852169951146828,1.0,-0.0025029643438756466,-0.0007872042478993535,,,,247.15653906500665,0.014510417381059444,0.00010996688717118154,0.014620384268230625,,,,,
fold-000,tabular/xgb-d3-b128-lr0.1-s42,calibration,tabular,search,xgboost,xgboost,42,False,continuous,,24391,21,0.014646576689667897,0.0005909329464159843,0.014845058381418851,0.0006131438862948407,,,,,True,validation_plateau,300,1,,,,0.020386939999298193,698796ab3b0e4a11c2fc714081c3c0756d64b0a411a9e80e11714c0369f2e1ad,1756,4,17,0.008944041344233735,-0.002003744516734289,0.4848408572977867,1.0,-0.00515284389257431,0.0005663569318130612,,,,249.26077061501564,0.014510417381059444,0.0001361593086084533,0.014646576689667897,,,,,
fold-000,tabular/xgb-d3-b256-lr0.03-s42,calibration,tabular,search,xgboost,xgboost,42,False,continuous,,24391,21,0.014622644048715813,0.0005899701314995797,0.014819544457650605,0.0006121176515675673,,,,,True,validation_plateau,300,1,,,,0.019886238995241,b33fb4a67072ccfed56a9588e0465e08e07fec1a98cf5b7300c81eb0a3a73d7b,1756,4,17,-0.11120345533546463,0.0005784274944844073,0.48537397272090665,1.0,-0.0018142277840524912,0.013855784200131893,,,,267.7922324909596,0.014510417381059444,0.00011222666765636942,0.014622644048715813,,,,,
fold-000,tabular/xgb-d3-b256-lr0.1-s42,calibration,tabular,search,xgboost,xgboost,42,False,continuous,,24391,21,0.014661924117595815,0.0005914236162372479,0.014861587151810502,0.0006136817410818311,,,,,True,validation_plateau,300,1,,,,0.020935410997481085,98c42e1c568cdafca8dc7ea72bfebbbaadc4882007926bbfc4ceab1906609e35,1756,4,17,-0.11120345533546463,0.0005784326489325963,0.48496022112232096,1.0,-0.0028570545837283134,0.04937632009387016,,,,266.6912546060048,0.014510417381059444,0.000151506736536371,0.014661924117595815,,,,,
fold-000,tabular/xgb-d3-b64-lr0.03-s42,calibration,tabular,search,xgboost,xgboost,42,True,continuous,,24391,21,0.014622165837724445,0.0005900658094316458,0.014818852549586318,0.0006122091098603979,,,,,True,validation_plateau,300,1,,,,0.020845000006374903,f80a6eb64c3308897ffe849a69cbc6783c2840a4864453163dab5e49f93f446d,1756,4,17,0.009654612747948372,0.001256233279842252,0.4852169951146828,1.0,-0.002497053239494562,-0.0008188007050193846,,,,233.25833754899213,0.014510417381059444,0.00011174845666500101,0.014622165837724445,,,,,
fold-000,tabular/xgb-d3-b64-lr0.03-s43,calibration,tabular,finalist,xgboost,xgboost,43,True,continuous,,24391,21,0.014622165837724445,0.0005900658094316458,0.014818852549586318,0.0006122091098603979,,,,,True,validation_plateau,300,1,,,,0.0203657700039912,f80a6eb64c3308897ffe849a69cbc6783c2840a4864453163dab5e49f93f446d,1756,4,17,0.009654612747948372,0.001256233279842252,0.4852169951146828,1.0,-0.002497053239494562,-0.0008188007050193846,,,,232.3611445450224,0.014510417381059444,0.00011174845666500101,0.014622165837724445,,,,,
fold-000,tabular/xgb-d3-b64-lr0.03-s44,calibration,tabular,finalist,xgboost,xgboost,44,True,continuous,,24391,21,0.014622165837724445,0.0005900658094316458,0.014818852549586318,0.0006122091098603979,,,,,True,validation_plateau,300,1,,,,0.020560625998768955,f80a6eb64c3308897ffe849a69cbc6783c2840a4864453163dab5e49f93f446d,1756,4,17,0.009654612747948372,0.001256233279842252,0.4852169951146828,1.0,-0.002497053239494562,-0.0008188007050193846,,,,232.02917920297477,0.014510417381059444,0.00011174845666500101,0.014622165837724445,,,,,
fold-000,tabular/xgb-d3-b64-lr0.1-s42,calibration,tabular,search,xgboost,xgboost,42,False,continuous,,24391,21,0.014652669876614727,0.0005911528747833061,0.014851170105021287,0.0006133625812853942,,,,,True,validation_plateau,300,1,,,,0.020341092997114174,d3324d2a7ddad1e4c074afc9446edb9686c8ede2ec56fc25323dff0ebf7828db,1756,4,17,0.009654612747948372,0.0012562331169726794,0.4848408572977867,1.0,-0.005133139900863171,0.000461035524494946,,,,231.1108392669703,0.014510417381059444,0.00014225249555528327,0.014652669876614727,,,,,
fold-000,tabular/xgb-d6-b128-lr0.03-s42,calibration,tabular,search,xgboost,xgboost,42,False,continuous,,24391,21,0.014628572361052498,0.0005904465083183588,0.014825722541500979,0.0006126066195718756,,,,,True,validation_plateau,300,1,,,,0.025196279006195255,18fc09f32ceaf5da07e40a7e21600f552b59eb2fded79c7750254fc4eee7fe97,1756,21,0,-0.027887526815767977,-0.031202543741518984,0.48510453608326687,1.0,-0.007836074568331242,0.002767794532701373,,,,364.9409036160214,0.014510417381059444,0.00011815497999305424,0.014628572361052498,,,,,
fold-000,tabular/xgb-d6-b128-lr0.1-s42,calibration,tabular,search,xgboost,xgboost,42,False,continuous,,24391,21,0.0146756462682788,0.0005925698431772008,0.014875765453704263,0.0006148444911754518,,,,,True,validation_plateau,300,1,,,,0.025144241997622885,ae302c9db9ec43c89e29df90fcbc1c6a123e8c61cc7341016538ffe38d2c4a72,1756,21,0,-0.027887526815767977,-0.031202542895812584,0.4845707033014345,1.0,-0.022929878905415535,0.012416353449225426,,,,362.3421994219534,0.014510417381059444,0.0001652288872193569,0.0146756462682788,,,,,
fold-000,tabular/xgb-d6-b256-lr0.03-s42,calibration,tabular,search,xgboost,xgboost,42,False,continuous,,24391,21,0.014623423566370697,0.0005900542621622073,0.01481999822926585,0.000612188544163443,,,,,True,validation_plateau,300,1,,,,0.02482018199225422,6086a8adba2289d1eb0ee52b7810f5ebb01dbee48c02013b026a04c4c9791d32,1756,21,0,-0.025010507643329342,-0.01117025151471704,0.48529751633720347,1.0,-0.005739426240324974,0.013855784200131893,,,,392.9382464890368,0.014510417381059444,0.00011300618531125302,0.014623423566370697,,,,,
fold-000,tabular/xgb-d6-b256-lr0.1-s42,calibration,tabular,search,xgboost,xgboost,42,False,continuous,,24391,21,0.01466625344934146,0.0005917742399375435,0.014864874936692108,0.0006139906793500872,,,,,True,validation_plateau,300,1,,,,0.025095410004723817,9f4e45109f1e0e3eaf59cf4458536f2a283da0a26e402a8851b3c7fe33f3e2f0,1756,21,0,-0.025010507643329342,-0.011170251230905016,0.4850257437499747,1.0,-0.01594104990363121,0.04937632009387016,,,,390.4271321609849,0.014510417381059444,0.00015583606828201667,0.01466625344934146,,,,,
fold-000,tabular/xgb-d6-b64-lr0.03-s42,calibration,tabular,search,xgboost,xgboost,42,False,continuous,,24391,21,0.014627063846863802,0.0005902616212723093,0.014824166463518699,0.0006124230130567227,,,,,True,validation_plateau,300,1,,,,0.020998248990508728,e5d4787ad0d551d8fb6b9ef4c36538748fe14560f8cb0304d07dd842705b4a53,1756,4,17,-0.06161817782872123,-0.02171803048452509,0.48498693549984395,1.0,-0.006532738916575909,0.00410386361181736,,,,332.7146289679804,0.014510417381059444,0.00011664646580435839,0.014627063846863802,,,,,
fold-000,tabular/xgb-d6-b64-lr0.1-s42,calibration,tabular,search,xgboost,xgboost,42,False,continuous,,24391,21,0.014670907254244126,0.0005919745524597413,0.014870844026946448,0.0006142536452550637,,,,,True,validation_plateau,300,1,,,,0.020592125001712702,64739ff709f335a3d3e0f03d940134a1bb5a8a5615a6e7adb69fdc54a13b007a,1756,4,17,-0.06161817782872123,-0.021718032459937697,0.4846484114646374,1.0,-0.01858542673289776,0.016869915649294853,,,,330.7429984139744,0.014510417381059444,0.00016048987318468232,0.014670907254244126,,,,,
fold-000,posttraining/dlinear/seed-42/real/expected,calibration,posttraining,posttraining,dlinear,expected,42,True,median,reference/US-natural/search/dlinear-10-s42,24391,21,0.014957835168487593,0.0006052228781209567,0.015143367366906264,0.0006272266973757283,5,13,50,False,True,validation_plateau,,,7033,,0.0,0.03742931300075725,f3d67bff8a0a9e405d40412201a88eac9266fdebc4503d80a63a1b4d7b791a61,1756,21,0,-0.00900030590359385,-0.007183304516161882,0.18967128257281532,0.35862515499667164,-0.020661171023430736,0.027548228031240976,False,0.01917556678361204,,147.53809943504166,0.014510417381059444,0.00044741778742814903,0.014711338302213476,0.00024649686627411724,0.014755132366053303,0.00020270280243428994,0.014882598069953245,7.523709853434792e-05
fold-000,posttraining/dlinear/seed-42/real/klpo_exact,calibration,posttraining,posttraining,dlinear,klpo_exact,42,True,median,reference/US-natural/search/dlinear-10-s42,24391,21,0.014755132366053303,0.0005954432974222978,0.014952452508969625,0.0006176965292260052,0,13,50,True,True,validation_plateau,,,7033,,0.0,0.02649772599397693,8474564660128b698bc4a9b6904a8384e96636ceecc9515db91e16722e9d4af4,1756,21,0,-0.008456693176774527,-0.01281848427817706,0.11235814083136322,0.21508472564555983,-0.013774114015620488,0.013774114015620495,True,0.0,,143.30003422498703,0.014510417381059444,0.0002447149849938591,0.014711338302213476,4.37940638398273e-05,0.014755132366053303,0.0,0.014711338302213476,4.37940638398273e-05
fold-000,posttraining/dlinear/seed-42/real/klpo_full,calibration,posttraining,posttraining,dlinear,klpo_full,42,True,median,reference/US-natural/search/dlinear-10-s42,24391,21,0.014755132366053303,0.0005954432974222978,0.014952452508969625,0.0006176965292260052,0,13,50,True,True,validation_plateau,,,7033,,0.0,0.026894291004282422,8474564660128b698bc4a9b6904a8384e96636ceecc9515db91e16722e9d4af4,1756,21,0,-0.008456693176774527,-0.01281848427817706,0.11235814083136322,0.21508472564555983,-0.013774114015620488,0.013774114015620495,True,0.0,,149.16097202699166,0.014510417381059444,0.0002447149849938591,0.014711338302213476,4.37940638398273e-05,0.014755132366053303,0.0,0.014711338302213476,4.37940638398273e-05
fold-000,posttraining/dlinear/seed-42/real/klpo_mc,calibration,posttraining,posttraining,dlinear,klpo_mc,42,True,median,reference/US-natural/search/dlinear-10-s42,24391,21,0.014755132366053303,0.0005954432974222978,0.014952452508969625,0.0006176965292260052,0,13,50,True,True,validation_plateau,,,7033,,0.0,0.02682293600810226,8474564660128b698bc4a9b6904a8384e96636ceecc9515db91e16722e9d4af4,1756,21,0,-0.008456693176774527,-0.01281848427817706,0.11235814083136322,0.21508472564555983,-0.013774114015620488,0.013774114015620495,True,0.0,,158.84717362298397,0.014510417381059444,0.0002447149849938591,0.014711338302213476,4.37940638398273e-05,0.014755132366053303,0.0,0.014711338302213476,4.37940638398273e-05
fold-000,posttraining/dlinear/seed-42/real/mae,calibration,posttraining,posttraining,dlinear,mae,42,True,median,reference/US-natural/search/dlinear-10-s42,24391,21,0.014821300345309193,0.0006000284762825629,0.015013728734834824,0.000622140468415694,5,13,50,False,True,validation_plateau,,,7033,,0.0,0.027393550000851974,15e8f5bf8d25305f64398df35bec79e549d65d9e711015c19171acf4e97081a1,1756,21,0,-0.0026418810379693768,-0.003646574473216153,0.16362710854544668,0.3002247599845956,-0.013774114015620488,0.020661171023430736,False,0.016873739450534893,,141.39692595298402,0.014510417381059444,0.00031088296424974966,0.014711338302213476,0.00010996204309571787,0.014755132366053303,6.616797925589057e-05,0.014785085386968655,3.621495834053856e-05
fold-000,posttraining/dlinear/seed-42/real/neural_mae,calibration,posttraining,posttraining,dlinear,neural_mae,42,True,median,reference/US-natural/search/dlinear-10-s42,24391,21,0.01451478682691286,0.0005860576543365173,0.014708920761604197,0.0006081453246789318,3,13,50,False,True,validation_plateau,,,7033,,0.0,0.025941529995179735,9bdb8387002f0f4a93b5a0ceb83d77cd15003444a759fe6156605756bb7fdb38,1756,18,3,-0.00621497397648149,-0.0009217933108575947,0.0021271294510088186,0.004318163001536518,-0.0068870570078102405,0.0068870570078102405,False,0.014550453051924706,,142.05746133305365,0.014510417381059444,4.369445853415546e-06,0.014711338302213476,-0.00019655147530061624,0.014755132366053303,-0.00024034553914044354,0.014509669280576636,5.1175463362234525e-06
fold-000,posttraining/dlinear/seed-42/real/neural_mse,calibration,posttraining,posttraining,dlinear,neural_mse,42,True,median,reference/US-natural/search/dlinear-10-s42,24391,21,0.01451938808732911,0.0005862145871974522,0.014713479123221074,0.0006082655626018034,3,13,50,False,True,validation_plateau,,,7033,,0.0,0.026069530998938717,cfe81c485eb8273973dd551985bdb0ef93fb51956725abb32b126627d51105bb,1756,21,0,-0.009973046506594228,-0.011757504200226084,0.006841561624197794,0.012768830610313356,-0.0068870570078102405,0.0068870570078102405,False,0.010934388265013695,,145.69756096496712,0.014510417381059444,8.97070626966652e-06,0.014711338302213476,-0.00019195021488436527,0.014755132366053303,-0.00023574427872419257,0.0145271328544528,-7.744767123689725e-06
fold-000,posttraining/dlinear/seed-42/real/reinforce,calibration,posttraining,posttraining,dlinear,reinforce,42,True,median,reference/US-natural/search/dlinear-10-s42,24391,21,0.014917985373667116,0.0006030658647373288,0.015129306280544829,0.0006258707389333694,1,13,50,False,True,validation_plateau,,,7033,,0.0,0.026426551994518377,0c125b6f4edab9e2132a72dd418646a08d464f3618669e062cb053d64aad566f,1756,21,0,-0.0007226442781775453,0.003185665208860938,0.14146350657071635,0.2591758465576602,-0.013774114015620488,0.027548228031240976,False,0.02141707132105352,,146.64486109197605,0.014510417381059444,0.00040756799260767244,0.014711338302213476,0.00020664707145364065,0.014755132366053303,0.00016285300761381336,0.014849250568495872,6.873480517124476e-05
fold-000,posttraining/dlinear/seed-43/real/expected,calibration,posttraining,posttraining,dlinear,expected,43,True,median,reference/US-natural/search/dlinear-10-s42,24391,21,0.014837977716776772,0.0006021746523289294,0.015012372067734387,0.0006235707107213397,11,19,50,False,True,validation_plateau,,,10279,,0.0,0.027335751001373865,b1ab566aa71fd53f3496e41c890df8f8075ce60faf4739a45a56d30c10a3bbe2,1756,21,0,0.0038458495048911048,-0.007052252946748448,0.18518043293860917,0.3501733582604468,-0.034435285039051224,0.013774114015620495,False,0.03244127874041588,,201.10585814900696,0.014510417381059444,0.00032756033571732825,0.014711338302213476,0.00012663941456329646,0.014755132366053303,8.284535072346916e-05,0.01476537499240189,7.260272437488273e-05
fold-000,posttraining/dlinear/seed-43/real/klpo_exact,calibration,posttraining,posttraining,dlinear,klpo_exact,43,True,median,reference/US-natural/search/dlinear-10-s42,24391,21,0.014755132366053303,0.0005954432974222978,0.014952452508969625,0.0006176965292260052,0,13,50,True,True,validation_plateau,,,7033,,0.0,0.027210184998693876,8474564660128b698bc4a9b6904a8384e96636ceecc9515db91e16722e9d4af4,1756,21,0,-0.008456693176774527,-0.01281848427817706,0.11235814083136322,0.21508472564555983,-0.013774114015620488,0.013774114015620495,True,0.0,,144.2783737090067,0.014510417381059444,0.0002447149849938591,0.014711338302213476,4.37940638398273e-05,0.014755132366053303,0.0,0.014711338302213476,4.37940638398273e-05
fold-000,posttraining/dlinear/seed-43/real/klpo_full,calibration,posttraining,posttraining,dlinear,klpo_full,43,True,median,reference/US-natural/search/dlinear-10-s42,24391,21,0.014755132366053303,0.0005954432974222978,0.014952452508969625,0.0006176965292260052,0,13,50,True,True,validation_plateau,,,7033,,0.0,0.026719051995314658,8474564660128b698bc4a9b6904a8384e96636ceecc9515db91e16722e9d4af4,1756,21,0,-0.008456693176774527,-0.01281848427817706,0.11235814083136322,0.21508472564555983,-0.013774114015620488,0.013774114015620495,True,0.0,,147.24233676097356,0.014510417381059444,0.0002447149849938591,0.014711338302213476,4.37940638398273e-05,0.014755132366053303,0.0,0.014711338302213476,4.37940638398273e-05
fold-000,posttraining/dlinear/seed-43/real/klpo_mc,calibration,posttraining,posttraining,dlinear,klpo_mc,43,True,median,reference/US-natural/search/dlinear-10-s42,24391,21,0.014755132366053303,0.0005954432974222978,0.014952452508969625,0.0006176965292260052,0,13,50,True,True,validation_plateau,,,7033,,0.0,0.02626871499523986,8474564660128b698bc4a9b6904a8384e96636ceecc9515db91e16722e9d4af4,1756,21,0,-0.008456693176774527,-0.01281848427817706,0.11235814083136322,0.21508472564555983,-0.013774114015620488,0.013774114015620495,True,0.0,,150.11919297999702,0.014510417381059444,0.0002447149849938591,0.014711338302213476,4.37940638398273e-05,0.014755132366053303,0.0,0.014711338302213476,4.37940638398273e-05
fold-000,posttraining/dlinear/seed-43/real/mae,calibration,posttraining,posttraining,dlinear,mae,43,True,median,reference/US-natural/search/dlinear-10-s42,24391,21,0.014792708358474202,0.0005982777800895881,0.014973054705844173,0.0006198987036171664,5,13,50,False,True,validation_plateau,,,7033,,0.0,0.027155972013133578,bda2acdc26b0352fee0d337cc6b651d4fc67261787e9b5f618f5e13e4a8cf409,1756,21,0,-0.0009115987030022446,-0.006057109258343286,0.15813100929381058,0.2983839787543355,-0.020661171023430736,0.020661171023430736,False,0.016485267372678983,,143.4613473600475,0.014510417381059444,0.0002822909774147578,0.014711338302213476,8.137005626072599e-05,0.014755132366053303,3.7575992420898693e-05,0.014752859794567435,3.984856390676708e-05
fold-000,posttraining/dlinear/seed-43/real/neural_mae,calibration,posttraining,posttraining,dlinear,neural_mae,43,True,median,reference/US-natural/search/dlinear-10-s42,24391,21,0.014518211500982706,0.0005861608330996627,0.014711764617766231,0.0006082344513632936,4,13,50,False,True,validation_plateau,,,7033,,0.0,0.02574950900452677,87f993f3f4f2fd2a819ee200de692aebe5c2671b7104352894efe1b7738378c3,1756,17,4,-0.015817428874169526,-0.010979814200317163,0.0014262673033470308,0.003563505608805792,-0.0068870570078102405,0.0,False,0.0171535424888134,,149.64777736505494,0.014510417381059444,7.794119923262496e-06,0.014711338302213476,-0.0001931268012307693,0.014755132366053303,-0.0002369208650705966,0.014510880118791158,7.331382191548552e-06
fold-000,posttraining/dlinear/seed-43/real/neural_mse,calibration,posttraining,posttraining,dlinear,neural_mse,43,True,median,reference/US-natural/search/dlinear-10-s42,24391,21,0.014511732418532134,0.0005863479185574394,0.014706239691643823,0.0006085159845162238,4,13,50,False,True,validation_plateau,,,7033,,0.0,0.02640834699559491,b194028f7847a67a83b490c4daf301ad79242b9b3c2f63367c1fbc35dba2db32,1756,21,0,0.009976214252781657,0.011478863395442133,0.024853055628387705,0.0432680200957126,-0.0068870570078102405,0.0,False,0.016924327239394188,,140.25899050198495,0.014510417381059444,1.3150374726898784e-06,0.014711338302213476,-0.0001996058836813419,0.014755132366053303,-0.0002433999475211692,0.014597810934076794,-8.607851554466063e-05
fold-000,posttraining/dlinear/seed-43/real/reinforce,calibration,posttraining,posttraining,dlinear,reinforce,43,True,median,reference/US-natural/search/dlinear-10-s42,24391,21,0.01489102396957251,0.000603107015864227,0.015075535405579137,0.0006248837703401693,10,18,50,False,True,validation_plateau,,,9738,,0.0,0.026832826013560407,54f3705fcd51245e61e58e560ee3daa2aadbfcd443db64ee326a405f3b96308d,1756,21,0,-0.0061569293625668335,-0.010221807293282873,0.15366853314730797,0.30579589919482153,-0.034435285039051224,0.013774114015620495,False,0.027944419813464183,,197.8051050940412,0.014510417381059444,0.00038060658851306675,0.014711338302213476,0.00017968566735903496,0.014755132366053303,0.00013589160351920766,0.014828254175325491,6.276979424701956e-05
fold-000,posttraining/dlinear/seed-44/real/expected,calibration,posttraining,posttraining,dlinear,expected,44,True,median,reference/US-natural/search/dlinear-10-s42,24391,21,0.014881022380382488,0.0006049068720620689,0.015072690586785313,0.0006271754511167463,10,18,50,False,True,validation_plateau,,,9738,,0.0,0.026915180002106354,d08b7af45249a5a374bd1b13e20b4546c71fe295b9d16c481d1029c2b739b0af,1756,21,0,-0.0010669333702151822,-0.007721512005157198,0.17382301403761816,0.33889268001592615,-0.04132234204686147,0.013774114015620495,False,0.03676391159095198,,191.91129885899136,0.014510417381059444,0.0003706049993230445,0.014711338302213476,0.00016968407816901274,0.014755132366053303,0.00012589001432918544,0.014805026117817572,7.599626256491604e-05
fold-000,posttraining/dlinear/seed-44/real/klpo_exact,calibration,posttraining,posttraining,dlinear,klpo_exact,44,True,median,reference/US-natural/search/dlinear-10-s42,24391,21,0.014755132366053303,0.0005954432974222978,0.014952452508969625,0.0006176965292260052,0,13,50,True,True,validation_plateau,,,7033,,0.0,0.027002704999176785,8474564660128b698bc4a9b6904a8384e96636ceecc9515db91e16722e9d4af4,1756,21,0,-0.008456693176774527,-0.01281848427817706,0.11235814083136322,0.21508472564555983,-0.013774114015620488,0.013774114015620495,True,0.0,,146.21957432903582,0.014510417381059444,0.0002447149849938591,0.014711338302213476,4.37940638398273e-05,0.014755132366053303,0.0,0.014711338302213476,4.37940638398273e-05
fold-000,posttraining/dlinear/seed-44/real/klpo_full,calibration,posttraining,posttraining,dlinear,klpo_full,44,True,median,reference/US-natural/search/dlinear-10-s42,24391,21,0.014755132366053303,0.0005954432974222978,0.014952452508969625,0.0006176965292260052,0,13,50,True,True,validation_plateau,,,7033,,0.0,0.02699980999750551,8474564660128b698bc4a9b6904a8384e96636ceecc9515db91e16722e9d4af4,1756,21,0,-0.008456693176774527,-0.01281848427817706,0.11235814083136322,0.21508472564555983,-0.013774114015620488,0.013774114015620495,True,0.0,,145.07658961298876,0.014510417381059444,0.0002447149849938591,0.014711338302213476,4.37940638398273e-05,0.014755132366053303,0.0,0.014711338302213476,4.37940638398273e-05
fold-000,posttraining/dlinear/seed-44/real/klpo_mc,calibration,posttraining,posttraining,dlinear,klpo_mc,44,True,median,reference/US-natural/search/dlinear-10-s42,24391,21,0.014755132366053303,0.0005954432974222978,0.014952452508969625,0.0006176965292260052,0,13,50,True,True,validation_plateau,,,7033,,0.0,0.02698061300907284,8474564660128b698bc4a9b6904a8384e96636ceecc9515db91e16722e9d4af4,1756,21,0,-0.008456693176774527,-0.01281848427817706,0.11235814083136322,0.21508472564555983,-0.013774114015620488,0.013774114015620495,True,0.0,,155.89703459397424,0.014510417381059444,0.0002447149849938591,0.014711338302213476,4.37940638398273e-05,0.014755132366053303,0.0,0.014711338302213476,4.37940638398273e-05
fold-000,posttraining/dlinear/seed-44/real/mae,calibration,posttraining,posttraining,dlinear,mae,44,True,median,reference/US-natural/search/dlinear-10-s42,24391,21,0.015012202522548024,0.0006071809436465449,0.015235064473683857,0.0006305907574302151,1,13,50,False,True,validation_plateau,,,7033,,0.0,0.02726027899188921,cf56e47997a5680586f6ffa828f34bce7a86213f165df4c08f7b7146545b88c9,1756,21,0,0.0025737924446815894,-0.00226110816931441,0.1739911630739148,0.32408182182982326,-0.013774114015620488,0.027548228031240976,False,0.023788397428780552,,133.49873088800814,0.014510417381059444,0.0005017851414885807,0.014711338302213476,0.00030086422033454886,0.014755132366053303,0.00025707015649472156,0.01493217568513219,8.0026837415835e-05
fold-000,posttraining/dlinear/seed-44/real/neural_mae,calibration,posttraining,posttraining,dlinear,neural_mae,44,True,median,reference/US-natural/search/dlinear-10-s42,24391,21,0.014525749623369591,0.0005875873349192321,0.01472004796345961,0.0006096895489420685,3,13,50,False,True,validation_plateau,,,7033,,0.0,0.026709172991104424,ed680c61b0c4e36d160d2644858f732edad15ebb4474225720c697d51745e83e,1756,21,0,0.0002833322974488803,-0.0014047825803192716,0.012741591163338858,0.0246860750283006,-0.0068870570078102405,0.0,False,0.01748950220644474,,138.53682361496612,0.014510417381059444,1.5332242310147487e-05,0.014711338302213476,-0.0001855886788438843,0.014755132366053303,-0.0002293827426837116,0.014578050902363911,-5.230127899432009e-05
fold-000,posttraining/dlinear/seed-44/real/neural_mse,calibration,posttraining,posttraining,dlinear,neural_mse,44,True,median,reference/US-natural/search/dlinear-10-s42,24391,21,0.014519872702685314,0.000585956202070364,0.014713792391869521,0.0006080650981856678,5,13,50,False,True,validation_plateau,,,7033,,0.0,0.02603604800242465,b0d0d1bc5ffdcf1310dc4634f033c7893bc0c1f2e68b05d7b83e2b7039441a76,1756,20,1,0.0027213155244894378,0.023589333644480986,0.004126749967144128,0.008598165704702655,-0.0068870570078102405,0.0,False,0.01375962607562542,,143.6845983879757,0.014510417381059444,9.455321625870261e-06,0.014711338302213476,-0.00019146559952816153,0.014755132366053303,-0.00023525966336798883,0.014551663889484928,-3.1791186799613735e-05
fold-000,posttraining/dlinear/seed-44/real/reinforce,calibration,posttraining,posttraining,dlinear,reinforce,44,True,median,reference/US-natural/search/dlinear-10-s42,24391,21,0.014755132366053303,0.0005954432974222978,0.014952452508969625,0.0006176965292260052,0,13,50,True,True,validation_plateau,,,7033,,0.0,0.027218560993787833,8474564660128b698bc4a9b6904a8384e96636ceecc9515db91e16722e9d4af4,1756,21,0,-0.008456693176774527,-0.01281848427817706,0.11235814083136322,0.21508472564555983,-0.013774114015620488,0.013774114015620495,True,0.0,,148.14941772300517,0.014510417381059444,0.0002447149849938591,0.014711338302213476,4.37940638398273e-05,0.014755132366053303,0.0,0.014711338302213476,4.37940638398273e-05
fold-000,posttraining/gru/seed-42/real/expected,calibration,posttraining,posttraining,gru,expected,42,True,median,reference/US-natural/search/gru-10-s42,24391,21,0.014813040124025931,0.0005984113691626238,0.014982247824218186,0.0006196576552951952,1,13,50,False,True,validation_plateau,,,7033,,0.0,0.037059096997836605,674e2ff3368cef84d957386e5dba90a770d983dce00565542d4c7398e6f4b315,1756,21,0,-0.005911475930598558,-0.0020505675048653497,0.17572450732887918,0.33086279213009223,-0.020661171023430736,0.020661171023430736,False,0.015392841305973237,,143.67073173599783,0.014510417381059444,0.0003026227429664876,0.01475323348012764,5.980664389829138e-05,0.014887851138410199,-7.481101438426736e-05,0.014721364693886125,9.167543013980685e-05
fold-000,posttraining/gru/seed-42/real/klpo_exact,calibration,posttraining,posttraining,gru,klpo_exact,42,True,median,reference/US-natural/search/gru-10-s42,24391,21,0.014887851138410199,0.0005998541793184872,0.015055133253846218,0.0006209621038061239,0,13,50,True,True,validation_plateau,,,7033,,0.0,0.02725179299886804,020ac85ad68398faca40e7ea52f5562f5163d73415aa07c788dd08287672b996,1756,21,0,-0.01452731223673944,-0.007142971742095176,0.153121819103894,0.2999320473107642,-0.020661171023430736,0.020661171023430736,True,0.0,,150.82715410302626,0.014510417381059444,0.00037743375735075496,0.01475323348012764,0.00013461765828255874,0.014887851138410199,0.0,0.01475323348012764,0.00013461765828255874
fold-000,posttraining/gru/seed-42/real/klpo_full,calibration,posttraining,posttraining,gru,klpo_full,42,True,median,reference/US-natural/search/gru-10-s42,24391,21,0.014887851138410199,0.0005998541793184872,0.015055133253846218,0.0006209621038061239,0,13,50,True,True,validation_plateau,,,7033,,0.0,0.02749016099551227,020ac85ad68398faca40e7ea52f5562f5163d73415aa07c788dd08287672b996,1756,21,0,-0.01452731223673944,-0.007142971742095176,0.153121819103894,0.2999320473107642,-0.020661171023430736,0.020661171023430736,True,0.0,,150.76683043001685,0.014510417381059444,0.00037743375735075496,0.01475323348012764,0.00013461765828255874,0.014887851138410199,0.0,0.01475323348012764,0.00013461765828255874
fold-000,posttraining/gru/seed-42/real/klpo_mc,calibration,posttraining,posttraining,gru,klpo_mc,42,True,median,reference/US-natural/search/gru-10-s42,24391,21,0.014887851138410199,0.0005998541793184872,0.015055133253846218,0.0006209621038061239,0,13,50,True,True,validation_plateau,,,7033,,0.0,0.02680952199443709,020ac85ad68398faca40e7ea52f5562f5163d73415aa07c788dd08287672b996,1756,21,0,-0.01452731223673944,-0.007142971742095176,0.153121819103894,0.2999320473107642,-0.020661171023430736,0.020661171023430736,True,0.0,,153.78434037102852,0.014510417381059444,0.00037743375735075496,0.01475323348012764,0.00013461765828255874,0.014887851138410199,0.0,0.01475323348012764,0.00013461765828255874
fold-000,posttraining/gru/seed-42/real/mae,calibration,posttraining,posttraining,gru,mae,42,True,median,reference/US-natural/search/gru-10-s42,24391,21,0.01486147492304136,0.0006008608323933635,0.015029583018305627,0.0006220547764512097,1,13,50,False,True,validation_plateau,,,7033,,0.0,0.027419608988566324,a443764f1f345aff2b41c608236800c1833c39829475ee88dfd45089da719fa3,1756,21,0,-0.006929786079435539,-0.006778747906021529,0.17497006645676794,0.3345360901259492,-0.020661171023430736,0.020661171023430736,False,0.018574278891389753,,146.67739359097322,0.014510417381059444,0.00035105754198191605,0.01475323348012764,0.00010824144291371983,0.014887851138410199,-2.6376215368838912e-05,0.01474779961688735,0.00011367530615401071
fold-000,posttraining/gru/seed-42/real/neural_mae,calibration,posttraining,posttraining,gru,neural_mae,42,True,median,reference/US-natural/search/gru-10-s42,24391,21,0.014500303800137474,0.0005851550679251136,0.014693591766160561,0.0006072100509936754,7,15,50,False,True,validation_plateau,,,8115,,0.0,0.026651874999515712,21d608bb2e6261431927cb7da4863e943376b3df00a9a6e965e5c333c6d827d1,1756,21,0,0.016431618174477976,0.022177348655812758,0.004976382110853517,0.007118949404677486,-0.0068870570078102405,0.0068870570078102405,False,0.021232999861240387,,175.70328981196508,0.014510417381059444,-1.0113580921969345e-05,0.01475323348012764,-0.00025292967999016557,0.014887851138410199,-0.0003875473382727243,0.014493484720947233,6.8190791902410924e-06
fold-000,posttraining/gru/seed-42/real/neural_mse,calibration,posttraining,posttraining,gru,neural_mse,42,True,median,reference/US-natural/search/gru-10-s42,24391,21,0.014511954935984775,0.0005855656964890805,0.014705417165924332,0.0006076137404415702,10,18,50,False,True,validation_plateau,,,9738,,0.0,0.026029254993773066,8ed99abbe39a439106fb4b7e4ff31e9fe4bfc642dcb8cb6589967d7b687b6a8e,1756,19,2,0.002135210161405267,0.010901154714091102,0.0017223760770598087,0.0028432809558850683,-0.0068870570078102405,0.0068870570078102405,False,0.02107938751578331,,206.63337761501316,0.014510417381059444,1.537554925330753e-06,0.01475323348012764,-0.00024127854414286547,0.014887851138410199,-0.0003758962024254242,0.014515057243392023,-3.1023074072485807e-06
fold-000,posttraining/gru/seed-42/real/reinforce,calibration,posttraining,posttraining,gru,reinforce,42,True,median,reference/US-natural/search/gru-10-s42,24391,21,0.014792319673685203,0.0005978518730717279,0.01496147376364599,0.0006190277974282936,1,13,50,False,True,validation_plateau,,,7033,,0.0,0.027086503003374673,22444acabb892933ebf05851ad6a4c1804c6559f5dda2d710dc854f7b659ef6d,1756,21,0,0.0020852298969342054,0.0010078559176000565,0.17730467426266325,0.3290053706366712,-0.020661171023430736,0.020661171023430736,False,0.011833410339523835,,150.24494349502493,0.014510417381059444,0.00028190229262575923,0.01475323348012764,3.9086193557563015e-05,0.014887851138410199,-9.553146472499573e-05,0.014703141641953257,8.917803173194572e-05
fold-000,posttraining/gru/seed-43/real/expected,calibration,posttraining,posttraining,gru,expected,43,True,median,reference/US-natural/search/gru-10-s42,24391,21,0.014887851138410199,0.0005998541793184872,0.015055133253846218,0.0006209621038061239,0,13,50,True,True,validation_plateau,,,7033,,0.0,0.026926131002255715,020ac85ad68398faca40e7ea52f5562f5163d73415aa07c788dd08287672b996,1756,21,0,-0.01452731223673944,-0.007142971742095176,0.153121819103894,0.2999320473107642,-0.020661171023430736,0.020661171023430736,True,0.0,,139.11339955200674,0.014510417381059444,0.00037743375735075496,0.01475323348012764,0.00013461765828255874,0.014887851138410199,0.0,0.01475323348012764,0.00013461765828255874
fold-000,posttraining/gru/seed-43/real/klpo_exact,calibration,posttraining,posttraining,gru,klpo_exact,43,True,median,reference/US-natural/search/gru-10-s42,24391,21,0.014887851138410199,0.0005998541793184872,0.015055133253846218,0.0006209621038061239,0,13,50,True,True,validation_plateau,,,7033,,0.0,0.027146324995555915,020ac85ad68398faca40e7ea52f5562f5163d73415aa07c788dd08287672b996,1756,21,0,-0.01452731223673944,-0.007142971742095176,0.153121819103894,0.2999320473107642,-0.020661171023430736,0.020661171023430736,True,0.0,,143.2207602179842,0.014510417381059444,0.00037743375735075496,0.01475323348012764,0.00013461765828255874,0.014887851138410199,0.0,0.01475323348012764,0.00013461765828255874
fold-000,posttraining/gru/seed-43/real/klpo_full,calibration,posttraining,posttraining,gru,klpo_full,43,True,median,reference/US-natural/search/gru-10-s42,24391,21,0.014887851138410199,0.0005998541793184872,0.015055133253846218,0.0006209621038061239,0,13,50,True,True,validation_plateau,,,7033,,0.0,0.02750540999113582,020ac85ad68398faca40e7ea52f5562f5163d73415aa07c788dd08287672b996,1756,21,0,-0.01452731223673944,-0.007142971742095176,0.153121819103894,0.2999320473107642,-0.020661171023430736,0.020661171023430736,True,0.0,,146.49731770297512,0.014510417381059444,0.00037743375735075496,0.01475323348012764,0.00013461765828255874,0.014887851138410199,0.0,0.01475323348012764,0.00013461765828255874
fold-000,posttraining/gru/seed-43/real/klpo_mc,calibration,posttraining,posttraining,gru,klpo_mc,43,True,median,reference/US-natural/search/gru-10-s42,24391,21,0.014887851138410199,0.0005998541793184872,0.015055133253846218,0.0006209621038061239,0,13,50,True,True,validation_plateau,,,7033,,0.0,0.027288441997370683,020ac85ad68398faca40e7ea52f5562f5163d73415aa07c788dd08287672b996,1756,21,0,-0.01452731223673944,-0.007142971742095176,0.153121819103894,0.2999320473107642,-0.020661171023430736,0.020661171023430736,True,0.0,,153.563621659996,0.014510417381059444,0.00037743375735075496,0.01475323348012764,0.00013461765828255874,0.014887851138410199,0.0,0.01475323348012764,0.00013461765828255874
fold-000,posttraining/gru/seed-43/real/mae,calibration,posttraining,posttraining,gru,mae,43,True,median,reference/US-natural/search/gru-10-s42,24391,21,0.014887851138410199,0.0005998541793184872,0.015055133253846218,0.0006209621038061239,0,13,50,True,True,validation_plateau,,,7033,,0.0,0.027028181997593492,020ac85ad68398faca40e7ea52f5562f5163d73415aa07c788dd08287672b996,1756,21,0,-0.01452731223673944,-0.007142971742095176,0.153121819103894,0.2999320473107642,-0.020661171023430736,0.020661171023430736,True,0.0,,134.5214930489892,0.014510417381059444,0.00037743375735075496,0.01475323348012764,0.00013461765828255874,0.014887851138410199,0.0,0.01475323348012764,0.00013461765828255874
fold-000,posttraining/gru/seed-43/real/neural_mae,calibration,posttraining,posttraining,gru,neural_mae,43,True,median,reference/US-natural/search/gru-10-s42,24391,21,0.01451753154988939,0.0005861137952882162,0.01471101140326675,0.0006082439637141035,12,20,50,False,True,validation_plateau,,,10820,,0.0,0.026113853993592784,b40f1aa5dff5f0d8e0cd5f7d3354540e55df667c2949b7b86b2cfac9621cfce8,1756,21,0,0.013913087067302718,0.018328519088747976,0.009107231976792767,0.017554559506985916,-0.0068870570078102405,0.0,False,0.019394362345337868,,230.85006503999466,0.014510417381059444,7.1141688299455885e-06,0.01475323348012764,-0.00023570193023825063,0.014887851138410199,-0.0003703195885208094,0.014657870515299435,-0.00014033896541004558
fold-000,posttraining/gru/seed-43/real/neural_mse,calibration,posttraining,posttraining,gru,neural_mse,43,True,median,reference/US-natural/search/gru-10-s42,24391,21,0.01452812954912335,0.0005866248614519192,0.014723458779579325,0.0006088377238607296,5,13,50,False,True,validation_plateau,,,7033,,0.0,0.026873561990214512,a18d3592b7677af259130d6b81fbe55e95ee1792d194bb5eb708b6f920db6d21,1756,21,0,0.00526544266387741,0.010133018380162156,0.008494976009685632,0.01699680425578485,-0.0068870570078102405,0.0068870570078102405,False,0.015932703390717506,,153.10259779996704,0.014510417381059444,1.771216806390613e-05,0.01475323348012764,-0.0002251039310042901,0.014887851138410199,-0.00035972158928684883,0.014561535640385682,-3.3406091262332474e-05
fold-000,posttraining/gru/seed-43/real/reinforce,calibration,posttraining,posttraining,gru,reinforce,43,True,median,reference/US-natural/search/gru-10-s42,24391,21,0.014887851138410199,0.0005998541793184872,0.015055133253846218,0.0006209621038061239,0,13,50,True,True,validation_plateau,,,7033,,0.0,0.027279405010631308,020ac85ad68398faca40e7ea52f5562f5163d73415aa07c788dd08287672b996,1756,21,0,-0.01452731223673944,-0.007142971742095176,0.153121819103894,0.2999320473107642,-0.020661171023430736,0.020661171023430736,True,0.0,,146.43665718403645,0.014510417381059444,0.00037743375735075496,0.01475323348012764,0.00013461765828255874,0.014887851138410199,0.0,0.01475323348012764,0.00013461765828255874
fold-000,posttraining/gru/seed-44/real/expected,calibration,posttraining,posttraining,gru,expected,44,True,median,reference/US-natural/search/gru-10-s42,24391,21,0.014874819625846756,0.0006025785812548321,0.015052993229947019,0.0006242920116122314,7,15,50,False,True,validation_plateau,,,8115,,0.0,0.027774635003879666,1819499c27fe22a63a6dff9d9ec4da997d772c4199a70911e3d26310c982c6c2,1756,21,0,-0.0017797746206552477,-0.0036886146030766847,0.165108645085281,0.32172538710535775,-0.034435285039051224,0.013774114015620495,False,0.02686808199528424,,171.47934972302755,0.014510417381059444,0.00036440224478731173,0.01475323348012764,0.00012158614571911551,0.014887851138410199,-1.3031512563443232e-05,0.014774293567628641,0.00010052605821811444
fold-000,posttraining/gru/seed-44/real/klpo_exact,calibration,posttraining,posttraining,gru,klpo_exact,44,True,median,reference/US-natural/search/gru-10-s42,24391,21,0.014887851138410199,0.0005998541793184872,0.015055133253846218,0.0006209621038061239,0,13,50,True,True,validation_plateau,,,7033,,0.0,0.02786085799743887,020ac85ad68398faca40e7ea52f5562f5163d73415aa07c788dd08287672b996,1756,21,0,-0.01452731223673944,-0.007142971742095176,0.153121819103894,0.2999320473107642,-0.020661171023430736,0.020661171023430736,True,0.0,,151.15319065598305,0.014510417381059444,0.00037743375735075496,0.01475323348012764,0.00013461765828255874,0.014887851138410199,0.0,0.01475323348012764,0.00013461765828255874
fold-000,posttraining/gru/seed-44/real/klpo_full,calibration,posttraining,posttraining,gru,klpo_full,44,True,median,reference/US-natural/search/gru-10-s42,24391,21,0.014887851138410199,0.0005998541793184872,0.015055133253846218,0.0006209621038061239,0,13,50,True,True,validation_plateau,,,7033,,0.0,0.03018697000516113,020ac85ad68398faca40e7ea52f5562f5163d73415aa07c788dd08287672b996,1756,21,0,-0.01452731223673944,-0.007142971742095176,0.153121819103894,0.2999320473107642,-0.020661171023430736,0.020661171023430736,True,0.0,,149.76046840503113,0.014510417381059444,0.00037743375735075496,0.01475323348012764,0.00013461765828255874,0.014887851138410199,0.0,0.01475323348012764,0.00013461765828255874
fold-000,posttraining/gru/seed-44/real/klpo_mc,calibration,posttraining,posttraining,gru,klpo_mc,44,True,median,reference/US-natural/search/gru-10-s42,24391,21,0.014887851138410199,0.0005998541793184872,0.015055133253846218,0.0006209621038061239,0,13,50,True,True,validation_plateau,,,7033,,0.0,0.03022773600241635,020ac85ad68398faca40e7ea52f5562f5163d73415aa07c788dd08287672b996,1756,21,0,-0.01452731223673944,-0.007142971742095176,0.153121819103894,0.2999320473107642,-0.020661171023430736,0.020661171023430736,True,0.0,,158.37154450803064,0.014510417381059444,0.00037743375735075496,0.01475323348012764,0.00013461765828255874,0.014887851138410199,0.0,0.01475323348012764,0.00013461765828255874
fold-000,posttraining/gru/seed-44/real/mae,calibration,posttraining,posttraining,gru,mae,44,True,median,reference/US-natural/search/gru-10-s42,24391,21,0.0149207314881674,0.0006047696702530053,0.01509836223254596,0.0006264561969596959,7,15,50,False,True,validation_plateau,,,8115,,0.0,0.031219100012094714,e544a3185358ff20b922639db4a595fb5adc345ecbe85e4cd2f55a2ae824b221,1756,21,0,-0.006459086242254593,-0.005884643436929248,0.16666843717583596,0.3299172852550615,-0.027548228031240976,0.013774114015620495,False,0.02246005739363818,,163.18585198698565,0.014510417381059444,0.00041031410710795635,0.01475323348012764,0.00016749800803976013,0.014887851138410199,3.288034975720139e-05,0.014809600412549997,0.00011113107561740339
fold-000,posttraining/gru/seed-44/real/neural_mae,calibration,posttraining,posttraining,gru,neural_mae,44,True,median,reference/US-natural/search/gru-10-s42,24391,21,0.014483361600622423,0.0005846749072482125,0.014676291284330309,0.0006067406083137085,5,13,50,False,True,validation_plateau,,,7033,,0.0,0.027772702000220306,fe33544875a5fe7b70eb04d94c38205334265cb56ef5e6ea88d1cbafb4dc5e79,1756,21,0,0.027781104860622692,0.024855162409699517,0.0183988873702235,0.028148908480140147,-0.0068870570078102405,0.0068870570078102405,False,0.019315587356686592,,149.3878670859849,0.014510417381059444,-2.7055780437020352e-05,0.01475323348012764,-0.00026987187950521657,0.014887851138410199,-0.0004044895377877753,0.01452386757510236,-4.050597447993569e-05
fold-000,posttraining/gru/seed-44/real/neural_mse,calibration,posttraining,posttraining,gru,neural_mse,44,True,median,reference/US-natural/search/gru-10-s42,24391,21,0.014547054631529766,0.0005867391217943505,0.014743427896997355,0.0006088682798711311,6,14,50,False,True,validation_plateau,,,7574,,0.0,0.027416883007390425,75465efd826818ebbdc38e96a21ae21b1333a05fd3577096b61c73d4045cab88,1756,21,0,0.0037147101257654484,0.0004916810350034304,0.02240919503609547,0.04267557527770904,-0.0068870570078102405,0.0068870570078102405,False,0.018279187381267548,,168.11032990302192,0.014510417381059444,3.663725047032239e-05,0.01475323348012764,-0.00020617884859787383,0.014887851138410199,-0.0003407965068804326,0.01455935564956525,-1.2301018035483849e-05
fold-000,posttraining/gru/seed-44/real/reinforce,calibration,posttraining,posttraining,gru,reinforce,44,True,median,reference/US-natural/search/gru-10-s42,24391,21,0.014887851138410199,0.0005998541793184872,0.015055133253846218,0.0006209621038061239,0,13,50,True,True,validation_plateau,,,7033,,0.0,0.027418555997428484,020ac85ad68398faca40e7ea52f5562f5163d73415aa07c788dd08287672b996,1756,21,0,-0.01452731223673944,-0.007142971742095176,0.153121819103894,0.2999320473107642,-0.020661171023430736,0.020661171023430736,True,0.0,,141.83293666900136,0.014510417381059444,0.00037743375735075496,0.01475323348012764,0.00013461765828255874,0.014887851138410199,0.0,0.01475323348012764,0.00013461765828255874
fold-000,posttraining/lstm/seed-42/real/expected,calibration,posttraining,posttraining,lstm,expected,42,True,median,reference/US-natural/search/lstm-00-s42,24391,21,0.014966734679620532,0.0006032764372284273,0.015162958648679515,0.0006254141117300943,0,13,50,True,True,validation_plateau,,,7033,,0.0,0.03733954401104711,1866a339beb4db79998e06b5bb2779c618396c18b1db7dac1f89c370d413f09f,1756,21,0,0.017620943288958173,0.0127992521684768,0.19291165886094483,0.37365920855156204,-0.027548228031240976,0.03443528503905123,True,0.0,,149.01241975597804,0.014510417381059444,0.00045631729856108853,0.014924349373713857,4.238530590667568e-05,0.014966734679620532,0.0,0.014924349373713857,4.238530590667568e-05
fold-000,posttraining/lstm/seed-42/real/klpo_exact,calibration,posttraining,posttraining,lstm,klpo_exact,42,True,median,reference/US-natural/search/lstm-00-s42,24391,21,0.014966734679620532,0.0006032764372284273,0.015162958648679515,0.0006254141117300943,0,13,50,True,True,validation_plateau,,,7033,,0.0,0.027549282007385045,1866a339beb4db79998e06b5bb2779c618396c18b1db7dac1f89c370d413f09f,1756,21,0,0.017620943288958173,0.0127992521684768,0.19291165886094483,0.37365920855156204,-0.027548228031240976,0.03443528503905123,True,0.0,,148.85064428299665,0.014510417381059444,0.00045631729856108853,0.014924349373713857,4.238530590667568e-05,0.014966734679620532,0.0,0.014924349373713857,4.238530590667568e-05
fold-000,posttraining/lstm/seed-42/real/klpo_full,calibration,posttraining,posttraining,lstm,klpo_full,42,True,median,reference/US-natural/search/lstm-00-s42,24391,21,0.014966734679620532,0.0006032764372284273,0.015162958648679515,0.0006254141117300943,0,13,50,True,True,validation_plateau,,,7033,,0.0,0.027106689987704158,1866a339beb4db79998e06b5bb2779c618396c18b1db7dac1f89c370d413f09f,1756,21,0,0.017620943288958173,0.0127992521684768,0.19291165886094483,0.37365920855156204,-0.027548228031240976,0.03443528503905123,True,0.0,,152.3970192829729,0.014510417381059444,0.00045631729856108853,0.014924349373713857,4.238530590667568e-05,0.014966734679620532,0.0,0.014924349373713857,4.238530590667568e-05
fold-000,posttraining/lstm/seed-42/real/klpo_mc,calibration,posttraining,posttraining,lstm,klpo_mc,42,True,median,reference/US-natural/search/lstm-00-s42,24391,21,0.014966734679620532,0.0006032764372284273,0.015162958648679515,0.0006254141117300943,0,13,50,True,True,validation_plateau,,,7033,,0.0,0.02717772299365606,1866a339beb4db79998e06b5bb2779c618396c18b1db7dac1f89c370d413f09f,1756,21,0,0.017620943288958173,0.0127992521684768,0.19291165886094483,0.37365920855156204,-0.027548228031240976,0.03443528503905123,True,0.0,,157.10994608001783,0.014510417381059444,0.00045631729856108853,0.014924349373713857,4.238530590667568e-05,0.014966734679620532,0.0,0.014924349373713857,4.238530590667568e-05
fold-000,posttraining/lstm/seed-42/real/mae,calibration,posttraining,posttraining,lstm,mae,42,True,median,reference/US-natural/search/lstm-00-s42,24391,21,0.014966734679620532,0.0006032764372284273,0.015162958648679515,0.0006254141117300943,0,13,50,True,True,validation_plateau,,,7033,,0.0,0.02787948200420942,1866a339beb4db79998e06b5bb2779c618396c18b1db7dac1f89c370d413f09f,1756,21,0,0.017620943288958173,0.0127992521684768,0.19291165886094483,0.37365920855156204,-0.027548228031240976,0.03443528503905123,True,0.0,,132.91658008599188,0.014510417381059444,0.00045631729856108853,0.014924349373713857,4.238530590667568e-05,0.014966734679620532,0.0,0.014924349373713857,4.238530590667568e-05
fold-000,posttraining/lstm/seed-42/real/neural_mae,calibration,posttraining,posttraining,lstm,neural_mae,42,True,median,reference/US-natural/search/lstm-00-s42,24391,21,0.014819482454211769,0.0005991888729083302,0.015008385568529873,0.0006212953806585045,6,14,50,False,True,validation_plateau,,,7574,,0.0,0.02741778499330394,408aefa8fc77c78a1a4386fde7228b488827220a069b2fe8b5cb2d235074e59d,1756,21,0,0.014839357449363108,0.007992817527931505,0.15602906386490412,0.2973187002603548,-0.034435285039051224,0.020661171023430736,False,0.015252262353897095,,160.7744417520007,0.014510417381059444,0.0003090650731523252,0.014924349373713857,-0.00010486691950208765,0.014966734679620532,-0.00014725222540876333,0.014733698139736195,8.578431447557426e-05
fold-000,posttraining/lstm/seed-42/real/neural_mse,calibration,posttraining,posttraining,lstm,neural_mse,42,True,median,reference/US-natural/search/lstm-00-s42,24391,21,0.01475051349696399,0.000594687843121716,0.014944692257368513,0.0006169785916140747,9,17,50,False,True,validation_plateau,,,9197,,0.0,0.027697711004293524,12cd43f9ffa70171beee8100e7e52eb6592e0f402ed5455d044e987ed3823780,1756,21,0,7.020642851092307e-05,0.00346948941540551,0.06952934092811625,0.14485166084876383,-0.027548228031240976,0.027548228031240976,False,0.018652476370334625,,191.74039003200596,0.014510417381059444,0.00024009611590454678,0.014924349373713857,-0.00017383587674986607,0.014966734679620532,-0.00021622118265654175,0.014748655633207068,1.8578637569228312e-06
fold-000,posttraining/lstm/seed-42/real/reinforce,calibration,posttraining,posttraining,lstm,reinforce,42,True,median,reference/US-natural/search/lstm-00-s42,24391,21,0.014966734679620532,0.0006032764372284273,0.015162958648679515,0.0006254141117300943,0,13,50,True,True,validation_plateau,,,7033,,0.0,0.02846362099808175,1866a339beb4db79998e06b5bb2779c618396c18b1db7dac1f89c370d413f09f,1756,21,0,0.017620943288958173,0.0127992521684768,0.19291165886094483,0.37365920855156204,-0.027548228031240976,0.03443528503905123,True,0.0,,142.94594790402334,0.014510417381059444,0.00045631729856108853,0.014924349373713857,4.238530590667568e-05,0.014966734679620532,0.0,0.014924349373713857,4.238530590667568e-05
fold-000,posttraining/lstm/seed-43/real/expected,calibration,posttraining,posttraining,lstm,expected,43,True,median,reference/US-natural/search/lstm-00-s42,24391,21,0.014966734679620532,0.0006032764372284273,0.015162958648679515,0.0006254141117300943,0,13,50,True,True,validation_plateau,,,7033,,0.0,0.027284344003419392,1866a339beb4db79998e06b5bb2779c618396c18b1db7dac1f89c370d413f09f,1756,21,0,0.017620943288958173,0.0127992521684768,0.19291165886094483,0.37365920855156204,-0.027548228031240976,0.03443528503905123,True,0.0,,147.43649996299064,0.014510417381059444,0.00045631729856108853,0.014924349373713857,4.238530590667568e-05,0.014966734679620532,0.0,0.014924349373713857,4.238530590667568e-05
fold-000,posttraining/lstm/seed-43/real/klpo_exact,calibration,posttraining,posttraining,lstm,klpo_exact,43,True,median,reference/US-natural/search/lstm-00-s42,24391,21,0.014966734679620532,0.0006032764372284273,0.015162958648679515,0.0006254141117300943,0,13,50,True,True,validation_plateau,,,7033,,0.0,0.026854987008846365,1866a339beb4db79998e06b5bb2779c618396c18b1db7dac1f89c370d413f09f,1756,21,0,0.017620943288958173,0.0127992521684768,0.19291165886094483,0.37365920855156204,-0.027548228031240976,0.03443528503905123,True,0.0,,141.4821172459633,0.014510417381059444,0.00045631729856108853,0.014924349373713857,4.238530590667568e-05,0.014966734679620532,0.0,0.014924349373713857,4.238530590667568e-05
fold-000,posttraining/lstm/seed-43/real/klpo_full,calibration,posttraining,posttraining,lstm,klpo_full,43,True,median,reference/US-natural/search/lstm-00-s42,24391,21,0.014966734679620532,0.0006032764372284273,0.015162958648679515,0.0006254141117300943,0,13,50,True,True,validation_plateau,,,7033,,0.0,0.026812468000571243,1866a339beb4db79998e06b5bb2779c618396c18b1db7dac1f89c370d413f09f,1756,21,0,0.017620943288958173,0.0127992521684768,0.19291165886094483,0.37365920855156204,-0.027548228031240976,0.03443528503905123,True,0.0,,155.90078770404216,0.014510417381059444,0.00045631729856108853,0.014924349373713857,4.238530590667568e-05,0.014966734679620532,0.0,0.014924349373713857,4.238530590667568e-05
fold-000,posttraining/lstm/seed-43/real/klpo_mc,calibration,posttraining,posttraining,lstm,klpo_mc,43,True,median,reference/US-natural/search/lstm-00-s42,24391,21,0.014966734679620532,0.0006032764372284273,0.015162958648679515,0.0006254141117300943,0,13,50,True,True,validation_plateau,,,7033,,0.0,0.027666872992995195,1866a339beb4db79998e06b5bb2779c618396c18b1db7dac1f89c370d413f09f,1756,21,0,0.017620943288958173,0.0127992521684768,0.19291165886094483,0.37365920855156204,-0.027548228031240976,0.03443528503905123,True,0.0,,158.35534415300936,0.014510417381059444,0.00045631729856108853,0.014924349373713857,4.238530590667568e-05,0.014966734679620532,0.0,0.014924349373713857,4.238530590667568e-05
fold-000,posttraining/lstm/seed-43/real/mae,calibration,posttraining,posttraining,lstm,mae,43,True,median,reference/US-natural/search/lstm-00-s42,24391,21,0.014966734679620532,0.0006032764372284273,0.015162958648679515,0.0006254141117300943,0,13,50,True,True,validation_plateau,,,7033,,0.0,0.02711205999366939,1866a339beb4db79998e06b5bb2779c618396c18b1db7dac1f89c370d413f09f,1756,21,0,0.017620943288958173,0.0127992521684768,0.19291165886094483,0.37365920855156204,-0.027548228031240976,0.03443528503905123,True,0.0,,136.1665846949909,0.014510417381059444,0.00045631729856108853,0.014924349373713857,4.238530590667568e-05,0.014966734679620532,0.0,0.014924349373713857,4.238530590667568e-05
fold-000,posttraining/lstm/seed-43/real/neural_mae,calibration,posttraining,posttraining,lstm,neural_mae,43,True,median,reference/US-natural/search/lstm-00-s42,24391,21,0.014748877312000948,0.0005959194230001334,0.014930946822681186,0.0006177591976000487,13,21,50,False,True,validation_plateau,,,11361,,0.0,0.026788772011059336,8dc377bf22ea97c5f9f93c50e41ece6f06f29f0d2ae769908447c9c274c1b4b9,1756,21,0,0.024073109435303868,0.014538950785817538,0.12437413235075379,0.2399821785613425,-0.020661171023430736,0.013774114015620495,False,0.02020476758480072,,238.85461891599698,0.014510417381059444,0.00023845993094150433,0.014924349373713857,-0.00017547206171290852,0.014966734679620532,-0.0002178573676195842,0.01469236227517989,5.651503682105839e-05
fold-000,posttraining/lstm/seed-43/real/neural_mse,calibration,posttraining,posttraining,lstm,neural_mse,43,True,median,reference/US-natural/search/lstm-00-s42,24391,21,0.014616812424812916,0.0005910754496880854,0.014811324055715995,0.0006132850567406917,8,16,50,False,True,validation_plateau,,,8656,,0.0,0.02651447700918652,d14960dc9a62115a2b54f686e2621252e5e37eb6c7e98e5950b271e87108d558,1756,21,0,-0.005211771542576418,-0.008712425766533836,0.03894640355985738,0.07913242889342842,-0.027548228031240976,0.027548228031240976,False,0.021417103707790375,,178.6999750090181,0.014510417381059444,0.00010639504375347178,0.014924349373713857,-0.0003075369489009411,0.014966734679620532,-0.00034992225480761675,0.014621373893206687,-4.561468393771834e-06
fold-000,posttraining/lstm/seed-43/real/reinforce,calibration,posttraining,posttraining,lstm,reinforce,43,True,median,reference/US-natural/search/lstm-00-s42,24391,21,0.014966734679620532,0.0006032764372284273,0.015162958648679515,0.0006254141117300943,0,13,50,True,True,validation_plateau,,,7033,,0.0,0.028743547009071335,1866a339beb4db79998e06b5bb2779c618396c18b1db7dac1f89c370d413f09f,1756,21,0,0.017620943288958173,0.0127992521684768,0.19291165886094483,0.37365920855156204,-0.027548228031240976,0.03443528503905123,True,0.0,,143.6982746120193,0.014510417381059444,0.00045631729856108853,0.014924349373713857,4.238530590667568e-05,0.014966734679620532,0.0,0.014924349373713857,4.238530590667568e-05
fold-000,posttraining/lstm/seed-44/real/expected,calibration,posttraining,posttraining,lstm,expected,44,True,median,reference/US-natural/search/lstm-00-s42,24391,21,0.014966734679620532,0.0006032764372284273,0.015162958648679515,0.0006254141117300943,0,13,50,True,True,validation_plateau,,,7033,,0.0,0.029041496993158944,1866a339beb4db79998e06b5bb2779c618396c18b1db7dac1f89c370d413f09f,1756,21,0,0.017620943288958173,0.0127992521684768,0.19291165886094483,0.37365920855156204,-0.027548228031240976,0.03443528503905123,True,0.0,,129.42322551598772,0.014510417381059444,0.00045631729856108853,0.014924349373713857,4.238530590667568e-05,0.014966734679620532,0.0,0.014924349373713857,4.238530590667568e-05
fold-000,posttraining/lstm/seed-44/real/klpo_exact,calibration,posttraining,posttraining,lstm,klpo_exact,44,True,median,reference/US-natural/search/lstm-00-s42,24391,21,0.014966734679620532,0.0006032764372284273,0.015162958648679515,0.0006254141117300943,0,13,50,True,True,validation_plateau,,,7033,,0.0,0.02695891199982725,1866a339beb4db79998e06b5bb2779c618396c18b1db7dac1f89c370d413f09f,1756,21,0,0.017620943288958173,0.0127992521684768,0.19291165886094483,0.37365920855156204,-0.027548228031240976,0.03443528503905123,True,0.0,,155.72966809599893,0.014510417381059444,0.00045631729856108853,0.014924349373713857,4.238530590667568e-05,0.014966734679620532,0.0,0.014924349373713857,4.238530590667568e-05
fold-000,posttraining/lstm/seed-44/real/klpo_full,calibration,posttraining,posttraining,lstm,klpo_full,44,True,median,reference/US-natural/search/lstm-00-s42,24391,21,0.014966734679620532,0.0006032764372284273,0.015162958648679515,0.0006254141117300943,0,13,50,True,True,validation_plateau,,,7033,,0.0,0.028659278992563486,1866a339beb4db79998e06b5bb2779c618396c18b1db7dac1f89c370d413f09f,1756,21,0,0.017620943288958173,0.0127992521684768,0.19291165886094483,0.37365920855156204,-0.027548228031240976,0.03443528503905123,True,0.0,,145.5723575319862,0.014510417381059444,0.00045631729856108853,0.014924349373713857,4.238530590667568e-05,0.014966734679620532,0.0,0.014924349373713857,4.238530590667568e-05
fold-000,posttraining/lstm/seed-44/real/klpo_mc,calibration,posttraining,posttraining,lstm,klpo_mc,44,True,median,reference/US-natural/search/lstm-00-s42,24391,21,0.014966734679620532,0.0006032764372284273,0.015162958648679515,0.0006254141117300943,0,13,50,True,True,validation_plateau,,,7033,,0.0,0.027159930003108457,1866a339beb4db79998e06b5bb2779c618396c18b1db7dac1f89c370d413f09f,1756,21,0,0.017620943288958173,0.0127992521684768,0.19291165886094483,0.37365920855156204,-0.027548228031240976,0.03443528503905123,True,0.0,,145.02837331598857,0.014510417381059444,0.00045631729856108853,0.014924349373713857,4.238530590667568e-05,0.014966734679620532,0.0,0.014924349373713857,4.238530590667568e-05
fold-000,posttraining/lstm/seed-44/real/mae,calibration,posttraining,posttraining,lstm,mae,44,True,median,reference/US-natural/search/lstm-00-s42,24391,21,0.014966734679620532,0.0006032764372284273,0.015162958648679515,0.0006254141117300943,0,13,50,True,True,validation_plateau,,,7033,,0.0,0.027061606000643224,1866a339beb4db79998e06b5bb2779c618396c18b1db7dac1f89c370d413f09f,1756,21,0,0.017620943288958173,0.0127992521684768,0.19291165886094483,0.37365920855156204,-0.027548228031240976,0.03443528503905123,True,0.0,,137.50358702399535,0.014510417381059444,0.00045631729856108853,0.014924349373713857,4.238530590667568e-05,0.014966734679620532,0.0,0.014924349373713857,4.238530590667568e-05
fold-000,posttraining/lstm/seed-44/real/neural_mae,calibration,posttraining,posttraining,lstm,neural_mae,44,True,median,reference/US-natural/search/lstm-00-s42,24391,21,0.014754222793749428,0.0005966760909218852,0.014955882952062044,0.000618830075939557,9,17,50,False,True,validation_plateau,,,9197,,0.0,0.027116627999930643,dea4ab5384ab7c93b48b5ff987a406d655a7f4c740334cc3d489f7a8e48efc47,1756,21,0,-0.018307810290111734,-0.02153048558442347,0.08544997952683858,0.1723792332535396,-0.020661171023430736,0.027548228031240976,False,0.012502796947956085,,191.39073976199143,0.014510417381059444,0.00024380541268998433,0.014924349373713857,-0.00017012657996442852,0.014966734679620532,-0.0002125118858711042,0.014688194737640322,6.602805610910617e-05
fold-000,posttraining/lstm/seed-44/real/neural_mse,calibration,posttraining,posttraining,lstm,neural_mse,44,True,median,reference/US-natural/search/lstm-00-s42,24391,21,0.014884035826212005,0.0005952028089573597,0.015090737081021212,0.0006178726405914842,7,15,50,False,True,validation_plateau,,,8115,,0.0,0.027353252997272648,cec10b574f8be2b29e8da5e45b89fbce2d281dce4eb6dfd44f6d26751306f67c,1756,21,0,0.008064922542343375,0.010096769229016502,0.14885541686178633,0.2852412498764125,-0.020661171023430736,0.027548228031240976,False,0.020372986793518066,,171.86915782699361,0.014510417381059444,0.00037361844515256155,0.014924349373713857,-4.03135475018513e-05,0.014966734679620532,-8.269885340852698e-05,0.014739998342872165,0.00014403748333984
fold-000,posttraining/lstm/seed-44/real/reinforce,calibration,posttraining,posttraining,lstm,reinforce,44,True,median,reference/US-natural/search/lstm-00-s42,24391,21,0.014966734679620532,0.0006032764372284273,0.015162958648679515,0.0006254141117300943,0,13,50,True,True,validation_plateau,,,7033,,0.0,0.02713907099678181,1866a339beb4db79998e06b5bb2779c618396c18b1db7dac1f89c370d413f09f,1756,21,0,0.017620943288958173,0.0127992521684768,0.19291165886094483,0.37365920855156204,-0.027548228031240976,0.03443528503905123,True,0.0,,145.02026476099854,0.014510417381059444,0.00045631729856108853,0.014924349373713857,4.238530590667568e-05,0.014966734679620532,0.0,0.014924349373713857,4.238530590667568e-05
fold-000,posttraining/ridge/seed-42/real/expected,calibration,posttraining,posttraining,ridge,expected,42,True,median,tabular/ridge-a10.0,24391,21,0.03577402716949071,0.001778067307751973,0.0362014854751951,0.001820633323476038,15,23,50,False,True,validation_plateau,,,12443,,0.0,0.037296002003131434,004c4b1e5e3f1da07f5e72f82d6adb9514375d060ed1ce2a7938957501c9f1f5,1756,21,0,0.012034940845215725,0.017818263330659594,0.5080602220156499,0.9998832570525747,-0.0619835130702922,0.06198351307029219,False,0.03711737934295271,,240.90180529799545,0.014510417381059444,0.021263609788431267,0.0473616263492031,-0.011587599179712388,0.0455729492405113,-0.009798922071020587,0.03603031809146594,-0.00025629092197522463
fold-000,posttraining/ridge/seed-42/real/klpo_exact,calibration,posttraining,posttraining,ridge,klpo_exact,42,True,median,tabular/ridge-a10.0,24391,21,0.015630710084320622,0.0006292441553689894,0.01580976908166739,0.0006513698605849041,26,34,50,False,True,validation_plateau,,,18394,,0.0,0.02758390699455049,1a3372fc6f798f5acb6646ff09e9c36d930d75fdf444a5c8fddd5a45e0d8f39d,1756,21,0,0.005149221594290506,0.0005717884102690869,0.3176319615629272,0.6055421386179536,-0.04132234204686147,0.03443528503905123,False,0.11623925541145212,,373.5545176350279,0.014510417381059444,0.0011202927032611786,0.0473616263492031,-0.031730916264882475,0.0455729492405113,-0.029942239156190677,0.015515229654976904,0.00011548042934371797
fold-000,posttraining/ridge/seed-42/real/klpo_full,calibration,posttraining,posttraining,ridge,klpo_full,42,True,median,tabular/ridge-a10.0,24391,21,0.017962353725970687,0.0007217189645182099,0.018335490700954485,0.0007506092730480877,50,50,50,False,False,budget_exhausted,,,27050,,0.0,0.02785763199790381,caa395b2c4470348c30470fc2dac3ef42c049e6a9b61acd0832c1e7f6ab6e719,1756,21,0,0.004863520825951292,0.005767169839136128,0.39585242263799425,0.7719067812447921,-0.05509645606248196,0.04132234204686147,False,0.14191112423709987,,566.9636909739929,0.014510417381059444,0.003451936344911243,0.0473616263492031,-0.029399272623232414,0.0455729492405113,-0.027610595514540613,0.01788733706257111,7.501666339957552e-05
fold-000,posttraining/ridge/seed-42/real/klpo_mc,calibration,posttraining,posttraining,ridge,klpo_mc,42,True,median,tabular/ridge-a10.0,24391,21,0.018069903619822924,0.0007324791183669841,0.018440559291909027,0.0007605176908459238,48,50,50,False,False,budget_exhausted,,,27050,,0.0,0.027654639998218045,a09e6ecf8cde6237d833fd5bf9ffe1ae181da12ef8a36a13bcec380f751f940d,1756,21,0,0.006020866559383235,0.002243031037592535,0.4056690472957313,0.7973487114687172,-0.05509645606248196,0.03443528503905123,False,0.1353181028560677,,575.6846857619821,0.014510417381059444,0.00355948623876348,0.0473616263492031,-0.029291722729380177,0.0455729492405113,-0.027503045620688376,0.017994347307083453,7.555631273947067e-05
fold-000,posttraining/ridge/seed-42/real/mae,calibration,posttraining,posttraining,ridge,mae,42,True,median,tabular/ridge-a10.0,24391,21,0.03320120780913688,0.001583279459430255,0.03357105108796276,0.0016201890899170586,15,23,50,False,True,validation_plateau,,,12443,,0.0,0.028095289002521895,4a28d1b102dba5aba9e8ec1934e68ba81a7f157730b0be1bc1b868f9bff471e0,1756,21,0,0.007009636673940727,0.01655046485716421,0.5080602220156499,0.9998832570525747,-0.05509645606248196,0.06198351307029219,False,0.04387842510423912,,235.86585355497664,0.014510417381059444,0.018690790428077433,0.0473616263492031,-0.014160418540066222,0.0455729492405113,-0.012371741431374421,0.03332577424739902,-0.00012456643826214142
fold-000,posttraining/ridge/seed-42/real/reinforce,calibration,posttraining,posttraining,ridge,reinforce,42,True,median,tabular/ridge-a10.0,24391,21,0.03623182772814476,0.0018252263685693449,0.03677382464043377,0.0018765288049891735,17,25,50,False,True,validation_plateau,,,13525,,0.0,0.027608151998720132,c28be6c8161de651bc52334425794d9f110f5d4401cfe083a23ceb42392b9481,1756,21,0,0.01363321259378959,0.020281283702843083,0.5080602220156499,0.9999207461994407,-0.0619835130702922,0.06198351307029219,False,0.03781824694831933,,275.0686278680223,0.014510417381059444,0.021721410347085315,0.0473616263492031,-0.01112979862105834,0.0455729492405113,-0.009341121512366539,0.0364988371722482,-0.00026700944410344013
fold-000,posttraining/ridge/seed-43/real/expected,calibration,posttraining,posttraining,ridge,expected,43,True,median,tabular/ridge-a10.0,24391,21,0.036064155867884154,0.0017904099066423933,0.03641520397039988,0.0018278307757564707,28,36,50,False,True,validation_plateau,,,19476,,0.0,0.027140133010107093,c24179e9cf51def520929e7f68155be8c1c5c45c38fc1712c789076a5cf740a0,1756,21,0,0.008360406634996456,0.010860033925177282,0.5080602220156499,0.9999207461994407,-0.06887057007810245,0.055096456062481966,False,0.04566168215374838,,391.70617971901083,0.014510417381059444,0.02155373848682471,0.0473616263492031,-0.011297470481318947,0.0455729492405113,-0.009508793372627146,0.036342395659313964,-0.00027823979142981015
fold-000,posttraining/ridge/seed-43/real/klpo_exact,calibration,posttraining,posttraining,ridge,klpo_exact,43,True,median,tabular/ridge-a10.0,24391,21,0.015675120086701726,0.0006326367774978213,0.015882302139935012,0.0006555861746501734,24,32,50,False,True,validation_plateau,,,17312,,0.0,0.02692741301143542,6efbb59f8369438814551a11e0a77ad5c5fe8a94f3b0523d011bb21f0952d7c5,1756,21,0,0.006280796925222026,9.380886128080684e-05,0.3223519051846232,0.622340999878052,-0.04820939905467171,0.03443528503905123,False,0.11900346168311125,,353.4528747239965,0.014510417381059444,0.0011647027056422826,0.0473616263492031,-0.03168650626250137,0.0455729492405113,-0.029897829153809573,0.015550441567919557,0.0001246785187821696
fold-000,posttraining/ridge/seed-43/real/klpo_full,calibration,posttraining,posttraining,ridge,klpo_full,43,True,median,tabular/ridge-a10.0,24391,21,0.016508003516268847,0.0006685869023885047,0.016718176848011652,0.000690975695807276,50,50,50,False,False,budget_exhausted,,,27050,,0.0,0.027706848006346263,2dadb9426b1757e161fbb787a0e291af83539af21911e8846d0e11100d97471a,1756,21,0,0.0007239042221792353,-0.0032877250143198084,0.3616676568946647,0.7068341104455812,-0.05509645606248196,0.03443528503905123,False,0.11896246178160856,,557.6093182510231,0.014510417381059444,0.0019975861352094035,0.0473616263492031,-0.030853622832934254,0.0455729492405113,-0.029064945724242452,0.016382759408853323,0.00012524410741552444
fold-000,posttraining/ridge/seed-43/real/klpo_mc,calibration,posttraining,posttraining,ridge,klpo_mc,43,True,median,tabular/ridge-a10.0,24391,21,0.01655460387488796,0.000669741909186437,0.016763499141242443,0.0006919854879265688,50,50,50,False,False,budget_exhausted,,,27050,,0.0,0.027806847007013857,1eb29e54840476412257b4953f33aa374d2f40b5bed4e65ac020c7cb38c46762,1756,21,0,0.0021119022963454197,-0.0004798094070874952,0.3647082137531027,0.7122519735386261,-0.05509645606248196,0.03443528503905123,False,0.11996707146905497,,561.7567958619911,0.014510417381059444,0.0020441864938285145,0.0473616263492031,-0.030807022474315143,0.0455729492405113,-0.02901834536562334,0.01644903860116325,0.000105565273724708
fold-000,posttraining/ridge/seed-43/real/mae,calibration,posttraining,posttraining,ridge,mae,43,True,median,tabular/ridge-a10.0,24391,21,0.03341968335783202,0.001595329486754575,0.033786991042532535,0.0016322881421217462,28,36,50,False,True,validation_plateau,,,19476,,0.0,0.027141215003211983,26a8d9a7279596a6c7e70768446eedc9c1d82fd7ff6a90c53dd78d35ed8dab63,1756,21,0,0.01144634670362126,0.009567173156135691,0.5080602220156499,0.9998323005647765,-0.06887057007810245,0.055096456062481966,False,0.04793183201838633,,361.88197442598175,0.014510417381059444,0.018909265976772574,0.0473616263492031,-0.013941942991371081,0.0455729492405113,-0.01215326588267928,0.03350403491517268,-8.435155734066307e-05
fold-000,posttraining/ridge/seed-43/real/reinforce,calibration,posttraining,posttraining,ridge,reinforce,43,True,median,tabular/ridge-a10.0,24391,21,0.035929959175277124,0.0018150766287848136,0.03659890416535554,0.0018750298903335973,33,41,50,False,True,validation_plateau,,,22181,,0.0,0.02763171700644307,9b91474e5deda488042fa8e49c8ff2cededc82384a0de78114730bc7092016ac,1756,21,0,0.008452167206840597,0.01187796450400308,0.5080943820211156,0.9999549062049062,-0.0619835130702922,0.06198351307029219,False,0.036443459282655584,,449.9277916739811,0.014510417381059444,0.021419541794217678,0.0473616263492031,-0.011431667173925977,0.0455729492405113,-0.009642990065234176,0.03628261920908248,-0.000352660033805359
fold-000,posttraining/ridge/seed-44/real/expected,calibration,posttraining,posttraining,ridge,expected,44,True,median,tabular/ridge-a10.0,24391,21,0.035766149664984766,0.0017841554187578792,0.03630892220801751,0.0018347327865971287,28,36,50,False,True,validation_plateau,,,19476,,0.0,0.027676290992530994,a05facf139baaa4ea783cde05b129ae779317cf48bd9efb2670d4d16f63da8a0,1756,21,0,0.008486203049887906,0.013050627051960296,0.5080602220156499,0.9999207461994407,-0.0619835130702922,0.06198351307029219,False,0.03269171516470317,,376.0803294409998,0.014510417381059444,0.02125573228392532,0.0473616263492031,-0.011595476684218335,0.0455729492405113,-0.009806799575526534,0.036050069162379864,-0.00028391949739509786
fold-000,posttraining/ridge/seed-44/real/klpo_exact,calibration,posttraining,posttraining,ridge,klpo_exact,44,True,median,tabular/ridge-a10.0,24391,21,0.015879277269739887,0.0006367501392587437,0.016095976902579787,0.0006601569855366115,24,32,50,False,True,validation_plateau,,,17312,,0.0,0.027336541999829933,796fa80936d4ed1635f5de233f903e9b2607fa1b3f5fe878fb9786daea47d4db,1756,21,0,0.014437191263950357,0.007911111187389247,0.3468664432220724,0.6672216085644842,-0.04132234204686147,0.03443528503905123,False,0.11483226955184059,,352.95512938598404,0.014510417381059444,0.0013688598886804435,0.0473616263492031,-0.031482349079463214,0.0455729492405113,-0.029693671970771413,0.015798720485005704,8.055678473418287e-05
fold-000,posttraining/ridge/seed-44/real/klpo_full,calibration,posttraining,posttraining,ridge,klpo_full,44,True,median,tabular/ridge-a10.0,24391,21,0.016522082768850643,0.0006625460110549179,0.01677188029590421,0.0006869875840638548,49,50,50,False,False,budget_exhausted,,,27050,,0.0,0.026996232991223224,9fd8bce72b9a6dcfddbc4fedbc701a712ca74c6ee7148dad6f7026e5a9454cf3,1756,21,0,0.005950767275095224,0.0011908170710494448,0.36842585828686675,0.7196573101036503,-0.04132234204686147,0.03443528503905123,False,0.11766706305910853,,539.7155288020149,0.014510417381059444,0.0020116653877911995,0.0473616263492031,-0.030839543580352458,0.0455729492405113,-0.029050866471660657,0.016421172727829187,0.00010091004102145626
fold-000,posttraining/ridge/seed-44/real/klpo_mc,calibration,posttraining,posttraining,ridge,klpo_mc,44,True,median,tabular/ridge-a10.0,24391,21,0.016572368136172987,0.0006643635612614266,0.01682520444038624,0.0006888701705514219,49,50,50,False,False,budget_exhausted,,,27050,,0.0,0.02741427799628582,6050701ded88a9cb8260021a8d73e0e0e54147c09da2b3d59c8918528a95f09f,1756,21,0,0.003816770233790572,-0.0008947897267527523,0.3691872158723711,0.7225622287194273,-0.04132234204686147,0.03443528503905123,False,0.11457856051237778,,574.6044004650321,0.014510417381059444,0.0020619507551135428,0.0473616263492031,-0.030789258213030114,0.0455729492405113,-0.029000581104338313,0.01645045296817105,0.0001219151680019355
fold-000,posttraining/ridge/seed-44/real/mae,calibration,posttraining,posttraining,ridge,mae,44,True,median,tabular/ridge-a10.0,24391,21,0.03267499024870737,0.0015597026489302145,0.03321467684347349,0.0016077946195932886,35,43,50,False,True,validation_plateau,,,23263,,0.0,0.027725494001060724,9e5fe356ae6e99f07353144e9d26933bc9742f13d84b3e974393050e8420eaa8,1756,21,0,0.012127625411449202,0.012699134910612572,0.5079742913729965,0.9996571743080312,-0.05509645606248196,0.06198351307029219,False,0.03935984035190128,,440.85564316698583,0.014510417381059444,0.018164572867647923,0.0473616263492031,-0.014686636100495733,0.0455729492405113,-0.012897958991803932,0.032815052620899995,-0.00014006237219262724
fold-000,posttraining/ridge/seed-44/real/reinforce,calibration,posttraining,posttraining,ridge,reinforce,44,True,median,tabular/ridge-a10.0,24391,21,0.035307491461344896,0.001794643739795822,0.036157577064737746,0.0018671566004981037,33,41,50,False,True,validation_plateau,,,22181,,0.0,0.027251842999248765,ac2f224ec31a75baa5468d9bf4235bddfebebd7520f28ae63ea9cc71f0b83924,1756,21,0,0.015037477462716923,0.018772198127154593,0.5079656297887047,0.9995153166047162,-0.0619835130702922,0.06198351307029219,False,0.03939852230166088,,446.9053884659661,0.014510417381059444,0.02079707408028545,0.0473616263492031,-0.012054134887858205,0.0455729492405113,-0.010265457779166404,0.03571480224550229,-0.0004073107841573928
fold-000,posttraining/rnn/seed-42/real/expected,calibration,posttraining,posttraining,rnn,expected,42,True,median,reference/US-natural/search/rnn-00-s42,24391,21,0.015378934176263551,0.0006198632177003211,0.01553253077574264,0.0006405507118846694,10,18,50,False,True,validation_plateau,,,9738,,0.0,0.03722004000155721,4349cef3aca8d9a735a37e20e80b5c642ca369761f407861b97751edd23c575d,1756,21,0,-1.8026067497473427e-05,0.0037117367398898232,0.2700126767455824,0.5278374276400386,-0.04132234204686147,0.027548228031240976,False,0.02672888736584407,,191.30814585398184,0.014510417381059444,0.0008685167952041072,0.014953724412991672,0.00042520976327187904,0.015072026426912669,0.00030690774935088205,0.015257964258496863,0.00012096991776668758
fold-000,posttraining/rnn/seed-42/real/klpo_exact,calibration,posttraining,posttraining,rnn,klpo_exact,42,True,median,reference/US-natural/search/rnn-00-s42,24391,21,0.015072026426912669,0.0006064053205393486,0.015257821713069155,0.0006282886119960241,0,13,50,True,True,validation_plateau,,,7033,,0.0,0.027754057009587996,7ce34df3052e7c595181df162ac29a0699e73621f7f360d859f22713d9933cee,1756,21,0,0.001233253285933597,-0.0014713459515977559,0.20590187209602395,0.4061527257918933,-0.027548228031240976,0.020661171023430736,True,0.0,,156.907971483015,0.014510417381059444,0.0005616090458532251,0.014953724412991672,0.00011830201392099698,0.015072026426912669,0.0,0.014953724412991672,0.00011830201392099698
fold-000,posttraining/rnn/seed-42/real/klpo_full,calibration,posttraining,posttraining,rnn,klpo_full,42,True,median,reference/US-natural/search/rnn-00-s42,24391,21,0.015072026426912669,0.0006064053205393486,0.015257821713069155,0.0006282886119960241,0,13,50,True,True,validation_plateau,,,7033,,0.0,0.02691450899874326,7ce34df3052e7c595181df162ac29a0699e73621f7f360d859f22713d9933cee,1756,21,0,0.001233253285933597,-0.0014713459515977559,0.20590187209602395,0.4061527257918933,-0.027548228031240976,0.020661171023430736,True,0.0,,152.0514079760178,0.014510417381059444,0.0005616090458532251,0.014953724412991672,0.00011830201392099698,0.015072026426912669,0.0,0.014953724412991672,0.00011830201392099698
fold-000,posttraining/rnn/seed-42/real/klpo_mc,calibration,posttraining,posttraining,rnn,klpo_mc,42,True,median,reference/US-natural/search/rnn-00-s42,24391,21,0.015072026426912669,0.0006064053205393486,0.015257821713069155,0.0006282886119960241,0,13,50,True,True,validation_plateau,,,7033,,0.0,0.026572856993880123,7ce34df3052e7c595181df162ac29a0699e73621f7f360d859f22713d9933cee,1756,21,0,0.001233253285933597,-0.0014713459515977559,0.20590187209602395,0.4061527257918933,-0.027548228031240976,0.020661171023430736,True,0.0,,152.75693070102716,0.014510417381059444,0.0005616090458532251,0.014953724412991672,0.00011830201392099698,0.015072026426912669,0.0,0.014953724412991672,0.00011830201392099698
fold-000,posttraining/rnn/seed-42/real/mae,calibration,posttraining,posttraining,rnn,mae,42,True,median,reference/US-natural/search/rnn-00-s42,24391,21,0.015350773057878494,0.0006186924376753418,0.015504251328594107,0.000639219811707135,10,18,50,False,True,validation_plateau,,,9738,,0.0,0.028340869990643114,0cd0f05d730bc6407426a53a940f7d97a8ff4fae56a2d85056e66a853c4b9897,1756,21,0,-0.004564485345520219,0.0023177965924871115,0.2673056363551864,0.5222076866443384,-0.034435285039051224,0.020661171023430736,False,0.027484199716053235,,199.84615060203942,0.014510417381059444,0.0008403556768190497,0.014953724412991672,0.00039704864488682157,0.015072026426912669,0.0002787466309658246,0.01520444212914203,0.0001463309287364628
fold-000,posttraining/rnn/seed-42/real/neural_mae,calibration,posttraining,posttraining,rnn,neural_mae,42,True,median,reference/US-natural/search/rnn-00-s42,24391,21,0.015066038596667457,0.0006042603563279149,0.015252489457306976,0.000625911966075956,7,15,50,False,True,validation_plateau,,,8115,,0.0,0.027113844000268728,0e263df4c55f7a89d2af796c8e636b8e1d542cd6809e41fe44e36480c93473c9,1756,21,0,-0.026945514043867195,-0.01020766970442658,0.17842842136814202,0.3625127098894943,-0.020661171023430736,0.020661171023430736,False,0.017109666019678116,,177.00537738297135,0.014510417381059444,0.0005556212156080133,0.014953724412991672,0.00011231418367578516,0.015072026426912669,-5.987830245211823e-06,0.014932009044862308,0.00013402955180514924
fold-000,posttraining/rnn/seed-42/real/neural_mse,calibration,posttraining,posttraining,rnn,neural_mse,42,True,median,reference/US-natural/search/rnn-00-s42,24391,21,0.015072026426912669,0.0006064053205393486,0.015257821713069155,0.0006282886119960241,0,13,50,True,True,validation_plateau,,,7033,,0.0,0.026786148009705357,7ce34df3052e7c595181df162ac29a0699e73621f7f360d859f22713d9933cee,1756,21,0,0.001233253285933597,-0.0014713459515977559,0.20590187209602395,0.4061527257918933,-0.027548228031240976,0.020661171023430736,True,0.0,,147.5722454560455,0.014510417381059444,0.0005616090458532251,0.014953724412991672,0.00011830201392099698,0.015072026426912669,0.0,0.014953724412991672,0.00011830201392099698
fold-000,posttraining/rnn/seed-42/real/reinforce,calibration,posttraining,posttraining,rnn,reinforce,42,True,median,reference/US-natural/search/rnn-00-s42,24391,21,0.015071296939067716,0.0006063012255357392,0.015259712449264764,0.0006282263013443757,1,13,50,False,True,validation_plateau,,,7033,,0.0,0.028567294997628778,189a3e6d257b49976282580399cbf862f03cc4ffa4fae3218f0cfaa79b5c7f32,1756,21,0,0.0034000605930445105,0.003453996987422305,0.22694299845199875,0.43565072220416007,-0.027548228031240976,0.020661171023430736,False,0.012746584786233695,,159.604203489027,0.014510417381059444,0.0005608795580082718,0.014953724412991672,0.00011757252607604365,0.015072026426912669,-7.294878449533304e-07,0.014972878071677473,9.841886739024239e-05
fold-000,posttraining/rnn/seed-43/real/expected,calibration,posttraining,posttraining,rnn,expected,43,True,median,reference/US-natural/search/rnn-00-s42,24391,21,0.015153934500743501,0.0006117569759572894,0.015326428244815393,0.0006331818859995681,5,13,50,False,True,validation_plateau,,,7033,,0.0,0.027423124003689736,8cebfa0748ad789288155b17c012965bae3bfec07fd7847a85d2fe2351b8581c,1756,21,0,-0.0040887506988698434,-0.0036372140771076555,0.23518512711752196,0.4537543886186653,-0.034435285039051224,0.027548228031240976,False,0.024509439531455665,,151.49952655902598,0.014510417381059444,0.0006435171196840575,0.014953724412991672,0.00020021008775182939,0.015072026426912669,8.19080738308324e-05,0.015067055554131927,8.687894661157415e-05
fold-000,posttraining/rnn/seed-43/real/klpo_exact,calibration,posttraining,posttraining,rnn,klpo_exact,43,True,median,reference/US-natural/search/rnn-00-s42,24391,21,0.015072026426912669,0.0006064053205393486,0.015257821713069155,0.0006282886119960241,0,13,50,True,True,validation_plateau,,,7033,,0.0,0.027498966999701224,7ce34df3052e7c595181df162ac29a0699e73621f7f360d859f22713d9933cee,1756,21,0,0.001233253285933597,-0.0014713459515977559,0.20590187209602395,0.4061527257918933,-0.027548228031240976,0.020661171023430736,True,0.0,,146.56805978697957,0.014510417381059444,0.0005616090458532251,0.014953724412991672,0.00011830201392099698,0.015072026426912669,0.0,0.014953724412991672,0.00011830201392099698
fold-000,posttraining/rnn/seed-43/real/klpo_full,calibration,posttraining,posttraining,rnn,klpo_full,43,True,median,reference/US-natural/search/rnn-00-s42,24391,21,0.015072026426912669,0.0006064053205393486,0.015257821713069155,0.0006282886119960241,0,13,50,True,True,validation_plateau,,,7033,,0.0,0.026952940999763086,7ce34df3052e7c595181df162ac29a0699e73621f7f360d859f22713d9933cee,1756,21,0,0.001233253285933597,-0.0014713459515977559,0.20590187209602395,0.4061527257918933,-0.027548228031240976,0.020661171023430736,True,0.0,,163.94283994997386,0.014510417381059444,0.0005616090458532251,0.014953724412991672,0.00011830201392099698,0.015072026426912669,0.0,0.014953724412991672,0.00011830201392099698
fold-000,posttraining/rnn/seed-43/real/klpo_mc,calibration,posttraining,posttraining,rnn,klpo_mc,43,True,median,reference/US-natural/search/rnn-00-s42,24391,21,0.015072026426912669,0.0006064053205393486,0.015257821713069155,0.0006282886119960241,0,13,50,True,True,validation_plateau,,,7033,,0.0,0.026982857001712546,7ce34df3052e7c595181df162ac29a0699e73621f7f360d859f22713d9933cee,1756,21,0,0.001233253285933597,-0.0014713459515977559,0.20590187209602395,0.4061527257918933,-0.027548228031240976,0.020661171023430736,True,0.0,,158.29317821701989,0.014510417381059444,0.0005616090458532251,0.014953724412991672,0.00011830201392099698,0.015072026426912669,0.0,0.014953724412991672,0.00011830201392099698
fold-000,posttraining/rnn/seed-43/real/mae,calibration,posttraining,posttraining,rnn,mae,43,True,median,reference/US-natural/search/rnn-00-s42,24391,21,0.015085605088957529,0.0006089283682741488,0.01526757887739395,0.000630442058854029,5,13,50,False,True,validation_plateau,,,7033,,0.0,0.027034425002057105,c8869b8921bb817a517c49bb321d1cfd74539b4c485408f20e14118a77cf2ef6,1756,21,0,-0.005733552003439915,-0.005724329843018721,0.2203413166002346,0.4225636832178977,-0.027548228031240976,0.027548228031240976,False,0.018484059580877246,,140.3351665250375,0.014510417381059444,0.0005751877078980852,0.014953724412991672,0.0001318806759658571,0.015072026426912669,1.3578662044860107e-05,0.015014931510479335,7.067357847819443e-05
fold-000,posttraining/rnn/seed-43/real/neural_mae,calibration,posttraining,posttraining,rnn,neural_mae,43,True,median,reference/US-natural/search/rnn-00-s42,24391,21,0.015072026426912669,0.0006064053205393486,0.015257821713069155,0.0006282886119960241,0,13,50,True,True,validation_plateau,,,7033,,0.0,0.026984271011315286,7ce34df3052e7c595181df162ac29a0699e73621f7f360d859f22713d9933cee,1756,21,0,0.001233253285933597,-0.0014713459515977559,0.20590187209602395,0.4061527257918933,-0.027548228031240976,0.020661171023430736,True,0.0,,142.5783719960018,0.014510417381059444,0.0005616090458532251,0.014953724412991672,0.00011830201392099698,0.015072026426912669,0.0,0.014953724412991672,0.00011830201392099698
fold-000,posttraining/rnn/seed-43/real/neural_mse,calibration,posttraining,posttraining,rnn,neural_mse,43,True,median,reference/US-natural/search/rnn-00-s42,24391,21,0.01477652169430542,0.0005970511891209122,0.014976682370518687,0.0006192753399441827,11,19,50,False,True,validation_plateau,,,10279,,0.0,0.026992765997420065,5bc62dcb7ff1ed509d3b0e3777cf2bcd774dfe8e864aaf66e20be7c5cfd5f80d,1756,21,0,-0.004013125692996451,-0.00238373233881182,0.08102448362529516,0.17111250694880054,-0.027548228031240976,0.013774114015620495,False,0.017125260084867477,,233.69095165701583,0.014510417381059444,0.0002661043132459757,0.014953724412991672,-0.00017720271868625244,0.015072026426912669,-0.0002955047326072494,0.014777439503332738,-9.178090273186806e-07
fold-000,posttraining/rnn/seed-43/real/reinforce,calibration,posttraining,posttraining,rnn,reinforce,43,True,median,reference/US-natural/search/rnn-00-s42,24391,21,0.015072026426912669,0.0006064053205393486,0.015257821713069155,0.0006282886119960241,0,13,50,True,True,validation_plateau,,,7033,,0.0,0.028251972995349206,7ce34df3052e7c595181df162ac29a0699e73621f7f360d859f22713d9933cee,1756,21,0,0.001233253285933597,-0.0014713459515977559,0.20590187209602395,0.4061527257918933,-0.027548228031240976,0.020661171023430736,True,0.0,,152.94415215897607,0.014510417381059444,0.0005616090458532251,0.014953724412991672,0.00011830201392099698,0.015072026426912669,0.0,0.014953724412991672,0.00011830201392099698
fold-000,posttraining/rnn/seed-44/real/expected,calibration,posttraining,posttraining,rnn,expected,44,True,median,reference/US-natural/search/rnn-00-s42,24391,21,0.01534016663642436,0.0006231936828865095,0.015504071099460132,0.0006444345821077469,10,18,50,False,True,validation_plateau,,,9738,,0.0,0.035622186012915336,8807fd0a1ae60bfda5c193ddcb49998070bdcb7ae00aabd9092ccc9f6eb18e9b,1756,21,0,-0.004855731080149811,-0.004106014479256801,0.2539948113462335,0.5066336084703642,-0.04820939905467171,0.020661171023430736,False,0.03812667194382706,,206.41638733597938,0.014510417381059444,0.0008297492553649161,0.014953724412991672,0.000386442223432688,0.015072026426912669,0.00026814020951169103,0.015212720351353796,0.00012744628507056419
fold-000,posttraining/rnn/seed-44/real/klpo_exact,calibration,posttraining,posttraining,rnn,klpo_exact,44,True,median,reference/US-natural/search/rnn-00-s42,24391,21,0.015072026426912669,0.0006064053205393486,0.015257821713069155,0.0006282886119960241,0,13,50,True,True,validation_plateau,,,7033,,0.0,0.02751326499856077,7ce34df3052e7c595181df162ac29a0699e73621f7f360d859f22713d9933cee,1756,21,0,0.001233253285933597,-0.0014713459515977559,0.20590187209602395,0.4061527257918933,-0.027548228031240976,0.020661171023430736,True,0.0,,152.47674256499158,0.014510417381059444,0.0005616090458532251,0.014953724412991672,0.00011830201392099698,0.015072026426912669,0.0,0.014953724412991672,0.00011830201392099698
fold-000,posttraining/rnn/seed-44/real/klpo_full,calibration,posttraining,posttraining,rnn,klpo_full,44,True,median,reference/US-natural/search/rnn-00-s42,24391,21,0.015072026426912669,0.0006064053205393486,0.015257821713069155,0.0006282886119960241,0,13,50,True,True,validation_plateau,,,7033,,0.0,0.026593736009090208,7ce34df3052e7c595181df162ac29a0699e73621f7f360d859f22713d9933cee,1756,21,0,0.001233253285933597,-0.0014713459515977559,0.20590187209602395,0.4061527257918933,-0.027548228031240976,0.020661171023430736,True,0.0,,152.89947703201324,0.014510417381059444,0.0005616090458532251,0.014953724412991672,0.00011830201392099698,0.015072026426912669,0.0,0.014953724412991672,0.00011830201392099698
fold-000,posttraining/rnn/seed-44/real/klpo_mc,calibration,posttraining,posttraining,rnn,klpo_mc,44,True,median,reference/US-natural/search/rnn-00-s42,24391,21,0.015072026426912669,0.0006064053205393486,0.015257821713069155,0.0006282886119960241,0,13,50,True,True,validation_plateau,,,7033,,0.0,0.027539613991393708,7ce34df3052e7c595181df162ac29a0699e73621f7f360d859f22713d9933cee,1756,21,0,0.001233253285933597,-0.0014713459515977559,0.20590187209602395,0.4061527257918933,-0.027548228031240976,0.020661171023430736,True,0.0,,155.5753024839796,0.014510417381059444,0.0005616090458532251,0.014953724412991672,0.00011830201392099698,0.015072026426912669,0.0,0.014953724412991672,0.00011830201392099698
fold-000,posttraining/rnn/seed-44/real/mae,calibration,posttraining,posttraining,rnn,mae,44,True,median,reference/US-natural/search/rnn-00-s42,24391,21,0.015119964472997053,0.0006110177704568353,0.015287842570965349,0.0006321611478728703,4,13,50,False,True,validation_plateau,,,7033,,0.0,0.02762647699273657,03723c6344bca4cb14a228d0861613511f063186ae55300c1e323044a906098d,1756,21,0,-0.004019647018457852,-0.005551405392982444,0.22366297657765907,0.440900103659731,-0.04132234204686147,0.020661171023430736,False,0.027037352138994816,,149.00747832102934,0.014510417381059444,0.0006095470919376088,0.014953724412991672,0.00016624006000538066,0.015072026426912669,4.793804608438368e-05,0.01502233208217393,9.76323908231224e-05
fold-000,posttraining/rnn/seed-44/real/neural_mae,calibration,posttraining,posttraining,rnn,neural_mae,44,True,median,reference/US-natural/search/rnn-00-s42,24391,21,0.01483028992932853,0.0005969117287501592,0.015024013785472063,0.0006188899128829765,14,22,50,False,True,validation_plateau,,,11902,,0.0,0.02676667099876795,1ea094ba66808d1c4bc8506ea7b0957293268d2947239df450971c9e7e14f786,1756,21,0,-0.012238154202636627,0.0016434079481546608,0.12090637382547803,0.2422872822842006,-0.027548228031240976,0.020661171023430736,False,0.018783066421747208,,264.0068624850246,0.014510417381059444,0.00031987254826908694,0.014953724412991672,-0.00012343448366314118,0.015072026426912669,-0.00024173649758413816,0.014725218935856503,0.00010507099347202738
fold-000,posttraining/rnn/seed-44/real/neural_mse,calibration,posttraining,posttraining,rnn,neural_mse,44,True,median,reference/US-natural/search/rnn-00-s42,24391,21,0.015072026426912669,0.0006064053205393486,0.015257821713069155,0.0006282886119960241,0,13,50,True,True,validation_plateau,,,7033,,0.0,0.0275221609917935,7ce34df3052e7c595181df162ac29a0699e73621f7f360d859f22713d9933cee,1756,21,0,0.001233253285933597,-0.0014713459515977559,0.20590187209602395,0.4061527257918933,-0.027548228031240976,0.020661171023430736,True,0.0,,148.2001311989734,0.014510417381059444,0.0005616090458532251,0.014953724412991672,0.00011830201392099698,0.015072026426912669,0.0,0.014953724412991672,0.00011830201392099698
fold-000,posttraining/rnn/seed-44/real/reinforce,calibration,posttraining,posttraining,rnn,reinforce,44,True,median,reference/US-natural/search/rnn-00-s42,24391,21,0.015072026426912669,0.0006064053205393486,0.015257821713069155,0.0006282886119960241,0,13,50,True,True,validation_plateau,,,7033,,0.0,0.027079177991254255,7ce34df3052e7c595181df162ac29a0699e73621f7f360d859f22713d9933cee,1756,21,0,0.001233253285933597,-0.0014713459515977559,0.20590187209602395,0.4061527257918933,-0.027548228031240976,0.020661171023430736,True,0.0,,157.0358244329691,0.014510417381059444,0.0005616090458532251,0.014953724412991672,0.00011830201392099698,0.015072026426912669,0.0,0.014953724412991672,0.00011830201392099698
fold-000,posttraining/xgboost/seed-42/real/expected,calibration,posttraining,posttraining,xgboost,expected,42,True,median,tabular/xgb-d3-b64-lr0.03-s42,24391,21,0.014510417381059444,0.0005855726292179424,0.014703781581143226,0.0006076211309278647,0,13,50,True,True,validation_plateau,,,7033,,0.0,0.029969441005960107,2313a65b1ce9969da2f9160bb691992b9b66d31e506c96e1223c5ccdf60642d9,1756,0,21,,,0.0,0.0,0.0,0.0,True,0.0,,135.22681761998683,0.014510417381059444,0.0,0.014622165837724445,-0.00011174845666500101,0.014510417381059444,0.0,0.014622165837724445,-0.00011174845666500101
fold-000,posttraining/xgboost/seed-42/real/klpo_exact,calibration,posttraining,posttraining,xgboost,klpo_exact,42,True,median,tabular/xgb-d3-b64-lr0.03-s42,24391,21,0.014510417381059444,0.0005855726292179424,0.014703781581143226,0.0006076211309278647,0,13,50,True,True,validation_plateau,,,7033,,0.0,0.02040147699881345,2313a65b1ce9969da2f9160bb691992b9b66d31e506c96e1223c5ccdf60642d9,1756,0,21,,,0.0,0.0,0.0,0.0,True,0.0,,141.41513929702342,0.014510417381059444,0.0,0.014622165837724445,-0.00011174845666500101,0.014510417381059444,0.0,0.014622165837724445,-0.00011174845666500101
fold-000,posttraining/xgboost/seed-42/real/klpo_full,calibration,posttraining,posttraining,xgboost,klpo_full,42,True,median,tabular/xgb-d3-b64-lr0.03-s42,24391,21,0.014510417381059444,0.0005855726292179424,0.014703781581143226,0.0006076211309278647,0,13,50,True,True,validation_plateau,,,7033,,0.0,0.020866350998403504,2313a65b1ce9969da2f9160bb691992b9b66d31e506c96e1223c5ccdf60642d9,1756,0,21,,,0.0,0.0,0.0,0.0,True,0.0,,150.75723538099555,0.014510417381059444,0.0,0.014622165837724445,-0.00011174845666500101,0.014510417381059444,0.0,0.014622165837724445,-0.00011174845666500101
fold-000,posttraining/xgboost/seed-42/real/klpo_mc,calibration,posttraining,posttraining,xgboost,klpo_mc,42,True,median,tabular/xgb-d3-b64-lr0.03-s42,24391,21,0.014510417381059444,0.0005855726292179424,0.014703781581143226,0.0006076211309278647,0,13,50,True,True,validation_plateau,,,7033,,0.0,0.02082889000303112,2313a65b1ce9969da2f9160bb691992b9b66d31e506c96e1223c5ccdf60642d9,1756,0,21,,,0.0,0.0,0.0,0.0,True,0.0,,146.45060210803058,0.014510417381059444,0.0,0.014622165837724445,-0.00011174845666500101,0.014510417381059444,0.0,0.014622165837724445,-0.00011174845666500101
fold-000,posttraining/xgboost/seed-42/real/mae,calibration,posttraining,posttraining,xgboost,mae,42,True,median,tabular/xgb-d3-b64-lr0.03-s42,24391,21,0.014510417381059444,0.0005855726292179424,0.014703781581143226,0.0006076211309278647,0,13,50,True,True,validation_plateau,,,7033,,0.0,0.020623663993319497,2313a65b1ce9969da2f9160bb691992b9b66d31e506c96e1223c5ccdf60642d9,1756,0,21,,,0.0,0.0,0.0,0.0,True,0.0,,132.41456518601626,0.014510417381059444,0.0,0.014622165837724445,-0.00011174845666500101,0.014510417381059444,0.0,0.014622165837724445,-0.00011174845666500101
fold-000,posttraining/xgboost/seed-42/real/reinforce,calibration,posttraining,posttraining,xgboost,reinforce,42,True,median,tabular/xgb-d3-b64-lr0.03-s42,24391,21,0.014510417381059444,0.0005855726292179424,0.014703781581143226,0.0006076211309278647,0,13,50,True,True,validation_plateau,,,7033,,0.0,0.020183237007586285,2313a65b1ce9969da2f9160bb691992b9b66d31e506c96e1223c5ccdf60642d9,1756,0,21,,,0.0,0.0,0.0,0.0,True,0.0,,135.53595311404206,0.014510417381059444,0.0,0.014622165837724445,-0.00011174845666500101,0.014510417381059444,0.0,0.014622165837724445,-0.00011174845666500101
fold-000,posttraining/xgboost/seed-43/real/expected,calibration,posttraining,posttraining,xgboost,expected,43,True,median,tabular/xgb-d3-b64-lr0.03-s42,24391,21,0.014510417381059444,0.0005855726292179424,0.014703781581143226,0.0006076211309278647,0,13,50,True,True,validation_plateau,,,7033,,0.0,0.02040787899750285,2313a65b1ce9969da2f9160bb691992b9b66d31e506c96e1223c5ccdf60642d9,1756,0,21,,,0.0,0.0,0.0,0.0,True,0.0,,136.58148466201965,0.014510417381059444,0.0,0.014622165837724445,-0.00011174845666500101,0.014510417381059444,0.0,0.014622165837724445,-0.00011174845666500101
fold-000,posttraining/xgboost/seed-43/real/klpo_exact,calibration,posttraining,posttraining,xgboost,klpo_exact,43,True,median,tabular/xgb-d3-b64-lr0.03-s42,24391,21,0.014510417381059444,0.0005855726292179424,0.014703781581143226,0.0006076211309278647,0,13,50,True,True,validation_plateau,,,7033,,0.0,0.020686623000074178,2313a65b1ce9969da2f9160bb691992b9b66d31e506c96e1223c5ccdf60642d9,1756,0,21,,,0.0,0.0,0.0,0.0,True,0.0,,144.68402804801008,0.014510417381059444,0.0,0.014622165837724445,-0.00011174845666500101,0.014510417381059444,0.0,0.014622165837724445,-0.00011174845666500101
fold-000,posttraining/xgboost/seed-43/real/klpo_full,calibration,posttraining,posttraining,xgboost,klpo_full,43,True,median,tabular/xgb-d3-b64-lr0.03-s42,24391,21,0.014510417381059444,0.0005855726292179424,0.014703781581143226,0.0006076211309278647,0,13,50,True,True,validation_plateau,,,7033,,0.0,0.020812970004044473,2313a65b1ce9969da2f9160bb691992b9b66d31e506c96e1223c5ccdf60642d9,1756,0,21,,,0.0,0.0,0.0,0.0,True,0.0,,143.63282734295353,0.014510417381059444,0.0,0.014622165837724445,-0.00011174845666500101,0.014510417381059444,0.0,0.014622165837724445,-0.00011174845666500101
fold-000,posttraining/xgboost/seed-43/real/klpo_mc,calibration,posttraining,posttraining,xgboost,klpo_mc,43,True,median,tabular/xgb-d3-b64-lr0.03-s42,24391,21,0.014510417381059444,0.0005855726292179424,0.014703781581143226,0.0006076211309278647,0,13,50,True,True,validation_plateau,,,7033,,0.0,0.020331215011538006,2313a65b1ce9969da2f9160bb691992b9b66d31e506c96e1223c5ccdf60642d9,1756,0,21,,,0.0,0.0,0.0,0.0,True,0.0,,140.42283063702052,0.014510417381059444,0.0,0.014622165837724445,-0.00011174845666500101,0.014510417381059444,0.0,0.014622165837724445,-0.00011174845666500101
fold-000,posttraining/xgboost/seed-43/real/mae,calibration,posttraining,posttraining,xgboost,mae,43,True,median,tabular/xgb-d3-b64-lr0.03-s42,24391,21,0.014510417381059444,0.0005855726292179424,0.014703781581143226,0.0006076211309278647,0,13,50,True,True,validation_plateau,,,7033,,0.0,0.02012779298820533,2313a65b1ce9969da2f9160bb691992b9b66d31e506c96e1223c5ccdf60642d9,1756,0,21,,,0.0,0.0,0.0,0.0,True,0.0,,129.74050197703764,0.014510417381059444,0.0,0.014622165837724445,-0.00011174845666500101,0.014510417381059444,0.0,0.014622165837724445,-0.00011174845666500101
fold-000,posttraining/xgboost/seed-43/real/reinforce,calibration,posttraining,posttraining,xgboost,reinforce,43,True,median,tabular/xgb-d3-b64-lr0.03-s42,24391,21,0.014510417381059444,0.0005855726292179424,0.014703781581143226,0.0006076211309278647,0,13,50,True,True,validation_plateau,,,7033,,0.0,0.02034440998977516,2313a65b1ce9969da2f9160bb691992b9b66d31e506c96e1223c5ccdf60642d9,1756,0,21,,,0.0,0.0,0.0,0.0,True,0.0,,144.53666498797247,0.014510417381059444,0.0,0.014622165837724445,-0.00011174845666500101,0.014510417381059444,0.0,0.014622165837724445,-0.00011174845666500101
fold-000,posttraining/xgboost/seed-44/real/expected,calibration,posttraining,posttraining,xgboost,expected,44,True,median,tabular/xgb-d3-b64-lr0.03-s42,24391,21,0.014510417381059444,0.0005855726292179424,0.014703781581143226,0.0006076211309278647,0,13,50,True,True,validation_plateau,,,7033,,0.0,0.02089559599698987,2313a65b1ce9969da2f9160bb691992b9b66d31e506c96e1223c5ccdf60642d9,1756,0,21,,,0.0,0.0,0.0,0.0,True,0.0,,137.2980902189738,0.014510417381059444,0.0,0.014622165837724445,-0.00011174845666500101,0.014510417381059444,0.0,0.014622165837724445,-0.00011174845666500101
fold-000,posttraining/xgboost/seed-44/real/klpo_exact,calibration,posttraining,posttraining,xgboost,klpo_exact,44,True,median,tabular/xgb-d3-b64-lr0.03-s42,24391,21,0.014510417381059444,0.0005855726292179424,0.014703781581143226,0.0006076211309278647,0,13,50,True,True,validation_plateau,,,7033,,0.0,0.02088849199935794,2313a65b1ce9969da2f9160bb691992b9b66d31e506c96e1223c5ccdf60642d9,1756,0,21,,,0.0,0.0,0.0,0.0,True,0.0,,144.26914535899414,0.014510417381059444,0.0,0.014622165837724445,-0.00011174845666500101,0.014510417381059444,0.0,0.014622165837724445,-0.00011174845666500101
fold-000,posttraining/xgboost/seed-44/real/klpo_full,calibration,posttraining,posttraining,xgboost,klpo_full,44,True,median,tabular/xgb-d3-b64-lr0.03-s42,24391,21,0.014510417381059444,0.0005855726292179424,0.014703781581143226,0.0006076211309278647,0,13,50,True,True,validation_plateau,,,7033,,0.0,0.02034755599743221,2313a65b1ce9969da2f9160bb691992b9b66d31e506c96e1223c5ccdf60642d9,1756,0,21,,,0.0,0.0,0.0,0.0,True,0.0,,147.23275656503392,0.014510417381059444,0.0,0.014622165837724445,-0.00011174845666500101,0.014510417381059444,0.0,0.014622165837724445,-0.00011174845666500101
fold-000,posttraining/xgboost/seed-44/real/klpo_mc,calibration,posttraining,posttraining,xgboost,klpo_mc,44,True,median,tabular/xgb-d3-b64-lr0.03-s42,24391,21,0.014510417381059444,0.0005855726292179424,0.014703781581143226,0.0006076211309278647,0,13,50,True,True,validation_plateau,,,7033,,0.0,0.0212421269970946,2313a65b1ce9969da2f9160bb691992b9b66d31e506c96e1223c5ccdf60642d9,1756,0,21,,,0.0,0.0,0.0,0.0,True,0.0,,149.54454556299606,0.014510417381059444,0.0,0.014622165837724445,-0.00011174845666500101,0.014510417381059444,0.0,0.014622165837724445,-0.00011174845666500101
fold-000,posttraining/xgboost/seed-44/real/mae,calibration,posttraining,posttraining,xgboost,mae,44,True,median,tabular/xgb-d3-b64-lr0.03-s42,24391,21,0.014510417381059444,0.0005855726292179424,0.014703781581143226,0.0006076211309278647,0,13,50,True,True,validation_plateau,,,7033,,0.0,0.020779978993232362,2313a65b1ce9969da2f9160bb691992b9b66d31e506c96e1223c5ccdf60642d9,1756,0,21,,,0.0,0.0,0.0,0.0,True,0.0,,134.76494700898184,0.014510417381059444,0.0,0.014622165837724445,-0.00011174845666500101,0.014510417381059444,0.0,0.014622165837724445,-0.00011174845666500101
fold-000,posttraining/xgboost/seed-44/real/reinforce,calibration,posttraining,posttraining,xgboost,reinforce,44,True,median,tabular/xgb-d3-b64-lr0.03-s42,24391,21,0.014510417381059444,0.0005855726292179424,0.014703781581143226,0.0006076211309278647,0,13,50,True,True,validation_plateau,,,7033,,0.0,0.02115332000539638,2313a65b1ce9969da2f9160bb691992b9b66d31e506c96e1223c5ccdf60642d9,1756,0,21,,,0.0,0.0,0.0,0.0,True,0.0,,143.0123722460121,0.014510417381059444,0.0,0.014622165837724445,-0.00011174845666500101,0.014510417381059444,0.0,0.014622165837724445,-0.00011174845666500101
fold-000,reference/US-natural/posttraining/dlinear-mae-s42,calibration,reference,posttraining,dlinear,reference_mae,42,True,continuous,reference/US-natural/search/dlinear-10-s42,24391,21,0.01462265704374273,0.0005908608205644266,0.014813661823313215,0.000612894390567493,2,5,5,False,False,,,,1185,123.89953319600318,0.0,0.027383509994251654,4c18f4ad32d1ad0331a22904f03be7c560197bd483bdc54dc3b3bc2be930afc2,1756,21,0,-0.0020179912803934674,-0.005465468274707166,0.4934398965458816,1.0,-0.01270733680576086,0.008862629532814026,,,,,0.014510417381059444,0.0001122396626832868,0.014711338302213476,-8.868125847074498e-05,,,,
fold-000,reference/US-natural/posttraining/dlinear-mae-s43,calibration,reference,posttraining,dlinear,reference_mae,43,True,continuous,reference/US-natural/finalist/dlinear-s43,24391,21,0.014748131254426346,0.0005969515328854234,0.014930335939218728,0.0006186782639040417,4,5,5,False,False,,,,1185,125.0324209589744,0.0,0.02674564100743737,819aefd442a1df0c5766bfcfbd100fd768d1efc9b69ca54e74ea92fd74464e85,1756,21,0,0.00959890222354417,0.0031801847494127514,0.5026330391351365,1.0,-0.01849358342587948,0.009279279969632626,,,,,0.014510417381059444,0.00023771387336690188,0.014803668720275583,-5.553746584923726e-05,,,,
fold-000,reference/US-natural/posttraining/dlinear-mae-s44,calibration,reference,posttraining,dlinear,reference_mae,44,True,continuous,reference/US-natural/finalist/dlinear-s44,24391,21,0.014640157447439522,0.0005925576726449457,0.014823723429273475,0.0006142950632902628,5,5,5,False,False,,,,1185,125.32253760501044,0.0,0.02725882599770557,80d106765b9d7afbba283ee069f6524c9122b9a05a714e444459b892b26fe13a,1756,21,0,0.02850607259538319,0.017974127448592718,0.5145812406379459,1.0,-0.011168542318046093,0.00977175310254097,,,,,0.014510417381059444,0.00012974006638007823,0.01478274686809032,-0.00014258942065079744,,,,
fold-000,reference/US-natural/posttraining/dlinear-mse-s42,calibration,reference,posttraining,dlinear,reference_mse,42,True,continuous,reference/US-natural/search/dlinear-10-s42,24391,21,0.014711338302213476,0.0005935806089341082,0.01490336833682914,0.0006157003862216036,0,5,5,True,False,,,,1185,123.43849686800968,0.0,0.027507403996423818,535d1f55b1084ba80506310db8ce0e6c85d0a8ccd8e9706ed45094e96e2b7f50,1756,21,0,-0.0033328650459359906,-0.008707136455107806,0.5001957459666997,1.0,-0.013308417052030563,0.016321709379553795,,,,,0.014510417381059444,0.0002009209211540318,0.014711338302213476,0.0,,,,
fold-000,reference/US-natural/posttraining/dlinear-mse-s43,calibration,reference,posttraining,dlinear,reference_mse,43,True,continuous,reference/US-natural/finalist/dlinear-s43,24391,21,0.014836460241859938,0.0006002715928518578,0.015024334990093332,0.0006222853490317646,4,5,5,False,False,,,,1185,125.33576253597857,0.0,0.02693965600337833,f123addae0c20d6c5f399f666396fc2de92948085e34f935777ceb1d6369487a,1756,21,0,0.00573635116172122,-0.0037522690021318675,0.4990503161294197,1.0,-0.02555704489350319,0.013556312769651413,,,,,0.014510417381059444,0.00032604286080049373,0.014803668720275583,3.2791521584354597e-05,,,,
fold-000,reference/US-natural/posttraining/dlinear-mse-s44,calibration,reference,posttraining,dlinear,reference_mse,44,True,continuous,reference/US-natural/finalist/dlinear-s44,24391,21,0.014750199445770943,0.0005970211135065378,0.014940704374394521,0.0006190941010114087,5,5,5,False,False,,,,1185,123.93408519600052,0.0,0.026579038007184863,018a778f9d157f6288c41ba65d9796984c70f23cdabe0c3381c1fe1c9a70972c,1756,21,0,0.011752423462183595,0.003983712103809472,0.5098278941527047,1.0,-0.01270468533039093,0.013047564774751663,,,,,0.014510417381059444,0.0002397820647114992,0.01478274686809032,-3.2547422319376476e-05,,,,
fold-000,reference/US-natural/posttraining/gru-mae-s42,calibration,reference,posttraining,gru,reference_mae,42,True,continuous,reference/US-natural/search/gru-10-s42,24391,21,0.014615137876332483,0.0005899307536163484,0.014798369772336986,0.0006115983207891447,4,5,5,False,False,,,,1185,130.60194750101073,0.0,0.02705332099867519,e9d9cf4cd512dcaf72ca24ab68d0a5c89ef08edc2ed8a96d8470900bb85da93e,1756,21,0,0.006148331235370477,0.005987682074294522,0.507603502591498,1.0,-0.013052530586719513,0.013692546635866165,,,,,0.014510417381059444,0.00010472049527303871,0.01475323348012764,-0.0001380956037951575,,,,
fold-000,reference/US-natural/posttraining/gru-mae-s43,calibration,reference,posttraining,gru,reference_mae,43,True,continuous,reference/US-natural/finalist/gru-s43,24391,21,0.014818295769598396,0.0005978899890292101,0.015010900578335701,0.0006198134001588569,4,5,5,False,False,,,,1185,130.78250420902623,0.0,0.027374412995413877,6b602fef86427742f924f9579473289ecc96bd872cf60133e09ed0a1c8c9a0c5,1756,21,0,-0.005841178662046527,-0.008367765412720364,0.4949173527349486,1.0,-0.018834484741091728,0.01816907525062561,,,,,0.014510417381059444,0.000307878388538952,0.015043834922371218,-0.00022553915277282247,,,,
fold-000,reference/US-natural/posttraining/gru-mae-s44,calibration,reference,posttraining,gru,reference_mae,44,True,continuous,reference/US-natural/finalist/gru-s44,24391,21,0.014671761274651937,0.0005929980703142544,0.014859505567816065,0.0006148665263593638,5,5,5,False,False,,,,1185,130.93692783697043,0.0,0.02682280600129161,5f215873069159d85bea6c8945e1214dbbbe5d924d4bcf8822db5fb9073e42d9,1756,21,0,0.024921826364733835,0.015148894947932515,0.5024219008607174,1.0,-0.01463954895734787,0.007817195728421211,,,,,0.014510417381059444,0.00016134389359249296,0.014855439851943026,-0.00018367857729108955,,,,
fold-000,reference/US-natural/posttraining/gru-mse-s42,calibration,reference,posttraining,gru,reference_mse,42,True,continuous,reference/US-natural/search/gru-10-s42,24391,21,0.014689297282082216,0.0005931224292064844,0.014869690738239807,0.0006147207650607907,4,5,5,False,False,,,,1185,130.37080545100616,0.0,0.027302239002892748,0ed5572c24b5f692c3db76a2c50df6f6345dcbaa6efa8363ea7bbdd4209c5ffd,1756,21,0,0.00524028205111059,0.0008005052786840046,0.509326855782261,1.0,-0.01441870629787445,0.01572011411190033,,,,,0.014510417381059444,0.00017887990102277186,0.01475323348012764,-6.393619804542436e-05,,,,
fold-000,reference/US-natural/posttraining/gru-mse-s43,calibration,reference,posttraining,gru,reference_mse,43,True,continuous,reference/US-natural/finalist/gru-s43,24391,21,0.014832328279879826,0.0005972613866142291,0.015027563840966382,0.0006193503212949033,4,5,5,False,False,,,,1185,130.5544975969824,0.0,0.026922404009383172,63bd17b260c5f92699a960d1450af2d705f065a44004748d8e46f79376e59210,1756,21,0,-0.014362691633519178,-0.012321453695655186,0.49043019758507617,1.0,-0.019268648698925972,0.01921617053449154,,,,,0.014510417381059444,0.0003219108988203826,0.015043834922371218,-0.00021150664249139188,,,,
fold-000,reference/US-natural/posttraining/gru-mse-s44,calibration,reference,posttraining,gru,reference_mse,44,True,continuous,reference/US-natural/finalist/gru-s44,24391,21,0.014825072701263365,0.0005988296533233244,0.015008564165628704,0.0006206137792640852,5,5,5,False,False,,,,1185,129.04139063000912,0.0,0.027228470004047267,7c14bd896bf0aa9b31929ac0d0a9bf4f4b0dd276ad3fc0aafb707fc8b61a8ab9,1756,21,0,0.009424781180781447,0.0019934691611194323,0.49497360124943657,1.0,-0.018844623118638992,0.01092689111828804,,,,,0.014510417381059444,0.00031465532020392116,0.014855439851943026,-3.036715067966135e-05,,,,
fold-000,reference/US-natural/posttraining/lstm-mae-s42,calibration,reference,posttraining,lstm,reference_mae,42,True,continuous,reference/US-natural/search/lstm-00-s42,24391,21,0.014924349373713857,0.0006018181294052428,0.015120155472888913,0.0006240370814964201,0,5,5,True,False,,,,1185,126.99828778597293,0.0,0.02652106000459753,9a757ed2bfe846da301010514bf619dabc91bacdd7d5da2fb513760fe31b7af1,1756,21,0,0.014135431712130764,0.009918127282083928,0.5034279773659216,1.0,-0.026565849781036377,0.03166506439447403,,,,,0.014510417381059444,0.00041393199265441286,0.014924349373713857,0.0,,,,
fold-000,reference/US-natural/posttraining/lstm-mae-s43,calibration,reference,posttraining,lstm,reference_mae,43,True,continuous,reference/US-natural/finalist/lstm-s43,24391,21,0.014903350815754546,0.0006004983119126601,0.015085783827611145,0.0006225504458102791,0,5,5,True,False,,,,1185,129.74859106197255,0.0,0.027419859005021863,8e9f186bd14d545bee23c2aee74dd28106f99d024af16095a741dad14f952bf5,1756,21,0,0.007848887730233586,0.012162447052231498,0.4996732219493561,1.0,-0.020502761006355286,0.029699556529521942,,,,,0.014510417381059444,0.00039293343469510265,0.014903350815754546,0.0,,,,
fold-000,reference/US-natural/posttraining/lstm-mae-s44,calibration,reference,posttraining,lstm,reference_mae,44,True,continuous,reference/US-natural/finalist/lstm-s44,24391,21,0.014752351131242195,0.0005949998332880281,0.014935700811238834,0.0006166675548714593,5,5,5,False,False,,,,1185,126.95354229799705,0.0,0.02753368200501427,33b63a5f0f652fe1e0e8a0a4d468bdf6046503a84fdfe436840aec4a6e730e5c,1756,21,0,0.017769687148125685,0.012518557063279177,0.4985375238397616,1.0,-0.01559525728225708,0.011574089527130127,,,,,0.014510417381059444,0.00024193375018275072,0.014835517751748708,-8.316662050651333e-05,,,,
fold-000,reference/US-natural/posttraining/lstm-mse-s42,calibration,reference,posttraining,lstm,reference_mse,42,True,continuous,reference/US-natural/search/lstm-00-s42,24391,21,0.014924349373713857,0.0006018181294052428,0.015120155472888913,0.0006240370814964201,0,5,5,True,False,,,,1185,128.17835008300608,0.0,0.026654178989701904,9a757ed2bfe846da301010514bf619dabc91bacdd7d5da2fb513760fe31b7af1,1756,21,0,0.014135431712130764,0.009918127282083928,0.5034279773659216,1.0,-0.026565849781036377,0.03166506439447403,,,,,0.014510417381059444,0.00041393199265441286,0.014924349373713857,0.0,,,,
fold-000,reference/US-natural/posttraining/lstm-mse-s43,calibration,reference,posttraining,lstm,reference_mse,43,True,continuous,reference/US-natural/finalist/lstm-s43,24391,21,0.014903350815754546,0.0006004983119126601,0.015085783827611145,0.0006225504458102791,0,5,5,True,False,,,,1185,128.08637832000386,0.0,0.026549824004177935,8e9f186bd14d545bee23c2aee74dd28106f99d024af16095a741dad14f952bf5,1756,21,0,0.007848887730233586,0.012162447052231498,0.4996732219493561,1.0,-0.020502761006355286,0.029699556529521942,,,,,0.014510417381059444,0.00039293343469510265,0.014903350815754546,0.0,,,,
fold-000,reference/US-natural/posttraining/lstm-mse-s44,calibration,reference,posttraining,lstm,reference_mse,44,True,continuous,reference/US-natural/finalist/lstm-s44,24391,21,0.014835517751748708,0.0005983677374276606,0.015015127449011841,0.0006199128701017585,0,5,5,True,False,,,,1185,128.10524600901408,0.0,0.027375064993975684,c6f358d726e9ffdd988b9decfd4c3924a7e9980a7aad79e86fe0edb3514d814b,1756,21,0,0.008374594389871384,0.006651907839064676,0.497324715513984,1.0,-0.019458606839179993,0.012440651655197144,,,,,0.014510417381059444,0.00032510037068926405,0.014835517751748708,0.0,,,,
fold-000,reference/US-natural/posttraining/rnn-mae-s42,calibration,reference,posttraining,rnn,reference_mae,42,True,continuous,reference/US-natural/search/rnn-00-s42,24391,21,0.01517482672259354,0.0006084467768582023,0.015359913037514564,0.0006303299423158944,2,5,5,False,False,,,,1185,124.87451624003006,0.0,0.027065722999395803,ec68128c6c56b5a1dc2060e0bd2f0d4ce3935cce1756f94a90ea182e059c5cf6,1756,21,0,-0.001753287488374477,0.005879435349225128,0.5077578190811763,1.0,-0.02510060742497444,0.02608858421444893,,,,,0.014510417381059444,0.0006644093415340956,0.014953724412991672,0.0002211023096018675,,,,
fold-000,reference/US-natural/posttraining/rnn-mae-s43,calibration,reference,posttraining,rnn,reference_mae,43,True,continuous,reference/US-natural/finalist/rnn-s43,24391,21,0.014994334703613924,0.0006069016990703889,0.015178550349598153,0.0006284099023776687,2,5,5,False,False,,,,1185,125.37298102502245,0.0,0.026687843987019733,5b9a74ef1b6f72272979947bdef2250dab01cf5e9c2ee57a6c9ec129a7492894,1756,21,0,0.013727433912123195,0.0013170603209149295,0.5074429185426526,1.0,-0.0369868129491806,0.01834915578365326,,,,,0.014510417381059444,0.00048391732255448003,0.014942771866098745,5.1562837515178525e-05,,,,
fold-000,reference/US-natural/posttraining/rnn-mae-s44,calibration,reference,posttraining,rnn,reference_mae,44,True,continuous,reference/US-natural/finalist/rnn-s44,24391,21,0.014969539352706916,0.0006013697753126023,0.015167049079658603,0.0006238693332444881,5,5,5,False,False,,,,1185,125.97800847998587,0.0,0.027630505006527528,6eca834853afda58971d13c989c2ce536cb6f5cb35778f4269c33c7d74d60763,1756,21,0,0.02536948552815199,0.020519931851831038,0.49861763238178675,1.0,-0.019995152950286865,0.015898749232292175,,,,,0.014510417381059444,0.0004591219716474724,0.014976115274409887,-6.575921702970874e-06,,,,
fold-000,reference/US-natural/posttraining/rnn-mse-s42,calibration,reference,posttraining,rnn,reference_mse,42,True,continuous,reference/US-natural/search/rnn-00-s42,24391,21,0.014953724412991672,0.0006021115272274618,0.015138558321355444,0.0006240320564786468,0,5,5,True,False,,,,1185,127.35524462198373,0.0,0.026555714997812174,7c42417af62ed3af408810997cce543f8185ac83b33746c2de10bf5c958422a4,1756,21,0,0.00979427374377153,0.006130426119471398,0.5097704676522883,1.0,-0.025251027196645737,0.0179954431951046,,,,,0.014510417381059444,0.0004433070319322281,0.014953724412991672,0.0,,,,
fold-000,reference/US-natural/posttraining/rnn-mse-s43,calibration,reference,posttraining,rnn,reference_mse,43,True,continuous,reference/US-natural/finalist/rnn-s43,24391,21,0.015295776304215577,0.0006175278943040078,0.015467728055024006,0.0006386256632037924,2,5,5,False,False,,,,1185,126.64813715801574,0.0,0.02732402899709996,5c1a8ce9712f7ddebcf5749385d890b7e7e3b41a31b1636258c89de7aa8fdbf8,1756,21,0,0.003061272267658876,-0.0053208726382876865,0.5018427622704886,1.0,-0.03521832078695297,0.018070533871650696,,,,,0.014510417381059444,0.000785358923156133,0.014942771866098745,0.0003530044381168315,,,,
fold-000,reference/US-natural/posttraining/rnn-mse-s44,calibration,reference,posttraining,rnn,reference_mse,44,True,continuous,reference/US-natural/finalist/rnn-s44,24391,21,0.014976115274409887,0.0006022357979155677,0.015172156595971972,0.0006246958353128734,0,5,5,True,False,,,,1185,125.71257681504358,0.0,0.02656801800185349,cd800dffa25cbf56e6c52906d6a0899dd78e0cadf1fc2c81674ea07b3e5a90a7,1756,21,0,0.03618414727291308,0.02382484877922589,0.5035879004776577,1.0,-0.02262941002845764,0.014011010527610779,,,,,0.014510417381059444,0.00046569789335044326,0.014976115274409887,0.0,,,,
fold-000,reference/US-natural/finalist/dlinear-s43,evaluation,reference,finalist,dlinear,reference,43,True,continuous,,19716,19,0.013504431177987134,0.00041679309216762097,0.013559607820803841,0.00042074652302394214,46,56,100,,True,validation_plateau,,,13272,972.4127074319986,,0.023117192002246156,bfc9e6279564c4310c2a951e845fa526902fc161695a140b81dd9efecfbf143e,1572,19,0,-0.0011002848453278997,-0.003865815446111388,0.52995167880353,1.0,-0.022238945588469505,0.010251164436340332,,,,,0.013521584760022982,-1.7153582035847256e-05,0.013504431177987134,,,,,
fold-000,reference/US-natural/finalist/dlinear-s44,evaluation,reference,finalist,dlinear,reference,44,True,continuous,,19716,19,0.013547142863351269,0.0004174553308802004,0.013595863767081471,0.00042115613470732,33,43,100,,True,validation_plateau,,,10191,756.1619164340082,,0.022226667002541944,fdbb83c5b55d0a971f98c38bcd3dc85a4b81dd9bcdd9d4f16e4db6ad7b6a05ae,1572,19,0,0.005042218835666497,0.008470010699565758,0.5173804421930276,1.0,-0.01800185814499855,0.010466955602169037,,,,,0.013521584760022982,2.5558103328287077e-05,0.013547142863351269,,,,,
fold-000,reference/US-natural/finalist/gru-s43,evaluation,reference,finalist,gru,reference,43,True,continuous,,19716,19,0.013959356557442612,0.0004346213977604819,0.014011067068345246,0.0004384166843183977,16,26,100,,True,validation_plateau,,,6162,493.26735339302104,,0.022646928002359346,ca00680ecea5df2d2744284131a85929286b58eb5ae8745a1fddb22953ed5869,1572,19,0,-0.004099146098111689,-0.0033766609874160787,0.512458699144016,1.0,-0.026836127042770386,0.02045646496117115,,,,,0.013521584760022982,0.0004377717974196303,0.013959356557442612,,,,,
fold-000,reference/US-natural/finalist/gru-s44,evaluation,reference,finalist,gru,reference,44,True,continuous,,19716,19,0.013554622206601282,0.00041746259028544754,0.013598660749674267,0.00042101630467233545,37,47,100,,True,validation_plateau,,,11139,865.2653522429755,,0.022490153001854196,4c2db748cbae206b54713cade899f585e97b60855100042ad4fbd0047c9064ca,1572,19,0,0.007865672245853725,0.008154527831802184,0.5260350335800329,1.0,-0.017306897789239883,0.011727899312973022,,,,,0.013521584760022982,3.303744657830003e-05,0.013554622206601282,,,,,
fold-000,reference/US-natural/finalist/lstm-s43,evaluation,reference,finalist,lstm,reference,43,True,continuous,,19716,19,0.013712942765104652,0.000422913080552359,0.01375687398447912,0.00042646666975966393,20,30,100,,True,validation_plateau,,,7110,552.1626901809941,,0.02228202200785745,14856d8d798c416a97eaeba459e01e7b476adb4c69c1e433475ec1bc5d6e9e56,1572,19,0,0.01864204379293688,0.02399219359021433,0.5216921687855294,1.0,-0.020796142518520355,0.01735205203294754,,,,,0.013521584760022982,0.0001913580050816703,0.013712942765104652,,,,,
fold-000,reference/US-natural/finalist/lstm-s44,evaluation,reference,finalist,lstm,reference,44,True,continuous,,19716,19,0.013523887317314947,0.0004172788722440084,0.01357310019194636,0.0004210168173452794,27,37,100,,True,validation_plateau,,,8769,674.0198331549764,,0.022815715012256987,ea1bc705e9a2c1b7a495dc80fa0ae14f44160f57e356ffb5942bfa788c5423b1,1572,19,0,0.009750347297307796,0.006943719145928906,0.5285660175569403,1.0,-0.015399709343910217,0.010766014456748962,,,,,0.013521584760022982,2.3025572919652126e-06,0.013523887317314947,,,,,
fold-000,reference/US-natural/finalist/rnn-s43,evaluation,reference,finalist,rnn,reference,43,True,continuous,,19716,19,0.01381549678899849,0.0004268573114685124,0.013869972697978482,0.0004308294336523289,19,29,100,,True,validation_plateau,,,6873,525.7540125180385,,0.022692953993100673,68f3ffbe106745adb0053742441bf8bf96ddfcbe95c90e8dbcd3b53e4df815a7,1572,19,0,0.013160780467825907,0.019812430167306116,0.5181235073141498,1.0,-0.05055297911167145,0.03083084523677826,,,,,0.013521584760022982,0.0002939120289755081,0.01381549678899849,,,,,
fold-000,reference/US-natural/finalist/rnn-s44,evaluation,reference,finalist,rnn,reference,44,True,continuous,,19716,19,0.01401252446990673,0.00043429887297817045,0.014061971193625124,0.000438086724424285,35,45,100,,True,validation_plateau,,,10665,798.2302445409587,,0.022811746996012516,747d311e39d66403f282c28bf1d34ea86d4afa53bd8db74bae60fc2e671d2c27,1572,19,0,0.01000089018868276,0.01669267433938135,0.5006053142255967,1.0,-0.022467106580734253,0.01434239000082016,,,,,0.013521584760022982,0.0004909397098837483,0.01401252446990673,,,,,
fold-000,reference/US-natural/search/dlinear-00-s42,evaluation,reference,search,dlinear,reference,42,False,continuous,,19716,19,0.01459391546649501,0.00044856461694970165,0.014620669406424687,0.00045152812307231615,33,43,100,,True,validation_plateau,,,10191,755.589249984012,,0.022449185998993926,60b07d740747d0e38fe1ee1dd744dd9b9ec22fa02a9199772bec617446c3bceb,1572,19,0,-0.010631993916439361,0.0013601919007650795,0.5283246662745891,1.0,-0.025104932487010956,0.00910165160894394,,,,,0.013521584760022982,0.0010723307064720283,0.01459391546649501,,,,,
fold-000,reference/US-natural/search/dlinear-10-s42,evaluation,reference,search,dlinear,reference,42,True,continuous,,19716,19,0.01366628418152438,0.0004235657195355419,0.01371827240224052,0.0004274512614032323,38,48,100,,True,validation_plateau,,,11376,866.961727674061,,0.022068019010475837,d106e169585f66238e00caa9853ee534cf6b8cc613d167037ebdc791b463e1fd,1572,19,0,0.0017880446883573049,-0.003272631651772586,0.5129734714883926,1.0,-0.01843741536140442,0.01841362752020359,,,,,0.013521584760022982,0.0001446994215013979,0.01366628418152438,,,,,
fold-000,reference/US-natural/search/gru-00-s42,evaluation,reference,search,gru,reference,42,False,continuous,,19716,19,0.013736138851846939,0.00042374933434840287,0.013780955073074082,0.00042743815614455023,20,30,100,,True,validation_plateau,,,7110,554.62456917495,,0.022040267009288073,be01cfb2e143268f03d29538648af387b57ca0510ca4828edc7bb8a1b5a23cc1,1572,19,0,-0.013360266114069678,-0.004291705543936745,0.5250882512118826,1.0,-0.025829359889030457,0.01746402680873871,,,,,0.013521584760022982,0.0002145540918239569,0.013736138851846939,,,,,
fold-000,reference/US-natural/search/gru-10-s42,evaluation,reference,search,gru,reference,42,True,continuous,,19716,19,0.014225837527361024,0.0004414889989126363,0.014262464354017113,0.00044493125692344966,20,30,100,,True,validation_plateau,,,7110,562.7906124339788,,0.022492046002298594,3ce4d6a7c4f5ed7295b8561e0db68149ecedd509344038d109e49b613dbe54a4,1572,19,0,0.00392781170925865,0.00030300858359610315,0.5211922799625739,1.0,-0.020914286375045776,0.016506604850292206,,,,,0.013521584760022982,0.0007042527673380428,0.014225837527361024,,,,,
fold-000,reference/US-natural/search/lstm-00-s42,evaluation,reference,search,lstm,reference,42,True,continuous,,19716,19,0.013651350054466245,0.00042167139847435977,0.013714975882333382,0.0004259702978567844,55,65,100,,True,validation_plateau,,,15405,1176.2773681210238,,0.022598056006245315,a2c064b6c3660c5df47412cc2202f45fa8e9e5a453baa1e534619c884e20a09d,1572,19,0,0.025862217854740577,0.030539544577227414,0.5118886564010967,1.0,-0.031185582280158997,0.03546310216188431,,,,,0.013521584760022982,0.0001297652944432636,0.013651350054466245,,,,,
fold-000,reference/US-natural/search/lstm-10-s42,evaluation,reference,search,lstm,reference,42,False,continuous,,19716,19,0.013943056605444985,0.00042789760898079515,0.01397891936997106,0.00043112901692444534,20,30,100,,True,validation_plateau,,,7110,575.555575033999,,0.022478140002931468,c5d316eb663f136e793996e5e8dab539aac5135a4628e9b5fa156f149e45f901,1572,19,0,0.006326939401282182,0.006012749380619571,0.5370200693299486,1.0,-0.019720084965229034,0.023032937198877335,,,,,0.013521584760022982,0.0004214718454220029,0.013943056605444985,,,,,
fold-000,reference/US-natural/search/rnn-00-s42,evaluation,reference,search,rnn,reference,42,True,continuous,,19716,19,0.013590169516123568,0.00042070156350898985,0.013643338706850285,0.0004246643427887346,30,40,100,,True,validation_plateau,,,9480,717.1837916590157,,0.02252657199278474,b7df6d3c9b6121d02778540ffa1a457ed76b9652e78a4173fefffe630d1f63f4,1572,19,0,-0.003240721460151656,-0.005108417633203584,0.5225054194385886,1.0,-0.022074056789278984,0.016527142375707626,,,,,0.013521584760022982,6.858475610058666e-05,0.013590169516123568,,,,,
fold-000,reference/US-natural/search/rnn-10-s42,evaluation,reference,search,rnn,reference,42,False,continuous,,19716,19,0.014041815493810852,0.0004389728082946626,0.014101346789409119,0.00044320052854652907,47,57,100,,True,validation_plateau,,,13509,1028.4668476639781,,0.022642409006948583,1e2e8cb1d310794c2247e1cb16a71858e34c1d5dd8eb9f095308810ba41479c5,1572,19,0,0.009669610932562476,0.0015814097835248149,0.49403132209986017,1.0,-0.014365209266543388,0.018981467932462692,,,,,0.013521584760022982,0.0005202307337878707,0.014041815493810852,,,,,
fold-000,tabular/ridge-a0.1,evaluation,tabular,search,ridge,ridge,,False,continuous,,19716,19,0.22615237178481706,0.0820137327626751,0.22064700073625274,0.0789053678662248,,,,,,,,,,,,0.022179137988132425,9c95cab25f4e450b9f4aad853e27d94bd5cb8374d0490a1b590e7efd4171f7ae,1572,19,0,-0.0043438084906405935,-0.00023193562090119567,0.531686405512772,1.0,-0.2908638613461468,0.4879934321216284,,,60.75647875398863,,0.013521584760022982,0.21263078702479407,0.22615237178481706,,,,,
fold-000,tabular/ridge-a1.0,evaluation,tabular,search,ridge,ridge,,False,continuous,,19716,19,0.1667663745191634,0.03928695591730663,0.16354120615031228,0.037959529125855755,,,,,,,,,,,,0.022382940995157696,66818c27aa231fffe8cff237f7aa7476c427917f2361f4ced9b2b4440273b64c,1572,19,0,-0.004704059981861276,-0.0006690228031247101,0.5316341397938572,1.0,-0.20634565134417054,0.3394193372432891,,,60.53875047201291,,0.013521584760022982,0.1532447897591404,0.1667663745191634,,,,,
fold-000,tabular/ridge-a10.0,evaluation,tabular,search,ridge,ridge,,True,continuous,,19716,19,0.07496242714609246,0.00911250716784825,0.07328279643538597,0.00878065273563047,,,,,,,,,,,,0.022910963991307653,ab89ce200d2ee16745c773cd677ec034cd6857fa7a01144869e0efab42e5eaf9,1572,19,0,-0.005033261951860791,-0.001703623729017518,0.5374936680859578,1.0,-0.13275167364360763,0.187167013292839,,,59.402689567010384,,0.013521584760022982,0.06144084238606948,0.07496242714609246,,,,,
fold-000,tabular/xgb-d3-b128-lr0.03-s42,evaluation,tabular,search,xgboost,xgboost,42,False,continuous,,19716,19,0.013510880465482527,0.0004170034800373101,0.013564949266666468,0.0004209045319700378,,,,,True,validation_plateau,300,1,,,,0.016186674998607486,adda3134c1294ac184b085553b52e363dfebb21bb0c0f25158bd44deea245ba7,1572,1,18,0.06130987589503183,0.0818842665537169,0.5245930387579749,1.0,-0.0013615450588986278,-0.0007872042478993535,,,,247.15653906500665,0.013521584760022982,-1.0704294540454795e-05,0.013510880465482527,,,,,
fold-000,tabular/xgb-d3-b128-lr0.1-s42,evaluation,tabular,search,xgboost,xgboost,42,False,continuous,,19716,19,0.013505216786410604,0.0004168347270018093,0.013559215726165823,0.00042073408835470986,,,,,True,validation_plateau,300,1,,,,0.0168647890095599,7e7d266870c7c39af311de75c731eeca3fe08d90a298f7d6838136e0c092bb5c,1572,1,18,0.06130987589503183,0.0818842665537169,0.5250390690880373,1.0,-0.0013481122441589832,0.0005663569318130612,,,,249.26077061501564,0.013521584760022982,-1.636797361237799e-05,0.013505216786410604,,,,,
fold-000,tabular/xgb-d3-b256-lr0.03-s42,evaluation,tabular,search,xgboost,xgboost,42,False,continuous,,19716,19,0.013511028856478141,0.00041701121138078544,0.01356510113487044,0.00042091244448011326,,,,,True,validation_plateau,300,1,,,,0.016406889000791125,15a6b50e5856f7b0a1e35e89f9fd7f41d34524300bde4b10bac9f5b5b975978b,1572,1,18,0.01335682746714259,0.026592559916983935,0.5245930387579749,1.0,-0.0013615450588986278,-0.0008281219052150846,,,,267.7922324909596,0.013521584760022982,-1.0555903544840275e-05,0.013511028856478141,,,,,
fold-000,tabular/xgb-d3-b256-lr0.1-s42,evaluation,tabular,search,xgboost,xgboost,42,False,continuous,,19716,19,0.013505704154052384,0.0004168598719954777,0.013559714514169261,0.00042075982256460247,,,,,True,validation_plateau,300,1,,,,0.016447795991552994,0a8a88b0f17b4f9a042579680943470c27389091ec2ad08946a95fa14631f2a4,1572,1,18,0.01335682746714259,0.026592559916983935,0.5247912744602249,1.0,-0.0013481122441589832,0.0004299647407606244,,,,266.6912546060048,0.013521584760022982,-1.588060597059772e-05,0.013505704154052384,,,,,
fold-000,tabular/xgb-d3-b64-lr0.03-s42,evaluation,tabular,search,xgboost,xgboost,42,True,continuous,,19716,19,0.013511454364183346,0.0004170016333758894,0.013565441466031947,0.0004208992160713107,,,,,True,validation_plateau,300,1,,,,0.016020070994272828,517994c5ea4b5ff37322fa61512509e98ed6aebee020bf5418b9dafb17d326dc,1572,1,18,0.01335682746714259,0.026592559916983935,0.5245930387579749,1.0,-0.001381779438816011,-0.0008188007050193846,,,,233.25833754899213,0.013521584760022982,-1.013039583963593e-05,0.013511454364183346,,,,,
fold-000,tabular/xgb-d3-b64-lr0.03-s43,evaluation,tabular,finalist,xgboost,xgboost,43,True,continuous,,19716,19,0.013511454364183346,0.0004170016333758894,0.013565441466031947,0.0004208992160713107,,,,,True,validation_plateau,300,1,,,,0.01640472500002943,517994c5ea4b5ff37322fa61512509e98ed6aebee020bf5418b9dafb17d326dc,1572,1,18,0.01335682746714259,0.026592559916983935,0.5245930387579749,1.0,-0.001381779438816011,-0.0008188007050193846,,,,232.3611445450224,0.013521584760022982,-1.013039583963593e-05,0.013511454364183346,,,,,
fold-000,tabular/xgb-d3-b64-lr0.03-s44,evaluation,tabular,finalist,xgboost,xgboost,44,True,continuous,,19716,19,0.013511454364183346,0.0004170016333758894,0.013565441466031947,0.0004208992160713107,,,,,True,validation_plateau,300,1,,,,0.016524108999874443,517994c5ea4b5ff37322fa61512509e98ed6aebee020bf5418b9dafb17d326dc,1572,1,18,0.01335682746714259,0.026592559916983935,0.5245930387579749,1.0,-0.001381779438816011,-0.0008188007050193846,,,,232.02917920297477,0.013521584760022982,-1.013039583963593e-05,0.013511454364183346,,,,,
fold-000,tabular/xgb-d3-b64-lr0.1-s42,evaluation,tabular,search,xgboost,xgboost,42,False,continuous,,19716,19,0.013507159821273498,0.00041682949352686626,0.0135608857785857,0.00042071728014898694,,,,,True,validation_plateau,300,1,,,,0.016589462000411004,ae9e58be0872bf42e36204666ad47b15ef8788f981112fb27de47ff199c9ecea,1572,1,18,0.01335682746714259,0.026592559916983935,0.5247912744602249,1.0,-0.0014155604876577854,0.000461035524494946,,,,231.1108392669703,0.013521584760022982,-1.442493874948339e-05,0.013507159821273498,,,,,
fold-000,tabular/xgb-d6-b128-lr0.03-s42,evaluation,tabular,search,xgboost,xgboost,42,False,continuous,,19716,19,0.013511986742657037,0.0004169360425399443,0.01356588688246186,0.00042082704042682213,,,,,True,validation_plateau,300,1,,,,0.020986796997021884,f67441c5303fd8b9a1df6efcd01cc73709321ffb26c88c5ef2dac60f55afef04,1572,19,0,0.025801359175743607,0.03733757033745577,0.5245930387579749,1.0,-0.002640571678057313,-0.0006273392937146127,,,,364.9409036160214,0.013521584760022982,-9.598017365945039e-06,0.013511986742657037,,,,,
fold-000,tabular/xgb-d6-b128-lr0.1-s42,evaluation,tabular,search,xgboost,xgboost,42,False,continuous,,19716,19,0.013509139047523122,0.0004166360143901721,0.013562565498944518,0.00042050164323787203,,,,,True,validation_plateau,300,1,,,,0.021643772008246742,5e2ca4eeb6c5cc8126a2bbd03bc21d1d7988f9d42b15bc3c050c06fd42b81887,1572,19,0,0.025801359175743607,0.03733756984929303,0.5248903923113498,1.0,-0.005611534230411053,0.001099240267649293,,,,362.3421994219534,0.013521584760022982,-1.2445712499859277e-05,0.013509139047523122,,,,,
fold-000,tabular/xgb-d6-b256-lr0.03-s42,evaluation,tabular,search,xgboost,xgboost,42,False,continuous,,19716,19,0.013512333572757343,0.0004169766329253405,0.01356621964462271,0.0004208686852516724,,,,,True,validation_plateau,300,1,,,,0.02061446699372027,5739f543f65d47685378f455f4d9ba96b2e1e85c5d0cd4493ea5450c0d9cb018,1572,19,0,0.014435749458245491,0.025073472924178598,0.5245434798324125,1.0,-0.005739426240324974,0.002695681294426322,,,,392.9382464890368,0.013521584760022982,-9.25118726563881e-06,0.013512333572757343,,,,,
fold-000,tabular/xgb-d6-b256-lr0.1-s42,evaluation,tabular,search,xgboost,xgboost,42,False,continuous,,19716,19,0.013510429982607725,0.00041677889744268947,0.013563809875016512,0.0004206485529716614,,,,,True,validation_plateau,300,1,,,,0.02136148100544233,21634ed0614bbaec1fa1402c644f3e74a60c861d67d28009395441e4d69977f5,1572,19,0,0.014435749458245491,0.025073472633242087,0.5246425976835374,1.0,-0.01594104990363121,0.012175976298749447,,,,390.4271321609849,0.013521584760022982,-1.11547774152565e-05,0.013510429982607725,,,,,
fold-000,tabular/xgb-d6-b64-lr0.03-s42,evaluation,tabular,search,xgboost,xgboost,42,False,continuous,,19716,19,0.013511517666147145,0.0004169577596218802,0.013565553859590422,0.00042085730351520647,,,,,True,validation_plateau,300,1,,,,0.016585826000664383,c1eafeec1134837954fd651acb6df43b0fcd44f09fca42759eff1efbfd0f68e0,1572,1,18,0.04061580021464923,0.07227172426599708,0.5245930387579749,1.0,-0.002651550341397524,-0.0005887541337870061,,,,332.7146289679804,0.013521584760022982,-1.006709387583668e-05,0.013511517666147145,,,,,
fold-000,tabular/xgb-d6-b64-lr0.1-s42,evaluation,tabular,search,xgboost,xgboost,42,False,continuous,,19716,19,0.013508504166483654,0.00041672535446489884,0.013562348197907801,0.00042061841646180123,,,,,True,validation_plateau,300,1,,,,0.01647700100147631,629062560ac603752b3355be6664e41b5f45386ff901299fcebf2ebfba1e4800,1572,1,18,0.04061580021464923,0.07227172776072485,0.5246425976835374,1.0,-0.005648130550980568,0.001227857545018196,,,,330.7429984139744,0.013521584760022982,-1.3080593539327445e-05,0.013508504166483654,,,,,
fold-000,posttraining/dlinear/seed-42/real/expected,evaluation,posttraining,posttraining,dlinear,expected,42,True,median,reference/US-natural/search/dlinear-10-s42,19716,19,0.014141885929744028,0.000443072139322443,0.01419475394795057,0.00044692889085962676,5,13,50,False,True,validation_plateau,,,7033,,0.0,0.030687350998050533,9b002cf5ae017c13fceb3f30d583b5ed6f5ab7cdc35b610e1032ae299f2bd9d7,1572,19,0,0.00039136935136500456,0.000303922113883038,0.18959108208523845,0.35304822399260233,-0.027548228031240976,0.027548228031240976,False,0.02305931843414127,,147.53809943504166,0.013521584760022982,0.0006203011697210464,0.01366628418152438,0.00047560174821964854,0.013798888896273162,0.0003429970334708661,0.014043487029945524,9.839889979850434e-05
fold-000,posttraining/dlinear/seed-42/real/klpo_exact,evaluation,posttraining,posttraining,dlinear,klpo_exact,42,True,median,reference/US-natural/search/dlinear-10-s42,19716,19,0.013798888896273162,0.00042802029635061927,0.013852058682293989,0.0004319500674515153,0,13,50,True,True,validation_plateau,,,7033,,0.0,0.02337852300843224,f85df9bfb01ada731b72d289dfc6677247fb3d573798675933104452f745a37d,1572,19,0,-0.008466364089178413,-0.005811267255961235,0.17080689178774924,0.3191049387439976,-0.020661171023430736,0.020661171023430736,True,0.0,,143.30003422498703,0.013521584760022982,0.00027730413625018033,0.01366628418152438,0.00013260471474878244,0.013798888896273162,0.0,0.01366628418152438,0.00013260471474878244
fold-000,posttraining/dlinear/seed-42/real/klpo_full,evaluation,posttraining,posttraining,dlinear,klpo_full,42,True,median,reference/US-natural/search/dlinear-10-s42,19716,19,0.013798888896273162,0.00042802029635061927,0.013852058682293989,0.0004319500674515153,0,13,50,True,True,validation_plateau,,,7033,,0.0,0.022763777000363916,f85df9bfb01ada731b72d289dfc6677247fb3d573798675933104452f745a37d,1572,19,0,-0.008466364089178413,-0.005811267255961235,0.17080689178774924,0.3191049387439976,-0.020661171023430736,0.020661171023430736,True,0.0,,149.16097202699166,0.013521584760022982,0.00027730413625018033,0.01366628418152438,0.00013260471474878244,0.013798888896273162,0.0,0.01366628418152438,0.00013260471474878244
fold-000,posttraining/dlinear/seed-42/real/klpo_mc,evaluation,posttraining,posttraining,dlinear,klpo_mc,42,True,median,reference/US-natural/search/dlinear-10-s42,19716,19,0.013798888896273162,0.00042802029635061927,0.013852058682293989,0.0004319500674515153,0,13,50,True,True,validation_plateau,,,7033,,0.0,0.023059172002831474,f85df9bfb01ada731b72d289dfc6677247fb3d573798675933104452f745a37d,1572,19,0,-0.008466364089178413,-0.005811267255961235,0.17080689178774924,0.3191049387439976,-0.020661171023430736,0.020661171023430736,True,0.0,,158.84717362298397,0.013521584760022982,0.00027730413625018033,0.01366628418152438,0.00013260471474878244,0.013798888896273162,0.0,0.01366628418152438,0.00013260471474878244
fold-000,posttraining/dlinear/seed-42/real/mae,evaluation,posttraining,posttraining,dlinear,mae,42,True,median,reference/US-natural/search/dlinear-10-s42,19716,19,0.0139557010274505,0.00043546742739252137,0.014009943079156248,0.0004393667448780375,5,13,50,False,True,validation_plateau,,,7033,,0.0,0.023125396997784264,ba75d087c3f779c1841162ba99fd84b888c25c53aef234a2b3ab9eb00efca8f5,1572,19,0,0.001228312242725315,0.001147551206548755,0.16612876661790996,0.3064796203998229,-0.020661171023430736,0.027548228031240976,False,0.020783804011920037,,141.39692595298402,0.013521584760022982,0.00043411626742751765,0.01366628418152438,0.00028941684592611976,0.013798888896273162,0.00015681213117733732,0.013901532866143975,5.4168161306523965e-05
fold-000,posttraining/dlinear/seed-42/real/neural_mae,evaluation,posttraining,posttraining,dlinear,neural_mae,42,True,median,reference/US-natural/search/dlinear-10-s42,19716,19,0.013513492860142246,0.00041840491609128566,0.013571940538956457,0.0004224991479022336,3,13,50,False,True,validation_plateau,,,7033,,0.0,0.021351301998947747,6b3dba16c419602af9a9ce49a4fef3252d702734d48c0e0455de96d9e0eae0df,1572,16,3,-0.003930421270234327,0.0005433967059543748,0.006781421133911475,0.011339864407357833,-0.0068870570078102405,0.0068870570078102405,False,0.018315687775611877,,142.05746133305365,0.013521584760022982,-8.0918998807359e-06,0.01366628418152438,-0.0001527913213821338,0.013798888896273162,-0.00028539603613091623,0.013440526704057603,7.296615608464244e-05
fold-000,posttraining/dlinear/seed-42/real/neural_mse,evaluation,posttraining,posttraining,dlinear,neural_mse,42,True,median,reference/US-natural/search/dlinear-10-s42,19716,19,0.013427602662183472,0.0004143726562719921,0.013481986509588288,0.0004182582925600696,3,13,50,False,True,validation_plateau,,,7033,,0.0,0.02252382700680755,1dcb5aefc11eceed86a2842b95e2cefae16ce29181e56c611ef8513d5263a11e,1572,18,1,0.0028890142863848595,0.010036297105697978,0.04027871897838747,0.05897070081965735,-0.013774114015620488,0.0068870570078102405,False,0.014084773138165474,,145.69756096496712,0.013521584760022982,-9.39820978395102e-05,0.01366628418152438,-0.0002386815193409081,0.013798888896273162,-0.0003712862340896905,0.013418766338906395,8.836323277076896e-06
fold-000,posttraining/dlinear/seed-42/real/reinforce,evaluation,posttraining,posttraining,dlinear,reinforce,42,True,median,reference/US-natural/search/dlinear-10-s42,19716,19,0.014383125270914348,0.0004543781569919,0.014434504043342488,0.0004582407635203299,1,13,50,False,True,validation_plateau,,,7033,,0.0,0.02337314198666718,7091e9786c69678b1f44d083cf1b2ec4f1e2cf5eb5dc847b674b22d1c5c4cf8b,1572,19,0,0.00040885184271332204,0.0013629891497176343,0.18959093807407118,0.35868055608355937,-0.020661171023430736,0.03443528503905123,False,0.02293432623133295,,146.64486109197605,0.013521584760022982,0.0008615405108913666,0.01366628418152438,0.0007168410893899687,0.013798888896273162,0.0005842363746411863,0.014311748309818292,7.137696109605664e-05
fold-000,posttraining/dlinear/seed-43/real/expected,evaluation,posttraining,posttraining,dlinear,expected,43,True,median,reference/US-natural/search/dlinear-10-s42,19716,19,0.01399613009275236,0.0004353310864674579,0.014046262023389296,0.0004390711427253752,11,19,50,False,True,validation_plateau,,,10279,,0.0,0.02252815400424879,22cc0953e608905752fc3082904da3cb4bc326e1d18614b835e393a3c0fba0f7,1572,19,0,-0.0002175198189293515,0.0005864803130406374,0.2376598067850837,0.4489482806080481,-0.027548228031240976,0.020661171023430736,False,0.03480906825406374,,201.10585814900696,0.013521584760022982,0.0004745453327293786,0.01366628418152438,0.0003298459112279807,0.013798888896273162,0.00019724119647919827,0.013849090918095518,0.00014703917465684266
fold-000,posttraining/dlinear/seed-43/real/klpo_exact,evaluation,posttraining,posttraining,dlinear,klpo_exact,43,True,median,reference/US-natural/search/dlinear-10-s42,19716,19,0.013798888896273162,0.00042802029635061927,0.013852058682293989,0.0004319500674515153,0,13,50,True,True,validation_plateau,,,7033,,0.0,0.023076124998624437,f85df9bfb01ada731b72d289dfc6677247fb3d573798675933104452f745a37d,1572,19,0,-0.008466364089178413,-0.005811267255961235,0.17080689178774924,0.3191049387439976,-0.020661171023430736,0.020661171023430736,True,0.0,,144.2783737090067,0.013521584760022982,0.00027730413625018033,0.01366628418152438,0.00013260471474878244,0.013798888896273162,0.0,0.01366628418152438,0.00013260471474878244
fold-000,posttraining/dlinear/seed-43/real/klpo_full,evaluation,posttraining,posttraining,dlinear,klpo_full,43,True,median,reference/US-natural/search/dlinear-10-s42,19716,19,0.013798888896273162,0.00042802029635061927,0.013852058682293989,0.0004319500674515153,0,13,50,True,True,validation_plateau,,,7033,,0.0,0.023147567990235984,f85df9bfb01ada731b72d289dfc6677247fb3d573798675933104452f745a37d,1572,19,0,-0.008466364089178413,-0.005811267255961235,0.17080689178774924,0.3191049387439976,-0.020661171023430736,0.020661171023430736,True,0.0,,147.24233676097356,0.013521584760022982,0.00027730413625018033,0.01366628418152438,0.00013260471474878244,0.013798888896273162,0.0,0.01366628418152438,0.00013260471474878244
fold-000,posttraining/dlinear/seed-43/real/klpo_mc,evaluation,posttraining,posttraining,dlinear,klpo_mc,43,True,median,reference/US-natural/search/dlinear-10-s42,19716,19,0.013798888896273162,0.00042802029635061927,0.013852058682293989,0.0004319500674515153,0,13,50,True,True,validation_plateau,,,7033,,0.0,0.023004018992651254,f85df9bfb01ada731b72d289dfc6677247fb3d573798675933104452f745a37d,1572,19,0,-0.008466364089178413,-0.005811267255961235,0.17080689178774924,0.3191049387439976,-0.020661171023430736,0.020661171023430736,True,0.0,,150.11919297999702,0.013521584760022982,0.00027730413625018033,0.01366628418152438,0.00013260471474878244,0.013798888896273162,0.0,0.01366628418152438,0.00013260471474878244
fold-000,posttraining/dlinear/seed-43/real/mae,evaluation,posttraining,posttraining,dlinear,mae,43,True,median,reference/US-natural/search/dlinear-10-s42,19716,19,0.013940127539487104,0.00043621662827182753,0.013995607596842928,0.0004403340069458927,5,13,50,False,True,validation_plateau,,,7033,,0.0,0.023191971995402128,9148dc74ddfc467df122a6dd0b6658a764c92f15d39cc45dc8bfe00d52e918bf,1572,19,0,-0.0070461802909588785,-0.01128619867918223,0.21051983120857873,0.40332276365551495,-0.020661171023430736,0.03443528503905123,False,0.020605017971154924,,143.4613473600475,0.013521584760022982,0.00041854277946412263,0.01366628418152438,0.00027384335796272474,0.013798888896273162,0.0001412386432139423,0.013836448341698388,0.00010367919778871658
fold-000,posttraining/dlinear/seed-43/real/neural_mae,evaluation,posttraining,posttraining,dlinear,neural_mae,43,True,median,reference/US-natural/search/dlinear-10-s42,19716,19,0.01351691230386311,0.00041825303894892763,0.01357567182815741,0.000422331970974529,4,13,50,False,True,validation_plateau,,,7033,,0.0,0.022127622010884807,88d238745ecfeda58ae0d82fc90c9829abebf95c6a720be1c70ec257e9f86920,1572,17,2,0.006007177744027655,0.027780937357205767,0.004753210263612781,0.0081232374983849,-0.0068870570078102405,0.0068870570078102405,False,0.019668545573949814,,149.64777736505494,0.013521584760022982,-4.672456159870997e-06,0.01366628418152438,-0.0001493718776612689,0.013798888896273162,-0.0002819765924100513,0.013462319018302958,5.459328556015226e-05
fold-000,posttraining/dlinear/seed-43/real/neural_mse,evaluation,posttraining,posttraining,dlinear,neural_mse,43,True,median,reference/US-natural/search/dlinear-10-s42,19716,19,0.013434873931845939,0.00041468467527158525,0.013488885271559168,0.0004185512573657051,4,13,50,False,True,validation_plateau,,,7033,,0.0,0.022103697003331035,2cb40169084619cf7ca2637b5f48a679c446f9402aa03348d353f0de4d255e1f,1572,19,0,0.003908885714849857,0.008383952286676872,0.04869429421481667,0.07360225222050908,-0.013774114015620488,0.0,False,0.018832437694072723,,140.25899050198495,0.013521584760022982,-8.671082817704283e-05,0.01366628418152438,-0.00023141024967844072,0.013798888896273162,-0.00036401496442722316,0.013412743350047936,2.213058179800255e-05
fold-000,posttraining/dlinear/seed-43/real/reinforce,evaluation,posttraining,posttraining,dlinear,reinforce,43,True,median,reference/US-natural/search/dlinear-10-s42,19716,19,0.013815822498654155,0.00042665434161584515,0.013864031258937926,0.00043028729704993473,10,18,50,False,True,validation_plateau,,,9738,,0.0,0.0233690249879146,a9f22d2ad9f5bb6e0d663b2fac32bfabdc437acf21689e010ccfdfd22242bfdf,1572,19,0,6.323762972455355e-05,0.009462184195654363,0.17836284762594584,0.3342583264065821,-0.020661171023430736,0.020661171023430736,False,0.02444644801758847,,197.8051050940412,0.013521584760022982,0.00029423773863117286,0.01366628418152438,0.00014953831712977497,0.013798888896273162,1.6933602380992535e-05,0.013689529557317667,0.000126292941336488
fold-000,posttraining/dlinear/seed-44/real/expected,evaluation,posttraining,posttraining,dlinear,expected,44,True,median,reference/US-natural/search/dlinear-10-s42,19716,19,0.01388712821433365,0.0004306798471630967,0.013935109225179187,0.00043431736484573477,10,18,50,False,True,validation_plateau,,,9738,,0.0,0.023322106004343368,b348b5e4b0278b588adc5f3668bffadbfdc1b5966818817431fad2c2b6f7c1de,1572,19,0,0.017665259316453467,0.013669369921613102,0.20802442877768315,0.38801603180369093,-0.027548228031240976,0.027548228031240976,False,0.01838865109602567,,191.91129885899136,0.013521584760022982,0.00036554345431066837,0.01366628418152438,0.00022084403280927048,0.013798888896273162,8.823931806048804e-05,0.013779125336642278,0.00010800287769137211
fold-000,posttraining/dlinear/seed-44/real/klpo_exact,evaluation,posttraining,posttraining,dlinear,klpo_exact,44,True,median,reference/US-natural/search/dlinear-10-s42,19716,19,0.013798888896273162,0.00042802029635061927,0.013852058682293989,0.0004319500674515153,0,13,50,True,True,validation_plateau,,,7033,,0.0,0.022701951005728915,f85df9bfb01ada731b72d289dfc6677247fb3d573798675933104452f745a37d,1572,19,0,-0.008466364089178413,-0.005811267255961235,0.17080689178774924,0.3191049387439976,-0.020661171023430736,0.020661171023430736,True,0.0,,146.21957432903582,0.013521584760022982,0.00027730413625018033,0.01366628418152438,0.00013260471474878244,0.013798888896273162,0.0,0.01366628418152438,0.00013260471474878244
fold-000,posttraining/dlinear/seed-44/real/klpo_full,evaluation,posttraining,posttraining,dlinear,klpo_full,44,True,median,reference/US-natural/search/dlinear-10-s42,19716,19,0.013798888896273162,0.00042802029635061927,0.013852058682293989,0.0004319500674515153,0,13,50,True,True,validation_plateau,,,7033,,0.0,0.02264595599262975,f85df9bfb01ada731b72d289dfc6677247fb3d573798675933104452f745a37d,1572,19,0,-0.008466364089178413,-0.005811267255961235,0.17080689178774924,0.3191049387439976,-0.020661171023430736,0.020661171023430736,True,0.0,,145.07658961298876,0.013521584760022982,0.00027730413625018033,0.01366628418152438,0.00013260471474878244,0.013798888896273162,0.0,0.01366628418152438,0.00013260471474878244
fold-000,posttraining/dlinear/seed-44/real/klpo_mc,evaluation,posttraining,posttraining,dlinear,klpo_mc,44,True,median,reference/US-natural/search/dlinear-10-s42,19716,19,0.013798888896273162,0.00042802029635061927,0.013852058682293989,0.0004319500674515153,0,13,50,True,True,validation_plateau,,,7033,,0.0,0.023028394003631547,f85df9bfb01ada731b72d289dfc6677247fb3d573798675933104452f745a37d,1572,19,0,-0.008466364089178413,-0.005811267255961235,0.17080689178774924,0.3191049387439976,-0.020661171023430736,0.020661171023430736,True,0.0,,155.89703459397424,0.013521584760022982,0.00027730413625018033,0.01366628418152438,0.00013260471474878244,0.013798888896273162,0.0,0.01366628418152438,0.00013260471474878244
fold-000,posttraining/dlinear/seed-44/real/mae,evaluation,posttraining,posttraining,dlinear,mae,44,True,median,reference/US-natural/search/dlinear-10-s42,19716,19,0.014647496227854022,0.0004655360807679092,0.014698989742474501,0.0004695061344342374,1,13,50,False,True,validation_plateau,,,7033,,0.0,0.02308170500327833,c9fc47de4eb01a2f9d063b9a4122309de6ce0d83d880dd435b8bf58c86841b9a,1572,19,0,-0.005090069880426908,-0.012593777257069875,0.28222561359069515,0.5477523687398174,-0.013774114015620488,0.03443528503905123,False,0.028386293377070767,,133.49873088800814,0.013521584760022982,0.0011259114678310398,0.01366628418152438,0.000981212046329642,0.013798888896273162,0.0008486073315808595,0.014515117344661026,0.00013237888319299514
fold-000,posttraining/dlinear/seed-44/real/neural_mae,evaluation,posttraining,posttraining,dlinear,neural_mae,44,True,median,reference/US-natural/search/dlinear-10-s42,19716,19,0.013518770483535277,0.0004183980064679144,0.0135773307128856,0.0004224637998716706,3,13,50,False,True,validation_plateau,,,7033,,0.0,0.022387250006431714,bf72881ed0e652e454921f94e43455ec388c14f87d175a5d8c7ae882f568dfde,1572,19,0,0.003980126959454117,0.00963341379164867,0.007363097418035478,0.013223717141218881,-0.0068870570078102405,0.0,False,0.02011093497276306,,138.53682361496612,0.013521584760022982,-2.814276487704548e-06,0.01366628418152438,-0.00014751369798910244,0.013798888896273162,-0.0002801184127378849,0.013464813903018905,5.395658051637192e-05
fold-000,posttraining/dlinear/seed-44/real/neural_mse,evaluation,posttraining,posttraining,dlinear,neural_mse,44,True,median,reference/US-natural/search/dlinear-10-s42,19716,19,0.013440025909284203,0.00041474278775394764,0.01349485544469778,0.00041865310547608826,5,13,50,False,True,validation_plateau,,,7033,,0.0,0.022590732012758963,9b5dc74f8207d01d19683042d24736eeb61a5c0cd1890b4f72a62f2c387e3ab6,1572,18,1,0.005121296277543768,0.010705299209859666,0.036277948535021545,0.053184201691052854,-0.0068870570078102405,0.0,False,0.016785426065325737,,143.6845983879757,0.013521584760022982,-8.155885073877871e-05,0.01366628418152438,-0.0002262582722401766,0.013798888896273162,-0.00035886298698895903,0.013412343498701147,2.7682410583056496e-05
fold-000,posttraining/dlinear/seed-44/real/reinforce,evaluation,posttraining,posttraining,dlinear,reinforce,44,True,median,reference/US-natural/search/dlinear-10-s42,19716,19,0.013798888896273162,0.00042802029635061927,0.013852058682293989,0.0004319500674515153,0,13,50,True,True,validation_plateau,,,7033,,0.0,0.022770009003579617,f85df9bfb01ada731b72d289dfc6677247fb3d573798675933104452f745a37d,1572,19,0,-0.008466364089178413,-0.005811267255961235,0.17080689178774924,0.3191049387439976,-0.020661171023430736,0.020661171023430736,True,0.0,,148.14941772300517,0.013521584760022982,0.00027730413625018033,0.01366628418152438,0.00013260471474878244,0.013798888896273162,0.0,0.01366628418152438,0.00013260471474878244
fold-000,posttraining/gru/seed-42/real/expected,evaluation,posttraining,posttraining,gru,expected,42,True,median,reference/US-natural/search/gru-10-s42,19716,19,0.014454223252541731,0.00045214348812530576,0.014500232428142835,0.0004560159264435173,1,13,50,False,True,validation_plateau,,,7033,,0.0,0.031258114002412185,5f64f83a2207e8bf21ca72cf2e808f9327c3b8caf76343fed0fd8d8d471554a8,1572,19,0,-0.006097112081345706,-0.005749017831391967,0.3100678756096807,0.6103509171170896,-0.020661171023430736,0.027548228031240976,False,0.01678436451089916,,143.67073173599783,0.013521584760022982,0.0009326384925187493,0.014225837527361024,0.0002283857251807065,0.014412885092026373,4.133816051535809e-05,0.0143133265503556,0.00014089670218613015
fold-000,posttraining/gru/seed-42/real/klpo_exact,evaluation,posttraining,posttraining,gru,klpo_exact,42,True,median,reference/US-natural/search/gru-10-s42,19716,19,0.014412885092026373,0.0004480101276270553,0.014451237860850742,0.00045150315414049287,0,13,50,True,True,validation_plateau,,,7033,,0.0,0.02275216499401722,d16abea104e5da246e6f44843e5efde8db5df20d40bd2c9ac21ee6b865ff3a34,1572,19,0,-0.01747031628173851,-0.01331729929890256,0.30426670573172787,0.5995673696692245,-0.020661171023430736,0.013774114015620495,True,0.0,,150.82715410302626,0.013521584760022982,0.0008913003320033912,0.014225837527361024,0.00018704756466534841,0.014412885092026373,0.0,0.014225837527361024,0.00018704756466534841
fold-000,posttraining/gru/seed-42/real/klpo_full,evaluation,posttraining,posttraining,gru,klpo_full,42,True,median,reference/US-natural/search/gru-10-s42,19716,19,0.014412885092026373,0.0004480101276270553,0.014451237860850742,0.00045150315414049287,0,13,50,True,True,validation_plateau,,,7033,,0.0,0.023373703996185213,d16abea104e5da246e6f44843e5efde8db5df20d40bd2c9ac21ee6b865ff3a34,1572,19,0,-0.01747031628173851,-0.01331729929890256,0.30426670573172787,0.5995673696692245,-0.020661171023430736,0.013774114015620495,True,0.0,,150.76683043001685,0.013521584760022982,0.0008913003320033912,0.014225837527361024,0.00018704756466534841,0.014412885092026373,0.0,0.014225837527361024,0.00018704756466534841
fold-000,posttraining/gru/seed-42/real/klpo_mc,evaluation,posttraining,posttraining,gru,klpo_mc,42,True,median,reference/US-natural/search/gru-10-s42,19716,19,0.014412885092026373,0.0004480101276270553,0.014451237860850742,0.00045150315414049287,0,13,50,True,True,validation_plateau,,,7033,,0.0,0.023332456999924034,d16abea104e5da246e6f44843e5efde8db5df20d40bd2c9ac21ee6b865ff3a34,1572,19,0,-0.01747031628173851,-0.01331729929890256,0.30426670573172787,0.5995673696692245,-0.020661171023430736,0.013774114015620495,True,0.0,,153.78434037102852,0.013521584760022982,0.0008913003320033912,0.014225837527361024,0.00018704756466534841,0.014412885092026373,0.0,0.014225837527361024,0.00018704756466534841
fold-000,posttraining/gru/seed-42/real/mae,evaluation,posttraining,posttraining,gru,mae,42,True,median,reference/US-natural/search/gru-10-s42,19716,19,0.014519442119351232,0.0004561521614215824,0.014569836663317728,0.00046020821031080413,1,13,50,False,True,validation_plateau,,,7033,,0.0,0.023284205002710223,cc5f026261788bb80608a47e97c5e825733e17e2eb4ea8bc2391d248c04cc2b1,1572,19,0,-0.00647627345167795,-0.011463267602311486,0.31163282121801555,0.6206782152159459,-0.020661171023430736,0.03443528503905123,False,0.023455849100857542,,146.67739359097322,0.013521584760022982,0.0009978573593282507,0.014225837527361024,0.000293604591990208,0.014412885092026373,0.00010655702732485957,0.014371552899626409,0.0001478892197248234
fold-000,posttraining/gru/seed-42/real/neural_mae,evaluation,posttraining,posttraining,gru,neural_mae,42,True,median,reference/US-natural/search/gru-10-s42,19716,19,0.01353023612663954,0.000419037216629653,0.013589716509729068,0.00042317792188492344,7,15,50,False,True,validation_plateau,,,8115,,0.0,0.022222240004339255,3755bd601c29ce3b116b9476350799e37c14180b500c3ed22a1abb95be512bf1,1572,19,0,0.00036736801640139703,0.011660544778255243,0.0024711011189705923,0.00511887122310605,-0.0068870570078102405,0.0068870570078102405,False,0.01888207718729973,,175.70328981196508,0.013521584760022982,8.651366616558437e-06,0.014225837527361024,-0.0006956014007214843,0.014412885092026373,-0.0008826489653868327,0.013552488091221294,-2.2251964581753922e-05
fold-000,posttraining/gru/seed-42/real/neural_mse,evaluation,posttraining,posttraining,gru,neural_mse,42,True,median,reference/US-natural/search/gru-10-s42,19716,19,0.013582853854544864,0.00042139706639865974,0.013648101495856824,0.0004257784722527753,10,18,50,False,True,validation_plateau,,,9738,,0.0,0.02029177099757362,5ada266b89cf4096f86d4fe8e80967bc1cd5c5967de05ae4b003be7ae068073e,1572,13,6,-0.017090284504934525,-0.028811817935161875,0.009200008722346572,0.02310265672905326,-0.0068870570078102405,0.0068870570078102405,False,0.020195819437503815,,206.63337761501316,0.013521584760022982,6.126909452188259e-05,0.014225837527361024,-0.0006429836728161602,0.014412885092026373,-0.0008300312374815086,0.013613064668304154,-3.021081375929012e-05
fold-000,posttraining/gru/seed-42/real/reinforce,evaluation,posttraining,posttraining,gru,reinforce,42,True,median,reference/US-natural/search/gru-10-s42,19716,19,0.014475275419328753,0.0004500482187015959,0.014511186849507442,0.0004534428940093392,1,13,50,False,True,validation_plateau,,,7033,,0.0,0.022925761993974447,1109df131c40d910c8e3c610203ab7376f60353b2151f29d7ea44e90add64bc0,1572,19,0,0.0032509513973470335,0.00812291601843633,0.32884625547620877,0.6384891494388699,-0.020661171023430736,0.020661171023430736,False,0.02214877383205726,,150.24494349502493,0.013521584760022982,0.0009536906593057715,0.014225837527361024,0.00024943789196772877,0.014412885092026373,6.239032730238035e-05,0.014359966750028418,0.00011530866930033537
fold-000,posttraining/gru/seed-43/real/expected,evaluation,posttraining,posttraining,gru,expected,43,True,median,reference/US-natural/search/gru-10-s42,19716,19,0.014412885092026373,0.0004480101276270553,0.014451237860850742,0.00045150315414049287,0,13,50,True,True,validation_plateau,,,7033,,0.0,0.02359867701306939,d16abea104e5da246e6f44843e5efde8db5df20d40bd2c9ac21ee6b865ff3a34,1572,19,0,-0.01747031628173851,-0.01331729929890256,0.30426670573172787,0.5995673696692245,-0.020661171023430736,0.013774114015620495,True,0.0,,139.11339955200674,0.013521584760022982,0.0008913003320033912,0.014225837527361024,0.00018704756466534841,0.014412885092026373,0.0,0.014225837527361024,0.00018704756466534841
fold-000,posttraining/gru/seed-43/real/klpo_exact,evaluation,posttraining,posttraining,gru,klpo_exact,43,True,median,reference/US-natural/search/gru-10-s42,19716,19,0.014412885092026373,0.0004480101276270553,0.014451237860850742,0.00045150315414049287,0,13,50,True,True,validation_plateau,,,7033,,0.0,0.02313597699685488,d16abea104e5da246e6f44843e5efde8db5df20d40bd2c9ac21ee6b865ff3a34,1572,19,0,-0.01747031628173851,-0.01331729929890256,0.30426670573172787,0.5995673696692245,-0.020661171023430736,0.013774114015620495,True,0.0,,143.2207602179842,0.013521584760022982,0.0008913003320033912,0.014225837527361024,0.00018704756466534841,0.014412885092026373,0.0,0.014225837527361024,0.00018704756466534841
fold-000,posttraining/gru/seed-43/real/klpo_full,evaluation,posttraining,posttraining,gru,klpo_full,43,True,median,reference/US-natural/search/gru-10-s42,19716,19,0.014412885092026373,0.0004480101276270553,0.014451237860850742,0.00045150315414049287,0,13,50,True,True,validation_plateau,,,7033,,0.0,0.022184748988365754,d16abea104e5da246e6f44843e5efde8db5df20d40bd2c9ac21ee6b865ff3a34,1572,19,0,-0.01747031628173851,-0.01331729929890256,0.30426670573172787,0.5995673696692245,-0.020661171023430736,0.013774114015620495,True,0.0,,146.49731770297512,0.013521584760022982,0.0008913003320033912,0.014225837527361024,0.00018704756466534841,0.014412885092026373,0.0,0.014225837527361024,0.00018704756466534841
fold-000,posttraining/gru/seed-43/real/klpo_mc,evaluation,posttraining,posttraining,gru,klpo_mc,43,True,median,reference/US-natural/search/gru-10-s42,19716,19,0.014412885092026373,0.0004480101276270553,0.014451237860850742,0.00045150315414049287,0,13,50,True,True,validation_plateau,,,7033,,0.0,0.022927334997802973,d16abea104e5da246e6f44843e5efde8db5df20d40bd2c9ac21ee6b865ff3a34,1572,19,0,-0.01747031628173851,-0.01331729929890256,0.30426670573172787,0.5995673696692245,-0.020661171023430736,0.013774114015620495,True,0.0,,153.563621659996,0.013521584760022982,0.0008913003320033912,0.014225837527361024,0.00018704756466534841,0.014412885092026373,0.0,0.014225837527361024,0.00018704756466534841
fold-000,posttraining/gru/seed-43/real/mae,evaluation,posttraining,posttraining,gru,mae,43,True,median,reference/US-natural/search/gru-10-s42,19716,19,0.014412885092026373,0.0004480101276270553,0.014451237860850742,0.00045150315414049287,0,13,50,True,True,validation_plateau,,,7033,,0.0,0.022901977004949003,d16abea104e5da246e6f44843e5efde8db5df20d40bd2c9ac21ee6b865ff3a34,1572,19,0,-0.01747031628173851,-0.01331729929890256,0.30426670573172787,0.5995673696692245,-0.020661171023430736,0.013774114015620495,True,0.0,,134.5214930489892,0.013521584760022982,0.0008913003320033912,0.014225837527361024,0.00018704756466534841,0.014412885092026373,0.0,0.014225837527361024,0.00018704756466534841
fold-000,posttraining/gru/seed-43/real/neural_mae,evaluation,posttraining,posttraining,gru,neural_mae,43,True,median,reference/US-natural/search/gru-10-s42,19716,19,0.013521710372251127,0.0004186828819353946,0.013580768439781394,0.0004227680916602273,12,20,50,False,True,validation_plateau,,,10820,,0.0,0.02259275599499233,d80c38f0bdc0edbc618178c5c9815442bbc1a213fc8536340e0af4d1c90c5d13,1572,19,0,0.0042154728334033885,0.0014201664186191114,0.007159097114237989,0.012795678344637509,-0.0068870570078102405,0.0,False,0.01803032774478197,,230.85006503999466,0.013521584760022982,1.256122281450417e-07,0.014225837527361024,-0.0007041271551098977,0.014412885092026373,-0.0008911747197752461,0.013506267133281288,1.544323896983911e-05
fold-000,posttraining/gru/seed-43/real/neural_mse,evaluation,posttraining,posttraining,gru,neural_mse,43,True,median,reference/US-natural/search/gru-10-s42,19716,19,0.013523956502110848,0.00041857300535087273,0.013582491452043401,0.0004226519184987825,5,13,50,False,True,validation_plateau,,,7033,,0.0,0.02208880800753832,8d235d003c8cecaf52bcc91a46f166a4271d9bafb07a67cf157a70112bcbf3f2,1572,19,0,0.007204689755334425,0.01064132593927911,0.00594680295738586,0.010539696162448904,-0.0068870570078102405,0.0068870570078102405,False,0.01666695438325405,,153.10259779996704,0.013521584760022982,2.371742087866127e-06,0.014225837527361024,-0.0007018810252501766,0.014412885092026373,-0.000888928589915525,0.01351863785945587,5.318642654978528e-06
fold-000,posttraining/gru/seed-43/real/reinforce,evaluation,posttraining,posttraining,gru,reinforce,43,True,median,reference/US-natural/search/gru-10-s42,19716,19,0.014412885092026373,0.0004480101276270553,0.014451237860850742,0.00045150315414049287,0,13,50,True,True,validation_plateau,,,7033,,0.0,0.02283907799574081,d16abea104e5da246e6f44843e5efde8db5df20d40bd2c9ac21ee6b865ff3a34,1572,19,0,-0.01747031628173851,-0.01331729929890256,0.30426670573172787,0.5995673696692245,-0.020661171023430736,0.013774114015620495,True,0.0,,146.43665718403645,0.013521584760022982,0.0008913003320033912,0.014225837527361024,0.00018704756466534841,0.014412885092026373,0.0,0.014225837527361024,0.00018704756466534841
fold-000,posttraining/gru/seed-44/real/expected,evaluation,posttraining,posttraining,gru,expected,44,True,median,reference/US-natural/search/gru-10-s42,19716,19,0.01426486369505517,0.0004419539647868666,0.01429783026077486,0.000445149126199567,7,15,50,False,True,validation_plateau,,,8115,,0.0,0.022851060988614336,b8128a247cc9aab3956ec349f09149c4b5aedb34a5295967ea68bd90a99a7b31,1572,19,0,-0.0033348875914170693,0.0009489625631031536,0.2876523095770782,0.5539213596337295,-0.027548228031240976,0.027548228031240976,False,0.01693632233952382,,171.47934972302755,0.013521584760022982,0.0007432789350321888,0.014225837527361024,3.902616769414606e-05,0.014412885092026373,-0.00014802139697120235,0.01413920597500103,0.00012565772005414082
fold-000,posttraining/gru/seed-44/real/klpo_exact,evaluation,posttraining,posttraining,gru,klpo_exact,44,True,median,reference/US-natural/search/gru-10-s42,19716,19,0.014412885092026373,0.0004480101276270553,0.014451237860850742,0.00045150315414049287,0,13,50,True,True,validation_plateau,,,7033,,0.0,0.023244942000019364,d16abea104e5da246e6f44843e5efde8db5df20d40bd2c9ac21ee6b865ff3a34,1572,19,0,-0.01747031628173851,-0.01331729929890256,0.30426670573172787,0.5995673696692245,-0.020661171023430736,0.013774114015620495,True,0.0,,151.15319065598305,0.013521584760022982,0.0008913003320033912,0.014225837527361024,0.00018704756466534841,0.014412885092026373,0.0,0.014225837527361024,0.00018704756466534841
fold-000,posttraining/gru/seed-44/real/klpo_full,evaluation,posttraining,posttraining,gru,klpo_full,44,True,median,reference/US-natural/search/gru-10-s42,19716,19,0.014412885092026373,0.0004480101276270553,0.014451237860850742,0.00045150315414049287,0,13,50,True,True,validation_plateau,,,7033,,0.0,0.022466046997578815,d16abea104e5da246e6f44843e5efde8db5df20d40bd2c9ac21ee6b865ff3a34,1572,19,0,-0.01747031628173851,-0.01331729929890256,0.30426670573172787,0.5995673696692245,-0.020661171023430736,0.013774114015620495,True,0.0,,149.76046840503113,0.013521584760022982,0.0008913003320033912,0.014225837527361024,0.00018704756466534841,0.014412885092026373,0.0,0.014225837527361024,0.00018704756466534841
fold-000,posttraining/gru/seed-44/real/klpo_mc,evaluation,posttraining,posttraining,gru,klpo_mc,44,True,median,reference/US-natural/search/gru-10-s42,19716,19,0.014412885092026373,0.0004480101276270553,0.014451237860850742,0.00045150315414049287,0,13,50,True,True,validation_plateau,,,7033,,0.0,0.022130688012111932,d16abea104e5da246e6f44843e5efde8db5df20d40bd2c9ac21ee6b865ff3a34,1572,19,0,-0.01747031628173851,-0.01331729929890256,0.30426670573172787,0.5995673696692245,-0.020661171023430736,0.013774114015620495,True,0.0,,158.37154450803064,0.013521584760022982,0.0008913003320033912,0.014225837527361024,0.00018704756466534841,0.014412885092026373,0.0,0.014225837527361024,0.00018704756466534841
fold-000,posttraining/gru/seed-44/real/mae,evaluation,posttraining,posttraining,gru,mae,44,True,median,reference/US-natural/search/gru-10-s42,19716,19,0.014264423841793977,0.0004422941165233317,0.014295874147172788,0.0004454536121797402,7,15,50,False,True,validation_plateau,,,8115,,0.0,0.022792311006924137,076120f3dff9f99b17a05eec8810f3fb0dca26894199f5a61f5630a0f06776c1,1572,19,0,-0.0023346045678533838,-0.0011771030529745734,0.27909091473626413,0.5394479655651091,-0.027548228031240976,0.027548228031240976,False,0.020094453842281586,,163.18585198698565,0.013521584760022982,0.0007428390817709948,0.014225837527361024,3.8586314432952074e-05,0.014412885092026373,-0.00014846125023239634,0.014139502802734306,0.0001249210390596705
fold-000,posttraining/gru/seed-44/real/neural_mae,evaluation,posttraining,posttraining,gru,neural_mae,44,True,median,reference/US-natural/search/gru-10-s42,19716,19,0.01354049395144493,0.00041948577369567007,0.013601120300838307,0.0004236355862132291,5,13,50,False,True,validation_plateau,,,7033,,0.0,0.022594929992919788,3a54dcd0e3db9425d5b2662d537ca835debb1d6e232febd68c196a09a7303a77,1572,19,0,0.004380512750717201,-0.0004429994205152686,0.021899130008636875,0.03819083369861155,-0.0068870570078102405,0.0068870570078102405,False,0.01730629801750183,,149.3878670859849,0.013521584760022982,1.8909191421948718e-05,0.014225837527361024,-0.000685343575916094,0.014412885092026373,-0.0008723911405814425,0.013593195482039206,-5.27015305942756e-05
fold-000,posttraining/gru/seed-44/real/neural_mse,evaluation,posttraining,posttraining,gru,neural_mse,44,True,median,reference/US-natural/search/gru-10-s42,19716,19,0.013642498344382786,0.00042445207730645824,0.0137090100306794,0.0004289349111066264,6,14,50,False,True,validation_plateau,,,7574,,0.0,0.022350379993440583,399b9057f1a372243103451bd4c171a202e3b56b5030f4c275bb6df4b8cde4e2,1572,19,0,-0.008716072192424313,-0.002482389990617839,0.04808991193914858,0.09574756198667844,-0.0068870570078102405,0.0068870570078102405,False,0.019657444208860397,,168.11032990302192,0.013521584760022982,0.00012091358435980387,0.014225837527361024,-0.0005833391829782389,0.014412885092026373,-0.0007703867476435873,0.013700713708482783,-5.821536409999703e-05
fold-000,posttraining/gru/seed-44/real/reinforce,evaluation,posttraining,posttraining,gru,reinforce,44,True,median,reference/US-natural/search/gru-10-s42,19716,19,0.014412885092026373,0.0004480101276270553,0.014451237860850742,0.00045150315414049287,0,13,50,True,True,validation_plateau,,,7033,,0.0,0.022477209000498988,d16abea104e5da246e6f44843e5efde8db5df20d40bd2c9ac21ee6b865ff3a34,1572,19,0,-0.01747031628173851,-0.01331729929890256,0.30426670573172787,0.5995673696692245,-0.020661171023430736,0.013774114015620495,True,0.0,,141.83293666900136,0.013521584760022982,0.0008913003320033912,0.014225837527361024,0.00018704756466534841,0.014412885092026373,0.0,0.014225837527361024,0.00018704756466534841
fold-000,posttraining/lstm/seed-42/real/expected,evaluation,posttraining,posttraining,lstm,expected,42,True,median,reference/US-natural/search/lstm-00-s42,19716,19,0.013719993762841814,0.0004239022356403717,0.013786288514334976,0.0004283043878761087,0,13,50,True,True,validation_plateau,,,7033,,0.0,0.030828104994725436,fe2eb4c9fef7731d1e0003222fe929c06424f2021fd29c22d008e9f368f967a3,1572,19,0,0.02909122405749066,0.03668679364479353,0.18078207286548142,0.3255263102185965,-0.034435285039051224,0.03443528503905123,True,0.0,,149.01241975597804,0.013521584760022982,0.00019840900281883206,0.013651350054466245,6.864370837556845e-05,0.013719993762841814,0.0,0.013651350054466245,6.864370837556845e-05
fold-000,posttraining/lstm/seed-42/real/klpo_exact,evaluation,posttraining,posttraining,lstm,klpo_exact,42,True,median,reference/US-natural/search/lstm-00-s42,19716,19,0.013719993762841814,0.0004239022356403717,0.013786288514334976,0.0004283043878761087,0,13,50,True,True,validation_plateau,,,7033,,0.0,0.023252996994415298,fe2eb4c9fef7731d1e0003222fe929c06424f2021fd29c22d008e9f368f967a3,1572,19,0,0.02909122405749066,0.03668679364479353,0.18078207286548142,0.3255263102185965,-0.034435285039051224,0.03443528503905123,True,0.0,,148.85064428299665,0.013521584760022982,0.00019840900281883206,0.013651350054466245,6.864370837556845e-05,0.013719993762841814,0.0,0.013651350054466245,6.864370837556845e-05
fold-000,posttraining/lstm/seed-42/real/klpo_full,evaluation,posttraining,posttraining,lstm,klpo_full,42,True,median,reference/US-natural/search/lstm-00-s42,19716,19,0.013719993762841814,0.0004239022356403717,0.013786288514334976,0.0004283043878761087,0,13,50,True,True,validation_plateau,,,7033,,0.0,0.023205838006106205,fe2eb4c9fef7731d1e0003222fe929c06424f2021fd29c22d008e9f368f967a3,1572,19,0,0.02909122405749066,0.03668679364479353,0.18078207286548142,0.3255263102185965,-0.034435285039051224,0.03443528503905123,True,0.0,,152.3970192829729,0.013521584760022982,0.00019840900281883206,0.013651350054466245,6.864370837556845e-05,0.013719993762841814,0.0,0.013651350054466245,6.864370837556845e-05
fold-000,posttraining/lstm/seed-42/real/klpo_mc,evaluation,posttraining,posttraining,lstm,klpo_mc,42,True,median,reference/US-natural/search/lstm-00-s42,19716,19,0.013719993762841814,0.0004239022356403717,0.013786288514334976,0.0004283043878761087,0,13,50,True,True,validation_plateau,,,7033,,0.0,0.023012766003375873,fe2eb4c9fef7731d1e0003222fe929c06424f2021fd29c22d008e9f368f967a3,1572,19,0,0.02909122405749066,0.03668679364479353,0.18078207286548142,0.3255263102185965,-0.034435285039051224,0.03443528503905123,True,0.0,,157.10994608001783,0.013521584760022982,0.00019840900281883206,0.013651350054466245,6.864370837556845e-05,0.013719993762841814,0.0,0.013651350054466245,6.864370837556845e-05
fold-000,posttraining/lstm/seed-42/real/mae,evaluation,posttraining,posttraining,lstm,mae,42,True,median,reference/US-natural/search/lstm-00-s42,19716,19,0.013719993762841814,0.0004239022356403717,0.013786288514334976,0.0004283043878761087,0,13,50,True,True,validation_plateau,,,7033,,0.0,0.02341336800600402,fe2eb4c9fef7731d1e0003222fe929c06424f2021fd29c22d008e9f368f967a3,1572,19,0,0.02909122405749066,0.03668679364479353,0.18078207286548142,0.3255263102185965,-0.034435285039051224,0.03443528503905123,True,0.0,,132.91658008599188,0.013521584760022982,0.00019840900281883206,0.013651350054466245,6.864370837556845e-05,0.013719993762841814,0.0,0.013651350054466245,6.864370837556845e-05
fold-000,posttraining/lstm/seed-42/real/neural_mae,evaluation,posttraining,posttraining,lstm,neural_mae,42,True,median,reference/US-natural/search/lstm-00-s42,19716,19,0.013599548912041313,0.0004194991395426657,0.01365664130071717,0.00042351128417256347,6,14,50,False,True,validation_plateau,,,7574,,0.0,0.023117942997487262,f4b106f164fb900d95dd94cd80e6292929892d77547ed5ed8bc81c56254a56bf,1572,19,0,0.019425188974152206,0.023216755289219165,0.10160437264528077,0.18082446542480304,-0.020661171023430736,0.013774114015620495,False,0.020682476460933685,,160.7744417520007,0.013521584760022982,7.796415201833176e-05,0.013651350054466245,-5.180114242493185e-05,0.013719993762841814,-0.0001204448508005003,0.013512861411579624,8.668750046168967e-05
fold-000,posttraining/lstm/seed-42/real/neural_mse,evaluation,posttraining,posttraining,lstm,neural_mse,42,True,median,reference/US-natural/search/lstm-00-s42,19716,19,0.013719725036236047,0.0004266284680791917,0.013785998583136928,0.00043104121237628334,9,17,50,False,True,validation_plateau,,,9197,,0.0,0.022885696991579607,c40225eceaea34b8ac0cf316548a362861dcf96091b9ecd62283f342e40414b2,1572,19,0,-0.003096392601385252,-0.0025825891932684496,0.06083927813935388,0.1262401414479628,-0.013774114015620488,0.03443528503905123,False,0.025587424635887146,,191.74039003200596,0.013521584760022982,0.00019814027621306574,0.013651350054466245,6.837498176980213e-05,0.013719993762841814,-2.687266057663229e-07,0.013681246628982499,3.847840725354837e-05
fold-000,posttraining/lstm/seed-42/real/reinforce,evaluation,posttraining,posttraining,lstm,reinforce,42,True,median,reference/US-natural/search/lstm-00-s42,19716,19,0.013719993762841814,0.0004239022356403717,0.013786288514334976,0.0004283043878761087,0,13,50,True,True,validation_plateau,,,7033,,0.0,0.023145283994381316,fe2eb4c9fef7731d1e0003222fe929c06424f2021fd29c22d008e9f368f967a3,1572,19,0,0.02909122405749066,0.03668679364479353,0.18078207286548142,0.3255263102185965,-0.034435285039051224,0.03443528503905123,True,0.0,,142.94594790402334,0.013521584760022982,0.00019840900281883206,0.013651350054466245,6.864370837556845e-05,0.013719993762841814,0.0,0.013651350054466245,6.864370837556845e-05
fold-000,posttraining/lstm/seed-43/real/expected,evaluation,posttraining,posttraining,lstm,expected,43,True,median,reference/US-natural/search/lstm-00-s42,19716,19,0.013719993762841814,0.0004239022356403717,0.013786288514334976,0.0004283043878761087,0,13,50,True,True,validation_plateau,,,7033,,0.0,0.022253136994550005,fe2eb4c9fef7731d1e0003222fe929c06424f2021fd29c22d008e9f368f967a3,1572,19,0,0.02909122405749066,0.03668679364479353,0.18078207286548142,0.3255263102185965,-0.034435285039051224,0.03443528503905123,True,0.0,,147.43649996299064,0.013521584760022982,0.00019840900281883206,0.013651350054466245,6.864370837556845e-05,0.013719993762841814,0.0,0.013651350054466245,6.864370837556845e-05
fold-000,posttraining/lstm/seed-43/real/klpo_exact,evaluation,posttraining,posttraining,lstm,klpo_exact,43,True,median,reference/US-natural/search/lstm-00-s42,19716,19,0.013719993762841814,0.0004239022356403717,0.013786288514334976,0.0004283043878761087,0,13,50,True,True,validation_plateau,,,7033,,0.0,0.023122932005207986,fe2eb4c9fef7731d1e0003222fe929c06424f2021fd29c22d008e9f368f967a3,1572,19,0,0.02909122405749066,0.03668679364479353,0.18078207286548142,0.3255263102185965,-0.034435285039051224,0.03443528503905123,True,0.0,,141.4821172459633,0.013521584760022982,0.00019840900281883206,0.013651350054466245,6.864370837556845e-05,0.013719993762841814,0.0,0.013651350054466245,6.864370837556845e-05
fold-000,posttraining/lstm/seed-43/real/klpo_full,evaluation,posttraining,posttraining,lstm,klpo_full,43,True,median,reference/US-natural/search/lstm-00-s42,19716,19,0.013719993762841814,0.0004239022356403717,0.013786288514334976,0.0004283043878761087,0,13,50,True,True,validation_plateau,,,7033,,0.0,0.023225986005854793,fe2eb4c9fef7731d1e0003222fe929c06424f2021fd29c22d008e9f368f967a3,1572,19,0,0.02909122405749066,0.03668679364479353,0.18078207286548142,0.3255263102185965,-0.034435285039051224,0.03443528503905123,True,0.0,,155.90078770404216,0.013521584760022982,0.00019840900281883206,0.013651350054466245,6.864370837556845e-05,0.013719993762841814,0.0,0.013651350054466245,6.864370837556845e-05
fold-000,posttraining/lstm/seed-43/real/klpo_mc,evaluation,posttraining,posttraining,lstm,klpo_mc,43,True,median,reference/US-natural/search/lstm-00-s42,19716,19,0.013719993762841814,0.0004239022356403717,0.013786288514334976,0.0004283043878761087,0,13,50,True,True,validation_plateau,,,7033,,0.0,0.022906875994522125,fe2eb4c9fef7731d1e0003222fe929c06424f2021fd29c22d008e9f368f967a3,1572,19,0,0.02909122405749066,0.03668679364479353,0.18078207286548142,0.3255263102185965,-0.034435285039051224,0.03443528503905123,True,0.0,,158.35534415300936,0.013521584760022982,0.00019840900281883206,0.013651350054466245,6.864370837556845e-05,0.013719993762841814,0.0,0.013651350054466245,6.864370837556845e-05
fold-000,posttraining/lstm/seed-43/real/mae,evaluation,posttraining,posttraining,lstm,mae,43,True,median,reference/US-natural/search/lstm-00-s42,19716,19,0.013719993762841814,0.0004239022356403717,0.013786288514334976,0.0004283043878761087,0,13,50,True,True,validation_plateau,,,7033,,0.0,0.022606751997955143,fe2eb4c9fef7731d1e0003222fe929c06424f2021fd29c22d008e9f368f967a3,1572,19,0,0.02909122405749066,0.03668679364479353,0.18078207286548142,0.3255263102185965,-0.034435285039051224,0.03443528503905123,True,0.0,,136.1665846949909,0.013521584760022982,0.00019840900281883206,0.013651350054466245,6.864370837556845e-05,0.013719993762841814,0.0,0.013651350054466245,6.864370837556845e-05
fold-000,posttraining/lstm/seed-43/real/neural_mae,evaluation,posttraining,posttraining,lstm,neural_mae,43,True,median,reference/US-natural/search/lstm-00-s42,19716,19,0.013684028632456751,0.00042188617386031417,0.01374037146291684,0.00042586251299366225,13,21,50,False,True,validation_plateau,,,11361,,0.0,0.02462148900667671,89031e3307d25b6fa8af726f6a5f272265890b29f169a4db9f4ebc515c2e70db,1572,19,0,0.01538840462109509,0.01993942168158802,0.09098631341804142,0.1738237876920453,-0.020661171023430736,0.013774114015620495,False,0.02423756569623947,,238.85461891599698,0.013521584760022982,0.0001624438724337693,0.013651350054466245,3.267857799050568e-05,0.013719993762841814,-3.596513038506277e-05,0.013567511953767653,0.00011651667868909851
fold-000,posttraining/lstm/seed-43/real/neural_mse,evaluation,posttraining,posttraining,lstm,neural_mse,43,True,median,reference/US-natural/search/lstm-00-s42,19716,19,0.013606320077186321,0.0004233807779862695,0.013663597750506727,0.00042748809715864496,8,16,50,False,True,validation_plateau,,,8656,,0.0,0.022481455991510302,f4477f3d768c744046c9a1a5fb683125c5ffbcf1fb49ee60ff7e3302a4436a65,1572,19,0,-0.02446844355403539,-0.019777703232803624,0.04065563388843842,0.07957050286609299,-0.020661171023430736,0.027548228031240976,False,0.03442715108394623,,178.6999750090181,0.013521584760022982,8.473531716333971e-05,0.013651350054466245,-4.50299772799239e-05,0.013719993762841814,-0.00011367368565549235,0.013603086443785507,3.2336334008144924e-06
fold-000,posttraining/lstm/seed-43/real/reinforce,evaluation,posttraining,posttraining,lstm,reinforce,43,True,median,reference/US-natural/search/lstm-00-s42,19716,19,0.013719993762841814,0.0004239022356403717,0.013786288514334976,0.0004283043878761087,0,13,50,True,True,validation_plateau,,,7033,,0.0,0.023315755010116845,fe2eb4c9fef7731d1e0003222fe929c06424f2021fd29c22d008e9f368f967a3,1572,19,0,0.02909122405749066,0.03668679364479353,0.18078207286548142,0.3255263102185965,-0.034435285039051224,0.03443528503905123,True,0.0,,143.6982746120193,0.013521584760022982,0.00019840900281883206,0.013651350054466245,6.864370837556845e-05,0.013719993762841814,0.0,0.013651350054466245,6.864370837556845e-05
fold-000,posttraining/lstm/seed-44/real/expected,evaluation,posttraining,posttraining,lstm,expected,44,True,median,reference/US-natural/search/lstm-00-s42,19716,19,0.013719993762841814,0.0004239022356403717,0.013786288514334976,0.0004283043878761087,0,13,50,True,True,validation_plateau,,,7033,,0.0,0.022588687992538325,fe2eb4c9fef7731d1e0003222fe929c06424f2021fd29c22d008e9f368f967a3,1572,19,0,0.02909122405749066,0.03668679364479353,0.18078207286548142,0.3255263102185965,-0.034435285039051224,0.03443528503905123,True,0.0,,129.42322551598772,0.013521584760022982,0.00019840900281883206,0.013651350054466245,6.864370837556845e-05,0.013719993762841814,0.0,0.013651350054466245,6.864370837556845e-05
fold-000,posttraining/lstm/seed-44/real/klpo_exact,evaluation,posttraining,posttraining,lstm,klpo_exact,44,True,median,reference/US-natural/search/lstm-00-s42,19716,19,0.013719993762841814,0.0004239022356403717,0.013786288514334976,0.0004283043878761087,0,13,50,True,True,validation_plateau,,,7033,,0.0,0.022614307003095746,fe2eb4c9fef7731d1e0003222fe929c06424f2021fd29c22d008e9f368f967a3,1572,19,0,0.02909122405749066,0.03668679364479353,0.18078207286548142,0.3255263102185965,-0.034435285039051224,0.03443528503905123,True,0.0,,155.72966809599893,0.013521584760022982,0.00019840900281883206,0.013651350054466245,6.864370837556845e-05,0.013719993762841814,0.0,0.013651350054466245,6.864370837556845e-05
fold-000,posttraining/lstm/seed-44/real/klpo_full,evaluation,posttraining,posttraining,lstm,klpo_full,44,True,median,reference/US-natural/search/lstm-00-s42,19716,19,0.013719993762841814,0.0004239022356403717,0.013786288514334976,0.0004283043878761087,0,13,50,True,True,validation_plateau,,,7033,,0.0,0.022809734000475146,fe2eb4c9fef7731d1e0003222fe929c06424f2021fd29c22d008e9f368f967a3,1572,19,0,0.02909122405749066,0.03668679364479353,0.18078207286548142,0.3255263102185965,-0.034435285039051224,0.03443528503905123,True,0.0,,145.5723575319862,0.013521584760022982,0.00019840900281883206,0.013651350054466245,6.864370837556845e-05,0.013719993762841814,0.0,0.013651350054466245,6.864370837556845e-05
fold-000,posttraining/lstm/seed-44/real/klpo_mc,evaluation,posttraining,posttraining,lstm,klpo_mc,44,True,median,reference/US-natural/search/lstm-00-s42,19716,19,0.013719993762841814,0.0004239022356403717,0.013786288514334976,0.0004283043878761087,0,13,50,True,True,validation_plateau,,,7033,,0.0,0.023374144002445973,fe2eb4c9fef7731d1e0003222fe929c06424f2021fd29c22d008e9f368f967a3,1572,19,0,0.02909122405749066,0.03668679364479353,0.18078207286548142,0.3255263102185965,-0.034435285039051224,0.03443528503905123,True,0.0,,145.02837331598857,0.013521584760022982,0.00019840900281883206,0.013651350054466245,6.864370837556845e-05,0.013719993762841814,0.0,0.013651350054466245,6.864370837556845e-05
fold-000,posttraining/lstm/seed-44/real/mae,evaluation,posttraining,posttraining,lstm,mae,44,True,median,reference/US-natural/search/lstm-00-s42,19716,19,0.013719993762841814,0.0004239022356403717,0.013786288514334976,0.0004283043878761087,0,13,50,True,True,validation_plateau,,,7033,,0.0,0.02260760399803985,fe2eb4c9fef7731d1e0003222fe929c06424f2021fd29c22d008e9f368f967a3,1572,19,0,0.02909122405749066,0.03668679364479353,0.18078207286548142,0.3255263102185965,-0.034435285039051224,0.03443528503905123,True,0.0,,137.50358702399535,0.013521584760022982,0.00019840900281883206,0.013651350054466245,6.864370837556845e-05,0.013719993762841814,0.0,0.013651350054466245,6.864370837556845e-05
fold-000,posttraining/lstm/seed-44/real/neural_mae,evaluation,posttraining,posttraining,lstm,neural_mae,44,True,median,reference/US-natural/search/lstm-00-s42,19716,19,0.013548044893358048,0.00041899143521988597,0.013602424846625662,0.00042294274903709254,9,17,50,False,True,validation_plateau,,,9197,,0.0,0.0226431409973884,a49607bce416001bae08bf37d25bafd27378e41a2bb7d3aaf2ce11a78622a330,1572,19,0,0.012265893827855312,0.0143528229532703,0.09293858858413176,0.15831899891405463,-0.020661171023430736,0.03443528503905123,False,0.019483491778373718,,191.39073976199143,0.013521584760022982,2.646013333506593e-05,0.013651350054466245,-0.00010330516110819768,0.013719993762841814,-0.00017194886948376613,0.013527611804477254,2.0433088880793607e-05
fold-000,posttraining/lstm/seed-44/real/neural_mse,evaluation,posttraining,posttraining,lstm,neural_mse,44,True,median,reference/US-natural/search/lstm-00-s42,19716,19,0.013759534374551588,0.0004277334423861731,0.01382468532518188,0.00043212895040853366,7,15,50,False,True,validation_plateau,,,8115,,0.0,0.023230514008901082,877d0e824ddb0f0bbed8109daf8cd5a0a67129a7aba7d35b9a55d5484f78385c,1572,19,0,0.013814682500700623,0.010960821920774497,0.10881500831651361,0.20890766798265956,-0.013774114015620488,0.027548228031240976,False,0.025869518518447876,,171.86915782699361,0.013521584760022982,0.00023794961452860627,0.013651350054466245,0.00010818432008534266,0.013719993762841814,3.9540611709774215e-05,0.013726011743417695,3.352263113389278e-05
fold-000,posttraining/lstm/seed-44/real/reinforce,evaluation,posttraining,posttraining,lstm,reinforce,44,True,median,reference/US-natural/search/lstm-00-s42,19716,19,0.013719993762841814,0.0004239022356403717,0.013786288514334976,0.0004283043878761087,0,13,50,True,True,validation_plateau,,,7033,,0.0,0.022844780003651977,fe2eb4c9fef7731d1e0003222fe929c06424f2021fd29c22d008e9f368f967a3,1572,19,0,0.02909122405749066,0.03668679364479353,0.18078207286548142,0.3255263102185965,-0.034435285039051224,0.03443528503905123,True,0.0,,145.02026476099854,0.013521584760022982,0.00019840900281883206,0.013651350054466245,6.864370837556845e-05,0.013719993762841814,0.0,0.013651350054466245,6.864370837556845e-05
fold-000,posttraining/ridge/seed-42/real/expected,evaluation,posttraining,posttraining,ridge,expected,42,True,median,tabular/ridge-a10.0,19716,19,0.041910529350382565,0.0025317874385739373,0.041364103930437025,0.002475115680712061,15,23,50,False,True,validation_plateau,,,12443,,0.0,0.029465102998074144,8b8af2cb5ec75b1b6b6472de5c3827b1fa2eae4aee29dce8dd7df7ee6f9b822c,1572,15,4,0.026977083105042775,0.0320770571172267,0.5105109411998534,0.9493715322180857,-0.06887057007810245,0.06887057007810245,False,0.05536718476795195,,240.90180529799545,0.013521584760022982,0.028388944590359583,0.07496242714609246,-0.03305189779570989,0.045730186754148645,-0.00381965740376608,0.055996728980186955,-0.01408619962980439
fold-000,posttraining/ridge/seed-42/real/klpo_exact,evaluation,posttraining,posttraining,ridge,klpo_exact,42,True,median,tabular/ridge-a10.0,19716,19,0.01505207655815378,0.0004744633284495878,0.015104496111395407,0.00047862837983986907,26,34,50,False,True,validation_plateau,,,18394,,0.0,0.02270079799927771,f611a59ced725e2548021c56d64e13e9789cef9121b548f591481ebe98357bae,1572,19,0,0.010772713263647194,0.011851860783837364,0.3221384307149849,0.6427296780200455,-0.04132234204686147,0.04820939905467171,False,0.19973215202514347,,373.5545176350279,0.013521584760022982,0.0015304917981307977,0.07496242714609246,-0.05991035058793868,0.045730186754148645,-0.030678110195994868,0.014965606233880551,8.647032427322801e-05
fold-000,posttraining/ridge/seed-42/real/klpo_full,evaluation,posttraining,posttraining,ridge,klpo_full,42,True,median,tabular/ridge-a10.0,19716,19,0.022197847965198792,0.0008410739329928567,0.021902569335519637,0.0008272455051966386,50,50,50,False,False,budget_exhausted,,,27050,,0.0,0.023280448993318714,0b218299b30f34bb685b8709609a9cc75cdf380a6ebd09bd98e90ff76861b482,1572,19,0,0.01461572003117223,0.024302925550322037,0.42716272970282215,0.8155492034069856,-0.04820939905467171,0.055096456062481966,False,0.16667808784559862,,566.9636909739929,0.013521584760022982,0.00867626320517581,0.07496242714609246,-0.05276457918089367,0.045730186754148645,-0.023532338788949853,0.022189028941191284,8.819024007507975e-06
fold-000,posttraining/ridge/seed-42/real/klpo_mc,evaluation,posttraining,posttraining,ridge,klpo_mc,42,True,median,tabular/ridge-a10.0,19716,19,0.021331003935158802,0.0007871989649913395,0.021074132325412637,0.0007760184491170794,48,50,50,False,False,budget_exhausted,,,27050,,0.0,0.022899220988620073,62683d27bb1a4d0a0332fc2956a1d2e5f45cbe55769a8060d98797d9aab6b12a,1572,19,0,0.013847016480676011,0.026443500528236047,0.4298617287966142,0.808604302091629,-0.05509645606248196,0.055096456062481966,False,0.1985451003699237,,575.6846857619821,0.013521584760022982,0.0078094191751358205,0.07496242714609246,-0.05363142321093366,0.045730186754148645,-0.024399182818989843,0.021289411195240165,4.1592739918636795e-05
fold-000,posttraining/ridge/seed-42/real/mae,evaluation,posttraining,posttraining,ridge,mae,42,True,median,tabular/ridge-a10.0,19716,19,0.040888974795027296,0.002461986294449676,0.04029121458210918,0.0024019597117390414,15,23,50,False,True,validation_plateau,,,12443,,0.0,0.022647068006335758,7a95dee9afda4e125004287090e4070bb890065879941820437f8fe5c1caf57b,1572,19,0,0.02039103719218211,0.03052677047941224,0.5074843193866568,0.9448927738795567,-0.06887057007810245,0.06887057007810245,False,0.0685964368987811,,235.86585355497664,0.013521584760022982,0.027367390035004314,0.07496242714609246,-0.03407345235106516,0.045730186754148645,-0.00484121195912135,0.05102633631320995,-0.010137361518182654
fold-000,posttraining/ridge/seed-42/real/reinforce,evaluation,posttraining,posttraining,ridge,reinforce,42,True,median,tabular/ridge-a10.0,19716,19,0.04134631805456001,0.0024946810880215687,0.040779094279774414,0.00243672371524676,17,25,50,False,True,validation_plateau,,,13525,,0.0,0.021106121988850646,f14d1d48e03d3898803fbdcfb8a9e004651cbdd7b236768658d6b4bb911e3c9c,1572,12,7,0.02242744203786265,0.03559899102685683,0.5011061319284007,0.9371047747978154,-0.06887057007810245,0.06887057007810245,False,0.05154397107394562,,275.0686278680223,0.013521584760022982,0.027824733294537028,0.07496242714609246,-0.033616109091532446,0.045730186754148645,-0.004383868699588636,0.05700772778918541,-0.015661409734625403
fold-000,posttraining/ridge/seed-43/real/expected,evaluation,posttraining,posttraining,ridge,expected,43,True,median,tabular/ridge-a10.0,19716,19,0.0418691080630842,0.0025316347549195046,0.04132282452054294,0.0024751369440523,28,36,50,False,True,validation_plateau,,,19476,,0.0,0.021903921995544806,ff1102b55083cc45e68358efbd981db0ae07b995d3ab16ddf0bdc136a1c40304,1572,18,1,0.018285209070545386,0.02682923214624479,0.5134777968481178,0.9533311236434812,-0.06887057007810245,0.06887057007810245,False,0.08096761656289006,,391.70617971901083,0.013521584760022982,0.028347523303061218,0.07496242714609246,-0.033093319083008256,0.045730186754148645,-0.0038610786910644457,0.05548548738420078,-0.013616379321116583
fold-000,posttraining/ridge/seed-43/real/klpo_exact,evaluation,posttraining,posttraining,ridge,klpo_exact,43,True,median,tabular/ridge-a10.0,19716,19,0.015335413339217972,0.00047992719946441114,0.01535992470714225,0.0004830850239641987,24,32,50,False,True,validation_plateau,,,17312,,0.0,0.023215726992930286,184ff5368d536fee910a2e83c544da177dcbbd80c846ebd39d49ccb14ef0b0f3,1572,19,0,0.01792090028943315,0.03139507862038338,0.35558808590032137,0.6910363831445766,-0.05509645606248196,0.03443528503905123,False,0.2079641858736562,,353.4528747239965,0.013521584760022982,0.0018138285791949905,0.07496242714609246,-0.05962701380687448,0.045730186754148645,-0.030394773414930673,0.015229842470771696,0.00010557086844627597
fold-000,posttraining/ridge/seed-43/real/klpo_full,evaluation,posttraining,posttraining,ridge,klpo_full,43,True,median,tabular/ridge-a10.0,19716,19,0.01971350614826775,0.0006918478767549768,0.019531202352410768,0.0006850490981296002,50,50,50,False,False,budget_exhausted,,,27050,,0.0,0.023482889009756036,b1d3b7b308e9ae1d4dd34a39bf4b9af7ad5895f7c35364f6a51aeb6f4c5a068c,1572,19,0,0.011777528133069311,0.009164514187934772,0.4144772710016242,0.791283598153044,-0.04820939905467171,0.04820939905467171,False,0.16951633115936096,,557.6093182510231,0.013521584760022982,0.006191921388244769,0.07496242714609246,-0.055248920997824705,0.045730186754148645,-0.026016680605880894,0.019662299003512115,5.120714475563559e-05
fold-000,posttraining/ridge/seed-43/real/klpo_mc,evaluation,posttraining,posttraining,ridge,klpo_mc,43,True,median,tabular/ridge-a10.0,19716,19,0.01991096093755826,0.0007025870532949031,0.019721128548110797,0.0006953249204492111,50,50,50,False,False,budget_exhausted,,,27050,,0.0,0.023657437006477267,98cd6b965b4cd7fbbd98192757b8ff329abbb55c62c35a09c4315bcd4bbe9203,1572,19,0,0.011285804207434934,0.009916112110825147,0.415841357284229,0.7952420460246943,-0.04820939905467171,0.04820939905467171,False,0.16859401056686915,,561.7567958619911,0.013521584760022982,0.006389376177535277,0.07496242714609246,-0.0550514662085342,0.045730186754148645,-0.025819225816590387,0.019844024506289634,6.693643126862506e-05
fold-000,posttraining/ridge/seed-43/real/mae,evaluation,posttraining,posttraining,ridge,mae,43,True,median,tabular/ridge-a10.0,19716,19,0.0403930078854823,0.0024332952010990235,0.0397790596664928,0.0023723523467943093,28,36,50,False,True,validation_plateau,,,19476,,0.0,0.02289202800602652,045082ce07f02a021067736d2cf3a1100190b1ac21df1dd99fe3a31594973873,1572,18,1,0.034463445420644036,0.04525544098478738,0.5126491398725066,0.9528721738843654,-0.06887057007810245,0.06887057007810245,False,0.08714801360445609,,361.88197442598175,0.013521584760022982,0.02687142312545932,0.07496242714609246,-0.034569419260610156,0.045730186754148645,-0.005337178868666345,0.05070374595049179,-0.01031073806500949
fold-000,posttraining/ridge/seed-43/real/reinforce,evaluation,posttraining,posttraining,ridge,reinforce,43,True,median,tabular/ridge-a10.0,19716,19,0.040828664708662935,0.002466493719733649,0.04023573744085203,0.002406917440653434,33,41,50,False,True,validation_plateau,,,22181,,0.0,0.022978000008151866,17bbb02d128fbb7baed21ff205a394866a5f38eaf541e4e21f53e1572d3aa650,1572,15,4,0.01850106721332925,0.03379604545937524,0.5055553253219746,0.9416613116709561,-0.06887057007810245,0.06887057007810245,False,0.07886838399799853,,449.9277916739811,0.013521584760022982,0.027307079948639953,0.07496242714609246,-0.03413376243742952,0.045730186754148645,-0.004901522045485711,0.055906754527711565,-0.01507808981904863
fold-000,posttraining/ridge/seed-44/real/expected,evaluation,posttraining,posttraining,ridge,expected,44,True,median,tabular/ridge-a10.0,19716,19,0.04108515317661607,0.002480720404263196,0.04051938869999869,0.002422787106666825,28,36,50,False,True,validation_plateau,,,19476,,0.0,0.022774197001126595,15d5934b8a9e24862a564e52b5b2a741b974a2b3f15df06f0758ecfeb8e33924,1572,16,3,0.020077042000131818,0.023579653162567646,0.5115928972895235,0.9502936764937433,-0.06887057007810245,0.06887057007810245,False,0.05782199691607348,,376.0803294409998,0.013521584760022982,0.027563568416593087,0.07496242714609246,-0.03387727396947639,0.045730186754148645,-0.004645033577532577,0.05518561583798522,-0.014100462661369155
fold-000,posttraining/ridge/seed-44/real/klpo_exact,evaluation,posttraining,posttraining,ridge,klpo_exact,44,True,median,tabular/ridge-a10.0,19716,19,0.015867222350589915,0.0004991623029920024,0.015867645210761137,0.0005014120764102645,24,32,50,False,True,validation_plateau,,,17312,,0.0,0.024180669992347248,0fc19d4e7bd58302745cac9e98769bb8d50267b749c573948c47944f6522ffbf,1572,19,0,0.019773159642062187,0.029794832277305984,0.3761897747395459,0.7332850437144424,-0.04132234204686147,0.04132234204686147,False,0.1916985001308059,,352.95512938598404,0.013521584760022982,0.0023456375905669333,0.07496242714609246,-0.05909520479550254,0.045730186754148645,-0.02986296440355873,0.015773828234167588,9.339411642232676e-05
fold-000,posttraining/ridge/seed-44/real/klpo_full,evaluation,posttraining,posttraining,ridge,klpo_full,44,True,median,tabular/ridge-a10.0,19716,19,0.019687485317809558,0.0006842254663064105,0.019500779432555283,0.0006774824063963134,49,50,50,False,False,budget_exhausted,,,27050,,0.0,0.02483240599394776,2449e0972e375eecafc9e9d4d55695e69105c80009f1e54f171b21fd791043d6,1572,19,0,0.011617864103633834,0.024192586264307203,0.41006870843285076,0.7818056439240738,-0.04820939905467171,0.04820939905467171,False,0.1716036738251397,,539.7155288020149,0.013521584760022982,0.006165900557786576,0.07496242714609246,-0.055274941828282895,0.045730186754148645,-0.026042701436339088,0.01963027043690849,5.7214880901067244e-05
fold-000,posttraining/ridge/seed-44/real/klpo_mc,evaluation,posttraining,posttraining,ridge,klpo_mc,44,True,median,tabular/ridge-a10.0,19716,19,0.019845022586391287,0.0006923772786410049,0.019652346862313933,0.0006853228309169637,49,50,50,False,False,budget_exhausted,,,27050,,0.0,0.02447346098779235,2d59e26befd77663b8903c5ff6463c70b8d035bc2a20ad433bbce6a46c9ab37c,1572,19,0,0.013422481356759611,0.02428886348350502,0.4108159800294639,0.7836448106212428,-0.04820939905467171,0.04820939905467171,False,0.1711976236452195,,574.6044004650321,0.013521584760022982,0.006323437826368305,0.07496242714609246,-0.05511740455970117,0.045730186754148645,-0.02588516416775736,0.019776466619999555,6.855596639173192e-05
fold-000,posttraining/ridge/seed-44/real/mae,evaluation,posttraining,posttraining,ridge,mae,44,True,median,tabular/ridge-a10.0,19716,19,0.0397048432730987,0.0023927698439342344,0.03906472107078485,0.0023300941151487165,35,43,50,False,True,validation_plateau,,,23263,,0.0,0.023322847991948947,5fb435aba110f2c6dbcf2d3a7ecf6e19bc64c8fe4e07682a816d06edf7d417ab,1572,17,2,0.004915268684465404,0.02332240912140709,0.5023444008536754,0.9372222462035097,-0.06887057007810245,0.06887057007810245,False,0.06583906514942221,,440.85564316698583,0.013521584760022982,0.026183258513075718,0.07496242714609246,-0.035257583872993756,0.045730186754148645,-0.006025343481049945,0.05089726800426728,-0.011192424731168583
fold-000,posttraining/ridge/seed-44/real/reinforce,evaluation,posttraining,posttraining,ridge,reinforce,44,True,median,tabular/ridge-a10.0,19716,19,0.039653402335151425,0.002390338938159996,0.038995793370424185,0.0023269100487756577,33,41,50,False,True,validation_plateau,,,22181,,0.0,0.0239371019997634,12ccb0ff5e63cbf8fba6334f19e494b2344151dfde6f0bd7aba17019442d676d,1572,15,4,-0.0013944717122344275,0.015439447343460668,0.4895036110415094,0.9235374207490967,-0.06887057007810245,0.06887057007810245,False,0.06288765805742513,,446.9053884659661,0.013521584760022982,0.026131817575128443,0.07496242714609246,-0.03530902481094103,0.045730186754148645,-0.006076784418997221,0.05477057624910152,-0.015117173913950094
fold-000,posttraining/rnn/seed-42/real/expected,evaluation,posttraining,posttraining,rnn,expected,42,True,median,reference/US-natural/search/rnn-00-s42,19716,19,0.014120725098236706,0.0004399629804867684,0.014155069812729904,0.0004431968790248155,10,18,50,False,True,validation_plateau,,,9738,,0.0,0.032917672986513935,44e6ffae8eaadfdb83b43d0bb6038fff680dff32ae398b04520d503b8a0138e8,1572,19,0,-0.015357363429373268,-0.017885250543366316,0.2879896602743683,0.5433224254051566,-0.04132234204686147,0.04132234204686147,False,0.03821658388164353,,191.30814585398184,0.013521584760022982,0.0005991403382137241,0.013590169516123568,0.0005305555821131375,0.013655404266654975,0.00046532083158173053,0.013953460437307993,0.0001672646609287131
fold-000,posttraining/rnn/seed-42/real/klpo_exact,evaluation,posttraining,posttraining,rnn,klpo_exact,42,True,median,reference/US-natural/search/rnn-00-s42,19716,19,0.013655404266654975,0.00042255649900830086,0.013710323520439023,0.00042654997774234485,0,13,50,True,True,validation_plateau,,,7033,,0.0,0.02476392600510735,3ea2f05050214a7706c8e9266748607a850393d08becd011195addffab3ae42e,1572,19,0,0.00021655328254364795,0.0035852646724892153,0.1597393517123479,0.28347704814423247,-0.020661171023430736,0.013774114015620495,True,0.0,,156.907971483015,0.013521584760022982,0.0001338195066319936,0.013590169516123568,6.523475053140694e-05,0.013655404266654975,0.0,0.013590169516123568,6.523475053140694e-05
fold-000,posttraining/rnn/seed-42/real/klpo_full,evaluation,posttraining,posttraining,rnn,klpo_full,42,True,median,reference/US-natural/search/rnn-00-s42,19716,19,0.013655404266654975,0.00042255649900830086,0.013710323520439023,0.00042654997774234485,0,13,50,True,True,validation_plateau,,,7033,,0.0,0.02404450500034727,3ea2f05050214a7706c8e9266748607a850393d08becd011195addffab3ae42e,1572,19,0,0.00021655328254364795,0.0035852646724892153,0.1597393517123479,0.28347704814423247,-0.020661171023430736,0.013774114015620495,True,0.0,,152.0514079760178,0.013521584760022982,0.0001338195066319936,0.013590169516123568,6.523475053140694e-05,0.013655404266654975,0.0,0.013590169516123568,6.523475053140694e-05
fold-000,posttraining/rnn/seed-42/real/klpo_mc,evaluation,posttraining,posttraining,rnn,klpo_mc,42,True,median,reference/US-natural/search/rnn-00-s42,19716,19,0.013655404266654975,0.00042255649900830086,0.013710323520439023,0.00042654997774234485,0,13,50,True,True,validation_plateau,,,7033,,0.0,0.02336091999313794,3ea2f05050214a7706c8e9266748607a850393d08becd011195addffab3ae42e,1572,19,0,0.00021655328254364795,0.0035852646724892153,0.1597393517123479,0.28347704814423247,-0.020661171023430736,0.013774114015620495,True,0.0,,152.75693070102716,0.013521584760022982,0.0001338195066319936,0.013590169516123568,6.523475053140694e-05,0.013655404266654975,0.0,0.013590169516123568,6.523475053140694e-05
fold-000,posttraining/rnn/seed-42/real/mae,evaluation,posttraining,posttraining,rnn,mae,42,True,median,reference/US-natural/search/rnn-00-s42,19716,19,0.014123965788899864,0.0004395704937009224,0.01415626379907357,0.0004427396627115199,10,18,50,False,True,validation_plateau,,,9738,,0.0,0.02283306699246168,e085e755ddf78e041d8de98fb7d1427c5053403604b623f94f021bc340174f70,1572,19,0,-0.01258786451188508,-0.01376157008965233,0.28762041878306494,0.5433302310439124,-0.034435285039051224,0.04132234204686147,False,0.039299211991644246,,199.84615060203942,0.013521584760022982,0.0006023810288768826,0.013590169516123568,0.0005337962727762959,0.013655404266654975,0.000468561522244889,0.01395417385685814,0.00016979193204172405
fold-000,posttraining/rnn/seed-42/real/neural_mae,evaluation,posttraining,posttraining,rnn,neural_mae,42,True,median,reference/US-natural/search/rnn-00-s42,19716,19,0.013821398903177967,0.00042844400005592797,0.013880617201800914,0.000432649257690301,7,15,50,False,True,validation_plateau,,,8115,,0.0,0.02436663000844419,755aa3504f25797612a862e3812e7e2c2f2f3379bd8fa118199464410464dd68,1572,19,0,-0.005498188626026882,-0.005717042556540752,0.11752013705305848,0.23051444295923296,-0.020661171023430736,0.013774114015620495,False,0.015313390642404556,,177.00537738297135,0.013521584760022982,0.00029981414315498507,0.013590169516123568,0.0002312293870543984,0.013655404266654975,0.00016599463652299147,0.01374427814341044,7.712075976752664e-05
fold-000,posttraining/rnn/seed-42/real/neural_mse,evaluation,posttraining,posttraining,rnn,neural_mse,42,True,median,reference/US-natural/search/rnn-00-s42,19716,19,0.013655404266654975,0.00042255649900830086,0.013710323520439023,0.00042654997774234485,0,13,50,True,True,validation_plateau,,,7033,,0.0,0.025979591999202967,3ea2f05050214a7706c8e9266748607a850393d08becd011195addffab3ae42e,1572,19,0,0.00021655328254364795,0.0035852646724892153,0.1597393517123479,0.28347704814423247,-0.020661171023430736,0.013774114015620495,True,0.0,,147.5722454560455,0.013521584760022982,0.0001338195066319936,0.013590169516123568,6.523475053140694e-05,0.013655404266654975,0.0,0.013590169516123568,6.523475053140694e-05
fold-000,posttraining/rnn/seed-42/real/reinforce,evaluation,posttraining,posttraining,rnn,reinforce,42,True,median,reference/US-natural/search/rnn-00-s42,19716,19,0.013822182654560072,0.0004296022546110289,0.013885214887683473,0.00043395942162795535,1,13,50,False,True,validation_plateau,,,7033,,0.0,0.023981204998563044,8fe9186bd1e8620f2bf7c1dd59bb3efd668bccfb662c3f62c2d01fdc6d7361e5,1572,19,0,0.013021327955097408,0.01345455868858235,0.18872696286802104,0.352686613869718,-0.034435285039051224,0.020661171023430736,False,0.02339496037784622,,159.604203489027,0.013521584760022982,0.0003005978945370899,0.013590169516123568,0.00023201313843650324,0.013655404266654975,0.0001667783879050963,0.013785400613374294,3.678204118577784e-05
fold-000,posttraining/rnn/seed-43/real/expected,evaluation,posttraining,posttraining,rnn,expected,43,True,median,reference/US-natural/search/rnn-00-s42,19716,19,0.014019781978704302,0.0004384339300010449,0.014067752804599435,0.00044235526280105345,5,13,50,False,True,validation_plateau,,,7033,,0.0,0.022864455997478217,1b78f8d311a32a343e1d45a33658606518757d1fa9d490c36354c73b53fb9cad,1572,19,0,-0.016289401257782093,-0.02231005430156652,0.20337723619013337,0.39420102670682367,-0.034435285039051224,0.04132234204686147,False,0.0377999383840833,,151.49952655902598,0.013521584760022982,0.0004981972186813202,0.013590169516123568,0.0004296124625807335,0.013655404266654975,0.00036437771204932655,0.01387083897758503,0.00014894300111927168
fold-000,posttraining/rnn/seed-43/real/klpo_exact,evaluation,posttraining,posttraining,rnn,klpo_exact,43,True,median,reference/US-natural/search/rnn-00-s42,19716,19,0.013655404266654975,0.00042255649900830086,0.013710323520439023,0.00042654997774234485,0,13,50,True,True,validation_plateau,,,7033,,0.0,0.02443161199335009,3ea2f05050214a7706c8e9266748607a850393d08becd011195addffab3ae42e,1572,19,0,0.00021655328254364795,0.0035852646724892153,0.1597393517123479,0.28347704814423247,-0.020661171023430736,0.013774114015620495,True,0.0,,146.56805978697957,0.013521584760022982,0.0001338195066319936,0.013590169516123568,6.523475053140694e-05,0.013655404266654975,0.0,0.013590169516123568,6.523475053140694e-05
fold-000,posttraining/rnn/seed-43/real/klpo_full,evaluation,posttraining,posttraining,rnn,klpo_full,43,True,median,reference/US-natural/search/rnn-00-s42,19716,19,0.013655404266654975,0.00042255649900830086,0.013710323520439023,0.00042654997774234485,0,13,50,True,True,validation_plateau,,,7033,,0.0,0.022601110991672613,3ea2f05050214a7706c8e9266748607a850393d08becd011195addffab3ae42e,1572,19,0,0.00021655328254364795,0.0035852646724892153,0.1597393517123479,0.28347704814423247,-0.020661171023430736,0.013774114015620495,True,0.0,,163.94283994997386,0.013521584760022982,0.0001338195066319936,0.013590169516123568,6.523475053140694e-05,0.013655404266654975,0.0,0.013590169516123568,6.523475053140694e-05
fold-000,posttraining/rnn/seed-43/real/klpo_mc,evaluation,posttraining,posttraining,rnn,klpo_mc,43,True,median,reference/US-natural/search/rnn-00-s42,19716,19,0.013655404266654975,0.00042255649900830086,0.013710323520439023,0.00042654997774234485,0,13,50,True,True,validation_plateau,,,7033,,0.0,0.02324441100063268,3ea2f05050214a7706c8e9266748607a850393d08becd011195addffab3ae42e,1572,19,0,0.00021655328254364795,0.0035852646724892153,0.1597393517123479,0.28347704814423247,-0.020661171023430736,0.013774114015620495,True,0.0,,158.29317821701989,0.013521584760022982,0.0001338195066319936,0.013590169516123568,6.523475053140694e-05,0.013655404266654975,0.0,0.013590169516123568,6.523475053140694e-05
fold-000,posttraining/rnn/seed-43/real/mae,evaluation,posttraining,posttraining,rnn,mae,43,True,median,reference/US-natural/search/rnn-00-s42,19716,19,0.013922753312166525,0.0004347295013990412,0.013977127517928213,0.00043886450792240055,5,13,50,False,True,validation_plateau,,,7033,,0.0,0.022508227004436776,3e2b35b6ee913a5f337932098983b40679c1f327341be82a3900e4bba724262f,1572,19,0,-0.01454707176982933,-0.017370745221511993,0.1744623141550419,0.3379375915345889,-0.027548228031240976,0.03443528503905123,False,0.03077889509958798,,140.3351665250375,0.013521584760022982,0.00040116855214354305,0.013590169516123568,0.0003325837960429564,0.013655404266654975,0.00026734904551154945,0.013816448712291306,0.00010630459987521872
fold-000,posttraining/rnn/seed-43/real/neural_mae,evaluation,posttraining,posttraining,rnn,neural_mae,43,True,median,reference/US-natural/search/rnn-00-s42,19716,19,0.013655404266654975,0.00042255649900830086,0.013710323520439023,0.00042654997774234485,0,13,50,True,True,validation_plateau,,,7033,,0.0,0.022350379993440583,3ea2f05050214a7706c8e9266748607a850393d08becd011195addffab3ae42e,1572,19,0,0.00021655328254364795,0.0035852646724892153,0.1597393517123479,0.28347704814423247,-0.020661171023430736,0.013774114015620495,True,0.0,,142.5783719960018,0.013521584760022982,0.0001338195066319936,0.013590169516123568,6.523475053140694e-05,0.013655404266654975,0.0,0.013590169516123568,6.523475053140694e-05
fold-000,posttraining/rnn/seed-43/real/neural_mse,evaluation,posttraining,posttraining,rnn,neural_mse,43,True,median,reference/US-natural/search/rnn-00-s42,19716,19,0.013666707428069837,0.00042265387864610807,0.013719653295380291,0.00042643772085414097,11,19,50,False,True,validation_plateau,,,10279,,0.0,0.023294835002161562,7e51edb25292b5eb6c4c890fb34875b0920034bd98b7596de7a62a5b1096bb7c,1572,19,0,0.005014917005883998,0.004209615270529452,0.08685333534162634,0.16505827597032047,-0.020661171023430736,0.0068870570078102405,False,0.021219320595264435,,233.69095165701583,0.013521584760022982,0.00014512266804685495,0.013590169516123568,7.653791194626829e-05,0.013655404266654975,1.1303161414861346e-05,0.013625843577391886,4.0863850677950314e-05
fold-000,posttraining/rnn/seed-43/real/reinforce,evaluation,posttraining,posttraining,rnn,reinforce,43,True,median,reference/US-natural/search/rnn-00-s42,19716,19,0.013655404266654975,0.00042255649900830086,0.013710323520439023,0.00042654997774234485,0,13,50,True,True,validation_plateau,,,7033,,0.0,0.023026571012451313,3ea2f05050214a7706c8e9266748607a850393d08becd011195addffab3ae42e,1572,19,0,0.00021655328254364795,0.0035852646724892153,0.1597393517123479,0.28347704814423247,-0.020661171023430736,0.013774114015620495,True,0.0,,152.94415215897607,0.013521584760022982,0.0001338195066319936,0.013590169516123568,6.523475053140694e-05,0.013655404266654975,0.0,0.013590169516123568,6.523475053140694e-05
fold-000,posttraining/rnn/seed-44/real/expected,evaluation,posttraining,posttraining,rnn,expected,44,True,median,reference/US-natural/search/rnn-00-s42,19716,19,0.014214579350054879,0.0004415507766648793,0.014241873286576794,0.00044450720372173915,10,18,50,False,True,validation_plateau,,,9738,,0.0,0.022510310998768546,b2fb68e6b86c9f484c9d128dfa678f19a3e8c8c52311dd4d40dc601e6ad887ee,1572,19,0,0.011923332366057424,0.013108616212864316,0.3405151561067888,0.6411620275922378,-0.04132234204686147,0.020661171023430736,False,0.020675417166996737,,206.41638733597938,0.013521584760022982,0.0006929945900318972,0.013590169516123568,0.0006244098339313105,0.013655404266654975,0.0005591750833999036,0.014102581123245148,0.00011199822680973102
fold-000,posttraining/rnn/seed-44/real/klpo_exact,evaluation,posttraining,posttraining,rnn,klpo_exact,44,True,median,reference/US-natural/search/rnn-00-s42,19716,19,0.013655404266654975,0.00042255649900830086,0.013710323520439023,0.00042654997774234485,0,13,50,True,True,validation_plateau,,,7033,,0.0,0.022600861004320905,3ea2f05050214a7706c8e9266748607a850393d08becd011195addffab3ae42e,1572,19,0,0.00021655328254364795,0.0035852646724892153,0.1597393517123479,0.28347704814423247,-0.020661171023430736,0.013774114015620495,True,0.0,,152.47674256499158,0.013521584760022982,0.0001338195066319936,0.013590169516123568,6.523475053140694e-05,0.013655404266654975,0.0,0.013590169516123568,6.523475053140694e-05
fold-000,posttraining/rnn/seed-44/real/klpo_full,evaluation,posttraining,posttraining,rnn,klpo_full,44,True,median,reference/US-natural/search/rnn-00-s42,19716,19,0.013655404266654975,0.00042255649900830086,0.013710323520439023,0.00042654997774234485,0,13,50,True,True,validation_plateau,,,7033,,0.0,0.02320424499339424,3ea2f05050214a7706c8e9266748607a850393d08becd011195addffab3ae42e,1572,19,0,0.00021655328254364795,0.0035852646724892153,0.1597393517123479,0.28347704814423247,-0.020661171023430736,0.013774114015620495,True,0.0,,152.89947703201324,0.013521584760022982,0.0001338195066319936,0.013590169516123568,6.523475053140694e-05,0.013655404266654975,0.0,0.013590169516123568,6.523475053140694e-05
fold-000,posttraining/rnn/seed-44/real/klpo_mc,evaluation,posttraining,posttraining,rnn,klpo_mc,44,True,median,reference/US-natural/search/rnn-00-s42,19716,19,0.013655404266654975,0.00042255649900830086,0.013710323520439023,0.00042654997774234485,0,13,50,True,True,validation_plateau,,,7033,,0.0,0.02272715899744071,3ea2f05050214a7706c8e9266748607a850393d08becd011195addffab3ae42e,1572,19,0,0.00021655328254364795,0.0035852646724892153,0.1597393517123479,0.28347704814423247,-0.020661171023430736,0.013774114015620495,True,0.0,,155.5753024839796,0.013521584760022982,0.0001338195066319936,0.013590169516123568,6.523475053140694e-05,0.013655404266654975,0.0,0.013590169516123568,6.523475053140694e-05
fold-000,posttraining/rnn/seed-44/real/mae,evaluation,posttraining,posttraining,rnn,mae,44,True,median,reference/US-natural/search/rnn-00-s42,19716,19,0.013905675702720329,0.0004317190593637582,0.013949461812546818,0.00043530767424315573,4,13,50,False,True,validation_plateau,,,7033,,0.0,0.022740252999938093,047b80648165fe10fbc54ba45eb9ea2e5e6f4544122ebacd537b0397c04bbc62,1572,19,0,-0.006527006058706982,-0.010218296155582288,0.21279626953452072,0.40065478311353825,-0.034435285039051224,0.013774114015620495,False,0.022577012704482327,,149.00747832102934,0.013521584760022982,0.0003840909426973474,0.013590169516123568,0.00031550618659676073,0.013655404266654975,0.0002502714360653538,0.013752915696158654,0.00015276000656167486
fold-000,posttraining/rnn/seed-44/real/neural_mae,evaluation,posttraining,posttraining,rnn,neural_mae,44,True,median,reference/US-natural/search/rnn-00-s42,19716,19,0.01371482239127475,0.00042493112812939525,0.013775463553297866,0.00042909992346901724,14,22,50,False,True,validation_plateau,,,11902,,0.0,0.02299957099603489,108285b27878e27e73f211136da9d29904a1554f95d14058fa9d0f345bcbad98,1572,19,0,0.0049431302802298285,0.0039313627675298755,0.07385477490751816,0.1470744965116527,-0.013774114015620488,0.013774114015620495,False,0.017914870753884315,,264.0068624850246,0.013521584760022982,0.0001932376312517685,0.013590169516123568,0.00012465287515118183,0.013655404266654975,5.941812461977489e-05,0.013680746809523569,3.407558175118168e-05
fold-000,posttraining/rnn/seed-44/real/neural_mse,evaluation,posttraining,posttraining,rnn,neural_mse,44,True,median,reference/US-natural/search/rnn-00-s42,19716,19,0.013655404266654975,0.00042255649900830086,0.013710323520439023,0.00042654997774234485,0,13,50,True,True,validation_plateau,,,7033,,0.0,0.022724192996975034,3ea2f05050214a7706c8e9266748607a850393d08becd011195addffab3ae42e,1572,19,0,0.00021655328254364795,0.0035852646724892153,0.1597393517123479,0.28347704814423247,-0.020661171023430736,0.013774114015620495,True,0.0,,148.2001311989734,0.013521584760022982,0.0001338195066319936,0.013590169516123568,6.523475053140694e-05,0.013655404266654975,0.0,0.013590169516123568,6.523475053140694e-05
fold-000,posttraining/rnn/seed-44/real/reinforce,evaluation,posttraining,posttraining,rnn,reinforce,44,True,median,reference/US-natural/search/rnn-00-s42,19716,19,0.013655404266654975,0.00042255649900830086,0.013710323520439023,0.00042654997774234485,0,13,50,True,True,validation_plateau,,,7033,,0.0,0.02331879100529477,3ea2f05050214a7706c8e9266748607a850393d08becd011195addffab3ae42e,1572,19,0,0.00021655328254364795,0.0035852646724892153,0.1597393517123479,0.28347704814423247,-0.020661171023430736,0.013774114015620495,True,0.0,,157.0358244329691,0.013521584760022982,0.0001338195066319936,0.013590169516123568,6.523475053140694e-05,0.013655404266654975,0.0,0.013590169516123568,6.523475053140694e-05
fold-000,posttraining/xgboost/seed-42/real/expected,evaluation,posttraining,posttraining,xgboost,expected,42,True,median,tabular/xgb-d3-b64-lr0.03-s42,19716,19,0.013521584760022982,0.00041890394520540395,0.013580742598512274,0.00042303597366068343,0,13,50,True,True,validation_plateau,,,7033,,0.0,0.02482321900606621,77b8674e032e403373d0ef03861ad4ba5453be4d79fdd7f697e098b6882c307d,1572,0,19,,,0.0,0.0,0.0,0.0,True,0.0,,135.22681761998683,0.013521584760022982,0.0,0.013511454364183346,1.013039583963593e-05,0.013521584760022982,0.0,0.013511454364183346,1.013039583963593e-05
fold-000,posttraining/xgboost/seed-42/real/klpo_exact,evaluation,posttraining,posttraining,xgboost,klpo_exact,42,True,median,tabular/xgb-d3-b64-lr0.03-s42,19716,19,0.013521584760022982,0.00041890394520540395,0.013580742598512274,0.00042303597366068343,0,13,50,True,True,validation_plateau,,,7033,,0.0,0.016657250002026558,77b8674e032e403373d0ef03861ad4ba5453be4d79fdd7f697e098b6882c307d,1572,0,19,,,0.0,0.0,0.0,0.0,True,0.0,,141.41513929702342,0.013521584760022982,0.0,0.013511454364183346,1.013039583963593e-05,0.013521584760022982,0.0,0.013511454364183346,1.013039583963593e-05
fold-000,posttraining/xgboost/seed-42/real/klpo_full,evaluation,posttraining,posttraining,xgboost,klpo_full,42,True,median,tabular/xgb-d3-b64-lr0.03-s42,19716,19,0.013521584760022982,0.00041890394520540395,0.013580742598512274,0.00042303597366068343,0,13,50,True,True,validation_plateau,,,7033,,0.0,0.01651927101192996,77b8674e032e403373d0ef03861ad4ba5453be4d79fdd7f697e098b6882c307d,1572,0,19,,,0.0,0.0,0.0,0.0,True,0.0,,150.75723538099555,0.013521584760022982,0.0,0.013511454364183346,1.013039583963593e-05,0.013521584760022982,0.0,0.013511454364183346,1.013039583963593e-05
fold-000,posttraining/xgboost/seed-42/real/klpo_mc,evaluation,posttraining,posttraining,xgboost,klpo_mc,42,True,median,tabular/xgb-d3-b64-lr0.03-s42,19716,19,0.013521584760022982,0.00041890394520540395,0.013580742598512274,0.00042303597366068343,0,13,50,True,True,validation_plateau,,,7033,,0.0,0.01670682198891882,77b8674e032e403373d0ef03861ad4ba5453be4d79fdd7f697e098b6882c307d,1572,0,19,,,0.0,0.0,0.0,0.0,True,0.0,,146.45060210803058,0.013521584760022982,0.0,0.013511454364183346,1.013039583963593e-05,0.013521584760022982,0.0,0.013511454364183346,1.013039583963593e-05
fold-000,posttraining/xgboost/seed-42/real/mae,evaluation,posttraining,posttraining,xgboost,mae,42,True,median,tabular/xgb-d3-b64-lr0.03-s42,19716,19,0.013521584760022982,0.00041890394520540395,0.013580742598512274,0.00042303597366068343,0,13,50,True,True,validation_plateau,,,7033,,0.0,0.017608066991670057,77b8674e032e403373d0ef03861ad4ba5453be4d79fdd7f697e098b6882c307d,1572,0,19,,,0.0,0.0,0.0,0.0,True,0.0,,132.41456518601626,0.013521584760022982,0.0,0.013511454364183346,1.013039583963593e-05,0.013521584760022982,0.0,0.013511454364183346,1.013039583963593e-05
fold-000,posttraining/xgboost/seed-42/real/reinforce,evaluation,posttraining,posttraining,xgboost,reinforce,42,True,median,tabular/xgb-d3-b64-lr0.03-s42,19716,19,0.013521584760022982,0.00041890394520540395,0.013580742598512274,0.00042303597366068343,0,13,50,True,True,validation_plateau,,,7033,,0.0,0.017007057002047077,77b8674e032e403373d0ef03861ad4ba5453be4d79fdd7f697e098b6882c307d,1572,0,19,,,0.0,0.0,0.0,0.0,True,0.0,,135.53595311404206,0.013521584760022982,0.0,0.013511454364183346,1.013039583963593e-05,0.013521584760022982,0.0,0.013511454364183346,1.013039583963593e-05
fold-000,posttraining/xgboost/seed-43/real/expected,evaluation,posttraining,posttraining,xgboost,expected,43,True,median,tabular/xgb-d3-b64-lr0.03-s42,19716,19,0.013521584760022982,0.00041890394520540395,0.013580742598512274,0.00042303597366068343,0,13,50,True,True,validation_plateau,,,7033,,0.0,0.016666746989358217,77b8674e032e403373d0ef03861ad4ba5453be4d79fdd7f697e098b6882c307d,1572,0,19,,,0.0,0.0,0.0,0.0,True,0.0,,136.58148466201965,0.013521584760022982,0.0,0.013511454364183346,1.013039583963593e-05,0.013521584760022982,0.0,0.013511454364183346,1.013039583963593e-05
fold-000,posttraining/xgboost/seed-43/real/klpo_exact,evaluation,posttraining,posttraining,xgboost,klpo_exact,43,True,median,tabular/xgb-d3-b64-lr0.03-s42,19716,19,0.013521584760022982,0.00041890394520540395,0.013580742598512274,0.00042303597366068343,0,13,50,True,True,validation_plateau,,,7033,,0.0,0.016755634002038278,77b8674e032e403373d0ef03861ad4ba5453be4d79fdd7f697e098b6882c307d,1572,0,19,,,0.0,0.0,0.0,0.0,True,0.0,,144.68402804801008,0.013521584760022982,0.0,0.013511454364183346,1.013039583963593e-05,0.013521584760022982,0.0,0.013511454364183346,1.013039583963593e-05
fold-000,posttraining/xgboost/seed-43/real/klpo_full,evaluation,posttraining,posttraining,xgboost,klpo_full,43,True,median,tabular/xgb-d3-b64-lr0.03-s42,19716,19,0.013521584760022982,0.00041890394520540395,0.013580742598512274,0.00042303597366068343,0,13,50,True,True,validation_plateau,,,7033,,0.0,0.016543846009881236,77b8674e032e403373d0ef03861ad4ba5453be4d79fdd7f697e098b6882c307d,1572,0,19,,,0.0,0.0,0.0,0.0,True,0.0,,143.63282734295353,0.013521584760022982,0.0,0.013511454364183346,1.013039583963593e-05,0.013521584760022982,0.0,0.013511454364183346,1.013039583963593e-05
fold-000,posttraining/xgboost/seed-43/real/klpo_mc,evaluation,posttraining,posttraining,xgboost,klpo_mc,43,True,median,tabular/xgb-d3-b64-lr0.03-s42,19716,19,0.013521584760022982,0.00041890394520540395,0.013580742598512274,0.00042303597366068343,0,13,50,True,True,validation_plateau,,,7033,,0.0,0.01621654100017622,77b8674e032e403373d0ef03861ad4ba5453be4d79fdd7f697e098b6882c307d,1572,0,19,,,0.0,0.0,0.0,0.0,True,0.0,,140.42283063702052,0.013521584760022982,0.0,0.013511454364183346,1.013039583963593e-05,0.013521584760022982,0.0,0.013511454364183346,1.013039583963593e-05
fold-000,posttraining/xgboost/seed-43/real/mae,evaluation,posttraining,posttraining,xgboost,mae,43,True,median,tabular/xgb-d3-b64-lr0.03-s42,19716,19,0.013521584760022982,0.00041890394520540395,0.013580742598512274,0.00042303597366068343,0,13,50,True,True,validation_plateau,,,7033,,0.0,0.017599029990378767,77b8674e032e403373d0ef03861ad4ba5453be4d79fdd7f697e098b6882c307d,1572,0,19,,,0.0,0.0,0.0,0.0,True,0.0,,129.74050197703764,0.013521584760022982,0.0,0.013511454364183346,1.013039583963593e-05,0.013521584760022982,0.0,0.013511454364183346,1.013039583963593e-05
fold-000,posttraining/xgboost/seed-43/real/reinforce,evaluation,posttraining,posttraining,xgboost,reinforce,43,True,median,tabular/xgb-d3-b64-lr0.03-s42,19716,19,0.013521584760022982,0.00041890394520540395,0.013580742598512274,0.00042303597366068343,0,13,50,True,True,validation_plateau,,,7033,,0.0,0.017278726998483762,77b8674e032e403373d0ef03861ad4ba5453be4d79fdd7f697e098b6882c307d,1572,0,19,,,0.0,0.0,0.0,0.0,True,0.0,,144.53666498797247,0.013521584760022982,0.0,0.013511454364183346,1.013039583963593e-05,0.013521584760022982,0.0,0.013511454364183346,1.013039583963593e-05
fold-000,posttraining/xgboost/seed-44/real/expected,evaluation,posttraining,posttraining,xgboost,expected,44,True,median,tabular/xgb-d3-b64-lr0.03-s42,19716,19,0.013521584760022982,0.00041890394520540395,0.013580742598512274,0.00042303597366068343,0,13,50,True,True,validation_plateau,,,7033,,0.0,0.016819715005112812,77b8674e032e403373d0ef03861ad4ba5453be4d79fdd7f697e098b6882c307d,1572,0,19,,,0.0,0.0,0.0,0.0,True,0.0,,137.2980902189738,0.013521584760022982,0.0,0.013511454364183346,1.013039583963593e-05,0.013521584760022982,0.0,0.013511454364183346,1.013039583963593e-05
fold-000,posttraining/xgboost/seed-44/real/klpo_exact,evaluation,posttraining,posttraining,xgboost,klpo_exact,44,True,median,tabular/xgb-d3-b64-lr0.03-s42,19716,19,0.013521584760022982,0.00041890394520540395,0.013580742598512274,0.00042303597366068343,0,13,50,True,True,validation_plateau,,,7033,,0.0,0.01611451899225358,77b8674e032e403373d0ef03861ad4ba5453be4d79fdd7f697e098b6882c307d,1572,0,19,,,0.0,0.0,0.0,0.0,True,0.0,,144.26914535899414,0.013521584760022982,0.0,0.013511454364183346,1.013039583963593e-05,0.013521584760022982,0.0,0.013511454364183346,1.013039583963593e-05
fold-000,posttraining/xgboost/seed-44/real/klpo_full,evaluation,posttraining,posttraining,xgboost,klpo_full,44,True,median,tabular/xgb-d3-b64-lr0.03-s42,19716,19,0.013521584760022982,0.00041890394520540395,0.013580742598512274,0.00042303597366068343,0,13,50,True,True,validation_plateau,,,7033,,0.0,0.017110621993197128,77b8674e032e403373d0ef03861ad4ba5453be4d79fdd7f697e098b6882c307d,1572,0,19,,,0.0,0.0,0.0,0.0,True,0.0,,147.23275656503392,0.013521584760022982,0.0,0.013511454364183346,1.013039583963593e-05,0.013521584760022982,0.0,0.013511454364183346,1.013039583963593e-05
fold-000,posttraining/xgboost/seed-44/real/klpo_mc,evaluation,posttraining,posttraining,xgboost,klpo_mc,44,True,median,tabular/xgb-d3-b64-lr0.03-s42,19716,19,0.013521584760022982,0.00041890394520540395,0.013580742598512274,0.00042303597366068343,0,13,50,True,True,validation_plateau,,,7033,,0.0,0.016844070007209666,77b8674e032e403373d0ef03861ad4ba5453be4d79fdd7f697e098b6882c307d,1572,0,19,,,0.0,0.0,0.0,0.0,True,0.0,,149.54454556299606,0.013521584760022982,0.0,0.013511454364183346,1.013039583963593e-05,0.013521584760022982,0.0,0.013511454364183346,1.013039583963593e-05
fold-000,posttraining/xgboost/seed-44/real/mae,evaluation,posttraining,posttraining,xgboost,mae,44,True,median,tabular/xgb-d3-b64-lr0.03-s42,19716,19,0.013521584760022982,0.00041890394520540395,0.013580742598512274,0.00042303597366068343,0,13,50,True,True,validation_plateau,,,7033,,0.0,0.017599059006897733,77b8674e032e403373d0ef03861ad4ba5453be4d79fdd7f697e098b6882c307d,1572,0,19,,,0.0,0.0,0.0,0.0,True,0.0,,134.76494700898184,0.013521584760022982,0.0,0.013511454364183346,1.013039583963593e-05,0.013521584760022982,0.0,0.013511454364183346,1.013039583963593e-05
fold-000,posttraining/xgboost/seed-44/real/reinforce,evaluation,posttraining,posttraining,xgboost,reinforce,44,True,median,tabular/xgb-d3-b64-lr0.03-s42,19716,19,0.013521584760022982,0.00041890394520540395,0.013580742598512274,0.00042303597366068343,0,13,50,True,True,validation_plateau,,,7033,,0.0,0.017280359999858774,77b8674e032e403373d0ef03861ad4ba5453be4d79fdd7f697e098b6882c307d,1572,0,19,,,0.0,0.0,0.0,0.0,True,0.0,,143.0123722460121,0.013521584760022982,0.0,0.013511454364183346,1.013039583963593e-05,0.013521584760022982,0.0,0.013511454364183346,1.013039583963593e-05
fold-000,reference/US-natural/posttraining/dlinear-mae-s42,evaluation,reference,posttraining,dlinear,reference_mae,42,True,continuous,reference/US-natural/search/dlinear-10-s42,19716,19,0.013486273401809768,0.0004158570207254236,0.013536600841747346,0.0004196034408786117,2,5,5,False,False,,,,1185,123.89953319600318,0.0,0.022352945001330227,7383782c01cc947dcca664ee01ef6857f76c74eaf1be60be02d5a7b1b7cadecb,1572,19,0,0.005301900333514918,0.008310917309085748,0.5237763732072033,1.0,-0.019606873393058777,0.008208826184272766,,,,,0.013521584760022982,-3.5311358213213975e-05,0.01366628418152438,-0.00018001077971461187,,,,
fold-000,reference/US-natural/posttraining/dlinear-mae-s43,evaluation,reference,posttraining,dlinear,reference_mae,43,True,continuous,reference/US-natural/finalist/dlinear-s43,19716,19,0.013412365076667076,0.0004123146574176807,0.013461232516842113,0.0004159631195679295,4,5,5,False,False,,,,1185,125.0324209589744,0.0,0.022616390997427516,b577978e575fd1924c8379d1aaebea910c3f1b6c1fe6b4f31d475b11a7d1cbe2,1572,19,0,0.017167898639117246,0.023138387802227232,0.5286923654802125,1.0,-0.019215568900108337,0.004606306552886963,,,,,0.013521584760022982,-0.00010921968335590553,0.013504431177987134,-9.206610132005827e-05,,,,
fold-000,reference/US-natural/posttraining/dlinear-mae-s44,evaluation,reference,posttraining,dlinear,reference_mae,44,True,continuous,reference/US-natural/finalist/dlinear-s44,19716,19,0.013463243549187013,0.0004144530868835966,0.013512758824729021,0.0004181757412534856,5,5,5,False,False,,,,1185,125.32253760501044,0.0,0.022331013999064453,563e7111949dd39592554176877f9b77fc8e51de41cf37fff733523648508ea9,1572,19,0,0.021304044525327033,0.023475969231885784,0.5235678981581785,1.0,-0.013762454502284527,0.006228400394320488,,,,,0.013521584760022982,-5.8341210835968424e-05,0.013547142863351269,-8.38993141642555e-05,,,,
fold-000,reference/US-natural/posttraining/dlinear-mse-s42,evaluation,reference,posttraining,dlinear,reference_mse,42,True,continuous,reference/US-natural/search/dlinear-10-s42,19716,19,0.01366628418152438,0.0004235657195355419,0.01371827240224052,0.0004274512614032323,0,5,5,True,False,,,,1185,123.43849686800968,0.0,0.023182054006610997,d106e169585f66238e00caa9853ee534cf6b8cc613d167037ebdc791b463e1fd,1572,19,0,0.0017880446883573049,-0.003272631651772586,0.5129734714883926,1.0,-0.01843741536140442,0.01841362752020359,,,,,0.013521584760022982,0.0001446994215013979,0.01366628418152438,0.0,,,,
fold-000,reference/US-natural/posttraining/dlinear-mse-s43,evaluation,reference,posttraining,dlinear,reference_mse,43,True,continuous,reference/US-natural/finalist/dlinear-s43,19716,19,0.013518045695121021,0.00041678524043867865,0.013571890102813178,0.00042066618344766785,4,5,5,False,False,,,,1185,125.33576253597857,0.0,0.02251380801317282,e293d27b8c6d9198b273adcfe4860264107d0b04421510da2c893dc493347e08,1572,19,0,0.003255512604003383,0.0033640411463144266,0.5254783863949759,1.0,-0.02481023408472538,0.0095698032528162,,,,,0.013521584760022982,-3.5390649019608617e-06,0.013504431177987134,1.3614517133886395e-05,,,,
fold-000,reference/US-natural/posttraining/dlinear-mse-s44,evaluation,reference,posttraining,dlinear,reference_mse,44,True,continuous,reference/US-natural/finalist/dlinear-s44,19716,19,0.01354457974956565,0.0004179691447458841,0.013596277254816191,0.00042179569406067345,5,5,5,False,False,,,,1185,123.93408519600052,0.0,0.022249911999097094,0eceb3e97d241505687b76ac35a13d55fd829a8a285217a5030505014306edfd,1572,19,0,0.002278370497104526,0.005515258262193024,0.513671171744511,1.0,-0.016547949984669685,0.013411670923233032,,,,,0.013521584760022982,2.299498954266843e-05,0.013547142863351269,-2.5631137856186453e-06,,,,
fold-000,reference/US-natural/posttraining/gru-mae-s42,evaluation,reference,posttraining,gru,reference_mae,42,True,continuous,reference/US-natural/search/gru-10-s42,19716,19,0.013754897789305259,0.000426210807276352,0.013813594434138292,0.00043037629122464314,4,5,5,False,False,,,,1185,130.60194750101073,0.0,0.02283051201084163,7a2b5f8b2762e5da1be44f136bf9ad0adbca26f5e3f03b12659bbab507883277,1572,19,0,0.014776248659653242,0.020959505687208686,0.501918958405418,1.0,-0.012389186769723892,0.01292998157441616,,,,,0.013521584760022982,0.00023331302928227687,0.014225837527361024,-0.0004709397380557659,,,,
fold-000,reference/US-natural/posttraining/gru-mae-s43,evaluation,reference,posttraining,gru,reference_mae,43,True,continuous,reference/US-natural/finalist/gru-s43,19716,19,0.013661160665487285,0.00042092471016376675,0.01370986917007671,0.00042457454046168673,4,5,5,False,False,,,,1185,130.78250420902623,0.0,0.022833688999526203,ab501cc04c7b4c9a9174e014cbb15b9dc0a5f6105743fa905b48096bb67df79d,1572,19,0,0.013667131678438587,0.019450034510387144,0.5221700229498455,1.0,-0.020083563402295113,0.012731175869703293,,,,,0.013521584760022982,0.00013957590546430365,0.013959356557442612,-0.00029819589195532667,,,,
fold-000,reference/US-natural/posttraining/gru-mae-s44,evaluation,reference,posttraining,gru,reference_mae,44,True,continuous,reference/US-natural/finalist/gru-s44,19716,19,0.013419994149794702,0.0004129043609663291,0.013469274452418661,0.00041658558042599635,5,5,5,False,False,,,,1185,130.93692783697043,0.0,0.02235530900361482,68ef7b5ff91ee427a9da42f7de58bce42dfa8146fdf561113026e3f3929219d3,1572,19,0,0.018217972771434356,0.020632752405629534,0.5328050761159432,1.0,-0.01395723968744278,0.00473250076174736,,,,,0.013521584760022982,-0.00010159061022827973,0.013554622206601282,-0.00013462805680657976,,,,
fold-000,reference/US-natural/posttraining/gru-mse-s42,evaluation,reference,posttraining,gru,reference_mse,42,True,continuous,reference/US-natural/search/gru-10-s42,19716,19,0.013841347967463507,0.00042928048385818815,0.013897037859611678,0.0004333781171117514,4,5,5,False,False,,,,1185,130.37080545100616,0.0,0.022202442996785976,992be4e8ba220e4129ad89478b089642239debce91caa32dc52a9f61a7b0886f,1572,19,0,0.0032980515876923715,0.004980285230297773,0.5156518509062971,1.0,-0.011142395436763763,0.016813790425658226,,,,,0.013521584760022982,0.0003197632074405255,0.014225837527361024,-0.00038448955989751725,,,,
fold-000,reference/US-natural/posttraining/gru-mse-s43,evaluation,reference,posttraining,gru,reference_mse,43,True,continuous,reference/US-natural/finalist/gru-s43,19716,19,0.01371219021429714,0.00042358276358508295,0.013763068786308402,0.00042737500398635944,4,5,5,False,False,,,,1185,130.5544975969824,0.0,0.022508648005896248,9e7a2b30bed636c9694514cd204ffd5be64b01043dc67316545f7e37f0ed8622,1572,19,0,0.00325161200573335,0.005580872556995407,0.5193109672799037,1.0,-0.01699734292924404,0.013844413682818413,,,,,0.013521584760022982,0.00019060545427415816,0.013959356557442612,-0.00024716634314547216,,,,
fold-000,reference/US-natural/posttraining/gru-mse-s44,evaluation,reference,posttraining,gru,reference_mse,44,True,continuous,reference/US-natural/finalist/gru-s44,19716,19,0.013466533777242546,0.0004137698449800076,0.013512755150680638,0.0004173401536415101,5,5,5,False,False,,,,1185,129.04139063000912,0.0,0.02228349399229046,46e414e324fed48176b3d5569ea24d6c0aa4298ea4df72d93cbf8cd8faefe495,1572,19,0,0.006282907833110516,0.009314992007580432,0.528310536102404,1.0,-0.018940236419439316,0.007935848087072372,,,,,0.013521584760022982,-5.505098278043609e-05,0.013554622206601282,-8.808842935873612e-05,,,,
fold-000,reference/US-natural/posttraining/lstm-mae-s42,evaluation,reference,posttraining,lstm,reference_mae,42,True,continuous,reference/US-natural/search/lstm-00-s42,19716,19,0.013651350054466245,0.00042167139847435977,0.013714975882333382,0.0004259702978567844,0,5,5,True,False,,,,1185,126.99828778597293,0.0,0.02289240900427103,a2c064b6c3660c5df47412cc2202f45fa8e9e5a453baa1e534619c884e20a09d,1572,19,0,0.025862217854740577,0.030539544577227414,0.5118886564010967,1.0,-0.031185582280158997,0.03546310216188431,,,,,0.013521584760022982,0.0001297652944432636,0.013651350054466245,0.0,,,,
fold-000,reference/US-natural/posttraining/lstm-mae-s43,evaluation,reference,posttraining,lstm,reference_mae,43,True,continuous,reference/US-natural/finalist/lstm-s43,19716,19,0.013712942765104652,0.000422913080552359,0.01375687398447912,0.00042646666975966393,0,5,5,True,False,,,,1185,129.74859106197255,0.0,0.022346383004332893,14856d8d798c416a97eaeba459e01e7b476adb4c69c1e433475ec1bc5d6e9e56,1572,19,0,0.01864204379293688,0.02399219359021433,0.5216921687855294,1.0,-0.020796142518520355,0.01735205203294754,,,,,0.013521584760022982,0.0001913580050816703,0.013712942765104652,0.0,,,,
fold-000,reference/US-natural/posttraining/lstm-mae-s44,evaluation,reference,posttraining,lstm,reference_mae,44,True,continuous,reference/US-natural/finalist/lstm-s44,19716,19,0.013504220591192776,0.000416735017955255,0.01355396752593462,0.00042051711346655367,5,5,5,False,False,,,,1185,126.95354229799705,0.0,0.022424679991672747,97d6af6206df2cc90dfa927a73977cc749a724a2c7cca2d1182de277764ba240,1572,19,0,0.019348700704561753,0.019824340543051565,0.5285647656037602,1.0,-0.01751348376274109,0.011502087116241455,,,,,0.013521584760022982,-1.736416883020564e-05,0.013523887317314947,-1.9666726122170852e-05,,,,
fold-000,reference/US-natural/posttraining/lstm-mse-s42,evaluation,reference,posttraining,lstm,reference_mse,42,True,continuous,reference/US-natural/search/lstm-00-s42,19716,19,0.013651350054466245,0.00042167139847435977,0.013714975882333382,0.0004259702978567844,0,5,5,True,False,,,,1185,128.17835008300608,0.0,0.023029816991765983,a2c064b6c3660c5df47412cc2202f45fa8e9e5a453baa1e534619c884e20a09d,1572,19,0,0.025862217854740577,0.030539544577227414,0.5118886564010967,1.0,-0.031185582280158997,0.03546310216188431,,,,,0.013521584760022982,0.0001297652944432636,0.013651350054466245,0.0,,,,
fold-000,reference/US-natural/posttraining/lstm-mse-s43,evaluation,reference,posttraining,lstm,reference_mse,43,True,continuous,reference/US-natural/finalist/lstm-s43,19716,19,0.013712942765104652,0.000422913080552359,0.01375687398447912,0.00042646666975966393,0,5,5,True,False,,,,1185,128.08637832000386,0.0,0.022557769989361987,14856d8d798c416a97eaeba459e01e7b476adb4c69c1e433475ec1bc5d6e9e56,1572,19,0,0.01864204379293688,0.02399219359021433,0.5216921687855294,1.0,-0.020796142518520355,0.01735205203294754,,,,,0.013521584760022982,0.0001913580050816703,0.013712942765104652,0.0,,,,
fold-000,reference/US-natural/posttraining/lstm-mse-s44,evaluation,reference,posttraining,lstm,reference_mse,44,True,continuous,reference/US-natural/finalist/lstm-s44,19716,19,0.013523887317314947,0.0004172788722440084,0.01357310019194636,0.0004210168173452794,0,5,5,True,False,,,,1185,128.10524600901408,0.0,0.02234575200418476,ea1bc705e9a2c1b7a495dc80fa0ae14f44160f57e356ffb5942bfa788c5423b1,1572,19,0,0.009750347297307796,0.006943719145928906,0.5285660175569403,1.0,-0.015399709343910217,0.010766014456748962,,,,,0.013521584760022982,2.3025572919652126e-06,0.013523887317314947,0.0,,,,
fold-000,reference/US-natural/posttraining/rnn-mae-s42,evaluation,reference,posttraining,rnn,reference_mae,42,True,continuous,reference/US-natural/search/rnn-00-s42,19716,19,0.013691222178399699,0.00042416042870875624,0.01374987558291107,0.0004284069717101822,2,5,5,False,False,,,,1185,124.87451624003006,0.0,0.02222221900592558,f24aa16c31c96227ebe3f0d3d47d637429e4429a8afa30e65762cdb66ad74d9a,1572,19,0,0.013543857068078475,0.009066165071648797,0.5242244161529113,1.0,-0.01785065233707428,0.02180958166718483,,,,,0.013521584760022982,0.0001696374183767172,0.013590169516123568,0.00010105266227613055,,,,
fold-000,reference/US-natural/posttraining/rnn-mae-s43,evaluation,reference,posttraining,rnn,reference_mae,43,True,continuous,reference/US-natural/finalist/rnn-s43,19716,19,0.013892917981548744,0.000428750654799946,0.013941737316787854,0.0004324692294546125,2,5,5,False,False,,,,1185,125.37298102502245,0.0,0.022755041005439125,b40094cfa800dc817c5cfbbe45693f4f6818de15bff32a31e37d25e383ede586,1572,19,0,0.02246570438876275,0.023901215619152733,0.5195782529671252,1.0,-0.03923177719116211,0.03351034224033356,,,,,0.013521584760022982,0.00037133322152576274,0.01381549678899849,7.742119255025465e-05,,,,
fold-000,reference/US-natural/posttraining/rnn-mae-s44,evaluation,reference,posttraining,rnn,reference_mae,44,True,continuous,reference/US-natural/finalist/rnn-s44,19716,19,0.01378557556813134,0.00042646670629183656,0.013837386088895225,0.00043034205938414805,5,5,5,False,False,,,,1185,125.97800847998587,0.0,0.022430009994423017,6fe1e0293a7a1918db073ebd4ebfffb7ed403b49701edde5dc0e7dffcd58ab7a,1572,19,0,0.01729278408699772,0.021329348210080742,0.5152787313535356,1.0,-0.022456631064414978,0.014308921992778778,,,,,0.013521584760022982,0.0002639908081083584,0.01401252446990673,-0.00022694890177538986,,,,
fold-000,reference/US-natural/posttraining/rnn-mse-s42,evaluation,reference,posttraining,rnn,reference_mse,42,True,continuous,reference/US-natural/search/rnn-00-s42,19716,19,0.013590169516123568,0.00042070156350898985,0.013643338706850285,0.0004246643427887346,0,5,5,True,False,,,,1185,127.35524462198373,0.0,0.022890024993102998,b7df6d3c9b6121d02778540ffa1a457ed76b9652e78a4173fefffe630d1f63f4,1572,19,0,-0.003240721460151656,-0.005108417633203584,0.5225054194385886,1.0,-0.022074056789278984,0.016527142375707626,,,,,0.013521584760022982,6.858475610058666e-05,0.013590169516123568,0.0,,,,
fold-000,reference/US-natural/posttraining/rnn-mse-s43,evaluation,reference,posttraining,rnn,reference_mse,43,True,continuous,reference/US-natural/finalist/rnn-s43,19716,19,0.014002313518709406,0.00043142396378722576,0.014034488272458715,0.0004346081915771641,2,5,5,False,False,,,,1185,126.64813715801574,0.0,0.02290159599215258,b83316fd44828d659addfdc24eae2afa10333de2fa449e5bbe45fe09d08ccb45,1572,19,0,0.004641665804554817,0.003920576291574167,0.5290996599557488,1.0,-0.03738659620285034,0.032307639718055725,,,,,0.013521584760022982,0.00048072875868642416,0.01381549678899849,0.00018681672971091606,,,,
fold-000,reference/US-natural/posttraining/rnn-mse-s44,evaluation,reference,posttraining,rnn,reference_mse,44,True,continuous,reference/US-natural/finalist/rnn-s44,19716,19,0.01401252446990673,0.00043429887297817045,0.014061971193625124,0.000438086724424285,0,5,5,True,False,,,,1185,125.71257681504358,0.0,0.023645234003197402,747d311e39d66403f282c28bf1d34ea86d4afa53bd8db74bae60fc2e671d2c27,1572,19,0,0.01000089018868276,0.01669267433938135,0.5006053142255967,1.0,-0.022467106580734253,0.01434239000082016,,,,,0.013521584760022982,0.0004909397098837483,0.01401252446990673,0.0,,,,
fold-001,reference/US-natural/finalist/dlinear-s43,calibration,reference,finalist,dlinear,reference,43,True,continuous,,19716,19,0.013786082447218184,0.0004254663491986557,0.013830450114384493,0.00042913628958985567,28,38,100,,True,validation_plateau,,,10488,699.2060829560505,,0.022403900991776027,22d397c41e94481dda39a45341584ef264b13a674a80b103a5be09c3bd5e4735,1572,19,0,-0.007914278727751014,-0.005511061674321844,0.5139948179537551,1.0,-0.016983700916171074,0.012677427381277084,,,,,0.013521584760022982,0.0002644976871952025,0.013786082447218184,,,,,
fold-001,reference/US-natural/finalist/dlinear-s44,calibration,reference,finalist,dlinear,reference,44,True,continuous,,19716,19,0.014430530992825211,0.00045226587024021727,0.01451558036838578,0.00045758945975947984,20,30,100,,True,validation_plateau,,,8280,560.1948394579813,,0.02255593700101599,e0611293a3b8b504b7988fa9fc662af0fc1506fdca7627d0860058bbd849cfea,1572,19,0,-0.002964798015859039,0.001545616664606223,0.4880941753138806,1.0,-0.01575464755296707,0.02124142274260521,,,,,0.013521584760022982,0.0009089462328022296,0.014430530992825211,,,,,
fold-001,reference/US-natural/finalist/gru-s43,calibration,reference,finalist,gru,reference,43,True,continuous,,19716,19,0.014337282135096795,0.0004424709887705578,0.014358334936069903,0.0004453131320525362,48,58,100,,True,validation_plateau,,,16008,1108.9872791459784,,0.02253497700439766,8dc3cad8747ae8424db6d9fdd29d79b6db84ab2c16bda4a7a192792c5a535c39,1572,19,0,0.016079053256130422,0.015334370791900306,0.508511921337354,1.0,-0.02034646086394787,0.00981813482940197,,,,,0.013521584760022982,0.0008156973750738129,0.014337282135096795,,,,,
fold-001,reference/US-natural/finalist/gru-s44,calibration,reference,finalist,gru,reference,44,True,continuous,,19716,19,0.013947948813454961,0.00043100643080130907,0.013982908121270633,0.00043436625971117904,37,47,100,,True,validation_plateau,,,12972,906.8940600189962,,0.022408428994822316,b4cdd758e87fb6c11b20caca22b7f4a0690ba4b5e6b022d3d693839c0f895b78,1572,19,0,0.00836254117844928,0.01012796058005104,0.5171705649380565,1.0,-0.021996773779392242,0.014818010851740837,,,,,0.013521584760022982,0.0004263640534319796,0.013947948813454961,,,,,
fold-001,reference/US-natural/finalist/lstm-s43,calibration,reference,finalist,lstm,reference,43,True,continuous,,19716,19,0.014196191001912562,0.0004394769051925612,0.014231989713849326,0.0004427989466278508,15,25,100,,True,validation_plateau,,,6900,483.9432075659861,,0.02280646799772512,ad5096cad949e0e55b207e418b26ef5b40bea9dd38868ab0484ad6c23ee31411,1572,19,0,0.019611372339050227,0.022774097685285908,0.514237547159049,1.0,-0.02514379471540451,0.019169576466083527,,,,,0.013521584760022982,0.0006746062418895808,0.014196191001912562,,,,,
fold-001,reference/US-natural/finalist/lstm-s44,calibration,reference,finalist,lstm,reference,44,True,continuous,,19716,19,0.013762377076011929,0.00042586153267401095,0.013821753620006382,0.00043001005100405415,22,32,100,,True,validation_plateau,,,8832,612.1692032090505,,0.02275568200275302,49b8f2132fa13bc344e74bed37aea67757d1e6629b28f5bc21538fbf035f826b,1572,19,0,0.01649216085664404,0.01576092968449738,0.5051572866371126,1.0,-0.018667742609977722,0.01913289725780487,,,,,0.013521584760022982,0.0002407923159889469,0.013762377076011929,,,,,
fold-001,reference/US-natural/finalist/rnn-s43,calibration,reference,finalist,rnn,reference,43,True,continuous,,19716,19,0.013903244863080486,0.0004281070820220372,0.013947035271711906,0.000431687786251689,44,54,100,,True,validation_plateau,,,14904,1005.7489594789804,,0.022894042005646043,01af382b15e76c1e11475a936dcb56c672c84eeedf14215ef8593fb6dcb664f3,1572,19,0,-0.007429352974798541,-0.0028825289922825973,0.5068086648588244,1.0,-0.026749983429908752,0.011099684983491898,,,,,0.013521584760022982,0.0003816601030575042,0.013903244863080486,,,,,
fold-001,reference/US-natural/finalist/rnn-s44,calibration,reference,finalist,rnn,reference,44,True,continuous,,19716,19,0.014497816053223539,0.0004513035849997014,0.014526876211671362,0.0004545267468053992,21,31,100,,True,validation_plateau,,,8556,591.6385625269613,,0.022341263000271283,597faac85174590053cbbe22cbf692054c2b419251c50361f678ffb6380523e7,1572,19,0,4.593204265518425e-05,-0.003871274443457714,0.5057911936747668,1.0,-0.019291501492261887,0.01945272460579872,,,,,0.013521584760022982,0.0009762312932005569,0.014497816053223539,,,,,
fold-001,reference/US-natural/search/dlinear-00-s42,calibration,reference,search,dlinear,reference,42,False,continuous,,19716,19,0.01493148182170861,0.0004659070445891516,0.014996564887986303,0.00047048388615062754,35,45,100,,True,validation_plateau,,,12420,820.8188379479689,,0.0218025909998687,b59512799eef0e28caad878c64470bf36225d257d9de9ae278c0a9526db13f48,1572,19,0,-0.0028249666744968554,0.01116630306262259,0.5124927655543887,1.0,-0.02260711044073105,0.029554612934589386,,,,,0.013521584760022982,0.001409897061685629,0.01493148182170861,,,,,
fold-001,reference/US-natural/search/dlinear-10-s42,calibration,reference,search,dlinear,reference,42,True,continuous,,19716,19,0.014099897656756987,0.0004392190457744381,0.014157895486164838,0.0004433785218646922,19,29,100,,True,validation_plateau,,,8004,543.4246443700395,,0.022635296001681127,6a51bdc536f3cdea03069f5c2529723b8a84083d8099dbc89b33cf4e951dff68,1572,19,0,0.0022433107496429524,0.001985918265982349,0.5025616603689042,1.0,-0.020032517611980438,0.023466791957616806,,,,,0.013521584760022982,0.0005783128967340057,0.014099897656756987,,,,,
fold-001,reference/US-natural/search/gru-00-s42,calibration,reference,search,gru,reference,42,False,continuous,,19716,19,0.014129044174941699,0.0004369051397384653,0.014172580338718242,0.0004405057608630896,23,33,100,,True,validation_plateau,,,9108,628.3691748449928,,0.02322425300371833,175c21d71306d386db5fddfd9a985315524d727fbc962cf259e508cbcb1635bd,1572,19,0,-0.00494663765954464,0.003516818299481229,0.5104812764877004,1.0,-0.03461603820323944,0.01455773413181305,,,,,0.013521584760022982,0.0006074594149187169,0.014129044174941699,,,,,
fold-001,reference/US-natural/search/gru-10-s42,calibration,reference,search,gru,reference,42,True,continuous,,19716,19,0.014453435841099328,0.00044966296166194705,0.014493142196750283,0.00045324343679601015,29,39,100,,True,validation_plateau,,,10764,752.7110045860172,,0.022410934005165473,7833b358dda76c9ea4da6ab69c3e49abdc343478539124310a888d26cbe3e923,1572,19,0,0.005583066138379067,0.014076647774927876,0.5034835197553758,1.0,-0.018980639055371284,0.017354555428028107,,,,,0.013521584760022982,0.0009318510810763462,0.014453435841099328,,,,,
fold-001,reference/US-natural/search/lstm-00-s42,calibration,reference,search,lstm,reference,42,True,continuous,,19716,19,0.013988237746136497,0.00043153079763042147,0.014024933183284266,0.0004349051584135514,12,22,100,,True,validation_plateau,,,6072,429.68051725497935,,0.022643100994173437,5924f36aec96af1a827ed783357cac5564d5bc63ddde81d317dea80b66d487cf,1572,19,0,0.017680790146941395,0.019963194293487207,0.5289496764032989,1.0,-0.029789604246616364,0.017973698675632477,,,,,0.013521584760022982,0.0004666529861135152,0.013988237746136497,,,,,
fold-001,reference/US-natural/search/lstm-10-s42,calibration,reference,search,lstm,reference,42,False,continuous,,19716,19,0.013930827758111407,0.00042832695724785626,0.013967584112146237,0.00043170380133252065,14,24,100,,True,validation_plateau,,,6624,480.3518704980379,,0.023394402000121772,d90b95bc6985f6cb845aa0d2c1bd765be707a4084c6b522e7cf479842277b9c1,1572,19,0,-0.013341148514772186,-0.005891552823228985,0.5334884843489174,1.0,-0.02849036455154419,0.022782165557146072,,,,,0.013521584760022982,0.00040924299808842504,0.013930827758111407,,,,,
fold-001,reference/US-natural/search/rnn-00-s42,calibration,reference,search,rnn,reference,42,False,continuous,,19716,19,0.013998382552087506,0.00043484334262707685,0.01405458320278988,0.0004389373716217489,34,44,100,,True,validation_plateau,,,12144,807.5371158579946,,0.02280949300620705,bd690a8dc5d2dbf3874726da1a52bfa325ba9ac324909347be9dee85b7bec49d,1572,19,0,0.017836050108603462,0.011103501325263826,0.5079274697833868,1.0,-0.025683190673589706,0.01786477491259575,,,,,0.013521584760022982,0.00047679779206452437,0.013998382552087506,,,,,
fold-001,reference/US-natural/search/rnn-10-s42,calibration,reference,search,rnn,reference,42,True,continuous,,19716,19,0.013825089087063253,0.0004283988931518153,0.01387005241455625,0.00043208257208458215,45,55,100,,True,validation_plateau,,,15180,1021.3708567600115,,0.02294029900804162,9dfcc2eafa484ce6ac345a34fc57c8ce8b7a818441fd4490c3575629e51e05aa,1572,19,0,-0.00663593787583041,-0.008972650903526728,0.5016751653154118,1.0,-0.022730989381670952,0.015541385859251022,,,,,0.013521584760022982,0.0003035043270402712,0.013825089087063253,,,,,
fold-001,tabular/ridge-a0.1,calibration,tabular,search,ridge,ridge,,False,continuous,,19716,19,0.3631369304986805,0.14620906379455856,0.3630325479049074,0.14576261855143424,,,,,,,,,,,,0.02301041199825704,e8c3c0cc129c72de5f654294c072651544a0a42b193b186ccb58bcf67ccce23c,1572,19,0,-0.007394127396996534,-0.0037064311758175403,0.5245930387579749,1.0,-0.6364185874127897,-0.21687777411466233,,,61.05680720298551,,0.013521584760022982,0.34961534573865755,0.3631369304986805,,,,,
fold-001,tabular/ridge-a1.0,calibration,tabular,search,ridge,ridge,,False,continuous,,19716,19,0.1833589566937746,0.035940824393143334,0.18346346261564345,0.03593820577259364,,,,,,,,,,,,0.02297587599605322,ee7af5adf82ff7478b5fb1d9b4b100d6f633e627a3217fc0e3e8f8935076e966,1572,19,0,-0.006629645551089966,-0.0037285441034857728,0.5245930387579749,1.0,-0.31704318740174026,-0.11770710169942414,,,62.27341280900873,,0.013521584760022982,0.16983737193375162,0.1833589566937746,,,,,
fold-001,tabular/ridge-a10.0,calibration,tabular,search,ridge,ridge,,True,continuous,,19716,19,0.06990774134737014,0.006914390054292155,0.0684515922249822,0.006702588883379005,,,,,,,,,,,,0.022673097002552822,d8da525985235e5f5e81ce963737ad2ecbb58ba556d6df22a3fdaa7f90e42253,1572,19,0,-0.006547183026492066,-0.0045890157309170605,0.5244970832813161,1.0,-0.16295887423359898,0.0052092209037900164,,,62.26515460002702,,0.013521584760022982,0.056386156587347164,0.06990774134737014,,,,,
fold-001,tabular/xgb-d3-b128-lr0.03-s42,calibration,tabular,search,xgboost,xgboost,42,False,continuous,,19716,19,0.01351003971972563,0.00041767092633002633,0.013565750804767494,0.000421649388464794,,,,,True,validation_plateau,300,1,,,,0.021949907997623086,40a39bea21173d6d4ae2e121e4d627383ee8e0d38dd2bde8c62fb069b27c8d71,1572,19,0,-0.010629033129554424,-0.014625116014341043,0.5245930387579749,1.0,-0.0029833039734512568,-0.00040838163113221526,,,,282.04935808101436,0.013521584760022982,-1.1545040297352219e-05,0.01351003971972563,,,,,
fold-001,tabular/xgb-d3-b128-lr0.1-s42,calibration,tabular,search,xgboost,xgboost,42,False,continuous,,19716,19,0.013537177545411219,0.0004193971394602654,0.013594098228310947,0.0004234380019677924,,,,,True,validation_plateau,300,1,,,,0.02164886200625915,21e0742d80f7bbc0c85d8f38c25c3b44880caaacc449e91e18e483f094ba914e,1572,19,0,-0.010629033129554424,-0.014625116014341043,0.5136929538748204,1.0,-0.007504296954721212,0.0010787778301164508,,,,282.35056875203736,0.013521584760022982,1.559278538823712e-05,0.013537177545411219,,,,,
fold-001,tabular/xgb-d3-b256-lr0.03-s42,calibration,tabular,search,xgboost,xgboost,42,False,continuous,,19716,19,0.013510070626798251,0.00041766571680927806,0.013565843062491447,0.00042165066397529687,,,,,True,validation_plateau,300,1,,,,0.02124484301020857,6e82acde49a0d32bc6188d63235e036979832b5ae5ac45488068b3f78804d264,1572,19,0,-0.008248159810788427,-0.012070451828064783,0.5245930387579749,1.0,-0.004349874798208475,-0.00040838163113221526,,,,303.73846664401935,0.013521584760022982,-1.1514133224730522e-05,0.013510070626798251,,,,,
fold-001,tabular/xgb-d3-b256-lr0.1-s42,calibration,tabular,search,xgboost,xgboost,42,False,continuous,,19716,19,0.013537507938898121,0.0004194566707221504,0.013594632199520994,0.00042351730001789176,,,,,True,validation_plateau,300,1,,,,0.022062999996705912,09854d0f06cd86f911ef9cd3b3d93567d464995d355d4ab76c236e76c9ea30d2,1572,19,0,-0.008248159810788427,-0.012070451828064783,0.5136405841445245,1.0,-0.012059533037245274,0.0010787778301164508,,,,302.339776553039,0.013521584760022982,1.592317887513968e-05,0.013537507938898121,,,,,
fold-001,tabular/xgb-d3-b64-lr0.03-s42,calibration,tabular,search,xgboost,xgboost,42,True,continuous,,19716,19,0.0135143311687751,0.0004178398090036841,0.013570193876055963,0.0004218314995313426,,,,,True,validation_plateau,300,1,,,,0.021601391999865882,2badb69f22d8d7c55c36d020387c587c2026977c3aa6ff8bbff66218ce99f074,1572,19,0,-0.03034834266545968,-0.02229240130801609,0.5245930387579749,1.0,-0.0020756309386342764,-0.0002025074791163206,,,,261.33543085400015,0.013521584760022982,-7.253591247880983e-06,0.0135143311687751,,,,,
fold-001,tabular/xgb-d3-b64-lr0.03-s43,calibration,tabular,finalist,xgboost,xgboost,43,True,continuous,,19716,19,0.0135143311687751,0.0004178398090036841,0.013570193876055963,0.0004218314995313426,,,,,True,validation_plateau,300,1,,,,0.02151501999469474,2badb69f22d8d7c55c36d020387c587c2026977c3aa6ff8bbff66218ce99f074,1572,19,0,-0.03034834266545968,-0.02229240130801609,0.5245930387579749,1.0,-0.0020756309386342764,-0.0002025074791163206,,,,261.3278820790001,0.013521584760022982,-7.253591247880983e-06,0.0135143311687751,,,,,
fold-001,tabular/xgb-d3-b64-lr0.03-s44,calibration,tabular,finalist,xgboost,xgboost,44,True,continuous,,19716,19,0.0135143311687751,0.0004178398090036841,0.013570193876055963,0.0004218314995313426,,,,,True,validation_plateau,300,1,,,,0.021633733005728573,2badb69f22d8d7c55c36d020387c587c2026977c3aa6ff8bbff66218ce99f074,1572,19,0,-0.03034834266545968,-0.02229240130801609,0.5245930387579749,1.0,-0.0020756309386342764,-0.0002025074791163206,,,,263.97449476097245,0.013521584760022982,-7.253591247880983e-06,0.0135143311687751,,,,,
fold-001,tabular/xgb-d3-b64-lr0.1-s42,calibration,tabular,search,xgboost,xgboost,42,False,continuous,,19716,19,0.013555970047379205,0.00042022133448232777,0.013613620271215031,0.00042431538857583024,,,,,True,validation_plateau,300,1,,,,0.020968783006537706,771d5b34efec10296c7c7c78aa3f0382a4e9f1da5e8ed23c66b002f93a50996c,1572,19,0,-0.03034834266545968,-0.02229240130801609,0.48021176552271727,1.0,-0.004478720016777515,0.0017650251975283027,,,,261.3011613849667,0.013521584760022982,3.438528735622351e-05,0.013555970047379205,,,,,
fold-001,tabular/xgb-d6-b128-lr0.03-s42,calibration,tabular,search,xgboost,xgboost,42,False,continuous,,19716,19,0.013509276326876195,0.00041759541529262856,0.013565199776151112,0.0004215887143735689,,,,,True,validation_plateau,300,1,,,,0.022637589994701557,0334709b3cf744b1aaa9dd81a3c65f6239a6a6db0cd15ae1e9e0a314ab00bafe,1572,19,0,0.004781756494057471,0.0020202823257605453,0.5220998250746772,1.0,-0.006843339651823044,0.002559758722782135,,,,415.9250713700312,0.013521584760022982,-1.2308433146786604e-05,0.013509276326876195,,,,,
fold-001,tabular/xgb-d6-b128-lr0.1-s42,calibration,tabular,search,xgboost,xgboost,42,False,continuous,,19716,19,0.013548287466356449,0.0004199409986683787,0.01360580369148315,0.00042402515990678564,,,,,True,validation_plateau,300,1,,,,0.02233000200067181,8602bd148d37e17f0ee477574fcb86fd48e38d786afbd6034d1b4332b08a0c33,1572,19,0,0.004781756494057471,0.0020202814561716275,0.5043775503499205,1.0,-0.020371083170175552,0.010972579009830952,,,,413.92393665696727,0.013521584760022982,2.6702706333467385e-05,0.013548287466356449,,,,,
fold-001,tabular/xgb-d6-b256-lr0.03-s42,calibration,tabular,search,xgboost,xgboost,42,False,continuous,,19716,19,0.01350857874056558,0.00041750072820631535,0.013564473090671512,0.0004214912393021214,,,,,True,validation_plateau,300,1,,,,0.021522884999285452,b0593ccec4306be827ca91a2798318adfc51d196e338583d6ab08c25f5d7b829,1572,19,0,0.008220709106913882,0.004351460784817266,0.5213175475716756,1.0,-0.0075530316680669785,0.0007978916401043534,,,,451.2406869669794,0.013521584760022982,-1.3006019457402138e-05,0.01350857874056558,,,,,
fold-001,tabular/xgb-d6-b256-lr0.1-s42,calibration,tabular,search,xgboost,xgboost,42,False,continuous,,19716,19,0.01354346038796751,0.0004194946007894813,0.013601084872909897,0.00042357680114595686,,,,,True,validation_plateau,300,1,,,,0.02203401598671917,0cfed258f9ed2856ff030e55ab0d6ab7db23ca7ebca046fc4ffb3aa0cbb5af3c,1572,19,0,0.008220709106913882,0.004351461337414492,0.5062192427394152,1.0,-0.022736722603440285,0.005099689122289419,,,,448.9404486310086,0.013521584760022982,2.1875627944529033e-05,0.01354346038796751,,,,,
fold-001,tabular/xgb-d6-b64-lr0.03-s42,calibration,tabular,search,xgboost,xgboost,42,False,continuous,,19716,19,0.013511190763671256,0.00041783635615071367,0.01356701092094533,0.00042182451234195364,,,,,True,validation_plateau,300,1,,,,0.022025149010005407,6387719a03b5f6530aa8e476fce8385a303d06aa1376072cef67aa0eea1e5588,1572,19,0,-0.0064177239170256735,-0.02501343105599767,0.523250560704696,1.0,-0.008161751553416252,0.002559758722782135,,,,379.23364979599137,0.013521584760022982,-1.0393996351725984e-05,0.013511190763671256,,,,,
fold-001,tabular/xgb-d6-b64-lr0.1-s42,calibration,tabular,search,xgboost,xgboost,42,False,continuous,,19716,19,0.013546857139355564,0.00042037017270957227,0.013604244027318392,0.00042444274921803486,,,,,True,validation_plateau,300,1,,,,0.021998608994181268,00dd6e711b806cae7cd4c0ac3c3a2cac2876ec59b1ef96f1ca7c617fe90d892c,1572,19,0,-0.0064177239170256735,-0.02501343129152456,0.5095695881164366,1.0,-0.02476578950881958,0.010972579009830952,,,,375.4712431119988,0.013521584760022982,2.52723793325825e-05,0.013546857139355564,,,,,
fold-001,posttraining/dlinear/seed-42/real/expected,calibration,posttraining,posttraining,dlinear,expected,42,True,median,reference/US-natural/search/dlinear-10-s42,19716,19,0.01415628606133132,0.00044187809645137476,0.014212110436752612,0.0004459849207924618,0,13,50,True,True,validation_plateau,,,8125,,0.0,0.03146483300952241,180740e3ddf8aa131b7a813e0e76b06c955bd02d2dc749b28db7f01af364d62d,1572,19,0,0.0039038520015465786,0.0015322922168655652,0.2535630225578301,0.48417780769985114,-0.020317373047645464,0.020317373047645457,True,0.0,,160.5813059680513,0.013521584760022982,0.0006347013013083391,0.014099897656756987,5.6388404574333334e-05,0.01415628606133132,0.0,0.014099897656756987,5.6388404574333334e-05
fold-001,posttraining/dlinear/seed-42/real/klpo_exact,calibration,posttraining,posttraining,dlinear,klpo_exact,42,True,median,reference/US-natural/search/dlinear-10-s42,19716,19,0.01415628606133132,0.00044187809645137476,0.014212110436752612,0.0004459849207924618,0,13,50,True,True,validation_plateau,,,8125,,0.0,0.0231724059995031,180740e3ddf8aa131b7a813e0e76b06c955bd02d2dc749b28db7f01af364d62d,1572,19,0,0.0039038520015465786,0.0015322922168655652,0.2535630225578301,0.48417780769985114,-0.020317373047645464,0.020317373047645457,True,0.0,,156.03912706498522,0.013521584760022982,0.0006347013013083391,0.014099897656756987,5.6388404574333334e-05,0.01415628606133132,0.0,0.014099897656756987,5.6388404574333334e-05
fold-001,posttraining/dlinear/seed-42/real/klpo_full,calibration,posttraining,posttraining,dlinear,klpo_full,42,True,median,reference/US-natural/search/dlinear-10-s42,19716,19,0.01415628606133132,0.00044187809645137476,0.014212110436752612,0.0004459849207924618,0,13,50,True,True,validation_plateau,,,8125,,0.0,0.023670581009355374,180740e3ddf8aa131b7a813e0e76b06c955bd02d2dc749b28db7f01af364d62d,1572,19,0,0.0039038520015465786,0.0015322922168655652,0.2535630225578301,0.48417780769985114,-0.020317373047645464,0.020317373047645457,True,0.0,,159.4881701389677,0.013521584760022982,0.0006347013013083391,0.014099897656756987,5.6388404574333334e-05,0.01415628606133132,0.0,0.014099897656756987,5.6388404574333334e-05
fold-001,posttraining/dlinear/seed-42/real/klpo_mc,calibration,posttraining,posttraining,dlinear,klpo_mc,42,True,median,reference/US-natural/search/dlinear-10-s42,19716,19,0.01415628606133132,0.00044187809645137476,0.014212110436752612,0.0004459849207924618,0,13,50,True,True,validation_plateau,,,8125,,0.0,0.02290482199168764,180740e3ddf8aa131b7a813e0e76b06c955bd02d2dc749b28db7f01af364d62d,1572,19,0,0.0039038520015465786,0.0015322922168655652,0.2535630225578301,0.48417780769985114,-0.020317373047645464,0.020317373047645457,True,0.0,,166.19505598401884,0.013521584760022982,0.0006347013013083391,0.014099897656756987,5.6388404574333334e-05,0.01415628606133132,0.0,0.014099897656756987,5.6388404574333334e-05
fold-001,posttraining/dlinear/seed-42/real/mae,calibration,posttraining,posttraining,dlinear,mae,42,True,median,reference/US-natural/search/dlinear-10-s42,19716,19,0.01415628606133132,0.00044187809645137476,0.014212110436752612,0.0004459849207924618,0,13,50,True,True,validation_plateau,,,8125,,0.0,0.023414901006617583,180740e3ddf8aa131b7a813e0e76b06c955bd02d2dc749b28db7f01af364d62d,1572,19,0,0.0039038520015465786,0.0015322922168655652,0.2535630225578301,0.48417780769985114,-0.020317373047645464,0.020317373047645457,True,0.0,,144.58804646600038,0.013521584760022982,0.0006347013013083391,0.014099897656756987,5.6388404574333334e-05,0.01415628606133132,0.0,0.014099897656756987,5.6388404574333334e-05
fold-001,posttraining/dlinear/seed-42/real/neural_mae,calibration,posttraining,posttraining,dlinear,neural_mae,42,True,median,reference/US-natural/search/dlinear-10-s42,19716,19,0.013518514968619465,0.0004183278970374085,0.013577308969638383,0.00042242274986660744,6,14,50,False,True,validation_plateau,,,8750,,0.0,0.02265611500479281,35d13c002ffb9c2f591c053e0af3d05d205e5a104ed78858655a4bd12c5f6bd6,1572,19,0,0.013429666065275138,0.01652420850804827,0.004887234587681757,0.008550792387044356,-0.0067724576825484925,0.0,False,0.023814193904399872,,182.16837825998664,0.013521584760022982,-3.0697914035170137e-06,0.014099897656756987,-0.0005813826881375227,0.01415628606133132,-0.0006377710927118561,0.013490886253883002,2.762871473646275e-05
fold-001,posttraining/dlinear/seed-42/real/neural_mse,calibration,posttraining,posttraining,dlinear,neural_mse,42,True,median,reference/US-natural/search/dlinear-10-s42,19716,19,0.013537059416442598,0.00041923190389384866,0.013595518009576606,0.00042331037093012324,6,14,50,False,True,validation_plateau,,,8750,,0.0,0.022196039994014427,d888cd86525f9fe7afa40650bcd4e7323f5d938c9b86b44798d3bb18c1c6d08c,1572,19,0,-0.0015484233880370135,0.00729680989328352,0.013078824135141975,0.02509226066184754,-0.0067724576825484925,0.006772457682548486,False,0.01997825875878334,,166.5705001290189,0.013521584760022982,1.5474656419616276e-05,0.014099897656756987,-0.0005628382403143894,0.01415628606133132,-0.0006192266448887228,0.01349455316187933,4.250625456326748e-05
fold-001,posttraining/dlinear/seed-42/real/reinforce,calibration,posttraining,posttraining,dlinear,reinforce,42,True,median,reference/US-natural/search/dlinear-10-s42,19716,19,0.01415628606133132,0.00044187809645137476,0.014212110436752612,0.0004459849207924618,0,13,50,True,True,validation_plateau,,,8125,,0.0,0.023465086007490754,180740e3ddf8aa131b7a813e0e76b06c955bd02d2dc749b28db7f01af364d62d,1572,19,0,0.0039038520015465786,0.0015322922168655652,0.2535630225578301,0.48417780769985114,-0.020317373047645464,0.020317373047645457,True,0.0,,153.95231948402943,0.013521584760022982,0.0006347013013083391,0.014099897656756987,5.6388404574333334e-05,0.01415628606133132,0.0,0.014099897656756987,5.6388404574333334e-05
fold-001,posttraining/dlinear/seed-43/real/expected,calibration,posttraining,posttraining,dlinear,expected,43,True,median,reference/US-natural/search/dlinear-10-s42,19716,19,0.01415628606133132,0.00044187809645137476,0.014212110436752612,0.0004459849207924618,0,13,50,True,True,validation_plateau,,,8125,,0.0,0.023783654993167147,180740e3ddf8aa131b7a813e0e76b06c955bd02d2dc749b28db7f01af364d62d,1572,19,0,0.0039038520015465786,0.0015322922168655652,0.2535630225578301,0.48417780769985114,-0.020317373047645464,0.020317373047645457,True,0.0,,171.5256585929892,0.013521584760022982,0.0006347013013083391,0.014099897656756987,5.6388404574333334e-05,0.01415628606133132,0.0,0.014099897656756987,5.6388404574333334e-05
fold-001,posttraining/dlinear/seed-43/real/klpo_exact,calibration,posttraining,posttraining,dlinear,klpo_exact,43,True,median,reference/US-natural/search/dlinear-10-s42,19716,19,0.01415628606133132,0.00044187809645137476,0.014212110436752612,0.0004459849207924618,0,13,50,True,True,validation_plateau,,,8125,,0.0,0.02318240400927607,180740e3ddf8aa131b7a813e0e76b06c955bd02d2dc749b28db7f01af364d62d,1572,19,0,0.0039038520015465786,0.0015322922168655652,0.2535630225578301,0.48417780769985114,-0.020317373047645464,0.020317373047645457,True,0.0,,177.39580800395925,0.013521584760022982,0.0006347013013083391,0.014099897656756987,5.6388404574333334e-05,0.01415628606133132,0.0,0.014099897656756987,5.6388404574333334e-05
fold-001,posttraining/dlinear/seed-43/real/klpo_full,calibration,posttraining,posttraining,dlinear,klpo_full,43,True,median,reference/US-natural/search/dlinear-10-s42,19716,19,0.01415628606133132,0.00044187809645137476,0.014212110436752612,0.0004459849207924618,0,13,50,True,True,validation_plateau,,,8125,,0.0,0.023087745998054743,180740e3ddf8aa131b7a813e0e76b06c955bd02d2dc749b28db7f01af364d62d,1572,19,0,0.0039038520015465786,0.0015322922168655652,0.2535630225578301,0.48417780769985114,-0.020317373047645464,0.020317373047645457,True,0.0,,164.23287830298068,0.013521584760022982,0.0006347013013083391,0.014099897656756987,5.6388404574333334e-05,0.01415628606133132,0.0,0.014099897656756987,5.6388404574333334e-05
fold-001,posttraining/dlinear/seed-43/real/klpo_mc,calibration,posttraining,posttraining,dlinear,klpo_mc,43,True,median,reference/US-natural/search/dlinear-10-s42,19716,19,0.01415628606133132,0.00044187809645137476,0.014212110436752612,0.0004459849207924618,0,13,50,True,True,validation_plateau,,,8125,,0.0,0.023496184003306553,180740e3ddf8aa131b7a813e0e76b06c955bd02d2dc749b28db7f01af364d62d,1572,19,0,0.0039038520015465786,0.0015322922168655652,0.2535630225578301,0.48417780769985114,-0.020317373047645464,0.020317373047645457,True,0.0,,173.6193642799626,0.013521584760022982,0.0006347013013083391,0.014099897656756987,5.6388404574333334e-05,0.01415628606133132,0.0,0.014099897656756987,5.6388404574333334e-05
fold-001,posttraining/dlinear/seed-43/real/mae,calibration,posttraining,posttraining,dlinear,mae,43,True,median,reference/US-natural/search/dlinear-10-s42,19716,19,0.01415628606133132,0.00044187809645137476,0.014212110436752612,0.0004459849207924618,0,13,50,True,True,validation_plateau,,,8125,,0.0,0.023201310003059916,180740e3ddf8aa131b7a813e0e76b06c955bd02d2dc749b28db7f01af364d62d,1572,19,0,0.0039038520015465786,0.0015322922168655652,0.2535630225578301,0.48417780769985114,-0.020317373047645464,0.020317373047645457,True,0.0,,146.46206256299047,0.013521584760022982,0.0006347013013083391,0.014099897656756987,5.6388404574333334e-05,0.01415628606133132,0.0,0.014099897656756987,5.6388404574333334e-05
fold-001,posttraining/dlinear/seed-43/real/neural_mae,calibration,posttraining,posttraining,dlinear,neural_mae,43,True,median,reference/US-natural/search/dlinear-10-s42,19716,19,0.01353538203313342,0.00041960896020432005,0.013594669615324373,0.00042375748725065435,18,26,50,False,True,validation_plateau,,,16250,,0.0,0.022209845992620103,8dd5969d98562ac993cbc3d8e37ef97b50ab942f143ea0fc9cc8e70ba8648fa1,1572,17,2,0.0074459802775091195,0.001831960799338577,0.011215850493467572,0.019946964101931242,-0.0067724576825484925,0.006772457682548486,False,0.023097786121070385,,325.708626319014,0.013521584760022982,1.3797273110438199e-05,0.014099897656756987,-0.0005645156236235675,0.01415628606133132,-0.0006209040281979009,0.013766016886840362,-0.00023063485370694234
fold-001,posttraining/dlinear/seed-43/real/neural_mse,calibration,posttraining,posttraining,dlinear,neural_mse,43,True,median,reference/US-natural/search/dlinear-10-s42,19716,19,0.013516436491365242,0.00041889614932823894,0.013574894488817085,0.0004230104925068917,14,22,50,False,True,validation_plateau,,,13750,,0.0,0.022551106987521052,a7b0f9e962cfe73ace3025aa4abbe2e87aed9ca96d5b7061371731bfaedb3a3c,1572,18,1,0.004277027933427224,0.007694368632102054,0.015169973067472154,0.025699916755188353,-0.0067724576825484925,0.006772457682548486,False,0.01750986836850643,,260.9668927330058,0.013521584760022982,-5.14826865774011e-06,0.014099897656756987,-0.0005834611653917458,0.01415628606133132,-0.0006398495699660792,0.013484390745871216,3.204574549402553e-05
fold-001,posttraining/dlinear/seed-43/real/reinforce,calibration,posttraining,posttraining,dlinear,reinforce,43,True,median,reference/US-natural/search/dlinear-10-s42,19716,19,0.01415628606133132,0.00044187809645137476,0.014212110436752612,0.0004459849207924618,0,13,50,True,True,validation_plateau,,,8125,,0.0,0.023226137011079118,180740e3ddf8aa131b7a813e0e76b06c955bd02d2dc749b28db7f01af364d62d,1572,19,0,0.0039038520015465786,0.0015322922168655652,0.2535630225578301,0.48417780769985114,-0.020317373047645464,0.020317373047645457,True,0.0,,153.61571583198383,0.013521584760022982,0.0006347013013083391,0.014099897656756987,5.6388404574333334e-05,0.01415628606133132,0.0,0.014099897656756987,5.6388404574333334e-05
fold-001,posttraining/dlinear/seed-44/real/expected,calibration,posttraining,posttraining,dlinear,expected,44,True,median,reference/US-natural/search/dlinear-10-s42,19716,19,0.01415628606133132,0.00044187809645137476,0.014212110436752612,0.0004459849207924618,0,13,50,True,True,validation_plateau,,,8125,,0.0,0.024196140002459288,180740e3ddf8aa131b7a813e0e76b06c955bd02d2dc749b28db7f01af364d62d,1572,19,0,0.0039038520015465786,0.0015322922168655652,0.2535630225578301,0.48417780769985114,-0.020317373047645464,0.020317373047645457,True,0.0,,147.16088542802026,0.013521584760022982,0.0006347013013083391,0.014099897656756987,5.6388404574333334e-05,0.01415628606133132,0.0,0.014099897656756987,5.6388404574333334e-05
fold-001,posttraining/dlinear/seed-44/real/klpo_exact,calibration,posttraining,posttraining,dlinear,klpo_exact,44,True,median,reference/US-natural/search/dlinear-10-s42,19716,19,0.01415628606133132,0.00044187809645137476,0.014212110436752612,0.0004459849207924618,0,13,50,True,True,validation_plateau,,,8125,,0.0,0.02298342999711167,180740e3ddf8aa131b7a813e0e76b06c955bd02d2dc749b28db7f01af364d62d,1572,19,0,0.0039038520015465786,0.0015322922168655652,0.2535630225578301,0.48417780769985114,-0.020317373047645464,0.020317373047645457,True,0.0,,168.60636990895728,0.013521584760022982,0.0006347013013083391,0.014099897656756987,5.6388404574333334e-05,0.01415628606133132,0.0,0.014099897656756987,5.6388404574333334e-05
fold-001,posttraining/dlinear/seed-44/real/klpo_full,calibration,posttraining,posttraining,dlinear,klpo_full,44,True,median,reference/US-natural/search/dlinear-10-s42,19716,19,0.01415628606133132,0.00044187809645137476,0.014212110436752612,0.0004459849207924618,0,13,50,True,True,validation_plateau,,,8125,,0.0,0.022757746002753265,180740e3ddf8aa131b7a813e0e76b06c955bd02d2dc749b28db7f01af364d62d,1572,19,0,0.0039038520015465786,0.0015322922168655652,0.2535630225578301,0.48417780769985114,-0.020317373047645464,0.020317373047645457,True,0.0,,169.72322951402748,0.013521584760022982,0.0006347013013083391,0.014099897656756987,5.6388404574333334e-05,0.01415628606133132,0.0,0.014099897656756987,5.6388404574333334e-05
fold-001,posttraining/dlinear/seed-44/real/klpo_mc,calibration,posttraining,posttraining,dlinear,klpo_mc,44,True,median,reference/US-natural/search/dlinear-10-s42,19716,19,0.01415628606133132,0.00044187809645137476,0.014212110436752612,0.0004459849207924618,0,13,50,True,True,validation_plateau,,,8125,,0.0,0.023075213000993244,180740e3ddf8aa131b7a813e0e76b06c955bd02d2dc749b28db7f01af364d62d,1572,19,0,0.0039038520015465786,0.0015322922168655652,0.2535630225578301,0.48417780769985114,-0.020317373047645464,0.020317373047645457,True,0.0,,165.61947450001026,0.013521584760022982,0.0006347013013083391,0.014099897656756987,5.6388404574333334e-05,0.01415628606133132,0.0,0.014099897656756987,5.6388404574333334e-05
fold-001,posttraining/dlinear/seed-44/real/mae,calibration,posttraining,posttraining,dlinear,mae,44,True,median,reference/US-natural/search/dlinear-10-s42,19716,19,0.01415628606133132,0.00044187809645137476,0.014212110436752612,0.0004459849207924618,0,13,50,True,True,validation_plateau,,,8125,,0.0,0.02329178000218235,180740e3ddf8aa131b7a813e0e76b06c955bd02d2dc749b28db7f01af364d62d,1572,19,0,0.0039038520015465786,0.0015322922168655652,0.2535630225578301,0.48417780769985114,-0.020317373047645464,0.020317373047645457,True,0.0,,154.47629697300727,0.013521584760022982,0.0006347013013083391,0.014099897656756987,5.6388404574333334e-05,0.01415628606133132,0.0,0.014099897656756987,5.6388404574333334e-05
fold-001,posttraining/dlinear/seed-44/real/neural_mae,calibration,posttraining,posttraining,dlinear,neural_mae,44,True,median,reference/US-natural/search/dlinear-10-s42,19716,19,0.013523307619480495,0.0004190020978189146,0.01358254024941344,0.0004231390625734662,11,19,50,False,True,validation_plateau,,,11875,,0.0,0.019507927994709462,ccd4010ea3e9f813dc1605dfff6dbf29d95cadab67248534d4ae919cff26d23e,1572,7,12,-0.00277685655666787,-0.007273753661527109,0.0019298747276698914,0.003327026033680507,-0.0067724576825484925,0.006772457682548486,False,0.02291041985154152,,266.9168729339726,0.013521584760022982,1.722859457512979e-06,0.014099897656756987,-0.0005765900372764927,0.01415628606133132,-0.0006329784418508261,0.013623056499867982,-9.974888038748707e-05
fold-001,posttraining/dlinear/seed-44/real/neural_mse,calibration,posttraining,posttraining,dlinear,neural_mse,44,True,median,reference/US-natural/search/dlinear-10-s42,19716,19,0.013518062308210626,0.00041915206125999106,0.013576917417466501,0.00042326439040443937,11,19,50,False,True,validation_plateau,,,11875,,0.0,0.021874134996323846,1670732ec573a2632cb50777c1a734f8f34e403f64fb0f5477f70f758a8cd268,1572,18,1,-0.007863456263264101,-0.021486334320770604,0.011682524159543994,0.020223082223137318,-0.0067724576825484925,0.006772457682548486,False,0.017236363142728806,,251.1088403449976,0.013521584760022982,-3.5224518123554843e-06,0.014099897656756987,-0.0005818353485463612,0.01415628606133132,-0.0006382237531206945,0.013617750006489165,-9.96876982785385e-05
fold-001,posttraining/dlinear/seed-44/real/reinforce,calibration,posttraining,posttraining,dlinear,reinforce,44,True,median,reference/US-natural/search/dlinear-10-s42,19716,19,0.01415628606133132,0.00044187809645137476,0.014212110436752612,0.0004459849207924618,0,13,50,True,True,validation_plateau,,,8125,,0.0,0.022060616000089794,180740e3ddf8aa131b7a813e0e76b06c955bd02d2dc749b28db7f01af364d62d,1572,19,0,0.0039038520015465786,0.0015322922168655652,0.2535630225578301,0.48417780769985114,-0.020317373047645464,0.020317373047645457,True,0.0,,157.11282618099358,0.013521584760022982,0.0006347013013083391,0.014099897656756987,5.6388404574333334e-05,0.01415628606133132,0.0,0.014099897656756987,5.6388404574333334e-05
fold-001,posttraining/gru/seed-42/real/expected,calibration,posttraining,posttraining,gru,expected,42,True,median,reference/US-natural/search/gru-10-s42,19716,19,0.014543473019113346,0.0004518936147316284,0.014583866171610933,0.00045548610936591916,0,13,50,True,True,validation_plateau,,,8125,,0.0,0.03156290701008402,c4f738d5818296b3f563a43db81d26bfe294a53582ae90081eb76982a0259350,1572,19,0,0.010803189131837665,0.022895920132682403,0.2755654860656285,0.5532963578411475,-0.020317373047645464,0.020317373047645457,True,0.0,,155.68936366203707,0.013521584760022982,0.001021888259090364,0.014453435841099328,9.003717801401787e-05,0.014543473019113346,0.0,0.014453435841099328,9.003717801401787e-05
fold-001,posttraining/gru/seed-42/real/klpo_exact,calibration,posttraining,posttraining,gru,klpo_exact,42,True,median,reference/US-natural/search/gru-10-s42,19716,19,0.014543473019113346,0.0004518936147316284,0.014583866171610933,0.00045548610936591916,0,13,50,True,True,validation_plateau,,,8125,,0.0,0.0232886940066237,c4f738d5818296b3f563a43db81d26bfe294a53582ae90081eb76982a0259350,1572,19,0,0.010803189131837665,0.022895920132682403,0.2755654860656285,0.5532963578411475,-0.020317373047645464,0.020317373047645457,True,0.0,,156.69854483101517,0.013521584760022982,0.001021888259090364,0.014453435841099328,9.003717801401787e-05,0.014543473019113346,0.0,0.014453435841099328,9.003717801401787e-05
fold-001,posttraining/gru/seed-42/real/klpo_full,calibration,posttraining,posttraining,gru,klpo_full,42,True,median,reference/US-natural/search/gru-10-s42,19716,19,0.014543473019113346,0.0004518936147316284,0.014583866171610933,0.00045548610936591916,0,13,50,True,True,validation_plateau,,,8125,,0.0,0.022652518993709236,c4f738d5818296b3f563a43db81d26bfe294a53582ae90081eb76982a0259350,1572,19,0,0.010803189131837665,0.022895920132682403,0.2755654860656285,0.5532963578411475,-0.020317373047645464,0.020317373047645457,True,0.0,,164.2911860179738,0.013521584760022982,0.001021888259090364,0.014453435841099328,9.003717801401787e-05,0.014543473019113346,0.0,0.014453435841099328,9.003717801401787e-05
fold-001,posttraining/gru/seed-42/real/klpo_mc,calibration,posttraining,posttraining,gru,klpo_mc,42,True,median,reference/US-natural/search/gru-10-s42,19716,19,0.014543473019113346,0.0004518936147316284,0.014583866171610933,0.00045548610936591916,0,13,50,True,True,validation_plateau,,,8125,,0.0,0.022459215004346333,c4f738d5818296b3f563a43db81d26bfe294a53582ae90081eb76982a0259350,1572,19,0,0.010803189131837665,0.022895920132682403,0.2755654860656285,0.5532963578411475,-0.020317373047645464,0.020317373047645457,True,0.0,,165.7153633129783,0.013521584760022982,0.001021888259090364,0.014453435841099328,9.003717801401787e-05,0.014543473019113346,0.0,0.014453435841099328,9.003717801401787e-05
fold-001,posttraining/gru/seed-42/real/mae,calibration,posttraining,posttraining,gru,mae,42,True,median,reference/US-natural/search/gru-10-s42,19716,19,0.014543473019113346,0.0004518936147316284,0.014583866171610933,0.00045548610936591916,0,13,50,True,True,validation_plateau,,,8125,,0.0,0.023680330006754957,c4f738d5818296b3f563a43db81d26bfe294a53582ae90081eb76982a0259350,1572,19,0,0.010803189131837665,0.022895920132682403,0.2755654860656285,0.5532963578411475,-0.020317373047645464,0.020317373047645457,True,0.0,,153.89402108301874,0.013521584760022982,0.001021888259090364,0.014453435841099328,9.003717801401787e-05,0.014543473019113346,0.0,0.014453435841099328,9.003717801401787e-05
fold-001,posttraining/gru/seed-42/real/neural_mae,calibration,posttraining,posttraining,gru,neural_mae,42,True,median,reference/US-natural/search/gru-10-s42,19716,19,0.013545868822043167,0.0004206101565302441,0.01360640507567136,0.0004248353476019946,4,13,50,False,True,validation_plateau,,,8125,,0.0,0.02282937000563834,809e5cd78d2a9938ea886fc220b07f2e3ccb1785642f5c13b0c481ccc403d3dd,1572,19,0,-0.005836429364563099,-0.008503001281138093,0.025699266108424754,0.046301006463939975,-0.0067724576825484925,0.006772457682548486,False,0.016306037083268166,,174.79429145803442,0.013521584760022982,2.428406202018528e-05,0.014453435841099328,-0.0009075670190561609,0.014543473019113346,-0.0009976041970701788,0.013572816171616922,-2.6947349573754747e-05
fold-001,posttraining/gru/seed-42/real/neural_mse,calibration,posttraining,posttraining,gru,neural_mse,42,True,median,reference/US-natural/search/gru-10-s42,19716,19,0.013546276447238667,0.0004203881850335128,0.01360646679896855,0.0004245810891445045,4,13,50,False,True,validation_plateau,,,8125,,0.0,0.022623354001552798,c2f4888c4e2535de520ea3f673431b3101176c8a23724abba4491bd0555a6dc5,1572,19,0,0.007054639020727021,0.010020083002615176,0.0345545171012845,0.06199758169760362,-0.0067724576825484925,0.006772457682548486,False,0.017754310742020607,,169.45455479697557,0.013521584760022982,2.4691687215685695e-05,0.014453435841099328,-0.0009071593938606605,0.014543473019113346,-0.0009971965718746784,0.013607492709080852,-6.121626184218444e-05
fold-001,posttraining/gru/seed-42/real/reinforce,calibration,posttraining,posttraining,gru,reinforce,42,True,median,reference/US-natural/search/gru-10-s42,19716,19,0.014543473019113346,0.0004518936147316284,0.014583866171610933,0.00045548610936591916,0,13,50,True,True,validation_plateau,,,8125,,0.0,0.02291557300486602,c4f738d5818296b3f563a43db81d26bfe294a53582ae90081eb76982a0259350,1572,19,0,0.010803189131837665,0.022895920132682403,0.2755654860656285,0.5532963578411475,-0.020317373047645464,0.020317373047645457,True,0.0,,154.9709315659711,0.013521584760022982,0.001021888259090364,0.014453435841099328,9.003717801401787e-05,0.014543473019113346,0.0,0.014453435841099328,9.003717801401787e-05
fold-001,posttraining/gru/seed-43/real/expected,calibration,posttraining,posttraining,gru,expected,43,True,median,reference/US-natural/search/gru-10-s42,19716,19,0.014543473019113346,0.0004518936147316284,0.014583866171610933,0.00045548610936591916,0,13,50,True,True,validation_plateau,,,8125,,0.0,0.023389192996546626,c4f738d5818296b3f563a43db81d26bfe294a53582ae90081eb76982a0259350,1572,19,0,0.010803189131837665,0.022895920132682403,0.2755654860656285,0.5532963578411475,-0.020317373047645464,0.020317373047645457,True,0.0,,159.8027818769915,0.013521584760022982,0.001021888259090364,0.014453435841099328,9.003717801401787e-05,0.014543473019113346,0.0,0.014453435841099328,9.003717801401787e-05
fold-001,posttraining/gru/seed-43/real/klpo_exact,calibration,posttraining,posttraining,gru,klpo_exact,43,True,median,reference/US-natural/search/gru-10-s42,19716,19,0.014543473019113346,0.0004518936147316284,0.014583866171610933,0.00045548610936591916,0,13,50,True,True,validation_plateau,,,8125,,0.0,0.023391366994474083,c4f738d5818296b3f563a43db81d26bfe294a53582ae90081eb76982a0259350,1572,19,0,0.010803189131837665,0.022895920132682403,0.2755654860656285,0.5532963578411475,-0.020317373047645464,0.020317373047645457,True,0.0,,163.35898005199851,0.013521584760022982,0.001021888259090364,0.014453435841099328,9.003717801401787e-05,0.014543473019113346,0.0,0.014453435841099328,9.003717801401787e-05
fold-001,posttraining/gru/seed-43/real/klpo_full,calibration,posttraining,posttraining,gru,klpo_full,43,True,median,reference/US-natural/search/gru-10-s42,19716,19,0.014543473019113346,0.0004518936147316284,0.014583866171610933,0.00045548610936591916,0,13,50,True,True,validation_plateau,,,8125,,0.0,0.02268237399403006,c4f738d5818296b3f563a43db81d26bfe294a53582ae90081eb76982a0259350,1572,19,0,0.010803189131837665,0.022895920132682403,0.2755654860656285,0.5532963578411475,-0.020317373047645464,0.020317373047645457,True,0.0,,167.78981173801003,0.013521584760022982,0.001021888259090364,0.014453435841099328,9.003717801401787e-05,0.014543473019113346,0.0,0.014453435841099328,9.003717801401787e-05
fold-001,posttraining/gru/seed-43/real/klpo_mc,calibration,posttraining,posttraining,gru,klpo_mc,43,True,median,reference/US-natural/search/gru-10-s42,19716,19,0.014543473019113346,0.0004518936147316284,0.014583866171610933,0.00045548610936591916,0,13,50,True,True,validation_plateau,,,8125,,0.0,0.022636688998318277,c4f738d5818296b3f563a43db81d26bfe294a53582ae90081eb76982a0259350,1572,19,0,0.010803189131837665,0.022895920132682403,0.2755654860656285,0.5532963578411475,-0.020317373047645464,0.020317373047645457,True,0.0,,173.90511975402478,0.013521584760022982,0.001021888259090364,0.014453435841099328,9.003717801401787e-05,0.014543473019113346,0.0,0.014453435841099328,9.003717801401787e-05
fold-001,posttraining/gru/seed-43/real/mae,calibration,posttraining,posttraining,gru,mae,43,True,median,reference/US-natural/search/gru-10-s42,19716,19,0.014543473019113346,0.0004518936147316284,0.014583866171610933,0.00045548610936591916,0,13,50,True,True,validation_plateau,,,8125,,0.0,0.024224823995609768,c4f738d5818296b3f563a43db81d26bfe294a53582ae90081eb76982a0259350,1572,19,0,0.010803189131837665,0.022895920132682403,0.2755654860656285,0.5532963578411475,-0.020317373047645464,0.020317373047645457,True,0.0,,148.02172686700942,0.013521584760022982,0.001021888259090364,0.014453435841099328,9.003717801401787e-05,0.014543473019113346,0.0,0.014453435841099328,9.003717801401787e-05
fold-001,posttraining/gru/seed-43/real/neural_mae,calibration,posttraining,posttraining,gru,neural_mae,43,True,median,reference/US-natural/search/gru-10-s42,19716,19,0.013526497213935503,0.0004187616223943672,0.013584851304893493,0.0004228449601535865,4,13,50,False,True,validation_plateau,,,8125,,0.0,0.028820831998018548,be2297684cb71a7dbceb0dc5693657b8aabb58c8fda35e3930df6880dd72cdc3,1572,19,0,0.003434528841379391,0.018369239938308975,0.006720127494687967,0.012787658917747115,-0.0067724576825484925,0.006772457682548486,False,0.014836238697171211,,165.82469201699132,0.013521584760022982,4.912453912521431e-06,0.014453435841099328,-0.0009269386271638248,0.014543473019113346,-0.0010169758051778426,0.0134987246038013,2.7772610134202402e-05
fold-001,posttraining/gru/seed-43/real/neural_mse,calibration,posttraining,posttraining,gru,neural_mse,43,True,median,reference/US-natural/search/gru-10-s42,19716,19,0.013559579096365617,0.0004212635830837251,0.013621056801272598,0.0004255498771684528,11,19,50,False,True,validation_plateau,,,11875,,0.0,0.022875077003845945,f85f5aaf40286ab13ef74ddd2d6a7ee21491c445add2d81a713ea5f03bb4465c,1572,17,2,-0.006008523316442803,-0.01222237935809161,0.031394405604694704,0.05785153286771778,-0.0067724576825484925,0.006772457682548486,False,0.01614147750660777,,239.8710577909951,0.013521584760022982,3.799433634263556e-05,0.014453435841099328,-0.0008938567447337106,0.014543473019113346,-0.0009838939227477285,0.013634947582543936,-7.53684861783191e-05
fold-001,posttraining/gru/seed-43/real/reinforce,calibration,posttraining,posttraining,gru,reinforce,43,True,median,reference/US-natural/search/gru-10-s42,19716,19,0.014543473019113346,0.0004518936147316284,0.014583866171610933,0.00045548610936591916,0,13,50,True,True,validation_plateau,,,8125,,0.0,0.022418938999180682,c4f738d5818296b3f563a43db81d26bfe294a53582ae90081eb76982a0259350,1572,19,0,0.010803189131837665,0.022895920132682403,0.2755654860656285,0.5532963578411475,-0.020317373047645464,0.020317373047645457,True,0.0,,160.3967610069667,0.013521584760022982,0.001021888259090364,0.014453435841099328,9.003717801401787e-05,0.014543473019113346,0.0,0.014453435841099328,9.003717801401787e-05
fold-001,posttraining/gru/seed-44/real/expected,calibration,posttraining,posttraining,gru,expected,44,True,median,reference/US-natural/search/gru-10-s42,19716,19,0.014543473019113346,0.0004518936147316284,0.014583866171610933,0.00045548610936591916,0,13,50,True,True,validation_plateau,,,8125,,0.0,0.023400443998980336,c4f738d5818296b3f563a43db81d26bfe294a53582ae90081eb76982a0259350,1572,19,0,0.010803189131837665,0.022895920132682403,0.2755654860656285,0.5532963578411475,-0.020317373047645464,0.020317373047645457,True,0.0,,149.0873626009561,0.013521584760022982,0.001021888259090364,0.014453435841099328,9.003717801401787e-05,0.014543473019113346,0.0,0.014453435841099328,9.003717801401787e-05
fold-001,posttraining/gru/seed-44/real/klpo_exact,calibration,posttraining,posttraining,gru,klpo_exact,44,True,median,reference/US-natural/search/gru-10-s42,19716,19,0.014543473019113346,0.0004518936147316284,0.014583866171610933,0.00045548610936591916,0,13,50,True,True,validation_plateau,,,8125,,0.0,0.023331363991019316,c4f738d5818296b3f563a43db81d26bfe294a53582ae90081eb76982a0259350,1572,19,0,0.010803189131837665,0.022895920132682403,0.2755654860656285,0.5532963578411475,-0.020317373047645464,0.020317373047645457,True,0.0,,158.88115023699356,0.013521584760022982,0.001021888259090364,0.014453435841099328,9.003717801401787e-05,0.014543473019113346,0.0,0.014453435841099328,9.003717801401787e-05
fold-001,posttraining/gru/seed-44/real/klpo_full,calibration,posttraining,posttraining,gru,klpo_full,44,True,median,reference/US-natural/search/gru-10-s42,19716,19,0.014543473019113346,0.0004518936147316284,0.014583866171610933,0.00045548610936591916,0,13,50,True,True,validation_plateau,,,8125,,0.0,0.023060805004206486,c4f738d5818296b3f563a43db81d26bfe294a53582ae90081eb76982a0259350,1572,19,0,0.010803189131837665,0.022895920132682403,0.2755654860656285,0.5532963578411475,-0.020317373047645464,0.020317373047645457,True,0.0,,159.59675456798868,0.013521584760022982,0.001021888259090364,0.014453435841099328,9.003717801401787e-05,0.014543473019113346,0.0,0.014453435841099328,9.003717801401787e-05
fold-001,posttraining/gru/seed-44/real/klpo_mc,calibration,posttraining,posttraining,gru,klpo_mc,44,True,median,reference/US-natural/search/gru-10-s42,19716,19,0.014543473019113346,0.0004518936147316284,0.014583866171610933,0.00045548610936591916,0,13,50,True,True,validation_plateau,,,8125,,0.0,0.02225123401149176,c4f738d5818296b3f563a43db81d26bfe294a53582ae90081eb76982a0259350,1572,19,0,0.010803189131837665,0.022895920132682403,0.2755654860656285,0.5532963578411475,-0.020317373047645464,0.020317373047645457,True,0.0,,163.61368345597293,0.013521584760022982,0.001021888259090364,0.014453435841099328,9.003717801401787e-05,0.014543473019113346,0.0,0.014453435841099328,9.003717801401787e-05
fold-001,posttraining/gru/seed-44/real/mae,calibration,posttraining,posttraining,gru,mae,44,True,median,reference/US-natural/search/gru-10-s42,19716,19,0.01448134278007312,0.0004520397469083013,0.014538885962846106,0.00045623472540701237,4,13,50,False,True,validation_plateau,,,8125,,0.0,0.0228031309961807,9b3d34dd3ce30a8b836d715bb4f389ab5f5c31cb1bd957c30566d94f4a6c62c5,1572,19,0,0.01398669426525712,0.018487436342685543,0.28502599048708316,0.5685507537831187,-0.04740720377783942,0.020317373047645457,False,0.03690721442996283,,151.11789074499393,0.013521584760022982,0.0009597580200501384,0.014453435841099328,2.7906938973792234e-05,0.014543473019113346,-6.213023904022563e-05,0.014327297926028227,0.00015404485404489285
fold-001,posttraining/gru/seed-44/real/neural_mae,calibration,posttraining,posttraining,gru,neural_mae,44,True,median,reference/US-natural/search/gru-10-s42,19716,19,0.013519911260054196,0.0004190180923346808,0.013578973438446874,0.0004231566456334729,7,15,50,False,True,validation_plateau,,,9375,,0.0,0.018263318997924216,ae287f7f87aa142ee874ca724a436516e88e131051ba7b41b8b5d7fcb1b1eace,1572,1,18,0.013571745608492567,-0.012531289310219879,0.0013433766732236243,0.002206975963153097,0.0,0.006772457682548486,False,0.017689076252281666,,201.0365436290158,0.013521584760022982,-1.6734999687857688e-06,0.014453435841099328,-0.000933524581045132,0.014543473019113346,-0.0010235617590591498,0.01353037921165322,-1.0467951599023653e-05
fold-001,posttraining/gru/seed-44/real/neural_mse,calibration,posttraining,posttraining,gru,neural_mse,44,True,median,reference/US-natural/search/gru-10-s42,19716,19,0.013542448088582959,0.0004204177324841232,0.013602794920964617,0.0004246342087440417,7,15,50,False,True,validation_plateau,,,9375,,0.0,0.021328880000510253,40592a79bc93926055433183c0049f8b5fa02f68af5ae8779dc121ba6f349dff,1572,12,7,-0.008863932172180093,0.0020739268197306946,0.028268110230365306,0.05006120353278249,-0.0067724576825484925,0.006772457682548486,False,0.01738110277801752,,195.60178949998226,0.013521584760022982,2.0863328559977273e-05,0.014453435841099328,-0.0009109877525163689,0.014543473019113346,-0.0010010249305303868,0.013616588027931224,-7.413993934826495e-05
fold-001,posttraining/gru/seed-44/real/reinforce,calibration,posttraining,posttraining,gru,reinforce,44,True,median,reference/US-natural/search/gru-10-s42,19716,19,0.014543473019113346,0.0004518936147316284,0.014583866171610933,0.00045548610936591916,0,13,50,True,True,validation_plateau,,,8125,,0.0,0.022926674006157555,c4f738d5818296b3f563a43db81d26bfe294a53582ae90081eb76982a0259350,1572,19,0,0.010803189131837665,0.022895920132682403,0.2755654860656285,0.5532963578411475,-0.020317373047645464,0.020317373047645457,True,0.0,,172.23128500097664,0.013521584760022982,0.001021888259090364,0.014453435841099328,9.003717801401787e-05,0.014543473019113346,0.0,0.014453435841099328,9.003717801401787e-05
fold-001,posttraining/lstm/seed-42/real/expected,calibration,posttraining,posttraining,lstm,expected,42,True,median,reference/US-natural/search/lstm-00-s42,19716,19,0.014175041985982786,0.0004381740929090199,0.0142111580717837,0.0004415391481849701,0,13,50,True,True,validation_plateau,,,8125,,0.0,0.030530004994943738,7ca085c508d8c94d40153b3db260b1fdccf9306cfda770815b539c999f68d368,1572,19,0,0.01471115062619774,0.016384767668150273,0.32314894907845254,0.6069270940256846,-0.027089830730193956,0.020317373047645457,True,0.0,,162.45516415400198,0.013521584760022982,0.0006534572259598043,0.013988237746136497,0.00018680423984628915,0.014175041985982786,0.0,0.013988237746136497,0.00018680423984628915
fold-001,posttraining/lstm/seed-42/real/klpo_exact,calibration,posttraining,posttraining,lstm,klpo_exact,42,True,median,reference/US-natural/search/lstm-00-s42,19716,19,0.014175041985982786,0.0004381740929090199,0.0142111580717837,0.0004415391481849701,0,13,50,True,True,validation_plateau,,,8125,,0.0,0.023121188991353847,7ca085c508d8c94d40153b3db260b1fdccf9306cfda770815b539c999f68d368,1572,19,0,0.01471115062619774,0.016384767668150273,0.32314894907845254,0.6069270940256846,-0.027089830730193956,0.020317373047645457,True,0.0,,152.1781130610034,0.013521584760022982,0.0006534572259598043,0.013988237746136497,0.00018680423984628915,0.014175041985982786,0.0,0.013988237746136497,0.00018680423984628915
fold-001,posttraining/lstm/seed-42/real/klpo_full,calibration,posttraining,posttraining,lstm,klpo_full,42,True,median,reference/US-natural/search/lstm-00-s42,19716,19,0.014175041985982786,0.0004381740929090199,0.0142111580717837,0.0004415391481849701,0,13,50,True,True,validation_plateau,,,8125,,0.0,0.022988349010120146,7ca085c508d8c94d40153b3db260b1fdccf9306cfda770815b539c999f68d368,1572,19,0,0.01471115062619774,0.016384767668150273,0.32314894907845254,0.6069270940256846,-0.027089830730193956,0.020317373047645457,True,0.0,,161.70381255197572,0.013521584760022982,0.0006534572259598043,0.013988237746136497,0.00018680423984628915,0.014175041985982786,0.0,0.013988237746136497,0.00018680423984628915
fold-001,posttraining/lstm/seed-42/real/klpo_mc,calibration,posttraining,posttraining,lstm,klpo_mc,42,True,median,reference/US-natural/search/lstm-00-s42,19716,19,0.014175041985982786,0.0004381740929090199,0.0142111580717837,0.0004415391481849701,0,13,50,True,True,validation_plateau,,,8125,,0.0,0.023118304001400247,7ca085c508d8c94d40153b3db260b1fdccf9306cfda770815b539c999f68d368,1572,19,0,0.01471115062619774,0.016384767668150273,0.32314894907845254,0.6069270940256846,-0.027089830730193956,0.020317373047645457,True,0.0,,169.09286131395493,0.013521584760022982,0.0006534572259598043,0.013988237746136497,0.00018680423984628915,0.014175041985982786,0.0,0.013988237746136497,0.00018680423984628915
fold-001,posttraining/lstm/seed-42/real/mae,calibration,posttraining,posttraining,lstm,mae,42,True,median,reference/US-natural/search/lstm-00-s42,19716,19,0.014175041985982786,0.0004381740929090199,0.0142111580717837,0.0004415391481849701,0,13,50,True,True,validation_plateau,,,8125,,0.0,0.022661155002424493,7ca085c508d8c94d40153b3db260b1fdccf9306cfda770815b539c999f68d368,1572,19,0,0.01471115062619774,0.016384767668150273,0.32314894907845254,0.6069270940256846,-0.027089830730193956,0.020317373047645457,True,0.0,,159.02684838796267,0.013521584760022982,0.0006534572259598043,0.013988237746136497,0.00018680423984628915,0.014175041985982786,0.0,0.013988237746136497,0.00018680423984628915
fold-001,posttraining/lstm/seed-42/real/neural_mae,calibration,posttraining,posttraining,lstm,neural_mae,42,True,median,reference/US-natural/search/lstm-00-s42,19716,19,0.013551537701976505,0.00041940156869021495,0.013609007551231301,0.0004233817597138841,17,25,50,False,True,validation_plateau,,,15625,,0.0,0.02231493400176987,075cab2a3bedc2508e1c553e9820ee5a0f384ddeebdfccaf17ffa5378456a788,1572,19,0,0.010483438199575432,0.011241882036716779,0.023171435158907728,0.04386496183865843,-0.013544915365096978,0.006772457682548486,False,0.026660501956939697,,322.7807182240067,0.013521584760022982,2.9952941953523618e-05,0.013988237746136497,-0.00043670004415999157,0.014175041985982786,-0.0006235042840062807,0.013561180278820435,-9.642576843929204e-06
fold-001,posttraining/lstm/seed-42/real/neural_mse,calibration,posttraining,posttraining,lstm,neural_mse,42,True,median,reference/US-natural/search/lstm-00-s42,19716,19,0.013652304583467638,0.00042318612536556535,0.013708612367752638,0.00042721794241322864,12,20,50,False,True,validation_plateau,,,12500,,0.0,0.023457872011931613,ce6b547dae550a6dffe94915ad64918651ec48c5ae4b52ba2b8854431cc16889,1572,19,0,-0.01864836893403803,-0.009120848161883152,0.039060232588265194,0.08202869847342853,-0.013544915365096978,0.006772457682548486,False,0.027297258377075195,,245.61217213701457,0.013521584760022982,0.00013071982344465584,0.013988237746136497,-0.00033593316266885935,0.014175041985982786,-0.0005227374025151485,0.013647449073964502,4.855509503135652e-06
fold-001,posttraining/lstm/seed-42/real/reinforce,calibration,posttraining,posttraining,lstm,reinforce,42,True,median,reference/US-natural/search/lstm-00-s42,19716,19,0.014175041985982786,0.0004381740929090199,0.0142111580717837,0.0004415391481849701,0,13,50,True,True,validation_plateau,,,8125,,0.0,0.02327673099352978,7ca085c508d8c94d40153b3db260b1fdccf9306cfda770815b539c999f68d368,1572,19,0,0.01471115062619774,0.016384767668150273,0.32314894907845254,0.6069270940256846,-0.027089830730193956,0.020317373047645457,True,0.0,,158.92726007202873,0.013521584760022982,0.0006534572259598043,0.013988237746136497,0.00018680423984628915,0.014175041985982786,0.0,0.013988237746136497,0.00018680423984628915
fold-001,posttraining/lstm/seed-43/real/expected,calibration,posttraining,posttraining,lstm,expected,43,True,median,reference/US-natural/search/lstm-00-s42,19716,19,0.014175041985982786,0.0004381740929090199,0.0142111580717837,0.0004415391481849701,0,13,50,True,True,validation_plateau,,,8125,,0.0,0.022588848994928412,7ca085c508d8c94d40153b3db260b1fdccf9306cfda770815b539c999f68d368,1572,19,0,0.01471115062619774,0.016384767668150273,0.32314894907845254,0.6069270940256846,-0.027089830730193956,0.020317373047645457,True,0.0,,154.88767692894908,0.013521584760022982,0.0006534572259598043,0.013988237746136497,0.00018680423984628915,0.014175041985982786,0.0,0.013988237746136497,0.00018680423984628915
fold-001,posttraining/lstm/seed-43/real/klpo_exact,calibration,posttraining,posttraining,lstm,klpo_exact,43,True,median,reference/US-natural/search/lstm-00-s42,19716,19,0.014175041985982786,0.0004381740929090199,0.0142111580717837,0.0004415391481849701,0,13,50,True,True,validation_plateau,,,8125,,0.0,0.02334497000265401,7ca085c508d8c94d40153b3db260b1fdccf9306cfda770815b539c999f68d368,1572,19,0,0.01471115062619774,0.016384767668150273,0.32314894907845254,0.6069270940256846,-0.027089830730193956,0.020317373047645457,True,0.0,,164.99667141598184,0.013521584760022982,0.0006534572259598043,0.013988237746136497,0.00018680423984628915,0.014175041985982786,0.0,0.013988237746136497,0.00018680423984628915
fold-001,posttraining/lstm/seed-43/real/klpo_full,calibration,posttraining,posttraining,lstm,klpo_full,43,True,median,reference/US-natural/search/lstm-00-s42,19716,19,0.014175041985982786,0.0004381740929090199,0.0142111580717837,0.0004415391481849701,0,13,50,True,True,validation_plateau,,,8125,,0.0,0.023325151996687055,7ca085c508d8c94d40153b3db260b1fdccf9306cfda770815b539c999f68d368,1572,19,0,0.01471115062619774,0.016384767668150273,0.32314894907845254,0.6069270940256846,-0.027089830730193956,0.020317373047645457,True,0.0,,164.7697561820387,0.013521584760022982,0.0006534572259598043,0.013988237746136497,0.00018680423984628915,0.014175041985982786,0.0,0.013988237746136497,0.00018680423984628915
fold-001,posttraining/lstm/seed-43/real/klpo_mc,calibration,posttraining,posttraining,lstm,klpo_mc,43,True,median,reference/US-natural/search/lstm-00-s42,19716,19,0.014175041985982786,0.0004381740929090199,0.0142111580717837,0.0004415391481849701,0,13,50,True,True,validation_plateau,,,8125,,0.0,0.023544324998511,7ca085c508d8c94d40153b3db260b1fdccf9306cfda770815b539c999f68d368,1572,19,0,0.01471115062619774,0.016384767668150273,0.32314894907845254,0.6069270940256846,-0.027089830730193956,0.020317373047645457,True,0.0,,170.93941022100626,0.013521584760022982,0.0006534572259598043,0.013988237746136497,0.00018680423984628915,0.014175041985982786,0.0,0.013988237746136497,0.00018680423984628915
fold-001,posttraining/lstm/seed-43/real/mae,calibration,posttraining,posttraining,lstm,mae,43,True,median,reference/US-natural/search/lstm-00-s42,19716,19,0.014175041985982786,0.0004381740929090199,0.0142111580717837,0.0004415391481849701,0,13,50,True,True,validation_plateau,,,8125,,0.0,0.022929168000700884,7ca085c508d8c94d40153b3db260b1fdccf9306cfda770815b539c999f68d368,1572,19,0,0.01471115062619774,0.016384767668150273,0.32314894907845254,0.6069270940256846,-0.027089830730193956,0.020317373047645457,True,0.0,,158.99084709695308,0.013521584760022982,0.0006534572259598043,0.013988237746136497,0.00018680423984628915,0.014175041985982786,0.0,0.013988237746136497,0.00018680423984628915
fold-001,posttraining/lstm/seed-43/real/neural_mae,calibration,posttraining,posttraining,lstm,neural_mae,43,True,median,reference/US-natural/search/lstm-00-s42,19716,19,0.013549806864696578,0.00041978901086353045,0.01360798614628878,0.0004238059687372842,16,24,50,False,True,validation_plateau,,,15000,,0.0,0.022544555002241395,613207fe4d9f0532676cd3f8d04f4a7b37af75fb96ee970a81aa4202df3167d0,1572,19,0,0.006606436547547394,0.002585656424469899,0.02647784694624762,0.04878087771372969,-0.013544915365096978,0.006772457682548486,False,0.027403198182582855,,299.0615182759939,0.013521584760022982,2.8222104673595802e-05,0.013988237746136497,-0.0004384308814399194,0.014175041985982786,-0.0006252351212862085,0.01352684024381272,2.296662088385748e-05
fold-001,posttraining/lstm/seed-43/real/neural_mse,calibration,posttraining,posttraining,lstm,neural_mse,43,True,median,reference/US-natural/search/lstm-00-s42,19716,19,0.014175041985982786,0.0004381740929090199,0.0142111580717837,0.0004415391481849701,0,13,50,True,True,validation_plateau,,,8125,,0.0,0.0225918539945269,7ca085c508d8c94d40153b3db260b1fdccf9306cfda770815b539c999f68d368,1572,19,0,0.01471115062619774,0.016384767668150273,0.32314894907845254,0.6069270940256846,-0.027089830730193956,0.020317373047645457,True,0.0,,160.89950051001506,0.013521584760022982,0.0006534572259598043,0.013988237746136497,0.00018680423984628915,0.014175041985982786,0.0,0.013988237746136497,0.00018680423984628915
fold-001,posttraining/lstm/seed-43/real/reinforce,calibration,posttraining,posttraining,lstm,reinforce,43,True,median,reference/US-natural/search/lstm-00-s42,19716,19,0.014175041985982786,0.0004381740929090199,0.0142111580717837,0.0004415391481849701,0,13,50,True,True,validation_plateau,,,8125,,0.0,0.023678556986851618,7ca085c508d8c94d40153b3db260b1fdccf9306cfda770815b539c999f68d368,1572,19,0,0.01471115062619774,0.016384767668150273,0.32314894907845254,0.6069270940256846,-0.027089830730193956,0.020317373047645457,True,0.0,,157.28241994202835,0.013521584760022982,0.0006534572259598043,0.013988237746136497,0.00018680423984628915,0.014175041985982786,0.0,0.013988237746136497,0.00018680423984628915
fold-001,posttraining/lstm/seed-44/real/expected,calibration,posttraining,posttraining,lstm,expected,44,True,median,reference/US-natural/search/lstm-00-s42,19716,19,0.014175041985982786,0.0004381740929090199,0.0142111580717837,0.0004415391481849701,0,13,50,True,True,validation_plateau,,,8125,,0.0,0.023209956008940935,7ca085c508d8c94d40153b3db260b1fdccf9306cfda770815b539c999f68d368,1572,19,0,0.01471115062619774,0.016384767668150273,0.32314894907845254,0.6069270940256846,-0.027089830730193956,0.020317373047645457,True,0.0,,155.1391449929797,0.013521584760022982,0.0006534572259598043,0.013988237746136497,0.00018680423984628915,0.014175041985982786,0.0,0.013988237746136497,0.00018680423984628915
fold-001,posttraining/lstm/seed-44/real/klpo_exact,calibration,posttraining,posttraining,lstm,klpo_exact,44,True,median,reference/US-natural/search/lstm-00-s42,19716,19,0.014175041985982786,0.0004381740929090199,0.0142111580717837,0.0004415391481849701,0,13,50,True,True,validation_plateau,,,8125,,0.0,0.022317458991892636,7ca085c508d8c94d40153b3db260b1fdccf9306cfda770815b539c999f68d368,1572,19,0,0.01471115062619774,0.016384767668150273,0.32314894907845254,0.6069270940256846,-0.027089830730193956,0.020317373047645457,True,0.0,,166.04776007303735,0.013521584760022982,0.0006534572259598043,0.013988237746136497,0.00018680423984628915,0.014175041985982786,0.0,0.013988237746136497,0.00018680423984628915
fold-001,posttraining/lstm/seed-44/real/klpo_full,calibration,posttraining,posttraining,lstm,klpo_full,44,True,median,reference/US-natural/search/lstm-00-s42,19716,19,0.014175041985982786,0.0004381740929090199,0.0142111580717837,0.0004415391481849701,0,13,50,True,True,validation_plateau,,,8125,,0.0,0.02249679599481169,7ca085c508d8c94d40153b3db260b1fdccf9306cfda770815b539c999f68d368,1572,19,0,0.01471115062619774,0.016384767668150273,0.32314894907845254,0.6069270940256846,-0.027089830730193956,0.020317373047645457,True,0.0,,163.22997346601915,0.013521584760022982,0.0006534572259598043,0.013988237746136497,0.00018680423984628915,0.014175041985982786,0.0,0.013988237746136497,0.00018680423984628915
fold-001,posttraining/lstm/seed-44/real/klpo_mc,calibration,posttraining,posttraining,lstm,klpo_mc,44,True,median,reference/US-natural/search/lstm-00-s42,19716,19,0.014175041985982786,0.0004381740929090199,0.0142111580717837,0.0004415391481849701,0,13,50,True,True,validation_plateau,,,8125,,0.0,0.023765360994730145,7ca085c508d8c94d40153b3db260b1fdccf9306cfda770815b539c999f68d368,1572,19,0,0.01471115062619774,0.016384767668150273,0.32314894907845254,0.6069270940256846,-0.027089830730193956,0.020317373047645457,True,0.0,,173.07546826003818,0.013521584760022982,0.0006534572259598043,0.013988237746136497,0.00018680423984628915,0.014175041985982786,0.0,0.013988237746136497,0.00018680423984628915
fold-001,posttraining/lstm/seed-44/real/mae,calibration,posttraining,posttraining,lstm,mae,44,True,median,reference/US-natural/search/lstm-00-s42,19716,19,0.014175041985982786,0.0004381740929090199,0.0142111580717837,0.0004415391481849701,0,13,50,True,True,validation_plateau,,,8125,,0.0,0.023667034998652525,7ca085c508d8c94d40153b3db260b1fdccf9306cfda770815b539c999f68d368,1572,19,0,0.01471115062619774,0.016384767668150273,0.32314894907845254,0.6069270940256846,-0.027089830730193956,0.020317373047645457,True,0.0,,149.7252784189768,0.013521584760022982,0.0006534572259598043,0.013988237746136497,0.00018680423984628915,0.014175041985982786,0.0,0.013988237746136497,0.00018680423984628915
fold-001,posttraining/lstm/seed-44/real/neural_mae,calibration,posttraining,posttraining,lstm,neural_mae,44,True,median,reference/US-natural/search/lstm-00-s42,19716,19,0.013566448822052938,0.00042052348917894503,0.013624450721972095,0.00042459221045477487,16,24,50,False,True,validation_plateau,,,15000,,0.0,0.022989541001152247,0fd3a675d5c133733dae3763bea0c7d6b45dbf4ca0a37cb24e3256a300a49f26,1572,19,0,-0.011694662248760493,-0.012044153613823988,0.015586578527124431,0.03197688453694566,-0.013544915365096978,0.006772457682548486,False,0.026758641004562378,,293.1600606479915,0.013521584760022982,4.4864062029956187e-05,0.013988237746136497,-0.000421788924083559,0.014175041985982786,-0.0006085931639298481,0.013532821898018322,3.3626924034616326e-05
fold-001,posttraining/lstm/seed-44/real/neural_mse,calibration,posttraining,posttraining,lstm,neural_mse,44,True,median,reference/US-natural/search/lstm-00-s42,19716,19,0.013575903775765636,0.0004202078467094585,0.01363162332809478,0.0004242491747306711,5,13,50,False,True,validation_plateau,,,8125,,0.0,0.022605149992159568,9953a4d69d5ed6aab2d7c08dc674ce1f8f2fd406603f0a2433033b36cab360c6,1572,19,0,0.008685728030073132,0.004411974548191318,0.05831460390243921,0.10434217756486082,-0.013544915365096978,0.006772457682548486,False,0.02768605202436447,,164.6247356729582,0.013521584760022982,5.43190157426543e-05,0.013988237746136497,-0.0004123339703708609,0.014175041985982786,-0.00059913821021715,0.013547449686033407,2.8454089732229265e-05
fold-001,posttraining/lstm/seed-44/real/reinforce,calibration,posttraining,posttraining,lstm,reinforce,44,True,median,reference/US-natural/search/lstm-00-s42,19716,19,0.014175041985982786,0.0004381740929090199,0.0142111580717837,0.0004415391481849701,0,13,50,True,True,validation_plateau,,,8125,,0.0,0.023091292998287827,7ca085c508d8c94d40153b3db260b1fdccf9306cfda770815b539c999f68d368,1572,19,0,0.01471115062619774,0.016384767668150273,0.32314894907845254,0.6069270940256846,-0.027089830730193956,0.020317373047645457,True,0.0,,162.0963569000014,0.013521584760022982,0.0006534572259598043,0.013988237746136497,0.00018680423984628915,0.014175041985982786,0.0,0.013988237746136497,0.00018680423984628915
fold-001,posttraining/ridge/seed-42/real/expected,calibration,posttraining,posttraining,ridge,expected,42,True,median,tabular/ridge-a10.0,19716,19,0.042621183780990515,0.0025427979322517917,0.04187352782720363,0.0024789070839452867,25,33,50,False,True,validation_plateau,,,20625,,0.0,0.0315555819979636,9e36728a3e3cdaedb0f95692f244230fd6be34fe811b6beba64c6fe54865f329,1572,18,1,-0.001945076797651588,-0.012012118498437101,0.5222070302309408,0.9967153428697021,-0.06772457682548488,0.03386228841274244,False,0.07894925562523526,,368.3195696779876,0.013521584760022982,0.029099599020967534,0.06990774134737014,-0.027286557566379627,0.04933887087561306,-0.006717687094622546,0.05128188294628119,-0.008660699165290678
fold-001,posttraining/ridge/seed-42/real/klpo_exact,calibration,posttraining,posttraining,ridge,klpo_exact,42,True,median,tabular/ridge-a10.0,19716,19,0.015172646470548898,0.00047461961673892216,0.01521071837447038,0.0004782322232452,40,48,50,False,True,validation_plateau,,,30000,,0.0,0.023271140991710126,68de1deded154c8b093caadea78ecbcdcf469fb77b82dbb5cebe5f89d64f3514,1572,19,0,0.014325101757753192,0.023430444899249475,0.33901253959134614,0.6647447128885071,-0.03386228841274244,0.04740720377783941,False,0.1771360594865209,,599.5209106740076,0.013521584760022982,0.0016510617105259164,0.06990774134737014,-0.054735094876821246,0.04933887087561306,-0.034166224405064165,0.015065937805556007,0.00010670866499289111
fold-001,posttraining/ridge/seed-42/real/klpo_full,calibration,posttraining,posttraining,ridge,klpo_full,42,True,median,tabular/ridge-a10.0,19716,19,0.019244336928850848,0.0006727308645901331,0.01913100953919393,0.0006691461928602098,47,50,50,False,False,budget_exhausted,,,31250,,0.0,0.023158658994361758,e2f3598703a25edb182ed5a020ca6bd9f8f69efcf3f598ffc701f4a4b59f666b,1572,19,0,0.018186542909886243,0.024636243975558494,0.4123223433050209,0.8163736304438707,-0.06772457682548488,0.027089830730193956,False,0.13872385033535703,,639.5128466780297,0.013521584760022982,0.005722752168827866,0.06990774134737014,-0.0506634044185193,0.04933887087561306,-0.030094533946762213,0.019195862767145893,4.847416170495472e-05
fold-001,posttraining/ridge/seed-42/real/klpo_mc,calibration,posttraining,posttraining,ridge,klpo_mc,42,True,median,tabular/ridge-a10.0,19716,19,0.01919704928825745,0.000670264194260747,0.019083886744753066,0.000666703851706116,47,50,50,False,False,budget_exhausted,,,31250,,0.0,0.023724183003650978,bb2f81657b9618f41ee041723d0c591d8791c8d998b88f78a52547dbdef95a2b,1572,19,0,0.018185933611179133,0.02375782224041729,0.4123455648554484,0.8143949722574578,-0.06772457682548488,0.027089830730193956,False,0.1395455121247144,,651.135722378036,0.013521584760022982,0.005675464528234468,0.06990774134737014,-0.05071069205911269,0.04933887087561306,-0.03014182158735561,0.019165390157911525,3.165913034592488e-05
fold-001,posttraining/ridge/seed-42/real/mae,calibration,posttraining,posttraining,ridge,mae,42,True,median,tabular/ridge-a10.0,19716,19,0.04177144884080697,0.002452609205355323,0.04102676450680656,0.00239028949242388,24,32,50,False,True,validation_plateau,,,20000,,0.0,0.02341086301021278,3eed4241d7ee942640ad6a6e36b9a30d5a574e3082f83e3f23a8c03877556258,1572,18,1,-0.0005360173562456964,0.008013745412549076,0.5242594057376094,0.9994708385628615,-0.06772457682548488,0.006772457682548486,False,0.05360691852968616,,376.0667962380103,0.013521584760022982,0.028249864080783987,0.06990774134737014,-0.028136292506563174,0.04933887087561306,-0.007567422034806093,0.04882891981904325,-0.00705747097823628
fold-001,posttraining/ridge/seed-42/real/reinforce,calibration,posttraining,posttraining,ridge,reinforce,42,True,median,tabular/ridge-a10.0,19716,19,0.043550137377362866,0.0026353640521725188,0.042791667849939326,0.0025695761006949694,18,26,50,False,True,validation_plateau,,,16250,,0.0,0.02296140899125021,ec36b0e404411941b9baf33420e736f81c208561a1f73c7bcd1ee3d08a74a2dc,1572,18,1,0.004998681772859417,0.01105130648005789,0.5243073834759389,0.9996147717778496,-0.06772457682548488,0.006772457682548486,False,0.03861877249553508,,297.9372703949921,0.013521584760022982,0.030028552617339884,0.06990774134737014,-0.026357603970007276,0.04933887087561306,-0.005788733498250195,0.053120862352539246,-0.00957072497517638
fold-001,posttraining/ridge/seed-43/real/expected,calibration,posttraining,posttraining,ridge,expected,43,True,median,tabular/ridge-a10.0,19716,19,0.04333313611066769,0.0026065845796518646,0.04259447702513485,0.0025428144305444976,32,40,50,False,True,validation_plateau,,,25000,,0.0,0.022616761008976027,58622047d07498915e942965c7f8ae1a509cf871ca96690d71e915584d5e5fcf,1572,18,1,-1.4487658230861837e-06,0.012273549279354722,0.5244513166909271,0.9998059082026562,-0.06772457682548488,0.0,False,0.04258390671569251,,465.3940126549569,0.013521584760022982,0.02981155135064471,0.06990774134737014,-0.02657460523670245,0.04933887087561306,-0.00600573476494537,0.05242434252387366,-0.009091206413205967
fold-001,posttraining/ridge/seed-43/real/klpo_exact,calibration,posttraining,posttraining,ridge,klpo_exact,43,True,median,tabular/ridge-a10.0,19716,19,0.014688250944267144,0.00046073278551385003,0.014733183887737292,0.00046443149505873203,28,36,50,False,True,validation_plateau,,,22500,,0.0,0.022788975009461865,5f8a026ef13785da644d6a5042d00c3a7078b45cbbab2fa3878653891e38428c,1572,19,0,0.01491631324805389,0.020464194156959027,0.301050752367444,0.5844581389496103,-0.04063474609529093,0.04063474609529093,False,0.16476504240077913,,422.5942770119873,0.013521584760022982,0.0011666661842441618,0.06990774134737014,-0.055219490403103,0.04933887087561306,-0.03465061993134592,0.0145749665773879,0.00011328436687924395
fold-001,posttraining/ridge/seed-43/real/klpo_full,calibration,posttraining,posttraining,ridge,klpo_full,43,True,median,tabular/ridge-a10.0,19716,19,0.01804041029970221,0.0006088900731744163,0.017982680580777784,0.0006083058760866609,50,50,50,False,False,budget_exhausted,,,31250,,0.0,0.02431657598935999,e65350ed2d3ba6e00d74cafc7dc189571f0e3ac0a21fc4673c54d7edb5d911be,1572,19,0,0.011867150419149536,0.01996892986236721,0.41344854967899025,0.8099974329288406,-0.06772457682548488,0.0541796614603879,False,0.15564197817125258,,608.9325798630016,0.013521584760022982,0.004518825539679229,0.06990774134737014,-0.05186733104766793,0.04933887087561306,-0.03129846057591085,0.017979366700959554,6.104359874265636e-05
fold-001,posttraining/ridge/seed-43/real/klpo_mc,calibration,posttraining,posttraining,ridge,klpo_mc,43,True,median,tabular/ridge-a10.0,19716,19,0.01784279203415772,0.0005995985694613262,0.017795402352273375,0.0005994957044186456,50,50,50,False,False,budget_exhausted,,,31250,,0.0,0.023827998011256568,1d4b1c53ac0c6ab9e40713594b4b3f4eae6d47af58999086e64bc75ff6f19e61,1572,19,0,0.009599262336074377,0.018177935739647544,0.4096892334164121,0.8056208731012354,-0.06772457682548488,0.0541796614603879,False,0.15509600056399678,,610.7576784400153,0.013521584760022982,0.00432120727413474,0.06990774134737014,-0.05206494931321242,0.04933887087561306,-0.03149607884145534,0.017763511684474164,7.928034968355743e-05
fold-001,posttraining/ridge/seed-43/real/mae,calibration,posttraining,posttraining,ridge,mae,43,True,median,tabular/ridge-a10.0,19716,19,0.04176903061842223,0.0024440521644712595,0.041045828352037475,0.002383124417541101,19,27,50,False,True,validation_plateau,,,16875,,0.0,0.02253767200454604,475308d0ddbf3318787936f377dc8d5474eb79b7a53ae7fc2f69daa93fd1bda8,1572,18,1,0.001885077151802187,0.014898933057061105,0.5244513166909271,0.9998056000887403,-0.06772457682548488,0.006772457682548486,False,0.052953223863295554,,336.9668008100125,0.013521584760022982,0.028247445858399247,0.06990774134737014,-0.028138710728947913,0.04933887087561306,-0.007569840257190832,0.048332701177629174,-0.006563670559206945
fold-001,posttraining/ridge/seed-43/real/reinforce,calibration,posttraining,posttraining,ridge,reinforce,43,True,median,tabular/ridge-a10.0,19716,19,0.042786427873666315,0.002550289845336185,0.042053909406387445,0.0024876567949451422,33,41,50,False,True,validation_plateau,,,25625,,0.0,0.022442364002927206,a6fa1bf1103713ab507409ab39e0033f9b5e8d85e12402a8e13bd513c7c2df1c,1572,18,1,0.020367727104631396,0.02501739338659595,0.5243982537758878,0.999752845287617,-0.06772457682548488,0.0,False,0.045627588389014706,,474.44939373398665,0.013521584760022982,0.029264843113643333,0.06990774134737014,-0.027121313473703827,0.04933887087561306,-0.006552443001946746,0.05137460510957361,-0.008588177235907296
fold-001,posttraining/ridge/seed-44/real/expected,calibration,posttraining,posttraining,ridge,expected,44,True,median,tabular/ridge-a10.0,19716,19,0.042501051234181984,0.0025292697671822637,0.04176557383306633,0.0024665193723787293,20,28,50,False,True,validation_plateau,,,17500,,0.0,0.02405956300208345,87adae64a29c87c856e394e60e1745706d106849f2dd7d8bbf4b81b19b425fef,1572,18,1,0.0004432927363739631,0.009389644086030942,0.5236490226347981,0.9984441641545826,-0.06772457682548488,0.006772457682548486,False,0.04509396883777941,,315.9342631410109,0.013521584760022982,0.028979466474159003,0.06990774134737014,-0.027406690113188158,0.04933887087561306,-0.006837819641431077,0.05083807856106657,-0.008337027326884586
fold-001,posttraining/ridge/seed-44/real/klpo_exact,calibration,posttraining,posttraining,ridge,klpo_exact,44,True,median,tabular/ridge-a10.0,19716,19,0.014634733056345007,0.0004590182248132711,0.014677211462007055,0.0004626689434550601,29,37,50,False,True,validation_plateau,,,23125,,0.0,0.023621900007128716,d4556fae8bdacf9e62f9ebe678391178ebaf8296736ea79b745c16447a0f8ff5,1572,19,0,0.01638104824827093,0.03196787303490357,0.3073461185219875,0.5946733668952774,-0.0609521191429364,0.03386228841274244,False,0.1687947567267369,,439.2868275469518,0.013521584760022982,0.0011131482963220255,0.06990774134737014,-0.05527300829102513,0.04933887087561306,-0.03470413781926805,0.014520380042439586,0.00011435301390542128
fold-001,posttraining/ridge/seed-44/real/klpo_full,calibration,posttraining,posttraining,ridge,klpo_full,44,True,median,tabular/ridge-a10.0,19716,19,0.020096435714516435,0.0007154097361520811,0.01993856788404418,0.0007096095101046717,50,50,50,False,False,budget_exhausted,,,31250,,0.0,0.023229432990774512,b7dede5f5f1d73860b3c5aafc5f87cb0b66941263d5a0386328a482e58962387,1572,19,0,0.01711345537259631,0.021168669184659,0.45052210708083196,0.8663622825444527,-0.06772457682548488,0.020317373047645457,False,0.13172904532432042,,599.4310348619474,0.013521584760022982,0.006574850954493453,0.06990774134737014,-0.04981130563285371,0.04933887087561306,-0.029242435161096626,0.020045767879158,5.066783535843597e-05
fold-001,posttraining/ridge/seed-44/real/klpo_mc,calibration,posttraining,posttraining,ridge,klpo_mc,44,True,median,tabular/ridge-a10.0,19716,19,0.02053675314039711,0.0007372294888429513,0.020363681460534747,0.0007306732690967456,50,50,50,False,False,budget_exhausted,,,31250,,0.0,0.02338715900259558,f0257e28e8d60fcc287ba9761d7e7f9b915ccbe5b77226f070f0c152bffcfb7e,1572,19,0,0.01892083000162744,0.02430719114890902,0.45931573406629517,0.8809279708934897,-0.06772457682548488,0.020317373047645457,False,0.13158612487867924,,612.3362057610066,0.013521584760022982,0.007015168380374127,0.06990774134737014,-0.049370988206973034,0.04933887087561306,-0.028802117735215953,0.020501349221769605,3.540391862750375e-05
fold-001,posttraining/ridge/seed-44/real/mae,calibration,posttraining,posttraining,ridge,mae,44,True,median,tabular/ridge-a10.0,19716,19,0.04122834369937776,0.0024116515940423404,0.04048097447143953,0.0023496278393404326,21,29,50,False,True,validation_plateau,,,18125,,0.0,0.023421322999638505,85cbbcd6d373dbb006a744a4a63a969276a26066ebeafc85531c68446cd97eb2,1572,18,1,0.006550378098202667,0.012493228922537524,0.5241634502609506,0.9989902866510563,-0.06772457682548488,0.006772457682548486,False,0.05658617629838639,,316.165282567963,0.013521584760022982,0.027706758939354776,0.06990774134737014,-0.028679397647992384,0.04933887087561306,-0.008110527176235303,0.0476021079304195,-0.006373764231041745
fold-001,posttraining/ridge/seed-44/real/reinforce,calibration,posttraining,posttraining,ridge,reinforce,44,True,median,tabular/ridge-a10.0,19716,19,0.0433673589704357,0.0026082414446645945,0.04263001744183487,0.002544165237599629,23,31,50,False,True,validation_plateau,,,19375,,0.0,0.023841853995691054,99d27cb7ac8e95de302fdb7ea9a3cdafa6f06a3b5dd7725fd51d4120e85f3648,1572,18,1,0.002310966917045446,0.009506082640653446,0.5244074228306482,0.999714036604048,-0.06772457682548488,0.006772457682548486,False,0.04210253464233585,,356.54988833202515,0.013521584760022982,0.029845774210412717,0.06990774134737014,-0.026540382376934443,0.04933887087561306,-0.005971511905177362,0.05251092567910789,-0.00914356670867219
fold-001,posttraining/rnn/seed-42/real/expected,calibration,posttraining,posttraining,rnn,expected,42,True,median,reference/US-natural/search/rnn-10-s42,19716,19,0.01388714564562965,0.00043111791937330233,0.013928630986903544,0.0004346996987656648,0,13,50,True,True,validation_plateau,,,8125,,0.0,0.030347722000442445,9ed41c46b3c7349b199656cf1efbd295319cea6a6e7bef861c1f47dbd6448944,1572,19,0,0.007331460480484798,-9.888168009909285e-05,0.2309057974276142,0.4321098070250464,-0.020317373047645464,0.013544915365096971,True,0.0,,154.01248038001359,0.013521584760022982,0.00036556088560666875,0.013825089087063253,6.205655856639757e-05,0.01388714564562965,0.0,0.013825089087063253,6.205655856639757e-05
fold-001,posttraining/rnn/seed-42/real/klpo_exact,calibration,posttraining,posttraining,rnn,klpo_exact,42,True,median,reference/US-natural/search/rnn-10-s42,19716,19,0.01388714564562965,0.00043111791937330233,0.013928630986903544,0.0004346996987656648,0,13,50,True,True,validation_plateau,,,8125,,0.0,0.023228240010212176,9ed41c46b3c7349b199656cf1efbd295319cea6a6e7bef861c1f47dbd6448944,1572,19,0,0.007331460480484798,-9.888168009909285e-05,0.2309057974276142,0.4321098070250464,-0.020317373047645464,0.013544915365096971,True,0.0,,165.76300126302522,0.013521584760022982,0.00036556088560666875,0.013825089087063253,6.205655856639757e-05,0.01388714564562965,0.0,0.013825089087063253,6.205655856639757e-05
fold-001,posttraining/rnn/seed-42/real/klpo_full,calibration,posttraining,posttraining,rnn,klpo_full,42,True,median,reference/US-natural/search/rnn-10-s42,19716,19,0.01388714564562965,0.00043111791937330233,0.013928630986903544,0.0004346996987656648,0,13,50,True,True,validation_plateau,,,8125,,0.0,0.023253988998476416,9ed41c46b3c7349b199656cf1efbd295319cea6a6e7bef861c1f47dbd6448944,1572,19,0,0.007331460480484798,-9.888168009909285e-05,0.2309057974276142,0.4321098070250464,-0.020317373047645464,0.013544915365096971,True,0.0,,169.70554209902184,0.013521584760022982,0.00036556088560666875,0.013825089087063253,6.205655856639757e-05,0.01388714564562965,0.0,0.013825089087063253,6.205655856639757e-05
fold-001,posttraining/rnn/seed-42/real/klpo_mc,calibration,posttraining,posttraining,rnn,klpo_mc,42,True,median,reference/US-natural/search/rnn-10-s42,19716,19,0.01388714564562965,0.00043111791937330233,0.013928630986903544,0.0004346996987656648,0,13,50,True,True,validation_plateau,,,8125,,0.0,0.023065424000378698,9ed41c46b3c7349b199656cf1efbd295319cea6a6e7bef861c1f47dbd6448944,1572,19,0,0.007331460480484798,-9.888168009909285e-05,0.2309057974276142,0.4321098070250464,-0.020317373047645464,0.013544915365096971,True,0.0,,171.62036667001667,0.013521584760022982,0.00036556088560666875,0.013825089087063253,6.205655856639757e-05,0.01388714564562965,0.0,0.013825089087063253,6.205655856639757e-05
fold-001,posttraining/rnn/seed-42/real/mae,calibration,posttraining,posttraining,rnn,mae,42,True,median,reference/US-natural/search/rnn-10-s42,19716,19,0.01388714564562965,0.00043111791937330233,0.013928630986903544,0.0004346996987656648,0,13,50,True,True,validation_plateau,,,8125,,0.0,0.022941381990676746,9ed41c46b3c7349b199656cf1efbd295319cea6a6e7bef861c1f47dbd6448944,1572,19,0,0.007331460480484798,-9.888168009909285e-05,0.2309057974276142,0.4321098070250464,-0.020317373047645464,0.013544915365096971,True,0.0,,154.7066235319944,0.013521584760022982,0.00036556088560666875,0.013825089087063253,6.205655856639757e-05,0.01388714564562965,0.0,0.013825089087063253,6.205655856639757e-05
fold-001,posttraining/rnn/seed-42/real/neural_mae,calibration,posttraining,posttraining,rnn,neural_mae,42,True,median,reference/US-natural/search/rnn-10-s42,19716,19,0.013532957160516031,0.0004197344104215684,0.013592747075857432,0.0004239111617028127,4,13,50,False,True,validation_plateau,,,8125,,0.0,0.021749801002442837,dc197ebdcd9fac7d43439d9e9449f854f1f4a7387ca0abe40cb68c0bcc916033,1572,15,4,0.006352788636385193,0.00880102469548729,0.010721876348300125,0.019558465718391368,-0.0067724576825484925,0.006772457682548486,False,0.015024605207145214,,164.65056294499664,0.013521584760022982,1.1372400493049259e-05,0.013825089087063253,-0.0002921319265472219,0.01388714564562965,-0.0003541884851136195,0.013539861639835149,-6.904479319117668e-06
fold-001,posttraining/rnn/seed-42/real/neural_mse,calibration,posttraining,posttraining,rnn,neural_mse,42,True,median,reference/US-natural/search/rnn-10-s42,19716,19,0.01352150492217663,0.0004194664991642818,0.013580822534692127,0.000423642033598075,10,18,50,False,True,validation_plateau,,,11250,,0.0,0.022711618992616422,29fd47d3838f809edf851cb43cb14777840fe9bc560dde617627219778febf87,1572,19,0,-0.0033483577106100232,0.0019835713587500786,0.02849070719486712,0.04839542876091248,-0.013544915365096978,0.006772457682548486,False,0.013453662279061973,,218.93218888400588,0.013521584760022982,-7.983784635137714e-08,0.013825089087063253,-0.00030358416488662256,0.01388714564562965,-0.0003656407234530201,0.013572011864912649,-5.050694273601823e-05
fold-001,posttraining/rnn/seed-42/real/reinforce,calibration,posttraining,posttraining,rnn,reinforce,42,True,median,reference/US-natural/search/rnn-10-s42,19716,19,0.01388714564562965,0.00043111791937330233,0.013928630986903544,0.0004346996987656648,0,13,50,True,True,validation_plateau,,,8125,,0.0,0.02350136400491465,9ed41c46b3c7349b199656cf1efbd295319cea6a6e7bef861c1f47dbd6448944,1572,19,0,0.007331460480484798,-9.888168009909285e-05,0.2309057974276142,0.4321098070250464,-0.020317373047645464,0.013544915365096971,True,0.0,,167.47287921101088,0.013521584760022982,0.00036556088560666875,0.013825089087063253,6.205655856639757e-05,0.01388714564562965,0.0,0.013825089087063253,6.205655856639757e-05
fold-001,posttraining/rnn/seed-43/real/expected,calibration,posttraining,posttraining,rnn,expected,43,True,median,reference/US-natural/search/rnn-10-s42,19716,19,0.01388714564562965,0.00043111791937330233,0.013928630986903544,0.0004346996987656648,0,13,50,True,True,validation_plateau,,,8125,,0.0,0.022801248007453978,9ed41c46b3c7349b199656cf1efbd295319cea6a6e7bef861c1f47dbd6448944,1572,19,0,0.007331460480484798,-9.888168009909285e-05,0.2309057974276142,0.4321098070250464,-0.020317373047645464,0.013544915365096971,True,0.0,,160.59721315803472,0.013521584760022982,0.00036556088560666875,0.013825089087063253,6.205655856639757e-05,0.01388714564562965,0.0,0.013825089087063253,6.205655856639757e-05
fold-001,posttraining/rnn/seed-43/real/klpo_exact,calibration,posttraining,posttraining,rnn,klpo_exact,43,True,median,reference/US-natural/search/rnn-10-s42,19716,19,0.01388714564562965,0.00043111791937330233,0.013928630986903544,0.0004346996987656648,0,13,50,True,True,validation_plateau,,,8125,,0.0,0.023021392000373453,9ed41c46b3c7349b199656cf1efbd295319cea6a6e7bef861c1f47dbd6448944,1572,19,0,0.007331460480484798,-9.888168009909285e-05,0.2309057974276142,0.4321098070250464,-0.020317373047645464,0.013544915365096971,True,0.0,,160.19600835698657,0.013521584760022982,0.00036556088560666875,0.013825089087063253,6.205655856639757e-05,0.01388714564562965,0.0,0.013825089087063253,6.205655856639757e-05
fold-001,posttraining/rnn/seed-43/real/klpo_full,calibration,posttraining,posttraining,rnn,klpo_full,43,True,median,reference/US-natural/search/rnn-10-s42,19716,19,0.01388714564562965,0.00043111791937330233,0.013928630986903544,0.0004346996987656648,0,13,50,True,True,validation_plateau,,,8125,,0.0,0.023812658997485414,9ed41c46b3c7349b199656cf1efbd295319cea6a6e7bef861c1f47dbd6448944,1572,19,0,0.007331460480484798,-9.888168009909285e-05,0.2309057974276142,0.4321098070250464,-0.020317373047645464,0.013544915365096971,True,0.0,,172.80621252499986,0.013521584760022982,0.00036556088560666875,0.013825089087063253,6.205655856639757e-05,0.01388714564562965,0.0,0.013825089087063253,6.205655856639757e-05
fold-001,posttraining/rnn/seed-43/real/klpo_mc,calibration,posttraining,posttraining,rnn,klpo_mc,43,True,median,reference/US-natural/search/rnn-10-s42,19716,19,0.01388714564562965,0.00043111791937330233,0.013928630986903544,0.0004346996987656648,0,13,50,True,True,validation_plateau,,,8125,,0.0,0.023185059006209485,9ed41c46b3c7349b199656cf1efbd295319cea6a6e7bef861c1f47dbd6448944,1572,19,0,0.007331460480484798,-9.888168009909285e-05,0.2309057974276142,0.4321098070250464,-0.020317373047645464,0.013544915365096971,True,0.0,,165.56729872099822,0.013521584760022982,0.00036556088560666875,0.013825089087063253,6.205655856639757e-05,0.01388714564562965,0.0,0.013825089087063253,6.205655856639757e-05
fold-001,posttraining/rnn/seed-43/real/mae,calibration,posttraining,posttraining,rnn,mae,43,True,median,reference/US-natural/search/rnn-10-s42,19716,19,0.01388714564562965,0.00043111791937330233,0.013928630986903544,0.0004346996987656648,0,13,50,True,True,validation_plateau,,,8125,,0.0,0.022694127008435316,9ed41c46b3c7349b199656cf1efbd295319cea6a6e7bef861c1f47dbd6448944,1572,19,0,0.007331460480484798,-9.888168009909285e-05,0.2309057974276142,0.4321098070250464,-0.020317373047645464,0.013544915365096971,True,0.0,,150.45982105500298,0.013521584760022982,0.00036556088560666875,0.013825089087063253,6.205655856639757e-05,0.01388714564562965,0.0,0.013825089087063253,6.205655856639757e-05
fold-001,posttraining/rnn/seed-43/real/neural_mae,calibration,posttraining,posttraining,rnn,neural_mae,43,True,median,reference/US-natural/search/rnn-10-s42,19716,19,0.01349771365798164,0.0004175956463579069,0.013555049437817473,0.0004216341482900842,2,13,50,False,True,validation_plateau,,,8125,,0.0,0.021587757000816055,7f7814866f18a26d54a20a03407c2ec35941ad3feb761103e0076b26c75f8399,1572,16,3,0.006356868778862912,0.0035776688099895095,0.011031609960706634,0.016851425150001532,-0.0067724576825484925,0.006772457682548486,False,0.015567435882985592,,166.60911655804375,0.013521584760022982,-2.387110204134235e-05,0.013825089087063253,-0.00032737542908161353,0.01388714564562965,-0.0003894319876480111,0.013491086631644632,6.627026337007597e-06
fold-001,posttraining/rnn/seed-43/real/neural_mse,calibration,posttraining,posttraining,rnn,neural_mse,43,True,median,reference/US-natural/search/rnn-10-s42,19716,19,0.013538177115576241,0.0004199160112273645,0.013597624637439335,0.0004240597461353348,4,13,50,False,True,validation_plateau,,,8125,,0.0,0.02324749699619133,7249c8e7cec3bbce2670c03b25aba8b5ea6dd3206b9ad0af745592ffab374add,1572,19,0,-0.0006562924890655032,0.0028315654515393075,0.025855326592071837,0.04591406930837059,-0.0067724576825484925,0.006772457682548486,False,0.014445764012634754,,169.00677267904393,0.013521584760022982,1.6592355553259747e-05,0.013825089087063253,-0.00028691197148701143,0.01388714564562965,-0.000348968530053409,0.013513989412863013,2.418770271322805e-05
fold-001,posttraining/rnn/seed-43/real/reinforce,calibration,posttraining,posttraining,rnn,reinforce,43,True,median,reference/US-natural/search/rnn-10-s42,19716,19,0.01388714564562965,0.00043111791937330233,0.013928630986903544,0.0004346996987656648,0,13,50,True,True,validation_plateau,,,8125,,0.0,0.022954014988499694,9ed41c46b3c7349b199656cf1efbd295319cea6a6e7bef861c1f47dbd6448944,1572,19,0,0.007331460480484798,-9.888168009909285e-05,0.2309057974276142,0.4321098070250464,-0.020317373047645464,0.013544915365096971,True,0.0,,163.6168271920178,0.013521584760022982,0.00036556088560666875,0.013825089087063253,6.205655856639757e-05,0.01388714564562965,0.0,0.013825089087063253,6.205655856639757e-05
fold-001,posttraining/rnn/seed-44/real/expected,calibration,posttraining,posttraining,rnn,expected,44,True,median,reference/US-natural/search/rnn-10-s42,19716,19,0.01388714564562965,0.00043111791937330233,0.013928630986903544,0.0004346996987656648,0,13,50,True,True,validation_plateau,,,8125,,0.0,0.023186621998320334,9ed41c46b3c7349b199656cf1efbd295319cea6a6e7bef861c1f47dbd6448944,1572,19,0,0.007331460480484798,-9.888168009909285e-05,0.2309057974276142,0.4321098070250464,-0.020317373047645464,0.013544915365096971,True,0.0,,157.85896123899147,0.013521584760022982,0.00036556088560666875,0.013825089087063253,6.205655856639757e-05,0.01388714564562965,0.0,0.013825089087063253,6.205655856639757e-05
fold-001,posttraining/rnn/seed-44/real/klpo_exact,calibration,posttraining,posttraining,rnn,klpo_exact,44,True,median,reference/US-natural/search/rnn-10-s42,19716,19,0.01388714564562965,0.00043111791937330233,0.013928630986903544,0.0004346996987656648,0,13,50,True,True,validation_plateau,,,8125,,0.0,0.0225565780128818,9ed41c46b3c7349b199656cf1efbd295319cea6a6e7bef861c1f47dbd6448944,1572,19,0,0.007331460480484798,-9.888168009909285e-05,0.2309057974276142,0.4321098070250464,-0.020317373047645464,0.013544915365096971,True,0.0,,164.11489225795958,0.013521584760022982,0.00036556088560666875,0.013825089087063253,6.205655856639757e-05,0.01388714564562965,0.0,0.013825089087063253,6.205655856639757e-05
fold-001,posttraining/rnn/seed-44/real/klpo_full,calibration,posttraining,posttraining,rnn,klpo_full,44,True,median,reference/US-natural/search/rnn-10-s42,19716,19,0.01388714564562965,0.00043111791937330233,0.013928630986903544,0.0004346996987656648,0,13,50,True,True,validation_plateau,,,8125,,0.0,0.02235639200080186,9ed41c46b3c7349b199656cf1efbd295319cea6a6e7bef861c1f47dbd6448944,1572,19,0,0.007331460480484798,-9.888168009909285e-05,0.2309057974276142,0.4321098070250464,-0.020317373047645464,0.013544915365096971,True,0.0,,168.37391534098424,0.013521584760022982,0.00036556088560666875,0.013825089087063253,6.205655856639757e-05,0.01388714564562965,0.0,0.013825089087063253,6.205655856639757e-05
fold-001,posttraining/rnn/seed-44/real/klpo_mc,calibration,posttraining,posttraining,rnn,klpo_mc,44,True,median,reference/US-natural/search/rnn-10-s42,19716,19,0.01388714564562965,0.00043111791937330233,0.013928630986903544,0.0004346996987656648,0,13,50,True,True,validation_plateau,,,8125,,0.0,0.02343298599589616,9ed41c46b3c7349b199656cf1efbd295319cea6a6e7bef861c1f47dbd6448944,1572,19,0,0.007331460480484798,-9.888168009909285e-05,0.2309057974276142,0.4321098070250464,-0.020317373047645464,0.013544915365096971,True,0.0,,172.8698236659984,0.013521584760022982,0.00036556088560666875,0.013825089087063253,6.205655856639757e-05,0.01388714564562965,0.0,0.013825089087063253,6.205655856639757e-05
fold-001,posttraining/rnn/seed-44/real/mae,calibration,posttraining,posttraining,rnn,mae,44,True,median,reference/US-natural/search/rnn-10-s42,19716,19,0.01388714564562965,0.00043111791937330233,0.013928630986903544,0.0004346996987656648,0,13,50,True,True,validation_plateau,,,8125,,0.0,0.023558230997878127,9ed41c46b3c7349b199656cf1efbd295319cea6a6e7bef861c1f47dbd6448944,1572,19,0,0.007331460480484798,-9.888168009909285e-05,0.2309057974276142,0.4321098070250464,-0.020317373047645464,0.013544915365096971,True,0.0,,152.01745935902,0.013521584760022982,0.00036556088560666875,0.013825089087063253,6.205655856639757e-05,0.01388714564562965,0.0,0.013825089087063253,6.205655856639757e-05
fold-001,posttraining/rnn/seed-44/real/neural_mae,calibration,posttraining,posttraining,rnn,neural_mae,44,True,median,reference/US-natural/search/rnn-10-s42,19716,19,0.013513262468695863,0.00041849206412502725,0.013571959196144609,0.00042259990459111963,4,13,50,False,True,validation_plateau,,,8125,,0.0,0.02205100799619686,5084904570571c62832547c92efa088fa0b21405b388a1b9cefb1122c441f13b,1572,16,3,0.0038451360708033414,0.008816318479060559,0.003351066372663443,0.004720036987989953,-0.0067724576825484925,0.006772457682548486,False,0.014741365797817707,,164.46577133995015,0.013521584760022982,-8.322291327118522e-06,0.013825089087063253,-0.0003118266183673897,0.01388714564562965,-0.00037388317693378727,0.013474006820612556,3.92556480833077e-05
fold-001,posttraining/rnn/seed-44/real/neural_mse,calibration,posttraining,posttraining,rnn,neural_mse,44,True,median,reference/US-natural/search/rnn-10-s42,19716,19,0.013542233100645373,0.00042020684075453414,0.013601754930784077,0.0004243813214527584,5,13,50,False,True,validation_plateau,,,8125,,0.0,0.021939056998235174,afbfb2c6b1cd336b7cf13c10c99714febc60de07365eb729dff2f1d836410c28,1572,15,4,-0.0038611260447021425,-0.008403868540859194,0.024456055580541005,0.04368626037642843,-0.0067724576825484925,0.006772457682548486,False,0.01493209507316351,,161.33079595398158,0.013521584760022982,2.064834062239125e-05,0.013825089087063253,-0.00028285598641787993,0.01388714564562965,-0.0003449125449842775,0.013516405182745442,2.582791789993051e-05
fold-001,posttraining/rnn/seed-44/real/reinforce,calibration,posttraining,posttraining,rnn,reinforce,44,True,median,reference/US-natural/search/rnn-10-s42,19716,19,0.01388714564562965,0.00043111791937330233,0.013928630986903544,0.0004346996987656648,0,13,50,True,True,validation_plateau,,,8125,,0.0,0.023394212999846786,9ed41c46b3c7349b199656cf1efbd295319cea6a6e7bef861c1f47dbd6448944,1572,19,0,0.007331460480484798,-9.888168009909285e-05,0.2309057974276142,0.4321098070250464,-0.020317373047645464,0.013544915365096971,True,0.0,,159.99895311397268,0.013521584760022982,0.00036556088560666875,0.013825089087063253,6.205655856639757e-05,0.01388714564562965,0.0,0.013825089087063253,6.205655856639757e-05
fold-001,posttraining/xgboost/seed-42/real/expected,calibration,posttraining,posttraining,xgboost,expected,42,True,median,tabular/xgb-d3-b64-lr0.03-s42,19716,19,0.013521584760022982,0.00041890394520540395,0.013580742598512274,0.00042303597366068343,0,13,50,True,True,validation_plateau,,,8125,,0.0,0.02502023900160566,1fbb9150b1f70412defd013edf7d9d50c189ee01a59d2c29a70b9cdd1fbce4d1,1572,0,19,,,0.0,0.0,0.0,0.0,True,0.0,,146.83608516299864,0.013521584760022982,0.0,0.0135143311687751,7.253591247880983e-06,0.013521584760022982,0.0,0.0135143311687751,7.253591247880983e-06
fold-001,posttraining/xgboost/seed-42/real/klpo_exact,calibration,posttraining,posttraining,xgboost,klpo_exact,42,True,median,tabular/xgb-d3-b64-lr0.03-s42,19716,19,0.013521584760022982,0.00041890394520540395,0.013580742598512274,0.00042303597366068343,0,13,50,True,True,validation_plateau,,,8125,,0.0,0.017362986007356085,1fbb9150b1f70412defd013edf7d9d50c189ee01a59d2c29a70b9cdd1fbce4d1,1572,0,19,,,0.0,0.0,0.0,0.0,True,0.0,,154.01251703698654,0.013521584760022982,0.0,0.0135143311687751,7.253591247880983e-06,0.013521584760022982,0.0,0.0135143311687751,7.253591247880983e-06
fold-001,posttraining/xgboost/seed-42/real/klpo_full,calibration,posttraining,posttraining,xgboost,klpo_full,42,True,median,tabular/xgb-d3-b64-lr0.03-s42,19716,19,0.013521584760022982,0.00041890394520540395,0.013580742598512274,0.00042303597366068343,0,13,50,True,True,validation_plateau,,,8125,,0.0,0.01710062299389392,1fbb9150b1f70412defd013edf7d9d50c189ee01a59d2c29a70b9cdd1fbce4d1,1572,0,19,,,0.0,0.0,0.0,0.0,True,0.0,,156.83029541099677,0.013521584760022982,0.0,0.0135143311687751,7.253591247880983e-06,0.013521584760022982,0.0,0.0135143311687751,7.253591247880983e-06
fold-001,posttraining/xgboost/seed-42/real/klpo_mc,calibration,posttraining,posttraining,xgboost,klpo_mc,42,True,median,tabular/xgb-d3-b64-lr0.03-s42,19716,19,0.013521584760022982,0.00041890394520540395,0.013580742598512274,0.00042303597366068343,0,13,50,True,True,validation_plateau,,,8125,,0.0,0.016947003998211585,1fbb9150b1f70412defd013edf7d9d50c189ee01a59d2c29a70b9cdd1fbce4d1,1572,0,19,,,0.0,0.0,0.0,0.0,True,0.0,,161.9669234859757,0.013521584760022982,0.0,0.0135143311687751,7.253591247880983e-06,0.013521584760022982,0.0,0.0135143311687751,7.253591247880983e-06
fold-001,posttraining/xgboost/seed-42/real/mae,calibration,posttraining,posttraining,xgboost,mae,42,True,median,tabular/xgb-d3-b64-lr0.03-s42,19716,19,0.013521584760022982,0.00041890394520540395,0.013580742598512274,0.00042303597366068343,0,13,50,True,True,validation_plateau,,,8125,,0.0,0.017215158004546538,1fbb9150b1f70412defd013edf7d9d50c189ee01a59d2c29a70b9cdd1fbce4d1,1572,0,19,,,0.0,0.0,0.0,0.0,True,0.0,,141.25549632601906,0.013521584760022982,0.0,0.0135143311687751,7.253591247880983e-06,0.013521584760022982,0.0,0.0135143311687751,7.253591247880983e-06
fold-001,posttraining/xgboost/seed-42/real/reinforce,calibration,posttraining,posttraining,xgboost,reinforce,42,True,median,tabular/xgb-d3-b64-lr0.03-s42,19716,19,0.013521584760022982,0.00041890394520540395,0.013580742598512274,0.00042303597366068343,0,13,50,True,True,validation_plateau,,,8125,,0.0,0.017409634005161934,1fbb9150b1f70412defd013edf7d9d50c189ee01a59d2c29a70b9cdd1fbce4d1,1572,0,19,,,0.0,0.0,0.0,0.0,True,0.0,,152.97637388302246,0.013521584760022982,0.0,0.0135143311687751,7.253591247880983e-06,0.013521584760022982,0.0,0.0135143311687751,7.253591247880983e-06
fold-001,posttraining/xgboost/seed-43/real/expected,calibration,posttraining,posttraining,xgboost,expected,43,True,median,tabular/xgb-d3-b64-lr0.03-s42,19716,19,0.013521584760022982,0.00041890394520540395,0.013580742598512274,0.00042303597366068343,0,13,50,True,True,validation_plateau,,,8125,,0.0,0.017161287003546022,1fbb9150b1f70412defd013edf7d9d50c189ee01a59d2c29a70b9cdd1fbce4d1,1572,0,19,,,0.0,0.0,0.0,0.0,True,0.0,,150.21434833400417,0.013521584760022982,0.0,0.0135143311687751,7.253591247880983e-06,0.013521584760022982,0.0,0.0135143311687751,7.253591247880983e-06
fold-001,posttraining/xgboost/seed-43/real/klpo_exact,calibration,posttraining,posttraining,xgboost,klpo_exact,43,True,median,tabular/xgb-d3-b64-lr0.03-s42,19716,19,0.013521584760022982,0.00041890394520540395,0.013580742598512274,0.00042303597366068343,0,13,50,True,True,validation_plateau,,,8125,,0.0,0.018955870007630438,1fbb9150b1f70412defd013edf7d9d50c189ee01a59d2c29a70b9cdd1fbce4d1,1572,0,19,,,0.0,0.0,0.0,0.0,True,0.0,,152.43191389000276,0.013521584760022982,0.0,0.0135143311687751,7.253591247880983e-06,0.013521584760022982,0.0,0.0135143311687751,7.253591247880983e-06
fold-001,posttraining/xgboost/seed-43/real/klpo_full,calibration,posttraining,posttraining,xgboost,klpo_full,43,True,median,tabular/xgb-d3-b64-lr0.03-s42,19716,19,0.013521584760022982,0.00041890394520540395,0.013580742598512274,0.00042303597366068343,0,13,50,True,True,validation_plateau,,,8125,,0.0,0.017191283011925407,1fbb9150b1f70412defd013edf7d9d50c189ee01a59d2c29a70b9cdd1fbce4d1,1572,0,19,,,0.0,0.0,0.0,0.0,True,0.0,,157.01148945000023,0.013521584760022982,0.0,0.0135143311687751,7.253591247880983e-06,0.013521584760022982,0.0,0.0135143311687751,7.253591247880983e-06
fold-001,posttraining/xgboost/seed-43/real/klpo_mc,calibration,posttraining,posttraining,xgboost,klpo_mc,43,True,median,tabular/xgb-d3-b64-lr0.03-s42,19716,19,0.013521584760022982,0.00041890394520540395,0.013580742598512274,0.00042303597366068343,0,13,50,True,True,validation_plateau,,,8125,,0.0,0.017068973000277765,1fbb9150b1f70412defd013edf7d9d50c189ee01a59d2c29a70b9cdd1fbce4d1,1572,0,19,,,0.0,0.0,0.0,0.0,True,0.0,,159.94641484698514,0.013521584760022982,0.0,0.0135143311687751,7.253591247880983e-06,0.013521584760022982,0.0,0.0135143311687751,7.253591247880983e-06
fold-001,posttraining/xgboost/seed-43/real/mae,calibration,posttraining,posttraining,xgboost,mae,43,True,median,tabular/xgb-d3-b64-lr0.03-s42,19716,19,0.013521584760022982,0.00041890394520540395,0.013580742598512274,0.00042303597366068343,0,13,50,True,True,validation_plateau,,,8125,,0.0,0.017808693999540992,1fbb9150b1f70412defd013edf7d9d50c189ee01a59d2c29a70b9cdd1fbce4d1,1572,0,19,,,0.0,0.0,0.0,0.0,True,0.0,,141.90936214703834,0.013521584760022982,0.0,0.0135143311687751,7.253591247880983e-06,0.013521584760022982,0.0,0.0135143311687751,7.253591247880983e-06
fold-001,posttraining/xgboost/seed-43/real/reinforce,calibration,posttraining,posttraining,xgboost,reinforce,43,True,median,tabular/xgb-d3-b64-lr0.03-s42,19716,19,0.013521584760022982,0.00041890394520540395,0.013580742598512274,0.00042303597366068343,0,13,50,True,True,validation_plateau,,,8125,,0.0,0.017047362998710014,1fbb9150b1f70412defd013edf7d9d50c189ee01a59d2c29a70b9cdd1fbce4d1,1572,0,19,,,0.0,0.0,0.0,0.0,True,0.0,,150.45204363396624,0.013521584760022982,0.0,0.0135143311687751,7.253591247880983e-06,0.013521584760022982,0.0,0.0135143311687751,7.253591247880983e-06
fold-001,posttraining/xgboost/seed-44/real/expected,calibration,posttraining,posttraining,xgboost,expected,44,True,median,tabular/xgb-d3-b64-lr0.03-s42,19716,19,0.013521584760022982,0.00041890394520540395,0.013580742598512274,0.00042303597366068343,0,13,50,True,True,validation_plateau,,,8125,,0.0,0.017176886001834646,1fbb9150b1f70412defd013edf7d9d50c189ee01a59d2c29a70b9cdd1fbce4d1,1572,0,19,,,0.0,0.0,0.0,0.0,True,0.0,,152.8370312929619,0.013521584760022982,0.0,0.0135143311687751,7.253591247880983e-06,0.013521584760022982,0.0,0.0135143311687751,7.253591247880983e-06
fold-001,posttraining/xgboost/seed-44/real/klpo_exact,calibration,posttraining,posttraining,xgboost,klpo_exact,44,True,median,tabular/xgb-d3-b64-lr0.03-s42,19716,19,0.013521584760022982,0.00041890394520540395,0.013580742598512274,0.00042303597366068343,0,13,50,True,True,validation_plateau,,,8125,,0.0,0.016697275001206435,1fbb9150b1f70412defd013edf7d9d50c189ee01a59d2c29a70b9cdd1fbce4d1,1572,0,19,,,0.0,0.0,0.0,0.0,True,0.0,,159.02043973695254,0.013521584760022982,0.0,0.0135143311687751,7.253591247880983e-06,0.013521584760022982,0.0,0.0135143311687751,7.253591247880983e-06
fold-001,posttraining/xgboost/seed-44/real/klpo_full,calibration,posttraining,posttraining,xgboost,klpo_full,44,True,median,tabular/xgb-d3-b64-lr0.03-s42,19716,19,0.013521584760022982,0.00041890394520540395,0.013580742598512274,0.00042303597366068343,0,13,50,True,True,validation_plateau,,,8125,,0.0,0.017137542003183626,1fbb9150b1f70412defd013edf7d9d50c189ee01a59d2c29a70b9cdd1fbce4d1,1572,0,19,,,0.0,0.0,0.0,0.0,True,0.0,,158.8888767589815,0.013521584760022982,0.0,0.0135143311687751,7.253591247880983e-06,0.013521584760022982,0.0,0.0135143311687751,7.253591247880983e-06
fold-001,posttraining/xgboost/seed-44/real/klpo_mc,calibration,posttraining,posttraining,xgboost,klpo_mc,44,True,median,tabular/xgb-d3-b64-lr0.03-s42,19716,19,0.013521584760022982,0.00041890394520540395,0.013580742598512274,0.00042303597366068343,0,13,50,True,True,validation_plateau,,,8125,,0.0,0.016898272006073967,1fbb9150b1f70412defd013edf7d9d50c189ee01a59d2c29a70b9cdd1fbce4d1,1572,0,19,,,0.0,0.0,0.0,0.0,True,0.0,,167.8568375799805,0.013521584760022982,0.0,0.0135143311687751,7.253591247880983e-06,0.013521584760022982,0.0,0.0135143311687751,7.253591247880983e-06
fold-001,posttraining/xgboost/seed-44/real/mae,calibration,posttraining,posttraining,xgboost,mae,44,True,median,tabular/xgb-d3-b64-lr0.03-s42,19716,19,0.013521584760022982,0.00041890394520540395,0.013580742598512274,0.00042303597366068343,0,13,50,True,True,validation_plateau,,,8125,,0.0,0.017933789000380784,1fbb9150b1f70412defd013edf7d9d50c189ee01a59d2c29a70b9cdd1fbce4d1,1572,0,19,,,0.0,0.0,0.0,0.0,True,0.0,,151.00271117896773,0.013521584760022982,0.0,0.0135143311687751,7.253591247880983e-06,0.013521584760022982,0.0,0.0135143311687751,7.253591247880983e-06
fold-001,posttraining/xgboost/seed-44/real/reinforce,calibration,posttraining,posttraining,xgboost,reinforce,44,True,median,tabular/xgb-d3-b64-lr0.03-s42,19716,19,0.013521584760022982,0.00041890394520540395,0.013580742598512274,0.00042303597366068343,0,13,50,True,True,validation_plateau,,,8125,,0.0,0.01696400599030312,1fbb9150b1f70412defd013edf7d9d50c189ee01a59d2c29a70b9cdd1fbce4d1,1572,0,19,,,0.0,0.0,0.0,0.0,True,0.0,,152.76195038302103,0.013521584760022982,0.0,0.0135143311687751,7.253591247880983e-06,0.013521584760022982,0.0,0.0135143311687751,7.253591247880983e-06
fold-001,reference/US-natural/posttraining/dlinear-mae-s42,calibration,reference,posttraining,dlinear,reference_mae,42,True,continuous,reference/US-natural/search/dlinear-10-s42,19716,19,0.01418903150479956,0.0004426179317381871,0.014251662882262787,0.0004469145523013819,1,5,5,False,False,,,,1380,128.97271006699884,0.0,0.022749771989765577,b26b17d11e73dd2a7c1a8fc1755e2c8096695cd567235288e7946ed327da3c53,1572,19,0,0.022147683237169626,0.012519590958504906,0.4960346389928548,1.0,-0.01761912927031517,0.019259963184595108,,,,,0.013521584760022982,0.0006674467447765776,0.014099897656756987,8.913384804257185e-05,,,,
fold-001,reference/US-natural/posttraining/dlinear-mae-s43,calibration,reference,posttraining,dlinear,reference_mae,43,True,continuous,reference/US-natural/finalist/dlinear-s43,19716,19,0.013602523097207345,0.0004197339126955349,0.013649983581559489,0.000423425778374462,4,5,5,False,False,,,,1380,129.68363729596604,0.0,0.022343056989484467,561d773d729116567528ea252790840a3209efbe3a17b833c5bd554da2edc4ae,1572,19,0,0.01130069206063442,0.019840569185414953,0.5219540440410709,1.0,-0.013817330822348595,0.01007915660738945,,,,,0.013521584760022982,8.093833718436291e-05,0.013786082447218184,-0.00018355935001083956,,,,
fold-001,reference/US-natural/posttraining/dlinear-mae-s44,calibration,reference,posttraining,dlinear,reference_mae,44,True,continuous,reference/US-natural/finalist/dlinear-s44,19716,19,0.01400586455142397,0.0004356923436021104,0.014078579090366819,0.00044039623074682883,5,5,5,False,False,,,,1380,129.21702142897993,0.0,0.022545618005096912,2f63d7507d2db75c82432c85bd3b862f25a703b78f22898213c16358923356ee,1572,19,0,0.02026270491083489,0.022930372819234084,0.4916934099768292,1.0,-0.010804306715726852,0.017345331609249115,,,,,0.013521584760022982,0.0004842797914009888,0.014430530992825211,-0.00042466644140124084,,,,
fold-001,reference/US-natural/posttraining/dlinear-mse-s42,calibration,reference,posttraining,dlinear,reference_mse,42,True,continuous,reference/US-natural/search/dlinear-10-s42,19716,19,0.014099897656756987,0.0004392190457744381,0.014157895486164838,0.0004433785218646922,0,5,5,True,False,,,,1380,128.23068891599542,0.0,0.023137830998166464,6a51bdc536f3cdea03069f5c2529723b8a84083d8099dbc89b33cf4e951dff68,1572,19,0,0.0022433107496429524,0.001985918265982349,0.5025616603689042,1.0,-0.020032517611980438,0.023466791957616806,,,,,0.013521584760022982,0.0005783128967340057,0.014099897656756987,0.0,,,,
fold-001,reference/US-natural/posttraining/dlinear-mse-s43,calibration,reference,posttraining,dlinear,reference_mse,43,True,continuous,reference/US-natural/finalist/dlinear-s43,19716,19,0.013786082447218184,0.0004254663491986557,0.013830450114384493,0.00042913628958985567,0,5,5,True,False,,,,1380,128.74714953399962,0.0,0.022701841007801704,22d397c41e94481dda39a45341584ef264b13a674a80b103a5be09c3bd5e4735,1572,19,0,-0.007914278727751014,-0.005511061674321844,0.5139948179537551,1.0,-0.016983700916171074,0.012677427381277084,,,,,0.013521584760022982,0.0002644976871952025,0.013786082447218184,0.0,,,,
fold-001,reference/US-natural/posttraining/dlinear-mse-s44,calibration,reference,posttraining,dlinear,reference_mse,44,True,continuous,reference/US-natural/finalist/dlinear-s44,19716,19,0.014430530992825211,0.00045226587024021727,0.01451558036838578,0.00045758945975947984,0,5,5,True,False,,,,1380,129.40825021697674,0.0,0.022335492991260253,e0611293a3b8b504b7988fa9fc662af0fc1506fdca7627d0860058bbd849cfea,1572,19,0,-0.002964798015859039,0.001545616664606223,0.4880941753138806,1.0,-0.01575464755296707,0.02124142274260521,,,,,0.013521584760022982,0.0009089462328022296,0.014430530992825211,0.0,,,,
fold-001,reference/US-natural/posttraining/gru-mae-s42,calibration,reference,posttraining,gru,reference_mae,42,True,continuous,reference/US-natural/search/gru-10-s42,19716,19,0.014289089620599552,0.00044427945103532005,0.014338366885677755,0.000448219001893926,3,5,5,False,False,,,,1380,134.5360511370236,0.0,0.02218607100076042,86e5d6dea5f76f603863430b7cfa9ac07a05db84d539210c2c9058e5a96fb976,1572,19,0,0.010253165843225534,0.018729984046764316,0.5020816824070543,1.0,-0.015332704409956932,0.01790612004697323,,,,,0.013521584760022982,0.0007675048605765705,0.014453435841099328,-0.00016434622049977567,,,,
fold-001,reference/US-natural/posttraining/gru-mae-s43,calibration,reference,posttraining,gru,reference_mae,43,True,continuous,reference/US-natural/finalist/gru-s43,19716,19,0.013874367368248333,0.0004284259177660891,0.013920862304204038,0.0004321057188339126,2,5,5,False,False,,,,1380,135.53064139198978,0.0,0.023174027999630198,555aa661d5127e1f209848b2038a35148a74b7abf4dbff0f2b2b2a4ffd2cf349,1572,19,0,0.02965961778033539,0.026683225859573757,0.509343569657302,1.0,-0.016817737370729446,0.011799638159573078,,,,,0.013521584760022982,0.00035278260822535143,0.014337282135096795,-0.0004629147668484615,,,,
fold-001,reference/US-natural/posttraining/gru-mae-s44,calibration,reference,posttraining,gru,reference_mae,44,True,continuous,reference/US-natural/finalist/gru-s44,19716,19,0.013711472067581781,0.0004238780558354763,0.013764142227403872,0.0004278051493448227,5,5,5,False,False,,,,1380,135.21770019899122,0.0,0.022538714998518117,7574f282bca12a57b5331048d7fde4624c0d48f2bb6ef138941925482a98b516,1572,19,0,0.024628973728228382,0.026375707032262774,0.5095598803223126,1.0,-0.014977516606450081,0.011785194277763367,,,,,0.013521584760022982,0.0001898873075587993,0.013947948813454961,-0.00023647674587318028,,,,
fold-001,reference/US-natural/posttraining/gru-mse-s42,calibration,reference,posttraining,gru,reference_mse,42,True,continuous,reference/US-natural/search/gru-10-s42,19716,19,0.014256091177990182,0.0004435166141141225,0.014306936704792843,0.00044758482878476196,4,5,5,False,False,,,,1380,134.67280712199863,0.0,0.022371901010046713,9b46a84bcdc19b98f690a4d235c47b90d1d3e959b72bc3a975b363ec1d1ca2d7,1572,19,0,0.004237902306119428,0.0072103946845895215,0.5021698812190012,1.0,-0.016207581385970116,0.0172143392264843,,,,,0.013521584760022982,0.0007345064179672001,0.014453435841099328,-0.00019734466310914606,,,,
fold-001,reference/US-natural/posttraining/gru-mse-s43,calibration,reference,posttraining,gru,reference_mse,43,True,continuous,reference/US-natural/finalist/gru-s43,19716,19,0.014019714145876619,0.0004321562075738529,0.014053890902270195,0.00043545782510117276,2,5,5,False,False,,,,1380,134.28669114300283,0.0,0.022725545000866987,931977b407e86123e41048a695d0a539d67d42cba909ffee6173bf6fe18a411f,1572,19,0,0.006522711274970715,2.797420276953768e-05,0.5095556182853107,1.0,-0.01919453963637352,0.012093930505216122,,,,,0.013521584760022982,0.0004981293858536372,0.014337282135096795,-0.00031756798922017576,,,,
fold-001,reference/US-natural/posttraining/gru-mse-s44,calibration,reference,posttraining,gru,reference_mse,44,True,continuous,reference/US-natural/finalist/gru-s44,19716,19,0.013828046491837232,0.0004267896475281495,0.013865649153586108,0.0004301685773581652,5,5,5,False,False,,,,1380,134.8662352769752,0.0,0.022016011003870517,3575a5e73cb2115994ee5f34c075e1a09eca1a07cd4ce11018b8b5a16f30258b,1572,19,0,0.005509994460131961,0.006922264468140004,0.5167709500470978,1.0,-0.021614719182252884,0.0125479307025671,,,,,0.013521584760022982,0.00030646173181425075,0.013947948813454961,-0.00011990232161772883,,,,
fold-001,reference/US-natural/posttraining/lstm-mae-s42,calibration,reference,posttraining,lstm,reference_mae,42,True,continuous,reference/US-natural/search/lstm-00-s42,19716,19,0.013988237746136497,0.00043153079763042147,0.014024933183284266,0.0004349051584135514,0,5,5,True,False,,,,1380,132.116261563031,0.0,0.02341001199965831,5924f36aec96af1a827ed783357cac5564d5bc63ddde81d317dea80b66d487cf,1572,19,0,0.017680790146941395,0.019963194293487207,0.5289496764032989,1.0,-0.029789604246616364,0.017973698675632477,,,,,0.013521584760022982,0.0004666529861135152,0.013988237746136497,0.0,,,,
fold-001,reference/US-natural/posttraining/lstm-mae-s43,calibration,reference,posttraining,lstm,reference_mae,43,True,continuous,reference/US-natural/finalist/lstm-s43,19716,19,0.014196191001912562,0.0004394769051925612,0.014231989713849326,0.0004427989466278508,0,5,5,True,False,,,,1380,133.02307436498813,0.0,0.02239562499744352,ad5096cad949e0e55b207e418b26ef5b40bea9dd38868ab0484ad6c23ee31411,1572,19,0,0.019611372339050227,0.022774097685285908,0.514237547159049,1.0,-0.02514379471540451,0.019169576466083527,,,,,0.013521584760022982,0.0006746062418895808,0.014196191001912562,0.0,,,,
fold-001,reference/US-natural/posttraining/lstm-mae-s44,calibration,reference,posttraining,lstm,reference_mae,44,True,continuous,reference/US-natural/finalist/lstm-s44,19716,19,0.013687838703807135,0.0004235193835810962,0.01374720013247836,0.00042768744875551306,3,5,5,False,False,,,,1380,132.03723629401065,0.0,0.022086925004259683,d02b785bfd7c51c63e5ef6f051392f9396a8745f91a62c41aceb6cd6cafa1d5f,1572,19,0,0.02098226889712569,0.022629682922539262,0.5032934662965728,1.0,-0.01555711030960083,0.018842637538909912,,,,,0.013521584760022982,0.00016625394378415315,0.013762377076011929,-7.453837220479376e-05,,,,
fold-001,reference/US-natural/posttraining/lstm-mse-s42,calibration,reference,posttraining,lstm,reference_mse,42,True,continuous,reference/US-natural/search/lstm-00-s42,19716,19,0.013988237746136497,0.00043153079763042147,0.014024933183284266,0.0004349051584135514,0,5,5,True,False,,,,1380,131.76394939498277,0.0,0.0228527550061699,5924f36aec96af1a827ed783357cac5564d5bc63ddde81d317dea80b66d487cf,1572,19,0,0.017680790146941395,0.019963194293487207,0.5289496764032989,1.0,-0.029789604246616364,0.017973698675632477,,,,,0.013521584760022982,0.0004666529861135152,0.013988237746136497,0.0,,,,
fold-001,reference/US-natural/posttraining/lstm-mse-s43,calibration,reference,posttraining,lstm,reference_mse,43,True,continuous,reference/US-natural/finalist/lstm-s43,19716,19,0.014196191001912562,0.0004394769051925612,0.014231989713849326,0.0004427989466278508,0,5,5,True,False,,,,1380,132.59713655500673,0.0,0.0233506899967324,ad5096cad949e0e55b207e418b26ef5b40bea9dd38868ab0484ad6c23ee31411,1572,19,0,0.019611372339050227,0.022774097685285908,0.514237547159049,1.0,-0.02514379471540451,0.019169576466083527,,,,,0.013521584760022982,0.0006746062418895808,0.014196191001912562,0.0,,,,
fold-001,reference/US-natural/posttraining/lstm-mse-s44,calibration,reference,posttraining,lstm,reference_mse,44,True,continuous,reference/US-natural/finalist/lstm-s44,19716,19,0.013762377076011929,0.00042586153267401095,0.013821753620006382,0.00043001005100405415,0,5,5,True,False,,,,1380,133.4963539460441,0.0,0.02329891300178133,49b8f2132fa13bc344e74bed37aea67757d1e6629b28f5bc21538fbf035f826b,1572,19,0,0.01649216085664404,0.01576092968449738,0.5051572866371126,1.0,-0.018667742609977722,0.01913289725780487,,,,,0.013521584760022982,0.0002407923159889469,0.013762377076011929,0.0,,,,
fold-001,reference/US-natural/posttraining/rnn-mae-s42,calibration,reference,posttraining,rnn,reference_mae,42,True,continuous,reference/US-natural/search/rnn-10-s42,19716,19,0.013701254949146873,0.0004236195719423963,0.013754923646852758,0.00042755958584415985,5,5,5,False,False,,,,1380,132.9285373869934,0.0,0.022820092999609187,3a4ca8208d9343435ab51afa9ed16c54d65327690a3465dd9f31ac83e03066a3,1572,19,0,0.009800265251575147,0.00891236133597593,0.5078092073152056,1.0,-0.025796402245759964,0.011042919009923935,,,,,0.013521584760022982,0.00017967018912389172,0.013825089087063253,-0.00012383413791637946,,,,
fold-001,reference/US-natural/posttraining/rnn-mae-s43,calibration,reference,posttraining,rnn,reference_mae,43,True,continuous,reference/US-natural/finalist/rnn-s43,19716,19,0.013771945781673544,0.00042501214620716443,0.013821200515126251,0.0004287314513203572,2,5,5,False,False,,,,1380,133.7979638929828,0.0,0.022493198994197883,c6f3645deacf7426757780f3392897232c0cc2eb52408daa253ce517cd057bcb,1572,19,0,0.026140813730799715,0.02196693309103334,0.5133129365748627,1.0,-0.023055681958794594,0.012982949614524841,,,,,0.013521584760022982,0.0002503610216505626,0.013903244863080486,-0.0001312990814069416,,,,
fold-001,reference/US-natural/posttraining/rnn-mae-s44,calibration,reference,posttraining,rnn,reference_mae,44,True,continuous,reference/US-natural/finalist/rnn-s44,19716,19,0.013937958810792923,0.0004319651806108382,0.013987688938571583,0.00043583514446105583,4,5,5,False,False,,,,1380,132.65627662301995,0.0,0.023662335996050388,01cbfd5ed3a07121c057fb3cf90698bdbfc60c2134701945d4e12392b2c98f44,1572,19,0,0.01675497728316482,0.020067531240711336,0.49595263193201017,1.0,-0.011659538373351097,0.012154275551438332,,,,,0.013521584760022982,0.00041637405076994094,0.014497816053223539,-0.0005598572424306159,,,,
fold-001,reference/US-natural/posttraining/rnn-mse-s42,calibration,reference,posttraining,rnn,reference_mse,42,True,continuous,reference/US-natural/search/rnn-10-s42,19716,19,0.013825089087063253,0.0004283988931518153,0.01387005241455625,0.00043208257208458215,0,5,5,True,False,,,,1380,132.41327684302814,0.0,0.023400313992169686,9dfcc2eafa484ce6ac345a34fc57c8ce8b7a818441fd4490c3575629e51e05aa,1572,19,0,-0.00663593787583041,-0.008972650903526728,0.5016751653154118,1.0,-0.022730989381670952,0.015541385859251022,,,,,0.013521584760022982,0.0003035043270402712,0.013825089087063253,0.0,,,,
fold-001,reference/US-natural/posttraining/rnn-mse-s43,calibration,reference,posttraining,rnn,reference_mse,43,True,continuous,reference/US-natural/finalist/rnn-s43,19716,19,0.013903244863080486,0.0004281070820220372,0.013947035271711906,0.000431687786251689,0,5,5,True,False,,,,1380,131.70945542497793,0.0,0.02327473800687585,01af382b15e76c1e11475a936dcb56c672c84eeedf14215ef8593fb6dcb664f3,1572,19,0,-0.007429352974798541,-0.0028825289922825973,0.5068086648588244,1.0,-0.026749983429908752,0.011099684983491898,,,,,0.013521584760022982,0.0003816601030575042,0.013903244863080486,0.0,,,,
fold-001,reference/US-natural/posttraining/rnn-mse-s44,calibration,reference,posttraining,rnn,reference_mse,44,True,continuous,reference/US-natural/finalist/rnn-s44,19716,19,0.014342363158755344,0.00044362149724437426,0.014366340213749558,0.0004466447590090578,4,5,5,False,False,,,,1380,133.43743196997093,0.0,0.024386517994571477,93114972f7828656e36bdc5fdcd4495adb192479a14c0ff6a559f8873341543f,1572,19,0,-0.004707583139415869,-0.005249422260553694,0.5141972237652567,1.0,-0.01639614626765251,0.013340093195438385,,,,,0.013521584760022982,0.0008207783987323625,0.014497816053223539,-0.00015545289446819432,,,,
fold-001,reference/US-natural/finalist/dlinear-s43,evaluation,reference,finalist,dlinear,reference,43,True,continuous,,20839,20,0.015028134243645273,0.0005189947112978563,0.015044361644668382,0.0005200597237969224,28,38,100,,True,validation_plateau,,,10488,699.2060829560505,,0.023406966007314622,3bf2bcdb45d766f6ce42ba26802f2312dbc0b855f9281ee6e86ed2099c2c3465,1646,20,0,-0.02817593038519941,-0.02135679312865483,0.4920148545444046,1.0,-0.020736368373036385,0.011465277522802353,,,,,0.014613358147947314,0.0004147760956979586,0.015028134243645273,,,,,
fold-001,reference/US-natural/finalist/dlinear-s44,evaluation,reference,finalist,dlinear,reference,44,True,continuous,,20839,20,0.015223047151187849,0.00052451283450037,0.015243405930569316,0.0005259309910109751,20,30,100,,True,validation_plateau,,,8280,560.1948394579813,,0.024675360007677227,92086e73199feb2f1e4a3ca7bbddf1ce36dd9817684d9b7b34ad6fe894ec8495,1646,20,0,-0.016974718032542198,-0.012634987294124858,0.50378615383197,1.0,-0.02179567702114582,0.01420736312866211,,,,,0.014613358147947314,0.0006096890032405346,0.015223047151187849,,,,,
fold-001,reference/US-natural/finalist/gru-s43,evaluation,reference,finalist,gru,reference,43,True,continuous,,20839,20,0.015097715935036499,0.0005223722488794672,0.01511381844764496,0.0005234623758169919,48,58,100,,True,validation_plateau,,,16008,1108.9872791459784,,0.02455632599594537,c45c559bcd2f451800e65a8113875ee13714b2ea39278461ff7cac46500be555,1646,20,0,0.001030631885428506,-0.0052433973858309856,0.4844973348946726,1.0,-0.01928884908556938,0.009071961045265198,,,,,0.014613358147947314,0.000484357787089185,0.015097715935036499,,,,,
fold-001,reference/US-natural/finalist/gru-s44,evaluation,reference,finalist,gru,reference,44,True,continuous,,20839,20,0.01518034365252682,0.0005206239933955016,0.015195702219623033,0.0005219890724779236,37,47,100,,True,validation_plateau,,,12972,906.8940600189962,,0.023542189999716356,fc33d35cc0aa5462ffbfcacefbd58a6d795ca62d31ede4aea22392adaf450eea,1646,20,0,0.0057395362391324395,-0.0026800856356155424,0.5008569120680384,1.0,-0.02445724606513977,0.017430901527404785,,,,,0.014613358147947314,0.0005669855045795057,0.01518034365252682,,,,,
fold-001,reference/US-natural/finalist/lstm-s43,evaluation,reference,finalist,lstm,reference,43,True,continuous,,20839,20,0.015210177504914647,0.0005253278591176756,0.015235533052828857,0.0005268617058729174,15,25,100,,True,validation_plateau,,,6900,483.9432075659861,,0.023701700993115082,32e2228690556e33fb490b86057af56988d4cad28f7ff1450d9cb6e5399e2d96,1646,20,0,-0.007485488196208612,-0.0001525182844182778,0.493654272653845,1.0,-0.026219815015792847,0.018113218247890472,,,,,0.014613358147947314,0.0005968193569673326,0.015210177504914647,,,,,
fold-001,reference/US-natural/finalist/lstm-s44,evaluation,reference,finalist,lstm,reference,44,True,continuous,,20839,20,0.01485671450009142,0.0005096309638483834,0.014876580543445614,0.0005110623430916883,22,32,100,,True,validation_plateau,,,8832,612.1692032090505,,0.02465572398796212,ac29df055f99bd8c9ade30e3d7f30e7dd6fe993f664bf41b6f51857e3833a2b4,1646,20,0,-0.005545467674962533,0.007741632611457275,0.5110762570974361,1.0,-0.017980337142944336,0.022052884101867676,,,,,0.014613358147947314,0.00024335635214410567,0.01485671450009142,,,,,
fold-001,reference/US-natural/finalist/rnn-s43,evaluation,reference,finalist,rnn,reference,43,True,continuous,,20839,20,0.015024256494943882,0.0005178465515557871,0.01504161183041297,0.0005190753705541239,44,54,100,,True,validation_plateau,,,14904,1005.7489594789804,,0.024027933992329054,eb49a90f54a92c800494b32f61f5210f1b719c7d875261a5d005e2108d4a44cd,1646,20,0,-0.01905825616443676,-0.01951634207392945,0.5103714388466092,1.0,-0.02767433226108551,0.008445069193840027,,,,,0.014613358147947314,0.00041089834699656845,0.015024256494943882,,,,,
fold-001,reference/US-natural/finalist/rnn-s44,evaluation,reference,finalist,rnn,reference,44,True,continuous,,20839,20,0.01513877983706885,0.0005208379358239532,0.015147464185789937,0.00052177155733888,21,31,100,,True,validation_plateau,,,8556,591.6385625269613,,0.02334521000739187,01ad0323e99ecf41b12c73086f186e7bb0ef43144c059fdd6d7d79cd7a37c239,1646,20,0,-0.02040291601991371,-0.013208485096641864,0.49894923890762855,1.0,-0.018020469695329666,0.028272289782762527,,,,,0.014613358147947314,0.0005254216891215358,0.01513877983706885,,,,,
fold-001,reference/US-natural/search/dlinear-00-s42,evaluation,reference,search,dlinear,reference,42,False,continuous,,20839,20,0.01495777262298163,0.000510855173361413,0.01497703135712988,0.0005121936551540081,35,45,100,,True,validation_plateau,,,12420,820.8188379479689,,0.02390728700265754,8f050bb09175e6c85aa993b599b97c2dbf50e1f3538e2b875fa603ee6290edfa,1646,20,0,0.01108571748986784,0.010688792317062396,0.5183519440808312,1.0,-0.021985091269016266,0.012322016060352325,,,,,0.014613358147947314,0.0003444144750343152,0.01495777262298163,,,,,
fold-001,reference/US-natural/search/dlinear-10-s42,evaluation,reference,search,dlinear,reference,42,True,continuous,,20839,20,0.01509634545655127,0.0005183190181736856,0.01510663967444637,0.0005193576954927138,19,29,100,,True,validation_plateau,,,8004,543.4246443700395,,0.024878402007743716,cb8c537421bf81406fcce32a9455a04f50ffd668fa94c03ce38c08ed4e9e4cfc,1646,20,0,-0.007968742240946947,-0.00010120421237613208,0.5164153002436822,1.0,-0.019170572981238365,0.015042614191770554,,,,,0.014613358147947314,0.0004829873086039556,0.01509634545655127,,,,,
fold-001,reference/US-natural/search/gru-00-s42,evaluation,reference,search,gru,reference,42,False,continuous,,20839,20,0.015230935577674945,0.0005257233597479432,0.015248011479469829,0.0005268309144842574,23,33,100,,True,validation_plateau,,,9108,628.3691748449928,,0.024723460999666713,7e7927f6efb40141a6b643383ed70b95946f130a0691bb3ca9b2f9cfd70b59f4,1646,20,0,0.00015607529291467509,-0.001509604086576271,0.5017862325577254,1.0,-0.03441309928894043,0.01434999704360962,,,,,0.014613358147947314,0.0006175774297276313,0.015230935577674945,,,,,
fold-001,reference/US-natural/search/gru-10-s42,evaluation,reference,search,gru,reference,42,True,continuous,,20839,20,0.014940630020168794,0.0005156441194750636,0.014964584276015208,0.0005171474245729006,29,39,100,,True,validation_plateau,,,10764,752.7110045860172,,0.02386290399590507,f98d8e6021e7a273200d409ed777f46b3f2d4bc6c7ea7c4a5c261efd06d9702e,1646,20,0,-0.012426767479320247,-0.006385745312952634,0.49697530088485103,1.0,-0.021102072671055794,0.009330427274107933,,,,,0.014613358147947314,0.0003272718722214796,0.014940630020168794,,,,,
fold-001,reference/US-natural/search/lstm-00-s42,evaluation,reference,search,lstm,reference,42,True,continuous,,20839,20,0.01595276087161896,0.0005540986899766604,0.015952554379167674,0.000554819691527105,12,22,100,,True,validation_plateau,,,6072,429.68051725497935,,0.023987147011212073,7737f6ee817bdf66b22cb55ca31eec68c96b69aa889204c596d29fc57b76feed,1646,20,0,-0.004510711150775911,0.010400935408538228,0.5057897455809468,1.0,-0.027074255049228668,0.017103776335716248,,,,,0.014613358147947314,0.0013394027236716469,0.01595276087161896,,,,,
fold-001,reference/US-natural/search/lstm-10-s42,evaluation,reference,search,lstm,reference,42,False,continuous,,20839,20,0.015137281338296834,0.0005221946198228846,0.015164493361411504,0.0005239082712217024,14,24,100,,True,validation_plateau,,,6624,480.3518704980379,,0.023697452998021618,e3d4fbead34b289d8d98bffcf7eaa0abcf84d91b266fd27d130dc325cb85c3b3,1646,20,0,-0.010484705430663635,-0.007845828812812964,0.4924048898204655,1.0,-0.02513105794787407,0.020693745464086533,,,,,0.014613358147947314,0.0005239231903495199,0.015137281338296834,,,,,
fold-001,reference/US-natural/search/rnn-00-s42,evaluation,reference,search,rnn,reference,42,False,continuous,,20839,20,0.015276536239568744,0.000526270181028149,0.015303714665684325,0.0005276915248090349,34,44,100,,True,validation_plateau,,,12144,807.5371158579946,,0.024229301998275332,7496b0ae2405f9bc615a897e5c493eeca61dd5499f5805f423d87243d9ea5242,1646,20,0,0.01701017751743269,0.01384261597980511,0.49981817752357205,1.0,-0.0321195013821125,0.014102388173341751,,,,,0.014613358147947314,0.0006631780916214296,0.015276536239568744,,,,,
fold-001,reference/US-natural/search/rnn-10-s42,evaluation,reference,search,rnn,reference,42,True,continuous,,20839,20,0.014967653259647246,0.0005150293993955626,0.014987410437243477,0.0005162866583937361,45,55,100,,True,validation_plateau,,,15180,1021.3708567600115,,0.023896676997537725,2a569205788d0132e3f792c99155ff227432ac3accf25b7f431770a3092e8932,1646,20,0,-0.0025360395334585685,-0.003951657404931771,0.49842589518607977,1.0,-0.02444883994758129,0.011663936078548431,,,,,0.014613358147947314,0.00035429511169993155,0.014967653259647246,,,,,
fold-001,tabular/ridge-a0.1,evaluation,tabular,search,ridge,ridge,,False,continuous,,20839,20,0.18014479511532427,0.054344399905873565,0.17626775548422013,0.05239991649376851,,,,,,,,,,,,0.0237573550111847,4863274f31b4dd3a18717ea8319a5b2a8f7ac90ba982fb7292e6c8e594e3e9cb,1646,20,0,0.002409698652322729,-0.014503590786240621,0.5014287442989476,1.0,-0.5325880260535792,0.07557185147002689,,,61.05680720298551,,0.014613358147947314,0.16553143696737696,0.18014479511532427,,,,,
fold-001,tabular/ridge-a1.0,evaluation,tabular,search,ridge,ridge,,False,continuous,,20839,20,0.3461324092511463,0.1269011942698327,0.3445408402328347,0.12555637255341798,,,,,,,,,,,,0.02365544300118927,2a9108b8cadb2b8a705bbc21a32159a5faaf026c31772e58bfc70328cb3ab8dc,1646,20,0,0.0024564298856329272,-0.015437147128457238,0.5063618369321112,1.0,-0.5742432493780629,-0.19715036964439372,,,62.27341280900873,,0.014613358147947314,0.331519051103199,0.3461324092511463,,,,,
fold-001,tabular/ridge-a10.0,evaluation,tabular,search,ridge,ridge,,True,continuous,,20839,20,0.2926589373770899,0.08789320478733188,0.2919039119675402,0.08740428587789785,,,,,,,,,,,,0.024850560002960265,e8f7bde90b0ee07a83e264ff53749582f692c459972784ffebfb0aa420a90bd7,1646,20,0,0.0033098875219063966,-0.013414063752926534,0.5063618369321112,1.0,-0.428617570165177,-0.19415569083560233,,,62.26515460002702,,0.014613358147947314,0.27804557922914264,0.2926589373770899,,,,,
fold-001,tabular/xgb-d3-b128-lr0.03-s42,evaluation,tabular,search,xgboost,xgboost,42,False,continuous,,20839,20,0.014609247618716698,0.0005038007506455428,0.014628145640916976,0.0005050441134872439,,,,,True,validation_plateau,300,1,,,,0.022715687009622343,8e2f9f5e56e3c9ae81afca21bb334e2f08f92985a9cc48044d974c8847562a3f,1646,20,0,0.027662175812673627,0.03438415022463945,0.5063618369321112,1.0,-0.0029833039734512568,-0.00040838163113221526,,,,282.04935808101436,0.014613358147947314,-4.110529230615806e-06,0.014609247618716698,,,,,
fold-001,tabular/xgb-d3-b128-lr0.1-s42,evaluation,tabular,search,xgboost,xgboost,42,False,continuous,,20839,20,0.014588628794492537,0.0005020612181989447,0.014606891025473953,0.0005032683222935844,,,,,True,validation_plateau,300,1,,,,0.02202351599407848,d2f02fb9eaa184b2a60fc94e9e2323e87f88eff69d7bdef4695178fa5f839617,1646,20,0,0.027662175812673627,0.03438415022463945,0.5232428659572116,1.0,-0.007504296954721212,0.0010787778301164508,,,,282.35056875203736,0.014613358147947314,-2.4729353454776976e-05,0.014588628794492537,,,,,
fold-001,tabular/xgb-d3-b256-lr0.03-s42,evaluation,tabular,search,xgboost,xgboost,42,False,continuous,,20839,20,0.014608544641017124,0.000503671736529809,0.01462750009611822,0.000504921318104649,,,,,True,validation_plateau,300,1,,,,0.022434669008362107,d1d1e91a8d826379cf93f25af1d974c03a0c68f571e271f43eed5cd98f27ce2b,1646,20,0,0.032222833250295374,0.04208404903955937,0.5063618369321112,1.0,-0.004349874798208475,-0.00040838163113221526,,,,303.73846664401935,0.014613358147947314,-4.813506930189879e-06,0.014608544641017124,,,,,
fold-001,tabular/xgb-d3-b256-lr0.1-s42,evaluation,tabular,search,xgboost,xgboost,42,False,continuous,,20839,20,0.014587781063445913,0.0005017253986865155,0.014606121339254078,0.0005029525549363599,,,,,True,validation_plateau,300,1,,,,0.02316583300125785,38ac442915297e78a88a163bac614578328f68c19dee8e59565dd77a35201e51,1646,20,0,0.032222833250295374,0.04208404903955937,0.5231036146726998,1.0,-0.012059533037245274,0.0010787778301164508,,,,302.339776553039,0.014613358147947314,-2.5577084501401254e-05,0.014587781063445913,,,,,
fold-001,tabular/xgb-d3-b64-lr0.03-s42,evaluation,tabular,search,xgboost,xgboost,42,True,continuous,,20839,20,0.014605080590431956,0.0005035413703483385,0.01462402649680401,0.0005047915463224708,,,,,True,validation_plateau,300,1,,,,0.022544104009284638,23c7ee7be7af53b951b0ec263e8a5881d421211dd0ce1671d7c747e656f0df12,1646,20,0,0.04454356760244625,0.06015192750397739,0.5063618369321112,1.0,-0.0020756309386342764,-0.0002025074791163206,,,,261.33543085400015,0.014613358147947314,-8.277557515357775e-06,0.014605080590431956,,,,,
fold-001,tabular/xgb-d3-b64-lr0.03-s43,evaluation,tabular,finalist,xgboost,xgboost,43,True,continuous,,20839,20,0.014605080590431956,0.0005035413703483385,0.01462402649680401,0.0005047915463224708,,,,,True,validation_plateau,300,1,,,,0.022504399996250868,23c7ee7be7af53b951b0ec263e8a5881d421211dd0ce1671d7c747e656f0df12,1646,20,0,0.04454356760244625,0.06015192750397739,0.5063618369321112,1.0,-0.0020756309386342764,-0.0002025074791163206,,,,261.3278820790001,0.014613358147947314,-8.277557515357775e-06,0.014605080590431956,,,,,
fold-001,tabular/xgb-d3-b64-lr0.03-s44,evaluation,tabular,finalist,xgboost,xgboost,44,True,continuous,,20839,20,0.014605080590431956,0.0005035413703483385,0.01462402649680401,0.0005047915463224708,,,,,True,validation_plateau,300,1,,,,0.022669800993753597,23c7ee7be7af53b951b0ec263e8a5881d421211dd0ce1671d7c747e656f0df12,1646,20,0,0.04454356760244625,0.06015192750397739,0.5063618369321112,1.0,-0.0020756309386342764,-0.0002025074791163206,,,,263.97449476097245,0.014613358147947314,-8.277557515357775e-06,0.014605080590431956,,,,,
fold-001,tabular/xgb-d3-b64-lr0.1-s42,evaluation,tabular,search,xgboost,xgboost,42,False,continuous,,20839,20,0.01456866106206281,0.0005012192705769001,0.014587340232447303,0.0005024515539545331,,,,,True,validation_plateau,300,1,,,,0.023375727992970496,dd91a713f32f4a5cead2ece955d8cbbf2d0ad841a92be9dd9d60c9e99f89c72b,1646,20,0,0.04454356760244625,0.06015192750397739,0.5279110097940668,1.0,-0.004478720016777515,0.0017650251975283027,,,,261.3011613849667,0.014613358147947314,-4.469708588450416e-05,0.01456866106206281,,,,,
fold-001,tabular/xgb-d6-b128-lr0.03-s42,evaluation,tabular,search,xgboost,xgboost,42,False,continuous,,20839,20,0.014608316793598591,0.0005037321465000819,0.014627105548498963,0.0005049634038514901,,,,,True,validation_plateau,300,1,,,,0.023297029998502694,ed7a404625a48907fcf57ff875b7e1fffd53394357335ebbaab7c45d56447147,1646,20,0,0.04026636858531474,0.030174262618359555,0.5088404258115176,1.0,-0.006843339651823044,0.002559758722782135,,,,415.9250713700312,0.014613358147947314,-5.041354348723007e-06,0.014608316793598591,,,,,
fold-001,tabular/xgb-d6-b128-lr0.1-s42,evaluation,tabular,search,xgboost,xgboost,42,False,continuous,,20839,20,0.014596340786273912,0.0005026561401526941,0.014614031201451601,0.0005038063537184886,,,,,True,validation_plateau,300,1,,,,0.023443254991434515,b130af4547af773d6de62cb3befd106ada7383686357e866c9d3cfb5fe7bedb6,1646,20,0,0.04026636858531474,0.030174261460001954,0.5209818655113789,1.0,-0.020371083170175552,0.010972579009830952,,,,413.92393665696727,0.014613358147947314,-1.7017361673402412e-05,0.014596340786273912,,,,,
fold-001,tabular/xgb-d6-b256-lr0.03-s42,evaluation,tabular,search,xgboost,xgboost,42,False,continuous,,20839,20,0.01460720744845656,0.000503271459361866,0.014625918085659231,0.0005045250647610391,,,,,True,validation_plateau,300,1,,,,0.023151806992245838,78d161ba981c5ce9c5addf0ff7270f90103940a90d73171a2104f424c28beda6,1646,20,0,0.04097998290978727,0.054689875930895804,0.5112501691711715,1.0,-0.0075530316680669785,0.0007978916401043534,,,,451.2406869669794,0.014613358147947314,-6.15069949075342e-06,0.01460720744845656,,,,,
fold-001,tabular/xgb-d6-b256-lr0.1-s42,evaluation,tabular,search,xgboost,xgboost,42,False,continuous,,20839,20,0.01459490524159259,0.0005011682217968546,0.014612697523882128,0.0005024013693154505,,,,,True,validation_plateau,300,1,,,,0.02268449899565894,d494ba16ad9f4cc08ff8c8ea262c9e4668b7a763e3e58e02dcce73dff386d87b,1646,20,0,0.04097998290978727,0.05468987604131446,0.5230855713780403,1.0,-0.022736722603440285,0.005099689122289419,,,,448.9404486310086,0.014613358147947314,-1.845290635472431e-05,0.01459490524159259,,,,,
fold-001,tabular/xgb-d6-b64-lr0.03-s42,evaluation,tabular,search,xgboost,xgboost,42,False,continuous,,20839,20,0.014609312542093527,0.0005037944790130904,0.014628252863309666,0.0005050445697905765,,,,,True,validation_plateau,300,1,,,,0.02363997399515938,9b79dc8d2476aac4cccc0ea7db315f136284cbabf9f3331a55012310b7f1443f,1646,20,0,0.042144747882554935,0.03690093584932945,0.5067599983081391,1.0,-0.008161751553416252,0.002559758722782135,,,,379.23364979599137,0.014613358147947314,-4.045605853786674e-06,0.014609312542093527,,,,,
fold-001,tabular/xgb-d6-b64-lr0.1-s42,evaluation,tabular,search,xgboost,xgboost,42,False,continuous,,20839,20,0.014588104463556859,0.0005023236064522321,0.014606848911266448,0.0005035570818972244,,,,,True,validation_plateau,300,1,,,,0.02356872000382282,61f3b070c69baa7aae3943e6e076204d787b17ac6fd8c679afe823bda17df9ce,1646,20,0,0.042144747882554935,0.036900934662592005,0.521039695807886,1.0,-0.02476578950881958,0.010972579009830952,,,,375.4712431119988,0.014613358147947314,-2.5253684390455153e-05,0.014588104463556859,,,,,
fold-001,posttraining/dlinear/seed-42/real/expected,evaluation,posttraining,posttraining,dlinear,expected,42,True,median,reference/US-natural/search/dlinear-10-s42,20839,20,0.01523616558475517,0.000524647203257956,0.015244033721963935,0.0005255462595777723,0,13,50,True,True,validation_plateau,,,8125,,0.0,0.033542246994329616,f3fb31bc2c34f786160945acb3af309bcca03d16edea429ad6c4efa522407dac,1646,20,0,-0.022455533882607348,-0.015623005186820523,0.21469791387311407,0.4315852791570651,-0.020317373047645464,0.013544915365096971,True,0.0,,160.5813059680513,0.014613358147947314,0.0006228074368078568,0.01509634545655127,0.0001398201282039012,0.01523616558475517,0.0,0.01509634545655127,0.0001398201282039012
fold-001,posttraining/dlinear/seed-42/real/klpo_exact,evaluation,posttraining,posttraining,dlinear,klpo_exact,42,True,median,reference/US-natural/search/dlinear-10-s42,20839,20,0.01523616558475517,0.000524647203257956,0.015244033721963935,0.0005255462595777723,0,13,50,True,True,validation_plateau,,,8125,,0.0,0.02387175000330899,f3fb31bc2c34f786160945acb3af309bcca03d16edea429ad6c4efa522407dac,1646,20,0,-0.022455533882607348,-0.015623005186820523,0.21469791387311407,0.4315852791570651,-0.020317373047645464,0.013544915365096971,True,0.0,,156.03912706498522,0.014613358147947314,0.0006228074368078568,0.01509634545655127,0.0001398201282039012,0.01523616558475517,0.0,0.01509634545655127,0.0001398201282039012
fold-001,posttraining/dlinear/seed-42/real/klpo_full,evaluation,posttraining,posttraining,dlinear,klpo_full,42,True,median,reference/US-natural/search/dlinear-10-s42,20839,20,0.01523616558475517,0.000524647203257956,0.015244033721963935,0.0005255462595777723,0,13,50,True,True,validation_plateau,,,8125,,0.0,0.024469893993227743,f3fb31bc2c34f786160945acb3af309bcca03d16edea429ad6c4efa522407dac,1646,20,0,-0.022455533882607348,-0.015623005186820523,0.21469791387311407,0.4315852791570651,-0.020317373047645464,0.013544915365096971,True,0.0,,159.4881701389677,0.014613358147947314,0.0006228074368078568,0.01509634545655127,0.0001398201282039012,0.01523616558475517,0.0,0.01509634545655127,0.0001398201282039012
fold-001,posttraining/dlinear/seed-42/real/klpo_mc,evaluation,posttraining,posttraining,dlinear,klpo_mc,42,True,median,reference/US-natural/search/dlinear-10-s42,20839,20,0.01523616558475517,0.000524647203257956,0.015244033721963935,0.0005255462595777723,0,13,50,True,True,validation_plateau,,,8125,,0.0,0.023950888993567787,f3fb31bc2c34f786160945acb3af309bcca03d16edea429ad6c4efa522407dac,1646,20,0,-0.022455533882607348,-0.015623005186820523,0.21469791387311407,0.4315852791570651,-0.020317373047645464,0.013544915365096971,True,0.0,,166.19505598401884,0.014613358147947314,0.0006228074368078568,0.01509634545655127,0.0001398201282039012,0.01523616558475517,0.0,0.01509634545655127,0.0001398201282039012
fold-001,posttraining/dlinear/seed-42/real/mae,evaluation,posttraining,posttraining,dlinear,mae,42,True,median,reference/US-natural/search/dlinear-10-s42,20839,20,0.01523616558475517,0.000524647203257956,0.015244033721963935,0.0005255462595777723,0,13,50,True,True,validation_plateau,,,8125,,0.0,0.0239681009988999,f3fb31bc2c34f786160945acb3af309bcca03d16edea429ad6c4efa522407dac,1646,20,0,-0.022455533882607348,-0.015623005186820523,0.21469791387311407,0.4315852791570651,-0.020317373047645464,0.013544915365096971,True,0.0,,144.58804646600038,0.014613358147947314,0.0006228074368078568,0.01509634545655127,0.0001398201282039012,0.01523616558475517,0.0,0.01509634545655127,0.0001398201282039012
fold-001,posttraining/dlinear/seed-42/real/neural_mae,evaluation,posttraining,posttraining,dlinear,neural_mae,42,True,median,reference/US-natural/search/dlinear-10-s42,20839,20,0.014615665429516233,0.0005053028007384803,0.014634415279110963,0.000506461160440613,6,14,50,False,True,validation_plateau,,,8750,,0.0,0.0231350350077264,7239f168390e6d19a4fdc717ce1bcd21381572258332789dae6c024838da711f,1646,16,4,-0.00543994509892834,-0.030714162775989227,0.0016906887140938417,0.0034241886861074424,-0.0067724576825484925,0.0,False,0.015773478895425797,,182.16837825998664,0.014613358147947314,2.3072815689192255e-06,0.01509634545655127,-0.00048068002703503636,0.01523616558475517,-0.0006205001552389375,0.01462404234661204,-8.376917095806458e-06
fold-001,posttraining/dlinear/seed-42/real/neural_mse,evaluation,posttraining,posttraining,dlinear,neural_mse,42,True,median,reference/US-natural/search/dlinear-10-s42,20839,20,0.01462022667696811,0.0005053206669801169,0.014638393563855929,0.0005064555737403117,6,14,50,False,True,validation_plateau,,,8750,,0.0,0.024119736001011916,24c558427edad5aa0e80721f225e1481157d20816fda3dbeda9e6de411594d39,1646,20,0,0.0030810934094347062,-0.008470532928749008,0.00550875564793888,0.01002043012260103,-0.0067724576825484925,0.006772457682548486,False,0.015241015702486038,,166.5705001290189,0.014613358147947314,6.868529020796071e-06,0.01509634545655127,-0.0004761187795831595,0.01523616558475517,-0.0006159389077870607,0.014662557459999346,-4.233078303123548e-05
fold-001,posttraining/dlinear/seed-42/real/reinforce,evaluation,posttraining,posttraining,dlinear,reinforce,42,True,median,reference/US-natural/search/dlinear-10-s42,20839,20,0.01523616558475517,0.000524647203257956,0.015244033721963935,0.0005255462595777723,0,13,50,True,True,validation_plateau,,,8125,,0.0,0.023816205997718498,f3fb31bc2c34f786160945acb3af309bcca03d16edea429ad6c4efa522407dac,1646,20,0,-0.022455533882607348,-0.015623005186820523,0.21469791387311407,0.4315852791570651,-0.020317373047645464,0.013544915365096971,True,0.0,,153.95231948402943,0.014613358147947314,0.0006228074368078568,0.01509634545655127,0.0001398201282039012,0.01523616558475517,0.0,0.01509634545655127,0.0001398201282039012
fold-001,posttraining/dlinear/seed-43/real/expected,evaluation,posttraining,posttraining,dlinear,expected,43,True,median,reference/US-natural/search/dlinear-10-s42,20839,20,0.01523616558475517,0.000524647203257956,0.015244033721963935,0.0005255462595777723,0,13,50,True,True,validation_plateau,,,8125,,0.0,0.02359861700097099,f3fb31bc2c34f786160945acb3af309bcca03d16edea429ad6c4efa522407dac,1646,20,0,-0.022455533882607348,-0.015623005186820523,0.21469791387311407,0.4315852791570651,-0.020317373047645464,0.013544915365096971,True,0.0,,171.5256585929892,0.014613358147947314,0.0006228074368078568,0.01509634545655127,0.0001398201282039012,0.01523616558475517,0.0,0.01509634545655127,0.0001398201282039012
fold-001,posttraining/dlinear/seed-43/real/klpo_exact,evaluation,posttraining,posttraining,dlinear,klpo_exact,43,True,median,reference/US-natural/search/dlinear-10-s42,20839,20,0.01523616558475517,0.000524647203257956,0.015244033721963935,0.0005255462595777723,0,13,50,True,True,validation_plateau,,,8125,,0.0,0.02444057899992913,f3fb31bc2c34f786160945acb3af309bcca03d16edea429ad6c4efa522407dac,1646,20,0,-0.022455533882607348,-0.015623005186820523,0.21469791387311407,0.4315852791570651,-0.020317373047645464,0.013544915365096971,True,0.0,,177.39580800395925,0.014613358147947314,0.0006228074368078568,0.01509634545655127,0.0001398201282039012,0.01523616558475517,0.0,0.01509634545655127,0.0001398201282039012
fold-001,posttraining/dlinear/seed-43/real/klpo_full,evaluation,posttraining,posttraining,dlinear,klpo_full,43,True,median,reference/US-natural/search/dlinear-10-s42,20839,20,0.01523616558475517,0.000524647203257956,0.015244033721963935,0.0005255462595777723,0,13,50,True,True,validation_plateau,,,8125,,0.0,0.023939837992656976,f3fb31bc2c34f786160945acb3af309bcca03d16edea429ad6c4efa522407dac,1646,20,0,-0.022455533882607348,-0.015623005186820523,0.21469791387311407,0.4315852791570651,-0.020317373047645464,0.013544915365096971,True,0.0,,164.23287830298068,0.014613358147947314,0.0006228074368078568,0.01509634545655127,0.0001398201282039012,0.01523616558475517,0.0,0.01509634545655127,0.0001398201282039012
fold-001,posttraining/dlinear/seed-43/real/klpo_mc,evaluation,posttraining,posttraining,dlinear,klpo_mc,43,True,median,reference/US-natural/search/dlinear-10-s42,20839,20,0.01523616558475517,0.000524647203257956,0.015244033721963935,0.0005255462595777723,0,13,50,True,True,validation_plateau,,,8125,,0.0,0.02395775099284947,f3fb31bc2c34f786160945acb3af309bcca03d16edea429ad6c4efa522407dac,1646,20,0,-0.022455533882607348,-0.015623005186820523,0.21469791387311407,0.4315852791570651,-0.020317373047645464,0.013544915365096971,True,0.0,,173.6193642799626,0.014613358147947314,0.0006228074368078568,0.01509634545655127,0.0001398201282039012,0.01523616558475517,0.0,0.01509634545655127,0.0001398201282039012
fold-001,posttraining/dlinear/seed-43/real/mae,evaluation,posttraining,posttraining,dlinear,mae,43,True,median,reference/US-natural/search/dlinear-10-s42,20839,20,0.01523616558475517,0.000524647203257956,0.015244033721963935,0.0005255462595777723,0,13,50,True,True,validation_plateau,,,8125,,0.0,0.023563259994261898,f3fb31bc2c34f786160945acb3af309bcca03d16edea429ad6c4efa522407dac,1646,20,0,-0.022455533882607348,-0.015623005186820523,0.21469791387311407,0.4315852791570651,-0.020317373047645464,0.013544915365096971,True,0.0,,146.46206256299047,0.014613358147947314,0.0006228074368078568,0.01509634545655127,0.0001398201282039012,0.01523616558475517,0.0,0.01509634545655127,0.0001398201282039012
fold-001,posttraining/dlinear/seed-43/real/neural_mae,evaluation,posttraining,posttraining,dlinear,neural_mae,43,True,median,reference/US-natural/search/dlinear-10-s42,20839,20,0.014679227308973064,0.0005071375494140184,0.014694144447322383,0.0005082102463064531,18,26,50,False,True,validation_plateau,,,16250,,0.0,0.02411298301012721,902915ae936801b8fe7428e14018c9b90851763d6ce3516123eeb865fd1528f7,1646,18,2,0.01374464777656048,0.006415002076065069,0.029489428178052134,0.055943287610342673,0.0,0.006772457682548486,False,0.020697786007076502,,325.708626319014,0.014613358147947314,6.586916102574968e-05,0.01509634545655127,-0.0004171181475782059,0.01523616558475517,-0.0005569382757821071,0.014832970743488133,-0.00015374343451506935
fold-001,posttraining/dlinear/seed-43/real/neural_mse,evaluation,posttraining,posttraining,dlinear,neural_mse,43,True,median,reference/US-natural/search/dlinear-10-s42,20839,20,0.014632465319621068,0.0005059471195003622,0.014650919081361392,0.0005071093820953528,14,22,50,False,True,validation_plateau,,,13750,,0.0,0.023247175995493308,db85f92b39052db75479792e120c50cdb123c78d5f84c27fe82a15529370633a,1646,18,2,0.006471149878099912,0.0015981300925782846,0.007778340553526464,0.016021344001797326,-0.0067724576825484925,0.006772457682548486,False,0.016731875017285347,,260.9668927330058,0.014613358147947314,1.9107171673754184e-05,0.01509634545655127,-0.0004638801369302014,0.01523616558475517,-0.0006037002651341026,0.014653873014051235,-2.1407694430167212e-05
fold-001,posttraining/dlinear/seed-43/real/reinforce,evaluation,posttraining,posttraining,dlinear,reinforce,43,True,median,reference/US-natural/search/dlinear-10-s42,20839,20,0.01523616558475517,0.000524647203257956,0.015244033721963935,0.0005255462595777723,0,13,50,True,True,validation_plateau,,,8125,,0.0,0.02368983899941668,f3fb31bc2c34f786160945acb3af309bcca03d16edea429ad6c4efa522407dac,1646,20,0,-0.022455533882607348,-0.015623005186820523,0.21469791387311407,0.4315852791570651,-0.020317373047645464,0.013544915365096971,True,0.0,,153.61571583198383,0.014613358147947314,0.0006228074368078568,0.01509634545655127,0.0001398201282039012,0.01523616558475517,0.0,0.01509634545655127,0.0001398201282039012
fold-001,posttraining/dlinear/seed-44/real/expected,evaluation,posttraining,posttraining,dlinear,expected,44,True,median,reference/US-natural/search/dlinear-10-s42,20839,20,0.01523616558475517,0.000524647203257956,0.015244033721963935,0.0005255462595777723,0,13,50,True,True,validation_plateau,,,8125,,0.0,0.023475907000829466,f3fb31bc2c34f786160945acb3af309bcca03d16edea429ad6c4efa522407dac,1646,20,0,-0.022455533882607348,-0.015623005186820523,0.21469791387311407,0.4315852791570651,-0.020317373047645464,0.013544915365096971,True,0.0,,147.16088542802026,0.014613358147947314,0.0006228074368078568,0.01509634545655127,0.0001398201282039012,0.01523616558475517,0.0,0.01509634545655127,0.0001398201282039012
fold-001,posttraining/dlinear/seed-44/real/klpo_exact,evaluation,posttraining,posttraining,dlinear,klpo_exact,44,True,median,reference/US-natural/search/dlinear-10-s42,20839,20,0.01523616558475517,0.000524647203257956,0.015244033721963935,0.0005255462595777723,0,13,50,True,True,validation_plateau,,,8125,,0.0,0.024486474998411722,f3fb31bc2c34f786160945acb3af309bcca03d16edea429ad6c4efa522407dac,1646,20,0,-0.022455533882607348,-0.015623005186820523,0.21469791387311407,0.4315852791570651,-0.020317373047645464,0.013544915365096971,True,0.0,,168.60636990895728,0.014613358147947314,0.0006228074368078568,0.01509634545655127,0.0001398201282039012,0.01523616558475517,0.0,0.01509634545655127,0.0001398201282039012
fold-001,posttraining/dlinear/seed-44/real/klpo_full,evaluation,posttraining,posttraining,dlinear,klpo_full,44,True,median,reference/US-natural/search/dlinear-10-s42,20839,20,0.01523616558475517,0.000524647203257956,0.015244033721963935,0.0005255462595777723,0,13,50,True,True,validation_plateau,,,8125,,0.0,0.024058180002612062,f3fb31bc2c34f786160945acb3af309bcca03d16edea429ad6c4efa522407dac,1646,20,0,-0.022455533882607348,-0.015623005186820523,0.21469791387311407,0.4315852791570651,-0.020317373047645464,0.013544915365096971,True,0.0,,169.72322951402748,0.014613358147947314,0.0006228074368078568,0.01509634545655127,0.0001398201282039012,0.01523616558475517,0.0,0.01509634545655127,0.0001398201282039012
fold-001,posttraining/dlinear/seed-44/real/klpo_mc,evaluation,posttraining,posttraining,dlinear,klpo_mc,44,True,median,reference/US-natural/search/dlinear-10-s42,20839,20,0.01523616558475517,0.000524647203257956,0.015244033721963935,0.0005255462595777723,0,13,50,True,True,validation_plateau,,,8125,,0.0,0.02398251798877027,f3fb31bc2c34f786160945acb3af309bcca03d16edea429ad6c4efa522407dac,1646,20,0,-0.022455533882607348,-0.015623005186820523,0.21469791387311407,0.4315852791570651,-0.020317373047645464,0.013544915365096971,True,0.0,,165.61947450001026,0.014613358147947314,0.0006228074368078568,0.01509634545655127,0.0001398201282039012,0.01523616558475517,0.0,0.01509634545655127,0.0001398201282039012
fold-001,posttraining/dlinear/seed-44/real/mae,evaluation,posttraining,posttraining,dlinear,mae,44,True,median,reference/US-natural/search/dlinear-10-s42,20839,20,0.01523616558475517,0.000524647203257956,0.015244033721963935,0.0005255462595777723,0,13,50,True,True,validation_plateau,,,8125,,0.0,0.023347745009232312,f3fb31bc2c34f786160945acb3af309bcca03d16edea429ad6c4efa522407dac,1646,20,0,-0.022455533882607348,-0.015623005186820523,0.21469791387311407,0.4315852791570651,-0.020317373047645464,0.013544915365096971,True,0.0,,154.47629697300727,0.014613358147947314,0.0006228074368078568,0.01509634545655127,0.0001398201282039012,0.01523616558475517,0.0,0.01509634545655127,0.0001398201282039012
fold-001,posttraining/dlinear/seed-44/real/neural_mae,evaluation,posttraining,posttraining,dlinear,neural_mae,44,True,median,reference/US-natural/search/dlinear-10-s42,20839,20,0.014620111959127869,0.0005048264263066098,0.014638504115854037,0.0005060136408036569,11,19,50,False,True,validation_plateau,,,11875,,0.0,0.02133244699507486,6ca83c9c69b4ab08538ea898f3049499b849e4b465d0d1338b5e402a1933191c,1646,10,10,-0.010478236700284001,-0.006679802954925663,0.0019180134734098965,0.0038256080384807918,0.0,0.006772457682548486,False,0.01817398238927126,,266.9168729339726,0.014613358147947314,6.753811180554986e-06,0.01509634545655127,-0.0004762334974234006,0.01523616558475517,-0.0006160536256273018,0.014716512795238343,-9.640083611047422e-05
fold-001,posttraining/dlinear/seed-44/real/neural_mse,evaluation,posttraining,posttraining,dlinear,neural_mse,44,True,median,reference/US-natural/search/dlinear-10-s42,20839,20,0.01464081715322256,0.0005056827924083656,0.014658300857411558,0.0005068274201921039,11,19,50,False,True,validation_plateau,,,11875,,0.0,0.022433466991060413,ea5bf804464acf60dad1d1ac1f70ccac6b17e54a92be22940f8a1d10a35b93be,1646,17,3,0.011184457974325122,0.010263498188802463,0.028543676076622105,0.052363923145077026,-0.0067724576825484925,0.006772457682548486,False,0.017021233215928078,,251.1088403449976,0.014613358147947314,2.745900527524603e-05,0.01509634545655127,-0.00045552830332870956,0.01523616558475517,-0.0005953484315326107,0.014762579682089974,-0.00012176252886741436
fold-001,posttraining/dlinear/seed-44/real/reinforce,evaluation,posttraining,posttraining,dlinear,reinforce,44,True,median,reference/US-natural/search/dlinear-10-s42,20839,20,0.01523616558475517,0.000524647203257956,0.015244033721963935,0.0005255462595777723,0,13,50,True,True,validation_plateau,,,8125,,0.0,0.024336664006114006,f3fb31bc2c34f786160945acb3af309bcca03d16edea429ad6c4efa522407dac,1646,20,0,-0.022455533882607348,-0.015623005186820523,0.21469791387311407,0.4315852791570651,-0.020317373047645464,0.013544915365096971,True,0.0,,157.11282618099358,0.014613358147947314,0.0006228074368078568,0.01509634545655127,0.0001398201282039012,0.01523616558475517,0.0,0.01509634545655127,0.0001398201282039012
fold-001,posttraining/gru/seed-42/real/expected,evaluation,posttraining,posttraining,gru,expected,42,True,median,reference/US-natural/search/gru-10-s42,20839,20,0.014964921335223752,0.0005168496160273396,0.014988909538707568,0.0005184226578682566,0,13,50,True,True,validation_plateau,,,8125,,0.0,0.03164993000973482,5b8579dce4c8c536816dfd5c938c31e67a8cd2700ff1cd18a12298904b21e64f,1646,20,0,0.001198321064512096,0.003084422128683693,0.18758490009847942,0.3606403482117487,-0.020317373047645464,0.006772457682548486,True,0.0,,155.68936366203707,0.014613358147947314,0.00035156318727643833,0.014940630020168794,2.4291315054958754e-05,0.014964921335223752,0.0,0.014940630020168794,2.4291315054958754e-05
fold-001,posttraining/gru/seed-42/real/klpo_exact,evaluation,posttraining,posttraining,gru,klpo_exact,42,True,median,reference/US-natural/search/gru-10-s42,20839,20,0.014964921335223752,0.0005168496160273396,0.014988909538707568,0.0005184226578682566,0,13,50,True,True,validation_plateau,,,8125,,0.0,0.02430980300414376,5b8579dce4c8c536816dfd5c938c31e67a8cd2700ff1cd18a12298904b21e64f,1646,20,0,0.001198321064512096,0.003084422128683693,0.18758490009847942,0.3606403482117487,-0.020317373047645464,0.006772457682548486,True,0.0,,156.69854483101517,0.014613358147947314,0.00035156318727643833,0.014940630020168794,2.4291315054958754e-05,0.014964921335223752,0.0,0.014940630020168794,2.4291315054958754e-05
fold-001,posttraining/gru/seed-42/real/klpo_full,evaluation,posttraining,posttraining,gru,klpo_full,42,True,median,reference/US-natural/search/gru-10-s42,20839,20,0.014964921335223752,0.0005168496160273396,0.014988909538707568,0.0005184226578682566,0,13,50,True,True,validation_plateau,,,8125,,0.0,0.023717289994237944,5b8579dce4c8c536816dfd5c938c31e67a8cd2700ff1cd18a12298904b21e64f,1646,20,0,0.001198321064512096,0.003084422128683693,0.18758490009847942,0.3606403482117487,-0.020317373047645464,0.006772457682548486,True,0.0,,164.2911860179738,0.014613358147947314,0.00035156318727643833,0.014940630020168794,2.4291315054958754e-05,0.014964921335223752,0.0,0.014940630020168794,2.4291315054958754e-05
fold-001,posttraining/gru/seed-42/real/klpo_mc,evaluation,posttraining,posttraining,gru,klpo_mc,42,True,median,reference/US-natural/search/gru-10-s42,20839,20,0.014964921335223752,0.0005168496160273396,0.014988909538707568,0.0005184226578682566,0,13,50,True,True,validation_plateau,,,8125,,0.0,0.02397791999101173,5b8579dce4c8c536816dfd5c938c31e67a8cd2700ff1cd18a12298904b21e64f,1646,20,0,0.001198321064512096,0.003084422128683693,0.18758490009847942,0.3606403482117487,-0.020317373047645464,0.006772457682548486,True,0.0,,165.7153633129783,0.014613358147947314,0.00035156318727643833,0.014940630020168794,2.4291315054958754e-05,0.014964921335223752,0.0,0.014940630020168794,2.4291315054958754e-05
fold-001,posttraining/gru/seed-42/real/mae,evaluation,posttraining,posttraining,gru,mae,42,True,median,reference/US-natural/search/gru-10-s42,20839,20,0.014964921335223752,0.0005168496160273396,0.014988909538707568,0.0005184226578682566,0,13,50,True,True,validation_plateau,,,8125,,0.0,0.024159000007784925,5b8579dce4c8c536816dfd5c938c31e67a8cd2700ff1cd18a12298904b21e64f,1646,20,0,0.001198321064512096,0.003084422128683693,0.18758490009847942,0.3606403482117487,-0.020317373047645464,0.006772457682548486,True,0.0,,153.89402108301874,0.014613358147947314,0.00035156318727643833,0.014940630020168794,2.4291315054958754e-05,0.014964921335223752,0.0,0.014940630020168794,2.4291315054958754e-05
fold-001,posttraining/gru/seed-42/real/neural_mae,evaluation,posttraining,posttraining,gru,neural_mae,42,True,median,reference/US-natural/search/gru-10-s42,20839,20,0.014619094260222338,0.0005052418944663693,0.01463730727412191,0.0005064027045968562,4,13,50,False,True,validation_plateau,,,8125,,0.0,0.02204571799666155,1d46ad9a9dcf80584bd551f6e71a539d8f3dfc3f6441626319f77e6237cdb0ac,1646,15,5,-0.01467117844753313,-0.06113250170941382,0.001108752774011,0.0025459798885504314,-0.0067724576825484925,0.006772457682548486,False,0.016589852049946785,,174.79429145803442,0.014613358147947314,5.736112275023589e-06,0.014940630020168794,-0.000321535759946456,0.014964921335223752,-0.00034582707500141474,0.014645872104452423,-2.6777844230085543e-05
fold-001,posttraining/gru/seed-42/real/neural_mse,evaluation,posttraining,posttraining,gru,neural_mse,42,True,median,reference/US-natural/search/gru-10-s42,20839,20,0.014624139725048483,0.0005051449367295413,0.014642152272009663,0.0005062911539796968,4,13,50,False,True,validation_plateau,,,8125,,0.0,0.023977599004865624,953b48d72821ab634b488c9a3b0344ae9b9e09d6789ae4f5cd7a8ed183d29b30,1646,20,0,0.013729341215232237,0.004132675848744887,0.012178645165878323,0.02247438586449229,-0.0067724576825484925,0.006772457682548486,False,0.014859508723020554,,169.45455479697557,0.014613358147947314,1.0781577101168574e-05,0.014940630020168794,-0.000316490295120311,0.014964921335223752,-0.00034078161017526976,0.014697522521738685,-7.338279669020197e-05
fold-001,posttraining/gru/seed-42/real/reinforce,evaluation,posttraining,posttraining,gru,reinforce,42,True,median,reference/US-natural/search/gru-10-s42,20839,20,0.014964921335223752,0.0005168496160273396,0.014988909538707568,0.0005184226578682566,0,13,50,True,True,validation_plateau,,,8125,,0.0,0.02394178199756425,5b8579dce4c8c536816dfd5c938c31e67a8cd2700ff1cd18a12298904b21e64f,1646,20,0,0.001198321064512096,0.003084422128683693,0.18758490009847942,0.3606403482117487,-0.020317373047645464,0.006772457682548486,True,0.0,,154.9709315659711,0.014613358147947314,0.00035156318727643833,0.014940630020168794,2.4291315054958754e-05,0.014964921335223752,0.0,0.014940630020168794,2.4291315054958754e-05
fold-001,posttraining/gru/seed-43/real/expected,evaluation,posttraining,posttraining,gru,expected,43,True,median,reference/US-natural/search/gru-10-s42,20839,20,0.014964921335223752,0.0005168496160273396,0.014988909538707568,0.0005184226578682566,0,13,50,True,True,validation_plateau,,,8125,,0.0,0.024075223002000712,5b8579dce4c8c536816dfd5c938c31e67a8cd2700ff1cd18a12298904b21e64f,1646,20,0,0.001198321064512096,0.003084422128683693,0.18758490009847942,0.3606403482117487,-0.020317373047645464,0.006772457682548486,True,0.0,,159.8027818769915,0.014613358147947314,0.00035156318727643833,0.014940630020168794,2.4291315054958754e-05,0.014964921335223752,0.0,0.014940630020168794,2.4291315054958754e-05
fold-001,posttraining/gru/seed-43/real/klpo_exact,evaluation,posttraining,posttraining,gru,klpo_exact,43,True,median,reference/US-natural/search/gru-10-s42,20839,20,0.014964921335223752,0.0005168496160273396,0.014988909538707568,0.0005184226578682566,0,13,50,True,True,validation_plateau,,,8125,,0.0,0.0234764970082324,5b8579dce4c8c536816dfd5c938c31e67a8cd2700ff1cd18a12298904b21e64f,1646,20,0,0.001198321064512096,0.003084422128683693,0.18758490009847942,0.3606403482117487,-0.020317373047645464,0.006772457682548486,True,0.0,,163.35898005199851,0.014613358147947314,0.00035156318727643833,0.014940630020168794,2.4291315054958754e-05,0.014964921335223752,0.0,0.014940630020168794,2.4291315054958754e-05
fold-001,posttraining/gru/seed-43/real/klpo_full,evaluation,posttraining,posttraining,gru,klpo_full,43,True,median,reference/US-natural/search/gru-10-s42,20839,20,0.014964921335223752,0.0005168496160273396,0.014988909538707568,0.0005184226578682566,0,13,50,True,True,validation_plateau,,,8125,,0.0,0.024576515002991073,5b8579dce4c8c536816dfd5c938c31e67a8cd2700ff1cd18a12298904b21e64f,1646,20,0,0.001198321064512096,0.003084422128683693,0.18758490009847942,0.3606403482117487,-0.020317373047645464,0.006772457682548486,True,0.0,,167.78981173801003,0.014613358147947314,0.00035156318727643833,0.014940630020168794,2.4291315054958754e-05,0.014964921335223752,0.0,0.014940630020168794,2.4291315054958754e-05
fold-001,posttraining/gru/seed-43/real/klpo_mc,evaluation,posttraining,posttraining,gru,klpo_mc,43,True,median,reference/US-natural/search/gru-10-s42,20839,20,0.014964921335223752,0.0005168496160273396,0.014988909538707568,0.0005184226578682566,0,13,50,True,True,validation_plateau,,,8125,,0.0,0.023774387998855673,5b8579dce4c8c536816dfd5c938c31e67a8cd2700ff1cd18a12298904b21e64f,1646,20,0,0.001198321064512096,0.003084422128683693,0.18758490009847942,0.3606403482117487,-0.020317373047645464,0.006772457682548486,True,0.0,,173.90511975402478,0.014613358147947314,0.00035156318727643833,0.014940630020168794,2.4291315054958754e-05,0.014964921335223752,0.0,0.014940630020168794,2.4291315054958754e-05
fold-001,posttraining/gru/seed-43/real/mae,evaluation,posttraining,posttraining,gru,mae,43,True,median,reference/US-natural/search/gru-10-s42,20839,20,0.014964921335223752,0.0005168496160273396,0.014988909538707568,0.0005184226578682566,0,13,50,True,True,validation_plateau,,,8125,,0.0,0.02389464300358668,5b8579dce4c8c536816dfd5c938c31e67a8cd2700ff1cd18a12298904b21e64f,1646,20,0,0.001198321064512096,0.003084422128683693,0.18758490009847942,0.3606403482117487,-0.020317373047645464,0.006772457682548486,True,0.0,,148.02172686700942,0.014613358147947314,0.00035156318727643833,0.014940630020168794,2.4291315054958754e-05,0.014964921335223752,0.0,0.014940630020168794,2.4291315054958754e-05
fold-001,posttraining/gru/seed-43/real/neural_mae,evaluation,posttraining,posttraining,gru,neural_mae,43,True,median,reference/US-natural/search/gru-10-s42,20839,20,0.014613582641968045,0.0005054358456278636,0.01463270568401501,0.0005066195190798847,4,13,50,False,True,validation_plateau,,,8125,,0.0,0.023546679003629833,96f9d93be51ac66d65f2b75efc3566fc050953a0657b52630e1f61eb9138623e,1646,18,2,-3.9321885372699734e-05,-0.024971768371532952,0.005471204343992129,0.009990324080153837,-0.0067724576825484925,0.0,False,0.015621412545442581,,165.82469201699132,0.014613358147947314,2.2449402073063118e-07,0.014940630020168794,-0.00032704737820074894,0.014964921335223752,-0.0003513386932557077,0.01464321209414107,-2.9629452173024484e-05
fold-001,posttraining/gru/seed-43/real/neural_mse,evaluation,posttraining,posttraining,gru,neural_mse,43,True,median,reference/US-natural/search/gru-10-s42,20839,20,0.014641442177234978,0.0005060738368843995,0.014659569235225938,0.0005072160590020297,11,19,50,False,True,validation_plateau,,,11875,,0.0,0.023706499006948434,b91b526495cfae52295af983cf49f9366765446dc7fc2055b54e389c39fdf752,1646,18,2,-0.014144945664307526,-0.04006621940274139,0.011333598588983033,0.022343363701286395,-0.0067724576825484925,0.006772457682548486,False,0.018162493128329515,,239.8710577909951,0.014613358147947314,2.808402928766371e-05,0.014940630020168794,-0.00029918784293381587,0.014964921335223752,-0.0003234791579887746,0.014667134773875764,-2.569259664078616e-05
fold-001,posttraining/gru/seed-43/real/reinforce,evaluation,posttraining,posttraining,gru,reinforce,43,True,median,reference/US-natural/search/gru-10-s42,20839,20,0.014964921335223752,0.0005168496160273396,0.014988909538707568,0.0005184226578682566,0,13,50,True,True,validation_plateau,,,8125,,0.0,0.023697443000855856,5b8579dce4c8c536816dfd5c938c31e67a8cd2700ff1cd18a12298904b21e64f,1646,20,0,0.001198321064512096,0.003084422128683693,0.18758490009847942,0.3606403482117487,-0.020317373047645464,0.006772457682548486,True,0.0,,160.3967610069667,0.014613358147947314,0.00035156318727643833,0.014940630020168794,2.4291315054958754e-05,0.014964921335223752,0.0,0.014940630020168794,2.4291315054958754e-05
fold-001,posttraining/gru/seed-44/real/expected,evaluation,posttraining,posttraining,gru,expected,44,True,median,reference/US-natural/search/gru-10-s42,20839,20,0.014964921335223752,0.0005168496160273396,0.014988909538707568,0.0005184226578682566,0,13,50,True,True,validation_plateau,,,8125,,0.0,0.02390870000817813,5b8579dce4c8c536816dfd5c938c31e67a8cd2700ff1cd18a12298904b21e64f,1646,20,0,0.001198321064512096,0.003084422128683693,0.18758490009847942,0.3606403482117487,-0.020317373047645464,0.006772457682548486,True,0.0,,149.0873626009561,0.014613358147947314,0.00035156318727643833,0.014940630020168794,2.4291315054958754e-05,0.014964921335223752,0.0,0.014940630020168794,2.4291315054958754e-05
fold-001,posttraining/gru/seed-44/real/klpo_exact,evaluation,posttraining,posttraining,gru,klpo_exact,44,True,median,reference/US-natural/search/gru-10-s42,20839,20,0.014964921335223752,0.0005168496160273396,0.014988909538707568,0.0005184226578682566,0,13,50,True,True,validation_plateau,,,8125,,0.0,0.02356048500223551,5b8579dce4c8c536816dfd5c938c31e67a8cd2700ff1cd18a12298904b21e64f,1646,20,0,0.001198321064512096,0.003084422128683693,0.18758490009847942,0.3606403482117487,-0.020317373047645464,0.006772457682548486,True,0.0,,158.88115023699356,0.014613358147947314,0.00035156318727643833,0.014940630020168794,2.4291315054958754e-05,0.014964921335223752,0.0,0.014940630020168794,2.4291315054958754e-05
fold-001,posttraining/gru/seed-44/real/klpo_full,evaluation,posttraining,posttraining,gru,klpo_full,44,True,median,reference/US-natural/search/gru-10-s42,20839,20,0.014964921335223752,0.0005168496160273396,0.014988909538707568,0.0005184226578682566,0,13,50,True,True,validation_plateau,,,8125,,0.0,0.0263571219984442,5b8579dce4c8c536816dfd5c938c31e67a8cd2700ff1cd18a12298904b21e64f,1646,20,0,0.001198321064512096,0.003084422128683693,0.18758490009847942,0.3606403482117487,-0.020317373047645464,0.006772457682548486,True,0.0,,159.59675456798868,0.014613358147947314,0.00035156318727643833,0.014940630020168794,2.4291315054958754e-05,0.014964921335223752,0.0,0.014940630020168794,2.4291315054958754e-05
fold-001,posttraining/gru/seed-44/real/klpo_mc,evaluation,posttraining,posttraining,gru,klpo_mc,44,True,median,reference/US-natural/search/gru-10-s42,20839,20,0.014964921335223752,0.0005168496160273396,0.014988909538707568,0.0005184226578682566,0,13,50,True,True,validation_plateau,,,8125,,0.0,0.024326986007508822,5b8579dce4c8c536816dfd5c938c31e67a8cd2700ff1cd18a12298904b21e64f,1646,20,0,0.001198321064512096,0.003084422128683693,0.18758490009847942,0.3606403482117487,-0.020317373047645464,0.006772457682548486,True,0.0,,163.61368345597293,0.014613358147947314,0.00035156318727643833,0.014940630020168794,2.4291315054958754e-05,0.014964921335223752,0.0,0.014940630020168794,2.4291315054958754e-05
fold-001,posttraining/gru/seed-44/real/mae,evaluation,posttraining,posttraining,gru,mae,44,True,median,reference/US-natural/search/gru-10-s42,20839,20,0.01508566257357539,0.0005210496679898594,0.015100073660894104,0.0005221165173854487,4,13,50,False,True,validation_plateau,,,8125,,0.0,0.02421525600948371,eb705cbea752bc7eac06966bcde74bab6d19e84a3726c841546b1927c45ba7e5,1646,20,0,0.017445241816106037,0.017540243761836976,0.20359609217613733,0.40017578551701094,-0.020317373047645464,0.013544915365096971,False,0.01408761536375624,,151.11789074499393,0.014613358147947314,0.00047230442562807597,0.014940630020168794,0.0001450325534065964,0.014964921335223752,0.00012074123835163764,0.014987169896132099,9.849267744329107e-05
fold-001,posttraining/gru/seed-44/real/neural_mae,evaluation,posttraining,posttraining,gru,neural_mae,44,True,median,reference/US-natural/search/gru-10-s42,20839,20,0.01461398109731039,0.0005047885761196384,0.01463240663658262,0.0005059673829095498,7,15,50,False,True,validation_plateau,,,9375,,0.0,0.019672537004225887,a63e73e4105d09ce810e764b93762105769bd92f0497ca78fee53f5649791ab8,1646,4,16,-0.011488548713353561,-0.0715772716057137,0.00010020291340723006,0.00020154042481668392,-0.0067724576825484925,0.006772457682548486,False,0.01876163389533758,,201.0365436290158,0.014613358147947314,6.229493630764693e-07,0.014940630020168794,-0.0003266489228584031,0.014964921335223752,-0.00035094023791336186,0.014630288906098656,-1.6307808788265654e-05
fold-001,posttraining/gru/seed-44/real/neural_mse,evaluation,posttraining,posttraining,gru,neural_mse,44,True,median,reference/US-natural/search/gru-10-s42,20839,20,0.014630314617306706,0.0005056695348744708,0.01464750909852642,0.0005067701436189287,7,15,50,False,True,validation_plateau,,,9375,,0.0,0.02227805399161298,7231ddaefbfb0f797cf60daebb2045a8c8b59b9c5f2ceb3b124d7570049ee8e4,1646,15,5,0.004978760012365502,-0.02642219196752057,0.0055634295530511595,0.011256679684956047,-0.0067724576825484925,0.006772457682548486,False,0.018137472681701183,,195.60178949998226,0.014613358147947314,1.6956469359391893e-05,0.014940630020168794,-0.0003103154028620877,0.014964921335223752,-0.00033460671791704644,0.014713521247397277,-8.32066300905706e-05
fold-001,posttraining/gru/seed-44/real/reinforce,evaluation,posttraining,posttraining,gru,reinforce,44,True,median,reference/US-natural/search/gru-10-s42,20839,20,0.014964921335223752,0.0005168496160273396,0.014988909538707568,0.0005184226578682566,0,13,50,True,True,validation_plateau,,,8125,,0.0,0.024511373005225323,5b8579dce4c8c536816dfd5c938c31e67a8cd2700ff1cd18a12298904b21e64f,1646,20,0,0.001198321064512096,0.003084422128683693,0.18758490009847942,0.3606403482117487,-0.020317373047645464,0.006772457682548486,True,0.0,,172.23128500097664,0.014613358147947314,0.00035156318727643833,0.014940630020168794,2.4291315054958754e-05,0.014964921335223752,0.0,0.014940630020168794,2.4291315054958754e-05
fold-001,posttraining/lstm/seed-42/real/expected,evaluation,posttraining,posttraining,lstm,expected,42,True,median,reference/US-natural/search/lstm-00-s42,20839,20,0.016043255396568156,0.000556459867589397,0.016045295720643688,0.0005573166805973105,0,13,50,True,True,validation_plateau,,,8125,,0.0,0.031943301000865176,0750f7bac46e2eb56031de6ac1875178954f3df3c88e6d9092a7995346ea120a,1646,20,0,0.006707224386370792,0.016557175145289354,0.4213122377261448,0.8329013774010248,-0.027089830730193956,0.020317373047645457,True,0.0,,162.45516415400198,0.014613358147947314,0.001429897248620842,0.01595276087161896,9.049452494919522e-05,0.016043255396568156,0.0,0.01595276087161896,9.049452494919522e-05
fold-001,posttraining/lstm/seed-42/real/klpo_exact,evaluation,posttraining,posttraining,lstm,klpo_exact,42,True,median,reference/US-natural/search/lstm-00-s42,20839,20,0.016043255396568156,0.000556459867589397,0.016045295720643688,0.0005573166805973105,0,13,50,True,True,validation_plateau,,,8125,,0.0,0.023786610006936826,0750f7bac46e2eb56031de6ac1875178954f3df3c88e6d9092a7995346ea120a,1646,20,0,0.006707224386370792,0.016557175145289354,0.4213122377261448,0.8329013774010248,-0.027089830730193956,0.020317373047645457,True,0.0,,152.1781130610034,0.014613358147947314,0.001429897248620842,0.01595276087161896,9.049452494919522e-05,0.016043255396568156,0.0,0.01595276087161896,9.049452494919522e-05
fold-001,posttraining/lstm/seed-42/real/klpo_full,evaluation,posttraining,posttraining,lstm,klpo_full,42,True,median,reference/US-natural/search/lstm-00-s42,20839,20,0.016043255396568156,0.000556459867589397,0.016045295720643688,0.0005573166805973105,0,13,50,True,True,validation_plateau,,,8125,,0.0,0.024167486000806093,0750f7bac46e2eb56031de6ac1875178954f3df3c88e6d9092a7995346ea120a,1646,20,0,0.006707224386370792,0.016557175145289354,0.4213122377261448,0.8329013774010248,-0.027089830730193956,0.020317373047645457,True,0.0,,161.70381255197572,0.014613358147947314,0.001429897248620842,0.01595276087161896,9.049452494919522e-05,0.016043255396568156,0.0,0.01595276087161896,9.049452494919522e-05
fold-001,posttraining/lstm/seed-42/real/klpo_mc,evaluation,posttraining,posttraining,lstm,klpo_mc,42,True,median,reference/US-natural/search/lstm-00-s42,20839,20,0.016043255396568156,0.000556459867589397,0.016045295720643688,0.0005573166805973105,0,13,50,True,True,validation_plateau,,,8125,,0.0,0.024289455002872273,0750f7bac46e2eb56031de6ac1875178954f3df3c88e6d9092a7995346ea120a,1646,20,0,0.006707224386370792,0.016557175145289354,0.4213122377261448,0.8329013774010248,-0.027089830730193956,0.020317373047645457,True,0.0,,169.09286131395493,0.014613358147947314,0.001429897248620842,0.01595276087161896,9.049452494919522e-05,0.016043255396568156,0.0,0.01595276087161896,9.049452494919522e-05
fold-001,posttraining/lstm/seed-42/real/mae,evaluation,posttraining,posttraining,lstm,mae,42,True,median,reference/US-natural/search/lstm-00-s42,20839,20,0.016043255396568156,0.000556459867589397,0.016045295720643688,0.0005573166805973105,0,13,50,True,True,validation_plateau,,,8125,,0.0,0.024334019006346352,0750f7bac46e2eb56031de6ac1875178954f3df3c88e6d9092a7995346ea120a,1646,20,0,0.006707224386370792,0.016557175145289354,0.4213122377261448,0.8329013774010248,-0.027089830730193956,0.020317373047645457,True,0.0,,159.02684838796267,0.014613358147947314,0.001429897248620842,0.01595276087161896,9.049452494919522e-05,0.016043255396568156,0.0,0.01595276087161896,9.049452494919522e-05
fold-001,posttraining/lstm/seed-42/real/neural_mae,evaluation,posttraining,posttraining,lstm,neural_mae,42,True,median,reference/US-natural/search/lstm-00-s42,20839,20,0.014635557260288895,0.0005052311803460396,0.014655661679154343,0.0005065329631544593,17,25,50,False,True,validation_plateau,,,15625,,0.0,0.023569482000311837,e9fe0c1360715498ed7cd0ce9e263aa4d7b6cbbc4b043385bfe8bee44b37864e,1646,20,0,0.018828071518143842,0.0209856402396792,0.021067193966477778,0.039087292972159154,-0.013544915365096978,0.006772457682548486,False,0.025064095854759216,,322.7807182240067,0.014613358147947314,2.2199112341581007e-05,0.01595276087161896,-0.0013172036113300659,0.016043255396568156,-0.001407698136279261,0.01465463669960351,-1.907943931461417e-05
fold-001,posttraining/lstm/seed-42/real/neural_mse,evaluation,posttraining,posttraining,lstm,neural_mse,42,True,median,reference/US-natural/search/lstm-00-s42,20839,20,0.014757907632985892,0.0005113168828896727,0.014776199895933897,0.0005124524792678762,12,20,50,False,True,validation_plateau,,,12500,,0.0,0.023907618000521325,0752a80c20706250973cc4f971f5eb5fd192ff71dacbcb451b0973a48a64d634,1646,20,0,-0.01149465861990623,-0.0142178213468943,0.06513906670812622,0.12914586264319933,-0.013544915365096978,0.006772457682548486,False,0.024868741631507874,,245.61217213701457,0.014613358147947314,0.00014454948503857777,0.01595276087161896,-0.001194853238633069,0.016043255396568156,-0.0012853477635822643,0.014799668122985698,-4.1760489999806416e-05
fold-001,posttraining/lstm/seed-42/real/reinforce,evaluation,posttraining,posttraining,lstm,reinforce,42,True,median,reference/US-natural/search/lstm-00-s42,20839,20,0.016043255396568156,0.000556459867589397,0.016045295720643688,0.0005573166805973105,0,13,50,True,True,validation_plateau,,,8125,,0.0,0.024723971000639722,0750f7bac46e2eb56031de6ac1875178954f3df3c88e6d9092a7995346ea120a,1646,20,0,0.006707224386370792,0.016557175145289354,0.4213122377261448,0.8329013774010248,-0.027089830730193956,0.020317373047645457,True,0.0,,158.92726007202873,0.014613358147947314,0.001429897248620842,0.01595276087161896,9.049452494919522e-05,0.016043255396568156,0.0,0.01595276087161896,9.049452494919522e-05
fold-001,posttraining/lstm/seed-43/real/expected,evaluation,posttraining,posttraining,lstm,expected,43,True,median,reference/US-natural/search/lstm-00-s42,20839,20,0.016043255396568156,0.000556459867589397,0.016045295720643688,0.0005573166805973105,0,13,50,True,True,validation_plateau,,,8125,,0.0,0.02413675800198689,0750f7bac46e2eb56031de6ac1875178954f3df3c88e6d9092a7995346ea120a,1646,20,0,0.006707224386370792,0.016557175145289354,0.4213122377261448,0.8329013774010248,-0.027089830730193956,0.020317373047645457,True,0.0,,154.88767692894908,0.014613358147947314,0.001429897248620842,0.01595276087161896,9.049452494919522e-05,0.016043255396568156,0.0,0.01595276087161896,9.049452494919522e-05
fold-001,posttraining/lstm/seed-43/real/klpo_exact,evaluation,posttraining,posttraining,lstm,klpo_exact,43,True,median,reference/US-natural/search/lstm-00-s42,20839,20,0.016043255396568156,0.000556459867589397,0.016045295720643688,0.0005573166805973105,0,13,50,True,True,validation_plateau,,,8125,,0.0,0.023904501998913474,0750f7bac46e2eb56031de6ac1875178954f3df3c88e6d9092a7995346ea120a,1646,20,0,0.006707224386370792,0.016557175145289354,0.4213122377261448,0.8329013774010248,-0.027089830730193956,0.020317373047645457,True,0.0,,164.99667141598184,0.014613358147947314,0.001429897248620842,0.01595276087161896,9.049452494919522e-05,0.016043255396568156,0.0,0.01595276087161896,9.049452494919522e-05
fold-001,posttraining/lstm/seed-43/real/klpo_full,evaluation,posttraining,posttraining,lstm,klpo_full,43,True,median,reference/US-natural/search/lstm-00-s42,20839,20,0.016043255396568156,0.000556459867589397,0.016045295720643688,0.0005573166805973105,0,13,50,True,True,validation_plateau,,,8125,,0.0,0.02419092999480199,0750f7bac46e2eb56031de6ac1875178954f3df3c88e6d9092a7995346ea120a,1646,20,0,0.006707224386370792,0.016557175145289354,0.4213122377261448,0.8329013774010248,-0.027089830730193956,0.020317373047645457,True,0.0,,164.7697561820387,0.014613358147947314,0.001429897248620842,0.01595276087161896,9.049452494919522e-05,0.016043255396568156,0.0,0.01595276087161896,9.049452494919522e-05
fold-001,posttraining/lstm/seed-43/real/klpo_mc,evaluation,posttraining,posttraining,lstm,klpo_mc,43,True,median,reference/US-natural/search/lstm-00-s42,20839,20,0.016043255396568156,0.000556459867589397,0.016045295720643688,0.0005573166805973105,0,13,50,True,True,validation_plateau,,,8125,,0.0,0.024892197994631715,0750f7bac46e2eb56031de6ac1875178954f3df3c88e6d9092a7995346ea120a,1646,20,0,0.006707224386370792,0.016557175145289354,0.4213122377261448,0.8329013774010248,-0.027089830730193956,0.020317373047645457,True,0.0,,170.93941022100626,0.014613358147947314,0.001429897248620842,0.01595276087161896,9.049452494919522e-05,0.016043255396568156,0.0,0.01595276087161896,9.049452494919522e-05
fold-001,posttraining/lstm/seed-43/real/mae,evaluation,posttraining,posttraining,lstm,mae,43,True,median,reference/US-natural/search/lstm-00-s42,20839,20,0.016043255396568156,0.000556459867589397,0.016045295720643688,0.0005573166805973105,0,13,50,True,True,validation_plateau,,,8125,,0.0,0.02426243400259409,0750f7bac46e2eb56031de6ac1875178954f3df3c88e6d9092a7995346ea120a,1646,20,0,0.006707224386370792,0.016557175145289354,0.4213122377261448,0.8329013774010248,-0.027089830730193956,0.020317373047645457,True,0.0,,158.99084709695308,0.014613358147947314,0.001429897248620842,0.01595276087161896,9.049452494919522e-05,0.016043255396568156,0.0,0.01595276087161896,9.049452494919522e-05
fold-001,posttraining/lstm/seed-43/real/neural_mae,evaluation,posttraining,posttraining,lstm,neural_mae,43,True,median,reference/US-natural/search/lstm-00-s42,20839,20,0.014664010358458355,0.000505865457424922,0.01468295318074518,0.0005071214808205377,16,24,50,False,True,validation_plateau,,,15000,,0.0,0.02335711299383547,98dba1d65fb1d477c32fa7de03b594f40ec397e66ba8cfa2a73829e496524fd9,1646,20,0,0.004497841088879207,0.009040637340539556,0.027393832178530995,0.05118886001914817,-0.013544915365096978,0.006772457682548486,False,0.025023415684700012,,299.0615182759939,0.014613358147947314,5.065221051104088e-05,0.01595276087161896,-0.001288750513160606,0.016043255396568156,-0.0013792450381098012,0.014662436869837325,1.5734886210302945e-06
fold-001,posttraining/lstm/seed-43/real/neural_mse,evaluation,posttraining,posttraining,lstm,neural_mse,43,True,median,reference/US-natural/search/lstm-00-s42,20839,20,0.016043255396568156,0.000556459867589397,0.016045295720643688,0.0005573166805973105,0,13,50,True,True,validation_plateau,,,8125,,0.0,0.02382443098758813,0750f7bac46e2eb56031de6ac1875178954f3df3c88e6d9092a7995346ea120a,1646,20,0,0.006707224386370792,0.016557175145289354,0.4213122377261448,0.8329013774010248,-0.027089830730193956,0.020317373047645457,True,0.0,,160.89950051001506,0.014613358147947314,0.001429897248620842,0.01595276087161896,9.049452494919522e-05,0.016043255396568156,0.0,0.01595276087161896,9.049452494919522e-05
fold-001,posttraining/lstm/seed-43/real/reinforce,evaluation,posttraining,posttraining,lstm,reinforce,43,True,median,reference/US-natural/search/lstm-00-s42,20839,20,0.016043255396568156,0.000556459867589397,0.016045295720643688,0.0005573166805973105,0,13,50,True,True,validation_plateau,,,8125,,0.0,0.024829740999848582,0750f7bac46e2eb56031de6ac1875178954f3df3c88e6d9092a7995346ea120a,1646,20,0,0.006707224386370792,0.016557175145289354,0.4213122377261448,0.8329013774010248,-0.027089830730193956,0.020317373047645457,True,0.0,,157.28241994202835,0.014613358147947314,0.001429897248620842,0.01595276087161896,9.049452494919522e-05,0.016043255396568156,0.0,0.01595276087161896,9.049452494919522e-05
fold-001,posttraining/lstm/seed-44/real/expected,evaluation,posttraining,posttraining,lstm,expected,44,True,median,reference/US-natural/search/lstm-00-s42,20839,20,0.016043255396568156,0.000556459867589397,0.016045295720643688,0.0005573166805973105,0,13,50,True,True,validation_plateau,,,8125,,0.0,0.02444495799136348,0750f7bac46e2eb56031de6ac1875178954f3df3c88e6d9092a7995346ea120a,1646,20,0,0.006707224386370792,0.016557175145289354,0.4213122377261448,0.8329013774010248,-0.027089830730193956,0.020317373047645457,True,0.0,,155.1391449929797,0.014613358147947314,0.001429897248620842,0.01595276087161896,9.049452494919522e-05,0.016043255396568156,0.0,0.01595276087161896,9.049452494919522e-05
fold-001,posttraining/lstm/seed-44/real/klpo_exact,evaluation,posttraining,posttraining,lstm,klpo_exact,44,True,median,reference/US-natural/search/lstm-00-s42,20839,20,0.016043255396568156,0.000556459867589397,0.016045295720643688,0.0005573166805973105,0,13,50,True,True,validation_plateau,,,8125,,0.0,0.023794364999048412,0750f7bac46e2eb56031de6ac1875178954f3df3c88e6d9092a7995346ea120a,1646,20,0,0.006707224386370792,0.016557175145289354,0.4213122377261448,0.8329013774010248,-0.027089830730193956,0.020317373047645457,True,0.0,,166.04776007303735,0.014613358147947314,0.001429897248620842,0.01595276087161896,9.049452494919522e-05,0.016043255396568156,0.0,0.01595276087161896,9.049452494919522e-05
fold-001,posttraining/lstm/seed-44/real/klpo_full,evaluation,posttraining,posttraining,lstm,klpo_full,44,True,median,reference/US-natural/search/lstm-00-s42,20839,20,0.016043255396568156,0.000556459867589397,0.016045295720643688,0.0005573166805973105,0,13,50,True,True,validation_plateau,,,8125,,0.0,0.023726858009467833,0750f7bac46e2eb56031de6ac1875178954f3df3c88e6d9092a7995346ea120a,1646,20,0,0.006707224386370792,0.016557175145289354,0.4213122377261448,0.8329013774010248,-0.027089830730193956,0.020317373047645457,True,0.0,,163.22997346601915,0.014613358147947314,0.001429897248620842,0.01595276087161896,9.049452494919522e-05,0.016043255396568156,0.0,0.01595276087161896,9.049452494919522e-05
fold-001,posttraining/lstm/seed-44/real/klpo_mc,evaluation,posttraining,posttraining,lstm,klpo_mc,44,True,median,reference/US-natural/search/lstm-00-s42,20839,20,0.016043255396568156,0.000556459867589397,0.016045295720643688,0.0005573166805973105,0,13,50,True,True,validation_plateau,,,8125,,0.0,0.024449115997413173,0750f7bac46e2eb56031de6ac1875178954f3df3c88e6d9092a7995346ea120a,1646,20,0,0.006707224386370792,0.016557175145289354,0.4213122377261448,0.8329013774010248,-0.027089830730193956,0.020317373047645457,True,0.0,,173.07546826003818,0.014613358147947314,0.001429897248620842,0.01595276087161896,9.049452494919522e-05,0.016043255396568156,0.0,0.01595276087161896,9.049452494919522e-05
fold-001,posttraining/lstm/seed-44/real/mae,evaluation,posttraining,posttraining,lstm,mae,44,True,median,reference/US-natural/search/lstm-00-s42,20839,20,0.016043255396568156,0.000556459867589397,0.016045295720643688,0.0005573166805973105,0,13,50,True,True,validation_plateau,,,8125,,0.0,0.02477872499730438,0750f7bac46e2eb56031de6ac1875178954f3df3c88e6d9092a7995346ea120a,1646,20,0,0.006707224386370792,0.016557175145289354,0.4213122377261448,0.8329013774010248,-0.027089830730193956,0.020317373047645457,True,0.0,,149.7252784189768,0.014613358147947314,0.001429897248620842,0.01595276087161896,9.049452494919522e-05,0.016043255396568156,0.0,0.01595276087161896,9.049452494919522e-05
fold-001,posttraining/lstm/seed-44/real/neural_mae,evaluation,posttraining,posttraining,lstm,neural_mae,44,True,median,reference/US-natural/search/lstm-00-s42,20839,20,0.014670847099512338,0.0005067869144800511,0.014688995028479647,0.0005080044618966239,16,24,50,False,True,validation_plateau,,,15000,,0.0,0.023816005006665364,3e75e50ff78264886b519128acb3f77a840f10a0084cf065336593a6378ada8e,1646,20,0,-0.003785898089911507,-0.005437743724871094,0.020648613119059377,0.042069971688358666,-0.013544915365096978,0.006772457682548486,False,0.029434077441692352,,293.1600606479915,0.014613358147947314,5.748895156502433e-05,0.01595276087161896,-0.0012819137721066225,0.016043255396568156,-0.0013724082970558178,0.014698754188851476,-2.790708933913741e-05
fold-001,posttraining/lstm/seed-44/real/neural_mse,evaluation,posttraining,posttraining,lstm,neural_mse,44,True,median,reference/US-natural/search/lstm-00-s42,20839,20,0.014722860812086755,0.0005078886358687491,0.01474404864418381,0.0005092028798755041,5,13,50,False,True,validation_plateau,,,8125,,0.0,0.023970665992237628,290520c348db5aa9a70382751000a55586e05704d5042f68c33de2490afa2a46,1646,20,0,0.011948343337529841,0.01122166391242399,0.07216493564235991,0.13539586168225376,-0.013544915365096978,0.006772457682548486,False,0.02236092835664749,,164.6247356729582,0.014613358147947314,0.00010950266413944053,0.01595276087161896,-0.0012299000595322063,0.016043255396568156,-0.0013203945844814016,0.014712010431890387,1.0850380196367193e-05
fold-001,posttraining/lstm/seed-44/real/reinforce,evaluation,posttraining,posttraining,lstm,reinforce,44,True,median,reference/US-natural/search/lstm-00-s42,20839,20,0.016043255396568156,0.000556459867589397,0.016045295720643688,0.0005573166805973105,0,13,50,True,True,validation_plateau,,,8125,,0.0,0.024299964992678724,0750f7bac46e2eb56031de6ac1875178954f3df3c88e6d9092a7995346ea120a,1646,20,0,0.006707224386370792,0.016557175145289354,0.4213122377261448,0.8329013774010248,-0.027089830730193956,0.020317373047645457,True,0.0,,162.0963569000014,0.014613358147947314,0.001429897248620842,0.01595276087161896,9.049452494919522e-05,0.016043255396568156,0.0,0.01595276087161896,9.049452494919522e-05
fold-001,posttraining/ridge/seed-42/real/expected,evaluation,posttraining,posttraining,ridge,expected,42,True,median,tabular/ridge-a10.0,20839,20,0.06790375143837556,0.005045922720859486,0.06793361113968294,0.0050510936547083,25,33,50,False,True,validation_plateau,,,20625,,0.0,0.027532872001756914,abdeac7a0fd2eb73bf17b8f20c8e612aa6425107ece8020995defe600eb7117c,1646,0,20,,,0.5063618369321112,1.0,-0.06772457682548488,-0.06772457682548488,True,0.11631150951594665,,368.3195696779876,0.014613358147947314,0.05329039329042824,0.2926589373770899,-0.22475518593871435,0.06790375143837556,0.0,0.21775466294203918,-0.14985091150366364
fold-001,posttraining/ridge/seed-42/real/klpo_exact,evaluation,posttraining,posttraining,ridge,klpo_exact,42,True,median,tabular/ridge-a10.0,20839,20,0.016462655786473643,0.0005708775989479292,0.016481085848541983,0.0005719132849618525,40,48,50,False,True,validation_plateau,,,30000,,0.0,0.024024376994930208,ab5f28a38834b371f1108333c527d59c76476087cf1020ed8ac50920c81d55c0,1646,20,0,0.0011537926648095055,0.015402579481222544,0.3585965137373247,0.7126679898121782,-0.04063474609529093,0.04063474609529093,False,0.45413788207722827,,599.5209106740076,0.014613358147947314,0.0018492976385263288,0.2926589373770899,-0.27619628159061627,0.06790375143837556,-0.051441095651901914,0.016369883426755265,9.2772359718378e-05
fold-001,posttraining/ridge/seed-42/real/klpo_full,evaluation,posttraining,posttraining,ridge,klpo_full,42,True,median,tabular/ridge-a10.0,20839,20,0.05369923750498952,0.0033360465004362598,0.053681363006175646,0.0033351537373343507,47,50,50,False,False,budget_exhausted,,,31250,,0.0,0.023953613999765366,53037360614f7b38e9d9436d13bc735050271491a828ad323c38d8da83b68065,1646,20,0,-0.014235585830724587,-0.011112860900691432,0.5063618369321112,1.0,-0.06772457682548488,-0.020317373047645464,False,0.3434397488809802,,639.5128466780297,0.014613358147947314,0.039085879357042205,0.2926589373770899,-0.23895969987210042,0.06790375143837556,-0.014204513933386037,0.058205370855629414,-0.0045061333506398946
fold-001,posttraining/ridge/seed-42/real/klpo_mc,evaluation,posttraining,posttraining,ridge,klpo_mc,42,True,median,tabular/ridge-a10.0,20839,20,0.053326628704982705,0.003296396090311967,0.053303581004164824,0.003295030538343797,47,50,50,False,False,budget_exhausted,,,31250,,0.0,0.02507273700030055,107150d1a8dd7d7c9d7540090b251efeca8599e36062c4907e2542286bfa6817,1646,20,0,-0.014377651509093831,-0.009218511669759488,0.5063618369321112,1.0,-0.06772457682548488,-0.020317373047645464,False,0.344736523798802,,651.135722378036,0.014613358147947314,0.03871327055703539,0.2926589373770899,-0.23933230867210722,0.06790375143837556,-0.014577122733392851,0.0576141899686071,-0.004287561263624395
fold-001,posttraining/ridge/seed-42/real/mae,evaluation,posttraining,posttraining,ridge,mae,42,True,median,tabular/ridge-a10.0,20839,20,0.06790375143837556,0.005045922720859486,0.06793361113968294,0.0050510936547083,24,32,50,False,True,validation_plateau,,,20000,,0.0,0.018697343999519944,d8a7e84d3c02670aeb8c0a24bc472ed14e50d4a509433b1d8005bfb18c8f834e,1646,0,20,,,0.5063618369321112,1.0,-0.06772457682548488,-0.06772457682548488,True,0.12812695896859655,,376.0667962380103,0.014613358147947314,0.05329039329042824,0.2926589373770899,-0.22475518593871435,0.06790375143837556,0.0,0.20662474775014167,-0.1387209963117661
fold-001,posttraining/ridge/seed-42/real/reinforce,evaluation,posttraining,posttraining,ridge,reinforce,42,True,median,tabular/ridge-a10.0,20839,20,0.06790375143837556,0.005045922720859486,0.06793361113968294,0.0050510936547083,18,26,50,False,True,validation_plateau,,,16250,,0.0,0.018540539997047745,ec7534c3f0242f40b79c71a0f1b581938d6813a9c553732b707e1ee27bb15e1d,1646,0,20,,,0.5063618369321112,1.0,-0.06772457682548488,-0.06772457682548488,True,0.09632779914848444,,297.9372703949921,0.014613358147947314,0.05329039329042824,0.2926589373770899,-0.22475518593871435,0.06790375143837556,0.0,0.227224091750896,-0.15932034031252046
fold-001,posttraining/ridge/seed-43/real/expected,evaluation,posttraining,posttraining,ridge,expected,43,True,median,tabular/ridge-a10.0,20839,20,0.06790375143837556,0.005045922720859486,0.06793361113968294,0.0050510936547083,32,40,50,False,True,validation_plateau,,,25000,,0.0,0.018059344991343096,b4e8254b15b44bf927547d0bd582383420d8558e69594fc53d86199f2547def0,1646,0,20,,,0.5063618369321112,1.0,-0.06772457682548488,-0.06772457682548488,True,0.09957479300211602,,465.3940126549569,0.014613358147947314,0.05329039329042824,0.2926589373770899,-0.22475518593871435,0.06790375143837556,0.0,0.22235027563847076,-0.1544465242000952
fold-001,posttraining/ridge/seed-43/real/klpo_exact,evaluation,posttraining,posttraining,ridge,klpo_exact,43,True,median,tabular/ridge-a10.0,20839,20,0.02388945290118028,0.0009254447770744436,0.023781341853991975,0.0009208934707010736,28,36,50,False,True,validation_plateau,,,22500,,0.0,0.0239293490012642,58a2bd773e303905803eb4d9e9b6230aa45e7e2ef17c46c67db8a4f1d46d8096,1646,20,0,-0.002611881453996117,0.013219369633806006,0.503719092848353,0.9951618222423736,-0.0609521191429364,0.013544915365096971,False,0.422400040301098,,422.5942770119873,0.014613358147947314,0.009276094753232968,0.2926589373770899,-0.26876948447590965,0.06790375143837556,-0.044014298537195275,0.02387207375520858,1.73791459717014e-05
fold-001,posttraining/ridge/seed-43/real/klpo_full,evaluation,posttraining,posttraining,ridge,klpo_full,43,True,median,tabular/ridge-a10.0,20839,20,0.048277420090706076,0.002775592127372447,0.048138624822225466,0.0027634376205752775,50,50,50,False,False,budget_exhausted,,,31250,,0.0,0.0247233209956903,3b64cae5af50ed206fc525fbdaca363fa2b4410c00a4905a312df652b2ac996b,1646,20,0,0.00257626167247728,0.005436219598613694,0.5063618369321112,1.0,-0.06772457682548488,-0.013544915365096978,False,0.376980253968125,,608.9325798630016,0.014613358147947314,0.03366406194275876,0.2926589373770899,-0.24438151728638385,0.06790375143837556,-0.01962633134766948,0.05041953664607657,-0.002142116555370492
fold-001,posttraining/ridge/seed-43/real/klpo_mc,evaluation,posttraining,posttraining,ridge,klpo_mc,43,True,median,tabular/ridge-a10.0,20839,20,0.04784017389923973,0.0027334358095825436,0.047699510532311085,0.002721270171336884,50,50,50,False,False,budget_exhausted,,,31250,,0.0,0.024687101991730742,0bde7b47556e31ab10e02d8880fe0288566491fd034bfe9f05efc33d2798ceaa,1646,20,0,0.0039148769395399826,0.005187761369876719,0.5063618369321112,1.0,-0.06772457682548488,-0.013544915365096978,False,0.37742325504038093,,610.7576784400153,0.014613358147947314,0.03322681575129242,0.2926589373770899,-0.2448187634778502,0.06790375143837556,-0.020063577539135825,0.04985903538563609,-0.0020188614863963575
fold-001,posttraining/ridge/seed-43/real/mae,evaluation,posttraining,posttraining,ridge,mae,43,True,median,tabular/ridge-a10.0,20839,20,0.06790375143837556,0.005045922720859486,0.06793361113968294,0.0050510936547083,19,27,50,False,True,validation_plateau,,,16875,,0.0,0.018116061997716315,fd3a780f607bea5fdffa656f189bfeb0dd4148e544991184332ba4dba8708e54,1646,0,20,,,0.5063618369321112,1.0,-0.06772457682548488,-0.06772457682548488,True,0.12425667155699172,,336.9668008100125,0.014613358147947314,0.05329039329042824,0.2926589373770899,-0.22475518593871435,0.06790375143837556,0.0,0.2054641159726185,-0.13756036453424292
fold-001,posttraining/ridge/seed-43/real/reinforce,evaluation,posttraining,posttraining,ridge,reinforce,43,True,median,tabular/ridge-a10.0,20839,20,0.06790375143837556,0.005045922720859486,0.06793361113968294,0.0050510936547083,33,41,50,False,True,validation_plateau,,,25625,,0.0,0.018205700005637482,d10f78bd41afe9df8c7f0fcbe9131eb80105030aaa19a1768e7ad01e35951a7a,1646,0,20,,,0.5063618369321112,1.0,-0.06772457682548488,-0.06772457682548488,True,0.10411596810749096,,474.44939373398665,0.014613358147947314,0.05329039329042824,0.2926589373770899,-0.22475518593871435,0.06790375143837556,0.0,0.22084301509087562,-0.15293926365250005
fold-001,posttraining/ridge/seed-44/real/expected,evaluation,posttraining,posttraining,ridge,expected,44,True,median,tabular/ridge-a10.0,20839,20,0.06790375143837556,0.005045922720859486,0.06793361113968294,0.0050510936547083,20,28,50,False,True,validation_plateau,,,17500,,0.0,0.019077438992098905,c90b838c626673e2eb5b68c0a301153bba2795c92102988a9f584d25bb32a350,1646,0,20,,,0.5063618369321112,1.0,-0.06772457682548488,-0.06772457682548488,True,0.1082809017977368,,315.9342631410109,0.014613358147947314,0.05329039329042824,0.2926589373770899,-0.22475518593871435,0.06790375143837556,0.0,0.2167310554922889,-0.14882730405391337
fold-001,posttraining/ridge/seed-44/real/klpo_exact,evaluation,posttraining,posttraining,ridge,klpo_exact,44,True,median,tabular/ridge-a10.0,20839,20,0.023836503388089816,0.0009376963832409005,0.0237541665479082,0.0009345562084877743,29,37,50,False,True,validation_plateau,,,23125,,0.0,0.025331033000838943,cc8fc2a62d87de9875b61673ce10d77f6ddc562c72d6db665d531d26b27ff30c,1646,20,0,-0.009095537752378263,0.0004922756506894287,0.5023261817672104,0.9929345591288348,-0.0609521191429364,0.013544915365096971,False,0.43026275718063756,,439.2868275469518,0.014613358147947314,0.009223145240142502,0.2926589373770899,-0.26882243398900013,0.06790375143837556,-0.04406724805028574,0.023829486856547562,7.016531542253235e-06
fold-001,posttraining/ridge/seed-44/real/klpo_full,evaluation,posttraining,posttraining,ridge,klpo_full,44,True,median,tabular/ridge-a10.0,20839,20,0.05961855527642148,0.003996055341422384,0.059555826822723444,0.003989924886865342,50,50,50,False,False,budget_exhausted,,,31250,,0.0,0.024243880005087703,96bcc133179205b29f03ee3f41d189206a3ae21aced3fad67040df25945743eb,1646,20,0,0.0017754810929826539,-0.0002808195470258777,0.5063618369321112,1.0,-0.06772457682548488,-0.03386228841274244,False,0.3510928510442916,,599.4310348619474,0.014613358147947314,0.045005197128474166,0.2926589373770899,-0.23304038210066844,0.06790375143837556,-0.008285196161954077,0.06994801691270643,-0.010329461636284946
fold-001,posttraining/ridge/seed-44/real/klpo_mc,evaluation,posttraining,posttraining,ridge,klpo_mc,44,True,median,tabular/ridge-a10.0,20839,20,0.06024448623920401,0.004070105800292914,0.06018118677634048,0.004063778112470958,50,50,50,False,False,budget_exhausted,,,31250,,0.0,0.023615548998350278,8d97440f11aedb30963106e6dddba6a72039b14786780345e0cd57b9e30bb3b5,1646,20,0,0.004970574289735975,0.0012112235213339235,0.5063618369321112,1.0,-0.06772457682548488,-0.027089830730193956,False,0.35130961468887023,,612.3362057610066,0.014613358147947314,0.0456311280912567,0.2926589373770899,-0.23241445113788592,0.06790375143837556,-0.007659265199171546,0.07143903665768427,-0.011194550418480255
fold-001,posttraining/ridge/seed-44/real/mae,evaluation,posttraining,posttraining,ridge,mae,44,True,median,tabular/ridge-a10.0,20839,20,0.06790375143837556,0.005045922720859486,0.06793361113968294,0.0050510936547083,21,29,50,False,True,validation_plateau,,,18125,,0.0,0.018217281001852825,6b982b0540a95c5cc82c918d77caa60f24c1d9f7556fb810d91c66bf3015363a,1646,0,20,,,0.5063618369321112,1.0,-0.06772457682548488,-0.06772457682548488,True,0.12847421961625605,,316.165282567963,0.014613358147947314,0.05329039329042824,0.2926589373770899,-0.22475518593871435,0.06790375143837556,0.0,0.20447958327282717,-0.1365758318344516
fold-001,posttraining/ridge/seed-44/real/reinforce,evaluation,posttraining,posttraining,ridge,reinforce,44,True,median,tabular/ridge-a10.0,20839,20,0.06790375143837556,0.005045922720859486,0.06793361113968294,0.0050510936547083,23,31,50,False,True,validation_plateau,,,19375,,0.0,0.018127863993868232,986172f56d3a763a300062e38352dcfc9aefaf53caf4d64a023f6e56340528eb,1646,0,20,,,0.5063618369321112,1.0,-0.06772457682548488,-0.06772457682548488,True,0.09787888411506707,,356.54988833202515,0.014613358147947314,0.05329039329042824,0.2926589373770899,-0.22475518593871435,0.06790375143837556,0.0,0.22515591984702935,-0.1572521684086538
fold-001,posttraining/rnn/seed-42/real/expected,evaluation,posttraining,posttraining,rnn,expected,42,True,median,reference/US-natural/search/rnn-10-s42,20839,20,0.015011862181649228,0.0005168779526342183,0.015032804160933529,0.0005181172557598356,0,13,50,True,True,validation_plateau,,,8125,,0.0,0.032746890996349975,ff6f3fbe71bdd5bcc2f00f492732d2dfcef147d7adc0f1bf80746a1ee0551420,1646,20,0,0.004878206782241098,0.0009742853644334658,0.15148809805593427,0.30313707436957016,-0.027089830730193956,0.013544915365096971,True,0.0,,154.01248038001359,0.014613358147947314,0.0003985040337019137,0.014967653259647246,4.420892200198215e-05,0.015011862181649228,0.0,0.014967653259647246,4.420892200198215e-05
fold-001,posttraining/rnn/seed-42/real/klpo_exact,evaluation,posttraining,posttraining,rnn,klpo_exact,42,True,median,reference/US-natural/search/rnn-10-s42,20839,20,0.015011862181649228,0.0005168779526342183,0.015032804160933529,0.0005181172557598356,0,13,50,True,True,validation_plateau,,,8125,,0.0,0.02369488700060174,ff6f3fbe71bdd5bcc2f00f492732d2dfcef147d7adc0f1bf80746a1ee0551420,1646,20,0,0.004878206782241098,0.0009742853644334658,0.15148809805593427,0.30313707436957016,-0.027089830730193956,0.013544915365096971,True,0.0,,165.76300126302522,0.014613358147947314,0.0003985040337019137,0.014967653259647246,4.420892200198215e-05,0.015011862181649228,0.0,0.014967653259647246,4.420892200198215e-05
fold-001,posttraining/rnn/seed-42/real/klpo_full,evaluation,posttraining,posttraining,rnn,klpo_full,42,True,median,reference/US-natural/search/rnn-10-s42,20839,20,0.015011862181649228,0.0005168779526342183,0.015032804160933529,0.0005181172557598356,0,13,50,True,True,validation_plateau,,,8125,,0.0,0.023683266001171432,ff6f3fbe71bdd5bcc2f00f492732d2dfcef147d7adc0f1bf80746a1ee0551420,1646,20,0,0.004878206782241098,0.0009742853644334658,0.15148809805593427,0.30313707436957016,-0.027089830730193956,0.013544915365096971,True,0.0,,169.70554209902184,0.014613358147947314,0.0003985040337019137,0.014967653259647246,4.420892200198215e-05,0.015011862181649228,0.0,0.014967653259647246,4.420892200198215e-05
fold-001,posttraining/rnn/seed-42/real/klpo_mc,evaluation,posttraining,posttraining,rnn,klpo_mc,42,True,median,reference/US-natural/search/rnn-10-s42,20839,20,0.015011862181649228,0.0005168779526342183,0.015032804160933529,0.0005181172557598356,0,13,50,True,True,validation_plateau,,,8125,,0.0,0.023647078007343225,ff6f3fbe71bdd5bcc2f00f492732d2dfcef147d7adc0f1bf80746a1ee0551420,1646,20,0,0.004878206782241098,0.0009742853644334658,0.15148809805593427,0.30313707436957016,-0.027089830730193956,0.013544915365096971,True,0.0,,171.62036667001667,0.014613358147947314,0.0003985040337019137,0.014967653259647246,4.420892200198215e-05,0.015011862181649228,0.0,0.014967653259647246,4.420892200198215e-05
fold-001,posttraining/rnn/seed-42/real/mae,evaluation,posttraining,posttraining,rnn,mae,42,True,median,reference/US-natural/search/rnn-10-s42,20839,20,0.015011862181649228,0.0005168779526342183,0.015032804160933529,0.0005181172557598356,0,13,50,True,True,validation_plateau,,,8125,,0.0,0.024769006995484233,ff6f3fbe71bdd5bcc2f00f492732d2dfcef147d7adc0f1bf80746a1ee0551420,1646,20,0,0.004878206782241098,0.0009742853644334658,0.15148809805593427,0.30313707436957016,-0.027089830730193956,0.013544915365096971,True,0.0,,154.7066235319944,0.014613358147947314,0.0003985040337019137,0.014967653259647246,4.420892200198215e-05,0.015011862181649228,0.0,0.014967653259647246,4.420892200198215e-05
fold-001,posttraining/rnn/seed-42/real/neural_mae,evaluation,posttraining,posttraining,rnn,neural_mae,42,True,median,reference/US-natural/search/rnn-10-s42,20839,20,0.014640175316280379,0.0005050975021358926,0.014658405766544858,0.0005062861921321624,4,13,50,False,True,validation_plateau,,,8125,,0.0,0.020994933001929894,887b149d5eda66d7c2fe7872a5bcb13e9f1885eb5cab50f68cca34a384785d61,1646,9,11,-0.004973945048938756,0.007179604831330917,0.007217507463895127,0.014433339424767041,-0.0067724576825484925,0.006772457682548486,False,0.0203955490142107,,164.65056294499664,0.014613358147947314,2.681716833306466e-05,0.014967653259647246,-0.0003274779433668669,0.015011862181649228,-0.00037168686536884904,0.014643526906620487,-3.35159034010879e-06
fold-001,posttraining/rnn/seed-42/real/neural_mse,evaluation,posttraining,posttraining,rnn,neural_mse,42,True,median,reference/US-natural/search/rnn-10-s42,20839,20,0.0146327312890747,0.0005035597425571284,0.014652392171278669,0.0005048051622868558,10,18,50,False,True,validation_plateau,,,11250,,0.0,0.02344346500467509,df862ec88c5d6ee665ce0fbb665e8cb68a3ea54377e9815d0edc3951be1be392,1646,20,0,-0.004241244318846678,-0.0008598357724876344,0.021449025181106543,0.03736671135430557,-0.0067724576825484925,0.006772457682548486,False,0.020355566404759884,,218.93218888400588,0.014613358147947314,1.9373141127385432e-05,0.014967653259647246,-0.0003349219705725461,0.015011862181649228,-0.00037913089257452827,0.014701386304360905,-6.865501528620539e-05
fold-001,posttraining/rnn/seed-42/real/reinforce,evaluation,posttraining,posttraining,rnn,reinforce,42,True,median,reference/US-natural/search/rnn-10-s42,20839,20,0.015011862181649228,0.0005168779526342183,0.015032804160933529,0.0005181172557598356,0,13,50,True,True,validation_plateau,,,8125,,0.0,0.02400816700537689,ff6f3fbe71bdd5bcc2f00f492732d2dfcef147d7adc0f1bf80746a1ee0551420,1646,20,0,0.004878206782241098,0.0009742853644334658,0.15148809805593427,0.30313707436957016,-0.027089830730193956,0.013544915365096971,True,0.0,,167.47287921101088,0.014613358147947314,0.0003985040337019137,0.014967653259647246,4.420892200198215e-05,0.015011862181649228,0.0,0.014967653259647246,4.420892200198215e-05
fold-001,posttraining/rnn/seed-43/real/expected,evaluation,posttraining,posttraining,rnn,expected,43,True,median,reference/US-natural/search/rnn-10-s42,20839,20,0.015011862181649228,0.0005168779526342183,0.015032804160933529,0.0005181172557598356,0,13,50,True,True,validation_plateau,,,8125,,0.0,0.024788712995359674,ff6f3fbe71bdd5bcc2f00f492732d2dfcef147d7adc0f1bf80746a1ee0551420,1646,20,0,0.004878206782241098,0.0009742853644334658,0.15148809805593427,0.30313707436957016,-0.027089830730193956,0.013544915365096971,True,0.0,,160.59721315803472,0.014613358147947314,0.0003985040337019137,0.014967653259647246,4.420892200198215e-05,0.015011862181649228,0.0,0.014967653259647246,4.420892200198215e-05
fold-001,posttraining/rnn/seed-43/real/klpo_exact,evaluation,posttraining,posttraining,rnn,klpo_exact,43,True,median,reference/US-natural/search/rnn-10-s42,20839,20,0.015011862181649228,0.0005168779526342183,0.015032804160933529,0.0005181172557598356,0,13,50,True,True,validation_plateau,,,8125,,0.0,0.023971588001586497,ff6f3fbe71bdd5bcc2f00f492732d2dfcef147d7adc0f1bf80746a1ee0551420,1646,20,0,0.004878206782241098,0.0009742853644334658,0.15148809805593427,0.30313707436957016,-0.027089830730193956,0.013544915365096971,True,0.0,,160.19600835698657,0.014613358147947314,0.0003985040337019137,0.014967653259647246,4.420892200198215e-05,0.015011862181649228,0.0,0.014967653259647246,4.420892200198215e-05
fold-001,posttraining/rnn/seed-43/real/klpo_full,evaluation,posttraining,posttraining,rnn,klpo_full,43,True,median,reference/US-natural/search/rnn-10-s42,20839,20,0.015011862181649228,0.0005168779526342183,0.015032804160933529,0.0005181172557598356,0,13,50,True,True,validation_plateau,,,8125,,0.0,0.023652267991565168,ff6f3fbe71bdd5bcc2f00f492732d2dfcef147d7adc0f1bf80746a1ee0551420,1646,20,0,0.004878206782241098,0.0009742853644334658,0.15148809805593427,0.30313707436957016,-0.027089830730193956,0.013544915365096971,True,0.0,,172.80621252499986,0.014613358147947314,0.0003985040337019137,0.014967653259647246,4.420892200198215e-05,0.015011862181649228,0.0,0.014967653259647246,4.420892200198215e-05
fold-001,posttraining/rnn/seed-43/real/klpo_mc,evaluation,posttraining,posttraining,rnn,klpo_mc,43,True,median,reference/US-natural/search/rnn-10-s42,20839,20,0.015011862181649228,0.0005168779526342183,0.015032804160933529,0.0005181172557598356,0,13,50,True,True,validation_plateau,,,8125,,0.0,0.023995262003154494,ff6f3fbe71bdd5bcc2f00f492732d2dfcef147d7adc0f1bf80746a1ee0551420,1646,20,0,0.004878206782241098,0.0009742853644334658,0.15148809805593427,0.30313707436957016,-0.027089830730193956,0.013544915365096971,True,0.0,,165.56729872099822,0.014613358147947314,0.0003985040337019137,0.014967653259647246,4.420892200198215e-05,0.015011862181649228,0.0,0.014967653259647246,4.420892200198215e-05
fold-001,posttraining/rnn/seed-43/real/mae,evaluation,posttraining,posttraining,rnn,mae,43,True,median,reference/US-natural/search/rnn-10-s42,20839,20,0.015011862181649228,0.0005168779526342183,0.015032804160933529,0.0005181172557598356,0,13,50,True,True,validation_plateau,,,8125,,0.0,0.024640445000841282,ff6f3fbe71bdd5bcc2f00f492732d2dfcef147d7adc0f1bf80746a1ee0551420,1646,20,0,0.004878206782241098,0.0009742853644334658,0.15148809805593427,0.30313707436957016,-0.027089830730193956,0.013544915365096971,True,0.0,,150.45982105500298,0.014613358147947314,0.0003985040337019137,0.014967653259647246,4.420892200198215e-05,0.015011862181649228,0.0,0.014967653259647246,4.420892200198215e-05
fold-001,posttraining/rnn/seed-43/real/neural_mae,evaluation,posttraining,posttraining,rnn,neural_mae,43,True,median,reference/US-natural/search/rnn-10-s42,20839,20,0.014613702268761472,0.0005052318658898013,0.014632087445992651,0.0005063597068641409,2,13,50,False,True,validation_plateau,,,8125,,0.0,0.023221467999974266,64fa7d37ae4b25c7a3b52b0f36895cbddc939b50937df41681e49e8cde7384af,1646,19,1,0.0017688139487398117,-0.03159771469737854,0.0028415515057242163,0.004866832357259495,-0.0067724576825484925,0.006772457682548486,False,0.01680576056241989,,166.60911655804375,0.014613358147947314,3.4412081415836904e-07,0.014967653259647246,-0.0003539509908857732,0.015011862181649228,-0.00039815991288775533,0.014641641596787432,-2.7939328025959956e-05
fold-001,posttraining/rnn/seed-43/real/neural_mse,evaluation,posttraining,posttraining,rnn,neural_mse,43,True,median,reference/US-natural/search/rnn-10-s42,20839,20,0.014654683070461916,0.0005050305652256765,0.014673302383452614,0.0005062454617120446,4,13,50,False,True,validation_plateau,,,8125,,0.0,0.023102013001334853,03f5800ecab2876e775eb858d7506f24472703a7b6195c4939ac1f851b8adfda,1646,20,0,0.008123699286288281,0.008981669182831529,0.018080549390427806,0.0353489691179362,-0.0067724576825484925,0.006772457682548486,False,0.016727658454328775,,169.00677267904393,0.014613358147947314,4.1324922514601736e-05,0.014967653259647246,-0.0003129701891853298,0.015011862181649228,-0.00035717911118731197,0.014686605220357567,-3.192214989565165e-05
fold-001,posttraining/rnn/seed-43/real/reinforce,evaluation,posttraining,posttraining,rnn,reinforce,43,True,median,reference/US-natural/search/rnn-10-s42,20839,20,0.015011862181649228,0.0005168779526342183,0.015032804160933529,0.0005181172557598356,0,13,50,True,True,validation_plateau,,,8125,,0.0,0.024674619009601884,ff6f3fbe71bdd5bcc2f00f492732d2dfcef147d7adc0f1bf80746a1ee0551420,1646,20,0,0.004878206782241098,0.0009742853644334658,0.15148809805593427,0.30313707436957016,-0.027089830730193956,0.013544915365096971,True,0.0,,163.6168271920178,0.014613358147947314,0.0003985040337019137,0.014967653259647246,4.420892200198215e-05,0.015011862181649228,0.0,0.014967653259647246,4.420892200198215e-05
fold-001,posttraining/rnn/seed-44/real/expected,evaluation,posttraining,posttraining,rnn,expected,44,True,median,reference/US-natural/search/rnn-10-s42,20839,20,0.015011862181649228,0.0005168779526342183,0.015032804160933529,0.0005181172557598356,0,13,50,True,True,validation_plateau,,,8125,,0.0,0.023744341000565328,ff6f3fbe71bdd5bcc2f00f492732d2dfcef147d7adc0f1bf80746a1ee0551420,1646,20,0,0.004878206782241098,0.0009742853644334658,0.15148809805593427,0.30313707436957016,-0.027089830730193956,0.013544915365096971,True,0.0,,157.85896123899147,0.014613358147947314,0.0003985040337019137,0.014967653259647246,4.420892200198215e-05,0.015011862181649228,0.0,0.014967653259647246,4.420892200198215e-05
fold-001,posttraining/rnn/seed-44/real/klpo_exact,evaluation,posttraining,posttraining,rnn,klpo_exact,44,True,median,reference/US-natural/search/rnn-10-s42,20839,20,0.015011862181649228,0.0005168779526342183,0.015032804160933529,0.0005181172557598356,0,13,50,True,True,validation_plateau,,,8125,,0.0,0.024225303990533575,ff6f3fbe71bdd5bcc2f00f492732d2dfcef147d7adc0f1bf80746a1ee0551420,1646,20,0,0.004878206782241098,0.0009742853644334658,0.15148809805593427,0.30313707436957016,-0.027089830730193956,0.013544915365096971,True,0.0,,164.11489225795958,0.014613358147947314,0.0003985040337019137,0.014967653259647246,4.420892200198215e-05,0.015011862181649228,0.0,0.014967653259647246,4.420892200198215e-05
fold-001,posttraining/rnn/seed-44/real/klpo_full,evaluation,posttraining,posttraining,rnn,klpo_full,44,True,median,reference/US-natural/search/rnn-10-s42,20839,20,0.015011862181649228,0.0005168779526342183,0.015032804160933529,0.0005181172557598356,0,13,50,True,True,validation_plateau,,,8125,,0.0,0.023617842991370708,ff6f3fbe71bdd5bcc2f00f492732d2dfcef147d7adc0f1bf80746a1ee0551420,1646,20,0,0.004878206782241098,0.0009742853644334658,0.15148809805593427,0.30313707436957016,-0.027089830730193956,0.013544915365096971,True,0.0,,168.37391534098424,0.014613358147947314,0.0003985040337019137,0.014967653259647246,4.420892200198215e-05,0.015011862181649228,0.0,0.014967653259647246,4.420892200198215e-05
fold-001,posttraining/rnn/seed-44/real/klpo_mc,evaluation,posttraining,posttraining,rnn,klpo_mc,44,True,median,reference/US-natural/search/rnn-10-s42,20839,20,0.015011862181649228,0.0005168779526342183,0.015032804160933529,0.0005181172557598356,0,13,50,True,True,validation_plateau,,,8125,,0.0,0.024838266996084712,ff6f3fbe71bdd5bcc2f00f492732d2dfcef147d7adc0f1bf80746a1ee0551420,1646,20,0,0.004878206782241098,0.0009742853644334658,0.15148809805593427,0.30313707436957016,-0.027089830730193956,0.013544915365096971,True,0.0,,172.8698236659984,0.014613358147947314,0.0003985040337019137,0.014967653259647246,4.420892200198215e-05,0.015011862181649228,0.0,0.014967653259647246,4.420892200198215e-05
fold-001,posttraining/rnn/seed-44/real/mae,evaluation,posttraining,posttraining,rnn,mae,44,True,median,reference/US-natural/search/rnn-10-s42,20839,20,0.015011862181649228,0.0005168779526342183,0.015032804160933529,0.0005181172557598356,0,13,50,True,True,validation_plateau,,,8125,,0.0,0.024307288986165076,ff6f3fbe71bdd5bcc2f00f492732d2dfcef147d7adc0f1bf80746a1ee0551420,1646,20,0,0.004878206782241098,0.0009742853644334658,0.15148809805593427,0.30313707436957016,-0.027089830730193956,0.013544915365096971,True,0.0,,152.01745935902,0.014613358147947314,0.0003985040337019137,0.014967653259647246,4.420892200198215e-05,0.015011862181649228,0.0,0.014967653259647246,4.420892200198215e-05
fold-001,posttraining/rnn/seed-44/real/neural_mae,evaluation,posttraining,posttraining,rnn,neural_mae,44,True,median,reference/US-natural/search/rnn-10-s42,20839,20,0.014611104824781933,0.0005045369085507241,0.01462967014378282,0.0005057292436337515,4,13,50,False,True,validation_plateau,,,8125,,0.0,0.020948325007339008,d5150f839bcd4a3e1555467238aa9c59dfc7715374db6525df427b5113365aff,1646,6,14,0.021187116057465746,0.023340822275779965,0.0006003656611275185,0.0008031845425394488,-0.0067724576825484925,0.006772457682548486,False,0.02037534862756729,,164.46577133995015,0.014613358147947314,-2.253323165380544e-06,0.014967653259647246,-0.0003565484348653121,0.015011862181649228,-0.00040075735686729425,0.014633056948160139,-2.195212337820565e-05
fold-001,posttraining/rnn/seed-44/real/neural_mse,evaluation,posttraining,posttraining,rnn,neural_mse,44,True,median,reference/US-natural/search/rnn-10-s42,20839,20,0.014680098078466269,0.0005060131514152852,0.014698797483249176,0.0005072086339266726,5,13,50,False,True,validation_plateau,,,8125,,0.0,0.022577998010092415,33c57265ec6dd1da8a1cb29835c8dca778a6ee1afa303d326c22b2e68e3e350d,1646,15,5,0.0033328117756892153,0.011307661176286702,0.01941151387088453,0.040096568815560014,-0.0067724576825484925,0.006772457682548486,False,0.0168128227815032,,161.33079595398158,0.014613358147947314,6.673993051895498e-05,0.014967653259647246,-0.0002875551811809766,0.015011862181649228,-0.0003317641031829587,0.014670268771805722,9.829306660547044e-06
fold-001,posttraining/rnn/seed-44/real/reinforce,evaluation,posttraining,posttraining,rnn,reinforce,44,True,median,reference/US-natural/search/rnn-10-s42,20839,20,0.015011862181649228,0.0005168779526342183,0.015032804160933529,0.0005181172557598356,0,13,50,True,True,validation_plateau,,,8125,,0.0,0.024010620996705256,ff6f3fbe71bdd5bcc2f00f492732d2dfcef147d7adc0f1bf80746a1ee0551420,1646,20,0,0.004878206782241098,0.0009742853644334658,0.15148809805593427,0.30313707436957016,-0.027089830730193956,0.013544915365096971,True,0.0,,159.99895311397268,0.014613358147947314,0.0003985040337019137,0.014967653259647246,4.420892200198215e-05,0.015011862181649228,0.0,0.014967653259647246,4.420892200198215e-05
fold-001,posttraining/xgboost/seed-42/real/expected,evaluation,posttraining,posttraining,xgboost,expected,42,True,median,tabular/xgb-d3-b64-lr0.03-s42,20839,20,0.014613358147947314,0.0005046326583679745,0.014631835628770632,0.0005058218483762781,0,13,50,True,True,validation_plateau,,,8125,,0.0,0.0265928649896523,c69c5a8832c2db2914b752313f2840dbd79cb3950df1d650b46bb79c9a85a698,1646,0,20,,,0.0,0.0,0.0,0.0,True,0.0,,146.83608516299864,0.014613358147947314,0.0,0.014605080590431956,8.277557515357775e-06,0.014613358147947314,0.0,0.014605080590431956,8.277557515357775e-06
fold-001,posttraining/xgboost/seed-42/real/klpo_exact,evaluation,posttraining,posttraining,xgboost,klpo_exact,42,True,median,tabular/xgb-d3-b64-lr0.03-s42,20839,20,0.014613358147947314,0.0005046326583679745,0.014631835628770632,0.0005058218483762781,0,13,50,True,True,validation_plateau,,,8125,,0.0,0.01812488801078871,c69c5a8832c2db2914b752313f2840dbd79cb3950df1d650b46bb79c9a85a698,1646,0,20,,,0.0,0.0,0.0,0.0,True,0.0,,154.01251703698654,0.014613358147947314,0.0,0.014605080590431956,8.277557515357775e-06,0.014613358147947314,0.0,0.014605080590431956,8.277557515357775e-06
fold-001,posttraining/xgboost/seed-42/real/klpo_full,evaluation,posttraining,posttraining,xgboost,klpo_full,42,True,median,tabular/xgb-d3-b64-lr0.03-s42,20839,20,0.014613358147947314,0.0005046326583679745,0.014631835628770632,0.0005058218483762781,0,13,50,True,True,validation_plateau,,,8125,,0.0,0.01838612899882719,c69c5a8832c2db2914b752313f2840dbd79cb3950df1d650b46bb79c9a85a698,1646,0,20,,,0.0,0.0,0.0,0.0,True,0.0,,156.83029541099677,0.014613358147947314,0.0,0.014605080590431956,8.277557515357775e-06,0.014613358147947314,0.0,0.014605080590431956,8.277557515357775e-06
fold-001,posttraining/xgboost/seed-42/real/klpo_mc,evaluation,posttraining,posttraining,xgboost,klpo_mc,42,True,median,tabular/xgb-d3-b64-lr0.03-s42,20839,20,0.014613358147947314,0.0005046326583679745,0.014631835628770632,0.0005058218483762781,0,13,50,True,True,validation_plateau,,,8125,,0.0,0.0179626629978884,c69c5a8832c2db2914b752313f2840dbd79cb3950df1d650b46bb79c9a85a698,1646,0,20,,,0.0,0.0,0.0,0.0,True,0.0,,161.9669234859757,0.014613358147947314,0.0,0.014605080590431956,8.277557515357775e-06,0.014613358147947314,0.0,0.014605080590431956,8.277557515357775e-06
fold-001,posttraining/xgboost/seed-42/real/mae,evaluation,posttraining,posttraining,xgboost,mae,42,True,median,tabular/xgb-d3-b64-lr0.03-s42,20839,20,0.014613358147947314,0.0005046326583679745,0.014631835628770632,0.0005058218483762781,0,13,50,True,True,validation_plateau,,,8125,,0.0,0.0175995899917325,c69c5a8832c2db2914b752313f2840dbd79cb3950df1d650b46bb79c9a85a698,1646,0,20,,,0.0,0.0,0.0,0.0,True,0.0,,141.25549632601906,0.014613358147947314,0.0,0.014605080590431956,8.277557515357775e-06,0.014613358147947314,0.0,0.014605080590431956,8.277557515357775e-06
fold-001,posttraining/xgboost/seed-42/real/reinforce,evaluation,posttraining,posttraining,xgboost,reinforce,42,True,median,tabular/xgb-d3-b64-lr0.03-s42,20839,20,0.014613358147947314,0.0005046326583679745,0.014631835628770632,0.0005058218483762781,0,13,50,True,True,validation_plateau,,,8125,,0.0,0.018631851009558886,c69c5a8832c2db2914b752313f2840dbd79cb3950df1d650b46bb79c9a85a698,1646,0,20,,,0.0,0.0,0.0,0.0,True,0.0,,152.97637388302246,0.014613358147947314,0.0,0.014605080590431956,8.277557515357775e-06,0.014613358147947314,0.0,0.014605080590431956,8.277557515357775e-06
fold-001,posttraining/xgboost/seed-43/real/expected,evaluation,posttraining,posttraining,xgboost,expected,43,True,median,tabular/xgb-d3-b64-lr0.03-s42,20839,20,0.014613358147947314,0.0005046326583679745,0.014631835628770632,0.0005058218483762781,0,13,50,True,True,validation_plateau,,,8125,,0.0,0.018045718999928795,c69c5a8832c2db2914b752313f2840dbd79cb3950df1d650b46bb79c9a85a698,1646,0,20,,,0.0,0.0,0.0,0.0,True,0.0,,150.21434833400417,0.014613358147947314,0.0,0.014605080590431956,8.277557515357775e-06,0.014613358147947314,0.0,0.014605080590431956,8.277557515357775e-06
fold-001,posttraining/xgboost/seed-43/real/klpo_exact,evaluation,posttraining,posttraining,xgboost,klpo_exact,43,True,median,tabular/xgb-d3-b64-lr0.03-s42,20839,20,0.014613358147947314,0.0005046326583679745,0.014631835628770632,0.0005058218483762781,0,13,50,True,True,validation_plateau,,,8125,,0.0,0.017984424994210713,c69c5a8832c2db2914b752313f2840dbd79cb3950df1d650b46bb79c9a85a698,1646,0,20,,,0.0,0.0,0.0,0.0,True,0.0,,152.43191389000276,0.014613358147947314,0.0,0.014605080590431956,8.277557515357775e-06,0.014613358147947314,0.0,0.014605080590431956,8.277557515357775e-06
fold-001,posttraining/xgboost/seed-43/real/klpo_full,evaluation,posttraining,posttraining,xgboost,klpo_full,43,True,median,tabular/xgb-d3-b64-lr0.03-s42,20839,20,0.014613358147947314,0.0005046326583679745,0.014631835628770632,0.0005058218483762781,0,13,50,True,True,validation_plateau,,,8125,,0.0,0.01751152599172201,c69c5a8832c2db2914b752313f2840dbd79cb3950df1d650b46bb79c9a85a698,1646,0,20,,,0.0,0.0,0.0,0.0,True,0.0,,157.01148945000023,0.014613358147947314,0.0,0.014605080590431956,8.277557515357775e-06,0.014613358147947314,0.0,0.014605080590431956,8.277557515357775e-06
fold-001,posttraining/xgboost/seed-43/real/klpo_mc,evaluation,posttraining,posttraining,xgboost,klpo_mc,43,True,median,tabular/xgb-d3-b64-lr0.03-s42,20839,20,0.014613358147947314,0.0005046326583679745,0.014631835628770632,0.0005058218483762781,0,13,50,True,True,validation_plateau,,,8125,,0.0,0.01774939200549852,c69c5a8832c2db2914b752313f2840dbd79cb3950df1d650b46bb79c9a85a698,1646,0,20,,,0.0,0.0,0.0,0.0,True,0.0,,159.94641484698514,0.014613358147947314,0.0,0.014605080590431956,8.277557515357775e-06,0.014613358147947314,0.0,0.014605080590431956,8.277557515357775e-06
fold-001,posttraining/xgboost/seed-43/real/mae,evaluation,posttraining,posttraining,xgboost,mae,43,True,median,tabular/xgb-d3-b64-lr0.03-s42,20839,20,0.014613358147947314,0.0005046326583679745,0.014631835628770632,0.0005058218483762781,0,13,50,True,True,validation_plateau,,,8125,,0.0,0.018091535996063612,c69c5a8832c2db2914b752313f2840dbd79cb3950df1d650b46bb79c9a85a698,1646,0,20,,,0.0,0.0,0.0,0.0,True,0.0,,141.90936214703834,0.014613358147947314,0.0,0.014605080590431956,8.277557515357775e-06,0.014613358147947314,0.0,0.014605080590431956,8.277557515357775e-06
fold-001,posttraining/xgboost/seed-43/real/reinforce,evaluation,posttraining,posttraining,xgboost,reinforce,43,True,median,tabular/xgb-d3-b64-lr0.03-s42,20839,20,0.014613358147947314,0.0005046326583679745,0.014631835628770632,0.0005058218483762781,0,13,50,True,True,validation_plateau,,,8125,,0.0,0.018404944989015348,c69c5a8832c2db2914b752313f2840dbd79cb3950df1d650b46bb79c9a85a698,1646,0,20,,,0.0,0.0,0.0,0.0,True,0.0,,150.45204363396624,0.014613358147947314,0.0,0.014605080590431956,8.277557515357775e-06,0.014613358147947314,0.0,0.014605080590431956,8.277557515357775e-06
fold-001,posttraining/xgboost/seed-44/real/expected,evaluation,posttraining,posttraining,xgboost,expected,44,True,median,tabular/xgb-d3-b64-lr0.03-s42,20839,20,0.014613358147947314,0.0005046326583679745,0.014631835628770632,0.0005058218483762781,0,13,50,True,True,validation_plateau,,,8125,,0.0,0.018117644998710603,c69c5a8832c2db2914b752313f2840dbd79cb3950df1d650b46bb79c9a85a698,1646,0,20,,,0.0,0.0,0.0,0.0,True,0.0,,152.8370312929619,0.014613358147947314,0.0,0.014605080590431956,8.277557515357775e-06,0.014613358147947314,0.0,0.014605080590431956,8.277557515357775e-06
fold-001,posttraining/xgboost/seed-44/real/klpo_exact,evaluation,posttraining,posttraining,xgboost,klpo_exact,44,True,median,tabular/xgb-d3-b64-lr0.03-s42,20839,20,0.014613358147947314,0.0005046326583679745,0.014631835628770632,0.0005058218483762781,0,13,50,True,True,validation_plateau,,,8125,,0.0,0.017823040005168878,c69c5a8832c2db2914b752313f2840dbd79cb3950df1d650b46bb79c9a85a698,1646,0,20,,,0.0,0.0,0.0,0.0,True,0.0,,159.02043973695254,0.014613358147947314,0.0,0.014605080590431956,8.277557515357775e-06,0.014613358147947314,0.0,0.014605080590431956,8.277557515357775e-06
fold-001,posttraining/xgboost/seed-44/real/klpo_full,evaluation,posttraining,posttraining,xgboost,klpo_full,44,True,median,tabular/xgb-d3-b64-lr0.03-s42,20839,20,0.014613358147947314,0.0005046326583679745,0.014631835628770632,0.0005058218483762781,0,13,50,True,True,validation_plateau,,,8125,,0.0,0.017645666986936703,c69c5a8832c2db2914b752313f2840dbd79cb3950df1d650b46bb79c9a85a698,1646,0,20,,,0.0,0.0,0.0,0.0,True,0.0,,158.8888767589815,0.014613358147947314,0.0,0.014605080590431956,8.277557515357775e-06,0.014613358147947314,0.0,0.014605080590431956,8.277557515357775e-06
fold-001,posttraining/xgboost/seed-44/real/klpo_mc,evaluation,posttraining,posttraining,xgboost,klpo_mc,44,True,median,tabular/xgb-d3-b64-lr0.03-s42,20839,20,0.014613358147947314,0.0005046326583679745,0.014631835628770632,0.0005058218483762781,0,13,50,True,True,validation_plateau,,,8125,,0.0,0.017949698987649754,c69c5a8832c2db2914b752313f2840dbd79cb3950df1d650b46bb79c9a85a698,1646,0,20,,,0.0,0.0,0.0,0.0,True,0.0,,167.8568375799805,0.014613358147947314,0.0,0.014605080590431956,8.277557515357775e-06,0.014613358147947314,0.0,0.014605080590431956,8.277557515357775e-06
fold-001,posttraining/xgboost/seed-44/real/mae,evaluation,posttraining,posttraining,xgboost,mae,44,True,median,tabular/xgb-d3-b64-lr0.03-s42,20839,20,0.014613358147947314,0.0005046326583679745,0.014631835628770632,0.0005058218483762781,0,13,50,True,True,validation_plateau,,,8125,,0.0,0.018773346993839368,c69c5a8832c2db2914b752313f2840dbd79cb3950df1d650b46bb79c9a85a698,1646,0,20,,,0.0,0.0,0.0,0.0,True,0.0,,151.00271117896773,0.014613358147947314,0.0,0.014605080590431956,8.277557515357775e-06,0.014613358147947314,0.0,0.014605080590431956,8.277557515357775e-06
fold-001,posttraining/xgboost/seed-44/real/reinforce,evaluation,posttraining,posttraining,xgboost,reinforce,44,True,median,tabular/xgb-d3-b64-lr0.03-s42,20839,20,0.014613358147947314,0.0005046326583679745,0.014631835628770632,0.0005058218483762781,0,13,50,True,True,validation_plateau,,,8125,,0.0,0.017930642992723733,c69c5a8832c2db2914b752313f2840dbd79cb3950df1d650b46bb79c9a85a698,1646,0,20,,,0.0,0.0,0.0,0.0,True,0.0,,152.76195038302103,0.014613358147947314,0.0,0.014605080590431956,8.277557515357775e-06,0.014613358147947314,0.0,0.014605080590431956,8.277557515357775e-06
fold-001,reference/US-natural/posttraining/dlinear-mae-s42,evaluation,reference,posttraining,dlinear,reference_mae,42,True,continuous,reference/US-natural/search/dlinear-10-s42,20839,20,0.0149672525608742,0.0005135168634891753,0.014972615982126593,0.0005143095583863727,1,5,5,False,False,,,,1380,128.97271006699884,0.0,0.024248628003988415,d67db29e058246311db3367cd51272d941bf0dce49efc3cdd29b506fa300567e,1646,20,0,0.029595485219540207,0.02778462012757698,0.5135836039185261,1.0,-0.01736912503838539,0.013483554124832153,,,,,0.014613358147947314,0.0003538944129268858,0.01509634545655127,-0.00012909289567706976,,,,
fold-001,reference/US-natural/posttraining/dlinear-mae-s43,evaluation,reference,posttraining,dlinear,reference_mae,43,True,continuous,reference/US-natural/finalist/dlinear-s43,20839,20,0.014834011250424717,0.0005112924905257236,0.014848951606363847,0.000512369615988197,4,5,5,False,False,,,,1380,129.68363729596604,0.0,0.024004137987503782,8e8665e0d2508a6c3c2609dca9d1c58caedb0cd4cfbd1d2a32c49988fcee4af7,1646,20,0,-0.0010469400001090865,-0.0013390278405907073,0.5017515058603129,1.0,-0.015798313543200493,0.007534296717494726,,,,,0.014613358147947314,0.00022065310247740277,0.015028134243645273,-0.00019412299322055585,,,,
fold-001,reference/US-natural/posttraining/dlinear-mae-s44,evaluation,reference,posttraining,dlinear,reference_mae,44,True,continuous,reference/US-natural/finalist/dlinear-s44,20839,20,0.014762011169990399,0.0005072815573563887,0.014781766508292674,0.0005086021954626627,5,5,5,False,False,,,,1380,129.21702142897993,0.0,0.023707380998530425,e8b90179df7da3962062a4ed32a341478bd3b0205c9d8a101a2a9e2665794216,1646,20,0,0.01491401512382536,0.011611432682789294,0.5168364261966576,1.0,-0.01747010461986065,0.009980984032154083,,,,,0.014613358147947314,0.0001486530220430847,0.015223047151187849,-0.00046103598119744994,,,,
fold-001,reference/US-natural/posttraining/dlinear-mse-s42,evaluation,reference,posttraining,dlinear,reference_mse,42,True,continuous,reference/US-natural/search/dlinear-10-s42,20839,20,0.01509634545655127,0.0005183190181736856,0.01510663967444637,0.0005193576954927138,0,5,5,True,False,,,,1380,128.23068891599542,0.0,0.024343447003047913,cb8c537421bf81406fcce32a9455a04f50ffd668fa94c03ce38c08ed4e9e4cfc,1646,20,0,-0.007968742240946947,-0.00010120421237613208,0.5164153002436822,1.0,-0.019170572981238365,0.015042614191770554,,,,,0.014613358147947314,0.0004829873086039556,0.01509634545655127,0.0,,,,
fold-001,reference/US-natural/posttraining/dlinear-mse-s43,evaluation,reference,posttraining,dlinear,reference_mse,43,True,continuous,reference/US-natural/finalist/dlinear-s43,20839,20,0.015028134243645273,0.0005189947112978563,0.015044361644668382,0.0005200597237969224,0,5,5,True,False,,,,1380,128.74714953399962,0.0,0.02453234100539703,3bf2bcdb45d766f6ce42ba26802f2312dbc0b855f9281ee6e86ed2099c2c3465,1646,20,0,-0.02817593038519941,-0.02135679312865483,0.4920148545444046,1.0,-0.020736368373036385,0.011465277522802353,,,,,0.014613358147947314,0.0004147760956979586,0.015028134243645273,0.0,,,,
fold-001,reference/US-natural/posttraining/dlinear-mse-s44,evaluation,reference,posttraining,dlinear,reference_mse,44,True,continuous,reference/US-natural/finalist/dlinear-s44,20839,20,0.015223047151187849,0.00052451283450037,0.015243405930569316,0.0005259309910109751,0,5,5,True,False,,,,1380,129.40825021697674,0.0,0.023920562001876533,92086e73199feb2f1e4a3ca7bbddf1ce36dd9817684d9b7b34ad6fe894ec8495,1646,20,0,-0.016974718032542198,-0.012634987294124858,0.50378615383197,1.0,-0.02179567702114582,0.01420736312866211,,,,,0.014613358147947314,0.0006096890032405346,0.015223047151187849,0.0,,,,
fold-001,reference/US-natural/posttraining/gru-mae-s42,evaluation,reference,posttraining,gru,reference_mae,42,True,continuous,reference/US-natural/search/gru-10-s42,20839,20,0.014841231119164489,0.0005125555655868151,0.014861171476255125,0.0005138518628426981,3,5,5,False,False,,,,1380,134.5360511370236,0.0,0.023433235997799784,988b81374436925908dac8606f06ae7af07cc60c07ae73635e9c1a80726a57d2,1646,20,0,-0.024510744736926653,-0.019304009361887843,0.49927153415451136,1.0,-0.016186317428946495,0.00991618912667036,,,,,0.014613358147947314,0.00022787297121717488,0.014940630020168794,-9.93989010043047e-05,,,,
fold-001,reference/US-natural/posttraining/gru-mae-s43,evaluation,reference,posttraining,gru,reference_mae,43,True,continuous,reference/US-natural/finalist/gru-s43,20839,20,0.014830312896034065,0.0005119192799624429,0.014847869196749538,0.0005130627433215185,2,5,5,False,False,,,,1380,135.53064139198978,0.0,0.02460126200458035,5b203352d6d99e38cca95ebd4eb1fb4311a22bc2329c2bf71f3d6fbbf1f7f7b7,1646,20,0,0.015044519803729828,0.01215413588830264,0.500932192240686,1.0,-0.014862190000712872,0.008466768078505993,,,,,0.014613358147947314,0.00021695474808675064,0.015097715935036499,-0.00026740303900243435,,,,
fold-001,reference/US-natural/posttraining/gru-mae-s44,evaluation,reference,posttraining,gru,reference_mae,44,True,continuous,reference/US-natural/finalist/gru-s44,20839,20,0.014854103982948882,0.0005095761050768928,0.014874553022664397,0.0005110084488316512,5,5,5,False,False,,,,1380,135.21770019899122,0.0,0.02429232999566011,03fffbabc1477549f2fcc6589500675cc2d9ee645a24fedd4cc0916ba7e45e17,1646,20,0,0.005163083182024308,0.004220265361920345,0.5043603228205177,1.0,-0.014311449602246284,0.009486604481935501,,,,,0.014613358147947314,0.00024074583500156843,0.01518034365252682,-0.00032623966957793724,,,,
fold-001,reference/US-natural/posttraining/gru-mse-s42,evaluation,reference,posttraining,gru,reference_mse,42,True,continuous,reference/US-natural/search/gru-10-s42,20839,20,0.01490893650849456,0.000515306097592767,0.014927854800115917,0.0005164919688634777,4,5,5,False,False,,,,1380,134.67280712199863,0.0,0.023803771997336298,dc4a08c95383f0a8933d9c4f21b3db8a8d40c69a4d42616997c71b3b8d591ca4,1646,20,0,-0.013542752953081005,-0.010723525743283512,0.5012328145787276,1.0,-0.016806600615382195,0.013083599507808685,,,,,0.014613358147947314,0.00029557836054724604,0.014940630020168794,-3.169351167423354e-05,,,,
fold-001,reference/US-natural/posttraining/gru-mse-s43,evaluation,reference,posttraining,gru,reference_mse,43,True,continuous,reference/US-natural/finalist/gru-s43,20839,20,0.014970607994397658,0.0005174119333304239,0.014987590758980889,0.0005185198289742769,2,5,5,False,False,,,,1380,134.28669114300283,0.0,0.024021652003284544,3adaa402248be008edc4a172fe4c15d548f7cb60d89135aa04ba989d96ffc8e6,1646,20,0,-0.0009942507696264979,-0.0036365835942361916,0.4911698158934364,1.0,-0.016509048640727997,0.01216269750148058,,,,,0.014613358147947314,0.0003572498464503443,0.015097715935036499,-0.0001271079406388407,,,,
fold-001,reference/US-natural/posttraining/gru-mse-s44,evaluation,reference,posttraining,gru,reference_mse,44,True,continuous,reference/US-natural/finalist/gru-s44,20839,20,0.014981002180870211,0.0005140331589232319,0.015003367435357967,0.0005155777424212493,5,5,5,False,False,,,,1380,134.8662352769752,0.0,0.024512764997780323,18ca384082a502d6e8dc2108d6c061225f1bb783dc9aafb5381939ebf4917777,1646,20,0,0.012308539874385127,0.009013853968937459,0.5037992506899909,1.0,-0.02387768030166626,0.012621182948350906,,,,,0.014613358147947314,0.00036764403292289735,0.01518034365252682,-0.00019934147165660832,,,,
fold-001,reference/US-natural/posttraining/lstm-mae-s42,evaluation,reference,posttraining,lstm,reference_mae,42,True,continuous,reference/US-natural/search/lstm-00-s42,20839,20,0.01595276087161896,0.0005540986899766604,0.015952554379167674,0.000554819691527105,0,5,5,True,False,,,,1380,132.116261563031,0.0,0.024396385997533798,7737f6ee817bdf66b22cb55ca31eec68c96b69aa889204c596d29fc57b76feed,1646,20,0,-0.004510711150775911,0.010400935408538228,0.5057897455809468,1.0,-0.027074255049228668,0.017103776335716248,,,,,0.014613358147947314,0.0013394027236716469,0.01595276087161896,0.0,,,,
fold-001,reference/US-natural/posttraining/lstm-mae-s43,evaluation,reference,posttraining,lstm,reference_mae,43,True,continuous,reference/US-natural/finalist/lstm-s43,20839,20,0.015210177504914647,0.0005253278591176756,0.015235533052828857,0.0005268617058729174,0,5,5,True,False,,,,1380,133.02307436498813,0.0,0.024229734000982717,32e2228690556e33fb490b86057af56988d4cad28f7ff1450d9cb6e5399e2d96,1646,20,0,-0.007485488196208612,-0.0001525182844182778,0.493654272653845,1.0,-0.026219815015792847,0.018113218247890472,,,,,0.014613358147947314,0.0005968193569673326,0.015210177504914647,0.0,,,,
fold-001,reference/US-natural/posttraining/lstm-mae-s44,evaluation,reference,posttraining,lstm,reference_mae,44,True,continuous,reference/US-natural/finalist/lstm-s44,20839,20,0.014858670764189622,0.0005098566548972732,0.01487659437299433,0.0005111407382696383,3,5,5,False,False,,,,1380,132.03723629401065,0.0,0.024549823996494524,686221b7d2f5737e58957259d3de36a7f7aac68f54413d289fb48c422f5342b8,1646,20,0,-0.012061971078160053,0.00024975609115256386,0.5115863212175895,0.9999504459861249,-0.016439467668533325,0.019317179918289185,,,,,0.014613358147947314,0.0002453126162423082,0.01485671450009142,1.956264098202515e-06,,,,
fold-001,reference/US-natural/posttraining/lstm-mse-s42,evaluation,reference,posttraining,lstm,reference_mse,42,True,continuous,reference/US-natural/search/lstm-00-s42,20839,20,0.01595276087161896,0.0005540986899766604,0.015952554379167674,0.000554819691527105,0,5,5,True,False,,,,1380,131.76394939498277,0.0,0.024428275995887816,7737f6ee817bdf66b22cb55ca31eec68c96b69aa889204c596d29fc57b76feed,1646,20,0,-0.004510711150775911,0.010400935408538228,0.5057897455809468,1.0,-0.027074255049228668,0.017103776335716248,,,,,0.014613358147947314,0.0013394027236716469,0.01595276087161896,0.0,,,,
fold-001,reference/US-natural/posttraining/lstm-mse-s43,evaluation,reference,posttraining,lstm,reference_mse,43,True,continuous,reference/US-natural/finalist/lstm-s43,20839,20,0.015210177504914647,0.0005253278591176756,0.015235533052828857,0.0005268617058729174,0,5,5,True,False,,,,1380,132.59713655500673,0.0,0.024251713999547064,32e2228690556e33fb490b86057af56988d4cad28f7ff1450d9cb6e5399e2d96,1646,20,0,-0.007485488196208612,-0.0001525182844182778,0.493654272653845,1.0,-0.026219815015792847,0.018113218247890472,,,,,0.014613358147947314,0.0005968193569673326,0.015210177504914647,0.0,,,,
fold-001,reference/US-natural/posttraining/lstm-mse-s44,evaluation,reference,posttraining,lstm,reference_mse,44,True,continuous,reference/US-natural/finalist/lstm-s44,20839,20,0.01485671450009142,0.0005096309638483834,0.014876580543445614,0.0005110623430916883,0,5,5,True,False,,,,1380,133.4963539460441,0.0,0.02422756899613887,ac29df055f99bd8c9ade30e3d7f30e7dd6fe993f664bf41b6f51857e3833a2b4,1646,20,0,-0.005545467674962533,0.007741632611457275,0.5110762570974361,1.0,-0.017980337142944336,0.022052884101867676,,,,,0.014613358147947314,0.00024335635214410567,0.01485671450009142,0.0,,,,
fold-001,reference/US-natural/posttraining/rnn-mae-s42,evaluation,reference,posttraining,rnn,reference_mae,42,True,continuous,reference/US-natural/search/rnn-10-s42,20839,20,0.01490298167965905,0.0005133475620613655,0.01492095138610981,0.0005145615126944923,5,5,5,False,False,,,,1380,132.9285373869934,0.0,0.02434524000273086,d1174bc93610295cd7e8980682d0b00752bb78582b44601113067f882753ef35,1646,20,0,-0.03595425634384469,-0.031310368870841654,0.4950654803252121,1.0,-0.01874413527548313,0.007098384201526642,,,,,0.014613358147947314,0.0002896235317117364,0.014967653259647246,-6.467157998819514e-05,,,,
fold-001,reference/US-natural/posttraining/rnn-mae-s43,evaluation,reference,posttraining,rnn,reference_mae,43,True,continuous,reference/US-natural/finalist/rnn-s43,20839,20,0.01484046366190723,0.0005119353579597188,0.014853454520348312,0.0005128903602534149,2,5,5,False,False,,,,1380,133.7979638929828,0.0,0.02440433099400252,e3376838b6e41a886952baae303034691b27437fe8eeb2f8b6c6e6824dd51b6b,1646,20,0,0.027582706373945703,0.017497214791879597,0.5241633252350335,1.0,-0.021678581833839417,0.008259940892457962,,,,,0.014613358147947314,0.0002271055139599163,0.015024256494943882,-0.00018379283303665214,,,,
fold-001,reference/US-natural/posttraining/rnn-mae-s44,evaluation,reference,posttraining,rnn,reference_mae,44,True,continuous,reference/US-natural/finalist/rnn-s44,20839,20,0.014871753310186022,0.0005123270987173886,0.014887167758368906,0.0005134342113428213,4,5,5,False,False,,,,1380,132.65627662301995,0.0,0.02359090199752245,d316e27737062d8ead5734dbce69237379e8a3b287df074604adba0eff1adbd8,1646,20,0,-0.022783557531266412,-0.008689297646056433,0.4845726441765805,1.0,-0.011631524190306664,0.013671314343810081,,,,,0.014613358147947314,0.0002583951622387084,0.01513877983706885,-0.00026702652688282737,,,,
fold-001,reference/US-natural/posttraining/rnn-mse-s42,evaluation,reference,posttraining,rnn,reference_mse,42,True,continuous,reference/US-natural/search/rnn-10-s42,20839,20,0.014967653259647246,0.0005150293993955626,0.014987410437243477,0.0005162866583937361,0,5,5,True,False,,,,1380,132.41327684302814,0.0,0.02395293299923651,2a569205788d0132e3f792c99155ff227432ac3accf25b7f431770a3092e8932,1646,20,0,-0.0025360395334585685,-0.003951657404931771,0.49842589518607977,1.0,-0.02444883994758129,0.011663936078548431,,,,,0.014613358147947314,0.00035429511169993155,0.014967653259647246,0.0,,,,
fold-001,reference/US-natural/posttraining/rnn-mse-s43,evaluation,reference,posttraining,rnn,reference_mse,43,True,continuous,reference/US-natural/finalist/rnn-s43,20839,20,0.015024256494943882,0.0005178465515557871,0.01504161183041297,0.0005190753705541239,0,5,5,True,False,,,,1380,131.70945542497793,0.0,0.023985324005479924,eb49a90f54a92c800494b32f61f5210f1b719c7d875261a5d005e2108d4a44cd,1646,20,0,-0.01905825616443676,-0.01951634207392945,0.5103714388466092,1.0,-0.02767433226108551,0.008445069193840027,,,,,0.014613358147947314,0.00041089834699656845,0.015024256494943882,0.0,,,,
fold-001,reference/US-natural/posttraining/rnn-mse-s44,evaluation,reference,posttraining,rnn,reference_mse,44,True,continuous,reference/US-natural/finalist/rnn-s44,20839,20,0.014941343722857053,0.0005155293661088601,0.014955058628694165,0.0005166205240297805,4,5,5,False,False,,,,1380,133.43743196997093,0.0,0.024038233008468524,4ee3370ce465ff6c4680af7c0fd2df4de802cebf43c0227992211bbb478a1781,1646,20,0,-0.027934088602535174,-0.018260834798239624,0.4920021565746936,1.0,-0.014300383627414703,0.014819322153925896,,,,,0.014613358147947314,0.000327985574909739,0.01513877983706885,-0.00019743611421179676,,,,
fold-002,reference/US-natural/finalist/dlinear-s43,calibration,reference,finalist,dlinear,reference,43,True,continuous,,20839,20,0.015031904658915607,0.0005180433741853779,0.015056505730425518,0.0005195333393465445,18,28,100,,True,validation_plateau,,,8848,558.6262514249538,,0.024337226001080126,9c7782b94e47ea9ef94e928f7def65e9ceda204c012dc266726b8bb250ac56a0,1646,20,0,-0.011158793338346486,-0.007856546541703925,0.5021873292642176,1.0,-0.015489595010876656,0.01881665363907814,,,,,0.014613358147947314,0.0004185465109682925,0.015031904658915607,,,,,
fold-002,reference/US-natural/finalist/dlinear-s44,calibration,reference,finalist,dlinear,reference,44,True,continuous,,20839,20,0.015366801005441064,0.0005320287909709061,0.015363566566535633,0.0005324027639614303,12,22,100,,True,validation_plateau,,,6952,446.5385407030117,,0.024849838999216445,da45f99b92f5b10cee9d2db033f9a71f976cb8aa22667400e3051cc30879f446,1646,20,0,0.009704124660588818,0.0040773550774184444,0.5003510398903539,1.0,-0.01582522690296173,0.024202555418014526,,,,,0.014613358147947314,0.0007534428574937496,0.015366801005441064,,,,,
fold-002,reference/US-natural/finalist/gru-s43,calibration,reference,finalist,gru,reference,43,True,continuous,,20839,20,0.015096578590813346,0.0005215681906306352,0.015109002376251434,0.0005225671472189425,34,44,100,,True,validation_plateau,,,13904,903.0880026979721,,0.024684236996108666,1f8a51492402ab868bb46097a31d49f2098dbb500e192df73b40e003899422c7,1646,20,0,0.0068182636659171875,-0.0010501889873421166,0.497875444560151,1.0,-0.01620064489543438,0.01265626773238182,,,,,0.014613358147947314,0.0004832204428660315,0.015096578590813346,,,,,
fold-002,reference/US-natural/finalist/gru-s44,calibration,reference,finalist,gru,reference,44,True,continuous,,20839,20,0.015295510988462411,0.0005249324248622872,0.01529698955884416,0.000525719810061786,23,33,100,,True,validation_plateau,,,10428,687.9921726239845,,0.024915713001973927,b55233089106eebcdbb83ddb654e09604ef065b3150988d3aa9f61e39cbbef00,1646,20,0,0.017199540799155137,0.008734564713616975,0.5065457781821684,1.0,-0.023008979856967926,0.024168290197849274,,,,,0.014613358147947314,0.0006821528405150969,0.015295510988462411,,,,,
fold-002,reference/US-natural/finalist/lstm-s43,calibration,reference,finalist,lstm,reference,43,True,continuous,,20839,20,0.014984684738814799,0.0005166930366024169,0.014997998828185493,0.0005177656516312608,25,35,100,,True,validation_plateau,,,11060,703.9752600470092,,0.025369114999193698,ded85173df0989c3a91901ed93d2bdbbc3340dbd3a509c42d06f64f5f71dfefa,1646,20,0,-0.026675819408587743,-0.0195994581264635,0.5030158720519887,1.0,-0.01861117035150528,0.010750778019428253,,,,,0.014613358147947314,0.0003713265908674851,0.014984684738814799,,,,,
fold-002,reference/US-natural/finalist/lstm-s44,calibration,reference,finalist,lstm,reference,44,True,continuous,,20839,20,0.01505388082873639,0.0005190114791583967,0.015081897677206474,0.0005206605380686963,16,26,100,,True,validation_plateau,,,8216,540.709005709039,,0.024772261996986344,558050141cada5a84afaa367c8401c4db4eaabd38c60e596fcb308663d978d43,1646,20,0,-0.015830646980860237,-0.01803492440962976,0.49281328139414704,1.0,-0.020704559981822968,0.011560201644897461,,,,,0.014613358147947314,0.00044052268078907664,0.01505388082873639,,,,,
fold-002,reference/US-natural/finalist/rnn-s43,calibration,reference,finalist,rnn,reference,43,True,continuous,,20839,20,0.01482849580057392,0.0005125027797568648,0.014849306381057992,0.0005137538660870359,30,40,100,,True,validation_plateau,,,12640,777.4638499930152,,0.0249485850072233,06a8b46b1505ef10e62cc9b8ad60338647e74cc9f4a7e42fdcacdc32b4d72a08,1646,20,0,0.011967097392900437,-0.0027672598326730974,0.5105656855106236,1.0,-0.02400755137205124,0.010674163699150085,,,,,0.014613358147947314,0.0002151376526266062,0.01482849580057392,,,,,
fold-002,reference/US-natural/finalist/rnn-s44,calibration,reference,finalist,rnn,reference,44,True,continuous,,20839,20,0.014975021490047308,0.0005188236629792879,0.014986185997845137,0.0005196638531516331,42,52,100,,True,validation_plateau,,,16432,1001.2761563659878,,0.02502242299669888,40906b8881319ec37083e510ef2931971992e064077b2344b41b1f242cec31be,1646,20,0,-0.020173182763017206,-0.01624832197289486,0.4793086034387337,1.0,-0.014449379406869411,0.010862544178962708,,,,,0.014613358147947314,0.0003616633420999941,0.014975021490047308,,,,,
fold-002,reference/US-natural/search/dlinear-00-s42,calibration,reference,search,dlinear,reference,42,False,continuous,,20839,20,0.014845923641260934,0.0005089359101741665,0.014865178713581027,0.0005103222373428472,29,39,100,,True,validation_plateau,,,12324,742.3380200790125,,0.025364076005644165,ed41d774df60480d925692368ee8ebf8484abe78e3a59b08f0a2052f252f9f16,1646,20,0,0.006782676927435777,0.008654547320678944,0.5195576948410825,1.0,-0.02695249766111374,0.016765423119068146,,,,,0.014613358147947314,0.00023256549331361967,0.014845923641260934,,,,,
fold-002,reference/US-natural/search/dlinear-10-s42,calibration,reference,search,dlinear,reference,42,True,continuous,,20839,20,0.014888052308790431,0.0005116152075359453,0.014907134779350378,0.0005129546192098257,19,29,100,,True,validation_plateau,,,9164,559.2511674939888,,0.024832114999298938,94d74962ec3dde06e92332a1a0d725aeb1963a8b8e8e05e54dbd44aeed023911,1646,20,0,0.00020811071158829156,0.0038739093116912427,0.5076099660774547,1.0,-0.021652378141880035,0.014585908502340317,,,,,0.014613358147947314,0.0002746941608431173,0.014888052308790431,,,,,
fold-002,reference/US-natural/search/gru-00-s42,calibration,reference,search,gru,reference,42,False,continuous,,20839,20,0.015039384536212832,0.0005195937293664131,0.0150559547192773,0.0005206843050241797,17,27,100,,True,validation_plateau,,,8532,537.7245850740001,,0.02566226600902155,4c504529283c923c6d02a6830e38779f2783ce10359500b268c3264b4e60f10b,1646,20,0,-0.017411269408486113,-0.013179344567709295,0.5050568747004845,1.0,-0.02781306952238083,0.022654801607131958,,,,,0.014613358147947314,0.0004260263882655182,0.015039384536212832,,,,,
fold-002,reference/US-natural/search/gru-10-s42,calibration,reference,search,gru,reference,42,True,continuous,,20839,20,0.0149826377183188,0.0005195946178599933,0.014993599691546218,0.0005204203519439547,46,56,100,,True,validation_plateau,,,17696,1108.7994740690337,,0.02525434900599066,1ce142c0dc12d94d902b0759d9a337605dd57413b6761d620728d6a27d0da994,1646,20,0,0.0005056125377175875,-0.006121280566060726,0.499444639771918,1.0,-0.016761980950832367,0.011291086673736572,,,,,0.014613358147947314,0.0003692795703714863,0.0149826377183188,,,,,
fold-002,reference/US-natural/search/lstm-00-s42,calibration,reference,search,lstm,reference,42,False,continuous,,20839,20,0.015013078754020717,0.000518436416058716,0.015032531725686882,0.0005197707018995735,18,28,100,,True,validation_plateau,,,8848,557.1700443499722,,0.024311857006978244,ea65bcdb602152eb2ba4e388229ac9fd10f733bcbf27660962d623b4b0f32942,1646,20,0,0.01578786814073804,0.01988540784231741,0.502494736648543,1.0,-0.023977965116500854,0.012933008372783661,,,,,0.014613358147947314,0.0003997206060734025,0.015013078754020717,,,,,
fold-002,reference/US-natural/search/lstm-10-s42,calibration,reference,search,lstm,reference,42,True,continuous,,20839,20,0.015022395269164632,0.0005197221047639004,0.015046365288610461,0.0005211827634948826,18,28,100,,True,validation_plateau,,,8848,574.4256171429879,,0.024218161997850984,27cc66c2715c1d7474416d7353c600264b8878b11818303cddbd2a9bacf094d8,1646,20,0,0.007353384908150326,0.0012427900091961316,0.49842899863688206,1.0,-0.01584681309759617,0.020702708512544632,,,,,0.014613358147947314,0.0004090371212173184,0.015022395269164632,,,,,
fold-002,reference/US-natural/search/rnn-00-s42,calibration,reference,search,rnn,reference,42,False,continuous,,20839,20,0.015126102791293814,0.0005244840211466391,0.015132993980870018,0.0005251144195919902,28,38,100,,True,validation_plateau,,,12008,722.4002047299873,,0.024880455996026285,2825fb3fd943a769d1a85a857e62382c6726eb7c34c99911b69f5210e4e6c149,1646,20,0,0.005273356208878021,-0.001368554661008484,0.5057864767476336,1.0,-0.027970626950263977,0.01712566614151001,,,,,0.014613358147947314,0.0005127446433465001,0.015126102791293814,,,,,
fold-002,reference/US-natural/search/rnn-10-s42,calibration,reference,search,rnn,reference,42,True,continuous,,20839,20,0.014834123889681217,0.0005122428308381284,0.01485298777013006,0.0005134173145602917,38,48,100,,True,validation_plateau,,,15168,928.3335868499707,,0.025068389004445635,30ed1b752326502d86234747159b626a8078e9ea05e6aeaad35451e6df24a57b,1646,20,0,-0.008175272065837883,-0.014492172015232594,0.4982844751293243,1.0,-0.02178884483873844,0.012126713991165161,,,,,0.014613358147947314,0.00022076574173390297,0.014834123889681217,,,,,
fold-002,tabular/ridge-a0.1,calibration,tabular,search,ridge,ridge,,False,continuous,,20839,20,1.961299882791392,3.8801442903958736,1.9729431933574888,3.9297750327871905,,,,,,,,,,,,0.027361619999282993,fb7a56b57f126ec513662558071399362c78a9cb625025a4f8ba296349897488,1646,20,0,0.0002210616690786395,-0.02458781236558505,0.49363816306788877,1.0,1.7478980341889234,2.4894553003492383,,,96.42094535502838,,0.014613358147947314,1.9466865246434446,1.961299882791392,,,,,
fold-002,tabular/ridge-a1.0,calibration,tabular,search,ridge,ridge,,True,continuous,,20839,20,0.13306113557034127,0.020527730281995712,0.13567676385609506,0.021363829796963673,,,,,,,,,,,,0.02525140299985651,0da65962b184877e50b4ff080962f8dfe858030301675ccd4c67f52ad39e4652,1646,20,0,-4.1508804316358724e-05,-0.02508952837388565,0.493688719185179,1.0,-0.0319788459425152,0.26171980374824527,,,81.62657254299847,,0.014613358147947314,0.11844777742239396,0.13306113557034127,,,,,
fold-002,tabular/ridge-a10.0,calibration,tabular,search,ridge,ridge,,False,continuous,,20839,20,0.3647182662984104,0.1340350383067434,0.3647198375163046,0.13402232598063846,,,,,,,,,,,,0.025153559006867,0bcb1184607093ba26cfd4c92c19987cc4a8e381dde8e5f602a3083ae8d0516e,1646,20,0,0.0010206822224107144,-0.02334357663368076,0.5063618369321112,1.0,-0.4902570049036258,-0.28733462988970915,,,82.03732570499415,,0.014613358147947314,0.35010490815046313,0.3647182662984104,,,,,
fold-002,tabular/xgb-d3-b128-lr0.03-s42,calibration,tabular,search,xgboost,xgboost,42,False,continuous,,20839,20,0.01459598968719554,0.0005032834284126989,0.014614693009580392,0.0005045082171609913,,,,,True,validation_plateau,300,1,,,,0.021407428008387797,834c57da449c403acd9a4c43648c93908c7fcf7ff97a40efa0c2eb9c508b1445,1646,10,10,0.08735116402584303,0.07782940911394258,0.5289710153941596,1.0,-0.0007915438618510962,5.7209632359445095e-05,,,,312.01473465998424,0.014613358147947314,-1.7368460751773784e-05,0.01459598968719554,,,,,
fold-002,tabular/xgb-d3-b128-lr0.1-s42,calibration,tabular,search,xgboost,xgboost,42,False,continuous,,20839,20,0.014565098231360627,0.0005011320640160065,0.014583186366194986,0.0005023194640381317,,,,,True,validation_plateau,300,1,,,,0.02101795599446632,3553b9fd7688d4b172b16e75b256c68a0edf7963064846b3552ae9e56c0544aa,1646,10,10,0.08735116402584303,0.07782940911394258,0.5279110097940668,1.0,-0.0008814774919301271,0.001947701210156083,,,,315.0091409020242,0.014613358147947314,-4.825991658668691e-05,0.014565098231360627,,,,,
fold-002,tabular/xgb-d3-b256-lr0.03-s42,calibration,tabular,search,xgboost,xgboost,42,False,continuous,,20839,20,0.014596208704302708,0.0005032918349039064,0.014614910236685569,0.0005045163928428364,,,,,True,validation_plateau,300,1,,,,0.020056989989825524,c5d3715de6238f4b544c1050d6f9a032acc6e347fce064fc5c55ed876b1313f9,1646,10,10,0.08554974810924601,0.07641577273669743,0.5286317654190028,1.0,-0.0007915438618510962,5.4691045079380274e-05,,,,341.9097961000516,0.014613358147947314,-1.7149443644606452e-05,0.014596208704302708,,,,,
fold-002,tabular/xgb-d3-b256-lr0.1-s42,calibration,tabular,search,xgboost,xgboost,42,False,continuous,,20839,20,0.014565888753371167,0.0005011608832886543,0.014583961519190712,0.0005023474184430382,,,,,True,validation_plateau,300,1,,,,0.019593297998653725,8335d4f31ce0471547128945bfc8f0137ca6b2d8d954cdc0d1dc896d74b9165d,1646,10,10,0.08554974810924601,0.07641577273669743,0.5279110097940668,1.0,-0.0008814774919301271,0.0019393058028072119,,,,338.60488708497724,0.014613358147947314,-4.7469394576147433e-05,0.014565888753371167,,,,,
fold-002,tabular/xgb-d3-b64-lr0.03-s42,calibration,tabular,search,xgboost,xgboost,42,False,continuous,,20839,20,0.014596018407529946,0.0005032851104347821,0.014614721574057752,0.0005045099033152688,,,,,True,validation_plateau,300,1,,,,0.019788004996371455,bb77528cc5b8ca952382f1abb82ffea44c336a7be64a529f6ac01fcacae3ab5b,1646,10,10,0.08705797283083475,0.07740749765488535,0.5288747918218779,1.0,-0.0007915438618510962,5.797977792099118e-05,,,,286.16898318903986,0.014613358147947314,-1.7339740417367938e-05,0.014596018407529946,,,,,
fold-002,tabular/xgb-d3-b64-lr0.1-s42,calibration,tabular,search,xgboost,xgboost,42,False,continuous,,20839,20,0.014565233916034212,0.0005011378687945077,0.014583320848622823,0.0005023253032110269,,,,,True,validation_plateau,300,1,,,,0.019255713996244594,b1df63d362e31b1241e8427abf07c0485de57530f73c8793d824c684422fd41f,1646,10,10,0.08705797283083475,0.07740749765488535,0.5279110097940668,1.0,-0.0008814774919301271,0.001950268168002367,,,,292.1444175170036,0.014613358147947314,-4.812423191310165e-05,0.014565233916034212,,,,,
fold-002,tabular/xgb-d6-b128-lr0.03-s42,calibration,tabular,search,xgboost,xgboost,42,False,continuous,,20839,20,0.014598866721745127,0.0005035083071626494,0.014617630893046065,0.0005047353036804393,,,,,True,validation_plateau,300,1,,,,0.023335341000347398,20301cf583cc9cc147cf6a266b6cac2190ec90c83d03545e283e4320b0a4ed63,1646,20,0,0.02700994141958717,0.023423219971422847,0.5103345815773308,1.0,-0.007062891032546759,0.0018757868092507124,,,,470.2978752719937,0.014613358147947314,-1.4491426202186547e-05,0.014598866721745127,,,,,
fold-002,tabular/xgb-d6-b128-lr0.1-s42,calibration,tabular,search,xgboost,xgboost,42,False,continuous,,20839,20,0.014593841188403364,0.0005025501543388979,0.014611963786064188,0.0005037458713030122,,,,,True,validation_plateau,300,1,,,,0.023390495000057854,70153ed915041a0baf1f9da73aa08b7e6a60fa46cdaddf623095e0a0d1a68b90,1646,20,0,0.02700994141958717,0.023423220343233755,0.5239259843446548,1.0,-0.02178596891462803,0.008009624667465687,,,,466.2798443789943,0.014613358147947314,-1.9516959543950177e-05,0.014593841188403364,,,,,
fold-002,tabular/xgb-d6-b256-lr0.03-s42,calibration,tabular,search,xgboost,xgboost,42,True,continuous,,20839,20,0.014601126787234561,0.000503563233552358,0.014619700599460791,0.0005047823019796256,,,,,True,validation_plateau,300,1,,,,0.02212736100773327,ff91343beb8772853e19a1972b2fe568dff79504b9f68b6eccd956e215ecacef,1646,20,0,0.02056697265067637,0.020068583633771918,0.5112287027448249,1.0,-0.007873407565057278,0.0018779917154461145,,,,508.2126299350057,0.014613358147947314,-1.223136071275277e-05,0.014601126787234561,,,,,
fold-002,tabular/xgb-d6-b256-lr0.03-s43,calibration,tabular,finalist,xgboost,xgboost,43,True,continuous,,20839,20,0.014601126787234561,0.000503563233552358,0.014619700599460791,0.0005047823019796256,,,,,True,validation_plateau,300,1,,,,0.022883822995936498,ff91343beb8772853e19a1972b2fe568dff79504b9f68b6eccd956e215ecacef,1646,20,0,0.02056697265067637,0.020068583633771918,0.5112287027448249,1.0,-0.007873407565057278,0.0018779917154461145,,,,503.8543785040383,0.014613358147947314,-1.223136071275277e-05,0.014601126787234561,,,,,
fold-002,tabular/xgb-d6-b256-lr0.03-s44,calibration,tabular,finalist,xgboost,xgboost,44,True,continuous,,20839,20,0.014601126787234561,0.000503563233552358,0.014619700599460791,0.0005047823019796256,,,,,True,validation_plateau,300,1,,,,0.02309085200249683,ff91343beb8772853e19a1972b2fe568dff79504b9f68b6eccd956e215ecacef,1646,20,0,0.02056697265067637,0.020068583633771918,0.5112287027448249,1.0,-0.007873407565057278,0.0018779917154461145,,,,508.2464275819948,0.014613358147947314,-1.223136071275277e-05,0.014601126787234561,,,,,
fold-002,tabular/xgb-d6-b256-lr0.1-s42,calibration,tabular,search,xgboost,xgboost,42,False,continuous,,20839,20,0.014594397621657864,0.0005025602964241327,0.014611948798898223,0.000503736519917221,,,,,True,validation_plateau,300,1,,,,0.024070693994872272,0c6eac82398013399c9c42313e90b0a167cb7fd3dce9f32500f51e2f0e5f1259,1646,20,0,0.02056697265067637,0.02006858313643378,0.5232044270043728,1.0,-0.0244876891374588,0.008016974665224552,,,,508.9861450410099,0.014613358147947314,-1.8960526289449678e-05,0.014594397621657864,,,,,
fold-002,tabular/xgb-d6-b64-lr0.03-s42,calibration,tabular,search,xgboost,xgboost,42,False,continuous,,20839,20,0.014605382656622395,0.0005038280957425569,0.014623833275350181,0.0005050480343397328,,,,,True,validation_plateau,300,1,,,,0.02264143800130114,966337d32c24f57f8cf2bfc3fc4c0f99a25eae5bda1b058ae37f6e3eed635142,1646,20,0,0.01736856526292837,-0.00027907959881370576,0.5092212153933547,1.0,-0.007062891032546759,0.002494477666914463,,,,424.27035738900304,0.014613358147947314,-7.975491324918593e-06,0.014605382656622395,,,,,
fold-002,tabular/xgb-d6-b64-lr0.1-s42,calibration,tabular,search,xgboost,xgboost,42,False,continuous,,20839,20,0.014613214917549897,0.0005035781847466611,0.014630523445926167,0.000504743081583961,,,,,True,validation_plateau,300,1,,,,0.02488303100108169,968bd58d428fa56ffaa2295b17a721d480e4722f34b2431c58fb7a311bde0084,1646,20,0,0.01736856526292837,-0.0002790795794439127,0.5216571444618923,1.0,-0.02178596891462803,0.010071927681565285,,,,426.9730266390252,0.014613358147947314,-1.43230397417482e-07,0.014613214917549897,,,,,
fold-002,posttraining/dlinear/seed-42/real/expected,calibration,posttraining,posttraining,dlinear,expected,42,True,median,reference/US-natural/search/dlinear-10-s42,20839,20,0.014992303305600436,0.0005148540042983791,0.015008611902381662,0.0005161025443588273,0,13,50,True,True,validation_plateau,,,9334,,0.0,0.03305533199454658,54c4dac282f7a3b7ea57d2e7bb1a5cd6223553f9a4eb2ad2b34d6471d899e32a,1646,20,0,-0.009143543631002459,-0.005597464403470329,0.18218379402200305,0.3543804220697438,-0.02004203142376182,0.013361354282507884,True,0.0,,166.61791271698894,0.014613358147947314,0.0003789451576531218,0.014888052308790431,0.0001042509968100045,0.014992303305600436,0.0,0.014888052308790431,0.0001042509968100045
fold-002,posttraining/dlinear/seed-42/real/klpo_exact,calibration,posttraining,posttraining,dlinear,klpo_exact,42,True,median,reference/US-natural/search/dlinear-10-s42,20839,20,0.014992303305600436,0.0005148540042983791,0.015008611902381662,0.0005161025443588273,0,13,50,True,True,validation_plateau,,,9334,,0.0,0.024118182991514914,54c4dac282f7a3b7ea57d2e7bb1a5cd6223553f9a4eb2ad2b34d6471d899e32a,1646,20,0,-0.009143543631002459,-0.005597464403470329,0.18218379402200305,0.3543804220697438,-0.02004203142376182,0.013361354282507884,True,0.0,,174.05477894999785,0.014613358147947314,0.0003789451576531218,0.014888052308790431,0.0001042509968100045,0.014992303305600436,0.0,0.014888052308790431,0.0001042509968100045
fold-002,posttraining/dlinear/seed-42/real/klpo_full,calibration,posttraining,posttraining,dlinear,klpo_full,42,True,median,reference/US-natural/search/dlinear-10-s42,20839,20,0.014992303305600436,0.0005148540042983791,0.015008611902381662,0.0005161025443588273,0,13,50,True,True,validation_plateau,,,9334,,0.0,0.023279365996131673,54c4dac282f7a3b7ea57d2e7bb1a5cd6223553f9a4eb2ad2b34d6471d899e32a,1646,20,0,-0.009143543631002459,-0.005597464403470329,0.18218379402200305,0.3543804220697438,-0.02004203142376182,0.013361354282507884,True,0.0,,178.4984798959922,0.014613358147947314,0.0003789451576531218,0.014888052308790431,0.0001042509968100045,0.014992303305600436,0.0,0.014888052308790431,0.0001042509968100045
fold-002,posttraining/dlinear/seed-42/real/klpo_mc,calibration,posttraining,posttraining,dlinear,klpo_mc,42,True,median,reference/US-natural/search/dlinear-10-s42,20839,20,0.014992303305600436,0.0005148540042983791,0.015008611902381662,0.0005161025443588273,0,13,50,True,True,validation_plateau,,,9334,,0.0,0.02407383000536356,54c4dac282f7a3b7ea57d2e7bb1a5cd6223553f9a4eb2ad2b34d6471d899e32a,1646,20,0,-0.009143543631002459,-0.005597464403470329,0.18218379402200305,0.3543804220697438,-0.02004203142376182,0.013361354282507884,True,0.0,,179.89218209404498,0.014613358147947314,0.0003789451576531218,0.014888052308790431,0.0001042509968100045,0.014992303305600436,0.0,0.014888052308790431,0.0001042509968100045
fold-002,posttraining/dlinear/seed-42/real/mae,calibration,posttraining,posttraining,dlinear,mae,42,True,median,reference/US-natural/search/dlinear-10-s42,20839,20,0.014992303305600436,0.0005148540042983791,0.015008611902381662,0.0005161025443588273,0,13,50,True,True,validation_plateau,,,9334,,0.0,0.02428864300600253,54c4dac282f7a3b7ea57d2e7bb1a5cd6223553f9a4eb2ad2b34d6471d899e32a,1646,20,0,-0.009143543631002459,-0.005597464403470329,0.18218379402200305,0.3543804220697438,-0.02004203142376182,0.013361354282507884,True,0.0,,159.26995641400572,0.014613358147947314,0.0003789451576531218,0.014888052308790431,0.0001042509968100045,0.014992303305600436,0.0,0.014888052308790431,0.0001042509968100045
fold-002,posttraining/dlinear/seed-42/real/neural_mae,calibration,posttraining,posttraining,dlinear,neural_mae,42,True,median,reference/US-natural/search/dlinear-10-s42,20839,20,0.014615023366109894,0.0005051443250685252,0.014633484541000073,0.0005062898166866666,6,14,50,False,True,validation_plateau,,,10052,,0.0,0.02033038399531506,0261ea5bc6d18a4d55b44132e00a5d3017ad6aff6ff0704b4cfcadd6b22228fc,1646,8,12,-0.014201949874930102,-0.09247163172451513,0.0004058247663317479,0.0010006637968396786,-0.006680677141253935,0.0,False,0.01927381008863449,,191.79547316097887,0.014613358147947314,1.665218162579668e-06,0.014888052308790431,-0.0002730289426805376,0.014992303305600436,-0.0003772799394905421,0.014614064349068765,9.59017041128954e-07
fold-002,posttraining/dlinear/seed-42/real/neural_mse,calibration,posttraining,posttraining,dlinear,neural_mse,42,True,median,reference/US-natural/search/dlinear-10-s42,20839,20,0.01463595991945629,0.0005059852771882458,0.014656497558415412,0.0005072217444075826,24,32,50,False,True,validation_plateau,,,22976,,0.0,0.023431541994796135,acb20f9cfa95438b957a4501928a6165e05dec4054007acbe3a2b1a5f263c156,1646,20,0,-0.0004839777347782588,-0.015206890913000749,0.015579751057727678,0.030252450050118222,-0.013361354282507877,0.006680677141253935,False,0.02102736890083179,,413.2493015099899,0.014613358147947314,2.2601771508975327e-05,0.014888052308790431,-0.00025209238933414195,0.014992303305600436,-0.00035634338614414646,0.014646915554754666,-1.0955635298376398e-05
fold-002,posttraining/dlinear/seed-42/real/reinforce,calibration,posttraining,posttraining,dlinear,reinforce,42,True,median,reference/US-natural/search/dlinear-10-s42,20839,20,0.014992303305600436,0.0005148540042983791,0.015008611902381662,0.0005161025443588273,0,13,50,True,True,validation_plateau,,,9334,,0.0,0.02393731300253421,54c4dac282f7a3b7ea57d2e7bb1a5cd6223553f9a4eb2ad2b34d6471d899e32a,1646,20,0,-0.009143543631002459,-0.005597464403470329,0.18218379402200305,0.3543804220697438,-0.02004203142376182,0.013361354282507884,True,0.0,,174.31394305895083,0.014613358147947314,0.0003789451576531218,0.014888052308790431,0.0001042509968100045,0.014992303305600436,0.0,0.014888052308790431,0.0001042509968100045
fold-002,posttraining/dlinear/seed-43/real/expected,calibration,posttraining,posttraining,dlinear,expected,43,True,median,reference/US-natural/search/dlinear-10-s42,20839,20,0.014992303305600436,0.0005148540042983791,0.015008611902381662,0.0005161025443588273,0,13,50,True,True,validation_plateau,,,9334,,0.0,0.02333525200083386,54c4dac282f7a3b7ea57d2e7bb1a5cd6223553f9a4eb2ad2b34d6471d899e32a,1646,20,0,-0.009143543631002459,-0.005597464403470329,0.18218379402200305,0.3543804220697438,-0.02004203142376182,0.013361354282507884,True,0.0,,167.09955631400226,0.014613358147947314,0.0003789451576531218,0.014888052308790431,0.0001042509968100045,0.014992303305600436,0.0,0.014888052308790431,0.0001042509968100045
fold-002,posttraining/dlinear/seed-43/real/klpo_exact,calibration,posttraining,posttraining,dlinear,klpo_exact,43,True,median,reference/US-natural/search/dlinear-10-s42,20839,20,0.014992303305600436,0.0005148540042983791,0.015008611902381662,0.0005161025443588273,0,13,50,True,True,validation_plateau,,,9334,,0.0,0.024099538000882603,54c4dac282f7a3b7ea57d2e7bb1a5cd6223553f9a4eb2ad2b34d6471d899e32a,1646,20,0,-0.009143543631002459,-0.005597464403470329,0.18218379402200305,0.3543804220697438,-0.02004203142376182,0.013361354282507884,True,0.0,,173.86636424803874,0.014613358147947314,0.0003789451576531218,0.014888052308790431,0.0001042509968100045,0.014992303305600436,0.0,0.014888052308790431,0.0001042509968100045
fold-002,posttraining/dlinear/seed-43/real/klpo_full,calibration,posttraining,posttraining,dlinear,klpo_full,43,True,median,reference/US-natural/search/dlinear-10-s42,20839,20,0.014992303305600436,0.0005148540042983791,0.015008611902381662,0.0005161025443588273,0,13,50,True,True,validation_plateau,,,9334,,0.0,0.024122761999024078,54c4dac282f7a3b7ea57d2e7bb1a5cd6223553f9a4eb2ad2b34d6471d899e32a,1646,20,0,-0.009143543631002459,-0.005597464403470329,0.18218379402200305,0.3543804220697438,-0.02004203142376182,0.013361354282507884,True,0.0,,179.97262468899135,0.014613358147947314,0.0003789451576531218,0.014888052308790431,0.0001042509968100045,0.014992303305600436,0.0,0.014888052308790431,0.0001042509968100045
fold-002,posttraining/dlinear/seed-43/real/klpo_mc,calibration,posttraining,posttraining,dlinear,klpo_mc,43,True,median,reference/US-natural/search/dlinear-10-s42,20839,20,0.014992303305600436,0.0005148540042983791,0.015008611902381662,0.0005161025443588273,0,13,50,True,True,validation_plateau,,,9334,,0.0,0.025532852989272214,54c4dac282f7a3b7ea57d2e7bb1a5cd6223553f9a4eb2ad2b34d6471d899e32a,1646,20,0,-0.009143543631002459,-0.005597464403470329,0.18218379402200305,0.3543804220697438,-0.02004203142376182,0.013361354282507884,True,0.0,,182.7157247249852,0.014613358147947314,0.0003789451576531218,0.014888052308790431,0.0001042509968100045,0.014992303305600436,0.0,0.014888052308790431,0.0001042509968100045
fold-002,posttraining/dlinear/seed-43/real/mae,calibration,posttraining,posttraining,dlinear,mae,43,True,median,reference/US-natural/search/dlinear-10-s42,20839,20,0.014992303305600436,0.0005148540042983791,0.015008611902381662,0.0005161025443588273,0,13,50,True,True,validation_plateau,,,9334,,0.0,0.02458818699233234,54c4dac282f7a3b7ea57d2e7bb1a5cd6223553f9a4eb2ad2b34d6471d899e32a,1646,20,0,-0.009143543631002459,-0.005597464403470329,0.18218379402200305,0.3543804220697438,-0.02004203142376182,0.013361354282507884,True,0.0,,160.1115155450534,0.014613358147947314,0.0003789451576531218,0.014888052308790431,0.0001042509968100045,0.014992303305600436,0.0,0.014888052308790431,0.0001042509968100045
fold-002,posttraining/dlinear/seed-43/real/neural_mae,calibration,posttraining,posttraining,dlinear,neural_mae,43,True,median,reference/US-natural/search/dlinear-10-s42,20839,20,0.014614403450495469,0.0005049142505495185,0.01463333263621749,0.0005060968143918374,8,16,50,False,True,validation_plateau,,,11488,,0.0,0.023270138990483247,bb31e2e396ee2123bc93d326abf9c395e37e967aa1d30cf88a4ecfbb921a797a,1646,17,3,0.009669115954426257,-0.008953886823870166,0.0016156751127975987,0.003100834148652916,-0.006680677141253935,0.0,False,0.017544224858283997,,212.8432718749973,0.014613358147947314,1.0453025481547973e-06,0.014888052308790431,-0.0002736488582949625,0.014992303305600436,-0.000377899855104967,0.014626705060674039,-1.230161017857015e-05
fold-002,posttraining/dlinear/seed-43/real/neural_mse,calibration,posttraining,posttraining,dlinear,neural_mse,43,True,median,reference/US-natural/search/dlinear-10-s42,20839,20,0.014626474081755292,0.0005052251602650952,0.014646764071601768,0.0005064879202899619,15,23,50,False,True,validation_plateau,,,16514,,0.0,0.023212140004034154,345fc21c46e1e84c4063cc09b79a7464f8feaecd4c1f84a19b02092e2039f69c,1646,19,1,0.003158854893455481,0.007249602355004229,0.007507143633687685,0.014854495990026367,-0.006680677141253935,0.0,False,0.020002945326268673,,301.7171010109596,0.014613358147947314,1.3115933807978167e-05,0.014888052308790431,-0.0002615782270351391,0.014992303305600436,-0.0003658292238451436,0.014641190554436292,-1.4716472680999931e-05
fold-002,posttraining/dlinear/seed-43/real/reinforce,calibration,posttraining,posttraining,dlinear,reinforce,43,True,median,reference/US-natural/search/dlinear-10-s42,20839,20,0.014992303305600436,0.0005148540042983791,0.015008611902381662,0.0005161025443588273,0,13,50,True,True,validation_plateau,,,9334,,0.0,0.023168237996287644,54c4dac282f7a3b7ea57d2e7bb1a5cd6223553f9a4eb2ad2b34d6471d899e32a,1646,20,0,-0.009143543631002459,-0.005597464403470329,0.18218379402200305,0.3543804220697438,-0.02004203142376182,0.013361354282507884,True,0.0,,169.57817050500307,0.014613358147947314,0.0003789451576531218,0.014888052308790431,0.0001042509968100045,0.014992303305600436,0.0,0.014888052308790431,0.0001042509968100045
fold-002,posttraining/dlinear/seed-44/real/expected,calibration,posttraining,posttraining,dlinear,expected,44,True,median,reference/US-natural/search/dlinear-10-s42,20839,20,0.014992303305600436,0.0005148540042983791,0.015008611902381662,0.0005161025443588273,0,13,50,True,True,validation_plateau,,,9334,,0.0,0.023762975994031876,54c4dac282f7a3b7ea57d2e7bb1a5cd6223553f9a4eb2ad2b34d6471d899e32a,1646,20,0,-0.009143543631002459,-0.005597464403470329,0.18218379402200305,0.3543804220697438,-0.02004203142376182,0.013361354282507884,True,0.0,,170.96774639899377,0.014613358147947314,0.0003789451576531218,0.014888052308790431,0.0001042509968100045,0.014992303305600436,0.0,0.014888052308790431,0.0001042509968100045
fold-002,posttraining/dlinear/seed-44/real/klpo_exact,calibration,posttraining,posttraining,dlinear,klpo_exact,44,True,median,reference/US-natural/search/dlinear-10-s42,20839,20,0.014992303305600436,0.0005148540042983791,0.015008611902381662,0.0005161025443588273,0,13,50,True,True,validation_plateau,,,9334,,0.0,0.024160472996300086,54c4dac282f7a3b7ea57d2e7bb1a5cd6223553f9a4eb2ad2b34d6471d899e32a,1646,20,0,-0.009143543631002459,-0.005597464403470329,0.18218379402200305,0.3543804220697438,-0.02004203142376182,0.013361354282507884,True,0.0,,175.1701498979819,0.014613358147947314,0.0003789451576531218,0.014888052308790431,0.0001042509968100045,0.014992303305600436,0.0,0.014888052308790431,0.0001042509968100045
fold-002,posttraining/dlinear/seed-44/real/klpo_full,calibration,posttraining,posttraining,dlinear,klpo_full,44,True,median,reference/US-natural/search/dlinear-10-s42,20839,20,0.014992303305600436,0.0005148540042983791,0.015008611902381662,0.0005161025443588273,0,13,50,True,True,validation_plateau,,,9334,,0.0,0.024123333001625724,54c4dac282f7a3b7ea57d2e7bb1a5cd6223553f9a4eb2ad2b34d6471d899e32a,1646,20,0,-0.009143543631002459,-0.005597464403470329,0.18218379402200305,0.3543804220697438,-0.02004203142376182,0.013361354282507884,True,0.0,,177.01072894298704,0.014613358147947314,0.0003789451576531218,0.014888052308790431,0.0001042509968100045,0.014992303305600436,0.0,0.014888052308790431,0.0001042509968100045
fold-002,posttraining/dlinear/seed-44/real/klpo_mc,calibration,posttraining,posttraining,dlinear,klpo_mc,44,True,median,reference/US-natural/search/dlinear-10-s42,20839,20,0.014992303305600436,0.0005148540042983791,0.015008611902381662,0.0005161025443588273,0,13,50,True,True,validation_plateau,,,9334,,0.0,0.02345541700196918,54c4dac282f7a3b7ea57d2e7bb1a5cd6223553f9a4eb2ad2b34d6471d899e32a,1646,20,0,-0.009143543631002459,-0.005597464403470329,0.18218379402200305,0.3543804220697438,-0.02004203142376182,0.013361354282507884,True,0.0,,179.75049487501383,0.014613358147947314,0.0003789451576531218,0.014888052308790431,0.0001042509968100045,0.014992303305600436,0.0,0.014888052308790431,0.0001042509968100045
fold-002,posttraining/dlinear/seed-44/real/mae,calibration,posttraining,posttraining,dlinear,mae,44,True,median,reference/US-natural/search/dlinear-10-s42,20839,20,0.014992303305600436,0.0005148540042983791,0.015008611902381662,0.0005161025443588273,0,13,50,True,True,validation_plateau,,,9334,,0.0,0.024379725000471808,54c4dac282f7a3b7ea57d2e7bb1a5cd6223553f9a4eb2ad2b34d6471d899e32a,1646,20,0,-0.009143543631002459,-0.005597464403470329,0.18218379402200305,0.3543804220697438,-0.02004203142376182,0.013361354282507884,True,0.0,,158.54025235801237,0.014613358147947314,0.0003789451576531218,0.014888052308790431,0.0001042509968100045,0.014992303305600436,0.0,0.014888052308790431,0.0001042509968100045
fold-002,posttraining/dlinear/seed-44/real/neural_mae,calibration,posttraining,posttraining,dlinear,neural_mae,44,True,median,reference/US-natural/search/dlinear-10-s42,20839,20,0.014624243508528922,0.0005051648082787798,0.01464312309818345,0.0005063470777693319,4,13,50,False,True,validation_plateau,,,9334,,0.0,0.024070383995422162,f82174cc8d46551091f04054315cbee85d11e094e51ec4c85d45c6b044bc3a33,1646,20,0,0.00590874611018724,0.003387198785176581,0.007811621623390816,0.014652403865643978,-0.006680677141253935,0.006680677141253935,False,0.015317734330892563,,172.68375365203246,0.014613358147947314,1.0885360581608383e-05,0.014888052308790431,-0.0002638088002615089,0.014992303305600436,-0.0003680597970715134,0.014645978633192119,-2.173512466319659e-05
fold-002,posttraining/dlinear/seed-44/real/neural_mse,calibration,posttraining,posttraining,dlinear,neural_mse,44,True,median,reference/US-natural/search/dlinear-10-s42,20839,20,0.014620179238722409,0.0005053728031170448,0.014639406943768727,0.000506589092722822,11,19,50,False,True,validation_plateau,,,13642,,0.0,0.02091298899904359,439d08e690ecc3dd5c8635fc6f73a9b1b99053676c0d1d925f9344999c26cb01,1646,10,10,0.0001176618661391432,-0.05916379765234897,0.0030206428763177723,0.006180717059805111,-0.006680677141253935,0.006680677141253935,False,0.01912542339414358,,250.7343606860377,0.014613358147947314,6.821090775094643e-06,0.014888052308790431,-0.00026787307006802263,0.014992303305600436,-0.00037212406687802714,0.014666810615980524,-4.6631377258115475e-05
fold-002,posttraining/dlinear/seed-44/real/reinforce,calibration,posttraining,posttraining,dlinear,reinforce,44,True,median,reference/US-natural/search/dlinear-10-s42,20839,20,0.014992303305600436,0.0005148540042983791,0.015008611902381662,0.0005161025443588273,0,13,50,True,True,validation_plateau,,,9334,,0.0,0.02348749799421057,54c4dac282f7a3b7ea57d2e7bb1a5cd6223553f9a4eb2ad2b34d6471d899e32a,1646,20,0,-0.009143543631002459,-0.005597464403470329,0.18218379402200305,0.3543804220697438,-0.02004203142376182,0.013361354282507884,True,0.0,,168.06884277402423,0.014613358147947314,0.0003789451576531218,0.014888052308790431,0.0001042509968100045,0.014992303305600436,0.0,0.014888052308790431,0.0001042509968100045
fold-002,posttraining/gru/seed-42/real/expected,calibration,posttraining,posttraining,gru,expected,42,True,median,reference/US-natural/search/gru-10-s42,20839,20,0.015076328380940987,0.0005239957448403386,0.015085367371361437,0.0005248016974075758,0,13,50,True,True,validation_plateau,,,9334,,0.0,0.03217375499662012,8e5e0efb87f8514755cdc890e19ca591ea5774d8b751e731fe380fb29eb95625,1646,20,0,-0.0073683030489312224,-0.014916721486215857,0.1861622125777765,0.3705453609558418,-0.02004203142376182,0.013361354282507884,True,0.0,,165.3478397380095,0.014613358147947314,0.000462970232993673,0.0149826377183188,9.369066262218673e-05,0.015076328380940987,0.0,0.0149826377183188,9.369066262218673e-05
fold-002,posttraining/gru/seed-42/real/klpo_exact,calibration,posttraining,posttraining,gru,klpo_exact,42,True,median,reference/US-natural/search/gru-10-s42,20839,20,0.015076328380940987,0.0005239957448403386,0.015085367371361437,0.0005248016974075758,0,13,50,True,True,validation_plateau,,,9334,,0.0,0.024392749997787178,8e5e0efb87f8514755cdc890e19ca591ea5774d8b751e731fe380fb29eb95625,1646,20,0,-0.0073683030489312224,-0.014916721486215857,0.1861622125777765,0.3705453609558418,-0.02004203142376182,0.013361354282507884,True,0.0,,177.45238563901512,0.014613358147947314,0.000462970232993673,0.0149826377183188,9.369066262218673e-05,0.015076328380940987,0.0,0.0149826377183188,9.369066262218673e-05
fold-002,posttraining/gru/seed-42/real/klpo_full,calibration,posttraining,posttraining,gru,klpo_full,42,True,median,reference/US-natural/search/gru-10-s42,20839,20,0.015076328380940987,0.0005239957448403386,0.015085367371361437,0.0005248016974075758,0,13,50,True,True,validation_plateau,,,9334,,0.0,0.02382757699524518,8e5e0efb87f8514755cdc890e19ca591ea5774d8b751e731fe380fb29eb95625,1646,20,0,-0.0073683030489312224,-0.014916721486215857,0.1861622125777765,0.3705453609558418,-0.02004203142376182,0.013361354282507884,True,0.0,,175.91361659299582,0.014613358147947314,0.000462970232993673,0.0149826377183188,9.369066262218673e-05,0.015076328380940987,0.0,0.0149826377183188,9.369066262218673e-05
fold-002,posttraining/gru/seed-42/real/klpo_mc,calibration,posttraining,posttraining,gru,klpo_mc,42,True,median,reference/US-natural/search/gru-10-s42,20839,20,0.015076328380940987,0.0005239957448403386,0.015085367371361437,0.0005248016974075758,0,13,50,True,True,validation_plateau,,,9334,,0.0,0.023552259008283727,8e5e0efb87f8514755cdc890e19ca591ea5774d8b751e731fe380fb29eb95625,1646,20,0,-0.0073683030489312224,-0.014916721486215857,0.1861622125777765,0.3705453609558418,-0.02004203142376182,0.013361354282507884,True,0.0,,181.4669787660241,0.014613358147947314,0.000462970232993673,0.0149826377183188,9.369066262218673e-05,0.015076328380940987,0.0,0.0149826377183188,9.369066262218673e-05
fold-002,posttraining/gru/seed-42/real/mae,calibration,posttraining,posttraining,gru,mae,42,True,median,reference/US-natural/search/gru-10-s42,20839,20,0.015076328380940987,0.0005239957448403386,0.015085367371361437,0.0005248016974075758,0,13,50,True,True,validation_plateau,,,9334,,0.0,0.024096292996546254,8e5e0efb87f8514755cdc890e19ca591ea5774d8b751e731fe380fb29eb95625,1646,20,0,-0.0073683030489312224,-0.014916721486215857,0.1861622125777765,0.3705453609558418,-0.02004203142376182,0.013361354282507884,True,0.0,,158.6119802480098,0.014613358147947314,0.000462970232993673,0.0149826377183188,9.369066262218673e-05,0.015076328380940987,0.0,0.0149826377183188,9.369066262218673e-05
fold-002,posttraining/gru/seed-42/real/neural_mae,calibration,posttraining,posttraining,gru,neural_mae,42,True,median,reference/US-natural/search/gru-10-s42,20839,20,0.014631351620611424,0.0005063225154444496,0.014650087664356555,0.0005075207271201845,1,13,50,False,True,validation_plateau,,,9334,,0.0,0.024238830010290258,8b57cf0bfe4ca7c38fbfa57b49a080fc01cd84945d469c13c816b5a538eb4db3,1646,20,0,-0.0038829556785342197,-0.01525660772263251,0.009509720927858904,0.01958385628350047,-0.006680677141253935,0.0,False,0.014266732148826122,,181.45672408305109,0.014613358147947314,1.799347266411011e-05,0.0149826377183188,-0.0003512860977073762,0.015076328380940987,-0.0004449767603295629,0.014666918948949292,-3.556732833786755e-05
fold-002,posttraining/gru/seed-42/real/neural_mse,calibration,posttraining,posttraining,gru,neural_mse,42,True,median,reference/US-natural/search/gru-10-s42,20839,20,0.014655896644267082,0.0005069607489110789,0.014675397859724004,0.0005081700672914218,1,13,50,False,True,validation_plateau,,,9334,,0.0,0.02387114000157453,919f01f5ce23e242357052d2ae00da02b6b3afc3ef3e76f48fd994a14fc31f28,1646,20,0,0.00014507934317831554,-0.008683809831806617,0.021631463383508985,0.04262567756668409,-0.013361354282507877,0.0,False,0.010299597983248532,,184.66067841701442,0.014613358147947314,4.253849631976822e-05,0.0149826377183188,-0.00032674107405171807,0.015076328380940987,-0.0004204317366739048,0.014699280054752345,-4.3383410485263105e-05
fold-002,posttraining/gru/seed-42/real/reinforce,calibration,posttraining,posttraining,gru,reinforce,42,True,median,reference/US-natural/search/gru-10-s42,20839,20,0.015076328380940987,0.0005239957448403386,0.015085367371361437,0.0005248016974075758,0,13,50,True,True,validation_plateau,,,9334,,0.0,0.023735113005386665,8e5e0efb87f8514755cdc890e19ca591ea5774d8b751e731fe380fb29eb95625,1646,20,0,-0.0073683030489312224,-0.014916721486215857,0.1861622125777765,0.3705453609558418,-0.02004203142376182,0.013361354282507884,True,0.0,,169.788523530995,0.014613358147947314,0.000462970232993673,0.0149826377183188,9.369066262218673e-05,0.015076328380940987,0.0,0.0149826377183188,9.369066262218673e-05
fold-002,posttraining/gru/seed-43/real/expected,calibration,posttraining,posttraining,gru,expected,43,True,median,reference/US-natural/search/gru-10-s42,20839,20,0.015076328380940987,0.0005239957448403386,0.015085367371361437,0.0005248016974075758,0,13,50,True,True,validation_plateau,,,9334,,0.0,0.024391136001213454,8e5e0efb87f8514755cdc890e19ca591ea5774d8b751e731fe380fb29eb95625,1646,20,0,-0.0073683030489312224,-0.014916721486215857,0.1861622125777765,0.3705453609558418,-0.02004203142376182,0.013361354282507884,True,0.0,,164.107419234002,0.014613358147947314,0.000462970232993673,0.0149826377183188,9.369066262218673e-05,0.015076328380940987,0.0,0.0149826377183188,9.369066262218673e-05
fold-002,posttraining/gru/seed-43/real/klpo_exact,calibration,posttraining,posttraining,gru,klpo_exact,43,True,median,reference/US-natural/search/gru-10-s42,20839,20,0.015076328380940987,0.0005239957448403386,0.015085367371361437,0.0005248016974075758,0,13,50,True,True,validation_plateau,,,9334,,0.0,0.02356939199671615,8e5e0efb87f8514755cdc890e19ca591ea5774d8b751e731fe380fb29eb95625,1646,20,0,-0.0073683030489312224,-0.014916721486215857,0.1861622125777765,0.3705453609558418,-0.02004203142376182,0.013361354282507884,True,0.0,,176.66126028297003,0.014613358147947314,0.000462970232993673,0.0149826377183188,9.369066262218673e-05,0.015076328380940987,0.0,0.0149826377183188,9.369066262218673e-05
fold-002,posttraining/gru/seed-43/real/klpo_full,calibration,posttraining,posttraining,gru,klpo_full,43,True,median,reference/US-natural/search/gru-10-s42,20839,20,0.015076328380940987,0.0005239957448403386,0.015085367371361437,0.0005248016974075758,0,13,50,True,True,validation_plateau,,,9334,,0.0,0.024096773006021976,8e5e0efb87f8514755cdc890e19ca591ea5774d8b751e731fe380fb29eb95625,1646,20,0,-0.0073683030489312224,-0.014916721486215857,0.1861622125777765,0.3705453609558418,-0.02004203142376182,0.013361354282507884,True,0.0,,177.98689009301597,0.014613358147947314,0.000462970232993673,0.0149826377183188,9.369066262218673e-05,0.015076328380940987,0.0,0.0149826377183188,9.369066262218673e-05
fold-002,posttraining/gru/seed-43/real/klpo_mc,calibration,posttraining,posttraining,gru,klpo_mc,43,True,median,reference/US-natural/search/gru-10-s42,20839,20,0.015076328380940987,0.0005239957448403386,0.015085367371361437,0.0005248016974075758,0,13,50,True,True,validation_plateau,,,9334,,0.0,0.023618974999408238,8e5e0efb87f8514755cdc890e19ca591ea5774d8b751e731fe380fb29eb95625,1646,20,0,-0.0073683030489312224,-0.014916721486215857,0.1861622125777765,0.3705453609558418,-0.02004203142376182,0.013361354282507884,True,0.0,,181.68775332299992,0.014613358147947314,0.000462970232993673,0.0149826377183188,9.369066262218673e-05,0.015076328380940987,0.0,0.0149826377183188,9.369066262218673e-05
fold-002,posttraining/gru/seed-43/real/mae,calibration,posttraining,posttraining,gru,mae,43,True,median,reference/US-natural/search/gru-10-s42,20839,20,0.015076328380940987,0.0005239957448403386,0.015085367371361437,0.0005248016974075758,0,13,50,True,True,validation_plateau,,,9334,,0.0,0.023757496004691347,8e5e0efb87f8514755cdc890e19ca591ea5774d8b751e731fe380fb29eb95625,1646,20,0,-0.0073683030489312224,-0.014916721486215857,0.1861622125777765,0.3705453609558418,-0.02004203142376182,0.013361354282507884,True,0.0,,158.35531630000332,0.014613358147947314,0.000462970232993673,0.0149826377183188,9.369066262218673e-05,0.015076328380940987,0.0,0.0149826377183188,9.369066262218673e-05
fold-002,posttraining/gru/seed-43/real/neural_mae,calibration,posttraining,posttraining,gru,neural_mae,43,True,median,reference/US-natural/search/gru-10-s42,20839,20,0.014679587941535543,0.0005080220983792986,0.014701796558256156,0.0005094103615823554,11,19,50,False,True,validation_plateau,,,13642,,0.0,0.024223150991019793,7cfdbe7668b98515fe8df670de240502c299fa71a5c51af6e2b8d98286d89b2f,1646,20,0,0.0034296846852037354,0.006065609855749673,0.03420832613525911,0.06863436685746307,-0.006680677141253935,0.0,False,0.01475547906011343,,272.1926232079859,0.014613358147947314,6.62297935882291e-05,0.0149826377183188,-0.0003030497767832572,0.015076328380940987,-0.0003967404394054439,0.014727274479946668,-4.768653841112462e-05
fold-002,posttraining/gru/seed-43/real/neural_mse,calibration,posttraining,posttraining,gru,neural_mse,43,True,median,reference/US-natural/search/gru-10-s42,20839,20,0.014760506562318264,0.0005098430284189366,0.014795164958228404,0.0005115445957387256,11,19,50,False,True,validation_plateau,,,13642,,0.0,0.024351070998818614,e46647498a3fb79a377741ebd32b58e852ca410118f8e57d87f182222fda46c4,1646,20,0,-0.0007565205401413212,-0.008160541403291123,0.05507147852573511,0.11133087480822437,-0.013361354282507877,0.006680677141253935,False,0.01169602945446968,,261.6818045749678,0.014613358147947314,0.00014714841437095047,0.0149826377183188,-0.00022213115600053582,0.015076328380940987,-0.00031582181862272254,0.014779278976825396,-1.8772414507131976e-05
fold-002,posttraining/gru/seed-43/real/reinforce,calibration,posttraining,posttraining,gru,reinforce,43,True,median,reference/US-natural/search/gru-10-s42,20839,20,0.015076328380940987,0.0005239957448403386,0.015085367371361437,0.0005248016974075758,0,13,50,True,True,validation_plateau,,,9334,,0.0,0.0264966539980378,8e5e0efb87f8514755cdc890e19ca591ea5774d8b751e731fe380fb29eb95625,1646,20,0,-0.0073683030489312224,-0.014916721486215857,0.1861622125777765,0.3705453609558418,-0.02004203142376182,0.013361354282507884,True,0.0,,169.03364348202012,0.014613358147947314,0.000462970232993673,0.0149826377183188,9.369066262218673e-05,0.015076328380940987,0.0,0.0149826377183188,9.369066262218673e-05
fold-002,posttraining/gru/seed-44/real/expected,calibration,posttraining,posttraining,gru,expected,44,True,median,reference/US-natural/search/gru-10-s42,20839,20,0.015076328380940987,0.0005239957448403386,0.015085367371361437,0.0005248016974075758,0,13,50,True,True,validation_plateau,,,9334,,0.0,0.02434700400044676,8e5e0efb87f8514755cdc890e19ca591ea5774d8b751e731fe380fb29eb95625,1646,20,0,-0.0073683030489312224,-0.014916721486215857,0.1861622125777765,0.3705453609558418,-0.02004203142376182,0.013361354282507884,True,0.0,,167.9244160959497,0.014613358147947314,0.000462970232993673,0.0149826377183188,9.369066262218673e-05,0.015076328380940987,0.0,0.0149826377183188,9.369066262218673e-05
fold-002,posttraining/gru/seed-44/real/klpo_exact,calibration,posttraining,posttraining,gru,klpo_exact,44,True,median,reference/US-natural/search/gru-10-s42,20839,20,0.015076328380940987,0.0005239957448403386,0.015085367371361437,0.0005248016974075758,0,13,50,True,True,validation_plateau,,,9334,,0.0,0.024936370988143608,8e5e0efb87f8514755cdc890e19ca591ea5774d8b751e731fe380fb29eb95625,1646,20,0,-0.0073683030489312224,-0.014916721486215857,0.1861622125777765,0.3705453609558418,-0.02004203142376182,0.013361354282507884,True,0.0,,179.26614988798974,0.014613358147947314,0.000462970232993673,0.0149826377183188,9.369066262218673e-05,0.015076328380940987,0.0,0.0149826377183188,9.369066262218673e-05
fold-002,posttraining/gru/seed-44/real/klpo_full,calibration,posttraining,posttraining,gru,klpo_full,44,True,median,reference/US-natural/search/gru-10-s42,20839,20,0.015076328380940987,0.0005239957448403386,0.015085367371361437,0.0005248016974075758,0,13,50,True,True,validation_plateau,,,9334,,0.0,0.02470551799342502,8e5e0efb87f8514755cdc890e19ca591ea5774d8b751e731fe380fb29eb95625,1646,20,0,-0.0073683030489312224,-0.014916721486215857,0.1861622125777765,0.3705453609558418,-0.02004203142376182,0.013361354282507884,True,0.0,,182.39019906701287,0.014613358147947314,0.000462970232993673,0.0149826377183188,9.369066262218673e-05,0.015076328380940987,0.0,0.0149826377183188,9.369066262218673e-05
fold-002,posttraining/gru/seed-44/real/klpo_mc,calibration,posttraining,posttraining,gru,klpo_mc,44,True,median,reference/US-natural/search/gru-10-s42,20839,20,0.015076328380940987,0.0005239957448403386,0.015085367371361437,0.0005248016974075758,0,13,50,True,True,validation_plateau,,,9334,,0.0,0.023838146997150034,8e5e0efb87f8514755cdc890e19ca591ea5774d8b751e731fe380fb29eb95625,1646,20,0,-0.0073683030489312224,-0.014916721486215857,0.1861622125777765,0.3705453609558418,-0.02004203142376182,0.013361354282507884,True,0.0,,181.21031491097528,0.014613358147947314,0.000462970232993673,0.0149826377183188,9.369066262218673e-05,0.015076328380940987,0.0,0.0149826377183188,9.369066262218673e-05
fold-002,posttraining/gru/seed-44/real/mae,calibration,posttraining,posttraining,gru,mae,44,True,median,reference/US-natural/search/gru-10-s42,20839,20,0.015076328380940987,0.0005239957448403386,0.015085367371361437,0.0005248016974075758,0,13,50,True,True,validation_plateau,,,9334,,0.0,0.02370353401056491,8e5e0efb87f8514755cdc890e19ca591ea5774d8b751e731fe380fb29eb95625,1646,20,0,-0.0073683030489312224,-0.014916721486215857,0.1861622125777765,0.3705453609558418,-0.02004203142376182,0.013361354282507884,True,0.0,,162.37312073796056,0.014613358147947314,0.000462970232993673,0.0149826377183188,9.369066262218673e-05,0.015076328380940987,0.0,0.0149826377183188,9.369066262218673e-05
fold-002,posttraining/gru/seed-44/real/neural_mae,calibration,posttraining,posttraining,gru,neural_mae,44,True,median,reference/US-natural/search/gru-10-s42,20839,20,0.01462203526518121,0.0005054607942729435,0.014640453393195127,0.0005066223533906092,2,13,50,False,True,validation_plateau,,,9334,,0.0,0.023316847000387497,23617972483c9bad9d599595c537a781beb2206f098540203d8f0b15a1d71902,1646,17,3,-0.004137366823815697,-0.01078499863983073,0.003750476122607929,0.008034595153636869,-0.006680677141253935,0.0,False,0.012838657945394516,,183.62832034903113,0.014613358147947314,8.677117233896539e-06,0.0149826377183188,-0.00036060245313758975,0.015076328380940987,-0.0004542931157597765,0.014674533256389696,-5.249799120848539e-05
fold-002,posttraining/gru/seed-44/real/neural_mse,calibration,posttraining,posttraining,gru,neural_mse,44,True,median,reference/US-natural/search/gru-10-s42,20839,20,0.014616809650729378,0.0005054977401856689,0.014635151391994977,0.0005066207734510408,1,13,50,False,True,validation_plateau,,,9334,,0.0,0.024718912987736985,faeda93cae4d2d4764f30ebc534f47b7b693f217a08a887d67209e816738b643,1646,19,1,0.00363380915486978,-0.027524805979064575,0.0051638931665619146,0.009111397540607366,-0.006680677141253935,0.006680677141253935,False,0.01159584242850542,,180.70568741997704,0.014613358147947314,3.4515027820640476e-06,0.0149826377183188,-0.00036582806758942224,0.015076328380940987,-0.00045951873021160897,0.014664152204965636,-4.734255423625815e-05
fold-002,posttraining/gru/seed-44/real/reinforce,calibration,posttraining,posttraining,gru,reinforce,44,True,median,reference/US-natural/search/gru-10-s42,20839,20,0.015076328380940987,0.0005239957448403386,0.015085367371361437,0.0005248016974075758,0,13,50,True,True,validation_plateau,,,9334,,0.0,0.02350916799332481,8e5e0efb87f8514755cdc890e19ca591ea5774d8b751e731fe380fb29eb95625,1646,20,0,-0.0073683030489312224,-0.014916721486215857,0.1861622125777765,0.3705453609558418,-0.02004203142376182,0.013361354282507884,True,0.0,,172.5319347329787,0.014613358147947314,0.000462970232993673,0.0149826377183188,9.369066262218673e-05,0.015076328380940987,0.0,0.0149826377183188,9.369066262218673e-05
fold-002,posttraining/lstm/seed-42/real/expected,calibration,posttraining,posttraining,lstm,expected,42,True,median,reference/US-natural/search/lstm-10-s42,20839,20,0.015391429852864453,0.0005314239259225438,0.015402652916128108,0.0005324420128320918,2,13,50,False,True,validation_plateau,,,9334,,0.0,0.03202180899097584,75181b4bacc2a40cb86f0bdccf67fb4af413fc3be8ae5ccae123af456da57cdc,1646,20,0,0.007076528531915047,0.0181212380896748,0.27223349771810545,0.54567966143927,-0.02004203142376182,0.02004203142376182,False,0.02442371265358481,,176.3412813169998,0.014613358147947314,0.0007780717049171385,0.015022395269164632,0.0003690345836998201,0.015170019781750213,0.0002214100711142395,0.015287380557613922,0.00010404929525053078
fold-002,posttraining/lstm/seed-42/real/klpo_exact,calibration,posttraining,posttraining,lstm,klpo_exact,42,True,median,reference/US-natural/search/lstm-10-s42,20839,20,0.015170019781750213,0.0005254308024463684,0.015190343715827549,0.0005267821449310548,0,13,50,True,True,validation_plateau,,,9334,,0.0,0.02408810699125752,f1975b32a402ad81d5b72d0a404188725a97fbfb03fa95bfea61c1fd62627023,1646,20,0,-0.0005149081394742912,-0.0023394882714644944,0.2059260046889772,0.4147094216133354,-0.013361354282507877,0.02004203142376182,True,0.0,,178.71652516303584,0.014613358147947314,0.000556661633802899,0.015022395269164632,0.0001476245125855806,0.015170019781750213,0.0,0.015022395269164632,0.0001476245125855806
fold-002,posttraining/lstm/seed-42/real/klpo_full,calibration,posttraining,posttraining,lstm,klpo_full,42,True,median,reference/US-natural/search/lstm-10-s42,20839,20,0.015170019781750213,0.0005254308024463684,0.015190343715827549,0.0005267821449310548,0,13,50,True,True,validation_plateau,,,9334,,0.0,0.024200839005061425,f1975b32a402ad81d5b72d0a404188725a97fbfb03fa95bfea61c1fd62627023,1646,20,0,-0.0005149081394742912,-0.0023394882714644944,0.2059260046889772,0.4147094216133354,-0.013361354282507877,0.02004203142376182,True,0.0,,180.9477449110127,0.014613358147947314,0.000556661633802899,0.015022395269164632,0.0001476245125855806,0.015170019781750213,0.0,0.015022395269164632,0.0001476245125855806
fold-002,posttraining/lstm/seed-42/real/klpo_mc,calibration,posttraining,posttraining,lstm,klpo_mc,42,True,median,reference/US-natural/search/lstm-10-s42,20839,20,0.015170019781750213,0.0005254308024463684,0.015190343715827549,0.0005267821449310548,0,13,50,True,True,validation_plateau,,,9334,,0.0,0.023617141996510327,f1975b32a402ad81d5b72d0a404188725a97fbfb03fa95bfea61c1fd62627023,1646,20,0,-0.0005149081394742912,-0.0023394882714644944,0.2059260046889772,0.4147094216133354,-0.013361354282507877,0.02004203142376182,True,0.0,,185.81997280899668,0.014613358147947314,0.000556661633802899,0.015022395269164632,0.0001476245125855806,0.015170019781750213,0.0,0.015022395269164632,0.0001476245125855806
fold-002,posttraining/lstm/seed-42/real/mae,calibration,posttraining,posttraining,lstm,mae,42,True,median,reference/US-natural/search/lstm-10-s42,20839,20,0.015145579008404592,0.0005216994298537353,0.015154783288800027,0.0005226408997173574,2,13,50,False,True,validation_plateau,,,9334,,0.0,0.02356574501027353,d60b40d33236c82d04b3ae4aec92cbd04ac1e945e4a97b40c35d9c6dfff1e75f,1646,20,0,0.009157127441573865,0.017887584415542425,0.2095334027979697,0.41793532440723336,-0.026722708565015754,0.02004203142376182,False,0.02842349673376047,,161.3057592320256,0.014613358147947314,0.0005322208604572783,0.015022395269164632,0.00012318373923995984,0.015170019781750213,-2.4440773345620753e-05,0.015053216341707384,9.23626666972082e-05
fold-002,posttraining/lstm/seed-42/real/neural_mae,calibration,posttraining,posttraining,lstm,neural_mae,42,True,median,reference/US-natural/search/lstm-10-s42,20839,20,0.014613358147947314,0.0005046326583679745,0.014631835628770632,0.0005058218483762781,5,13,50,False,True,validation_plateau,,,9334,,0.0,0.01893805699364748,ae55e3ede661666c2c39208a84552f419c0b5242177984f087dc741042a42bfa,1646,0,20,,,0.0,0.0,0.0,0.0,False,0.02245186362415552,,182.42955309402896,0.014613358147947314,0.0,0.015022395269164632,-0.0004090371212173184,0.015170019781750213,-0.000556661633802899,0.014675951311002222,-6.25931630549078e-05
fold-002,posttraining/lstm/seed-42/real/neural_mse,calibration,posttraining,posttraining,lstm,neural_mse,42,True,median,reference/US-natural/search/lstm-10-s42,20839,20,0.014613358147947314,0.0005046326583679745,0.014631835628770632,0.0005058218483762781,6,14,50,False,True,validation_plateau,,,10052,,0.0,0.018343969000852667,b090293a876f408c20d797c2a4cd9a090a1be2c8a079efdddc33c45b378c105d,1646,0,20,,,0.0,0.0,0.0,0.0,False,0.021270751021802425,,200.23137919500005,0.014613358147947314,0.0,0.015022395269164632,-0.0004090371212173184,0.015170019781750213,-0.000556661633802899,0.0146108475390023,2.5106089450131763e-06
fold-002,posttraining/lstm/seed-42/real/reinforce,calibration,posttraining,posttraining,lstm,reinforce,42,True,median,reference/US-natural/search/lstm-10-s42,20839,20,0.015170019781750213,0.0005254308024463684,0.015190343715827549,0.0005267821449310548,0,13,50,True,True,validation_plateau,,,9334,,0.0,0.024496665006154217,f1975b32a402ad81d5b72d0a404188725a97fbfb03fa95bfea61c1fd62627023,1646,20,0,-0.0005149081394742912,-0.0023394882714644944,0.2059260046889772,0.4147094216133354,-0.013361354282507877,0.02004203142376182,True,0.0,,176.97942180704558,0.014613358147947314,0.000556661633802899,0.015022395269164632,0.0001476245125855806,0.015170019781750213,0.0,0.015022395269164632,0.0001476245125855806
fold-002,posttraining/lstm/seed-43/real/expected,calibration,posttraining,posttraining,lstm,expected,43,True,median,reference/US-natural/search/lstm-10-s42,20839,20,0.015170019781750213,0.0005254308024463684,0.015190343715827549,0.0005267821449310548,0,13,50,True,True,validation_plateau,,,9334,,0.0,0.02382968099846039,f1975b32a402ad81d5b72d0a404188725a97fbfb03fa95bfea61c1fd62627023,1646,20,0,-0.0005149081394742912,-0.0023394882714644944,0.2059260046889772,0.4147094216133354,-0.013361354282507877,0.02004203142376182,True,0.0,,172.75388247298542,0.014613358147947314,0.000556661633802899,0.015022395269164632,0.0001476245125855806,0.015170019781750213,0.0,0.015022395269164632,0.0001476245125855806
fold-002,posttraining/lstm/seed-43/real/klpo_exact,calibration,posttraining,posttraining,lstm,klpo_exact,43,True,median,reference/US-natural/search/lstm-10-s42,20839,20,0.015170019781750213,0.0005254308024463684,0.015190343715827549,0.0005267821449310548,0,13,50,True,True,validation_plateau,,,9334,,0.0,0.02347850101068616,f1975b32a402ad81d5b72d0a404188725a97fbfb03fa95bfea61c1fd62627023,1646,20,0,-0.0005149081394742912,-0.0023394882714644944,0.2059260046889772,0.4147094216133354,-0.013361354282507877,0.02004203142376182,True,0.0,,173.43977768800687,0.014613358147947314,0.000556661633802899,0.015022395269164632,0.0001476245125855806,0.015170019781750213,0.0,0.015022395269164632,0.0001476245125855806
fold-002,posttraining/lstm/seed-43/real/klpo_full,calibration,posttraining,posttraining,lstm,klpo_full,43,True,median,reference/US-natural/search/lstm-10-s42,20839,20,0.015170019781750213,0.0005254308024463684,0.015190343715827549,0.0005267821449310548,0,13,50,True,True,validation_plateau,,,9334,,0.0,0.025199886003974825,f1975b32a402ad81d5b72d0a404188725a97fbfb03fa95bfea61c1fd62627023,1646,20,0,-0.0005149081394742912,-0.0023394882714644944,0.2059260046889772,0.4147094216133354,-0.013361354282507877,0.02004203142376182,True,0.0,,177.8107942850329,0.014613358147947314,0.000556661633802899,0.015022395269164632,0.0001476245125855806,0.015170019781750213,0.0,0.015022395269164632,0.0001476245125855806
fold-002,posttraining/lstm/seed-43/real/klpo_mc,calibration,posttraining,posttraining,lstm,klpo_mc,43,True,median,reference/US-natural/search/lstm-10-s42,20839,20,0.015170019781750213,0.0005254308024463684,0.015190343715827549,0.0005267821449310548,0,13,50,True,True,validation_plateau,,,9334,,0.0,0.024499740000464953,f1975b32a402ad81d5b72d0a404188725a97fbfb03fa95bfea61c1fd62627023,1646,20,0,-0.0005149081394742912,-0.0023394882714644944,0.2059260046889772,0.4147094216133354,-0.013361354282507877,0.02004203142376182,True,0.0,,189.54518051201012,0.014613358147947314,0.000556661633802899,0.015022395269164632,0.0001476245125855806,0.015170019781750213,0.0,0.015022395269164632,0.0001476245125855806
fold-002,posttraining/lstm/seed-43/real/mae,calibration,posttraining,posttraining,lstm,mae,43,True,median,reference/US-natural/search/lstm-10-s42,20839,20,0.01508828719813983,0.0005215584265564766,0.015121793077640102,0.0005235775150081354,2,13,50,False,True,validation_plateau,,,9334,,0.0,0.02412403401103802,e5df8a461f45bfa9a8ed7c199772f6b7be77f7f3cfc89f86253b75c39475513e,1646,20,0,0.0016176420885969833,0.0020116529896070435,0.18670396351296406,0.37326785110394073,-0.02004203142376182,0.013361354282507884,False,0.021008847678918776,,167.28828998404788,0.014613358147947314,0.00047492905019251574,0.015022395269164632,6.589192897519733e-05,0.015170019781750213,-8.173258361038327e-05,0.014966886594717227,0.00012140060342260249
fold-002,posttraining/lstm/seed-43/real/neural_mae,calibration,posttraining,posttraining,lstm,neural_mae,43,True,median,reference/US-natural/search/lstm-10-s42,20839,20,0.01461389574281528,0.0005046456170869224,0.01463247679937779,0.0005058371656691866,4,13,50,False,True,validation_plateau,,,9334,,0.0,0.0192646500072442,50a48fd3f043c9a09bf46e19e1c3e8b43bc18ae1028a61ef7ba098a2b0c9a0da,1646,4,16,-0.0086679783751787,-0.002003815326418092,4.45632798573975e-05,0.000169596676231233,-0.006680677141253935,0.0,False,0.022752607706934214,,182.16910437098704,0.014613358147947314,5.375948679657572e-07,0.015022395269164632,-0.00040849952634935266,0.015170019781750213,-0.0005561240389349333,0.014632903176321922,-1.9007433506641747e-05
fold-002,posttraining/lstm/seed-43/real/neural_mse,calibration,posttraining,posttraining,lstm,neural_mse,43,True,median,reference/US-natural/search/lstm-10-s42,20839,20,0.014640649445704552,0.0005056421464946243,0.014663437546576048,0.0005069930410113552,9,17,50,False,True,validation_plateau,,,12206,,0.0,0.022056788991903886,5faa2e775b405117e2d4c44699078b4ae0530b288a0d998358c4fdff37493166,1646,10,10,0.015345283921939448,0.005684726137281531,0.0069698787726333615,0.015147363321898324,-0.006680677141253935,0.0,False,0.02350026462227106,,239.11129113897914,0.014613358147947314,2.7291297757237737e-05,0.015022395269164632,-0.0003817458234600807,0.015170019781750213,-0.0005293703360456613,0.014699963933824153,-5.931448811960158e-05
fold-002,posttraining/lstm/seed-43/real/reinforce,calibration,posttraining,posttraining,lstm,reinforce,43,True,median,reference/US-natural/search/lstm-10-s42,20839,20,0.015170019781750213,0.0005254308024463684,0.015190343715827549,0.0005267821449310548,0,13,50,True,True,validation_plateau,,,9334,,0.0,0.024017093994189054,f1975b32a402ad81d5b72d0a404188725a97fbfb03fa95bfea61c1fd62627023,1646,20,0,-0.0005149081394742912,-0.0023394882714644944,0.2059260046889772,0.4147094216133354,-0.013361354282507877,0.02004203142376182,True,0.0,,170.86532542202622,0.014613358147947314,0.000556661633802899,0.015022395269164632,0.0001476245125855806,0.015170019781750213,0.0,0.015022395269164632,0.0001476245125855806
fold-002,posttraining/lstm/seed-44/real/expected,calibration,posttraining,posttraining,lstm,expected,44,True,median,reference/US-natural/search/lstm-10-s42,20839,20,0.015170019781750213,0.0005254308024463684,0.015190343715827549,0.0005267821449310548,0,13,50,True,True,validation_plateau,,,9334,,0.0,0.023405033003655262,f1975b32a402ad81d5b72d0a404188725a97fbfb03fa95bfea61c1fd62627023,1646,20,0,-0.0005149081394742912,-0.0023394882714644944,0.2059260046889772,0.4147094216133354,-0.013361354282507877,0.02004203142376182,True,0.0,,170.04967512801522,0.014613358147947314,0.000556661633802899,0.015022395269164632,0.0001476245125855806,0.015170019781750213,0.0,0.015022395269164632,0.0001476245125855806
fold-002,posttraining/lstm/seed-44/real/klpo_exact,calibration,posttraining,posttraining,lstm,klpo_exact,44,True,median,reference/US-natural/search/lstm-10-s42,20839,20,0.015170019781750213,0.0005254308024463684,0.015190343715827549,0.0005267821449310548,0,13,50,True,True,validation_plateau,,,9334,,0.0,0.024293262002174743,f1975b32a402ad81d5b72d0a404188725a97fbfb03fa95bfea61c1fd62627023,1646,20,0,-0.0005149081394742912,-0.0023394882714644944,0.2059260046889772,0.4147094216133354,-0.013361354282507877,0.02004203142376182,True,0.0,,177.10325091396226,0.014613358147947314,0.000556661633802899,0.015022395269164632,0.0001476245125855806,0.015170019781750213,0.0,0.015022395269164632,0.0001476245125855806
fold-002,posttraining/lstm/seed-44/real/klpo_full,calibration,posttraining,posttraining,lstm,klpo_full,44,True,median,reference/US-natural/search/lstm-10-s42,20839,20,0.015170019781750213,0.0005254308024463684,0.015190343715827549,0.0005267821449310548,0,13,50,True,True,validation_plateau,,,9334,,0.0,0.02535287399950903,f1975b32a402ad81d5b72d0a404188725a97fbfb03fa95bfea61c1fd62627023,1646,20,0,-0.0005149081394742912,-0.0023394882714644944,0.2059260046889772,0.4147094216133354,-0.013361354282507877,0.02004203142376182,True,0.0,,175.85449181997683,0.014613358147947314,0.000556661633802899,0.015022395269164632,0.0001476245125855806,0.015170019781750213,0.0,0.015022395269164632,0.0001476245125855806
fold-002,posttraining/lstm/seed-44/real/klpo_mc,calibration,posttraining,posttraining,lstm,klpo_mc,44,True,median,reference/US-natural/search/lstm-10-s42,20839,20,0.015170019781750213,0.0005254308024463684,0.015190343715827549,0.0005267821449310548,0,13,50,True,True,validation_plateau,,,9334,,0.0,0.02396291100012604,f1975b32a402ad81d5b72d0a404188725a97fbfb03fa95bfea61c1fd62627023,1646,20,0,-0.0005149081394742912,-0.0023394882714644944,0.2059260046889772,0.4147094216133354,-0.013361354282507877,0.02004203142376182,True,0.0,,179.59959432302276,0.014613358147947314,0.000556661633802899,0.015022395269164632,0.0001476245125855806,0.015170019781750213,0.0,0.015022395269164632,0.0001476245125855806
fold-002,posttraining/lstm/seed-44/real/mae,calibration,posttraining,posttraining,lstm,mae,44,True,median,reference/US-natural/search/lstm-10-s42,20839,20,0.015068536778928466,0.0005209739074867835,0.01508973059902704,0.0005224738749374652,4,13,50,False,True,validation_plateau,,,9334,,0.0,0.023962791994563304,084974cc741780ba657ef16bd39fe5630b12ce4b3c38dca93403ac20c7c92a8c,1646,20,0,0.0076640787603683815,0.012820453661944384,0.17678363546432307,0.3501487196622637,-0.02004203142376182,0.02004203142376182,False,0.0238251614892274,,164.17353608895792,0.014613358147947314,0.00045517863098115154,0.015022395269164632,4.614150976383312e-05,0.015170019781750213,-0.00010148300282174748,0.014960688320225676,0.00010784845870278996
fold-002,posttraining/lstm/seed-44/real/neural_mae,calibration,posttraining,posttraining,lstm,neural_mae,44,True,median,reference/US-natural/search/lstm-10-s42,20839,20,0.014620588184156971,0.0005046673843249419,0.014639271577443002,0.0005058660500910165,3,13,50,False,True,validation_plateau,,,9334,,0.0,0.023085952998371795,d83129221866a5700eac574be98d057e49dcdef8533333b72b254fa2d5e26934,1646,20,0,0.005236383052247835,0.00951158303192071,0.0036383096771211085,0.006842380326938931,-0.006680677141253935,0.006680677141253935,False,0.020697206258773804,,189.01729515899206,0.014613358147947314,7.230036209657231e-06,0.015022395269164632,-0.0004018070850076612,0.015170019781750213,-0.0005494315975932418,0.014675828316116857,-5.524013195988553e-05
fold-002,posttraining/lstm/seed-44/real/neural_mse,calibration,posttraining,posttraining,lstm,neural_mse,44,True,median,reference/US-natural/search/lstm-10-s42,20839,20,0.014625034542312135,0.0005054411185980013,0.014645731280207247,0.0005067863336357204,11,19,50,False,True,validation_plateau,,,13642,,0.0,0.020459596009459347,ef773d26a23c774e479ce7750296b28e9d1c34e04d8d798e3c6dbec7ba1bea0a,1646,9,11,0.014154866217817573,0.004941723834407289,0.005995949346841443,0.012016038018953522,-0.006680677141253935,0.0,False,0.022774402052164078,,271.7955153459916,0.014613358147947314,1.1676394364820708e-05,0.015022395269164632,-0.0003973607268524977,0.015170019781750213,-0.0005449852394380783,0.014633336877139547,-8.302334827412286e-06
fold-002,posttraining/lstm/seed-44/real/reinforce,calibration,posttraining,posttraining,lstm,reinforce,44,True,median,reference/US-natural/search/lstm-10-s42,20839,20,0.015170019781750213,0.0005254308024463684,0.015190343715827549,0.0005267821449310548,0,13,50,True,True,validation_plateau,,,9334,,0.0,0.028270258000702597,f1975b32a402ad81d5b72d0a404188725a97fbfb03fa95bfea61c1fd62627023,1646,20,0,-0.0005149081394742912,-0.0023394882714644944,0.2059260046889772,0.4147094216133354,-0.013361354282507877,0.02004203142376182,True,0.0,,167.16736327699618,0.014613358147947314,0.000556661633802899,0.015022395269164632,0.0001476245125855806,0.015170019781750213,0.0,0.015022395269164632,0.0001476245125855806
fold-002,posttraining/ridge/seed-42/real/expected,calibration,posttraining,posttraining,ridge,expected,42,True,median,tabular/ridge-a1.0,20839,20,0.06319841175737408,0.004498083971600508,0.06337661312753903,0.004518615181666004,16,24,50,False,True,validation_plateau,,,17232,,0.0,0.029569799997261725,40ba9dcadede3b00bfc94886d4e1bc13840080d7d801fab63f8ed4cc6cd052a9,1646,10,10,-0.028539508289441906,-0.0663572137300987,0.493688719185179,1.0,-0.026722708565015754,0.06680677141253939,False,0.05749922784538214,,299.55259675200796,0.014613358147947314,0.04858505360942676,0.13306113557034127,-0.0698627238129672,0.06524721635523748,-0.002048804597863399,0.10683987908450465,-0.043641467327130576
fold-002,posttraining/ridge/seed-42/real/klpo_exact,calibration,posttraining,posttraining,ridge,klpo_exact,42,True,median,tabular/ridge-a1.0,20839,20,0.016405306428294648,0.0005687373261899794,0.016443809849281704,0.0005704621164577232,36,44,50,False,True,validation_plateau,,,31592,,0.0,0.024386196993873455,38e14745423986ba3797bdc12e379f1b0e01cff658c345f50a215ce05541a996,1646,20,0,-0.01626636356117482,0.001836028013040366,0.3514778730211686,0.7071447130978818,-0.053445417130031515,0.0334033857062697,False,0.276248314138636,,589.4189304299653,0.014613358147947314,0.0017919482803473337,0.13306113557034127,-0.11665582914204663,0.06524721635523748,-0.04884190992694283,0.016326507937036293,7.879849125835489e-05
fold-002,posttraining/ridge/seed-42/real/klpo_full,calibration,posttraining,posttraining,ridge,klpo_full,42,True,median,tabular/ridge-a1.0,20839,20,0.03866593916442214,0.001952307221625931,0.03918896389860828,0.0019992186114212835,46,50,50,False,False,budget_exhausted,,,35900,,0.0,0.02481294899189379,a18a4e338c52349715ae76ece4dbd8c7ef6a03eff1bf9ddb27c2f802cffc93ea,1646,20,0,-0.007479959509243126,-0.009200984571017052,0.4927782723689397,0.9981440429053683,-0.02004203142376182,0.06680677141253939,False,0.22732527288569268,,659.0810838370235,0.014613358147947314,0.024052581016474825,0.13306113557034127,-0.09439519640591913,0.06524721635523748,-0.026581277190815336,0.039658729698855644,-0.0009927905344335047
fold-002,posttraining/ridge/seed-42/real/klpo_mc,calibration,posttraining,posttraining,ridge,klpo_mc,42,True,median,tabular/ridge-a1.0,20839,20,0.038774942424016086,0.0019611139559881077,0.03929960562289411,0.0020082182052942603,46,50,50,False,False,budget_exhausted,,,35900,,0.0,0.024688014993444085,595b257d0d482d0a8e1537138554149e4ccf068657e4a6505fbcfce103ebd90a,1646,20,0,-0.007845218561851417,-0.010389448922118969,0.49272486186279485,0.99808578975267,-0.02004203142376182,0.06680677141253939,False,0.22865767601101278,,683.0211641379865,0.014613358147947314,0.024161584276068772,0.13306113557034127,-0.09428619314632519,0.06524721635523748,-0.02647227393122139,0.03978137992800349,-0.0010064375039874063
fold-002,posttraining/ridge/seed-42/real/mae,calibration,posttraining,posttraining,ridge,mae,42,True,median,tabular/ridge-a1.0,20839,20,0.06243179079434236,0.0044028354336638955,0.06264300371938199,0.004427359167256168,23,31,50,False,True,validation_plateau,,,22258,,0.0,0.022268837012234144,1e2b02b256466db4a369bed83b9c088ec24a3ecafe447598754ae6652cdde4f2,1646,12,8,-0.002733275104968777,-0.03521691260633992,0.493688719185179,1.0,-0.013361354282507877,0.06680677141253939,False,0.08920089239907397,,380.0888133860426,0.014613358147947314,0.04781843264639504,0.13306113557034127,-0.07062934477599891,0.06524721635523748,-0.0028154255608951184,0.09608385793180313,-0.03365206713746077
fold-002,posttraining/ridge/seed-42/real/reinforce,calibration,posttraining,posttraining,ridge,reinforce,42,True,median,tabular/ridge-a1.0,20839,20,0.06362875868723844,0.004547701791121355,0.06379396543571249,0.004566780957170207,16,24,50,False,True,validation_plateau,,,17232,,0.0,0.021506074001081288,f64ba0d8fbf62a1103b2012c6beb5edb59ae7008b5fc63d62e99d4e8032667e8,1646,9,11,-0.009280533769651551,-0.02764935756549023,0.493688719185179,1.0,-0.026722708565015754,0.06680677141253939,False,0.05628949883567269,,320.4863890269771,0.014613358147947314,0.049015400539291126,0.13306113557034127,-0.06943237688310283,0.06524721635523748,-0.0016184576679990348,0.10760417646240292,-0.04397541777516448
fold-002,posttraining/ridge/seed-43/real/expected,calibration,posttraining,posttraining,ridge,expected,43,True,median,tabular/ridge-a1.0,20839,20,0.06358469570272358,0.0045383085520396185,0.06374731067932929,0.00455727532834639,17,25,50,False,True,validation_plateau,,,17950,,0.0,0.021399564007879235,9c763f8f0a61b8ad093223ba020c2ab484221dc20e35f4e78ddf503e786cba3d,1646,11,9,-0.018880888028857325,-0.07619815335299128,0.493688719185179,1.0,-0.02004203142376182,0.06680677141253939,False,0.06790840924990199,,317.0006867250195,0.014613358147947314,0.04897133755477627,0.13306113557034127,-0.06947643986761769,0.06524721635523748,-0.0016625206525138908,0.10647982282478374,-0.04289512712206016
fold-002,posttraining/ridge/seed-43/real/klpo_exact,calibration,posttraining,posttraining,ridge,klpo_exact,43,True,median,tabular/ridge-a1.0,20839,20,0.016372347808928177,0.0005741037331270039,0.01635369901514828,0.0005737275906439803,42,50,50,False,False,validation_plateau,,,35900,,0.0,0.02467890700791031,9c302345bed43cd64ad36be4be4f5aad341f3df26b585c3fe2c1fb2a018c1f5a,1646,20,0,-0.013277693283921916,0.005176818393727754,0.33344101459684217,0.6671962752583914,-0.06012609427128545,0.026722708565015754,False,0.288959518943016,,664.7249792090151,0.014613358147947314,0.0017589896609808628,0.13306113557034127,-0.11668878776141309,0.06524721635523748,-0.0488748685463093,0.016294135494774747,7.821231415343008e-05
fold-002,posttraining/ridge/seed-43/real/klpo_full,calibration,posttraining,posttraining,ridge,klpo_full,43,True,median,tabular/ridge-a1.0,20839,20,0.028065804257805034,0.0011857125295101636,0.02850980781233723,0.0012156768281739953,49,50,50,False,False,budget_exhausted,,,35900,,0.0,0.024534084994229488,22b8cd4899a6adbab04ce8b05f19bd3e42c312bba921087ea4cb7c35f41ce726,1646,20,0,-0.01016363756329113,-0.006220979049623997,0.48311426604257457,0.9752201360699153,-0.04008406284752364,0.06680677141253939,False,0.26459313805159573,,673.7231021619518,0.014613358147947314,0.01345244610985772,0.13306113557034127,-0.10499533131253624,0.06524721635523748,-0.03718141209743244,0.028166584198329143,-0.00010077994052410874
fold-002,posttraining/ridge/seed-43/real/klpo_mc,calibration,posttraining,posttraining,ridge,klpo_mc,43,True,median,tabular/ridge-a1.0,20839,20,0.027737431204180152,0.0011649384626679464,0.0281730285497854,0.0011940896598219947,49,50,50,False,False,budget_exhausted,,,35900,,0.0,0.024090432008961216,77164a886bde550b93df7d3a214ad1fb544cbf048408d90fd464186da9a21c54,1646,20,0,-0.008553325940498385,-0.004957905334909789,0.48267941681168314,0.9730585093911218,-0.04008406284752364,0.06680677141253939,False,0.26737625457347314,,685.946667648037,0.014613358147947314,0.013124073056232838,0.13306113557034127,-0.10532370436616112,0.06524721635523748,-0.03750978515105732,0.027841761859442215,-0.00010433065526206306
fold-002,posttraining/ridge/seed-43/real/mae,calibration,posttraining,posttraining,ridge,mae,43,True,median,tabular/ridge-a1.0,20839,20,0.06294462134350325,0.004457676678556418,0.06313860843723958,0.004480480613355042,17,25,50,False,True,validation_plateau,,,17950,,0.0,0.02195653998933267,d112210a6c383445f3337ba54bd2f42297df4e0bb92720222bddf35e5c17533d,1646,12,8,-0.0009084738077458008,-0.029659353615605705,0.493688719185179,1.0,-0.02004203142376182,0.06680677141253939,False,0.08637480047835472,,309.20009813597426,0.014613358147947314,0.04833126319555593,0.13306113557034127,-0.07011651422683803,0.06524721635523748,-0.002302595011734229,0.09796578438763279,-0.03502116304412954
fold-002,posttraining/ridge/seed-43/real/reinforce,calibration,posttraining,posttraining,ridge,reinforce,43,True,median,tabular/ridge-a1.0,20839,20,0.06303349003498253,0.004467002145523711,0.06321331617041036,0.004488241271641237,20,28,50,False,True,validation_plateau,,,20104,,0.0,0.022584581005503424,5fafa7385193e6325d137f61c7849fe720b202ce32571f8498ffac24534e00ff,1646,12,8,-0.012369549344867262,-0.05853585396635833,0.493688719185179,1.0,-0.026722708565015754,0.06680677141253939,False,0.07066111939785458,,361.2379468160216,0.014613358147947314,0.048420131887035214,0.13306113557034127,-0.07002764553535874,0.06524721635523748,-0.0022137263202549468,0.10378170098613833,-0.0407482109511558
fold-002,posttraining/ridge/seed-44/real/expected,calibration,posttraining,posttraining,ridge,expected,44,True,median,tabular/ridge-a1.0,20839,20,0.0636924794697263,0.0045501704123352745,0.06385235429965502,0.0045688640950016235,16,24,50,False,True,validation_plateau,,,17232,,0.0,0.021277453997754492,9aa5d88f6d3976b96645abe6759bc0dceed8b9c2ab8c860da5ef8f9c3b3982ee,1646,10,10,-0.027792042637336874,-0.058911414684996444,0.493688719185179,1.0,-0.013361354282507877,0.06680677141253939,False,0.06086455183536954,,300.8281224799575,0.014613358147947314,0.04907912132177898,0.13306113557034127,-0.06936865610061498,0.06524721635523748,-0.0015547368855111793,0.10690543300536044,-0.04321295353563415
fold-002,posttraining/ridge/seed-44/real/klpo_exact,calibration,posttraining,posttraining,ridge,klpo_exact,44,True,median,tabular/ridge-a1.0,20839,20,0.01630902018554819,0.0005684163048797034,0.016299071545018935,0.0005683497620553315,41,49,50,False,True,validation_plateau,,,35182,,0.0,0.023874296006397344,cbc8fc12a99ab9cb6018a262a680d29eef83921ce661513fbbb94b6e850e3e6a,1646,20,0,-0.015622555423122667,0.0017277304489756707,0.3371436159603887,0.6732890415081384,-0.053445417130031515,0.026722708565015754,False,0.2824459388881993,,654.2447247040001,0.014613358147947314,0.0016956620376008744,0.13306113557034127,-0.11675211538479308,0.06524721635523748,-0.04893819616968929,0.01621795486882865,9.10653167195373e-05
fold-002,posttraining/ridge/seed-44/real/klpo_full,calibration,posttraining,posttraining,ridge,klpo_full,44,True,median,tabular/ridge-a1.0,20839,20,0.026613314692130012,0.001105676614304134,0.027104049481462077,0.0011381592235391975,49,50,50,False,False,budget_exhausted,,,35900,,0.0,0.024714354003663175,1ebe6cbc2e76df161c12063205409c85e4161c0539eeb6e7b23541366cbfdddf,1646,20,0,-0.0025699223220348793,0.004291538436385428,0.48535243210266293,0.9793550690345812,-0.04008406284752364,0.060126094271285443,False,0.2456866147407564,,668.8311237960006,0.014613358147947314,0.011999956544182698,0.13306113557034127,-0.10644782087821125,0.06524721635523748,-0.03863390166310746,0.026726050233072528,-0.0001127355409425157
fold-002,posttraining/ridge/seed-44/real/klpo_mc,calibration,posttraining,posttraining,ridge,klpo_mc,44,True,median,tabular/ridge-a1.0,20839,20,0.026624430384388064,0.0011067599658411604,0.027117646040266154,0.001139375169830859,49,50,50,False,False,budget_exhausted,,,35900,,0.0,0.024524617998395115,a19347c7bc88dd6375223b1a5f492c70fe542e929a07311c3abd29f299930a4a,1646,20,0,-0.004284179048472761,0.003748022774133361,0.48489602872972276,0.978600431210835,-0.04008406284752364,0.060126094271285443,False,0.24489577515234243,,637.9398562790061,0.014613358147947314,0.01201107223644075,0.13306113557034127,-0.1064367051859532,0.06524721635523748,-0.03862278597084941,0.026740333924871094,-0.00011590354048303039
fold-002,posttraining/ridge/seed-44/real/mae,calibration,posttraining,posttraining,ridge,mae,44,True,median,tabular/ridge-a1.0,20839,20,0.06318143438128407,0.004483597796060082,0.06336474963058696,0.004505287840167949,16,24,50,False,True,validation_plateau,,,17232,,0.0,0.022051248990464956,7b5a198d0e9b3df8fc4098863bf008e65388432f7085bc9b5ce9523eb772b082,1646,12,8,-0.005500722637655294,-0.04838423864112556,0.493688719185179,1.0,-0.013361354282507877,0.06680677141253939,False,0.07679354953767056,,293.5036938559497,0.014613358147947314,0.048568076233336754,0.13306113557034127,-0.0698797011890572,0.06524721635523748,-0.0020657819739534067,0.09957675652637707,-0.036395322145093
fold-002,posttraining/ridge/seed-44/real/reinforce,calibration,posttraining,posttraining,ridge,reinforce,44,True,median,tabular/ridge-a1.0,20839,20,0.06370912138745637,0.004553512388774926,0.06386687231661722,0.004571880923392856,31,39,50,False,True,validation_plateau,,,28002,,0.0,0.02168838599754963,0bee95c474fd5bac9e86a1b9bd5f744f85a94b927dabcf21218bf779448d0f08,1646,12,8,-0.0032797481893353073,-0.0512001308229319,0.493688719185179,1.0,-0.013361354282507877,0.06680677141253939,False,0.0722054590574262,,498.8179467099835,0.014613358147947314,0.04909576323950905,0.13306113557034127,-0.0693520141828849,0.06524721635523748,-0.001538094967781109,0.10772095056105446,-0.0440118291735981
fold-002,posttraining/rnn/seed-42/real/expected,calibration,posttraining,posttraining,rnn,expected,42,True,median,reference/US-natural/search/rnn-10-s42,20839,20,0.014897393477326775,0.0005142631268786148,0.014914860253994716,0.0005153935765049758,0,13,50,True,True,validation_plateau,,,9334,,0.0,0.03203110699541867,48408fe6c66c0b53f28b7b3e6923ee1e66a8464ad892b8fa2f27cfac7b765999,1646,20,0,-0.00042143551638230503,-0.012384846893131119,0.1471876952144323,0.28664066071435285,-0.02004203142376182,0.013361354282507884,True,0.0,,169.55925224197563,0.014613358147947314,0.0002840353293794614,0.014834123889681217,6.326958764555843e-05,0.014897393477326775,0.0,0.014834123889681217,6.326958764555843e-05
fold-002,posttraining/rnn/seed-42/real/klpo_exact,calibration,posttraining,posttraining,rnn,klpo_exact,42,True,median,reference/US-natural/search/rnn-10-s42,20839,20,0.014897393477326775,0.0005142631268786148,0.014914860253994716,0.0005153935765049758,0,13,50,True,True,validation_plateau,,,9334,,0.0,0.02389800999662839,48408fe6c66c0b53f28b7b3e6923ee1e66a8464ad892b8fa2f27cfac7b765999,1646,20,0,-0.00042143551638230503,-0.012384846893131119,0.1471876952144323,0.28664066071435285,-0.02004203142376182,0.013361354282507884,True,0.0,,176.35528417298337,0.014613358147947314,0.0002840353293794614,0.014834123889681217,6.326958764555843e-05,0.014897393477326775,0.0,0.014834123889681217,6.326958764555843e-05
fold-002,posttraining/rnn/seed-42/real/klpo_full,calibration,posttraining,posttraining,rnn,klpo_full,42,True,median,reference/US-natural/search/rnn-10-s42,20839,20,0.014897393477326775,0.0005142631268786148,0.014914860253994716,0.0005153935765049758,0,13,50,True,True,validation_plateau,,,9334,,0.0,0.024304043006850407,48408fe6c66c0b53f28b7b3e6923ee1e66a8464ad892b8fa2f27cfac7b765999,1646,20,0,-0.00042143551638230503,-0.012384846893131119,0.1471876952144323,0.28664066071435285,-0.02004203142376182,0.013361354282507884,True,0.0,,183.9774540240178,0.014613358147947314,0.0002840353293794614,0.014834123889681217,6.326958764555843e-05,0.014897393477326775,0.0,0.014834123889681217,6.326958764555843e-05
fold-002,posttraining/rnn/seed-42/real/klpo_mc,calibration,posttraining,posttraining,rnn,klpo_mc,42,True,median,reference/US-natural/search/rnn-10-s42,20839,20,0.014897393477326775,0.0005142631268786148,0.014914860253994716,0.0005153935765049758,0,13,50,True,True,validation_plateau,,,9334,,0.0,0.023519928989117034,48408fe6c66c0b53f28b7b3e6923ee1e66a8464ad892b8fa2f27cfac7b765999,1646,20,0,-0.00042143551638230503,-0.012384846893131119,0.1471876952144323,0.28664066071435285,-0.02004203142376182,0.013361354282507884,True,0.0,,185.0677388680051,0.014613358147947314,0.0002840353293794614,0.014834123889681217,6.326958764555843e-05,0.014897393477326775,0.0,0.014834123889681217,6.326958764555843e-05
fold-002,posttraining/rnn/seed-42/real/mae,calibration,posttraining,posttraining,rnn,mae,42,True,median,reference/US-natural/search/rnn-10-s42,20839,20,0.014897393477326775,0.0005142631268786148,0.014914860253994716,0.0005153935765049758,0,13,50,True,True,validation_plateau,,,9334,,0.0,0.02426646299136337,48408fe6c66c0b53f28b7b3e6923ee1e66a8464ad892b8fa2f27cfac7b765999,1646,20,0,-0.00042143551638230503,-0.012384846893131119,0.1471876952144323,0.28664066071435285,-0.02004203142376182,0.013361354282507884,True,0.0,,165.01979376701638,0.014613358147947314,0.0002840353293794614,0.014834123889681217,6.326958764555843e-05,0.014897393477326775,0.0,0.014834123889681217,6.326958764555843e-05
fold-002,posttraining/rnn/seed-42/real/neural_mae,calibration,posttraining,posttraining,rnn,neural_mae,42,True,median,reference/US-natural/search/rnn-10-s42,20839,20,0.014618890009895663,0.000504752739241457,0.014637275569033308,0.0005059409603995555,4,13,50,False,True,validation_plateau,,,9334,,0.0,0.02259604299615603,ef517bbacc7f87031d19ca81d7e0e6d6dbfeb760c040841802bbd8a0927bd534,1646,16,4,0.0025751489962296953,0.0034247850849759196,0.00150826675667002,0.0028670853175768478,0.0,0.006680677141253935,False,0.02065228996798396,,177.51777638599742,0.014613358147947314,5.531861948349093e-06,0.014834123889681217,-0.00021523387978555387,0.014897393477326775,-0.0002785034674311123,0.014705403359653996,-8.651334975833327e-05
fold-002,posttraining/rnn/seed-42/real/neural_mse,calibration,posttraining,posttraining,rnn,neural_mse,42,True,median,reference/US-natural/search/rnn-10-s42,20839,20,0.014609270529698279,0.0005047207358743249,0.014627994681590165,0.0005058956670352681,9,17,50,False,True,validation_plateau,,,12206,,0.0,0.024032411994994618,ddae38df748a9f6af4b0a49de748686f9c3e3dafc847e9767e31593767fa26cd,1646,20,0,0.009691796180134195,-0.0006819421547364872,0.0030481600638216618,0.004939567719652425,-0.006680677141253935,0.0,False,0.016587909311056137,,230.48914744798094,0.014613358147947314,-4.087618249035141e-06,0.014834123889681217,-0.0002248533599829381,0.014897393477326775,-0.00028812294762849654,0.01468708506983894,-7.781454014066033e-05
fold-002,posttraining/rnn/seed-42/real/reinforce,calibration,posttraining,posttraining,rnn,reinforce,42,True,median,reference/US-natural/search/rnn-10-s42,20839,20,0.014897393477326775,0.0005142631268786148,0.014914860253994716,0.0005153935765049758,0,13,50,True,True,validation_plateau,,,9334,,0.0,0.023915562996990047,48408fe6c66c0b53f28b7b3e6923ee1e66a8464ad892b8fa2f27cfac7b765999,1646,20,0,-0.00042143551638230503,-0.012384846893131119,0.1471876952144323,0.28664066071435285,-0.02004203142376182,0.013361354282507884,True,0.0,,176.5773282510345,0.014613358147947314,0.0002840353293794614,0.014834123889681217,6.326958764555843e-05,0.014897393477326775,0.0,0.014834123889681217,6.326958764555843e-05
fold-002,posttraining/rnn/seed-43/real/expected,calibration,posttraining,posttraining,rnn,expected,43,True,median,reference/US-natural/search/rnn-10-s42,20839,20,0.014897393477326775,0.0005142631268786148,0.014914860253994716,0.0005153935765049758,0,13,50,True,True,validation_plateau,,,9334,,0.0,0.02323127700947225,48408fe6c66c0b53f28b7b3e6923ee1e66a8464ad892b8fa2f27cfac7b765999,1646,20,0,-0.00042143551638230503,-0.012384846893131119,0.1471876952144323,0.28664066071435285,-0.02004203142376182,0.013361354282507884,True,0.0,,171.97707320400514,0.014613358147947314,0.0002840353293794614,0.014834123889681217,6.326958764555843e-05,0.014897393477326775,0.0,0.014834123889681217,6.326958764555843e-05
fold-002,posttraining/rnn/seed-43/real/klpo_exact,calibration,posttraining,posttraining,rnn,klpo_exact,43,True,median,reference/US-natural/search/rnn-10-s42,20839,20,0.014897393477326775,0.0005142631268786148,0.014914860253994716,0.0005153935765049758,0,13,50,True,True,validation_plateau,,,9334,,0.0,0.02445721099502407,48408fe6c66c0b53f28b7b3e6923ee1e66a8464ad892b8fa2f27cfac7b765999,1646,20,0,-0.00042143551638230503,-0.012384846893131119,0.1471876952144323,0.28664066071435285,-0.02004203142376182,0.013361354282507884,True,0.0,,175.341659142985,0.014613358147947314,0.0002840353293794614,0.014834123889681217,6.326958764555843e-05,0.014897393477326775,0.0,0.014834123889681217,6.326958764555843e-05
fold-002,posttraining/rnn/seed-43/real/klpo_full,calibration,posttraining,posttraining,rnn,klpo_full,43,True,median,reference/US-natural/search/rnn-10-s42,20839,20,0.014897393477326775,0.0005142631268786148,0.014914860253994716,0.0005153935765049758,0,13,50,True,True,validation_plateau,,,9334,,0.0,0.024340541000128724,48408fe6c66c0b53f28b7b3e6923ee1e66a8464ad892b8fa2f27cfac7b765999,1646,20,0,-0.00042143551638230503,-0.012384846893131119,0.1471876952144323,0.28664066071435285,-0.02004203142376182,0.013361354282507884,True,0.0,,181.25206385500496,0.014613358147947314,0.0002840353293794614,0.014834123889681217,6.326958764555843e-05,0.014897393477326775,0.0,0.014834123889681217,6.326958764555843e-05
fold-002,posttraining/rnn/seed-43/real/klpo_mc,calibration,posttraining,posttraining,rnn,klpo_mc,43,True,median,reference/US-natural/search/rnn-10-s42,20839,20,0.014897393477326775,0.0005142631268786148,0.014914860253994716,0.0005153935765049758,0,13,50,True,True,validation_plateau,,,9334,,0.0,0.02384044200880453,48408fe6c66c0b53f28b7b3e6923ee1e66a8464ad892b8fa2f27cfac7b765999,1646,20,0,-0.00042143551638230503,-0.012384846893131119,0.1471876952144323,0.28664066071435285,-0.02004203142376182,0.013361354282507884,True,0.0,,185.6953087709844,0.014613358147947314,0.0002840353293794614,0.014834123889681217,6.326958764555843e-05,0.014897393477326775,0.0,0.014834123889681217,6.326958764555843e-05
fold-002,posttraining/rnn/seed-43/real/mae,calibration,posttraining,posttraining,rnn,mae,43,True,median,reference/US-natural/search/rnn-10-s42,20839,20,0.014897393477326775,0.0005142631268786148,0.014914860253994716,0.0005153935765049758,0,13,50,True,True,validation_plateau,,,9334,,0.0,0.023441832003300078,48408fe6c66c0b53f28b7b3e6923ee1e66a8464ad892b8fa2f27cfac7b765999,1646,20,0,-0.00042143551638230503,-0.012384846893131119,0.1471876952144323,0.28664066071435285,-0.02004203142376182,0.013361354282507884,True,0.0,,164.61854339996353,0.014613358147947314,0.0002840353293794614,0.014834123889681217,6.326958764555843e-05,0.014897393477326775,0.0,0.014834123889681217,6.326958764555843e-05
fold-002,posttraining/rnn/seed-43/real/neural_mae,calibration,posttraining,posttraining,rnn,neural_mae,43,True,median,reference/US-natural/search/rnn-10-s42,20839,20,0.01461412156774394,0.0005046179571087481,0.014632578221919755,0.0005058064618562019,4,13,50,False,True,validation_plateau,,,9334,,0.0,0.02238617799594067,c85846515342d97a13157a4528da53c652476dabef2ba7b7d8890a4d47801b42,1646,14,6,-0.0011116765876021794,0.0061446630647739526,0.0004327182647078944,0.0008268270147128064,-0.006680677141253935,0.0,False,0.01842101663351059,,177.03234521200648,0.014613358147947314,7.634197966253919e-07,0.014834123889681217,-0.00022000232193727758,0.014897393477326775,-0.000283271909582836,0.014637172509782425,-2.3050942038485567e-05
fold-002,posttraining/rnn/seed-43/real/neural_mse,calibration,posttraining,posttraining,rnn,neural_mse,43,True,median,reference/US-natural/search/rnn-10-s42,20839,20,0.014615609166321056,0.0005046100943639814,0.014634681872288445,0.0005058226324538803,4,13,50,False,True,validation_plateau,,,9334,,0.0,0.022864547005156055,a2c03dc15cfa2ed9501896dd3071f9be16598e08c29c31725696c8a2439ccb9b,1646,16,4,0.010353565170259772,0.013325003282099337,0.005724905099730398,0.009919758518342448,-0.006680677141253935,0.0,False,0.015171322040259838,,173.99049979797564,0.014613358147947314,2.2510183737417533e-06,0.014834123889681217,-0.00021851472336016121,0.014897393477326775,-0.00028178431100571964,0.014657051852210015,-4.1442685888959385e-05
fold-002,posttraining/rnn/seed-43/real/reinforce,calibration,posttraining,posttraining,rnn,reinforce,43,True,median,reference/US-natural/search/rnn-10-s42,20839,20,0.014897393477326775,0.0005142631268786148,0.014914860253994716,0.0005153935765049758,0,13,50,True,True,validation_plateau,,,9334,,0.0,0.023886758004664443,48408fe6c66c0b53f28b7b3e6923ee1e66a8464ad892b8fa2f27cfac7b765999,1646,20,0,-0.00042143551638230503,-0.012384846893131119,0.1471876952144323,0.28664066071435285,-0.02004203142376182,0.013361354282507884,True,0.0,,173.50378565397114,0.014613358147947314,0.0002840353293794614,0.014834123889681217,6.326958764555843e-05,0.014897393477326775,0.0,0.014834123889681217,6.326958764555843e-05
fold-002,posttraining/rnn/seed-44/real/expected,calibration,posttraining,posttraining,rnn,expected,44,True,median,reference/US-natural/search/rnn-10-s42,20839,20,0.014897393477326775,0.0005142631268786148,0.014914860253994716,0.0005153935765049758,0,13,50,True,True,validation_plateau,,,9334,,0.0,0.023508277998189442,48408fe6c66c0b53f28b7b3e6923ee1e66a8464ad892b8fa2f27cfac7b765999,1646,20,0,-0.00042143551638230503,-0.012384846893131119,0.1471876952144323,0.28664066071435285,-0.02004203142376182,0.013361354282507884,True,0.0,,174.77279888297198,0.014613358147947314,0.0002840353293794614,0.014834123889681217,6.326958764555843e-05,0.014897393477326775,0.0,0.014834123889681217,6.326958764555843e-05
fold-002,posttraining/rnn/seed-44/real/klpo_exact,calibration,posttraining,posttraining,rnn,klpo_exact,44,True,median,reference/US-natural/search/rnn-10-s42,20839,20,0.014897393477326775,0.0005142631268786148,0.014914860253994716,0.0005153935765049758,0,13,50,True,True,validation_plateau,,,9334,,0.0,0.024493439006619155,48408fe6c66c0b53f28b7b3e6923ee1e66a8464ad892b8fa2f27cfac7b765999,1646,20,0,-0.00042143551638230503,-0.012384846893131119,0.1471876952144323,0.28664066071435285,-0.02004203142376182,0.013361354282507884,True,0.0,,183.13282654003706,0.014613358147947314,0.0002840353293794614,0.014834123889681217,6.326958764555843e-05,0.014897393477326775,0.0,0.014834123889681217,6.326958764555843e-05
fold-002,posttraining/rnn/seed-44/real/klpo_full,calibration,posttraining,posttraining,rnn,klpo_full,44,True,median,reference/US-natural/search/rnn-10-s42,20839,20,0.014897393477326775,0.0005142631268786148,0.014914860253994716,0.0005153935765049758,0,13,50,True,True,validation_plateau,,,9334,,0.0,0.023802711002645083,48408fe6c66c0b53f28b7b3e6923ee1e66a8464ad892b8fa2f27cfac7b765999,1646,20,0,-0.00042143551638230503,-0.012384846893131119,0.1471876952144323,0.28664066071435285,-0.02004203142376182,0.013361354282507884,True,0.0,,179.5759043630096,0.014613358147947314,0.0002840353293794614,0.014834123889681217,6.326958764555843e-05,0.014897393477326775,0.0,0.014834123889681217,6.326958764555843e-05
fold-002,posttraining/rnn/seed-44/real/klpo_mc,calibration,posttraining,posttraining,rnn,klpo_mc,44,True,median,reference/US-natural/search/rnn-10-s42,20839,20,0.014897393477326775,0.0005142631268786148,0.014914860253994716,0.0005153935765049758,0,13,50,True,True,validation_plateau,,,9334,,0.0,0.024548442001105286,48408fe6c66c0b53f28b7b3e6923ee1e66a8464ad892b8fa2f27cfac7b765999,1646,20,0,-0.00042143551638230503,-0.012384846893131119,0.1471876952144323,0.28664066071435285,-0.02004203142376182,0.013361354282507884,True,0.0,,185.2671309930156,0.014613358147947314,0.0002840353293794614,0.014834123889681217,6.326958764555843e-05,0.014897393477326775,0.0,0.014834123889681217,6.326958764555843e-05
fold-002,posttraining/rnn/seed-44/real/mae,calibration,posttraining,posttraining,rnn,mae,44,True,median,reference/US-natural/search/rnn-10-s42,20839,20,0.014897393477326775,0.0005142631268786148,0.014914860253994716,0.0005153935765049758,0,13,50,True,True,validation_plateau,,,9334,,0.0,0.024122332004480995,48408fe6c66c0b53f28b7b3e6923ee1e66a8464ad892b8fa2f27cfac7b765999,1646,20,0,-0.00042143551638230503,-0.012384846893131119,0.1471876952144323,0.28664066071435285,-0.02004203142376182,0.013361354282507884,True,0.0,,168.72034269297728,0.014613358147947314,0.0002840353293794614,0.014834123889681217,6.326958764555843e-05,0.014897393477326775,0.0,0.014834123889681217,6.326958764555843e-05
fold-002,posttraining/rnn/seed-44/real/neural_mae,calibration,posttraining,posttraining,rnn,neural_mae,44,True,median,reference/US-natural/search/rnn-10-s42,20839,20,0.01461528355613011,0.0005046906468752759,0.014633760401238503,0.0005058795727366234,2,13,50,False,True,validation_plateau,,,9334,,0.0,0.02074928100046236,3d2ad3c1ee6816f24714e29f338788c54181d9a082e13c102a0c12e36c3a58e7,1646,8,12,-0.002569681848896033,0.0028680717365068076,0.0002972465230483744,0.0008307889547437113,-0.006680677141253935,0.006680677141253935,False,0.018487039022147655,,178.1463935910142,0.014613358147947314,1.9254081827964342e-06,0.014834123889681217,-0.00021884033355110653,0.014897393477326775,-0.00028210992119666496,0.01468867966268259,-7.339610655248026e-05
fold-002,posttraining/rnn/seed-44/real/neural_mse,calibration,posttraining,posttraining,rnn,neural_mse,44,True,median,reference/US-natural/search/rnn-10-s42,20839,20,0.01461718300396144,0.0005048931282630321,0.014635729473159291,0.0005061000716364842,11,19,50,False,True,validation_plateau,,,13642,,0.0,0.02382911001041066,a728e8c518cdd38d03cb85c9f3ffb03079d44a3784db0ca9e1628233d5766138,1646,19,1,0.0019139009401838271,-0.0053991322656300866,0.004911466935287569,0.009122951797382949,-0.006680677141253935,0.006680677141253935,False,0.014407589100301266,,256.29576237499714,0.014613358147947314,3.824856014125397e-06,0.014834123889681217,-0.00021694088571977757,0.014897393477326775,-0.000280210473365336,0.014612744301433226,4.438702528213392e-06
fold-002,posttraining/rnn/seed-44/real/reinforce,calibration,posttraining,posttraining,rnn,reinforce,44,True,median,reference/US-natural/search/rnn-10-s42,20839,20,0.014897393477326775,0.0005142631268786148,0.014914860253994716,0.0005153935765049758,0,13,50,True,True,validation_plateau,,,9334,,0.0,0.024775559999397956,48408fe6c66c0b53f28b7b3e6923ee1e66a8464ad892b8fa2f27cfac7b765999,1646,20,0,-0.00042143551638230503,-0.012384846893131119,0.1471876952144323,0.28664066071435285,-0.02004203142376182,0.013361354282507884,True,0.0,,173.28434912802186,0.014613358147947314,0.0002840353293794614,0.014834123889681217,6.326958764555843e-05,0.014897393477326775,0.0,0.014834123889681217,6.326958764555843e-05
fold-002,posttraining/xgboost/seed-42/real/expected,calibration,posttraining,posttraining,xgboost,expected,42,True,median,tabular/xgb-d6-b256-lr0.03-s42,20839,20,0.01461206924474337,0.0005045129618480018,0.014630553287556324,0.0005056952635089296,0,13,50,True,True,validation_plateau,,,9334,,0.0,0.02830106599139981,7d2ee56fc61eaca0418e0a4f8fc339363bd2470e14adcde7ca84f4374101b437,1646,5,15,0.02222740883409014,0.039297249466000043,0.00031636188786874313,0.00043979375132645055,-0.006680677141253935,0.0,True,0.0,,159.74190976,0.014613358147947314,-1.2889032039442583e-06,0.014601126787234561,1.0942457508808512e-05,0.01461206924474337,0.0,0.014601126787234561,1.0942457508808512e-05
fold-002,posttraining/xgboost/seed-42/real/klpo_exact,calibration,posttraining,posttraining,xgboost,klpo_exact,42,True,median,tabular/xgb-d6-b256-lr0.03-s42,20839,20,0.01461206924474337,0.0005045129618480018,0.014630553287556324,0.0005056952635089296,0,13,50,True,True,validation_plateau,,,9334,,0.0,0.019256164989201352,7d2ee56fc61eaca0418e0a4f8fc339363bd2470e14adcde7ca84f4374101b437,1646,5,15,0.02222740883409014,0.039297249466000043,0.00031636188786874313,0.00043979375132645055,-0.006680677141253935,0.0,True,0.0,,168.391492448,0.014613358147947314,-1.2889032039442583e-06,0.014601126787234561,1.0942457508808512e-05,0.01461206924474337,0.0,0.014601126787234561,1.0942457508808512e-05
fold-002,posttraining/xgboost/seed-42/real/klpo_full,calibration,posttraining,posttraining,xgboost,klpo_full,42,True,median,tabular/xgb-d6-b256-lr0.03-s42,20839,20,0.01461206924474337,0.0005045129618480018,0.014630553287556324,0.0005056952635089296,0,13,50,True,True,validation_plateau,,,9334,,0.0,0.020289256994146854,7d2ee56fc61eaca0418e0a4f8fc339363bd2470e14adcde7ca84f4374101b437,1646,5,15,0.02222740883409014,0.039297249466000043,0.00031636188786874313,0.00043979375132645055,-0.006680677141253935,0.0,True,0.0,,170.42473194399963,0.014613358147947314,-1.2889032039442583e-06,0.014601126787234561,1.0942457508808512e-05,0.01461206924474337,0.0,0.014601126787234561,1.0942457508808512e-05
fold-002,posttraining/xgboost/seed-42/real/klpo_mc,calibration,posttraining,posttraining,xgboost,klpo_mc,42,True,median,tabular/xgb-d6-b256-lr0.03-s42,20839,20,0.01461206924474337,0.0005045129618480018,0.014630553287556324,0.0005056952635089296,0,13,50,True,True,validation_plateau,,,9334,,0.0,0.020977800988475792,7d2ee56fc61eaca0418e0a4f8fc339363bd2470e14adcde7ca84f4374101b437,1646,5,15,0.02222740883409014,0.039297249466000043,0.00031636188786874313,0.00043979375132645055,-0.006680677141253935,0.0,True,0.0,,175.5335145439999,0.014613358147947314,-1.2889032039442583e-06,0.014601126787234561,1.0942457508808512e-05,0.01461206924474337,0.0,0.014601126787234561,1.0942457508808512e-05
fold-002,posttraining/xgboost/seed-42/real/mae,calibration,posttraining,posttraining,xgboost,mae,42,True,median,tabular/xgb-d6-b256-lr0.03-s42,20839,20,0.01461206924474337,0.0005045129618480018,0.014630553287556324,0.0005056952635089296,0,13,50,True,True,validation_plateau,,,9334,,0.0,0.020103517003008164,7d2ee56fc61eaca0418e0a4f8fc339363bd2470e14adcde7ca84f4374101b437,1646,5,15,0.02222740883409014,0.039297249466000043,0.00031636188786874313,0.00043979375132645055,-0.006680677141253935,0.0,True,0.0,,156.5202539939994,0.014613358147947314,-1.2889032039442583e-06,0.014601126787234561,1.0942457508808512e-05,0.01461206924474337,0.0,0.014601126787234561,1.0942457508808512e-05
fold-002,posttraining/xgboost/seed-42/real/reinforce,calibration,posttraining,posttraining,xgboost,reinforce,42,True,median,tabular/xgb-d6-b256-lr0.03-s42,20839,20,0.01461206924474337,0.0005045129618480018,0.014630553287556324,0.0005056952635089296,0,13,50,True,True,validation_plateau,,,9334,,0.0,0.02012896499945782,7d2ee56fc61eaca0418e0a4f8fc339363bd2470e14adcde7ca84f4374101b437,1646,5,15,0.02222740883409014,0.039297249466000043,0.00031636188786874313,0.00043979375132645055,-0.006680677141253935,0.0,True,0.0,,167.50702541600003,0.014613358147947314,-1.2889032039442583e-06,0.014601126787234561,1.0942457508808512e-05,0.01461206924474337,0.0,0.014601126787234561,1.0942457508808512e-05
fold-002,posttraining/xgboost/seed-43/real/expected,calibration,posttraining,posttraining,xgboost,expected,43,True,median,tabular/xgb-d6-b256-lr0.03-s42,20839,20,0.01461206924474337,0.0005045129618480018,0.014630553287556324,0.0005056952635089296,0,13,50,True,True,validation_plateau,,,9334,,0.0,0.019474325003102422,7d2ee56fc61eaca0418e0a4f8fc339363bd2470e14adcde7ca84f4374101b437,1646,5,15,0.02222740883409014,0.039297249466000043,0.00031636188786874313,0.00043979375132645055,-0.006680677141253935,0.0,True,0.0,,157.30722566800023,0.014613358147947314,-1.2889032039442583e-06,0.014601126787234561,1.0942457508808512e-05,0.01461206924474337,0.0,0.014601126787234561,1.0942457508808512e-05
fold-002,posttraining/xgboost/seed-43/real/klpo_exact,calibration,posttraining,posttraining,xgboost,klpo_exact,43,True,median,tabular/xgb-d6-b256-lr0.03-s42,20839,20,0.01461206924474337,0.0005045129618480018,0.014630553287556324,0.0005056952635089296,0,13,50,True,True,validation_plateau,,,9334,,0.0,0.020463023000047542,7d2ee56fc61eaca0418e0a4f8fc339363bd2470e14adcde7ca84f4374101b437,1646,5,15,0.02222740883409014,0.039297249466000043,0.00031636188786874313,0.00043979375132645055,-0.006680677141253935,0.0,True,0.0,,167.98426586700043,0.014613358147947314,-1.2889032039442583e-06,0.014601126787234561,1.0942457508808512e-05,0.01461206924474337,0.0,0.014601126787234561,1.0942457508808512e-05
fold-002,posttraining/xgboost/seed-43/real/klpo_full,calibration,posttraining,posttraining,xgboost,klpo_full,43,True,median,tabular/xgb-d6-b256-lr0.03-s42,20839,20,0.01461206924474337,0.0005045129618480018,0.014630553287556324,0.0005056952635089296,0,13,50,True,True,validation_plateau,,,9334,,0.0,0.02051015199685935,7d2ee56fc61eaca0418e0a4f8fc339363bd2470e14adcde7ca84f4374101b437,1646,5,15,0.02222740883409014,0.039297249466000043,0.00031636188786874313,0.00043979375132645055,-0.006680677141253935,0.0,True,0.0,,171.0309420650001,0.014613358147947314,-1.2889032039442583e-06,0.014601126787234561,1.0942457508808512e-05,0.01461206924474337,0.0,0.014601126787234561,1.0942457508808512e-05
fold-002,posttraining/xgboost/seed-43/real/klpo_mc,calibration,posttraining,posttraining,xgboost,klpo_mc,43,True,median,tabular/xgb-d6-b256-lr0.03-s42,20839,20,0.01461206924474337,0.0005045129618480018,0.014630553287556324,0.0005056952635089296,0,13,50,True,True,validation_plateau,,,9334,,0.0,0.019819542998448014,7d2ee56fc61eaca0418e0a4f8fc339363bd2470e14adcde7ca84f4374101b437,1646,5,15,0.02222740883409014,0.039297249466000043,0.00031636188786874313,0.00043979375132645055,-0.006680677141253935,0.0,True,0.0,,174.06073147000006,0.014613358147947314,-1.2889032039442583e-06,0.014601126787234561,1.0942457508808512e-05,0.01461206924474337,0.0,0.014601126787234561,1.0942457508808512e-05
fold-002,posttraining/xgboost/seed-43/real/mae,calibration,posttraining,posttraining,xgboost,mae,43,True,median,tabular/xgb-d6-b256-lr0.03-s42,20839,20,0.01461206924474337,0.0005045129618480018,0.014630553287556324,0.0005056952635089296,0,13,50,True,True,validation_plateau,,,9334,,0.0,0.020350612001493573,7d2ee56fc61eaca0418e0a4f8fc339363bd2470e14adcde7ca84f4374101b437,1646,5,15,0.02222740883409014,0.039297249466000043,0.00031636188786874313,0.00043979375132645055,-0.006680677141253935,0.0,True,0.0,,156.12853034399996,0.014613358147947314,-1.2889032039442583e-06,0.014601126787234561,1.0942457508808512e-05,0.01461206924474337,0.0,0.014601126787234561,1.0942457508808512e-05
fold-002,posttraining/xgboost/seed-43/real/reinforce,calibration,posttraining,posttraining,xgboost,reinforce,43,True,median,tabular/xgb-d6-b256-lr0.03-s42,20839,20,0.01461206924474337,0.0005045129618480018,0.014630553287556324,0.0005056952635089296,0,13,50,True,True,validation_plateau,,,9334,,0.0,0.01945627100940328,7d2ee56fc61eaca0418e0a4f8fc339363bd2470e14adcde7ca84f4374101b437,1646,5,15,0.02222740883409014,0.039297249466000043,0.00031636188786874313,0.00043979375132645055,-0.006680677141253935,0.0,True,0.0,,164.5548319630002,0.014613358147947314,-1.2889032039442583e-06,0.014601126787234561,1.0942457508808512e-05,0.01461206924474337,0.0,0.014601126787234561,1.0942457508808512e-05
fold-002,posttraining/xgboost/seed-44/real/expected,calibration,posttraining,posttraining,xgboost,expected,44,True,median,tabular/xgb-d6-b256-lr0.03-s42,20839,20,0.01461206924474337,0.0005045129618480018,0.014630553287556324,0.0005056952635089296,0,13,50,True,True,validation_plateau,,,9334,,0.0,0.020175372002995573,7d2ee56fc61eaca0418e0a4f8fc339363bd2470e14adcde7ca84f4374101b437,1646,5,15,0.02222740883409014,0.039297249466000043,0.00031636188786874313,0.00043979375132645055,-0.006680677141253935,0.0,True,0.0,,155.34601173400006,0.014613358147947314,-1.2889032039442583e-06,0.014601126787234561,1.0942457508808512e-05,0.01461206924474337,0.0,0.014601126787234561,1.0942457508808512e-05
fold-002,posttraining/xgboost/seed-44/real/klpo_exact,calibration,posttraining,posttraining,xgboost,klpo_exact,44,True,median,tabular/xgb-d6-b256-lr0.03-s42,20839,20,0.01461206924474337,0.0005045129618480018,0.014630553287556324,0.0005056952635089296,0,13,50,True,True,validation_plateau,,,9334,,0.0,0.020349508995423093,7d2ee56fc61eaca0418e0a4f8fc339363bd2470e14adcde7ca84f4374101b437,1646,5,15,0.02222740883409014,0.039297249466000043,0.00031636188786874313,0.00043979375132645055,-0.006680677141253935,0.0,True,0.0,,165.2197958880006,0.014613358147947314,-1.2889032039442583e-06,0.014601126787234561,1.0942457508808512e-05,0.01461206924474337,0.0,0.014601126787234561,1.0942457508808512e-05
fold-002,posttraining/xgboost/seed-44/real/klpo_full,calibration,posttraining,posttraining,xgboost,klpo_full,44,True,median,tabular/xgb-d6-b256-lr0.03-s42,20839,20,0.01461206924474337,0.0005045129618480018,0.014630553287556324,0.0005056952635089296,0,13,50,True,True,validation_plateau,,,9334,,0.0,0.020025491001433693,7d2ee56fc61eaca0418e0a4f8fc339363bd2470e14adcde7ca84f4374101b437,1646,5,15,0.02222740883409014,0.039297249466000043,0.00031636188786874313,0.00043979375132645055,-0.006680677141253935,0.0,True,0.0,,170.1263445629993,0.014613358147947314,-1.2889032039442583e-06,0.014601126787234561,1.0942457508808512e-05,0.01461206924474337,0.0,0.014601126787234561,1.0942457508808512e-05
fold-002,posttraining/xgboost/seed-44/real/klpo_mc,calibration,posttraining,posttraining,xgboost,klpo_mc,44,True,median,tabular/xgb-d6-b256-lr0.03-s42,20839,20,0.01461206924474337,0.0005045129618480018,0.014630553287556324,0.0005056952635089296,0,13,50,True,True,validation_plateau,,,9334,,0.0,0.020063592994119972,7d2ee56fc61eaca0418e0a4f8fc339363bd2470e14adcde7ca84f4374101b437,1646,5,15,0.02222740883409014,0.039297249466000043,0.00031636188786874313,0.00043979375132645055,-0.006680677141253935,0.0,True,0.0,,172.25929600400013,0.014613358147947314,-1.2889032039442583e-06,0.014601126787234561,1.0942457508808512e-05,0.01461206924474337,0.0,0.014601126787234561,1.0942457508808512e-05
fold-002,posttraining/xgboost/seed-44/real/mae,calibration,posttraining,posttraining,xgboost,mae,44,True,median,tabular/xgb-d6-b256-lr0.03-s42,20839,20,0.01461206924474337,0.0005045129618480018,0.014630553287556324,0.0005056952635089296,0,13,50,True,True,validation_plateau,,,9334,,0.0,0.019773445994360372,7d2ee56fc61eaca0418e0a4f8fc339363bd2470e14adcde7ca84f4374101b437,1646,5,15,0.02222740883409014,0.039297249466000043,0.00031636188786874313,0.00043979375132645055,-0.006680677141253935,0.0,True,0.0,,152.84429485599958,0.014613358147947314,-1.2889032039442583e-06,0.014601126787234561,1.0942457508808512e-05,0.01461206924474337,0.0,0.014601126787234561,1.0942457508808512e-05
fold-002,posttraining/xgboost/seed-44/real/reinforce,calibration,posttraining,posttraining,xgboost,reinforce,44,True,median,tabular/xgb-d6-b256-lr0.03-s42,20839,20,0.01461206924474337,0.0005045129618480018,0.014630553287556324,0.0005056952635089296,0,13,50,True,True,validation_plateau,,,9334,,0.0,0.020259761993656866,7d2ee56fc61eaca0418e0a4f8fc339363bd2470e14adcde7ca84f4374101b437,1646,5,15,0.02222740883409014,0.039297249466000043,0.00031636188786874313,0.00043979375132645055,-0.006680677141253935,0.0,True,0.0,,161.79539903300065,0.014613358147947314,-1.2889032039442583e-06,0.014601126787234561,1.0942457508808512e-05,0.01461206924474337,0.0,0.014601126787234561,1.0942457508808512e-05
fold-002,reference/US-natural/posttraining/dlinear-mae-s42,calibration,reference,posttraining,dlinear,reference_mae,42,True,continuous,reference/US-natural/search/dlinear-10-s42,20839,20,0.014748784169476562,0.0005076038124722076,0.014767142043245373,0.0005088485007025337,2,5,5,False,False,,,,1580,136.55074937501922,0.0,0.024492967000696808,1cdf45d45062ce826e044454817ea38340bc7695226c97ac03ec88b83dce5cc5,1646,20,0,0.011595252866568966,0.012935845065802556,0.5107529882081414,1.0,-0.01519777812063694,0.009228941053152084,,,,,0.014613358147947314,0.00013542602152924813,0.014888052308790431,-0.00013926813931386915,,,,
fold-002,reference/US-natural/posttraining/dlinear-mae-s43,calibration,reference,posttraining,dlinear,reference_mae,43,True,continuous,reference/US-natural/finalist/dlinear-s43,20839,20,0.01470014099924749,0.0005051381488197721,0.014721174055845472,0.0005065167351274969,5,5,5,False,False,,,,1580,139.34327014302835,0.0,0.023578698994242586,36183e77d71397fea10e1b33bbc8cde5e775021801df84ccf4a4e91235a04d04,1646,20,0,0.027069690228533734,0.023373068124490685,0.5161554715774398,1.0,-0.009245377033948898,0.010318991728127003,,,,,0.014613358147947314,8.678285130017671e-05,0.015031904658915607,-0.0003317636596681158,,,,
fold-002,reference/US-natural/posttraining/dlinear-mae-s44,calibration,reference,posttraining,dlinear,reference_mae,44,True,continuous,reference/US-natural/finalist/dlinear-s44,20839,20,0.01481283041286718,0.0005106609936952905,0.014827032700043704,0.000511705118991697,4,5,5,False,False,,,,1580,138.59550963999936,0.0,0.024118593995808624,8ed7ebf7aec3858b7c3f54661cbf05e451a3016e0d5a4c0ac13bde71509c764c,1646,20,0,0.0044712402786702046,0.0024906218675706518,0.5151056419080197,1.0,-0.010504910722374916,0.010218929499387741,,,,,0.014613358147947314,0.00019947226491986644,0.015366801005441064,-0.0005539705925738832,,,,
fold-002,reference/US-natural/posttraining/dlinear-mse-s42,calibration,reference,posttraining,dlinear,reference_mse,42,True,continuous,reference/US-natural/search/dlinear-10-s42,20839,20,0.014888052308790431,0.0005116152075359453,0.014907134779350378,0.0005129546192098257,0,5,5,True,False,,,,1580,136.66318061196944,0.0,0.024423837996437214,94d74962ec3dde06e92332a1a0d725aeb1963a8b8e8e05e54dbd44aeed023911,1646,20,0,0.00020811071158829156,0.0038739093116912427,0.5076099660774547,1.0,-0.021652378141880035,0.014585908502340317,,,,,0.014613358147947314,0.0002746941608431173,0.014888052308790431,0.0,,,,
fold-002,reference/US-natural/posttraining/dlinear-mse-s43,calibration,reference,posttraining,dlinear,reference_mse,43,True,continuous,reference/US-natural/finalist/dlinear-s43,20839,20,0.014817303609872545,0.00050897351497724,0.01483634853023223,0.0005102741512111593,4,5,5,False,False,,,,1580,138.40418226004113,0.0,0.024336593996849842,08ad3a08915a7e26148c6cfd1e9b112e383f540975fed738be131ed65da6e3cb,1646,20,0,0.023142257417431627,0.021298228557128686,0.509422823618136,1.0,-0.0134742995724082,0.011154876090586185,,,,,0.014613358147947314,0.00020394546192523122,0.015031904658915607,-0.0002146010490430613,,,,
fold-002,reference/US-natural/posttraining/dlinear-mse-s44,calibration,reference,posttraining,dlinear,reference_mse,44,True,continuous,reference/US-natural/finalist/dlinear-s44,20839,20,0.014922143360874107,0.0005146053341216381,0.01493603578631229,0.0005157158064939745,4,5,5,False,False,,,,1580,137.961898715992,0.0,0.023764287994708866,dbe0af971b36a9c5dce3c1ead27a4b30b7d95845d68d5e79dc199a72871bc9b6,1646,20,0,-0.00933802395107206,-0.004137395146392861,0.5046885018513926,1.0,-0.014957059174776077,0.011930108070373535,,,,,0.014613358147947314,0.0003087852129267932,0.015366801005441064,-0.00044465764456695644,,,,
fold-002,reference/US-natural/posttraining/gru-mae-s42,calibration,reference,posttraining,gru,reference_mae,42,True,continuous,reference/US-natural/search/gru-10-s42,20839,20,0.014772141148732668,0.0005107550208716383,0.014790915010943317,0.0005119358339637142,4,5,5,False,False,,,,1580,142.95771842100658,0.0,0.024209684997913428,e659592d052deba405ba9ae4ccbcd99f970b632ad3af06821ad8c0d68ba7ab76,1646,20,0,0.012020531976806744,0.0005354864948675707,0.503303058309405,1.0,-0.012797723524272442,0.0087475860491395,,,,,0.014613358147947314,0.00015878300078535357,0.0149826377183188,-0.00021049656958613272,,,,
fold-002,reference/US-natural/posttraining/gru-mae-s43,calibration,reference,posttraining,gru,reference_mae,43,True,continuous,reference/US-natural/finalist/gru-s43,20839,20,0.014756220238725295,0.0005092443128286243,0.014775943726454636,0.0005104817757899898,3,5,5,False,False,,,,1580,143.91495343996212,0.0,0.02401669300161302,09c42552593aee973a7dd6f99d0be4f43105dc4c4efbf6b477b6302d95cf8470,1646,20,0,0.0071774465597867695,-0.00024457456071489683,0.5049067810410026,1.0,-0.011708659119904041,0.008686354383826256,,,,,0.014613358147947314,0.00014286209077798116,0.015096578590813346,-0.00034035835208805036,,,,
fold-002,reference/US-natural/posttraining/gru-mae-s44,calibration,reference,posttraining,gru,reference_mae,44,True,continuous,reference/US-natural/finalist/gru-s44,20839,20,0.0147699032071685,0.0005070450855634903,0.014786713920671324,0.0005083058148380023,4,5,5,False,False,,,,1580,143.52847463602666,0.0,0.024268855995615013,a5c27d95cb43e33a7213412d77678a15b03f3c7bf6b5a25194324c9b91483d50,1646,20,0,0.002064289507798062,-0.00532022018985656,0.5143967141252483,1.0,-0.015361644327640533,0.01455710269510746,,,,,0.014613358147947314,0.00015654505922118624,0.015295510988462411,-0.0005256077812939106,,,,
fold-002,reference/US-natural/posttraining/gru-mse-s42,calibration,reference,posttraining,gru,reference_mse,42,True,continuous,reference/US-natural/search/gru-10-s42,20839,20,0.014933234953264669,0.0005174776447386409,0.014945625134271558,0.0005183371355514387,4,5,5,False,False,,,,1580,143.3798919999972,0.0,0.02420949499355629,c764804d60d8e2de88ceae289a6acdb5172359d04d6995922a3b903a700f3378,1646,20,0,0.0026785568355399366,-0.005108373119357744,0.5029276359512641,1.0,-0.018031734973192215,0.013588210567831993,,,,,0.014613358147947314,0.00031987680531735466,0.0149826377183188,-4.940276505413163e-05,,,,
fold-002,reference/US-natural/posttraining/gru-mse-s43,calibration,reference,posttraining,gru,reference_mse,43,True,continuous,reference/US-natural/finalist/gru-s43,20839,20,0.015139449497016774,0.0005229117767653606,0.01515231848570554,0.0005238767413597772,3,5,5,False,False,,,,1580,142.35475803399459,0.0,0.024366049998207018,ac941231ea618b02e3e745fb361fd5ff6140ce13e24c8c95385efedec19b0573,1646,20,0,0.025833965016539107,0.009863231937428576,0.5063100814055229,1.0,-0.014105334877967834,0.014286121353507042,,,,,0.014613358147947314,0.0005260913490694602,0.015096578590813346,4.287090620342868e-05,,,,
fold-002,reference/US-natural/posttraining/gru-mse-s44,calibration,reference,posttraining,gru,reference_mse,44,True,continuous,reference/US-natural/finalist/gru-s44,20839,20,0.015295510988462411,0.0005249324248622872,0.01529698955884416,0.000525719810061786,0,5,5,True,False,,,,1580,143.33263063500635,0.0,0.023918268008856103,b55233089106eebcdbb83ddb654e09604ef065b3150988d3aa9f61e39cbbef00,1646,20,0,0.017199540799155137,0.008734564713616975,0.5065457781821684,1.0,-0.023008979856967926,0.024168290197849274,,,,,0.014613358147947314,0.0006821528405150969,0.015295510988462411,0.0,,,,
fold-002,reference/US-natural/posttraining/lstm-mae-s42,calibration,reference,posttraining,lstm,reference_mae,42,True,continuous,reference/US-natural/search/lstm-10-s42,20839,20,0.014732255906838885,0.000507445750135974,0.014752447734954047,0.0005087716937500068,4,5,5,False,False,,,,1580,139.43993935501203,0.0,0.024193694989662617,85d54350fcdf58bd176eabe6da4a4a4a1ebc66edf246516055f71096c51f5d4f,1646,20,0,0.00806305433770078,0.011263100409176342,0.5035641239283952,1.0,-0.01081622764468193,0.010724866762757301,,,,,0.014613358147947314,0.00011889775889157086,0.015022395269164632,-0.00029013936232574755,,,,
fold-002,reference/US-natural/posttraining/lstm-mae-s43,calibration,reference,posttraining,lstm,reference_mae,43,True,continuous,reference/US-natural/finalist/lstm-s43,20839,20,0.014730798618735247,0.000506780182168837,0.014749372133713128,0.0005080333555177713,5,5,5,False,False,,,,1580,139.24434174399357,0.0,0.024028375002671964,7bcc414c72bd802ebbdd7f3aebe7bcecacc18a89421591a9b9a99b32d6dae238,1646,20,0,0.03188527862413728,0.03372495576580725,0.5216912754747784,1.0,-0.014026762917637825,0.007726643234491348,,,,,0.014613358147947314,0.00011744047078793285,0.014984684738814799,-0.00025388612007955225,,,,
fold-002,reference/US-natural/posttraining/lstm-mae-s44,calibration,reference,posttraining,lstm,reference_mae,44,True,continuous,reference/US-natural/finalist/lstm-s44,20839,20,0.014999315086737644,0.0005174600707958059,0.015019168052505567,0.0005188262009730098,5,5,5,False,False,,,,1580,143.10472192795714,0.0,0.023894933008705266,fda07531ad0d7eaea1001b8750ce6142b8b7d48e20b9fad99c357a42f06063d7,1646,20,0,0.0029635428136046645,0.008277312356508245,0.491940941759196,1.0,-0.013211503624916077,0.005720712244510651,,,,,0.014613358147947314,0.00038595693879033,0.01505388082873639,-5.456574199874664e-05,,,,
fold-002,reference/US-natural/posttraining/lstm-mse-s42,calibration,reference,posttraining,lstm,reference_mse,42,True,continuous,reference/US-natural/search/lstm-10-s42,20839,20,0.015022395269164632,0.0005197221047639004,0.015046365288610461,0.0005211827634948826,0,5,5,True,False,,,,1580,139.7414976650034,0.0,0.023709465996944346,27cc66c2715c1d7474416d7353c600264b8878b11818303cddbd2a9bacf094d8,1646,20,0,0.007353384908150326,0.0012427900091961316,0.49842899863688206,1.0,-0.01584681309759617,0.020702708512544632,,,,,0.014613358147947314,0.0004090371212173184,0.015022395269164632,0.0,,,,
fold-002,reference/US-natural/posttraining/lstm-mse-s43,calibration,reference,posttraining,lstm,reference_mse,43,True,continuous,reference/US-natural/finalist/lstm-s43,20839,20,0.014984684738814799,0.0005166930366024169,0.014997998828185493,0.0005177656516312608,0,5,5,True,False,,,,1580,138.54279094201047,0.0,0.024282832993776537,ded85173df0989c3a91901ed93d2bdbbc3340dbd3a509c42d06f64f5f71dfefa,1646,20,0,-0.026675819408587743,-0.0195994581264635,0.5030158720519887,1.0,-0.01861117035150528,0.010750778019428253,,,,,0.014613358147947314,0.0003713265908674851,0.014984684738814799,0.0,,,,
fold-002,reference/US-natural/posttraining/lstm-mse-s44,calibration,reference,posttraining,lstm,reference_mse,44,True,continuous,reference/US-natural/finalist/lstm-s44,20839,20,0.01517401921608764,0.000523948829938189,0.015198254086400471,0.000525452758476673,4,5,5,False,False,,,,1580,142.61145133402897,0.0,0.024127080003381707,6f3024bbb2d32916707ce6d106317e1b0fb61233c07f7ca1e71560d09f3dab27,1646,20,0,-0.02133563675088771,-0.017700693069980962,0.49588442786674297,1.0,-0.01512182503938675,0.011684246361255646,,,,,0.014613358147947314,0.0005606610681403255,0.01505388082873639,0.00012013838735124883,,,,
fold-002,reference/US-natural/posttraining/rnn-mae-s42,calibration,reference,posttraining,rnn,reference_mae,42,True,continuous,reference/US-natural/search/rnn-10-s42,20839,20,0.0148530435310447,0.0005126123206858729,0.014875985494082915,0.0005140085277975237,5,5,5,False,False,,,,1580,136.51932029804448,0.0,0.02324567399045918,46277a38e956b9acf1a0e613e35e60ee81897b134c8eba81c976c57e9eaf31a6,1646,20,0,-0.01975409590700593,-0.01834363762400406,0.4876269481090363,1.0,-0.015211575664579868,0.004732066765427589,,,,,0.014613358147947314,0.0002396853830973853,0.014834123889681217,1.8919641363482342e-05,,,,
fold-002,reference/US-natural/posttraining/rnn-mae-s43,calibration,reference,posttraining,rnn,reference_mae,43,True,continuous,reference/US-natural/finalist/rnn-s43,20839,20,0.014712339936395041,0.0005084690499774314,0.014730825695186424,0.0005096652782390233,3,5,5,False,False,,,,1580,135.25537793699186,0.0,0.024303322003106587,1098cf6e70f466e1daefcac7fd366966aff6b5bdd82f0957c5c642ca28d579f2,1646,20,0,0.021655264709449354,0.012564082861121557,0.5163249106128839,1.0,-0.015668343752622604,0.0070680007338523865,,,,,0.014613358147947314,9.898178844772697e-05,0.01482849580057392,-0.00011615586417887923,,,,
fold-002,reference/US-natural/posttraining/rnn-mae-s44,calibration,reference,posttraining,rnn,reference_mae,44,True,continuous,reference/US-natural/finalist/rnn-s44,20839,20,0.014901924613490842,0.0005166396478266645,0.014905868630747698,0.0005171926917028625,4,5,5,False,False,,,,1580,135.81774258200312,0.0,0.0250261600012891,4eae28944e6ac05e5b2f0a0f09b000ab2a69d5b5521432470495c441894aae1b,1646,20,0,-0.003047388137040666,0.004010033600710333,0.485714195575165,1.0,-0.00879909098148346,0.008069232106208801,,,,,0.014613358147947314,0.00028856646554352786,0.014975021490047308,-7.309687655646623e-05,,,,
fold-002,reference/US-natural/posttraining/rnn-mse-s42,calibration,reference,posttraining,rnn,reference_mse,42,True,continuous,reference/US-natural/search/rnn-10-s42,20839,20,0.014834123889681217,0.0005122428308381284,0.01485298777013006,0.0005134173145602917,0,5,5,True,False,,,,1580,135.9841494350112,0.0,0.023705297004198655,30ed1b752326502d86234747159b626a8078e9ea05e6aeaad35451e6df24a57b,1646,20,0,-0.008175272065837883,-0.014492172015232594,0.4982844751293243,1.0,-0.02178884483873844,0.012126713991165161,,,,,0.014613358147947314,0.00022076574173390297,0.014834123889681217,0.0,,,,
fold-002,reference/US-natural/posttraining/rnn-mse-s43,calibration,reference,posttraining,rnn,reference_mse,43,True,continuous,reference/US-natural/finalist/rnn-s43,20839,20,0.01482849580057392,0.0005125027797568648,0.014849306381057992,0.0005137538660870359,0,5,5,True,False,,,,1580,136.19138245901559,0.0,0.02322353199997451,06a8b46b1505ef10e62cc9b8ad60338647e74cc9f4a7e42fdcacdc32b4d72a08,1646,20,0,0.011967097392900437,-0.0027672598326730974,0.5105656855106236,1.0,-0.02400755137205124,0.010674163699150085,,,,,0.014613358147947314,0.0002151376526266062,0.01482849580057392,0.0,,,,
fold-002,reference/US-natural/posttraining/rnn-mse-s44,calibration,reference,posttraining,rnn,reference_mse,44,True,continuous,reference/US-natural/finalist/rnn-s44,20839,20,0.01503055796814376,0.0005212037067235058,0.01503763766073642,0.0005218646024656262,5,5,5,False,False,,,,1580,136.0028685470461,0.0,0.023473551991628483,845270f409e3863999b516c660c944aa1525e8203f22dedc5f24f1e4c614f182,1646,20,0,0.01214011828323514,0.010110974877528406,0.47701111451676265,1.0,-0.015371404588222504,0.012811358086764812,,,,,0.014613358147947314,0.0004171998201964455,0.014975021490047308,5.5536478096451444e-05,,,,
fold-002,reference/US-natural/finalist/dlinear-s43,evaluation,reference,finalist,dlinear,reference,43,True,continuous,,20454,19,0.016463701323520936,0.0007110038974308574,0.016630795999106635,0.0007229299813134764,18,28,100,,True,validation_plateau,,,8848,558.6262514249538,,0.023395694995997474,e728cc924a153289fb8f830263855b700de737fc60ac9f0cc7bbf8e34a81f9d1,1701,19,0,0.008582530075881084,0.004459385061922331,0.5113004644475403,1.0,-0.01232900284230709,0.023235570639371872,,,,,0.015642718291033125,0.0008209830324878119,0.016463701323520936,,,,,
fold-002,reference/US-natural/finalist/dlinear-s44,evaluation,reference,finalist,dlinear,reference,44,True,continuous,,20454,19,0.017041211081183803,0.0007286282621799975,0.017194348896870187,0.0007401756783573086,12,22,100,,True,validation_plateau,,,6952,446.5385407030117,,0.02324517199303955,c399d12947c01bf5792241a313660959432c2237b53797269f8f91f3f26a08b8,1701,19,0,0.009469103311048358,0.010856634729393449,0.492066595686744,1.0,-0.018465574830770493,0.025619998574256897,,,,,0.015642718291033125,0.0013984927901506787,0.017041211081183803,,,,,
fold-002,reference/US-natural/finalist/gru-s43,evaluation,reference,finalist,gru,reference,43,True,continuous,,20454,19,0.016706413611108164,0.0007170063984066612,0.01689367722763872,0.0007295913932021387,34,44,100,,True,validation_plateau,,,13904,903.0880026979721,,0.023016071994788945,413b965b44bc676c9f6f3c32f96de2cd84acd01496a7e8b7edecf90fcc70aca6,1701,19,0,0.0019421251869644052,0.009040911673944885,0.49186407748743344,1.0,-0.009748710319399834,0.017970003187656403,,,,,0.015642718291033125,0.0010636953200750393,0.016706413611108164,,,,,
fold-002,reference/US-natural/finalist/gru-s44,evaluation,reference,finalist,gru,reference,44,True,continuous,,20454,19,0.01700970731235347,0.0007266120200969064,0.017149493815303108,0.0007375930344853992,23,33,100,,True,validation_plateau,,,10428,687.9921726239845,,0.02268774399999529,64955f4827f95e0e885ab6fa6d9a7b54ebc46d5e2f020df867020b95e40d03d9,1701,19,0,0.01051655528737119,0.007562882605122483,0.4989930093707339,1.0,-0.009759418666362762,0.022533535957336426,,,,,0.015642718291033125,0.0013669890213203438,0.01700970731235347,,,,,
fold-002,reference/US-natural/finalist/lstm-s43,evaluation,reference,finalist,lstm,reference,43,True,continuous,,20454,19,0.01665134927507318,0.0007204535580266855,0.016817445602086173,0.0007322160067657137,25,35,100,,True,validation_plateau,,,11060,703.9752600470092,,0.022328909995849244,631e8f51d1dfad183a094efd94d393487aa07a85f53767834076bd75984db4ae,1701,19,0,0.0050063240551289955,0.013355643049638006,0.5056497743427805,1.0,-0.012537194415926933,0.019239861518144608,,,,,0.015642718291033125,0.0010086309840400542,0.01665134927507318,,,,,
fold-002,reference/US-natural/finalist/lstm-s44,evaluation,reference,finalist,lstm,reference,44,True,continuous,,20454,19,0.016482531725406847,0.0007132268126971717,0.016658380428404562,0.0007259321691561334,16,26,100,,True,validation_plateau,,,8216,540.709005709039,,0.023413508999510668,d14cd3c135d4691f8b853c8ce45338c13c36f8df863341c12bd0aa62b2ce8535,1701,19,0,-0.002473061888669798,-0.0002594685611147319,0.4988243618908567,1.0,-0.016068920493125916,0.025045055896043777,,,,,0.015642718291033125,0.0008398134343737228,0.016482531725406847,,,,,
fold-002,reference/US-natural/finalist/rnn-s43,evaluation,reference,finalist,rnn,reference,43,True,continuous,,20454,19,0.01648059557725495,0.000708584486902507,0.016631264888107122,0.0007198758222425736,30,40,100,,True,validation_plateau,,,12640,777.4638499930152,,0.023553892999188974,d58e28d7c37a24e8bf91474a91e5b24818f76964a3b2476a1c3e3dc00df3e2a1,1701,19,0,0.010872825346498602,0.01844299422438612,0.5110194995467924,1.0,-0.013613685965538025,0.01918945461511612,,,,,0.015642718291033125,0.0008378772862218248,0.01648059557725495,,,,,
fold-002,reference/US-natural/finalist/rnn-s44,evaluation,reference,finalist,rnn,reference,44,True,continuous,,20454,19,0.015975862737946815,0.0006925828008899322,0.016140911882544795,0.0007041243187288826,42,52,100,,True,validation_plateau,,,16432,1001.2761563659878,,0.02338920399779454,02a7d4ff113b99bacbdbe0f4f33393aa76915fbeb525b3fcf576e0ad3d7f86aa,1701,19,0,0.003664993673852918,0.012464371667357827,0.5203440310169059,1.0,-0.008779804222285748,0.015862280502915382,,,,,0.015642718291033125,0.0003331444469136906,0.015975862737946815,,,,,
fold-002,reference/US-natural/search/dlinear-00-s42,evaluation,reference,search,dlinear,reference,42,False,continuous,,20454,19,0.01705145031731174,0.0007371767953901643,0.017253468311204802,0.0007501744611531345,29,39,100,,True,validation_plateau,,,12324,742.3380200790125,,0.023943004009197466,72b4259491826d5b5b01e1633dd8225b23766a75d2ef1d59931880ba12c07262,1701,19,0,0.0020296456123955575,-0.006651581013746955,0.481440601487985,1.0,-0.02609238773584366,0.023008666932582855,,,,,0.015642718291033125,0.001408732026278614,0.01705145031731174,,,,,
fold-002,reference/US-natural/search/dlinear-10-s42,evaluation,reference,search,dlinear,reference,42,True,continuous,,20454,19,0.016295827678473564,0.0007022086437424779,0.016436750599574668,0.0007131409512266708,19,29,100,,True,validation_plateau,,,9164,559.2511674939888,,0.023733559995889664,c1bf5e729388ee44ee8125a2854ceb036b86fb4be51c8ba5205b766f775c6c31,1701,19,0,0.018001176825479276,0.018241952343769813,0.523987722922052,1.0,-0.02088528871536255,0.018682565540075302,,,,,0.015642718291033125,0.0006531093874404398,0.016295827678473564,,,,,
fold-002,reference/US-natural/search/gru-00-s42,evaluation,reference,search,gru,reference,42,False,continuous,,20454,19,0.016278872477125905,0.0007079339430362323,0.016447225465191315,0.0007196246487524991,17,27,100,,True,validation_plateau,,,8532,537.7245850740001,,0.023127029999159276,48aa95fd3774187ef261ea42695fb71fe08f51398e255ef5a1bbeb31f39b092e,1701,19,0,-0.008659712694459388,-0.009398547722077965,0.49355924505610776,1.0,-0.02455160766839981,0.023908570408821106,,,,,0.015642718291033125,0.00063615418609278,0.016278872477125905,,,,,
fold-002,reference/US-natural/search/gru-10-s42,evaluation,reference,search,gru,reference,42,True,continuous,,20454,19,0.016169704976656277,0.000700611573390145,0.016347271109654903,0.0007123774103005253,46,56,100,,True,validation_plateau,,,17696,1108.7994740690337,,0.022982228998444043,8acf795125dc03266ee4f1ebc9c402bfd80a0a49c7bbdfa4de968975d71f4bb6,1701,19,0,0.008421390928472612,0.011955420666248434,0.511931349373011,1.0,-0.010571479797363281,0.017646731808781624,,,,,0.015642718291033125,0.0005269866856231521,0.016169704976656277,,,,,
fold-002,reference/US-natural/search/lstm-00-s42,evaluation,reference,search,lstm,reference,42,False,continuous,,20454,19,0.01643090250325546,0.0007155981906576146,0.016593039891945747,0.0007269283359173655,18,28,100,,True,validation_plateau,,,8848,557.1700443499722,,0.023179398995125666,71063baa2e8ed82946f786ac1abb302744109900523102440f97a6c817b1d8d3,1701,19,0,-0.0027590439215653337,-0.029443565202945502,0.5025881355767925,1.0,-0.023930624127388,0.020994290709495544,,,,,0.015642718291033125,0.0007881842122223343,0.01643090250325546,,,,,
fold-002,reference/US-natural/search/lstm-10-s42,evaluation,reference,search,lstm,reference,42,True,continuous,,20454,19,0.016133807574507244,0.0006988423009375868,0.016310914639218323,0.0007110018841968692,18,28,100,,True,validation_plateau,,,8848,574.4256171429879,,0.023833668004954234,523db3dd2dce55add96fe3f75eb2b9cd7a00a554f2ac9073b7ae5e76f1709fee,1701,19,0,0.01751247948967791,0.025635023790852394,0.5037151461144012,1.0,-0.015105284750461578,0.021697398275136948,,,,,0.015642718291033125,0.0004910892834741193,0.016133807574507244,,,,,
fold-002,reference/US-natural/search/rnn-00-s42,evaluation,reference,search,rnn,reference,42,False,continuous,,20454,19,0.015908457905166016,0.0006991544482501616,0.01607664160814511,0.000710326886354969,28,38,100,,True,validation_plateau,,,12008,722.4002047299873,,0.023195378002128564,391b07c7b64c09936151cf2d599969ce3fc08004a23f573cbfcc8be519cfbd31,1701,19,0,-0.001567110313698021,-0.022224498771109175,0.5104320834424586,1.0,-0.02346288412809372,0.02023465186357498,,,,,0.015642718291033125,0.0002657396141328913,0.015908457905166016,,,,,
fold-002,reference/US-natural/search/rnn-10-s42,evaluation,reference,search,rnn,reference,42,True,continuous,,20454,19,0.016326277285778523,0.0007078392849826697,0.01652873433340135,0.0007207975959354355,38,48,100,,True,validation_plateau,,,15168,928.3335868499707,,0.022801968996645883,9fac1c516bfb207e2de38a17cf38db44caa9f7ebf9871e89972ed4efc8cf8093,1701,19,0,0.0019770586022296705,0.017298221884267818,0.5202188777316246,1.0,-0.013837899081408978,0.024445712566375732,,,,,0.015642718291033125,0.0006835589947453979,0.016326277285778523,,,,,
fold-002,tabular/ridge-a0.1,evaluation,tabular,search,ridge,ridge,,False,continuous,,20454,19,2.3985942492032826,5.756974785604697,2.3994279749622116,5.761018900463115,,,,,,,,,,,,0.02351921799709089,beaaa75faaf4905fa48d3edbf6fcce3e059b776496f53988d93e04a3a4486073,1701,19,0,0.03535130844458719,0.026280178054567532,0.48855386233672315,1.0,2.243844198116192,2.5048835592639835,,,96.42094535502838,,0.015642718291033125,2.3829515309122495,2.3985942492032826,,,,,
fold-002,tabular/ridge-a1.0,evaluation,tabular,search,ridge,ridge,,True,continuous,,20454,19,0.19837096288093328,0.040692069370267966,0.19887048294905912,0.040945193712294166,,,,,,,,,,,,0.02330262000032235,8c80a3e6dfd93c910880f998378e5f286903c131046e91c599862d343be18f08,1701,19,0,0.03583033831935531,0.026070225141794974,0.48855386233672315,1.0,0.1184365895793998,0.2879031496493814,,,81.62657254299847,,0.015642718291033125,0.18272824458990017,0.19837096288093328,,,,,
fold-002,tabular/ridge-a10.0,evaluation,tabular,search,ridge,ridge,,False,continuous,,20454,19,0.40481326657831296,0.16475869984481412,0.4043388194956066,0.1643998298972432,,,,,,,,,,,,0.0237928610004019,cea4633bac192581083ca8eb890100af223a503630dbb22e55fffd6092ff6b64,1701,19,0,0.03576469834894834,0.025400930594867324,0.5114461376632768,1.0,-0.4816960761084559,-0.33517793102219684,,,82.03732570499415,,0.015642718291033125,0.3891705482872798,0.40481326657831296,,,,,
fold-002,tabular/xgb-d3-b128-lr0.03-s42,evaluation,tabular,search,xgboost,xgboost,42,False,continuous,,20454,19,0.015646028871320276,0.0006921642794571005,0.015829524315448887,0.0007043219799694527,,,,,True,validation_plateau,300,1,,,,0.01911125199694652,08a70dce5b885e375d8c79060e2db2c5eaa9b521ba5933b01d4f4534b1d87620,1701,9,10,0.011262918802901702,0.03296296006101062,0.5131458941582363,1.0,-0.0007915438618510962,5.7209632359445095e-05,,,,312.01473465998424,0.015642718291033125,3.310580287151088e-06,0.015646028871320276,,,,,
fold-002,tabular/xgb-d3-b128-lr0.1-s42,evaluation,tabular,search,xgboost,xgboost,42,False,continuous,,20454,19,0.01567221791577031,0.0006922305762139487,0.015859057297797883,0.0007046234336231687,,,,,True,validation_plateau,300,1,,,,0.018570797008578666,32e68b5813c9b853c9e5c625e1ffe8b8bba16df11a73110a95949a005e4072b5,1701,9,10,0.011262918802901702,0.03296296006101062,0.49212007091391985,1.0,-0.0008814774919301271,0.001947701210156083,,,,315.0091409020242,0.015642718291033125,2.94996247371844e-05,0.01567221791577031,,,,,
fold-002,tabular/xgb-d3-b256-lr0.03-s42,evaluation,tabular,search,xgboost,xgboost,42,False,continuous,,20454,19,0.015646180327367674,0.0006921711379010572,0.01582966938684271,0.0007043283879029214,,,,,True,validation_plateau,300,1,,,,0.019381621008506045,24c3ba3156884ea037bb2998b604842f02baabcb906fc8c9b6bdb48fdfd638e7,1701,9,10,0.009364921733987936,0.03160456969663858,0.512841978490926,1.0,-0.0007915438618510962,5.4691045079380274e-05,,,,341.9097961000516,0.015642718291033125,3.462036334549168e-06,0.015646180327367674,,,,,
fold-002,tabular/xgb-d3-b256-lr0.1-s42,evaluation,tabular,search,xgboost,xgboost,42,False,continuous,,20454,19,0.015672819259399156,0.0006922526079524813,0.015859627562708093,0.0007046439619230064,,,,,True,validation_plateau,300,1,,,,0.01861189299961552,978c7ccceacbf3d5dc4b6ed7edaf21228d27c566d41cfd26451e968a0e6de33b,1701,9,10,0.009364921733987936,0.03160456969663858,0.49212007091391985,1.0,-0.0008814774919301271,0.0019393058028072119,,,,338.60488708497724,0.015642718291033125,3.0100968366031378e-05,0.015672819259399156,,,,,
fold-002,tabular/xgb-d3-b64-lr0.03-s42,evaluation,tabular,search,xgboost,xgboost,42,False,continuous,,20454,19,0.015645955271510834,0.0006921611971090981,0.01582945341329873,0.0007043188241852488,,,,,True,validation_plateau,300,1,,,,0.019712371999048628,cbead7582329bdf3f964159ff52118f71f723a57ac605ea07d243b3ac870d134,1701,9,10,0.012502129452126158,0.033985163864557334,0.5132976410343817,1.0,-0.0007915438618510962,5.797977792099118e-05,,,,286.16898318903986,0.015642718291033125,3.23698047770965e-06,0.015645955271510834,,,,,
fold-002,tabular/xgb-d3-b64-lr0.1-s42,evaluation,tabular,search,xgboost,xgboost,42,False,continuous,,20454,19,0.01567200128576327,0.0006922179641078444,0.015858848685459812,0.000704610650561728,,,,,True,validation_plateau,300,1,,,,0.019630539012723602,7daf8805e7dfef105e5fc19de96e53dc23d92876dbe475173544392fd383ae57,1701,9,10,0.012502129452126158,0.033985163864557334,0.49212007091391985,1.0,-0.0008814774919301271,0.001950268168002367,,,,292.1444175170036,0.015642718291033125,2.9282994730144007e-05,0.01567200128576327,,,,,
fold-002,tabular/xgb-d6-b128-lr0.03-s42,evaluation,tabular,search,xgboost,xgboost,42,False,continuous,,20454,19,0.01564972982043806,0.0006925007752430123,0.015833331900785896,0.000704700588088373,,,,,True,validation_plateau,300,1,,,,0.021593748009763658,368d24ed03e81987f75a64648e9053af443082057800330252a888e0c79a11d4,1701,18,1,0.003817917252059046,0.00016223162287242753,0.5120648016729693,1.0,-0.007062891032546759,0.002342309569939971,,,,470.2978752719937,0.015642718291033125,7.011529404934297e-06,0.01564972982043806,,,,,
fold-002,tabular/xgb-d6-b128-lr0.1-s42,evaluation,tabular,search,xgboost,xgboost,42,False,continuous,,20454,19,0.0157019662081994,0.0006941637133833408,0.015888826185865526,0.0007067069021304026,,,,,True,validation_plateau,300,1,,,,0.02206804000888951,7b2be8b4253f84670319c674715bd6c0e4623b862d2ebf72130dbe9fe1913c0a,1701,18,1,0.003817917252059046,0.0001622326330621453,0.5032999163499549,1.0,-0.02178596891462803,0.009564700536429882,,,,466.2798443789943,0.015642718291033125,5.924791716627534e-05,0.0157019662081994,,,,,
fold-002,tabular/xgb-d6-b256-lr0.03-s42,evaluation,tabular,search,xgboost,xgboost,42,True,continuous,,20454,19,0.015652046334860014,0.0006926591979757188,0.015836014574382457,0.000704894033566043,,,,,True,validation_plateau,300,1,,,,0.022582065997994505,d05037502bc0ea8946f70a3a8b6c20831e90ab0a0d37099ce90290ca5973408d,1701,18,1,-0.007808705377858062,-0.008023504370265507,0.511679746620433,1.0,-0.007873407565057278,0.002342309569939971,,,,508.2126299350057,0.015642718291033125,9.328043826889454e-06,0.015652046334860014,,,,,
fold-002,tabular/xgb-d6-b256-lr0.03-s43,evaluation,tabular,finalist,xgboost,xgboost,43,True,continuous,,20454,19,0.015652046334860014,0.0006926591979757188,0.015836014574382457,0.000704894033566043,,,,,True,validation_plateau,300,1,,,,0.022293925008852966,d05037502bc0ea8946f70a3a8b6c20831e90ab0a0d37099ce90290ca5973408d,1701,18,1,-0.007808705377858062,-0.008023504370265507,0.511679746620433,1.0,-0.007873407565057278,0.002342309569939971,,,,503.8543785040383,0.015642718291033125,9.328043826889454e-06,0.015652046334860014,,,,,
fold-002,tabular/xgb-d6-b256-lr0.03-s44,evaluation,tabular,finalist,xgboost,xgboost,44,True,continuous,,20454,19,0.015652046334860014,0.0006926591979757188,0.015836014574382457,0.000704894033566043,,,,,True,validation_plateau,300,1,,,,0.021703424004954286,d05037502bc0ea8946f70a3a8b6c20831e90ab0a0d37099ce90290ca5973408d,1701,18,1,-0.007808705377858062,-0.008023504370265507,0.511679746620433,1.0,-0.007873407565057278,0.002342309569939971,,,,508.2464275819948,0.015642718291033125,9.328043826889454e-06,0.015652046334860014,,,,,
fold-002,tabular/xgb-d6-b256-lr0.1-s42,evaluation,tabular,search,xgboost,xgboost,42,False,continuous,,20454,19,0.015708511763277276,0.0006945753261388678,0.015896460703515098,0.000707225743549892,,,,,True,validation_plateau,300,1,,,,0.022063802010961808,b910e7f7aa4b0eb5327a66f7e9dea3110a5595fb0a3b566a5dca02a5acacbd76,1701,18,1,-0.007808705377858062,-0.008023504528998486,0.4868272805351575,1.0,-0.0244876891374588,0.009564700536429882,,,,508.9861450410099,0.015642718291033125,6.579347224415152e-05,0.015708511763277276,,,,,
fold-002,tabular/xgb-d6-b64-lr0.03-s42,evaluation,tabular,search,xgboost,xgboost,42,False,continuous,,20454,19,0.015651055975271062,0.0006923356696243874,0.01583502613431009,0.0007045465716354946,,,,,True,validation_plateau,300,1,,,,0.02128859500226099,d65af360663d572b0fffb346fff33a6d8efef7f72ea360b37dbea55dd5b9d3c3,1701,18,1,-0.012985314453478135,0.01853035920208032,0.5125715893062498,1.0,-0.007062891032546759,0.002494477666914463,,,,424.27035738900304,0.015642718291033125,8.337684237937765e-06,0.015651055975271062,,,,,
fold-002,tabular/xgb-d6-b64-lr0.1-s42,evaluation,tabular,search,xgboost,xgboost,42,False,continuous,,20454,19,0.015713029408775038,0.0006935955463658615,0.015900615491593526,0.0007061597511317613,,,,,True,validation_plateau,300,1,,,,0.0225222340086475,0a1abb044991e78ae5e2d0ebb9c9ef24fffb252ba49eb8fd5b6f29895031eeb9,1701,18,1,-0.012985314453478135,0.01853035903677308,0.4867227489495857,1.0,-0.02178596891462803,0.010071927681565285,,,,426.9730266390252,0.015642718291033125,7.031111774191343e-05,0.015713029408775038,,,,,
fold-002,posttraining/dlinear/seed-42/real/expected,evaluation,posttraining,posttraining,dlinear,expected,42,True,median,reference/US-natural/search/dlinear-10-s42,20454,19,0.01644458266705744,0.0007080195972565614,0.016584056510421618,0.0007189102092478059,0,13,50,True,True,validation_plateau,,,9334,,0.0,0.03164356900379062,9bae5257d147b55f7c6a004dbc375bdec913615c6ff7ea690614de17d5a2dfe4,1701,19,0,0.013782472313906386,0.009105849395680252,0.3111021501263285,0.5962355711430275,-0.02004203142376182,0.02004203142376182,True,0.0,,166.61791271698894,0.015642718291033125,0.0008018643760243152,0.016295827678473564,0.00014875498858387542,0.01644458266705744,0.0,0.016295827678473564,0.00014875498858387542
fold-002,posttraining/dlinear/seed-42/real/klpo_exact,evaluation,posttraining,posttraining,dlinear,klpo_exact,42,True,median,reference/US-natural/search/dlinear-10-s42,20454,19,0.01644458266705744,0.0007080195972565614,0.016584056510421618,0.0007189102092478059,0,13,50,True,True,validation_plateau,,,9334,,0.0,0.02360491899889894,9bae5257d147b55f7c6a004dbc375bdec913615c6ff7ea690614de17d5a2dfe4,1701,19,0,0.013782472313906386,0.009105849395680252,0.3111021501263285,0.5962355711430275,-0.02004203142376182,0.02004203142376182,True,0.0,,174.05477894999785,0.015642718291033125,0.0008018643760243152,0.016295827678473564,0.00014875498858387542,0.01644458266705744,0.0,0.016295827678473564,0.00014875498858387542
fold-002,posttraining/dlinear/seed-42/real/klpo_full,evaluation,posttraining,posttraining,dlinear,klpo_full,42,True,median,reference/US-natural/search/dlinear-10-s42,20454,19,0.01644458266705744,0.0007080195972565614,0.016584056510421618,0.0007189102092478059,0,13,50,True,True,validation_plateau,,,9334,,0.0,0.023051888987538405,9bae5257d147b55f7c6a004dbc375bdec913615c6ff7ea690614de17d5a2dfe4,1701,19,0,0.013782472313906386,0.009105849395680252,0.3111021501263285,0.5962355711430275,-0.02004203142376182,0.02004203142376182,True,0.0,,178.4984798959922,0.015642718291033125,0.0008018643760243152,0.016295827678473564,0.00014875498858387542,0.01644458266705744,0.0,0.016295827678473564,0.00014875498858387542
fold-002,posttraining/dlinear/seed-42/real/klpo_mc,evaluation,posttraining,posttraining,dlinear,klpo_mc,42,True,median,reference/US-natural/search/dlinear-10-s42,20454,19,0.01644458266705744,0.0007080195972565614,0.016584056510421618,0.0007189102092478059,0,13,50,True,True,validation_plateau,,,9334,,0.0,0.023725656006718054,9bae5257d147b55f7c6a004dbc375bdec913615c6ff7ea690614de17d5a2dfe4,1701,19,0,0.013782472313906386,0.009105849395680252,0.3111021501263285,0.5962355711430275,-0.02004203142376182,0.02004203142376182,True,0.0,,179.89218209404498,0.015642718291033125,0.0008018643760243152,0.016295827678473564,0.00014875498858387542,0.01644458266705744,0.0,0.016295827678473564,0.00014875498858387542
fold-002,posttraining/dlinear/seed-42/real/mae,evaluation,posttraining,posttraining,dlinear,mae,42,True,median,reference/US-natural/search/dlinear-10-s42,20454,19,0.01644458266705744,0.0007080195972565614,0.016584056510421618,0.0007189102092478059,0,13,50,True,True,validation_plateau,,,9334,,0.0,0.023305285998503678,9bae5257d147b55f7c6a004dbc375bdec913615c6ff7ea690614de17d5a2dfe4,1701,19,0,0.013782472313906386,0.009105849395680252,0.3111021501263285,0.5962355711430275,-0.02004203142376182,0.02004203142376182,True,0.0,,159.26995641400572,0.015642718291033125,0.0008018643760243152,0.016295827678473564,0.00014875498858387542,0.01644458266705744,0.0,0.016295827678473564,0.00014875498858387542
fold-002,posttraining/dlinear/seed-42/real/neural_mae,evaluation,posttraining,posttraining,dlinear,neural_mae,42,True,median,reference/US-natural/search/dlinear-10-s42,20454,19,0.015642569648755007,0.0006917782014746197,0.015827755948991336,0.0007039522953193215,6,14,50,False,True,validation_plateau,,,10052,,0.0,0.01987661099701654,7769cd9c5079e2433daa1a178909baaa5d6544f74fd9b6c6085cfa98d9be7447,1701,9,10,-0.0007888517268580481,-0.006038608907969539,0.0019685317050050465,0.003580606115857568,-0.006680677141253935,0.006680677141253935,False,0.020782699808478355,,191.79547316097887,0.015642718291033125,-1.4864227811800523e-07,0.016295827678473564,-0.0006532580297185578,0.01644458266705744,-0.0008020130183024332,0.015604793276586391,3.777637216861515e-05
fold-002,posttraining/dlinear/seed-42/real/neural_mse,evaluation,posttraining,posttraining,dlinear,neural_mse,42,True,median,reference/US-natural/search/dlinear-10-s42,20454,19,0.01564954531155227,0.0006912537752315326,0.015833759680178524,0.0007033376065729271,24,32,50,False,True,validation_plateau,,,22976,,0.0,0.023679789999732748,9b3503a18d068e8cc6e08379f82c9098b5a2ab602fe045c9f38866e8fdbed26f,1701,19,0,0.004254682068032468,0.012189044443555522,0.005478040305776163,0.010563533096812083,-0.006680677141253935,0.006680677141253935,False,0.019260628148913383,,413.2493015099899,0.015642718291033125,6.827020519146326e-06,0.016295827678473564,-0.0006462823669212935,0.01644458266705744,-0.0007950373555051689,0.015654909049805845,-5.363738253574141e-06
fold-002,posttraining/dlinear/seed-42/real/reinforce,evaluation,posttraining,posttraining,dlinear,reinforce,42,True,median,reference/US-natural/search/dlinear-10-s42,20454,19,0.01644458266705744,0.0007080195972565614,0.016584056510421618,0.0007189102092478059,0,13,50,True,True,validation_plateau,,,9334,,0.0,0.023846041993238032,9bae5257d147b55f7c6a004dbc375bdec913615c6ff7ea690614de17d5a2dfe4,1701,19,0,0.013782472313906386,0.009105849395680252,0.3111021501263285,0.5962355711430275,-0.02004203142376182,0.02004203142376182,True,0.0,,174.31394305895083,0.015642718291033125,0.0008018643760243152,0.016295827678473564,0.00014875498858387542,0.01644458266705744,0.0,0.016295827678473564,0.00014875498858387542
fold-002,posttraining/dlinear/seed-43/real/expected,evaluation,posttraining,posttraining,dlinear,expected,43,True,median,reference/US-natural/search/dlinear-10-s42,20454,19,0.01644458266705744,0.0007080195972565614,0.016584056510421618,0.0007189102092478059,0,13,50,True,True,validation_plateau,,,9334,,0.0,0.023342325002886355,9bae5257d147b55f7c6a004dbc375bdec913615c6ff7ea690614de17d5a2dfe4,1701,19,0,0.013782472313906386,0.009105849395680252,0.3111021501263285,0.5962355711430275,-0.02004203142376182,0.02004203142376182,True,0.0,,167.09955631400226,0.015642718291033125,0.0008018643760243152,0.016295827678473564,0.00014875498858387542,0.01644458266705744,0.0,0.016295827678473564,0.00014875498858387542
fold-002,posttraining/dlinear/seed-43/real/klpo_exact,evaluation,posttraining,posttraining,dlinear,klpo_exact,43,True,median,reference/US-natural/search/dlinear-10-s42,20454,19,0.01644458266705744,0.0007080195972565614,0.016584056510421618,0.0007189102092478059,0,13,50,True,True,validation_plateau,,,9334,,0.0,0.022790879011154175,9bae5257d147b55f7c6a004dbc375bdec913615c6ff7ea690614de17d5a2dfe4,1701,19,0,0.013782472313906386,0.009105849395680252,0.3111021501263285,0.5962355711430275,-0.02004203142376182,0.02004203142376182,True,0.0,,173.86636424803874,0.015642718291033125,0.0008018643760243152,0.016295827678473564,0.00014875498858387542,0.01644458266705744,0.0,0.016295827678473564,0.00014875498858387542
fold-002,posttraining/dlinear/seed-43/real/klpo_full,evaluation,posttraining,posttraining,dlinear,klpo_full,43,True,median,reference/US-natural/search/dlinear-10-s42,20454,19,0.01644458266705744,0.0007080195972565614,0.016584056510421618,0.0007189102092478059,0,13,50,True,True,validation_plateau,,,9334,,0.0,0.023317818995565176,9bae5257d147b55f7c6a004dbc375bdec913615c6ff7ea690614de17d5a2dfe4,1701,19,0,0.013782472313906386,0.009105849395680252,0.3111021501263285,0.5962355711430275,-0.02004203142376182,0.02004203142376182,True,0.0,,179.97262468899135,0.015642718291033125,0.0008018643760243152,0.016295827678473564,0.00014875498858387542,0.01644458266705744,0.0,0.016295827678473564,0.00014875498858387542
fold-002,posttraining/dlinear/seed-43/real/klpo_mc,evaluation,posttraining,posttraining,dlinear,klpo_mc,43,True,median,reference/US-natural/search/dlinear-10-s42,20454,19,0.01644458266705744,0.0007080195972565614,0.016584056510421618,0.0007189102092478059,0,13,50,True,True,validation_plateau,,,9334,,0.0,0.02260594100516755,9bae5257d147b55f7c6a004dbc375bdec913615c6ff7ea690614de17d5a2dfe4,1701,19,0,0.013782472313906386,0.009105849395680252,0.3111021501263285,0.5962355711430275,-0.02004203142376182,0.02004203142376182,True,0.0,,182.7157247249852,0.015642718291033125,0.0008018643760243152,0.016295827678473564,0.00014875498858387542,0.01644458266705744,0.0,0.016295827678473564,0.00014875498858387542
fold-002,posttraining/dlinear/seed-43/real/mae,evaluation,posttraining,posttraining,dlinear,mae,43,True,median,reference/US-natural/search/dlinear-10-s42,20454,19,0.01644458266705744,0.0007080195972565614,0.016584056510421618,0.0007189102092478059,0,13,50,True,True,validation_plateau,,,9334,,0.0,0.023690810005064122,9bae5257d147b55f7c6a004dbc375bdec913615c6ff7ea690614de17d5a2dfe4,1701,19,0,0.013782472313906386,0.009105849395680252,0.3111021501263285,0.5962355711430275,-0.02004203142376182,0.02004203142376182,True,0.0,,160.1115155450534,0.015642718291033125,0.0008018643760243152,0.016295827678473564,0.00014875498858387542,0.01644458266705744,0.0,0.016295827678473564,0.00014875498858387542
fold-002,posttraining/dlinear/seed-43/real/neural_mae,evaluation,posttraining,posttraining,dlinear,neural_mae,43,True,median,reference/US-natural/search/dlinear-10-s42,20454,19,0.015646350820866833,0.0006922469390754151,0.015831213035611687,0.0007043754120650303,8,16,50,False,True,validation_plateau,,,11488,,0.0,0.022566437008208595,8480c26137a211f37fc33f76c6f1c1c0bffcc4d6ad35c1c3f25cbfdbeeb055d5,1701,19,0,0.0044915906221227805,-0.007487112785325301,0.00421832387402058,0.008484034869194917,-0.006680677141253935,0.0,False,0.023499971255660057,,212.8432718749973,0.015642718291033125,3.632529833708098e-06,0.016295827678473564,-0.0006494768576067317,0.01644458266705744,-0.0007982318461906071,0.015671049454564646,-2.4698633697813055e-05
fold-002,posttraining/dlinear/seed-43/real/neural_mse,evaluation,posttraining,posttraining,dlinear,neural_mse,43,True,median,reference/US-natural/search/dlinear-10-s42,20454,19,0.015646623847442757,0.0006921341798913428,0.01583155146432883,0.0007042916987814688,15,23,50,False,True,validation_plateau,,,16514,,0.0,0.021979323006235063,608223d5b2f369a8a6b85ab23ed7a1c58835cc9366d48e6710ed9e7191c1d890,1701,18,1,-0.0005989850381890292,-0.006823124298542902,0.0022015454709427007,0.004172336142937671,-0.006680677141253935,0.0,False,0.018254523165524006,,301.7171010109596,0.015642718291033125,3.905556409632138e-06,0.016295827678473564,-0.0006492038310308076,0.01644458266705744,-0.0007979588196146831,0.015628569741078565,1.8054106364191747e-05
fold-002,posttraining/dlinear/seed-43/real/reinforce,evaluation,posttraining,posttraining,dlinear,reinforce,43,True,median,reference/US-natural/search/dlinear-10-s42,20454,19,0.01644458266705744,0.0007080195972565614,0.016584056510421618,0.0007189102092478059,0,13,50,True,True,validation_plateau,,,9334,,0.0,0.023289787000976503,9bae5257d147b55f7c6a004dbc375bdec913615c6ff7ea690614de17d5a2dfe4,1701,19,0,0.013782472313906386,0.009105849395680252,0.3111021501263285,0.5962355711430275,-0.02004203142376182,0.02004203142376182,True,0.0,,169.57817050500307,0.015642718291033125,0.0008018643760243152,0.016295827678473564,0.00014875498858387542,0.01644458266705744,0.0,0.016295827678473564,0.00014875498858387542
fold-002,posttraining/dlinear/seed-44/real/expected,evaluation,posttraining,posttraining,dlinear,expected,44,True,median,reference/US-natural/search/dlinear-10-s42,20454,19,0.01644458266705744,0.0007080195972565614,0.016584056510421618,0.0007189102092478059,0,13,50,True,True,validation_plateau,,,9334,,0.0,0.023572657999466173,9bae5257d147b55f7c6a004dbc375bdec913615c6ff7ea690614de17d5a2dfe4,1701,19,0,0.013782472313906386,0.009105849395680252,0.3111021501263285,0.5962355711430275,-0.02004203142376182,0.02004203142376182,True,0.0,,170.96774639899377,0.015642718291033125,0.0008018643760243152,0.016295827678473564,0.00014875498858387542,0.01644458266705744,0.0,0.016295827678473564,0.00014875498858387542
fold-002,posttraining/dlinear/seed-44/real/klpo_exact,evaluation,posttraining,posttraining,dlinear,klpo_exact,44,True,median,reference/US-natural/search/dlinear-10-s42,20454,19,0.01644458266705744,0.0007080195972565614,0.016584056510421618,0.0007189102092478059,0,13,50,True,True,validation_plateau,,,9334,,0.0,0.02308327799255494,9bae5257d147b55f7c6a004dbc375bdec913615c6ff7ea690614de17d5a2dfe4,1701,19,0,0.013782472313906386,0.009105849395680252,0.3111021501263285,0.5962355711430275,-0.02004203142376182,0.02004203142376182,True,0.0,,175.1701498979819,0.015642718291033125,0.0008018643760243152,0.016295827678473564,0.00014875498858387542,0.01644458266705744,0.0,0.016295827678473564,0.00014875498858387542
fold-002,posttraining/dlinear/seed-44/real/klpo_full,evaluation,posttraining,posttraining,dlinear,klpo_full,44,True,median,reference/US-natural/search/dlinear-10-s42,20454,19,0.01644458266705744,0.0007080195972565614,0.016584056510421618,0.0007189102092478059,0,13,50,True,True,validation_plateau,,,9334,,0.0,0.022780778992455453,9bae5257d147b55f7c6a004dbc375bdec913615c6ff7ea690614de17d5a2dfe4,1701,19,0,0.013782472313906386,0.009105849395680252,0.3111021501263285,0.5962355711430275,-0.02004203142376182,0.02004203142376182,True,0.0,,177.01072894298704,0.015642718291033125,0.0008018643760243152,0.016295827678473564,0.00014875498858387542,0.01644458266705744,0.0,0.016295827678473564,0.00014875498858387542
fold-002,posttraining/dlinear/seed-44/real/klpo_mc,evaluation,posttraining,posttraining,dlinear,klpo_mc,44,True,median,reference/US-natural/search/dlinear-10-s42,20454,19,0.01644458266705744,0.0007080195972565614,0.016584056510421618,0.0007189102092478059,0,13,50,True,True,validation_plateau,,,9334,,0.0,0.023568942007841542,9bae5257d147b55f7c6a004dbc375bdec913615c6ff7ea690614de17d5a2dfe4,1701,19,0,0.013782472313906386,0.009105849395680252,0.3111021501263285,0.5962355711430275,-0.02004203142376182,0.02004203142376182,True,0.0,,179.75049487501383,0.015642718291033125,0.0008018643760243152,0.016295827678473564,0.00014875498858387542,0.01644458266705744,0.0,0.016295827678473564,0.00014875498858387542
fold-002,posttraining/dlinear/seed-44/real/mae,evaluation,posttraining,posttraining,dlinear,mae,44,True,median,reference/US-natural/search/dlinear-10-s42,20454,19,0.01644458266705744,0.0007080195972565614,0.016584056510421618,0.0007189102092478059,0,13,50,True,True,validation_plateau,,,9334,,0.0,0.022866240004077554,9bae5257d147b55f7c6a004dbc375bdec913615c6ff7ea690614de17d5a2dfe4,1701,19,0,0.013782472313906386,0.009105849395680252,0.3111021501263285,0.5962355711430275,-0.02004203142376182,0.02004203142376182,True,0.0,,158.54025235801237,0.015642718291033125,0.0008018643760243152,0.016295827678473564,0.00014875498858387542,0.01644458266705744,0.0,0.016295827678473564,0.00014875498858387542
fold-002,posttraining/dlinear/seed-44/real/neural_mae,evaluation,posttraining,posttraining,dlinear,neural_mae,44,True,median,reference/US-natural/search/dlinear-10-s42,20454,19,0.015615825841838743,0.0006883850581304767,0.015799220565533272,0.0007005486615271601,4,13,50,False,True,validation_plateau,,,9334,,0.0,0.02320275199599564,d7b8ff07b4170b899c8b2beea65dc933a1f8b4546c2c3ea92fea253b7fbd3d8a,1701,19,0,0.009129109557241874,0.004778519848449579,0.039557814026788575,0.062048972061072113,-0.006680677141253935,0.006680677141253935,False,0.021076835691928864,,172.68375365203246,0.015642718291033125,-2.6892449194381926e-05,0.016295827678473564,-0.0006800018366348217,0.01644458266705744,-0.0008287568252186971,0.015647881646849156,-3.2055805010413815e-05
fold-002,posttraining/dlinear/seed-44/real/neural_mse,evaluation,posttraining,posttraining,dlinear,neural_mse,44,True,median,reference/US-natural/search/dlinear-10-s42,20454,19,0.015645605495894565,0.0006922627080882359,0.015830824333351128,0.000704424804137566,11,19,50,False,True,validation_plateau,,,13642,,0.0,0.021906426001805812,938b4399325b809c4e31d1ad0dc91aec71155db73bb513eb9c1ac2a574f25513,1701,15,4,-0.013425920488173697,-0.037159086147663056,0.0005569651168005314,0.0014120766143168421,-0.006680677141253935,0.006680677141253935,False,0.018163761124014854,,250.7343606860377,0.015642718291033125,2.88720486144034e-06,0.016295827678473564,-0.0006502221825789994,0.01644458266705744,-0.0007989771711628749,0.01567690674152787,-3.13012456333063e-05
fold-002,posttraining/dlinear/seed-44/real/reinforce,evaluation,posttraining,posttraining,dlinear,reinforce,44,True,median,reference/US-natural/search/dlinear-10-s42,20454,19,0.01644458266705744,0.0007080195972565614,0.016584056510421618,0.0007189102092478059,0,13,50,True,True,validation_plateau,,,9334,,0.0,0.022778225000365637,9bae5257d147b55f7c6a004dbc375bdec913615c6ff7ea690614de17d5a2dfe4,1701,19,0,0.013782472313906386,0.009105849395680252,0.3111021501263285,0.5962355711430275,-0.02004203142376182,0.02004203142376182,True,0.0,,168.06884277402423,0.015642718291033125,0.0008018643760243152,0.016295827678473564,0.00014875498858387542,0.01644458266705744,0.0,0.016295827678473564,0.00014875498858387542
fold-002,posttraining/gru/seed-42/real/expected,evaluation,posttraining,posttraining,gru,expected,42,True,median,reference/US-natural/search/gru-10-s42,20454,19,0.016353923040738332,0.0007067318872703663,0.016523360682641715,0.0007182259766026099,0,13,50,True,True,validation_plateau,,,9334,,0.0,0.0325867509964155,918d53b14c6aaa35a3535cd73b9471156b65251c89670d84978bf9e5ae128b55,1701,19,0,0.013009608885126561,0.010978999830853538,0.26670485278769435,0.5306289832288268,-0.013361354282507877,0.02004203142376182,True,0.0,,165.3478397380095,0.015642718291033125,0.0007112047497052076,0.016169704976656277,0.00018421806408205552,0.016353923040738332,0.0,0.016169704976656277,0.00018421806408205552
fold-002,posttraining/gru/seed-42/real/klpo_exact,evaluation,posttraining,posttraining,gru,klpo_exact,42,True,median,reference/US-natural/search/gru-10-s42,20454,19,0.016353923040738332,0.0007067318872703663,0.016523360682641715,0.0007182259766026099,0,13,50,True,True,validation_plateau,,,9334,,0.0,0.023902408007415943,918d53b14c6aaa35a3535cd73b9471156b65251c89670d84978bf9e5ae128b55,1701,19,0,0.013009608885126561,0.010978999830853538,0.26670485278769435,0.5306289832288268,-0.013361354282507877,0.02004203142376182,True,0.0,,177.45238563901512,0.015642718291033125,0.0007112047497052076,0.016169704976656277,0.00018421806408205552,0.016353923040738332,0.0,0.016169704976656277,0.00018421806408205552
fold-002,posttraining/gru/seed-42/real/klpo_full,evaluation,posttraining,posttraining,gru,klpo_full,42,True,median,reference/US-natural/search/gru-10-s42,20454,19,0.016353923040738332,0.0007067318872703663,0.016523360682641715,0.0007182259766026099,0,13,50,True,True,validation_plateau,,,9334,,0.0,0.023312099001486786,918d53b14c6aaa35a3535cd73b9471156b65251c89670d84978bf9e5ae128b55,1701,19,0,0.013009608885126561,0.010978999830853538,0.26670485278769435,0.5306289832288268,-0.013361354282507877,0.02004203142376182,True,0.0,,175.91361659299582,0.015642718291033125,0.0007112047497052076,0.016169704976656277,0.00018421806408205552,0.016353923040738332,0.0,0.016169704976656277,0.00018421806408205552
fold-002,posttraining/gru/seed-42/real/klpo_mc,evaluation,posttraining,posttraining,gru,klpo_mc,42,True,median,reference/US-natural/search/gru-10-s42,20454,19,0.016353923040738332,0.0007067318872703663,0.016523360682641715,0.0007182259766026099,0,13,50,True,True,validation_plateau,,,9334,,0.0,0.02377649099798873,918d53b14c6aaa35a3535cd73b9471156b65251c89670d84978bf9e5ae128b55,1701,19,0,0.013009608885126561,0.010978999830853538,0.26670485278769435,0.5306289832288268,-0.013361354282507877,0.02004203142376182,True,0.0,,181.4669787660241,0.015642718291033125,0.0007112047497052076,0.016169704976656277,0.00018421806408205552,0.016353923040738332,0.0,0.016169704976656277,0.00018421806408205552
fold-002,posttraining/gru/seed-42/real/mae,evaluation,posttraining,posttraining,gru,mae,42,True,median,reference/US-natural/search/gru-10-s42,20454,19,0.016353923040738332,0.0007067318872703663,0.016523360682641715,0.0007182259766026099,0,13,50,True,True,validation_plateau,,,9334,,0.0,0.023857824999140576,918d53b14c6aaa35a3535cd73b9471156b65251c89670d84978bf9e5ae128b55,1701,19,0,0.013009608885126561,0.010978999830853538,0.26670485278769435,0.5306289832288268,-0.013361354282507877,0.02004203142376182,True,0.0,,158.6119802480098,0.015642718291033125,0.0007112047497052076,0.016169704976656277,0.00018421806408205552,0.016353923040738332,0.0,0.016169704976656277,0.00018421806408205552
fold-002,posttraining/gru/seed-42/real/neural_mae,evaluation,posttraining,posttraining,gru,neural_mae,42,True,median,reference/US-natural/search/gru-10-s42,20454,19,0.015638654757065776,0.00069178191167717,0.015823353264118014,0.0007039107534191737,1,13,50,False,True,validation_plateau,,,9334,,0.0,0.02326719400298316,9f7a223de4aae43d90cd8e579b59f4bb0c141d8468a630e6aa3082d8db69e014,1701,16,3,0.00701295168259611,0.009780724757939285,0.008752383139913255,0.015364682386183822,-0.006680677141253935,0.0,False,0.017160560935735703,,181.45672408305109,0.015642718291033125,-4.0635339673480986e-06,0.016169704976656277,-0.0005310502195905002,0.016353923040738332,-0.0007152682836725557,0.015592938025394038,4.5716731671738287e-05
fold-002,posttraining/gru/seed-42/real/neural_mse,evaluation,posttraining,posttraining,gru,neural_mse,42,True,median,reference/US-natural/search/gru-10-s42,20454,19,0.015633955470893843,0.0006911539598970491,0.015817665064696236,0.0007032673095534285,1,13,50,False,True,validation_plateau,,,9334,,0.0,0.022872902001836337,b482232b7074f8bf5414fa6cb079dae3ae02b39bdbe7738c4c6dc3c1c31f626a,1701,19,0,-0.004038193296333161,-0.010888281944680217,0.01768752195594738,0.02875476594691466,-0.006680677141253935,0.006680677141253935,False,0.013724398333579302,,184.66067841701442,0.015642718291033125,-8.76282013928184e-06,0.016169704976656277,-0.000535749505762434,0.016353923040738332,-0.0007199675698444895,0.01557038627094662,6.356919994722314e-05
fold-002,posttraining/gru/seed-42/real/reinforce,evaluation,posttraining,posttraining,gru,reinforce,42,True,median,reference/US-natural/search/gru-10-s42,20454,19,0.016353923040738332,0.0007067318872703663,0.016523360682641715,0.0007182259766026099,0,13,50,True,True,validation_plateau,,,9334,,0.0,0.023046709000482224,918d53b14c6aaa35a3535cd73b9471156b65251c89670d84978bf9e5ae128b55,1701,19,0,0.013009608885126561,0.010978999830853538,0.26670485278769435,0.5306289832288268,-0.013361354282507877,0.02004203142376182,True,0.0,,169.788523530995,0.015642718291033125,0.0007112047497052076,0.016169704976656277,0.00018421806408205552,0.016353923040738332,0.0,0.016169704976656277,0.00018421806408205552
fold-002,posttraining/gru/seed-43/real/expected,evaluation,posttraining,posttraining,gru,expected,43,True,median,reference/US-natural/search/gru-10-s42,20454,19,0.016353923040738332,0.0007067318872703663,0.016523360682641715,0.0007182259766026099,0,13,50,True,True,validation_plateau,,,9334,,0.0,0.023981316000572406,918d53b14c6aaa35a3535cd73b9471156b65251c89670d84978bf9e5ae128b55,1701,19,0,0.013009608885126561,0.010978999830853538,0.26670485278769435,0.5306289832288268,-0.013361354282507877,0.02004203142376182,True,0.0,,164.107419234002,0.015642718291033125,0.0007112047497052076,0.016169704976656277,0.00018421806408205552,0.016353923040738332,0.0,0.016169704976656277,0.00018421806408205552
fold-002,posttraining/gru/seed-43/real/klpo_exact,evaluation,posttraining,posttraining,gru,klpo_exact,43,True,median,reference/US-natural/search/gru-10-s42,20454,19,0.016353923040738332,0.0007067318872703663,0.016523360682641715,0.0007182259766026099,0,13,50,True,True,validation_plateau,,,9334,,0.0,0.024137920991051942,918d53b14c6aaa35a3535cd73b9471156b65251c89670d84978bf9e5ae128b55,1701,19,0,0.013009608885126561,0.010978999830853538,0.26670485278769435,0.5306289832288268,-0.013361354282507877,0.02004203142376182,True,0.0,,176.66126028297003,0.015642718291033125,0.0007112047497052076,0.016169704976656277,0.00018421806408205552,0.016353923040738332,0.0,0.016169704976656277,0.00018421806408205552
fold-002,posttraining/gru/seed-43/real/klpo_full,evaluation,posttraining,posttraining,gru,klpo_full,43,True,median,reference/US-natural/search/gru-10-s42,20454,19,0.016353923040738332,0.0007067318872703663,0.016523360682641715,0.0007182259766026099,0,13,50,True,True,validation_plateau,,,9334,,0.0,0.023581975008710288,918d53b14c6aaa35a3535cd73b9471156b65251c89670d84978bf9e5ae128b55,1701,19,0,0.013009608885126561,0.010978999830853538,0.26670485278769435,0.5306289832288268,-0.013361354282507877,0.02004203142376182,True,0.0,,177.98689009301597,0.015642718291033125,0.0007112047497052076,0.016169704976656277,0.00018421806408205552,0.016353923040738332,0.0,0.016169704976656277,0.00018421806408205552
fold-002,posttraining/gru/seed-43/real/klpo_mc,evaluation,posttraining,posttraining,gru,klpo_mc,43,True,median,reference/US-natural/search/gru-10-s42,20454,19,0.016353923040738332,0.0007067318872703663,0.016523360682641715,0.0007182259766026099,0,13,50,True,True,validation_plateau,,,9334,,0.0,0.023182203993201256,918d53b14c6aaa35a3535cd73b9471156b65251c89670d84978bf9e5ae128b55,1701,19,0,0.013009608885126561,0.010978999830853538,0.26670485278769435,0.5306289832288268,-0.013361354282507877,0.02004203142376182,True,0.0,,181.68775332299992,0.015642718291033125,0.0007112047497052076,0.016169704976656277,0.00018421806408205552,0.016353923040738332,0.0,0.016169704976656277,0.00018421806408205552
fold-002,posttraining/gru/seed-43/real/mae,evaluation,posttraining,posttraining,gru,mae,43,True,median,reference/US-natural/search/gru-10-s42,20454,19,0.016353923040738332,0.0007067318872703663,0.016523360682641715,0.0007182259766026099,0,13,50,True,True,validation_plateau,,,9334,,0.0,0.023808951998944394,918d53b14c6aaa35a3535cd73b9471156b65251c89670d84978bf9e5ae128b55,1701,19,0,0.013009608885126561,0.010978999830853538,0.26670485278769435,0.5306289832288268,-0.013361354282507877,0.02004203142376182,True,0.0,,158.35531630000332,0.015642718291033125,0.0007112047497052076,0.016169704976656277,0.00018421806408205552,0.016353923040738332,0.0,0.016169704976656277,0.00018421806408205552
fold-002,posttraining/gru/seed-43/real/neural_mae,evaluation,posttraining,posttraining,gru,neural_mae,43,True,median,reference/US-natural/search/gru-10-s42,20454,19,0.015643786916902463,0.0006925542052742226,0.015825472266151733,0.0007044297013576262,11,19,50,False,True,validation_plateau,,,13642,,0.0,0.02335603100073058,3f7e11e54e15c726f554d950a37b21e93ae0168465e92d00faa03ad01c8c661d,1701,18,1,-0.004130904468212754,-0.00979244453174161,0.014029075862950905,0.025758926093516293,-0.006680677141253935,0.0,False,0.018024495046120137,,272.1926232079859,0.015642718291033125,1.0686258693388961e-06,0.016169704976656277,-0.0005259180597538132,0.016353923040738332,-0.0007101361238358687,0.015727510768888585,-8.372385198612137e-05
fold-002,posttraining/gru/seed-43/real/neural_mse,evaluation,posttraining,posttraining,gru,neural_mse,43,True,median,reference/US-natural/search/gru-10-s42,20454,19,0.015644055878558417,0.0006907582108342446,0.015827794147774216,0.0007027783860507934,11,19,50,False,True,validation_plateau,,,13642,,0.0,0.02377404601429589,178714e71c886861c6f42b469c8089f7b0930baacce5ec0fd7a0787d8824c295,1701,19,0,0.0034632352708238744,0.008299047134317407,0.03379332830150822,0.058507423171209695,-0.006680677141253935,0.006680677141253935,False,0.011330429464578629,,261.6818045749678,0.015642718291033125,1.337587525292866e-06,0.016169704976656277,-0.0005256490980978593,0.016353923040738332,-0.0007098671621799148,0.015688516483095275,-4.446060453685771e-05
fold-002,posttraining/gru/seed-43/real/reinforce,evaluation,posttraining,posttraining,gru,reinforce,43,True,median,reference/US-natural/search/gru-10-s42,20454,19,0.016353923040738332,0.0007067318872703663,0.016523360682641715,0.0007182259766026099,0,13,50,True,True,validation_plateau,,,9334,,0.0,0.023488970997277647,918d53b14c6aaa35a3535cd73b9471156b65251c89670d84978bf9e5ae128b55,1701,19,0,0.013009608885126561,0.010978999830853538,0.26670485278769435,0.5306289832288268,-0.013361354282507877,0.02004203142376182,True,0.0,,169.03364348202012,0.015642718291033125,0.0007112047497052076,0.016169704976656277,0.00018421806408205552,0.016353923040738332,0.0,0.016169704976656277,0.00018421806408205552
fold-002,posttraining/gru/seed-44/real/expected,evaluation,posttraining,posttraining,gru,expected,44,True,median,reference/US-natural/search/gru-10-s42,20454,19,0.016353923040738332,0.0007067318872703663,0.016523360682641715,0.0007182259766026099,0,13,50,True,True,validation_plateau,,,9334,,0.0,0.024662337003974244,918d53b14c6aaa35a3535cd73b9471156b65251c89670d84978bf9e5ae128b55,1701,19,0,0.013009608885126561,0.010978999830853538,0.26670485278769435,0.5306289832288268,-0.013361354282507877,0.02004203142376182,True,0.0,,167.9244160959497,0.015642718291033125,0.0007112047497052076,0.016169704976656277,0.00018421806408205552,0.016353923040738332,0.0,0.016169704976656277,0.00018421806408205552
fold-002,posttraining/gru/seed-44/real/klpo_exact,evaluation,posttraining,posttraining,gru,klpo_exact,44,True,median,reference/US-natural/search/gru-10-s42,20454,19,0.016353923040738332,0.0007067318872703663,0.016523360682641715,0.0007182259766026099,0,13,50,True,True,validation_plateau,,,9334,,0.0,0.02377177300513722,918d53b14c6aaa35a3535cd73b9471156b65251c89670d84978bf9e5ae128b55,1701,19,0,0.013009608885126561,0.010978999830853538,0.26670485278769435,0.5306289832288268,-0.013361354282507877,0.02004203142376182,True,0.0,,179.26614988798974,0.015642718291033125,0.0007112047497052076,0.016169704976656277,0.00018421806408205552,0.016353923040738332,0.0,0.016169704976656277,0.00018421806408205552
fold-002,posttraining/gru/seed-44/real/klpo_full,evaluation,posttraining,posttraining,gru,klpo_full,44,True,median,reference/US-natural/search/gru-10-s42,20454,19,0.016353923040738332,0.0007067318872703663,0.016523360682641715,0.0007182259766026099,0,13,50,True,True,validation_plateau,,,9334,,0.0,0.02361692101112567,918d53b14c6aaa35a3535cd73b9471156b65251c89670d84978bf9e5ae128b55,1701,19,0,0.013009608885126561,0.010978999830853538,0.26670485278769435,0.5306289832288268,-0.013361354282507877,0.02004203142376182,True,0.0,,182.39019906701287,0.015642718291033125,0.0007112047497052076,0.016169704976656277,0.00018421806408205552,0.016353923040738332,0.0,0.016169704976656277,0.00018421806408205552
fold-002,posttraining/gru/seed-44/real/klpo_mc,evaluation,posttraining,posttraining,gru,klpo_mc,44,True,median,reference/US-natural/search/gru-10-s42,20454,19,0.016353923040738332,0.0007067318872703663,0.016523360682641715,0.0007182259766026099,0,13,50,True,True,validation_plateau,,,9334,,0.0,0.023309092997806147,918d53b14c6aaa35a3535cd73b9471156b65251c89670d84978bf9e5ae128b55,1701,19,0,0.013009608885126561,0.010978999830853538,0.26670485278769435,0.5306289832288268,-0.013361354282507877,0.02004203142376182,True,0.0,,181.21031491097528,0.015642718291033125,0.0007112047497052076,0.016169704976656277,0.00018421806408205552,0.016353923040738332,0.0,0.016169704976656277,0.00018421806408205552
fold-002,posttraining/gru/seed-44/real/mae,evaluation,posttraining,posttraining,gru,mae,44,True,median,reference/US-natural/search/gru-10-s42,20454,19,0.016353923040738332,0.0007067318872703663,0.016523360682641715,0.0007182259766026099,0,13,50,True,True,validation_plateau,,,9334,,0.0,0.023170562999439426,918d53b14c6aaa35a3535cd73b9471156b65251c89670d84978bf9e5ae128b55,1701,19,0,0.013009608885126561,0.010978999830853538,0.26670485278769435,0.5306289832288268,-0.013361354282507877,0.02004203142376182,True,0.0,,162.37312073796056,0.015642718291033125,0.0007112047497052076,0.016169704976656277,0.00018421806408205552,0.016353923040738332,0.0,0.016169704976656277,0.00018421806408205552
fold-002,posttraining/gru/seed-44/real/neural_mae,evaluation,posttraining,posttraining,gru,neural_mae,44,True,median,reference/US-natural/search/gru-10-s42,20454,19,0.015632640020333526,0.0006910179450179382,0.015816739503740487,0.0007030971767196188,2,13,50,False,True,validation_plateau,,,9334,,0.0,0.021697404008591548,35e9298ab2bd02562dbca7a5b912a5e7d6c3da937d2d1e3f622ba7779cf2dd05,1701,10,9,0.013985422426012275,0.00816079722230972,0.004552384181429354,0.006862405968959909,-0.006680677141253935,0.0,False,0.01666472270153463,,183.62832034903113,0.015642718291033125,-1.0078270699598324e-05,0.016169704976656277,-0.0005370649563227504,0.016353923040738332,-0.000721283020404806,0.015599406180966552,3.323383936697406e-05
fold-002,posttraining/gru/seed-44/real/neural_mse,evaluation,posttraining,posttraining,gru,neural_mse,44,True,median,reference/US-natural/search/gru-10-s42,20454,19,0.015652679744498216,0.0006918650742055681,0.015838256134454203,0.0007039829913165368,1,13,50,False,True,validation_plateau,,,9334,,0.0,0.023163108009612188,6e69308a312f28225ef6f7f42162810dbdb84dc985cd2093b5e6fd87901c0489,1701,18,1,-0.00692036786040499,-0.013771286609594216,0.004999920402850685,0.01011494708856594,-0.006680677141253935,0.006680677141253935,False,0.012404697015881538,,180.70568741997704,0.015642718291033125,9.961453465091169e-06,0.016169704976656277,-0.000517025232158061,0.016353923040738332,-0.0007012432962401165,0.015663132758908734,-1.0453014410518463e-05
fold-002,posttraining/gru/seed-44/real/reinforce,evaluation,posttraining,posttraining,gru,reinforce,44,True,median,reference/US-natural/search/gru-10-s42,20454,19,0.016353923040738332,0.0007067318872703663,0.016523360682641715,0.0007182259766026099,0,13,50,True,True,validation_plateau,,,9334,,0.0,0.023065175002557226,918d53b14c6aaa35a3535cd73b9471156b65251c89670d84978bf9e5ae128b55,1701,19,0,0.013009608885126561,0.010978999830853538,0.26670485278769435,0.5306289832288268,-0.013361354282507877,0.02004203142376182,True,0.0,,172.5319347329787,0.015642718291033125,0.0007112047497052076,0.016169704976656277,0.00018421806408205552,0.016353923040738332,0.0,0.016169704976656277,0.00018421806408205552
fold-002,posttraining/lstm/seed-42/real/expected,evaluation,posttraining,posttraining,lstm,expected,42,True,median,reference/US-natural/search/lstm-10-s42,20454,19,0.017098076024310866,0.0007305761505933706,0.017230726853490256,0.000741314693467958,2,13,50,False,True,validation_plateau,,,9334,,0.0,0.03181574199697934,ceda4d3bccdaf7fa96af643e32a2ceed7e2c159fb04a8c57b0c7b6b131e6a371,1701,19,0,0.013159938503275386,0.01445787761801039,0.400356000279814,0.7824853116676411,-0.02004203142376182,0.026722708565015754,False,0.01964424543601095,,176.3412813169998,0.015642718291033125,0.0014553577332777415,0.016133807574507244,0.0009642684498036222,0.016268911756106046,0.0008291642682048198,0.017024860337251528,7.321568705933798e-05
fold-002,posttraining/lstm/seed-42/real/klpo_exact,evaluation,posttraining,posttraining,lstm,klpo_exact,42,True,median,reference/US-natural/search/lstm-10-s42,20454,19,0.016268911756106046,0.0007031485253382255,0.016438088405358146,0.0007150829769666088,0,13,50,True,True,validation_plateau,,,9334,,0.0,0.02408554199791979,44eb8c8436767d2184a2e8498dd92ea08c9a1a74a42a166dd6d35a915b081e59,1701,19,0,0.019559447582764646,0.02364667313118931,0.2664801049206431,0.5195874258671269,-0.013361354282507877,0.02004203142376182,True,0.0,,178.71652516303584,0.015642718291033125,0.0006261934650729217,0.016133807574507244,0.00013510418159880244,0.016268911756106046,0.0,0.016133807574507244,0.00013510418159880244
fold-002,posttraining/lstm/seed-42/real/klpo_full,evaluation,posttraining,posttraining,lstm,klpo_full,42,True,median,reference/US-natural/search/lstm-10-s42,20454,19,0.016268911756106046,0.0007031485253382255,0.016438088405358146,0.0007150829769666088,0,13,50,True,True,validation_plateau,,,9334,,0.0,0.023870357996202074,44eb8c8436767d2184a2e8498dd92ea08c9a1a74a42a166dd6d35a915b081e59,1701,19,0,0.019559447582764646,0.02364667313118931,0.2664801049206431,0.5195874258671269,-0.013361354282507877,0.02004203142376182,True,0.0,,180.9477449110127,0.015642718291033125,0.0006261934650729217,0.016133807574507244,0.00013510418159880244,0.016268911756106046,0.0,0.016133807574507244,0.00013510418159880244
fold-002,posttraining/lstm/seed-42/real/klpo_mc,evaluation,posttraining,posttraining,lstm,klpo_mc,42,True,median,reference/US-natural/search/lstm-10-s42,20454,19,0.016268911756106046,0.0007031485253382255,0.016438088405358146,0.0007150829769666088,0,13,50,True,True,validation_plateau,,,9334,,0.0,0.022851803005323745,44eb8c8436767d2184a2e8498dd92ea08c9a1a74a42a166dd6d35a915b081e59,1701,19,0,0.019559447582764646,0.02364667313118931,0.2664801049206431,0.5195874258671269,-0.013361354282507877,0.02004203142376182,True,0.0,,185.81997280899668,0.015642718291033125,0.0006261934650729217,0.016133807574507244,0.00013510418159880244,0.016268911756106046,0.0,0.016133807574507244,0.00013510418159880244
fold-002,posttraining/lstm/seed-42/real/mae,evaluation,posttraining,posttraining,lstm,mae,42,True,median,reference/US-natural/search/lstm-10-s42,20454,19,0.016955925391922463,0.000726992377355076,0.017091307872417184,0.0007376444188230115,2,13,50,False,True,validation_plateau,,,9334,,0.0,0.023365157991065644,bec6f3978bf4b759e92511d389bd3dfae818691c7e7b69894f0439f7906f2087,1701,19,0,0.01794287412390597,0.014437296443668458,0.3760566329152458,0.7383861149846954,-0.02004203142376182,0.026722708565015754,False,0.018796814605679165,,161.3057592320256,0.015642718291033125,0.0013132071008893388,0.016133807574507244,0.0008221178174152195,0.016268911756106046,0.0006870136358164171,0.01689113659725917,6.478879466329315e-05
fold-002,posttraining/lstm/seed-42/real/neural_mae,evaluation,posttraining,posttraining,lstm,neural_mae,42,True,median,reference/US-natural/search/lstm-10-s42,20454,19,0.015642718291033125,0.0006918730709743186,0.015827875681260702,0.0007040449934512163,5,13,50,False,True,validation_plateau,,,9334,,0.0,0.018736136989900842,4a9d738f37154618c0bd66da2b48a26872878d759150051dcab99366c007f4af,1701,0,19,,,0.0,0.0,0.0,0.0,False,0.022812320850789547,,182.42955309402896,0.015642718291033125,0.0,0.016133807574507244,-0.0004910892834741193,0.016268911756106046,-0.0006261934650729217,0.015686841991615345,-4.412370058222079e-05
fold-002,posttraining/lstm/seed-42/real/neural_mse,evaluation,posttraining,posttraining,lstm,neural_mse,42,True,median,reference/US-natural/search/lstm-10-s42,20454,19,0.015642718291033125,0.0006918730709743186,0.015827875681260702,0.0007040449934512163,6,14,50,False,True,validation_plateau,,,10052,,0.0,0.01886332599679008,9d7142c3bf09044b8e6d9eca900c528264c0ca8936b6cfbce5251a3fd4174b5a,1701,0,19,,,0.0,0.0,0.0,0.0,False,0.021269574761390686,,200.23137919500005,0.015642718291033125,0.0,0.016133807574507244,-0.0004910892834741193,0.016268911756106046,-0.0006261934650729217,0.015628774564789255,1.3943726243869498e-05
fold-002,posttraining/lstm/seed-42/real/reinforce,evaluation,posttraining,posttraining,lstm,reinforce,42,True,median,reference/US-natural/search/lstm-10-s42,20454,19,0.016268911756106046,0.0007031485253382255,0.016438088405358146,0.0007150829769666088,0,13,50,True,True,validation_plateau,,,9334,,0.0,0.023377721998258494,44eb8c8436767d2184a2e8498dd92ea08c9a1a74a42a166dd6d35a915b081e59,1701,19,0,0.019559447582764646,0.02364667313118931,0.2664801049206431,0.5195874258671269,-0.013361354282507877,0.02004203142376182,True,0.0,,176.97942180704558,0.015642718291033125,0.0006261934650729217,0.016133807574507244,0.00013510418159880244,0.016268911756106046,0.0,0.016133807574507244,0.00013510418159880244
fold-002,posttraining/lstm/seed-43/real/expected,evaluation,posttraining,posttraining,lstm,expected,43,True,median,reference/US-natural/search/lstm-10-s42,20454,19,0.016268911756106046,0.0007031485253382255,0.016438088405358146,0.0007150829769666088,0,13,50,True,True,validation_plateau,,,9334,,0.0,0.02301632300077472,44eb8c8436767d2184a2e8498dd92ea08c9a1a74a42a166dd6d35a915b081e59,1701,19,0,0.019559447582764646,0.02364667313118931,0.2664801049206431,0.5195874258671269,-0.013361354282507877,0.02004203142376182,True,0.0,,172.75388247298542,0.015642718291033125,0.0006261934650729217,0.016133807574507244,0.00013510418159880244,0.016268911756106046,0.0,0.016133807574507244,0.00013510418159880244
fold-002,posttraining/lstm/seed-43/real/klpo_exact,evaluation,posttraining,posttraining,lstm,klpo_exact,43,True,median,reference/US-natural/search/lstm-10-s42,20454,19,0.016268911756106046,0.0007031485253382255,0.016438088405358146,0.0007150829769666088,0,13,50,True,True,validation_plateau,,,9334,,0.0,0.022701991008943878,44eb8c8436767d2184a2e8498dd92ea08c9a1a74a42a166dd6d35a915b081e59,1701,19,0,0.019559447582764646,0.02364667313118931,0.2664801049206431,0.5195874258671269,-0.013361354282507877,0.02004203142376182,True,0.0,,173.43977768800687,0.015642718291033125,0.0006261934650729217,0.016133807574507244,0.00013510418159880244,0.016268911756106046,0.0,0.016133807574507244,0.00013510418159880244
fold-002,posttraining/lstm/seed-43/real/klpo_full,evaluation,posttraining,posttraining,lstm,klpo_full,43,True,median,reference/US-natural/search/lstm-10-s42,20454,19,0.016268911756106046,0.0007031485253382255,0.016438088405358146,0.0007150829769666088,0,13,50,True,True,validation_plateau,,,9334,,0.0,0.023949976995936595,44eb8c8436767d2184a2e8498dd92ea08c9a1a74a42a166dd6d35a915b081e59,1701,19,0,0.019559447582764646,0.02364667313118931,0.2664801049206431,0.5195874258671269,-0.013361354282507877,0.02004203142376182,True,0.0,,177.8107942850329,0.015642718291033125,0.0006261934650729217,0.016133807574507244,0.00013510418159880244,0.016268911756106046,0.0,0.016133807574507244,0.00013510418159880244
fold-002,posttraining/lstm/seed-43/real/klpo_mc,evaluation,posttraining,posttraining,lstm,klpo_mc,43,True,median,reference/US-natural/search/lstm-10-s42,20454,19,0.016268911756106046,0.0007031485253382255,0.016438088405358146,0.0007150829769666088,0,13,50,True,True,validation_plateau,,,9334,,0.0,0.02338736900128424,44eb8c8436767d2184a2e8498dd92ea08c9a1a74a42a166dd6d35a915b081e59,1701,19,0,0.019559447582764646,0.02364667313118931,0.2664801049206431,0.5195874258671269,-0.013361354282507877,0.02004203142376182,True,0.0,,189.54518051201012,0.015642718291033125,0.0006261934650729217,0.016133807574507244,0.00013510418159880244,0.016268911756106046,0.0,0.016133807574507244,0.00013510418159880244
fold-002,posttraining/lstm/seed-43/real/mae,evaluation,posttraining,posttraining,lstm,mae,43,True,median,reference/US-natural/search/lstm-10-s42,20454,19,0.0165286304014283,0.0007083470390442437,0.016668630678220483,0.0007194874108964989,2,13,50,False,True,validation_plateau,,,9334,,0.0,0.02293519998784177,d8aa974cf62f04915cf9c6f8b4d7d69b31d61864549ea82f248b950d1fbd9d16,1701,19,0,0.00989581686396067,-0.0030337547461440077,0.30530890649831466,0.5905381618360822,-0.02004203142376182,0.026722708565015754,False,0.025787801397051502,,167.28828998404788,0.015642718291033125,0.0008859121103951748,0.016133807574507244,0.00039482282692105547,0.016268911756106046,0.00025971864532225303,0.01643522584171592,9.340455971237893e-05
fold-002,posttraining/lstm/seed-43/real/neural_mae,evaluation,posttraining,posttraining,lstm,neural_mae,43,True,median,reference/US-natural/search/lstm-10-s42,20454,19,0.015641539255085036,0.0006917065777015204,0.015826657763975432,0.0007038610179992653,4,13,50,False,True,validation_plateau,,,9334,,0.0,0.020447864997549914,d2e43f6db2e6c3aa27d38df0df9ba67b988d2c57383d8d0050d5a0354671b017,1701,9,10,0.0242338014646118,0.042259778937954046,0.0006608696181902713,0.0011335573949639432,-0.006680677141253935,0.0,False,0.023122668266296387,,182.16910437098704,0.015642718291033125,-1.1790359480887136e-06,0.016133807574507244,-0.000492268319422208,0.016268911756106046,-0.0006273725010210104,0.015659537573966948,-1.7998318881912168e-05
fold-002,posttraining/lstm/seed-43/real/neural_mse,evaluation,posttraining,posttraining,lstm,neural_mse,43,True,median,reference/US-natural/search/lstm-10-s42,20454,19,0.015646170943147335,0.0006920059085189455,0.015831173701247602,0.0007041608994366369,9,17,50,False,True,validation_plateau,,,12206,,0.0,0.023550675992737524,c7682bcdc45ce960fc37898158a3ac54d707e6e675a693b95806638b3a7eb107,1701,19,0,-0.004625911832785689,0.0002585469892299952,0.0017479950575857318,0.003300756698515255,-0.006680677141253935,0.0,False,0.023413044633343816,,239.11129113897914,0.015642718291033125,3.4526521142108635e-06,0.016133807574507244,-0.0004876366313599084,0.016268911756106046,-0.0006227408129587109,0.015695022810409475,-4.8851867262139637e-05
fold-002,posttraining/lstm/seed-43/real/reinforce,evaluation,posttraining,posttraining,lstm,reinforce,43,True,median,reference/US-natural/search/lstm-10-s42,20454,19,0.016268911756106046,0.0007031485253382255,0.016438088405358146,0.0007150829769666088,0,13,50,True,True,validation_plateau,,,9334,,0.0,0.02367671299725771,44eb8c8436767d2184a2e8498dd92ea08c9a1a74a42a166dd6d35a915b081e59,1701,19,0,0.019559447582764646,0.02364667313118931,0.2664801049206431,0.5195874258671269,-0.013361354282507877,0.02004203142376182,True,0.0,,170.86532542202622,0.015642718291033125,0.0006261934650729217,0.016133807574507244,0.00013510418159880244,0.016268911756106046,0.0,0.016133807574507244,0.00013510418159880244
fold-002,posttraining/lstm/seed-44/real/expected,evaluation,posttraining,posttraining,lstm,expected,44,True,median,reference/US-natural/search/lstm-10-s42,20454,19,0.016268911756106046,0.0007031485253382255,0.016438088405358146,0.0007150829769666088,0,13,50,True,True,validation_plateau,,,9334,,0.0,0.023293674006708898,44eb8c8436767d2184a2e8498dd92ea08c9a1a74a42a166dd6d35a915b081e59,1701,19,0,0.019559447582764646,0.02364667313118931,0.2664801049206431,0.5195874258671269,-0.013361354282507877,0.02004203142376182,True,0.0,,170.04967512801522,0.015642718291033125,0.0006261934650729217,0.016133807574507244,0.00013510418159880244,0.016268911756106046,0.0,0.016133807574507244,0.00013510418159880244
fold-002,posttraining/lstm/seed-44/real/klpo_exact,evaluation,posttraining,posttraining,lstm,klpo_exact,44,True,median,reference/US-natural/search/lstm-10-s42,20454,19,0.016268911756106046,0.0007031485253382255,0.016438088405358146,0.0007150829769666088,0,13,50,True,True,validation_plateau,,,9334,,0.0,0.02363522599625867,44eb8c8436767d2184a2e8498dd92ea08c9a1a74a42a166dd6d35a915b081e59,1701,19,0,0.019559447582764646,0.02364667313118931,0.2664801049206431,0.5195874258671269,-0.013361354282507877,0.02004203142376182,True,0.0,,177.10325091396226,0.015642718291033125,0.0006261934650729217,0.016133807574507244,0.00013510418159880244,0.016268911756106046,0.0,0.016133807574507244,0.00013510418159880244
fold-002,posttraining/lstm/seed-44/real/klpo_full,evaluation,posttraining,posttraining,lstm,klpo_full,44,True,median,reference/US-natural/search/lstm-10-s42,20454,19,0.016268911756106046,0.0007031485253382255,0.016438088405358146,0.0007150829769666088,0,13,50,True,True,validation_plateau,,,9334,,0.0,0.024037412003963254,44eb8c8436767d2184a2e8498dd92ea08c9a1a74a42a166dd6d35a915b081e59,1701,19,0,0.019559447582764646,0.02364667313118931,0.2664801049206431,0.5195874258671269,-0.013361354282507877,0.02004203142376182,True,0.0,,175.85449181997683,0.015642718291033125,0.0006261934650729217,0.016133807574507244,0.00013510418159880244,0.016268911756106046,0.0,0.016133807574507244,0.00013510418159880244
fold-002,posttraining/lstm/seed-44/real/klpo_mc,evaluation,posttraining,posttraining,lstm,klpo_mc,44,True,median,reference/US-natural/search/lstm-10-s42,20454,19,0.016268911756106046,0.0007031485253382255,0.016438088405358146,0.0007150829769666088,0,13,50,True,True,validation_plateau,,,9334,,0.0,0.02374733699252829,44eb8c8436767d2184a2e8498dd92ea08c9a1a74a42a166dd6d35a915b081e59,1701,19,0,0.019559447582764646,0.02364667313118931,0.2664801049206431,0.5195874258671269,-0.013361354282507877,0.02004203142376182,True,0.0,,179.59959432302276,0.015642718291033125,0.0006261934650729217,0.016133807574507244,0.00013510418159880244,0.016268911756106046,0.0,0.016133807574507244,0.00013510418159880244
fold-002,posttraining/lstm/seed-44/real/mae,evaluation,posttraining,posttraining,lstm,mae,44,True,median,reference/US-natural/search/lstm-10-s42,20454,19,0.016502312713010604,0.0007087405335113459,0.016665793238560996,0.0007208639815742459,4,13,50,False,True,validation_plateau,,,9334,,0.0,0.023499020011513494,5670df742bb4e8f17a641adf941b4d24713b0b0a260085a06429a4660bc2bda8,1701,19,0,-0.003805238341806545,-0.008946839193050877,0.2910856928757245,0.5683409837399012,-0.04008406284752364,0.026722708565015754,False,0.05147139664084891,,164.17353608895792,0.015642718291033125,0.000859594421977479,0.016133807574507244,0.0003685051385033597,0.016268911756106046,0.00023340095690455726,0.016393492873363807,0.00010881983964679612
fold-002,posttraining/lstm/seed-44/real/neural_mae,evaluation,posttraining,posttraining,lstm,neural_mae,44,True,median,reference/US-natural/search/lstm-10-s42,20454,19,0.01564594395309314,0.0006918296535182444,0.015831429917577612,0.0007039909738086222,3,13,50,False,True,validation_plateau,,,9334,,0.0,0.02272911200998351,3a50693a7365417d80702863ddb1471d1aa52f546b528cabf2dcc3d0b7ce4516,1701,19,0,0.008745410917110607,0.009370773444134069,0.003791757096678153,0.006836074440591339,-0.006680677141253935,0.006680677141253935,False,0.02223432157188654,,189.01729515899206,0.015642718291033125,3.2256620600169816e-06,0.016133807574507244,-0.0004878636214141023,0.016268911756106046,-0.0006229678030129047,0.015675114148912008,-2.9170195818866568e-05
fold-002,posttraining/lstm/seed-44/real/neural_mse,evaluation,posttraining,posttraining,lstm,neural_mse,44,True,median,reference/US-natural/search/lstm-10-s42,20454,19,0.015644483447341144,0.000691642914014096,0.01582966824173677,0.0007038021815071252,11,19,50,False,True,validation_plateau,,,13642,,0.0,0.023369305999949574,8aea575740840086752a7869f3e865034376e7c2698df1822fb18e8efa848856,1701,19,0,0.0013319389880913327,0.012746355590561585,0.0019157657582927702,0.0034662648725815675,-0.006680677141253935,0.0,False,0.0219164015725255,,271.7955153459916,0.015642718291033125,1.7651563080194055e-06,0.016133807574507244,-0.0004893241271660999,0.016268911756106046,-0.0006244283087649023,0.015625421857997736,1.906158934340818e-05
fold-002,posttraining/lstm/seed-44/real/reinforce,evaluation,posttraining,posttraining,lstm,reinforce,44,True,median,reference/US-natural/search/lstm-10-s42,20454,19,0.016268911756106046,0.0007031485253382255,0.016438088405358146,0.0007150829769666088,0,13,50,True,True,validation_plateau,,,9334,,0.0,0.023947361987666227,44eb8c8436767d2184a2e8498dd92ea08c9a1a74a42a166dd6d35a915b081e59,1701,19,0,0.019559447582764646,0.02364667313118931,0.2664801049206431,0.5195874258671269,-0.013361354282507877,0.02004203142376182,True,0.0,,167.16736327699618,0.015642718291033125,0.0006261934650729217,0.016133807574507244,0.00013510418159880244,0.016268911756106046,0.0,0.016133807574507244,0.00013510418159880244
fold-002,posttraining/ridge/seed-42/real/expected,evaluation,posttraining,posttraining,ridge,expected,42,True,median,tabular/ridge-a1.0,20454,19,0.06800277116936082,0.005145738409907668,0.0681023846476422,0.005169045593902824,16,24,50,False,True,validation_plateau,,,17232,,0.0,0.026385776000097394,9c684424ff67aefac13026e65a03d6afe19d54c322baa85aeebba42a034756e0,1701,0,19,,,0.48855386233672315,1.0,0.06680677141253939,0.06680677141253939,True,0.06948649212888958,,299.55259675200796,0.015642718291033125,0.05236005287832769,0.19837096288093328,-0.13036819171157246,0.06800277116936082,0.0,0.15899387819351266,-0.09099110702415183
fold-002,posttraining/ridge/seed-42/real/klpo_exact,evaluation,posttraining,posttraining,ridge,klpo_exact,42,True,median,tabular/ridge-a1.0,20454,19,0.019123442059158374,0.0008103991917856887,0.019242984101449954,0.0008213495101911073,36,44,50,False,True,validation_plateau,,,31592,,0.0,0.0233254929917166,be9fa67a0677ca717c991dda85986274f311e208bc6c3bf991883edfd507edb5,1701,19,0,0.004564442044600095,-0.014332779329647471,0.43009699860528133,0.8658024161510834,-0.04676473998877757,0.04008406284752364,False,0.31895961931702316,,589.4189304299653,0.015642718291033125,0.003480723768125249,0.19837096288093328,-0.17924752082177492,0.06800277116936082,-0.048879329110202444,0.019044303044431596,7.913901472677773e-05
fold-002,posttraining/ridge/seed-42/real/klpo_full,evaluation,posttraining,posttraining,ridge,klpo_full,42,True,median,tabular/ridge-a1.0,20454,19,0.052047084187704734,0.0032255288877858575,0.05220426641446944,0.0032504128052101384,46,50,50,False,False,budget_exhausted,,,35900,,0.0,0.023746073988149874,987f90e3f9d054d5cc3648720b4be12c04bf2dbec73993277702a35a302ac635,1701,19,0,0.0007319005360462362,-0.01892566696546376,0.4885034489469269,0.9998984383313433,0.0,0.06680677141253939,False,0.2577193804800056,,659.0810838370235,0.015642718291033125,0.036404365896671606,0.19837096288093328,-0.14632387869322855,0.06800277116936082,-0.015955686981656086,0.055046140244400035,-0.002999056056695301
fold-002,posttraining/ridge/seed-42/real/klpo_mc,evaluation,posttraining,posttraining,ridge,klpo_mc,42,True,median,tabular/ridge-a1.0,20454,19,0.05208533249188821,0.0032280869507771517,0.05224038309664631,0.0032527268052212005,46,50,50,False,False,budget_exhausted,,,35900,,0.0,0.024276520998682827,f1bfd54dba148d0945c7304459d257df833e96ed9839032cf433ac5437db9020,1701,19,0,0.0010339763008391303,-0.018801033546087226,0.4885034489469269,0.9998984383313433,0.0,0.06680677141253939,False,0.2585581899249836,,683.0211641379865,0.015642718291033125,0.03644261420085508,0.19837096288093328,-0.14628563038904507,0.06800277116936082,-0.015917438677472612,0.05507620084411974,-0.0029908683522315294
fold-002,posttraining/ridge/seed-42/real/mae,evaluation,posttraining,posttraining,ridge,mae,42,True,median,tabular/ridge-a1.0,20454,19,0.06800277116936082,0.005145738409907668,0.0681023846476422,0.005169045593902824,23,31,50,False,True,validation_plateau,,,22258,,0.0,0.018305478006368503,3a50c9ab4bd0277042018836ee77e50fed5237eaa21a54a914b50e8ce2feebc2,1701,0,19,,,0.48855386233672315,1.0,0.06680677141253939,0.06680677141253939,True,0.09382667554004998,,380.0888133860426,0.015642718291033125,0.05236005287832769,0.19837096288093328,-0.13036819171157246,0.06800277116936082,0.0,0.14519555597009656,-0.07719278480073574
fold-002,posttraining/ridge/seed-42/real/reinforce,evaluation,posttraining,posttraining,ridge,reinforce,42,True,median,tabular/ridge-a1.0,20454,19,0.06800277116936082,0.005145738409907668,0.0681023846476422,0.005169045593902824,16,24,50,False,True,validation_plateau,,,17232,,0.0,0.018081036003422923,5bed03380a25d8dee8fcbbe22d5df3fd1ca22ef0a948876a54838e8ecaa647ab,1701,0,19,,,0.48855386233672315,1.0,0.06680677141253939,0.06680677141253939,True,0.05978542825544575,,320.4863890269771,0.015642718291033125,0.05236005287832769,0.19837096288093328,-0.13036819171157246,0.06800277116936082,0.0,0.15988703676124752,-0.0918842655918867
fold-002,posttraining/ridge/seed-43/real/expected,evaluation,posttraining,posttraining,ridge,expected,43,True,median,tabular/ridge-a1.0,20454,19,0.06800277116936082,0.005145738409907668,0.0681023846476422,0.005169045593902824,17,25,50,False,True,validation_plateau,,,17950,,0.0,0.017903863001265563,76d1c7eba3f170b33f4ff90cabb8670631b51daaab8d1ea82c138e598b4094a6,1701,0,19,,,0.48855386233672315,1.0,0.06680677141253939,0.06680677141253939,True,0.07380223691957594,,317.0006867250195,0.015642718291033125,0.05236005287832769,0.19837096288093328,-0.13036819171157246,0.06800277116936082,0.0,0.15871243138551486,-0.09070966021615404
fold-002,posttraining/ridge/seed-43/real/klpo_exact,evaluation,posttraining,posttraining,ridge,klpo_exact,43,True,median,tabular/ridge-a1.0,20454,19,0.01766049672191466,0.0007647024932343356,0.017776458769562308,0.0007753350187747675,42,50,50,False,False,validation_plateau,,,35900,,0.0,0.023506452998844907,cf1568be9b27a28af48d2cf84bf80875854c7e841fc5e7d882cf2f127d04fd76,1701,19,0,0.0018771902209358165,-0.018359009449073392,0.3718895102891649,0.7334301891226142,-0.053445417130031515,0.0334033857062697,False,0.33123278207182966,,664.7249792090151,0.015642718291033125,0.0020177784308815366,0.19837096288093328,-0.18071046615901862,0.06800277116936082,-0.050342274447446156,0.017583087304181462,7.740941773319923e-05
fold-002,posttraining/ridge/seed-43/real/klpo_full,evaluation,posttraining,posttraining,ridge,klpo_full,43,True,median,tabular/ridge-a1.0,20454,19,0.04103726382568031,0.0021646909184326914,0.04109590358409505,0.0021760613927565347,49,50,50,False,False,budget_exhausted,,,35900,,0.0,0.024232999989180826,b4f6b0f2c6f664c8648f3fdae6643c5ab7d5d673f787039fb50d5a1639bbe331,1701,19,0,-0.004477874633204497,-0.026711766174128966,0.488191387147811,0.9986109012523751,-0.013361354282507877,0.060126094271285443,False,0.26895300415566625,,673.7231021619518,0.015642718291033125,0.02539454553464719,0.19837096288093328,-0.15733369905525296,0.06800277116936082,-0.026965507343680507,0.041570983638205716,-0.0005337198125254031
fold-002,posttraining/ridge/seed-43/real/klpo_mc,evaluation,posttraining,posttraining,ridge,klpo_mc,43,True,median,tabular/ridge-a1.0,20454,19,0.04056416972931602,0.0021264123470477636,0.04061904876092235,0.002137396971982428,49,50,50,False,False,budget_exhausted,,,35900,,0.0,0.023646567002288066,df1c35896687a9e6ced0efce9a37f411aa3cd6764a18a841ae76eab17abe3835,1701,19,0,-0.004264726532212452,-0.02851150964958114,0.4879174364030165,0.9982119973527207,-0.02004203142376182,0.060126094271285443,False,0.2692884472151488,,685.946667648037,0.015642718291033125,0.024921451438282897,0.19837096288093328,-0.15780679315161728,0.06800277116936082,-0.0274386014400448,0.04105269808502013,-0.000488528355704107
fold-002,posttraining/ridge/seed-43/real/mae,evaluation,posttraining,posttraining,ridge,mae,43,True,median,tabular/ridge-a1.0,20454,19,0.06800277116936082,0.005145738409907668,0.0681023846476422,0.005169045593902824,17,25,50,False,True,validation_plateau,,,17950,,0.0,0.017706982005620375,c0dc3da227ba4798bbbf0fce7b6c8e32c250fac63c7a2498ecdca14177acb676,1701,0,19,,,0.48855386233672315,1.0,0.06680677141253939,0.06680677141253939,True,0.09479604717275542,,309.20009813597426,0.015642718291033125,0.05236005287832769,0.19837096288093328,-0.13036819171157246,0.06800277116936082,0.0,0.1469761955239145,-0.07897342435455368
fold-002,posttraining/ridge/seed-43/real/reinforce,evaluation,posttraining,posttraining,ridge,reinforce,43,True,median,tabular/ridge-a1.0,20454,19,0.06800242946422343,0.005145593700890529,0.06810205802804989,0.005168907273476791,20,28,50,False,True,validation_plateau,,,20104,,0.0,0.01831416400091257,2904edf266b46e601b43eaf0e2cac3e39e5b5913da395ecc395140912921c919,1701,1,18,0.05375871225235118,0.1512615355634484,0.48855386233672315,1.0,0.060126094271285443,0.06680677141253939,False,0.07969377276016532,,361.2379468160216,0.015642718291033125,0.0523597111731903,0.19837096288093328,-0.13036853341670984,0.06800277116936082,-3.41705137393844e-07,0.156326929609649,-0.08832450014542557
fold-002,posttraining/ridge/seed-44/real/expected,evaluation,posttraining,posttraining,ridge,expected,44,True,median,tabular/ridge-a1.0,20454,19,0.06800277116936082,0.005145738409907668,0.0681023846476422,0.005169045593902824,16,24,50,False,True,validation_plateau,,,17232,,0.0,0.01804244300001301,a8105370bd23f52da823b8fe63b0f677fde7b52256fe675501b88d08d7f63567,1701,0,19,,,0.48855386233672315,1.0,0.06680677141253939,0.06680677141253939,True,0.06566192667029577,,300.8281224799575,0.015642718291033125,0.05236005287832769,0.19837096288093328,-0.13036819171157246,0.06800277116936082,0.0,0.15836681025203858,-0.09036403908267776
fold-002,posttraining/ridge/seed-44/real/klpo_exact,evaluation,posttraining,posttraining,ridge,klpo_exact,44,True,median,tabular/ridge-a1.0,20454,19,0.01756581544039455,0.0007564039159260538,0.017684656565854922,0.0007671161367109589,41,49,50,False,True,validation_plateau,,,35182,,0.0,0.02406251899083145,52bd1175d268ea45853b6c815ef0cfbfd05644f70721a6cd6f72bb9c7fe54287,1701,19,0,0.0017222323951956698,-0.016173862710279124,0.3781054020182173,0.7378400117432297,-0.04676473998877757,0.0334033857062697,False,0.3229290672916186,,654.2447247040001,0.015642718291033125,0.0019230971493614246,0.19837096288093328,-0.18080514744053874,0.06800277116936082,-0.05043695572896627,0.017471974119895352,9.384132049919738e-05
fold-002,posttraining/ridge/seed-44/real/klpo_full,evaluation,posttraining,posttraining,ridge,klpo_full,44,True,median,tabular/ridge-a1.0,20454,19,0.03860102009359057,0.001966323460917825,0.038766542175812775,0.0019877701567885195,49,50,50,False,False,budget_exhausted,,,35900,,0.0,0.023528264995547943,957b44b26cf371cfe4c2b1f95c1dca204c56c0f63a986f0341723e0a9e7eeffd,1701,19,0,-4.692013710731728e-05,-0.012324371496907183,0.4882098930748977,0.9988298250400777,-0.033403385706269696,0.060126094271285443,False,0.27838614384000315,,668.8311237960006,0.015642718291033125,0.022958301802557448,0.19837096288093328,-0.15976994278734272,0.06800277116936082,-0.029401751075770248,0.03895565236833449,-0.0003546322747439157
fold-002,posttraining/ridge/seed-44/real/klpo_mc,evaluation,posttraining,posttraining,ridge,klpo_mc,44,True,median,tabular/ridge-a1.0,20454,19,0.03854443429602316,0.0019620230823870106,0.03871329523331998,0.001983696231131418,49,50,50,False,False,budget_exhausted,,,35900,,0.0,0.02307670500886161,4d7d385c9836d87139b3a31cd4c7426abf9a290158509c37b78b59ac44b5ceda,1701,19,0,-0.0013441335845451213,-0.013150131497024117,0.4882474316847634,0.9989127657352218,-0.026722708565015754,0.060126094271285443,False,0.2783223185620988,,637.9398562790061,0.015642718291033125,0.022901716004990035,0.19837096288093328,-0.15982652858491012,0.06800277116936082,-0.02945833687333766,0.03888868499717075,-0.0003442507011475887
fold-002,posttraining/ridge/seed-44/real/mae,evaluation,posttraining,posttraining,ridge,mae,44,True,median,tabular/ridge-a1.0,20454,19,0.06800277116936082,0.005145738409907668,0.0681023846476422,0.005169045593902824,16,24,50,False,True,validation_plateau,,,17232,,0.0,0.01866397100093309,e185abadce5053b346879a6470e1894b9b46820523d424681ee77e4299f920f5,1701,0,19,,,0.48855386233672315,1.0,0.06680677141253939,0.06680677141253939,True,0.08391586966680825,,293.5036938559497,0.015642718291033125,0.05236005287832769,0.19837096288093328,-0.13036819171157246,0.06800277116936082,0.0,0.14815772378618777,-0.08015495261682695
fold-002,posttraining/ridge/seed-44/real/reinforce,evaluation,posttraining,posttraining,ridge,reinforce,44,True,median,tabular/ridge-a1.0,20454,19,0.06800242946422343,0.005145593700890529,0.06810205802804989,0.005168907273476791,31,39,50,False,True,validation_plateau,,,28002,,0.0,0.018991146993357688,47baf25ea5a4c7ee2596e6e2835dc150c8006dcef5c7518c8a0326939e046a31,1701,1,18,0.05375871225235118,0.1512615355634484,0.48855386233672315,1.0,0.060126094271285443,0.06680677141253939,False,0.07686187198962774,,498.8179467099835,0.015642718291033125,0.0523597111731903,0.19837096288093328,-0.13036853341670984,0.06800277116936082,-3.41705137393844e-07,0.16025248439536843,-0.092250054931145
fold-002,posttraining/rnn/seed-42/real/expected,evaluation,posttraining,posttraining,rnn,expected,42,True,median,reference/US-natural/search/rnn-10-s42,20454,19,0.016420431438015772,0.0007112124299555019,0.01661886072634434,0.0007241411130695997,0,13,50,True,True,validation_plateau,,,9334,,0.0,0.03175047900003847,5a90da8ddfbd0e90ef7fe15748cf4975029861071428d871b9f307a8fd92d4a0,1701,19,0,0.014694098906033804,0.022243803615221644,0.20956022386473108,0.3975554506229871,-0.013361354282507877,0.026722708565015754,True,0.0,,169.55925224197563,0.015642718291033125,0.0007777131469826476,0.016326277285778523,9.415415223724966e-05,0.016420431438015772,0.0,0.016326277285778523,9.415415223724966e-05
fold-002,posttraining/rnn/seed-42/real/klpo_exact,evaluation,posttraining,posttraining,rnn,klpo_exact,42,True,median,reference/US-natural/search/rnn-10-s42,20454,19,0.016420431438015772,0.0007112124299555019,0.01661886072634434,0.0007241411130695997,0,13,50,True,True,validation_plateau,,,9334,,0.0,0.023138132004532963,5a90da8ddfbd0e90ef7fe15748cf4975029861071428d871b9f307a8fd92d4a0,1701,19,0,0.014694098906033804,0.022243803615221644,0.20956022386473108,0.3975554506229871,-0.013361354282507877,0.026722708565015754,True,0.0,,176.35528417298337,0.015642718291033125,0.0007777131469826476,0.016326277285778523,9.415415223724966e-05,0.016420431438015772,0.0,0.016326277285778523,9.415415223724966e-05
fold-002,posttraining/rnn/seed-42/real/klpo_full,evaluation,posttraining,posttraining,rnn,klpo_full,42,True,median,reference/US-natural/search/rnn-10-s42,20454,19,0.016420431438015772,0.0007112124299555019,0.01661886072634434,0.0007241411130695997,0,13,50,True,True,validation_plateau,,,9334,,0.0,0.023726347004412673,5a90da8ddfbd0e90ef7fe15748cf4975029861071428d871b9f307a8fd92d4a0,1701,19,0,0.014694098906033804,0.022243803615221644,0.20956022386473108,0.3975554506229871,-0.013361354282507877,0.026722708565015754,True,0.0,,183.9774540240178,0.015642718291033125,0.0007777131469826476,0.016326277285778523,9.415415223724966e-05,0.016420431438015772,0.0,0.016326277285778523,9.415415223724966e-05
fold-002,posttraining/rnn/seed-42/real/klpo_mc,evaluation,posttraining,posttraining,rnn,klpo_mc,42,True,median,reference/US-natural/search/rnn-10-s42,20454,19,0.016420431438015772,0.0007112124299555019,0.01661886072634434,0.0007241411130695997,0,13,50,True,True,validation_plateau,,,9334,,0.0,0.02389614599815104,5a90da8ddfbd0e90ef7fe15748cf4975029861071428d871b9f307a8fd92d4a0,1701,19,0,0.014694098906033804,0.022243803615221644,0.20956022386473108,0.3975554506229871,-0.013361354282507877,0.026722708565015754,True,0.0,,185.0677388680051,0.015642718291033125,0.0007777131469826476,0.016326277285778523,9.415415223724966e-05,0.016420431438015772,0.0,0.016326277285778523,9.415415223724966e-05
fold-002,posttraining/rnn/seed-42/real/mae,evaluation,posttraining,posttraining,rnn,mae,42,True,median,reference/US-natural/search/rnn-10-s42,20454,19,0.016420431438015772,0.0007112124299555019,0.01661886072634434,0.0007241411130695997,0,13,50,True,True,validation_plateau,,,9334,,0.0,0.02348587499000132,5a90da8ddfbd0e90ef7fe15748cf4975029861071428d871b9f307a8fd92d4a0,1701,19,0,0.014694098906033804,0.022243803615221644,0.20956022386473108,0.3975554506229871,-0.013361354282507877,0.026722708565015754,True,0.0,,165.01979376701638,0.015642718291033125,0.0007777131469826476,0.016326277285778523,9.415415223724966e-05,0.016420431438015772,0.0,0.016326277285778523,9.415415223724966e-05
fold-002,posttraining/rnn/seed-42/real/neural_mae,evaluation,posttraining,posttraining,rnn,neural_mae,42,True,median,reference/US-natural/search/rnn-10-s42,20454,19,0.01567966143903772,0.0006931452949966375,0.015868578594152097,0.0007054402190813463,4,13,50,False,True,validation_plateau,,,9334,,0.0,0.021548582997638732,364d7e79042b1f6e57e0810f166fbcd9ea07f1124690cf45f77a9b4ad1de34b1,1701,12,7,-0.0034774446782973433,-0.004552660225139249,0.004558557105347701,0.012174531053924366,0.0,0.006680677141253935,False,0.018639756366610527,,177.51777638599742,0.015642718291033125,3.694314800459578e-05,0.016326277285778523,-0.0006466158467408022,0.016420431438015772,-0.0007407699989780518,0.015774819307168127,-9.515786813040633e-05
fold-002,posttraining/rnn/seed-42/real/neural_mse,evaluation,posttraining,posttraining,rnn,neural_mse,42,True,median,reference/US-natural/search/rnn-10-s42,20454,19,0.015654278939173857,0.0006924761280665691,0.015839098648527002,0.0007046411640442087,9,17,50,False,True,validation_plateau,,,12206,,0.0,0.023356452002190053,382633ad28e76ff5ac9197c6af892bebc30b2619ad8956497aec543aa1852ce5,1701,19,0,-0.013055045746667437,-0.01966978887107545,0.0023909707411906905,0.005579093443581038,-0.006680677141253935,0.0,False,0.024866317631676793,,230.48914744798094,0.015642718291033125,1.1560648140732793e-05,0.016326277285778523,-0.0006719983466046651,0.016420431438015772,-0.0007661524988419148,0.01570330422215559,-4.902528298173295e-05
fold-002,posttraining/rnn/seed-42/real/reinforce,evaluation,posttraining,posttraining,rnn,reinforce,42,True,median,reference/US-natural/search/rnn-10-s42,20454,19,0.016420431438015772,0.0007112124299555019,0.01661886072634434,0.0007241411130695997,0,13,50,True,True,validation_plateau,,,9334,,0.0,0.023423216989613138,5a90da8ddfbd0e90ef7fe15748cf4975029861071428d871b9f307a8fd92d4a0,1701,19,0,0.014694098906033804,0.022243803615221644,0.20956022386473108,0.3975554506229871,-0.013361354282507877,0.026722708565015754,True,0.0,,176.5773282510345,0.015642718291033125,0.0007777131469826476,0.016326277285778523,9.415415223724966e-05,0.016420431438015772,0.0,0.016326277285778523,9.415415223724966e-05
fold-002,posttraining/rnn/seed-43/real/expected,evaluation,posttraining,posttraining,rnn,expected,43,True,median,reference/US-natural/search/rnn-10-s42,20454,19,0.016420431438015772,0.0007112124299555019,0.01661886072634434,0.0007241411130695997,0,13,50,True,True,validation_plateau,,,9334,,0.0,0.02432025301095564,5a90da8ddfbd0e90ef7fe15748cf4975029861071428d871b9f307a8fd92d4a0,1701,19,0,0.014694098906033804,0.022243803615221644,0.20956022386473108,0.3975554506229871,-0.013361354282507877,0.026722708565015754,True,0.0,,171.97707320400514,0.015642718291033125,0.0007777131469826476,0.016326277285778523,9.415415223724966e-05,0.016420431438015772,0.0,0.016326277285778523,9.415415223724966e-05
fold-002,posttraining/rnn/seed-43/real/klpo_exact,evaluation,posttraining,posttraining,rnn,klpo_exact,43,True,median,reference/US-natural/search/rnn-10-s42,20454,19,0.016420431438015772,0.0007112124299555019,0.01661886072634434,0.0007241411130695997,0,13,50,True,True,validation_plateau,,,9334,,0.0,0.023938525991979986,5a90da8ddfbd0e90ef7fe15748cf4975029861071428d871b9f307a8fd92d4a0,1701,19,0,0.014694098906033804,0.022243803615221644,0.20956022386473108,0.3975554506229871,-0.013361354282507877,0.026722708565015754,True,0.0,,175.341659142985,0.015642718291033125,0.0007777131469826476,0.016326277285778523,9.415415223724966e-05,0.016420431438015772,0.0,0.016326277285778523,9.415415223724966e-05
fold-002,posttraining/rnn/seed-43/real/klpo_full,evaluation,posttraining,posttraining,rnn,klpo_full,43,True,median,reference/US-natural/search/rnn-10-s42,20454,19,0.016420431438015772,0.0007112124299555019,0.01661886072634434,0.0007241411130695997,0,13,50,True,True,validation_plateau,,,9334,,0.0,0.02283607400022447,5a90da8ddfbd0e90ef7fe15748cf4975029861071428d871b9f307a8fd92d4a0,1701,19,0,0.014694098906033804,0.022243803615221644,0.20956022386473108,0.3975554506229871,-0.013361354282507877,0.026722708565015754,True,0.0,,181.25206385500496,0.015642718291033125,0.0007777131469826476,0.016326277285778523,9.415415223724966e-05,0.016420431438015772,0.0,0.016326277285778523,9.415415223724966e-05
fold-002,posttraining/rnn/seed-43/real/klpo_mc,evaluation,posttraining,posttraining,rnn,klpo_mc,43,True,median,reference/US-natural/search/rnn-10-s42,20454,19,0.016420431438015772,0.0007112124299555019,0.01661886072634434,0.0007241411130695997,0,13,50,True,True,validation_plateau,,,9334,,0.0,0.023824551011784934,5a90da8ddfbd0e90ef7fe15748cf4975029861071428d871b9f307a8fd92d4a0,1701,19,0,0.014694098906033804,0.022243803615221644,0.20956022386473108,0.3975554506229871,-0.013361354282507877,0.026722708565015754,True,0.0,,185.6953087709844,0.015642718291033125,0.0007777131469826476,0.016326277285778523,9.415415223724966e-05,0.016420431438015772,0.0,0.016326277285778523,9.415415223724966e-05
fold-002,posttraining/rnn/seed-43/real/mae,evaluation,posttraining,posttraining,rnn,mae,43,True,median,reference/US-natural/search/rnn-10-s42,20454,19,0.016420431438015772,0.0007112124299555019,0.01661886072634434,0.0007241411130695997,0,13,50,True,True,validation_plateau,,,9334,,0.0,0.023936391997267492,5a90da8ddfbd0e90ef7fe15748cf4975029861071428d871b9f307a8fd92d4a0,1701,19,0,0.014694098906033804,0.022243803615221644,0.20956022386473108,0.3975554506229871,-0.013361354282507877,0.026722708565015754,True,0.0,,164.61854339996353,0.015642718291033125,0.0007777131469826476,0.016326277285778523,9.415415223724966e-05,0.016420431438015772,0.0,0.016326277285778523,9.415415223724966e-05
fold-002,posttraining/rnn/seed-43/real/neural_mae,evaluation,posttraining,posttraining,rnn,neural_mae,43,True,median,reference/US-natural/search/rnn-10-s42,20454,19,0.015641921894173013,0.0006918048500282254,0.01582689582248375,0.000703965414369588,4,13,50,False,True,validation_plateau,,,9334,,0.0,0.019196171997464262,f173ef08d08187fe534de913b5e1ae5768d0270714179ea1d7e90d571e218b27,1701,3,16,0.02928045320952985,0.03213233050227793,0.0001703572816711553,0.00022150556053157167,-0.006680677141253935,0.0,False,0.022072890773415565,,177.03234521200648,0.015642718291033125,-7.963968601115701e-07,0.016326277285778523,-0.0006843553916055095,0.016420431438015772,-0.0007785095438427592,0.015649319575914884,-7.397681741870554e-06
fold-002,posttraining/rnn/seed-43/real/neural_mse,evaluation,posttraining,posttraining,rnn,neural_mse,43,True,median,reference/US-natural/search/rnn-10-s42,20454,19,0.01565956055295066,0.0006923792172163,0.015846155360464503,0.0007045850210056306,4,13,50,False,True,validation_plateau,,,9334,,0.0,0.022377221001079306,9847a24e8db83abee892990bbfcb29ba58b9b8d656c33a12fef8c652e3dd2ac9,1701,15,4,-0.003919372940053636,-0.016386254896901334,0.004351693465453005,0.009128320642061639,-0.006680677141253935,0.006680677141253935,False,0.019860814325511456,,173.99049979797564,0.015642718291033125,1.6842261917535822e-05,0.016326277285778523,-0.0006667167328278621,0.016420431438015772,-0.0007608708850651118,0.01569095386213115,-3.1393309180491324e-05
fold-002,posttraining/rnn/seed-43/real/reinforce,evaluation,posttraining,posttraining,rnn,reinforce,43,True,median,reference/US-natural/search/rnn-10-s42,20454,19,0.016420431438015772,0.0007112124299555019,0.01661886072634434,0.0007241411130695997,0,13,50,True,True,validation_plateau,,,9334,,0.0,0.023865569004556164,5a90da8ddfbd0e90ef7fe15748cf4975029861071428d871b9f307a8fd92d4a0,1701,19,0,0.014694098906033804,0.022243803615221644,0.20956022386473108,0.3975554506229871,-0.013361354282507877,0.026722708565015754,True,0.0,,173.50378565397114,0.015642718291033125,0.0007777131469826476,0.016326277285778523,9.415415223724966e-05,0.016420431438015772,0.0,0.016326277285778523,9.415415223724966e-05
fold-002,posttraining/rnn/seed-44/real/expected,evaluation,posttraining,posttraining,rnn,expected,44,True,median,reference/US-natural/search/rnn-10-s42,20454,19,0.016420431438015772,0.0007112124299555019,0.01661886072634434,0.0007241411130695997,0,13,50,True,True,validation_plateau,,,9334,,0.0,0.02321538700198289,5a90da8ddfbd0e90ef7fe15748cf4975029861071428d871b9f307a8fd92d4a0,1701,19,0,0.014694098906033804,0.022243803615221644,0.20956022386473108,0.3975554506229871,-0.013361354282507877,0.026722708565015754,True,0.0,,174.77279888297198,0.015642718291033125,0.0007777131469826476,0.016326277285778523,9.415415223724966e-05,0.016420431438015772,0.0,0.016326277285778523,9.415415223724966e-05
fold-002,posttraining/rnn/seed-44/real/klpo_exact,evaluation,posttraining,posttraining,rnn,klpo_exact,44,True,median,reference/US-natural/search/rnn-10-s42,20454,19,0.016420431438015772,0.0007112124299555019,0.01661886072634434,0.0007241411130695997,0,13,50,True,True,validation_plateau,,,9334,,0.0,0.024082296004053205,5a90da8ddfbd0e90ef7fe15748cf4975029861071428d871b9f307a8fd92d4a0,1701,19,0,0.014694098906033804,0.022243803615221644,0.20956022386473108,0.3975554506229871,-0.013361354282507877,0.026722708565015754,True,0.0,,183.13282654003706,0.015642718291033125,0.0007777131469826476,0.016326277285778523,9.415415223724966e-05,0.016420431438015772,0.0,0.016326277285778523,9.415415223724966e-05
fold-002,posttraining/rnn/seed-44/real/klpo_full,evaluation,posttraining,posttraining,rnn,klpo_full,44,True,median,reference/US-natural/search/rnn-10-s42,20454,19,0.016420431438015772,0.0007112124299555019,0.01661886072634434,0.0007241411130695997,0,13,50,True,True,validation_plateau,,,9334,,0.0,0.02371978500741534,5a90da8ddfbd0e90ef7fe15748cf4975029861071428d871b9f307a8fd92d4a0,1701,19,0,0.014694098906033804,0.022243803615221644,0.20956022386473108,0.3975554506229871,-0.013361354282507877,0.026722708565015754,True,0.0,,179.5759043630096,0.015642718291033125,0.0007777131469826476,0.016326277285778523,9.415415223724966e-05,0.016420431438015772,0.0,0.016326277285778523,9.415415223724966e-05
fold-002,posttraining/rnn/seed-44/real/klpo_mc,evaluation,posttraining,posttraining,rnn,klpo_mc,44,True,median,reference/US-natural/search/rnn-10-s42,20454,19,0.016420431438015772,0.0007112124299555019,0.01661886072634434,0.0007241411130695997,0,13,50,True,True,validation_plateau,,,9334,,0.0,0.02394271400407888,5a90da8ddfbd0e90ef7fe15748cf4975029861071428d871b9f307a8fd92d4a0,1701,19,0,0.014694098906033804,0.022243803615221644,0.20956022386473108,0.3975554506229871,-0.013361354282507877,0.026722708565015754,True,0.0,,185.2671309930156,0.015642718291033125,0.0007777131469826476,0.016326277285778523,9.415415223724966e-05,0.016420431438015772,0.0,0.016326277285778523,9.415415223724966e-05
fold-002,posttraining/rnn/seed-44/real/mae,evaluation,posttraining,posttraining,rnn,mae,44,True,median,reference/US-natural/search/rnn-10-s42,20454,19,0.016420431438015772,0.0007112124299555019,0.01661886072634434,0.0007241411130695997,0,13,50,True,True,validation_plateau,,,9334,,0.0,0.023576364998007193,5a90da8ddfbd0e90ef7fe15748cf4975029861071428d871b9f307a8fd92d4a0,1701,19,0,0.014694098906033804,0.022243803615221644,0.20956022386473108,0.3975554506229871,-0.013361354282507877,0.026722708565015754,True,0.0,,168.72034269297728,0.015642718291033125,0.0007777131469826476,0.016326277285778523,9.415415223724966e-05,0.016420431438015772,0.0,0.016326277285778523,9.415415223724966e-05
fold-002,posttraining/rnn/seed-44/real/neural_mae,evaluation,posttraining,posttraining,rnn,neural_mae,44,True,median,reference/US-natural/search/rnn-10-s42,20454,19,0.015643590226783376,0.0006919180052200674,0.015828740903005584,0.0007040898449937222,2,13,50,False,True,validation_plateau,,,9334,,0.0,0.020237959994119592,1661acc9b6272df85466059af52f3784db287f2946a2ca1b0bfbf9acabf324be,1701,6,13,-0.009214629384127532,-0.011463735404227316,0.00021639389639597334,0.0004906758228224834,-0.006680677141253935,0.006680677141253935,False,0.020078402012586594,,178.1463935910142,0.015642718291033125,8.719357502511016e-07,0.016326277285778523,-0.0006826870589951468,0.016420431438015772,-0.0007768412112323965,0.01565211088155863,-8.520654775252823e-06
fold-002,posttraining/rnn/seed-44/real/neural_mse,evaluation,posttraining,posttraining,rnn,neural_mse,44,True,median,reference/US-natural/search/rnn-10-s42,20454,19,0.015690321184906292,0.0006935936834483348,0.01587937595575858,0.0007058666706049677,11,19,50,False,True,validation_plateau,,,13642,,0.0,0.023739030002616346,4f98de1949a9af43473f243cd4a7533ccff1f59c6ae45ef70a906990d34942ca,1701,19,0,-0.014630659582840462,-0.01540924212483894,0.006989486911363712,0.018119754726379177,-0.006680677141253935,0.006680677141253935,False,0.01961097097955644,,256.29576237499714,0.015642718291033125,4.760289387316721e-05,0.016326277285778523,-0.0006359561008722307,0.016420431438015772,-0.0007301102531094804,0.01570189692704249,-1.1575742136199496e-05
fold-002,posttraining/rnn/seed-44/real/reinforce,evaluation,posttraining,posttraining,rnn,reinforce,44,True,median,reference/US-natural/search/rnn-10-s42,20454,19,0.016420431438015772,0.0007112124299555019,0.01661886072634434,0.0007241411130695997,0,13,50,True,True,validation_plateau,,,9334,,0.0,0.023654682998312637,5a90da8ddfbd0e90ef7fe15748cf4975029861071428d871b9f307a8fd92d4a0,1701,19,0,0.014694098906033804,0.022243803615221644,0.20956022386473108,0.3975554506229871,-0.013361354282507877,0.026722708565015754,True,0.0,,173.28434912802186,0.015642718291033125,0.0007777131469826476,0.016326277285778523,9.415415223724966e-05,0.016420431438015772,0.0,0.016326277285778523,9.415415223724966e-05
fold-002,posttraining/xgboost/seed-42/real/expected,evaluation,posttraining,posttraining,xgboost,expected,42,True,median,tabular/xgb-d6-b256-lr0.03-s42,20454,19,0.015642991149293257,0.0006919445907973845,0.015828202300853016,0.000704125284666418,0,13,50,True,True,validation_plateau,,,9334,,0.0,0.028114065004047006,d905c6e0fe459582beda1579b45d95fb9ded605d74bd47b864f78cf76c65d834,1701,6,13,-0.008635264411642614,-0.010486839177687479,0.00014961703805462342,0.00034007698085767506,-0.006680677141253935,0.0,True,0.0,,159.74190976,0.015642718291033125,2.728582601321805e-07,0.015652046334860014,-9.055185566757273e-06,0.015642991149293257,0.0,0.015652046334860014,-9.055185566757273e-06
fold-002,posttraining/xgboost/seed-42/real/klpo_exact,evaluation,posttraining,posttraining,xgboost,klpo_exact,42,True,median,tabular/xgb-d6-b256-lr0.03-s42,20454,19,0.015642991149293257,0.0006919445907973845,0.015828202300853016,0.000704125284666418,0,13,50,True,True,validation_plateau,,,9334,,0.0,0.020368174999020994,d905c6e0fe459582beda1579b45d95fb9ded605d74bd47b864f78cf76c65d834,1701,6,13,-0.008635264411642614,-0.010486839177687479,0.00014961703805462342,0.00034007698085767506,-0.006680677141253935,0.0,True,0.0,,168.391492448,0.015642718291033125,2.728582601321805e-07,0.015652046334860014,-9.055185566757273e-06,0.015642991149293257,0.0,0.015652046334860014,-9.055185566757273e-06
fold-002,posttraining/xgboost/seed-42/real/klpo_full,evaluation,posttraining,posttraining,xgboost,klpo_full,42,True,median,tabular/xgb-d6-b256-lr0.03-s42,20454,19,0.015642991149293257,0.0006919445907973845,0.015828202300853016,0.000704125284666418,0,13,50,True,True,validation_plateau,,,9334,,0.0,0.01950812900031451,d905c6e0fe459582beda1579b45d95fb9ded605d74bd47b864f78cf76c65d834,1701,6,13,-0.008635264411642614,-0.010486839177687479,0.00014961703805462342,0.00034007698085767506,-0.006680677141253935,0.0,True,0.0,,170.42473194399963,0.015642718291033125,2.728582601321805e-07,0.015652046334860014,-9.055185566757273e-06,0.015642991149293257,0.0,0.015652046334860014,-9.055185566757273e-06
fold-002,posttraining/xgboost/seed-42/real/klpo_mc,evaluation,posttraining,posttraining,xgboost,klpo_mc,42,True,median,tabular/xgb-d6-b256-lr0.03-s42,20454,19,0.015642991149293257,0.0006919445907973845,0.015828202300853016,0.000704125284666418,0,13,50,True,True,validation_plateau,,,9334,,0.0,0.02001485000073444,d905c6e0fe459582beda1579b45d95fb9ded605d74bd47b864f78cf76c65d834,1701,6,13,-0.008635264411642614,-0.010486839177687479,0.00014961703805462342,0.00034007698085767506,-0.006680677141253935,0.0,True,0.0,,175.5335145439999,0.015642718291033125,2.728582601321805e-07,0.015652046334860014,-9.055185566757273e-06,0.015642991149293257,0.0,0.015652046334860014,-9.055185566757273e-06
fold-002,posttraining/xgboost/seed-42/real/mae,evaluation,posttraining,posttraining,xgboost,mae,42,True,median,tabular/xgb-d6-b256-lr0.03-s42,20454,19,0.015642991149293257,0.0006919445907973845,0.015828202300853016,0.000704125284666418,0,13,50,True,True,validation_plateau,,,9334,,0.0,0.019283025001641363,d905c6e0fe459582beda1579b45d95fb9ded605d74bd47b864f78cf76c65d834,1701,6,13,-0.008635264411642614,-0.010486839177687479,0.00014961703805462342,0.00034007698085767506,-0.006680677141253935,0.0,True,0.0,,156.5202539939994,0.015642718291033125,2.728582601321805e-07,0.015652046334860014,-9.055185566757273e-06,0.015642991149293257,0.0,0.015652046334860014,-9.055185566757273e-06
fold-002,posttraining/xgboost/seed-42/real/reinforce,evaluation,posttraining,posttraining,xgboost,reinforce,42,True,median,tabular/xgb-d6-b256-lr0.03-s42,20454,19,0.015642991149293257,0.0006919445907973845,0.015828202300853016,0.000704125284666418,0,13,50,True,True,validation_plateau,,,9334,,0.0,0.02012046900927089,d905c6e0fe459582beda1579b45d95fb9ded605d74bd47b864f78cf76c65d834,1701,6,13,-0.008635264411642614,-0.010486839177687479,0.00014961703805462342,0.00034007698085767506,-0.006680677141253935,0.0,True,0.0,,167.50702541600003,0.015642718291033125,2.728582601321805e-07,0.015652046334860014,-9.055185566757273e-06,0.015642991149293257,0.0,0.015652046334860014,-9.055185566757273e-06
fold-002,posttraining/xgboost/seed-43/real/expected,evaluation,posttraining,posttraining,xgboost,expected,43,True,median,tabular/xgb-d6-b256-lr0.03-s42,20454,19,0.015642991149293257,0.0006919445907973845,0.015828202300853016,0.000704125284666418,0,13,50,True,True,validation_plateau,,,9334,,0.0,0.020081024995306507,d905c6e0fe459582beda1579b45d95fb9ded605d74bd47b864f78cf76c65d834,1701,6,13,-0.008635264411642614,-0.010486839177687479,0.00014961703805462342,0.00034007698085767506,-0.006680677141253935,0.0,True,0.0,,157.30722566800023,0.015642718291033125,2.728582601321805e-07,0.015652046334860014,-9.055185566757273e-06,0.015642991149293257,0.0,0.015652046334860014,-9.055185566757273e-06
fold-002,posttraining/xgboost/seed-43/real/klpo_exact,evaluation,posttraining,posttraining,xgboost,klpo_exact,43,True,median,tabular/xgb-d6-b256-lr0.03-s42,20454,19,0.015642991149293257,0.0006919445907973845,0.015828202300853016,0.000704125284666418,0,13,50,True,True,validation_plateau,,,9334,,0.0,0.019269740005256608,d905c6e0fe459582beda1579b45d95fb9ded605d74bd47b864f78cf76c65d834,1701,6,13,-0.008635264411642614,-0.010486839177687479,0.00014961703805462342,0.00034007698085767506,-0.006680677141253935,0.0,True,0.0,,167.98426586700043,0.015642718291033125,2.728582601321805e-07,0.015652046334860014,-9.055185566757273e-06,0.015642991149293257,0.0,0.015652046334860014,-9.055185566757273e-06
fold-002,posttraining/xgboost/seed-43/real/klpo_full,evaluation,posttraining,posttraining,xgboost,klpo_full,43,True,median,tabular/xgb-d6-b256-lr0.03-s42,20454,19,0.015642991149293257,0.0006919445907973845,0.015828202300853016,0.000704125284666418,0,13,50,True,True,validation_plateau,,,9334,,0.0,0.019821747991954908,d905c6e0fe459582beda1579b45d95fb9ded605d74bd47b864f78cf76c65d834,1701,6,13,-0.008635264411642614,-0.010486839177687479,0.00014961703805462342,0.00034007698085767506,-0.006680677141253935,0.0,True,0.0,,171.0309420650001,0.015642718291033125,2.728582601321805e-07,0.015652046334860014,-9.055185566757273e-06,0.015642991149293257,0.0,0.015652046334860014,-9.055185566757273e-06
fold-002,posttraining/xgboost/seed-43/real/klpo_mc,evaluation,posttraining,posttraining,xgboost,klpo_mc,43,True,median,tabular/xgb-d6-b256-lr0.03-s42,20454,19,0.015642991149293257,0.0006919445907973845,0.015828202300853016,0.000704125284666418,0,13,50,True,True,validation_plateau,,,9334,,0.0,0.019012356991879642,d905c6e0fe459582beda1579b45d95fb9ded605d74bd47b864f78cf76c65d834,1701,6,13,-0.008635264411642614,-0.010486839177687479,0.00014961703805462342,0.00034007698085767506,-0.006680677141253935,0.0,True,0.0,,174.06073147000006,0.015642718291033125,2.728582601321805e-07,0.015652046334860014,-9.055185566757273e-06,0.015642991149293257,0.0,0.015652046334860014,-9.055185566757273e-06
fold-002,posttraining/xgboost/seed-43/real/mae,evaluation,posttraining,posttraining,xgboost,mae,43,True,median,tabular/xgb-d6-b256-lr0.03-s42,20454,19,0.015642991149293257,0.0006919445907973845,0.015828202300853016,0.000704125284666418,0,13,50,True,True,validation_plateau,,,9334,,0.0,0.02015828000730835,d905c6e0fe459582beda1579b45d95fb9ded605d74bd47b864f78cf76c65d834,1701,6,13,-0.008635264411642614,-0.010486839177687479,0.00014961703805462342,0.00034007698085767506,-0.006680677141253935,0.0,True,0.0,,156.12853034399996,0.015642718291033125,2.728582601321805e-07,0.015652046334860014,-9.055185566757273e-06,0.015642991149293257,0.0,0.015652046334860014,-9.055185566757273e-06
fold-002,posttraining/xgboost/seed-43/real/reinforce,evaluation,posttraining,posttraining,xgboost,reinforce,43,True,median,tabular/xgb-d6-b256-lr0.03-s42,20454,19,0.015642991149293257,0.0006919445907973845,0.015828202300853016,0.000704125284666418,0,13,50,True,True,validation_plateau,,,9334,,0.0,0.020191773000988178,d905c6e0fe459582beda1579b45d95fb9ded605d74bd47b864f78cf76c65d834,1701,6,13,-0.008635264411642614,-0.010486839177687479,0.00014961703805462342,0.00034007698085767506,-0.006680677141253935,0.0,True,0.0,,164.5548319630002,0.015642718291033125,2.728582601321805e-07,0.015652046334860014,-9.055185566757273e-06,0.015642991149293257,0.0,0.015652046334860014,-9.055185566757273e-06
fold-002,posttraining/xgboost/seed-44/real/expected,evaluation,posttraining,posttraining,xgboost,expected,44,True,median,tabular/xgb-d6-b256-lr0.03-s42,20454,19,0.015642991149293257,0.0006919445907973845,0.015828202300853016,0.000704125284666418,0,13,50,True,True,validation_plateau,,,9334,,0.0,0.019630378010333516,d905c6e0fe459582beda1579b45d95fb9ded605d74bd47b864f78cf76c65d834,1701,6,13,-0.008635264411642614,-0.010486839177687479,0.00014961703805462342,0.00034007698085767506,-0.006680677141253935,0.0,True,0.0,,155.34601173400006,0.015642718291033125,2.728582601321805e-07,0.015652046334860014,-9.055185566757273e-06,0.015642991149293257,0.0,0.015652046334860014,-9.055185566757273e-06
fold-002,posttraining/xgboost/seed-44/real/klpo_exact,evaluation,posttraining,posttraining,xgboost,klpo_exact,44,True,median,tabular/xgb-d6-b256-lr0.03-s42,20454,19,0.015642991149293257,0.0006919445907973845,0.015828202300853016,0.000704125284666418,0,13,50,True,True,validation_plateau,,,9334,,0.0,0.02006781099771615,d905c6e0fe459582beda1579b45d95fb9ded605d74bd47b864f78cf76c65d834,1701,6,13,-0.008635264411642614,-0.010486839177687479,0.00014961703805462342,0.00034007698085767506,-0.006680677141253935,0.0,True,0.0,,165.2197958880006,0.015642718291033125,2.728582601321805e-07,0.015652046334860014,-9.055185566757273e-06,0.015642991149293257,0.0,0.015652046334860014,-9.055185566757273e-06
fold-002,posttraining/xgboost/seed-44/real/klpo_full,evaluation,posttraining,posttraining,xgboost,klpo_full,44,True,median,tabular/xgb-d6-b256-lr0.03-s42,20454,19,0.015642991149293257,0.0006919445907973845,0.015828202300853016,0.000704125284666418,0,13,50,True,True,validation_plateau,,,9334,,0.0,0.019116722003673203,d905c6e0fe459582beda1579b45d95fb9ded605d74bd47b864f78cf76c65d834,1701,6,13,-0.008635264411642614,-0.010486839177687479,0.00014961703805462342,0.00034007698085767506,-0.006680677141253935,0.0,True,0.0,,170.1263445629993,0.015642718291033125,2.728582601321805e-07,0.015652046334860014,-9.055185566757273e-06,0.015642991149293257,0.0,0.015652046334860014,-9.055185566757273e-06
fold-002,posttraining/xgboost/seed-44/real/klpo_mc,evaluation,posttraining,posttraining,xgboost,klpo_mc,44,True,median,tabular/xgb-d6-b256-lr0.03-s42,20454,19,0.015642991149293257,0.0006919445907973845,0.015828202300853016,0.000704125284666418,0,13,50,True,True,validation_plateau,,,9334,,0.0,0.02010153299488593,d905c6e0fe459582beda1579b45d95fb9ded605d74bd47b864f78cf76c65d834,1701,6,13,-0.008635264411642614,-0.010486839177687479,0.00014961703805462342,0.00034007698085767506,-0.006680677141253935,0.0,True,0.0,,172.25929600400013,0.015642718291033125,2.728582601321805e-07,0.015652046334860014,-9.055185566757273e-06,0.015642991149293257,0.0,0.015652046334860014,-9.055185566757273e-06
fold-002,posttraining/xgboost/seed-44/real/mae,evaluation,posttraining,posttraining,xgboost,mae,44,True,median,tabular/xgb-d6-b256-lr0.03-s42,20454,19,0.015642991149293257,0.0006919445907973845,0.015828202300853016,0.000704125284666418,0,13,50,True,True,validation_plateau,,,9334,,0.0,0.019820275003439747,d905c6e0fe459582beda1579b45d95fb9ded605d74bd47b864f78cf76c65d834,1701,6,13,-0.008635264411642614,-0.010486839177687479,0.00014961703805462342,0.00034007698085767506,-0.006680677141253935,0.0,True,0.0,,152.84429485599958,0.015642718291033125,2.728582601321805e-07,0.015652046334860014,-9.055185566757273e-06,0.015642991149293257,0.0,0.015652046334860014,-9.055185566757273e-06
fold-002,posttraining/xgboost/seed-44/real/reinforce,evaluation,posttraining,posttraining,xgboost,reinforce,44,True,median,tabular/xgb-d6-b256-lr0.03-s42,20454,19,0.015642991149293257,0.0006919445907973845,0.015828202300853016,0.000704125284666418,0,13,50,True,True,validation_plateau,,,9334,,0.0,0.019705029000760987,d905c6e0fe459582beda1579b45d95fb9ded605d74bd47b864f78cf76c65d834,1701,6,13,-0.008635264411642614,-0.010486839177687479,0.00014961703805462342,0.00034007698085767506,-0.006680677141253935,0.0,True,0.0,,161.79539903300065,0.015642718291033125,2.728582601321805e-07,0.015652046334860014,-9.055185566757273e-06,0.015642991149293257,0.0,0.015652046334860014,-9.055185566757273e-06
fold-002,reference/US-natural/posttraining/dlinear-mae-s42,evaluation,reference,posttraining,dlinear,reference_mae,42,True,continuous,reference/US-natural/search/dlinear-10-s42,20454,19,0.0161935440180098,0.0007008234922334322,0.01635760542729522,0.0007123872278354057,2,5,5,False,False,,,,1580,136.55074937501922,0.0,0.023476738002500497,dae5fbe1c8b3e5e93b4ef8fcf7ed83da6b5a61134cf5ac72bec733d6beaae979,1701,19,0,0.014156779500285677,0.005570851888865487,0.5130440703744934,1.0,-0.014745175838470459,0.011651530861854553,,,,,0.015642718291033125,0.0005508257269766746,0.016295827678473564,-0.00010228366046376516,,,,
fold-002,reference/US-natural/posttraining/dlinear-mae-s43,evaluation,reference,posttraining,dlinear,reference_mae,43,True,continuous,reference/US-natural/finalist/dlinear-s43,20454,19,0.016169666839867584,0.0007036984974141094,0.016354918024488393,0.0007159396805124411,5,5,5,False,False,,,,1580,139.34327014302835,0.0,0.0234857150062453,2067e50b5890b71b7bce9adcf0158a5b8deaf6b17ce532c19f9073805bc55ad9,1701,19,0,0.01580721691362851,0.0068066048894368,0.5117916436456718,1.0,-0.009146839380264282,0.01839434541761875,,,,,0.015642718291033125,0.0005269485488344598,0.016463701323520936,-0.00029403448365335205,,,,
fold-002,reference/US-natural/posttraining/dlinear-mae-s44,evaluation,reference,posttraining,dlinear,reference_mae,44,True,continuous,reference/US-natural/finalist/dlinear-s44,20454,19,0.016209170166864795,0.0007030501377601568,0.01638815475055722,0.0007151728124847187,4,5,5,False,False,,,,1580,138.59550963999936,0.0,0.02379966499574948,6ce4fa7ac6f39c8f0a55e26d70deee8a91590316ac1394d2f7e5eca7d263b234,1701,19,0,0.01389323894603768,0.004996219520492056,0.49581691342834955,1.0,-0.009359944611787796,0.012591853737831116,,,,,0.015642718291033125,0.0005664518758316701,0.017041211081183803,-0.0008320409143190086,,,,
fold-002,reference/US-natural/posttraining/dlinear-mse-s42,evaluation,reference,posttraining,dlinear,reference_mse,42,True,continuous,reference/US-natural/search/dlinear-10-s42,20454,19,0.016295827678473564,0.0007022086437424779,0.016436750599574668,0.0007131409512266708,0,5,5,True,False,,,,1580,136.66318061196944,0.0,0.023779066003044136,c1bf5e729388ee44ee8125a2854ceb036b86fb4be51c8ba5205b766f775c6c31,1701,19,0,0.018001176825479276,0.018241952343769813,0.523987722922052,1.0,-0.02088528871536255,0.018682565540075302,,,,,0.015642718291033125,0.0006531093874404398,0.016295827678473564,0.0,,,,
fold-002,reference/US-natural/posttraining/dlinear-mse-s43,evaluation,reference,posttraining,dlinear,reference_mse,43,True,continuous,reference/US-natural/finalist/dlinear-s43,20454,19,0.016221757503515382,0.0007034924943853137,0.016394713012412333,0.00071532911249617,4,5,5,False,False,,,,1580,138.40418226004113,0.0,0.023739010997815058,f563f25c28f0836bdddc4be6cdd75744861d8ca39596239666a04fa799a75969,1701,19,0,0.01616457063412037,0.011463273596991064,0.5139609219266953,1.0,-0.009014214389026165,0.019188299775123596,,,,,0.015642718291033125,0.0005790392124822574,0.016463701323520936,-0.00024194382000555445,,,,
fold-002,reference/US-natural/posttraining/dlinear-mse-s44,evaluation,reference,posttraining,dlinear,reference_mse,44,True,continuous,reference/US-natural/finalist/dlinear-s44,20454,19,0.016287551780119494,0.0007046475058360835,0.016469927720140665,0.0007169914244884166,4,5,5,False,False,,,,1580,137.961898715992,0.0,0.023717100004432723,c3d672c233c05116efeab29798ba84e18e8dbe529f71065b1d4826e3ee119d7b,1701,19,0,0.014695755629776498,0.01858504387688995,0.49204744119847443,1.0,-0.010599091649055481,0.01444251835346222,,,,,0.015642718291033125,0.0006448334890863695,0.017041211081183803,-0.0007536593010643092,,,,
fold-002,reference/US-natural/posttraining/gru-mae-s42,evaluation,reference,posttraining,gru,reference_mae,42,True,continuous,reference/US-natural/search/gru-10-s42,20454,19,0.016008649807827544,0.0006986277131122483,0.016192439313900752,0.0007104381667489145,4,5,5,False,False,,,,1580,142.95771842100658,0.0,0.02417779499955941,2c7374e27acb49316cfe00deb5ad0616efc295934681bd25867a0b7369242114,1701,19,0,0.005379612007939016,-0.0034624012538463336,0.49432865445908025,1.0,-0.010676324367523193,0.014008035883307457,,,,,0.015642718291033125,0.00036593151679441965,0.016169704976656277,-0.00016105516882873247,,,,
fold-002,reference/US-natural/posttraining/gru-mae-s43,evaluation,reference,posttraining,gru,reference_mae,43,True,continuous,reference/US-natural/finalist/gru-s43,20454,19,0.016042544849027507,0.0006976562075837142,0.016224327713212767,0.0007097096938697936,3,5,5,False,False,,,,1580,143.91495343996212,0.0,0.023334771001827903,ece845fc7f7c30a4f2722393ec5ba608036958a2f6de5de95500b1850abde624,1701,19,0,0.004843692231236559,-0.0013756916021144298,0.49869716204891656,1.0,-0.009552616626024246,0.012060105800628662,,,,,0.015642718291033125,0.0003998265579943823,0.016706413611108164,-0.000663868762080657,,,,
fold-002,reference/US-natural/posttraining/gru-mae-s44,evaluation,reference,posttraining,gru,reference_mae,44,True,continuous,reference/US-natural/finalist/gru-s44,20454,19,0.01609695198753548,0.0007008894618309749,0.016267959397456438,0.0007125519309806314,4,5,5,False,False,,,,1580,143.52847463602666,0.0,0.02298089599935338,60e638dfa2fcb84df78e1f7a0dce1dfd0d1af1dfb7466d6cd7b7b5e6670fa430,1701,19,0,0.014556963298175714,0.004145045833040336,0.5145683468274257,1.0,-0.010720808058977127,0.017683997750282288,,,,,0.015642718291033125,0.0004542336965023541,0.01700970731235347,-0.0009127553248179897,,,,
fold-002,reference/US-natural/posttraining/gru-mse-s42,evaluation,reference,posttraining,gru,reference_mse,42,True,continuous,reference/US-natural/search/gru-10-s42,20454,19,0.016212761209093096,0.000701329302309942,0.01639697081761919,0.000713227474855612,4,5,5,False,False,,,,1580,143.3798919999972,0.0,0.0230944289942272,c28cae782965d8a4739663f98ace3ac7ccc95e88939fab75fd27a0dffc865eaf,1701,19,0,0.008413268403245857,0.016581807987547725,0.5096480847759468,1.0,-0.010400518774986267,0.023243090137839317,,,,,0.015642718291033125,0.0005700429180599716,0.016169704976656277,4.305623243681944e-05,,,,
fold-002,reference/US-natural/posttraining/gru-mse-s43,evaluation,reference,posttraining,gru,reference_mse,43,True,continuous,reference/US-natural/finalist/gru-s43,20454,19,0.016946127725920336,0.0007242406563802619,0.017125818534484485,0.0007365852700358859,3,5,5,False,False,,,,1580,142.35475803399459,0.0,0.024037792012677528,3edc083fcc27c12762f36624075fe5370f4c06d070ed0d7eb4946c32c2565b3b,1701,19,0,0.010475077171347819,0.015554614693333392,0.4894255934533697,1.0,-0.007620309945195913,0.02068997733294964,,,,,0.015642718291033125,0.0013034094348872115,0.016706413611108164,0.00023971411481217217,,,,
fold-002,reference/US-natural/posttraining/gru-mse-s44,evaluation,reference,posttraining,gru,reference_mse,44,True,continuous,reference/US-natural/finalist/gru-s44,20454,19,0.01700970731235347,0.0007266120200969064,0.017149493815303108,0.0007375930344853992,0,5,5,True,False,,,,1580,143.33263063500635,0.0,0.024572626993176527,64955f4827f95e0e885ab6fa6d9a7b54ebc46d5e2f020df867020b95e40d03d9,1701,19,0,0.01051655528737119,0.007562882605122483,0.4989930093707339,1.0,-0.009759418666362762,0.022533535957336426,,,,,0.015642718291033125,0.0013669890213203438,0.01700970731235347,0.0,,,,
fold-002,reference/US-natural/posttraining/lstm-mae-s42,evaluation,reference,posttraining,lstm,reference_mae,42,True,continuous,reference/US-natural/search/lstm-10-s42,20454,19,0.016113845638205105,0.0007002385518707327,0.016292789465514348,0.0007123540664514104,4,5,5,False,False,,,,1580,139.43993935501203,0.0,0.024057228991296142,286e17e576f52059b41ff7f5c9fcdc498722ce69f8179a5e45b75078fa34bc6a,1701,19,0,0.0034130990108308615,-0.012221607109713503,0.502774327591342,1.0,-0.010474143549799919,0.013105124235153198,,,,,0.015642718291033125,0.0004711273471719804,0.016133807574507244,-1.9961936302138883e-05,,,,
fold-002,reference/US-natural/posttraining/lstm-mae-s43,evaluation,reference,posttraining,lstm,reference_mae,43,True,continuous,reference/US-natural/finalist/lstm-s43,20454,19,0.01630028196061638,0.0007094416305345409,0.016482333633685287,0.0007214280436677367,5,5,5,False,False,,,,1580,139.24434174399357,0.0,0.023870418008300476,aa244a05cb479964d616bf93aefcabd1ca24948b36ea3d66d7ad6d1e546b75a4,1701,19,0,0.005656258617792305,-0.003665655198461847,0.5000478990190903,1.0,-0.011406630277633667,0.015087682753801346,,,,,0.015642718291033125,0.0006575636695832568,0.01665134927507318,-0.00035106731445679745,,,,
fold-002,reference/US-natural/posttraining/lstm-mae-s44,evaluation,reference,posttraining,lstm,reference_mae,44,True,continuous,reference/US-natural/finalist/lstm-s44,20454,19,0.015942298475215916,0.0006991958102759763,0.01612140490352981,0.0007113991164199557,5,5,5,False,False,,,,1580,143.10472192795714,0.0,0.02446460400824435,a6ee5ff67c905b764ac6545a4e81f3a70cbb2dadd52d68e3ba8f79b38d26ba85,1701,19,0,0.002399346154608067,-0.013036699891739079,0.5114086715851199,1.0,-0.012186452746391296,0.010587073862552643,,,,,0.015642718291033125,0.0002995801841827912,0.016482531725406847,-0.0005402332501909315,,,,
fold-002,reference/US-natural/posttraining/lstm-mse-s42,evaluation,reference,posttraining,lstm,reference_mse,42,True,continuous,reference/US-natural/search/lstm-10-s42,20454,19,0.016133807574507244,0.0006988423009375868,0.016310914639218323,0.0007110018841968692,0,5,5,True,False,,,,1580,139.7414976650034,0.0,0.023932995987706818,523db3dd2dce55add96fe3f75eb2b9cd7a00a554f2ac9073b7ae5e76f1709fee,1701,19,0,0.01751247948967791,0.025635023790852394,0.5037151461144012,1.0,-0.015105284750461578,0.021697398275136948,,,,,0.015642718291033125,0.0004910892834741193,0.016133807574507244,0.0,,,,
fold-002,reference/US-natural/posttraining/lstm-mse-s43,evaluation,reference,posttraining,lstm,reference_mse,43,True,continuous,reference/US-natural/finalist/lstm-s43,20454,19,0.01665134927507318,0.0007204535580266855,0.016817445602086173,0.0007322160067657137,0,5,5,True,False,,,,1580,138.54279094201047,0.0,0.02366012299899012,631e8f51d1dfad183a094efd94d393487aa07a85f53767834076bd75984db4ae,1701,19,0,0.0050063240551289955,0.013355643049638006,0.5056497743427805,1.0,-0.012537194415926933,0.019239861518144608,,,,,0.015642718291033125,0.0010086309840400542,0.01665134927507318,0.0,,,,
fold-002,reference/US-natural/posttraining/lstm-mse-s44,evaluation,reference,posttraining,lstm,reference_mse,44,True,continuous,reference/US-natural/finalist/lstm-s44,20454,19,0.0159218933368014,0.0006959463955263338,0.0161041750713611,0.0007085055528531636,4,5,5,False,False,,,,1580,142.61145133402897,0.0,0.023716998999589123,76d89519de50531e6bbbc4dfb4a22e0ef4036b83eaf70146e67e985501beac95,1701,19,0,0.004068496251187029,0.010169281740557307,0.5039565998864475,1.0,-0.013003632426261902,0.01585889607667923,,,,,0.015642718291033125,0.00027917504576827415,0.016482531725406847,-0.0005606383886054486,,,,
fold-002,reference/US-natural/posttraining/rnn-mae-s42,evaluation,reference,posttraining,rnn,reference_mae,42,True,continuous,reference/US-natural/search/rnn-10-s42,20454,19,0.01579132702387728,0.000691962655040952,0.01597894378062421,0.0007040930972306151,5,5,5,False,False,,,,1580,136.51932029804448,0.0,0.024274027004139498,ea613960f930c64127cd3a2602998f1aed07f17a1bd64a6fb108ccee707479ff,1701,19,0,-0.005825430240148774,-0.009259278495097908,0.5272732502331591,1.0,-0.013745383359491825,0.014473767951130867,,,,,0.015642718291033125,0.00014860873284415488,0.016326277285778523,-0.0005349502619012431,,,,
fold-002,reference/US-natural/posttraining/rnn-mae-s43,evaluation,reference,posttraining,rnn,reference_mae,43,True,continuous,reference/US-natural/finalist/rnn-s43,20454,19,0.016149037691334578,0.0006988904457495068,0.01630989761153684,0.0007103024520668,3,5,5,False,False,,,,1580,135.25537793699186,0.0,0.02425647299969569,8c6aa9a719f7f9d7a9508d045fa1c1c4f307f5e8bd627418569e413c8e10b85e,1701,19,0,0.0019346281560647617,5.215410139475861e-05,0.5107183486294016,1.0,-0.011348366737365723,0.012694183737039566,,,,,0.015642718291033125,0.0005063194003014533,0.01648059557725495,-0.00033155788592037147,,,,
fold-002,reference/US-natural/posttraining/rnn-mae-s44,evaluation,reference,posttraining,rnn,reference_mae,44,True,continuous,reference/US-natural/finalist/rnn-s44,20454,19,0.015775161658595285,0.0006880219133853603,0.01594900456938238,0.0006996039627551519,4,5,5,False,False,,,,1580,135.81774258200312,0.0,0.023786000005202368,dd0f7f19fcb45fcb0cbf09e4b7d114bd4319110ede5297d3ae83aa931c948f0c,1701,19,0,0.00562275469618235,0.000225246250265795,0.5224358757895189,1.0,-0.00906218122690916,0.007567613385617733,,,,,0.015642718291033125,0.0001324433675621607,0.015975862737946815,-0.00020070107935152987,,,,
fold-002,reference/US-natural/posttraining/rnn-mse-s42,evaluation,reference,posttraining,rnn,reference_mse,42,True,continuous,reference/US-natural/search/rnn-10-s42,20454,19,0.016326277285778523,0.0007078392849826697,0.01652873433340135,0.0007207975959354355,0,5,5,True,False,,,,1580,135.9841494350112,0.0,0.023321726999711245,9fac1c516bfb207e2de38a17cf38db44caa9f7ebf9871e89972ed4efc8cf8093,1701,19,0,0.0019770586022296705,0.017298221884267818,0.5202188777316246,1.0,-0.013837899081408978,0.024445712566375732,,,,,0.015642718291033125,0.0006835589947453979,0.016326277285778523,0.0,,,,
fold-002,reference/US-natural/posttraining/rnn-mse-s43,evaluation,reference,posttraining,rnn,reference_mse,43,True,continuous,reference/US-natural/finalist/rnn-s43,20454,19,0.01648059557725495,0.000708584486902507,0.016631264888107122,0.0007198758222425736,0,5,5,True,False,,,,1580,136.19138245901559,0.0,0.02265477299806662,d58e28d7c37a24e8bf91474a91e5b24818f76964a3b2476a1c3e3dc00df3e2a1,1701,19,0,0.010872825346498602,0.01844299422438612,0.5110194995467924,1.0,-0.013613685965538025,0.01918945461511612,,,,,0.015642718291033125,0.0008378772862218248,0.01648059557725495,0.0,,,,
fold-002,reference/US-natural/posttraining/rnn-mse-s44,evaluation,reference,posttraining,rnn,reference_mse,44,True,continuous,reference/US-natural/finalist/rnn-s44,20454,19,0.015705978116707993,0.0006835016664561535,0.01587489877715544,0.0006949271146644762,5,5,5,False,False,,,,1580,136.0028685470461,0.0,0.024107372999424115,c0512f8571d1492a12e9d42aec39eed8cf7560266df1aa4c63ddd6fe4bc0ced5,1701,19,0,0.012512538231729087,0.018101506572408138,0.5313909497743697,1.0,-0.013408113270998001,0.015505841001868248,,,,,0.015642718291033125,6.325982567486829e-05,0.015975862737946815,-0.0002698846212388223,,,,
fold-003,reference/US-natural/finalist/dlinear-s43,calibration,reference,finalist,dlinear,reference,43,True,continuous,,20454,19,0.01596388066132673,0.0006961069449919361,0.016157959972102693,0.000708592197221741,30,40,100,,True,validation_plateau,,,14640,776.2801154400222,,0.02332872000988573,c4ff0810eb55bd9bceea089633284c208fae645cd270ce82041e89837cd665d2,1701,19,0,0.021253890150736504,0.023030474930704325,0.5251150102320541,1.0,-0.008421048521995544,0.016704220324754715,,,,,0.015642718291033125,0.00032116237029360464,0.01596388066132673,,,,,
fold-003,reference/US-natural/finalist/dlinear-s44,calibration,reference,finalist,dlinear,reference,44,True,continuous,,20454,19,0.015937358956513527,0.0006968356517477797,0.0161226950041034,0.0007090148779399686,37,47,100,,True,validation_plateau,,,17202,908.219624468009,,0.023504190001403913,5f57e9aed484b7a096809efbda9fb0fceb2b3a34294f2abb93389229a010e35e,1701,19,0,0.010062626568969764,0.015581000263045635,0.5169537893597447,1.0,-0.014731205999851227,0.018144186586141586,,,,,0.015642718291033125,0.0002946406654804022,0.015937358956513527,,,,,
fold-003,reference/US-natural/finalist/gru-s43,calibration,reference,finalist,gru,reference,43,True,continuous,,20454,19,0.015794637381713234,0.0006879071391872641,0.01597339051716425,0.0006995533099919658,34,44,100,,True,validation_plateau,,,16104,924.1477976309834,,0.02341915899887681,9d88be2b282d9ca2e774d70dbf0542b7886a50700950c78bd44a54a1952a787d,1701,19,0,0.001271992730009513,0.008112937314419704,0.5324870218421903,1.0,-0.011691901832818985,0.013038001954555511,,,,,0.015642718291033125,0.00015191909068010961,0.015794637381713234,,,,,
fold-003,reference/US-natural/finalist/gru-s44,calibration,reference,finalist,gru,reference,44,True,continuous,,20454,19,0.016015879598184984,0.0006955370708158754,0.01618123706878218,0.0007070491017512878,22,32,100,,True,validation_plateau,,,11712,665.2036769519909,,0.024213693002820946,c837495540d343e2dd0149366ff309e4ffda4011adf2ca41ecc95abd8946cd71,1701,19,0,0.004298880679921792,0.0008551095420549471,0.5219535646201726,1.0,-0.011622920632362366,0.017278477549552917,,,,,0.015642718291033125,0.00037316130715185983,0.016015879598184984,,,,,
fold-003,reference/US-natural/finalist/lstm-s43,calibration,reference,finalist,lstm,reference,43,True,continuous,,20454,19,0.016050731061759863,0.000704804098738646,0.016240385951464303,0.0007171095863195081,17,27,100,,True,validation_plateau,,,9882,563.2441287129768,,0.023505713004851714,125a3dfeae8e26ba2aa42941fc6751210084ac0c0429ab21140b84e6274e0454,1701,19,0,0.0010558247186385988,-0.014102320634647213,0.5139596646373366,1.0,-0.020610667765140533,0.02801908552646637,,,,,0.015642718291033125,0.00040801277072673864,0.016050731061759863,,,,,
fold-003,reference/US-natural/finalist/lstm-s44,calibration,reference,finalist,lstm,reference,44,True,continuous,,20454,19,0.01591510381529139,0.0006980213274629829,0.01611518258323782,0.0007106337853904343,24,34,100,,True,validation_plateau,,,12444,698.0926871210104,,0.025294965991633944,c88f43c5d4d9224c5fb724700d784958a1d262272af9d3a3c69962cfae04a71a,1701,19,0,0.009797027134830641,-0.01084642042922496,0.5077634485467796,1.0,-0.012870058417320251,0.024379432201385498,,,,,0.015642718291033125,0.00027238552425826526,0.01591510381529139,,,,,
fold-003,reference/US-natural/finalist/rnn-s43,calibration,reference,finalist,rnn,reference,43,True,continuous,,20454,19,0.01570061511773088,0.0006851152610462434,0.015875297176329746,0.0006968114066833067,22,32,100,,True,validation_plateau,,,11712,663.0380608069827,,0.024812698989990167,60187969e7682335b42847979139ea7211849975bdc32d99756672c3ff062d9c,1701,19,0,0.0038628963850010902,0.014588785789207196,0.528849477325467,1.0,-0.014002453535795212,0.013726744800806046,,,,,0.015642718291033125,5.7896826697757114e-05,0.01570061511773088,,,,,
fold-003,reference/US-natural/finalist/rnn-s44,calibration,reference,finalist,rnn,reference,44,True,continuous,,20454,19,0.01586226058440955,0.0006899889783412125,0.016043547562773444,0.0007020457641065678,29,39,100,,True,validation_plateau,,,14274,797.9993627430522,,0.02364878098887857,34c1c23480c57fccbdaf0c498a55c9198cb7ee0ac93e2dda20e1a53d887b7b36,1701,19,0,-0.001507590516789305,0.00466732460139167,0.5194145802250799,1.0,-0.00849359855055809,0.016095835715532303,,,,,0.015642718291033125,0.00021954229337642697,0.01586226058440955,,,,,
fold-003,reference/US-natural/search/dlinear-00-s42,calibration,reference,search,dlinear,reference,42,False,continuous,,20454,19,0.016164386836928918,0.0007042011878674245,0.016347388902311386,0.0007162031119227126,19,29,100,,True,validation_plateau,,,10614,585.5826051479671,,0.023504729993874207,3a0c28d831a6da230a22edc62245b893e8108ce4e4814178f74b3066155e803e,1701,19,0,0.00789807442197522,0.00010335055404764325,0.5097394032001049,1.0,-0.026732273399829865,0.017358511686325073,,,,,0.015642718291033125,0.0005216685458957933,0.016164386836928918,,,,,
fold-003,reference/US-natural/search/dlinear-10-s42,calibration,reference,search,dlinear,reference,42,True,continuous,,20454,19,0.015664204141521313,0.0006862569212749962,0.01583914340647718,0.0006982583543059559,19,29,100,,True,validation_plateau,,,10614,580.9893975550076,,0.02277143301034812,66d972408b7c84eb302054ac50f2c8fe8bd21b94ae2f308c84bdb4ed5669e22f,1701,19,0,0.013387946580154709,0.010926148936114186,0.544651494636649,1.0,-0.016379650682210922,0.013451293110847473,,,,,0.015642718291033125,2.1485850488188463e-05,0.015664204141521313,,,,,
fold-003,reference/US-natural/search/gru-00-s42,calibration,reference,search,gru,reference,42,False,continuous,,20454,19,0.0159252234692209,0.0006974444642077738,0.016093330999823293,0.0007090289186001455,10,20,100,,True,validation_plateau,,,7320,430.1028056560317,,0.02357594399654772,03da2722907bdde9e7ba63c845abebaf50ae1624a70aa21d5d7fe5176e3d1358,1701,19,0,0.005342606699120987,0.0012462775458452497,0.5056837244577675,1.0,-0.02888115495443344,0.02655896544456482,,,,,0.015642718291033125,0.0002825051781877759,0.0159252234692209,,,,,
fold-003,reference/US-natural/search/gru-10-s42,calibration,reference,search,gru,reference,42,True,continuous,,20454,19,0.016011755250370185,0.0006975111983043653,0.016187571228419642,0.0007091314905293441,29,39,100,,True,validation_plateau,,,14274,825.7481704580132,,0.02340257899777498,a9ccdffc93c64329f9adc87097b54a13b10b14bad6763d81e85550e571e2d7ea,1701,19,0,0.0018107073453040136,0.003382718878507851,0.5107254573684031,1.0,-0.010484295897185802,0.010969400405883789,,,,,0.015642718291033125,0.00036903695933706085,0.016011755250370185,,,,,
fold-003,reference/US-natural/search/lstm-00-s42,calibration,reference,search,lstm,reference,42,True,continuous,,20454,19,0.01586783993650821,0.0006977419746198851,0.01605330894464234,0.0007098437681598682,23,33,100,,True,validation_plateau,,,12078,682.7745202679653,,0.023519669004599564,7df879fa95706b3cee29d5a2359b3bfc1303db2f99309d5e08b64755911f72d3,1701,19,0,0.0061493050418790106,-0.02346314156621102,0.5143667082657087,1.0,-0.015219256281852722,0.017234310507774353,,,,,0.015642718291033125,0.00022512164547508484,0.01586783993650821,,,,,
fold-003,reference/US-natural/search/lstm-10-s42,calibration,reference,search,lstm,reference,42,False,continuous,,20454,19,0.016109823921320408,0.0006978665114232058,0.01628474543890099,0.0007098078984954008,12,22,100,,True,validation_plateau,,,8052,482.0663271980011,,0.02410801500082016,42fc0e0b87014f591ce9125d6a160cf52f5a84c366f7963f84f6b145cc287427,1701,19,0,0.011070743082239378,0.01050845845885405,0.5074543062468887,1.0,-0.020489351823925972,0.02083606831729412,,,,,0.015642718291033125,0.0004671056302872831,0.016109823921320408,,,,,
fold-003,reference/US-natural/search/rnn-00-s42,calibration,reference,search,rnn,reference,42,False,continuous,,20454,19,0.015906682631001597,0.0007019990662280427,0.01608218323764046,0.0007136657130900052,13,23,100,,True,validation_plateau,,,8418,477.46317577396985,,0.022979332992690615,79a7477e7364629082ad47d39491283cba680d6990ab86f5c2edca794f6d7124,1701,19,0,-0.005282267923502108,-0.022500873782105385,0.5169821771695834,1.0,-0.02504993975162506,0.02533496916294098,,,,,0.015642718291033125,0.000263964339968472,0.015906682631001597,,,,,
fold-003,reference/US-natural/search/rnn-10-s42,calibration,reference,search,rnn,reference,42,True,continuous,,20454,19,0.016171707205057683,0.0007049762758340278,0.016374928311855566,0.0007178823365462145,37,47,100,,True,validation_plateau,,,17202,952.9123178799637,,0.022733751000487246,0a72ea3568e0d1ac4f0042ad85745c03d74ce782dc977b4df4969ddc52fc88ea,1701,19,0,0.01032998208073925,0.019147151614761587,0.5134194469895638,1.0,-0.009777767583727837,0.021109899505972862,,,,,0.015642718291033125,0.0005289889140245585,0.016171707205057683,,,,,
fold-003,tabular/ridge-a0.1,calibration,tabular,search,ridge,ridge,,False,continuous,,20454,19,0.9257914895350833,0.8584669386857786,0.926238172588655,0.8593323750289168,,,,,,,,,,,,0.024499330000253394,90ba79597935f0a8a6c0f812f262735d76550120f4c25068be0abdb569bb5d16,1701,19,0,0.03591766184157813,0.024644723623492185,0.48855386233672315,1.0,0.841828524424655,1.0118450427245405,,,105.4365332819998,,0.015642718291033125,0.9101487712440501,0.9257914895350833,,,,,
fold-003,tabular/ridge-a1.0,calibration,tabular,search,ridge,ridge,,True,continuous,,20454,19,0.029460326438945444,0.0015329529776311203,0.030057748983829794,0.0015900807600485408,,,,,,,,,,,,0.023366790992440656,7ab807085c13794ffbea9b2b4d5719adcafca5a39e394d601a1b164c1b00bd6f,1701,19,0,0.03583824379525174,0.0237793318920539,0.505931649897802,1.0,-0.05491219399176976,0.10249302489064203,,,105.51688962000026,,0.015642718291033125,0.01381760814791232,0.029460326438945444,,,,,
fold-003,tabular/ridge-a10.0,calibration,tabular,search,ridge,ridge,,False,continuous,,20454,19,0.3468755272583321,0.12133283267391032,0.34576931250084725,0.12059091681449423,,,,,,,,,,,,0.02267651300644502,9109215634cbb4887112e5625bdf5d68e2caea8a57a3b4ef92c7cbcf830a3737,1701,19,0,0.03645645686617586,0.023994534665177324,0.5114461376632768,1.0,-0.4182080031935289,-0.2700605887641235,,,107.5963938520008,,0.015642718291033125,0.33123280896729895,0.3468755272583321,,,,,
fold-003,tabular/xgb-d3-b128-lr0.03-s42,calibration,tabular,search,xgboost,xgboost,42,False,continuous,,20454,19,0.015640539302778755,0.0006922348719688151,0.015823326422803836,0.0007043174470797598,,,,,True,validation_plateau,300,1,,,,0.016381069988710806,6ac2349aead3fb5a251df04649fb4fe45d6284b88dbf1d9d9c57455c7d2975fc,1701,0,19,,,0.5114461376632768,1.0,-0.0005360456998459995,-0.0005360456998459995,,,,392.886270082,0.015642718291033125,-2.178988254369213e-06,0.015640539302778755,,,,,
fold-003,tabular/xgb-d3-b128-lr0.1-s42,calibration,tabular,search,xgboost,xgboost,42,False,continuous,,20454,19,0.015640470290055778,0.0006922277414321815,0.01582328446375525,0.0007043113027972437,,,,,True,validation_plateau,300,1,,,,0.015787846001330763,b6b55e5adf1a068aecca116f5362051948f8f392c9e522ca2cc71dff73c84927,1701,0,19,,,0.5114461376632768,1.0,-0.000530128600075841,-0.000530128600075841,,,,352.73119087299983,0.015642718291033125,-2.2480009773465093e-06,0.015640470290055778,,,,,
fold-003,tabular/xgb-d3-b256-lr0.03-s42,calibration,tabular,search,xgboost,xgboost,42,False,continuous,,20454,19,0.015640539302778755,0.0006922348719688151,0.015823326422803836,0.0007043174470797598,,,,,True,validation_plateau,300,1,,,,0.016963896006927826,6ac2349aead3fb5a251df04649fb4fe45d6284b88dbf1d9d9c57455c7d2975fc,1701,0,19,,,0.5114461376632768,1.0,-0.0005360456998459995,-0.0005360456998459995,,,,377.7791246220004,0.015642718291033125,-2.178988254369213e-06,0.015640539302778755,,,,,
fold-003,tabular/xgb-d3-b256-lr0.1-s42,calibration,tabular,search,xgboost,xgboost,42,False,continuous,,20454,19,0.015640470290055778,0.0006922277414321815,0.01582328446375525,0.0007043113027972437,,,,,True,validation_plateau,300,1,,,,0.01629274401057046,b6b55e5adf1a068aecca116f5362051948f8f392c9e522ca2cc71dff73c84927,1701,0,19,,,0.5114461376632768,1.0,-0.000530128600075841,-0.000530128600075841,,,,378.3569348210003,0.015642718291033125,-2.2480009773465093e-06,0.015640470290055778,,,,,
fold-003,tabular/xgb-d3-b64-lr0.03-s42,calibration,tabular,search,xgboost,xgboost,42,False,continuous,,20454,19,0.015640539302778755,0.0006922348719688151,0.015823326422803836,0.0007043174470797598,,,,,True,validation_plateau,300,1,,,,0.016861814001458697,6ac2349aead3fb5a251df04649fb4fe45d6284b88dbf1d9d9c57455c7d2975fc,1701,0,19,,,0.5114461376632768,1.0,-0.0005360456998459995,-0.0005360456998459995,,,,363.07001357600075,0.015642718291033125,-2.178988254369213e-06,0.015640539302778755,,,,,
fold-003,tabular/xgb-d3-b64-lr0.1-s42,calibration,tabular,search,xgboost,xgboost,42,False,continuous,,20454,19,0.015640470290055778,0.0006922277414321815,0.01582328446375525,0.0007043113027972437,,,,,True,validation_plateau,300,1,,,,0.017010404000757262,b6b55e5adf1a068aecca116f5362051948f8f392c9e522ca2cc71dff73c84927,1701,0,19,,,0.5114461376632768,1.0,-0.000530128600075841,-0.000530128600075841,,,,367.7291438930006,0.015642718291033125,-2.2480009773465093e-06,0.015640470290055778,,,,,
fold-003,tabular/xgb-d6-b128-lr0.03-s42,calibration,tabular,search,xgboost,xgboost,42,False,continuous,,20454,19,0.01563499899717339,0.0006917362985579085,0.015817902833033408,0.0007038300830387285,,,,,True,validation_plateau,300,1,,,,0.016813492999062873,3ef32b4f0ece0c19241170a1c1d9551ee76f5de320fd6b7b636532422fcd72a9,1701,0,19,,,0.5114461376632768,1.0,-0.000590189709328115,-0.0002006502472795546,,,,521.2024614530001,0.015642718291033125,-7.719293859734938e-06,0.01563499899717339,,,,,
fold-003,tabular/xgb-d6-b128-lr0.1-s42,calibration,tabular,search,xgboost,xgboost,42,False,continuous,,20454,19,0.015569113105914202,0.0006884287501074601,0.01575341474608258,0.0007005285714623364,,,,,True,validation_plateau,300,5,,,,0.02042953099589795,8171016a2007cca1f3924952138935b26957bf75cdb7c637f60ec3e9fcc35039,1701,10,9,0.017124042765859215,-0.0024126293869291926,0.5591063696894837,1.0,-0.0031560035422444344,0.009942282922565937,,,,514.5511018260004,0.015642718291033125,-7.360518511892282e-05,0.015569113105914202,,,,,
fold-003,tabular/xgb-d6-b256-lr0.03-s42,calibration,tabular,search,xgboost,xgboost,42,False,continuous,,20454,19,0.01563499899717339,0.0006917362985579085,0.015817902833033408,0.0007038300830387285,,,,,True,validation_plateau,300,1,,,,0.01699370199639816,3ef32b4f0ece0c19241170a1c1d9551ee76f5de320fd6b7b636532422fcd72a9,1701,0,19,,,0.5114461376632768,1.0,-0.000590189709328115,-0.0002006502472795546,,,,574.373470090999,0.015642718291033125,-7.719293859734938e-06,0.01563499899717339,,,,,
fold-003,tabular/xgb-d6-b256-lr0.1-s42,calibration,tabular,search,xgboost,xgboost,42,False,continuous,,20454,19,0.015560159182852478,0.0006880578254391366,0.015743896723955233,0.0007001163204799368,,,,,True,validation_plateau,300,5,,,,0.020230586000252515,6d6bfa869904c3a7d3682913d3bf832844226830e695a9f0ab3ed7f93ea08990,1701,10,9,0.01644876212205672,-0.008402881907319372,0.5681711721931672,1.0,-0.016913048923015594,0.009837484918534756,,,,601.2211146400005,0.015642718291033125,-8.255910818064614e-05,0.015560159182852478,,,,,
fold-003,tabular/xgb-d6-b64-lr0.03-s42,calibration,tabular,search,xgboost,xgboost,42,False,continuous,,20454,19,0.015585121358157424,0.0006897106849248619,0.01576972028528003,0.0007018418393258987,,,,,True,validation_plateau,300,18,,,,0.019419040996581316,c31bc2ef4645760aedd5b91df7cc0db1068460601caadc1dc95ca37b97858130,1701,10,9,0.003080311495303756,-0.010567286936573567,0.5413082586163224,1.0,-0.002509909216314554,0.0043388414196670055,,,,468.15108603500084,0.015642718291033125,-5.7596932875700335e-05,0.015585121358157424,,,,,
fold-003,tabular/xgb-d6-b64-lr0.1-s42,calibration,tabular,search,xgboost,xgboost,42,True,continuous,,20454,19,0.015560035433642302,0.0006878120987995834,0.015743410173918487,0.0006998559691029394,,,,,True,validation_plateau,300,5,,,,0.01958247799484525,85b6492e119d816bde6f1d500c8fde1e398b670722c0e90d86e630eea8fc01de,1701,10,9,0.016232069038813152,-0.015465706391984316,0.5682498875486969,1.0,-0.004124118015170097,0.0022835922427475452,,,,464.09205240899973,0.015642718291033125,-8.268285739082212e-05,0.015560035433642302,,,,,
fold-003,tabular/xgb-d6-b64-lr0.1-s43,calibration,tabular,finalist,xgboost,xgboost,43,True,continuous,,20454,19,0.015560035433642302,0.0006878120987995834,0.015743410173918487,0.0006998559691029394,,,,,True,validation_plateau,300,5,,,,0.019284167006844655,85b6492e119d816bde6f1d500c8fde1e398b670722c0e90d86e630eea8fc01de,1701,10,9,0.016232069038813152,-0.015465706391984316,0.5682498875486969,1.0,-0.004124118015170097,0.0022835922427475452,,,,477.9096296859989,0.015642718291033125,-8.268285739082212e-05,0.015560035433642302,,,,,
fold-003,tabular/xgb-d6-b64-lr0.1-s44,calibration,tabular,finalist,xgboost,xgboost,44,True,continuous,,20454,19,0.015560035433642302,0.0006878120987995834,0.015743410173918487,0.0006998559691029394,,,,,True,validation_plateau,300,5,,,,0.02033906000724528,85b6492e119d816bde6f1d500c8fde1e398b670722c0e90d86e630eea8fc01de,1701,10,9,0.016232069038813152,-0.015465706391984316,0.5682498875486969,1.0,-0.004124118015170097,0.0022835922427475452,,,,472.5368855270008,0.015642718291033125,-8.268285739082212e-05,0.015560035433642302,,,,,
fold-003,posttraining/dlinear/seed-42/real/expected,calibration,posttraining,posttraining,dlinear,expected,42,True,median,reference/US-natural/search/dlinear-10-s42,20454,19,0.0157751913247463,0.0006891446529187789,0.015946417590174792,0.0007011202020982764,0,13,50,True,True,validation_plateau,,,10751,,0.0,0.03153785999165848,f385180d7c27ba4852d516e6c60284a4ec5aff44c92715c079411c33184216ac,1701,19,0,0.0048059824226953955,0.012848014009873725,0.2087427802335108,0.3648245743320131,-0.01349679394233963,0.013496793942339616,True,0.0,,181.12437057899842,0.015642718291033125,0.00013247303371317562,0.015664204141521313,0.00011098718322498716,0.0157751913247463,0.0,0.015664204141521313,0.00011098718322498716
fold-003,posttraining/dlinear/seed-42/real/klpo_exact,calibration,posttraining,posttraining,dlinear,klpo_exact,42,True,median,reference/US-natural/search/dlinear-10-s42,20454,19,0.0157751913247463,0.0006891446529187789,0.015946417590174792,0.0007011202020982764,0,13,50,True,True,validation_plateau,,,10751,,0.0,0.023861661000410095,f385180d7c27ba4852d516e6c60284a4ec5aff44c92715c079411c33184216ac,1701,19,0,0.0048059824226953955,0.012848014009873725,0.2087427802335108,0.3648245743320131,-0.01349679394233963,0.013496793942339616,True,0.0,,193.58243909400153,0.015642718291033125,0.00013247303371317562,0.015664204141521313,0.00011098718322498716,0.0157751913247463,0.0,0.015664204141521313,0.00011098718322498716
fold-003,posttraining/dlinear/seed-42/real/klpo_full,calibration,posttraining,posttraining,dlinear,klpo_full,42,True,median,reference/US-natural/search/dlinear-10-s42,20454,19,0.0157751913247463,0.0006891446529187789,0.015946417590174792,0.0007011202020982764,0,13,50,True,True,validation_plateau,,,10751,,0.0,0.023693465001997538,f385180d7c27ba4852d516e6c60284a4ec5aff44c92715c079411c33184216ac,1701,19,0,0.0048059824226953955,0.012848014009873725,0.2087427802335108,0.3648245743320131,-0.01349679394233963,0.013496793942339616,True,0.0,,200.06324274399958,0.015642718291033125,0.00013247303371317562,0.015664204141521313,0.00011098718322498716,0.0157751913247463,0.0,0.015664204141521313,0.00011098718322498716
fold-003,posttraining/dlinear/seed-42/real/klpo_mc,calibration,posttraining,posttraining,dlinear,klpo_mc,42,True,median,reference/US-natural/search/dlinear-10-s42,20454,19,0.0157751913247463,0.0006891446529187789,0.015946417590174792,0.0007011202020982764,0,13,50,True,True,validation_plateau,,,10751,,0.0,0.024481946995365433,f385180d7c27ba4852d516e6c60284a4ec5aff44c92715c079411c33184216ac,1701,19,0,0.0048059824226953955,0.012848014009873725,0.2087427802335108,0.3648245743320131,-0.01349679394233963,0.013496793942339616,True,0.0,,198.972410073,0.015642718291033125,0.00013247303371317562,0.015664204141521313,0.00011098718322498716,0.0157751913247463,0.0,0.015664204141521313,0.00011098718322498716
fold-003,posttraining/dlinear/seed-42/real/mae,calibration,posttraining,posttraining,dlinear,mae,42,True,median,reference/US-natural/search/dlinear-10-s42,20454,19,0.0157751913247463,0.0006891446529187789,0.015946417590174792,0.0007011202020982764,0,13,50,True,True,validation_plateau,,,10751,,0.0,0.02423379100218881,f385180d7c27ba4852d516e6c60284a4ec5aff44c92715c079411c33184216ac,1701,19,0,0.0048059824226953955,0.012848014009873725,0.2087427802335108,0.3648245743320131,-0.01349679394233963,0.013496793942339616,True,0.0,,170.40186497600007,0.015642718291033125,0.00013247303371317562,0.015664204141521313,0.00011098718322498716,0.0157751913247463,0.0,0.015664204141521313,0.00011098718322498716
fold-003,posttraining/dlinear/seed-42/real/neural_mae,calibration,posttraining,posttraining,dlinear,neural_mae,42,True,median,reference/US-natural/search/dlinear-10-s42,20454,19,0.015655489984917687,0.0006919751061073013,0.015840938143748744,0.0007041627656683215,3,13,50,False,True,validation_plateau,,,10751,,0.0,0.022528626010171138,0cee056c61bdf0a6a40df85cf4cb66573430acad032e7735dd7318b4ad10dc87,1701,13,6,-0.0046430353228705595,0.005626439063736999,0.002230548501781346,0.005398369179436585,-0.006748396971169815,0.006748396971169815,False,0.015503592789173126,,190.1149070930005,0.015642718291033125,1.2771693884562618e-05,0.015664204141521313,-8.714156603625844e-06,0.0157751913247463,-0.000119701339828613,0.01566457029023286,-9.080305315174036e-06
fold-003,posttraining/dlinear/seed-42/real/neural_mse,calibration,posttraining,posttraining,dlinear,neural_mse,42,True,median,reference/US-natural/search/dlinear-10-s42,20454,19,0.01564689376965448,0.0006921268355531287,0.015832130178933174,0.0007042829579875666,5,13,50,False,True,validation_plateau,,,10751,,0.0,0.021538354994845577,db7f78eda4a76d60c871e06d0c4201858a46862c96838bf4653e91789e1ca379,1701,12,7,-0.012414175329962756,-0.0372952331404855,0.0008600104100845114,0.0020396542120266286,-0.006748396971169815,0.006748396971169815,False,0.012506555765867233,,184.9557449269996,0.015642718291033125,4.175478621356449e-06,0.015664204141521313,-1.7310371866832014e-05,0.0157751913247463,-0.00012829755509181917,0.015644709167576085,2.1846020783963804e-06
fold-003,posttraining/dlinear/seed-42/real/reinforce,calibration,posttraining,posttraining,dlinear,reinforce,42,True,median,reference/US-natural/search/dlinear-10-s42,20454,19,0.0157751913247463,0.0006891446529187789,0.015946417590174792,0.0007011202020982764,0,13,50,True,True,validation_plateau,,,10751,,0.0,0.02353738200326916,f385180d7c27ba4852d516e6c60284a4ec5aff44c92715c079411c33184216ac,1701,19,0,0.0048059824226953955,0.012848014009873725,0.2087427802335108,0.3648245743320131,-0.01349679394233963,0.013496793942339616,True,0.0,,193.08231283699934,0.015642718291033125,0.00013247303371317562,0.015664204141521313,0.00011098718322498716,0.0157751913247463,0.0,0.015664204141521313,0.00011098718322498716
fold-003,posttraining/dlinear/seed-43/real/expected,calibration,posttraining,posttraining,dlinear,expected,43,True,median,reference/US-natural/search/dlinear-10-s42,20454,19,0.0157751913247463,0.0006891446529187789,0.015946417590174792,0.0007011202020982764,0,13,50,True,True,validation_plateau,,,10751,,0.0,0.023637460006284527,f385180d7c27ba4852d516e6c60284a4ec5aff44c92715c079411c33184216ac,1701,19,0,0.0048059824226953955,0.012848014009873725,0.2087427802335108,0.3648245743320131,-0.01349679394233963,0.013496793942339616,True,0.0,,182.11567404599919,0.015642718291033125,0.00013247303371317562,0.015664204141521313,0.00011098718322498716,0.0157751913247463,0.0,0.015664204141521313,0.00011098718322498716
fold-003,posttraining/dlinear/seed-43/real/klpo_exact,calibration,posttraining,posttraining,dlinear,klpo_exact,43,True,median,reference/US-natural/search/dlinear-10-s42,20454,19,0.0157751913247463,0.0006891446529187789,0.015946417590174792,0.0007011202020982764,0,13,50,True,True,validation_plateau,,,10751,,0.0,0.02315184799954295,f385180d7c27ba4852d516e6c60284a4ec5aff44c92715c079411c33184216ac,1701,19,0,0.0048059824226953955,0.012848014009873725,0.2087427802335108,0.3648245743320131,-0.01349679394233963,0.013496793942339616,True,0.0,,195.92631531799998,0.015642718291033125,0.00013247303371317562,0.015664204141521313,0.00011098718322498716,0.0157751913247463,0.0,0.015664204141521313,0.00011098718322498716
fold-003,posttraining/dlinear/seed-43/real/klpo_full,calibration,posttraining,posttraining,dlinear,klpo_full,43,True,median,reference/US-natural/search/dlinear-10-s42,20454,19,0.0157751913247463,0.0006891446529187789,0.015946417590174792,0.0007011202020982764,0,13,50,True,True,validation_plateau,,,10751,,0.0,0.02352506799797993,f385180d7c27ba4852d516e6c60284a4ec5aff44c92715c079411c33184216ac,1701,19,0,0.0048059824226953955,0.012848014009873725,0.2087427802335108,0.3648245743320131,-0.01349679394233963,0.013496793942339616,True,0.0,,194.51754476300084,0.015642718291033125,0.00013247303371317562,0.015664204141521313,0.00011098718322498716,0.0157751913247463,0.0,0.015664204141521313,0.00011098718322498716
fold-003,posttraining/dlinear/seed-43/real/klpo_mc,calibration,posttraining,posttraining,dlinear,klpo_mc,43,True,median,reference/US-natural/search/dlinear-10-s42,20454,19,0.0157751913247463,0.0006891446529187789,0.015946417590174792,0.0007011202020982764,0,13,50,True,True,validation_plateau,,,10751,,0.0,0.023149853994254954,f385180d7c27ba4852d516e6c60284a4ec5aff44c92715c079411c33184216ac,1701,19,0,0.0048059824226953955,0.012848014009873725,0.2087427802335108,0.3648245743320131,-0.01349679394233963,0.013496793942339616,True,0.0,,203.56621286500013,0.015642718291033125,0.00013247303371317562,0.015664204141521313,0.00011098718322498716,0.0157751913247463,0.0,0.015664204141521313,0.00011098718322498716
fold-003,posttraining/dlinear/seed-43/real/mae,calibration,posttraining,posttraining,dlinear,mae,43,True,median,reference/US-natural/search/dlinear-10-s42,20454,19,0.0157751913247463,0.0006891446529187789,0.015946417590174792,0.0007011202020982764,0,13,50,True,True,validation_plateau,,,10751,,0.0,0.02479971499997191,f385180d7c27ba4852d516e6c60284a4ec5aff44c92715c079411c33184216ac,1701,19,0,0.0048059824226953955,0.012848014009873725,0.2087427802335108,0.3648245743320131,-0.01349679394233963,0.013496793942339616,True,0.0,,182.24253428999873,0.015642718291033125,0.00013247303371317562,0.015664204141521313,0.00011098718322498716,0.0157751913247463,0.0,0.015664204141521313,0.00011098718322498716
fold-003,posttraining/dlinear/seed-43/real/neural_mae,calibration,posttraining,posttraining,dlinear,neural_mae,43,True,median,reference/US-natural/search/dlinear-10-s42,20454,19,0.015618632406027014,0.0006914023731623809,0.01580106743321303,0.0007033983053013114,9,17,50,False,True,validation_plateau,,,14059,,0.0,0.02209264598786831,7ae63892fa83f2c6af0961386a92fced3a2d7f149f95f778e17a5429f72f9026,1701,15,4,0.0018074501643043435,-0.02721977481636279,0.015289505481690916,0.023568285728436562,-0.006748396971169815,0.0,False,0.017823816742748022,,246.30883826100035,0.015642718291033125,-2.408588500611014e-05,0.015664204141521313,-4.5571735494298604e-05,0.0157751913247463,-0.00015655891871928576,0.015672845326468354,-5.421292044133913e-05
fold-003,posttraining/dlinear/seed-43/real/neural_mse,calibration,posttraining,posttraining,dlinear,neural_mse,43,True,median,reference/US-natural/search/dlinear-10-s42,20454,19,0.015653757130250318,0.0006917933428754234,0.015839942591711228,0.0007040185792548386,4,13,50,False,True,validation_plateau,,,10751,,0.0,0.0230465900094714,4b92a3dce4d6215d69a8779fec1a125ef481d4e486888ea9218f9d35f9089238,1701,17,2,0.003006325898394986,0.006388293379417903,0.005846244028856471,0.011665916510412102,-0.006748396971169815,0.006748396971169815,False,0.012121621519327164,,190.84447488500155,0.015642718291033125,1.1038839217193674e-05,0.015664204141521313,-1.0447011270994788e-05,0.0157751913247463,-0.00012143419449598195,0.01568778392693309,-3.402679668277134e-05
fold-003,posttraining/dlinear/seed-43/real/reinforce,calibration,posttraining,posttraining,dlinear,reinforce,43,True,median,reference/US-natural/search/dlinear-10-s42,20454,19,0.0157751913247463,0.0006891446529187789,0.015946417590174792,0.0007011202020982764,0,13,50,True,True,validation_plateau,,,10751,,0.0,0.02307225800177548,f385180d7c27ba4852d516e6c60284a4ec5aff44c92715c079411c33184216ac,1701,19,0,0.0048059824226953955,0.012848014009873725,0.2087427802335108,0.3648245743320131,-0.01349679394233963,0.013496793942339616,True,0.0,,184.82607338999878,0.015642718291033125,0.00013247303371317562,0.015664204141521313,0.00011098718322498716,0.0157751913247463,0.0,0.015664204141521313,0.00011098718322498716
fold-003,posttraining/dlinear/seed-44/real/expected,calibration,posttraining,posttraining,dlinear,expected,44,True,median,reference/US-natural/search/dlinear-10-s42,20454,19,0.0157751913247463,0.0006891446529187789,0.015946417590174792,0.0007011202020982764,0,13,50,True,True,validation_plateau,,,10751,,0.0,0.02387345299939625,f385180d7c27ba4852d516e6c60284a4ec5aff44c92715c079411c33184216ac,1701,19,0,0.0048059824226953955,0.012848014009873725,0.2087427802335108,0.3648245743320131,-0.01349679394233963,0.013496793942339616,True,0.0,,180.45705938100036,0.015642718291033125,0.00013247303371317562,0.015664204141521313,0.00011098718322498716,0.0157751913247463,0.0,0.015664204141521313,0.00011098718322498716
fold-003,posttraining/dlinear/seed-44/real/klpo_exact,calibration,posttraining,posttraining,dlinear,klpo_exact,44,True,median,reference/US-natural/search/dlinear-10-s42,20454,19,0.0157751913247463,0.0006891446529187789,0.015946417590174792,0.0007011202020982764,0,13,50,True,True,validation_plateau,,,10751,,0.0,0.02299134600616526,f385180d7c27ba4852d516e6c60284a4ec5aff44c92715c079411c33184216ac,1701,19,0,0.0048059824226953955,0.012848014009873725,0.2087427802335108,0.3648245743320131,-0.01349679394233963,0.013496793942339616,True,0.0,,194.09375759999966,0.015642718291033125,0.00013247303371317562,0.015664204141521313,0.00011098718322498716,0.0157751913247463,0.0,0.015664204141521313,0.00011098718322498716
fold-003,posttraining/dlinear/seed-44/real/klpo_full,calibration,posttraining,posttraining,dlinear,klpo_full,44,True,median,reference/US-natural/search/dlinear-10-s42,20454,19,0.0157751913247463,0.0006891446529187789,0.015946417590174792,0.0007011202020982764,0,13,50,True,True,validation_plateau,,,10751,,0.0,0.022874144997331314,f385180d7c27ba4852d516e6c60284a4ec5aff44c92715c079411c33184216ac,1701,19,0,0.0048059824226953955,0.012848014009873725,0.2087427802335108,0.3648245743320131,-0.01349679394233963,0.013496793942339616,True,0.0,,193.09819813299873,0.015642718291033125,0.00013247303371317562,0.015664204141521313,0.00011098718322498716,0.0157751913247463,0.0,0.015664204141521313,0.00011098718322498716
fold-003,posttraining/dlinear/seed-44/real/klpo_mc,calibration,posttraining,posttraining,dlinear,klpo_mc,44,True,median,reference/US-natural/search/dlinear-10-s42,20454,19,0.0157751913247463,0.0006891446529187789,0.015946417590174792,0.0007011202020982764,0,13,50,True,True,validation_plateau,,,10751,,0.0,0.024334100002306513,f385180d7c27ba4852d516e6c60284a4ec5aff44c92715c079411c33184216ac,1701,19,0,0.0048059824226953955,0.012848014009873725,0.2087427802335108,0.3648245743320131,-0.01349679394233963,0.013496793942339616,True,0.0,,200.47877254299965,0.015642718291033125,0.00013247303371317562,0.015664204141521313,0.00011098718322498716,0.0157751913247463,0.0,0.015664204141521313,0.00011098718322498716
fold-003,posttraining/dlinear/seed-44/real/mae,calibration,posttraining,posttraining,dlinear,mae,44,True,median,reference/US-natural/search/dlinear-10-s42,20454,19,0.0157751913247463,0.0006891446529187789,0.015946417590174792,0.0007011202020982764,0,13,50,True,True,validation_plateau,,,10751,,0.0,0.024461859007715248,f385180d7c27ba4852d516e6c60284a4ec5aff44c92715c079411c33184216ac,1701,19,0,0.0048059824226953955,0.012848014009873725,0.2087427802335108,0.3648245743320131,-0.01349679394233963,0.013496793942339616,True,0.0,,178.51181464300134,0.015642718291033125,0.00013247303371317562,0.015664204141521313,0.00011098718322498716,0.0157751913247463,0.0,0.015664204141521313,0.00011098718322498716
fold-003,posttraining/dlinear/seed-44/real/neural_mae,calibration,posttraining,posttraining,dlinear,neural_mae,44,True,median,reference/US-natural/search/dlinear-10-s42,20454,19,0.01563091906034185,0.0006920197222051736,0.015814034407151484,0.0007040865459589332,5,13,50,False,True,validation_plateau,,,10751,,0.0,0.022503056999994442,71a5c95cc8e548066b8132bff6bf77cc14a72c3ca9ea2ac7a482e965b3263952,1701,18,1,-0.006860449292719579,-0.029494923391096446,0.018034142513899742,0.031439564110931635,-0.006748396971169815,0.0,False,0.017286386340856552,,190.0787606140002,0.015642718291033125,-1.1799230691274948e-05,0.015664204141521313,-3.328508117946341e-05,0.0157751913247463,-0.00014427226440445057,0.01569774322107366,-6.682416073180986e-05
fold-003,posttraining/dlinear/seed-44/real/neural_mse,calibration,posttraining,posttraining,dlinear,neural_mse,44,True,median,reference/US-natural/search/dlinear-10-s42,20454,19,0.015643041385246772,0.0006920415705322282,0.015828164947975502,0.0007042089205883461,9,17,50,False,True,validation_plateau,,,14059,,0.0,0.02000310900621116,1fc7c35d6b5b14729b099317e5316c2d3c20a8f4c8c85b8df81b4b8993ad94aa,1701,8,11,-0.004175915110150133,-0.04299543416862199,0.000362688056682982,0.0006503442909765587,-0.006748396971169815,0.0,False,0.014109832234680653,,242.86816049200024,0.015642718291033125,3.230942136472903e-07,0.015664204141521313,-2.1162756274541172e-05,0.0157751913247463,-0.00013214993949952833,0.015568363138898828,7.467824634794368e-05
fold-003,posttraining/dlinear/seed-44/real/reinforce,calibration,posttraining,posttraining,dlinear,reinforce,44,True,median,reference/US-natural/search/dlinear-10-s42,20454,19,0.0157751913247463,0.0006891446529187789,0.015946417590174792,0.0007011202020982764,0,13,50,True,True,validation_plateau,,,10751,,0.0,0.023419108998496085,f385180d7c27ba4852d516e6c60284a4ec5aff44c92715c079411c33184216ac,1701,19,0,0.0048059824226953955,0.012848014009873725,0.2087427802335108,0.3648245743320131,-0.01349679394233963,0.013496793942339616,True,0.0,,189.2008621040004,0.015642718291033125,0.00013247303371317562,0.015664204141521313,0.00011098718322498716,0.0157751913247463,0.0,0.015664204141521313,0.00011098718322498716
fold-003,posttraining/gru/seed-42/real/expected,calibration,posttraining,posttraining,gru,expected,42,True,median,reference/US-natural/search/gru-10-s42,20454,19,0.016160427994597635,0.000702525774068591,0.01633811398304472,0.0007142210667037765,0,13,50,True,True,validation_plateau,,,10751,,0.0,0.031580139009747654,b7fc7a4d4d50d99d9bd5a116003789414a48d68c39f0d39b45afddb4c673d80b,1701,19,0,0.004313375402980549,0.007786128158660167,0.21473117419654378,0.42743828868267775,-0.01349679394233963,0.013496793942339616,True,0.0,,183.70183203999932,0.015642718291033125,0.0005177097035645103,0.016011755250370185,0.0001486727442274495,0.016160427994597635,0.0,0.016011755250370185,0.0001486727442274495
fold-003,posttraining/gru/seed-42/real/klpo_exact,calibration,posttraining,posttraining,gru,klpo_exact,42,True,median,reference/US-natural/search/gru-10-s42,20454,19,0.016160427994597635,0.000702525774068591,0.01633811398304472,0.0007142210667037765,0,13,50,True,True,validation_plateau,,,10751,,0.0,0.023293364007258788,b7fc7a4d4d50d99d9bd5a116003789414a48d68c39f0d39b45afddb4c673d80b,1701,19,0,0.004313375402980549,0.007786128158660167,0.21473117419654378,0.42743828868267775,-0.01349679394233963,0.013496793942339616,True,0.0,,193.42446506499982,0.015642718291033125,0.0005177097035645103,0.016011755250370185,0.0001486727442274495,0.016160427994597635,0.0,0.016011755250370185,0.0001486727442274495
fold-003,posttraining/gru/seed-42/real/klpo_full,calibration,posttraining,posttraining,gru,klpo_full,42,True,median,reference/US-natural/search/gru-10-s42,20454,19,0.016160427994597635,0.000702525774068591,0.01633811398304472,0.0007142210667037765,0,13,50,True,True,validation_plateau,,,10751,,0.0,0.023515881010098383,b7fc7a4d4d50d99d9bd5a116003789414a48d68c39f0d39b45afddb4c673d80b,1701,19,0,0.004313375402980549,0.007786128158660167,0.21473117419654378,0.42743828868267775,-0.01349679394233963,0.013496793942339616,True,0.0,,198.69082374899972,0.015642718291033125,0.0005177097035645103,0.016011755250370185,0.0001486727442274495,0.016160427994597635,0.0,0.016011755250370185,0.0001486727442274495
fold-003,posttraining/gru/seed-42/real/klpo_mc,calibration,posttraining,posttraining,gru,klpo_mc,42,True,median,reference/US-natural/search/gru-10-s42,20454,19,0.016160427994597635,0.000702525774068591,0.01633811398304472,0.0007142210667037765,0,13,50,True,True,validation_plateau,,,10751,,0.0,0.02364723800565116,b7fc7a4d4d50d99d9bd5a116003789414a48d68c39f0d39b45afddb4c673d80b,1701,19,0,0.004313375402980549,0.007786128158660167,0.21473117419654378,0.42743828868267775,-0.01349679394233963,0.013496793942339616,True,0.0,,201.87847254999997,0.015642718291033125,0.0005177097035645103,0.016011755250370185,0.0001486727442274495,0.016160427994597635,0.0,0.016011755250370185,0.0001486727442274495
fold-003,posttraining/gru/seed-42/real/mae,calibration,posttraining,posttraining,gru,mae,42,True,median,reference/US-natural/search/gru-10-s42,20454,19,0.016160427994597635,0.000702525774068591,0.01633811398304472,0.0007142210667037765,0,13,50,True,True,validation_plateau,,,10751,,0.0,0.02329137000197079,b7fc7a4d4d50d99d9bd5a116003789414a48d68c39f0d39b45afddb4c673d80b,1701,19,0,0.004313375402980549,0.007786128158660167,0.21473117419654378,0.42743828868267775,-0.01349679394233963,0.013496793942339616,True,0.0,,179.16899962999923,0.015642718291033125,0.0005177097035645103,0.016011755250370185,0.0001486727442274495,0.016160427994597635,0.0,0.016011755250370185,0.0001486727442274495
fold-003,posttraining/gru/seed-42/real/neural_mae,calibration,posttraining,posttraining,gru,neural_mae,42,True,median,reference/US-natural/search/gru-10-s42,20454,19,0.015643664726810037,0.0006920030288550686,0.015828601459770993,0.0007041688011830036,2,13,50,False,True,validation_plateau,,,10751,,0.0,0.02216326900816057,63ac428cc46a692d28564687ca4389b6b553dfc153b0822b792a10af1b59f861,1701,13,6,0.0030705834127176257,-0.0029211284936693925,0.0017207642037259017,0.003090966393478015,-0.006748396971169815,0.006748396971169815,False,0.010627873241901398,,198.04008039200016,0.015642718291033125,9.464357769127518e-07,0.016011755250370185,-0.0003680905235601481,0.016160427994597635,-0.0005167632677875976,0.015682811236343866,-3.9146509533828644e-05
fold-003,posttraining/gru/seed-42/real/neural_mse,calibration,posttraining,posttraining,gru,neural_mse,42,True,median,reference/US-natural/search/gru-10-s42,20454,19,0.015645513797171596,0.0006923163097392675,0.015830727888165124,0.0007044779770158898,5,13,50,False,True,validation_plateau,,,10751,,0.0,0.02039091799815651,8cb6b0a9835e28e2bfe0b1a4c4ccba2521362dade30ea025560641da868c80dc,1701,9,10,-0.021501527844845245,-0.06295471392843138,0.0003815964496703449,0.0010486943990525445,-0.006748396971169815,0.006748396971169815,False,0.01062154583632946,,198.3216314629999,0.015642718291033125,2.795506138471293e-06,0.016011755250370185,-0.00036624145319858956,0.016160427994597635,-0.0005149141974260391,0.01569489881945613,-4.938502228453434e-05
fold-003,posttraining/gru/seed-42/real/reinforce,calibration,posttraining,posttraining,gru,reinforce,42,True,median,reference/US-natural/search/gru-10-s42,20454,19,0.016160427994597635,0.000702525774068591,0.01633811398304472,0.0007142210667037765,0,13,50,True,True,validation_plateau,,,10751,,0.0,0.02286774398817215,b7fc7a4d4d50d99d9bd5a116003789414a48d68c39f0d39b45afddb4c673d80b,1701,19,0,0.004313375402980549,0.007786128158660167,0.21473117419654378,0.42743828868267775,-0.01349679394233963,0.013496793942339616,True,0.0,,189.2658117279998,0.015642718291033125,0.0005177097035645103,0.016011755250370185,0.0001486727442274495,0.016160427994597635,0.0,0.016011755250370185,0.0001486727442274495
fold-003,posttraining/gru/seed-43/real/expected,calibration,posttraining,posttraining,gru,expected,43,True,median,reference/US-natural/search/gru-10-s42,20454,19,0.016160427994597635,0.000702525774068591,0.01633811398304472,0.0007142210667037765,0,13,50,True,True,validation_plateau,,,10751,,0.0,0.023662025996600278,b7fc7a4d4d50d99d9bd5a116003789414a48d68c39f0d39b45afddb4c673d80b,1701,19,0,0.004313375402980549,0.007786128158660167,0.21473117419654378,0.42743828868267775,-0.01349679394233963,0.013496793942339616,True,0.0,,181.5920149429994,0.015642718291033125,0.0005177097035645103,0.016011755250370185,0.0001486727442274495,0.016160427994597635,0.0,0.016011755250370185,0.0001486727442274495
fold-003,posttraining/gru/seed-43/real/klpo_exact,calibration,posttraining,posttraining,gru,klpo_exact,43,True,median,reference/US-natural/search/gru-10-s42,20454,19,0.016160427994597635,0.000702525774068591,0.01633811398304472,0.0007142210667037765,0,13,50,True,True,validation_plateau,,,10751,,0.0,0.02390565500536468,b7fc7a4d4d50d99d9bd5a116003789414a48d68c39f0d39b45afddb4c673d80b,1701,19,0,0.004313375402980549,0.007786128158660167,0.21473117419654378,0.42743828868267775,-0.01349679394233963,0.013496793942339616,True,0.0,,192.37343994299954,0.015642718291033125,0.0005177097035645103,0.016011755250370185,0.0001486727442274495,0.016160427994597635,0.0,0.016011755250370185,0.0001486727442274495
fold-003,posttraining/gru/seed-43/real/klpo_full,calibration,posttraining,posttraining,gru,klpo_full,43,True,median,reference/US-natural/search/gru-10-s42,20454,19,0.016160427994597635,0.000702525774068591,0.01633811398304472,0.0007142210667037765,0,13,50,True,True,validation_plateau,,,10751,,0.0,0.02314560599916149,b7fc7a4d4d50d99d9bd5a116003789414a48d68c39f0d39b45afddb4c673d80b,1701,19,0,0.004313375402980549,0.007786128158660167,0.21473117419654378,0.42743828868267775,-0.01349679394233963,0.013496793942339616,True,0.0,,194.51649445599924,0.015642718291033125,0.0005177097035645103,0.016011755250370185,0.0001486727442274495,0.016160427994597635,0.0,0.016011755250370185,0.0001486727442274495
fold-003,posttraining/gru/seed-43/real/klpo_mc,calibration,posttraining,posttraining,gru,klpo_mc,43,True,median,reference/US-natural/search/gru-10-s42,20454,19,0.016160427994597635,0.000702525774068591,0.01633811398304472,0.0007142210667037765,0,13,50,True,True,validation_plateau,,,10751,,0.0,0.022693025006446987,b7fc7a4d4d50d99d9bd5a116003789414a48d68c39f0d39b45afddb4c673d80b,1701,19,0,0.004313375402980549,0.007786128158660167,0.21473117419654378,0.42743828868267775,-0.01349679394233963,0.013496793942339616,True,0.0,,203.1092714840006,0.015642718291033125,0.0005177097035645103,0.016011755250370185,0.0001486727442274495,0.016160427994597635,0.0,0.016011755250370185,0.0001486727442274495
fold-003,posttraining/gru/seed-43/real/mae,calibration,posttraining,posttraining,gru,mae,43,True,median,reference/US-natural/search/gru-10-s42,20454,19,0.016160427994597635,0.000702525774068591,0.01633811398304472,0.0007142210667037765,0,13,50,True,True,validation_plateau,,,10751,,0.0,0.024261123005999252,b7fc7a4d4d50d99d9bd5a116003789414a48d68c39f0d39b45afddb4c673d80b,1701,19,0,0.004313375402980549,0.007786128158660167,0.21473117419654378,0.42743828868267775,-0.01349679394233963,0.013496793942339616,True,0.0,,178.15749167400008,0.015642718291033125,0.0005177097035645103,0.016011755250370185,0.0001486727442274495,0.016160427994597635,0.0,0.016011755250370185,0.0001486727442274495
fold-003,posttraining/gru/seed-43/real/neural_mae,calibration,posttraining,posttraining,gru,neural_mae,43,True,median,reference/US-natural/search/gru-10-s42,20454,19,0.01565285197667191,0.0006924107790519881,0.015837251457883672,0.0007045094424323962,2,13,50,False,True,validation_plateau,,,10751,,0.0,0.023480625997763127,dda33f8b3b475da43938f0e374a957016a0539b2e9b5e10c7f0dbaa70aac781c,1701,19,0,-0.0056724888899173575,-0.015356483928994717,0.004825300294491975,0.010274080275807696,-0.006748396971169815,0.0,False,0.012380627915263176,,206.03691161400002,0.015642718291033125,1.0133685638784307e-05,0.016011755250370185,-0.00035890327369827654,0.016160427994597635,-0.000507576017925726,0.01567554740617285,-2.2695429500941416e-05
fold-003,posttraining/gru/seed-43/real/neural_mse,calibration,posttraining,posttraining,gru,neural_mse,43,True,median,reference/US-natural/search/gru-10-s42,20454,19,0.015644038539872524,0.0006916368320246857,0.015829153792119063,0.0007037951182429865,4,13,50,False,True,validation_plateau,,,10751,,0.0,0.02035291600623168,a532317f76566e5981eb65ca551395e7f273b51f2d562ae61b3f5693fb6cf388,1701,9,10,0.01841019119504146,0.03437372758838373,0.0022333708387944325,0.004041673380073903,-0.006748396971169815,0.006748396971169815,False,0.010271521285176277,,200.28658217099928,0.015642718291033125,1.3202488393995737e-06,0.016011755250370185,-0.0003677167104976613,0.016160427994597635,-0.0005163894547251108,0.01570599982704528,-6.196128717275706e-05
fold-003,posttraining/gru/seed-43/real/reinforce,calibration,posttraining,posttraining,gru,reinforce,43,True,median,reference/US-natural/search/gru-10-s42,20454,19,0.016160427994597635,0.000702525774068591,0.01633811398304472,0.0007142210667037765,0,13,50,True,True,validation_plateau,,,10751,,0.0,0.022950970000238158,b7fc7a4d4d50d99d9bd5a116003789414a48d68c39f0d39b45afddb4c673d80b,1701,19,0,0.004313375402980549,0.007786128158660167,0.21473117419654378,0.42743828868267775,-0.01349679394233963,0.013496793942339616,True,0.0,,181.24756037000043,0.015642718291033125,0.0005177097035645103,0.016011755250370185,0.0001486727442274495,0.016160427994597635,0.0,0.016011755250370185,0.0001486727442274495
fold-003,posttraining/gru/seed-44/real/expected,calibration,posttraining,posttraining,gru,expected,44,True,median,reference/US-natural/search/gru-10-s42,20454,19,0.016160427994597635,0.000702525774068591,0.01633811398304472,0.0007142210667037765,0,13,50,True,True,validation_plateau,,,10751,,0.0,0.0238004569982877,b7fc7a4d4d50d99d9bd5a116003789414a48d68c39f0d39b45afddb4c673d80b,1701,19,0,0.004313375402980549,0.007786128158660167,0.21473117419654378,0.42743828868267775,-0.01349679394233963,0.013496793942339616,True,0.0,,187.9011598270008,0.015642718291033125,0.0005177097035645103,0.016011755250370185,0.0001486727442274495,0.016160427994597635,0.0,0.016011755250370185,0.0001486727442274495
fold-003,posttraining/gru/seed-44/real/klpo_exact,calibration,posttraining,posttraining,gru,klpo_exact,44,True,median,reference/US-natural/search/gru-10-s42,20454,19,0.016160427994597635,0.000702525774068591,0.01633811398304472,0.0007142210667037765,0,13,50,True,True,validation_plateau,,,10751,,0.0,0.023924569992232136,b7fc7a4d4d50d99d9bd5a116003789414a48d68c39f0d39b45afddb4c673d80b,1701,19,0,0.004313375402980549,0.007786128158660167,0.21473117419654378,0.42743828868267775,-0.01349679394233963,0.013496793942339616,True,0.0,,195.94644088600035,0.015642718291033125,0.0005177097035645103,0.016011755250370185,0.0001486727442274495,0.016160427994597635,0.0,0.016011755250370185,0.0001486727442274495
fold-003,posttraining/gru/seed-44/real/klpo_full,calibration,posttraining,posttraining,gru,klpo_full,44,True,median,reference/US-natural/search/gru-10-s42,20454,19,0.016160427994597635,0.000702525774068591,0.01633811398304472,0.0007142210667037765,0,13,50,True,True,validation_plateau,,,10751,,0.0,0.024126128002535552,b7fc7a4d4d50d99d9bd5a116003789414a48d68c39f0d39b45afddb4c673d80b,1701,19,0,0.004313375402980549,0.007786128158660167,0.21473117419654378,0.42743828868267775,-0.01349679394233963,0.013496793942339616,True,0.0,,191.8416994599993,0.015642718291033125,0.0005177097035645103,0.016011755250370185,0.0001486727442274495,0.016160427994597635,0.0,0.016011755250370185,0.0001486727442274495
fold-003,posttraining/gru/seed-44/real/klpo_mc,calibration,posttraining,posttraining,gru,klpo_mc,44,True,median,reference/US-natural/search/gru-10-s42,20454,19,0.016160427994597635,0.000702525774068591,0.01633811398304472,0.0007142210667037765,0,13,50,True,True,validation_plateau,,,10751,,0.0,0.024101732997223735,b7fc7a4d4d50d99d9bd5a116003789414a48d68c39f0d39b45afddb4c673d80b,1701,19,0,0.004313375402980549,0.007786128158660167,0.21473117419654378,0.42743828868267775,-0.01349679394233963,0.013496793942339616,True,0.0,,202.78633738999997,0.015642718291033125,0.0005177097035645103,0.016011755250370185,0.0001486727442274495,0.016160427994597635,0.0,0.016011755250370185,0.0001486727442274495
fold-003,posttraining/gru/seed-44/real/mae,calibration,posttraining,posttraining,gru,mae,44,True,median,reference/US-natural/search/gru-10-s42,20454,19,0.016160427994597635,0.000702525774068591,0.01633811398304472,0.0007142210667037765,0,13,50,True,True,validation_plateau,,,10751,,0.0,0.02444668099633418,b7fc7a4d4d50d99d9bd5a116003789414a48d68c39f0d39b45afddb4c673d80b,1701,19,0,0.004313375402980549,0.007786128158660167,0.21473117419654378,0.42743828868267775,-0.01349679394233963,0.013496793942339616,True,0.0,,179.7282131230004,0.015642718291033125,0.0005177097035645103,0.016011755250370185,0.0001486727442274495,0.016160427994597635,0.0,0.016011755250370185,0.0001486727442274495
fold-003,posttraining/gru/seed-44/real/neural_mae,calibration,posttraining,posttraining,gru,neural_mae,44,True,median,reference/US-natural/search/gru-10-s42,20454,19,0.015688725874960875,0.0006932347148218251,0.01587838330116957,0.0007055417854397784,4,13,50,False,True,validation_plateau,,,10751,,0.0,0.02144697299809195,10da45cbd2ed7c4c23bad1e29f7c1aa5d0d416cb57778e681c3070e6bedc2d17,1701,7,12,-0.027828606965746166,-0.01528406278740765,0.004328761870933201,0.012944543079628815,0.0,0.006748396971169815,False,0.011251319665461779,,203.53865315800067,0.015642718291033125,4.600758392775059e-05,0.016011755250370185,-0.00032302937540931026,0.016160427994597635,-0.00047170211963675976,0.015785683766341038,-9.695789138016234e-05
fold-003,posttraining/gru/seed-44/real/neural_mse,calibration,posttraining,posttraining,gru,neural_mse,44,True,median,reference/US-natural/search/gru-10-s42,20454,19,0.015667436051292588,0.0006912914748052441,0.01584883288645597,0.0007031913990190223,1,13,50,False,True,validation_plateau,,,10751,,0.0,0.024740092994761653,44bfdbde38e1b3bc85b1a8a3d48b591df11d022a828f2fdfb168ac310956d2c8,1701,19,0,0.0008865615886183588,0.017399436920450557,0.021786451458207384,0.040846248142515314,-0.006748396971169815,0.006748396971169815,False,0.009740745648741722,,201.9387293130003,0.015642718291033125,2.471776025946351e-05,0.016011755250370185,-0.00034431919907759734,0.016160427994597635,-0.0004929919433050468,0.01572832152698368,-6.088547569109079e-05
fold-003,posttraining/gru/seed-44/real/reinforce,calibration,posttraining,posttraining,gru,reinforce,44,True,median,reference/US-natural/search/gru-10-s42,20454,19,0.016160427994597635,0.000702525774068591,0.01633811398304472,0.0007142210667037765,0,13,50,True,True,validation_plateau,,,10751,,0.0,0.02438378300576005,b7fc7a4d4d50d99d9bd5a116003789414a48d68c39f0d39b45afddb4c673d80b,1701,19,0,0.004313375402980549,0.007786128158660167,0.21473117419654378,0.42743828868267775,-0.01349679394233963,0.013496793942339616,True,0.0,,189.45637781299956,0.015642718291033125,0.0005177097035645103,0.016011755250370185,0.0001486727442274495,0.016160427994597635,0.0,0.016011755250370185,0.0001486727442274495
fold-003,posttraining/lstm/seed-42/real/expected,calibration,posttraining,posttraining,lstm,expected,42,True,median,reference/US-natural/search/lstm-00-s42,20454,19,0.015962775982475506,0.0007004483778725717,0.016142875219493,0.0007124848223419446,0,13,50,True,True,validation_plateau,,,10751,,0.0,0.03327108699886594,6a03043fc1bf42503140c63c1623f3ea01bd3fea69815545480c7cea0e6a802d,1701,19,0,-0.002606520296530398,-0.021655500634952373,0.19593246173923284,0.36652772982200216,-0.01349679394233963,0.02024519091350943,True,0.0,,145.83204599300007,0.015642718291033125,0.0003200576914423811,0.01586783993650821,9.493604596729627e-05,0.015962775982475506,0.0,0.01586783993650821,9.493604596729627e-05
fold-003,posttraining/lstm/seed-42/real/klpo_exact,calibration,posttraining,posttraining,lstm,klpo_exact,42,True,median,reference/US-natural/search/lstm-00-s42,20454,19,0.015962775982475506,0.0007004483778725717,0.016142875219493,0.0007124848223419446,0,13,50,True,True,validation_plateau,,,10751,,0.0,0.025206309001077898,6a03043fc1bf42503140c63c1623f3ea01bd3fea69815545480c7cea0e6a802d,1701,19,0,-0.002606520296530398,-0.021655500634952373,0.19593246173923284,0.36652772982200216,-0.01349679394233963,0.02024519091350943,True,0.0,,188.07685384800004,0.015642718291033125,0.0003200576914423811,0.01586783993650821,9.493604596729627e-05,0.015962775982475506,0.0,0.01586783993650821,9.493604596729627e-05
fold-003,posttraining/lstm/seed-42/real/klpo_full,calibration,posttraining,posttraining,lstm,klpo_full,42,True,median,reference/US-natural/search/lstm-00-s42,20454,19,0.015962775982475506,0.0007004483778725717,0.016142875219493,0.0007124848223419446,0,13,50,True,True,validation_plateau,,,10751,,0.0,0.023827547003747895,6a03043fc1bf42503140c63c1623f3ea01bd3fea69815545480c7cea0e6a802d,1701,19,0,-0.002606520296530398,-0.021655500634952373,0.19593246173923284,0.36652772982200216,-0.01349679394233963,0.02024519091350943,True,0.0,,193.43185311099998,0.015642718291033125,0.0003200576914423811,0.01586783993650821,9.493604596729627e-05,0.015962775982475506,0.0,0.01586783993650821,9.493604596729627e-05
fold-003,posttraining/lstm/seed-42/real/klpo_mc,calibration,posttraining,posttraining,lstm,klpo_mc,42,True,median,reference/US-natural/search/lstm-00-s42,20454,19,0.015962775982475506,0.0007004483778725717,0.016142875219493,0.0007124848223419446,0,13,50,True,True,validation_plateau,,,10751,,0.0,0.023257585999090225,6a03043fc1bf42503140c63c1623f3ea01bd3fea69815545480c7cea0e6a802d,1701,19,0,-0.002606520296530398,-0.021655500634952373,0.19593246173923284,0.36652772982200216,-0.01349679394233963,0.02024519091350943,True,0.0,,202.823201483,0.015642718291033125,0.0003200576914423811,0.01586783993650821,9.493604596729627e-05,0.015962775982475506,0.0,0.01586783993650821,9.493604596729627e-05
fold-003,posttraining/lstm/seed-42/real/mae,calibration,posttraining,posttraining,lstm,mae,42,True,median,reference/US-natural/search/lstm-00-s42,20454,19,0.015962775982475506,0.0007004483778725717,0.016142875219493,0.0007124848223419446,0,13,50,True,True,validation_plateau,,,10751,,0.0,0.025812649008003063,6a03043fc1bf42503140c63c1623f3ea01bd3fea69815545480c7cea0e6a802d,1701,19,0,-0.002606520296530398,-0.021655500634952373,0.19593246173923284,0.36652772982200216,-0.01349679394233963,0.02024519091350943,True,0.0,,85.93841117899998,0.015642718291033125,0.0003200576914423811,0.01586783993650821,9.493604596729627e-05,0.015962775982475506,0.0,0.01586783993650821,9.493604596729627e-05
fold-003,posttraining/lstm/seed-42/real/neural_mae,calibration,posttraining,posttraining,lstm,neural_mae,42,True,median,reference/US-natural/search/lstm-00-s42,20454,19,0.015914644732967873,0.0007021675518173197,0.01607888142715932,0.0007134451339657851,10,18,50,False,True,validation_plateau,,,14886,,0.0,0.024850028989021666,4554a4a07301516b907a40b0c7aae3a39cee7c883807fced4bf44f711973dec8,1701,19,0,-0.0033030596089073075,-0.020181581219514865,0.07290452763997463,0.1553537098889365,-0.01349679394233963,0.006748396971169815,False,0.016636833548545837,,265.722490967,0.015642718291033125,0.00027192644193474794,0.01586783993650821,4.6804796459663095e-05,0.015962775982475506,-4.813124950763317e-05,0.015855164143955252,5.948058901262057e-05
fold-003,posttraining/lstm/seed-42/real/neural_mse,calibration,posttraining,posttraining,lstm,neural_mse,42,True,median,reference/US-natural/search/lstm-00-s42,20454,19,0.01567664087344252,0.0006920886070733338,0.01586117558179482,0.00070416904745679,14,22,50,False,True,validation_plateau,,,18194,,0.0,0.024692433013115078,b1fd086f16e934c9de5cbd582124c79ad64c02a1a1d2dc91827586ebe66ff8c8,1701,19,0,-0.0034625826094295126,0.0072375120326062786,0.026656103392846957,0.05068707540246286,-0.01349679394233963,0.013496793942339616,False,0.021691225469112396,,318.66074196499994,0.015642718291033125,3.392258240939375e-05,0.01586783993650821,-0.0001911990630656911,0.015962775982475506,-0.00028613510903298736,0.015648635804410005,2.800506903251343e-05
fold-003,posttraining/lstm/seed-42/real/reinforce,calibration,posttraining,posttraining,lstm,reinforce,42,True,median,reference/US-natural/search/lstm-00-s42,20454,19,0.015962775982475506,0.0007004483778725717,0.016142875219493,0.0007124848223419446,0,13,50,True,True,validation_plateau,,,10751,,0.0,0.02521234999585431,6a03043fc1bf42503140c63c1623f3ea01bd3fea69815545480c7cea0e6a802d,1701,19,0,-0.002606520296530398,-0.021655500634952373,0.19593246173923284,0.36652772982200216,-0.01349679394233963,0.02024519091350943,True,0.0,,150.62775294699895,0.015642718291033125,0.0003200576914423811,0.01586783993650821,9.493604596729627e-05,0.015962775982475506,0.0,0.01586783993650821,9.493604596729627e-05
fold-003,posttraining/lstm/seed-43/real/expected,calibration,posttraining,posttraining,lstm,expected,43,True,median,reference/US-natural/search/lstm-00-s42,20454,19,0.01634245558064525,0.0007088289419720763,0.01651199010321654,0.0007206921359383906,2,13,50,False,True,validation_plateau,,,10751,,0.0,0.02644265300477855,fa3d5fd72a5137c3f49e0392605285349aa3fe4fc6d2197879744b9292909bd7,1701,19,0,0.007890973186476134,-0.009372206601464962,0.2824470758208967,0.5392476215355779,-0.020245190913509445,0.02024519091350943,False,0.021829481600050743,,178.62305197499995,0.015642718291033125,0.0006997372896121248,0.01586783993650821,0.00047461564413704,0.015962775982475506,0.0003796795981697437,0.016279489501930023,6.296607871522641e-05
fold-003,posttraining/lstm/seed-43/real/klpo_exact,calibration,posttraining,posttraining,lstm,klpo_exact,43,True,median,reference/US-natural/search/lstm-00-s42,20454,19,0.015962775982475506,0.0007004483778725717,0.016142875219493,0.0007124848223419446,0,13,50,True,True,validation_plateau,,,10751,,0.0,0.025353886987431906,6a03043fc1bf42503140c63c1623f3ea01bd3fea69815545480c7cea0e6a802d,1701,19,0,-0.002606520296530398,-0.021655500634952373,0.19593246173923284,0.36652772982200216,-0.01349679394233963,0.02024519091350943,True,0.0,,193.41865959000006,0.015642718291033125,0.0003200576914423811,0.01586783993650821,9.493604596729627e-05,0.015962775982475506,0.0,0.01586783993650821,9.493604596729627e-05
fold-003,posttraining/lstm/seed-43/real/klpo_full,calibration,posttraining,posttraining,lstm,klpo_full,43,True,median,reference/US-natural/search/lstm-00-s42,20454,19,0.015962775982475506,0.0007004483778725717,0.016142875219493,0.0007124848223419446,0,13,50,True,True,validation_plateau,,,10751,,0.0,0.02404999600548763,6a03043fc1bf42503140c63c1623f3ea01bd3fea69815545480c7cea0e6a802d,1701,19,0,-0.002606520296530398,-0.021655500634952373,0.19593246173923284,0.36652772982200216,-0.01349679394233963,0.02024519091350943,True,0.0,,194.14484271200013,0.015642718291033125,0.0003200576914423811,0.01586783993650821,9.493604596729627e-05,0.015962775982475506,0.0,0.01586783993650821,9.493604596729627e-05
fold-003,posttraining/lstm/seed-43/real/klpo_mc,calibration,posttraining,posttraining,lstm,klpo_mc,43,True,median,reference/US-natural/search/lstm-00-s42,20454,19,0.015962775982475506,0.0007004483778725717,0.016142875219493,0.0007124848223419446,0,13,50,True,True,validation_plateau,,,10751,,0.0,0.024866410007234663,6a03043fc1bf42503140c63c1623f3ea01bd3fea69815545480c7cea0e6a802d,1701,19,0,-0.002606520296530398,-0.021655500634952373,0.19593246173923284,0.36652772982200216,-0.01349679394233963,0.02024519091350943,True,0.0,,196.41764931200032,0.015642718291033125,0.0003200576914423811,0.01586783993650821,9.493604596729627e-05,0.015962775982475506,0.0,0.01586783993650821,9.493604596729627e-05
fold-003,posttraining/lstm/seed-43/real/mae,calibration,posttraining,posttraining,lstm,mae,43,True,median,reference/US-natural/search/lstm-00-s42,20454,19,0.016259241862000073,0.0007075742749389013,0.01643326498088789,0.0007196270404678369,2,13,50,False,True,validation_plateau,,,10751,,0.0,0.02435434800281655,47aa6a85f6010dfd3ba11d86226f3908d471379becd0c8c98d292e6b4fc772a7,1701,19,0,-0.0053400544935343205,-0.020506351544298224,0.25594628385667617,0.49207378972516497,-0.020245190913509445,0.026993587884679246,False,0.026570792131584843,,173.91850126200006,0.015642718291033125,0.0006165235709669481,0.01586783993650821,0.00039140192549186326,0.015962775982475506,0.000296465879524567,0.01615901781685483,0.00010022404514524116
fold-003,posttraining/lstm/seed-43/real/neural_mae,calibration,posttraining,posttraining,lstm,neural_mae,43,True,median,reference/US-natural/search/lstm-00-s42,20454,19,0.015684375361479094,0.0006944635665077426,0.015867556248822405,0.0007064730926128591,12,20,50,False,True,validation_plateau,,,16540,,0.0,0.027783944009570405,7fbea1ba26422c2e37e1529c87ebc70b61e6519a30503943953bca993340326b,1701,19,0,-0.0032651819487135385,-0.018970246252180262,0.027204508026692036,0.05221582024323065,-0.01349679394233963,0.006748396971169815,False,0.01791033148765564,,293.03091298900017,0.015642718291033125,4.1657070445969e-05,0.01586783993650821,-0.00018346457502911584,0.015962775982475506,-0.0002784006209964121,0.01564919006099246,3.518530048663218e-05
fold-003,posttraining/lstm/seed-43/real/neural_mse,calibration,posttraining,posttraining,lstm,neural_mse,43,True,median,reference/US-natural/search/lstm-00-s42,20454,19,0.015779285789845693,0.0006948594311715664,0.015972323508434288,0.0007072373515046371,12,20,50,False,True,validation_plateau,,,16540,,0.0,0.023563310998724774,74de476e99fbd7bf13be80260655c7efcf2ca74f81d54a165de33c5b95297b5b,1701,19,0,5.8771908733634766e-05,0.0028929862716933173,0.057633626287151435,0.11432000779349562,-0.006748396971169815,0.013496793942339616,False,0.01754947006702423,,299.2993782909998,0.015642718291033125,0.00013656749881256827,0.01586783993650821,-8.855414666251657e-05,0.015962775982475506,-0.00018349019262981284,0.01571083442330933,6.845136653636438e-05
fold-003,posttraining/lstm/seed-43/real/reinforce,calibration,posttraining,posttraining,lstm,reinforce,43,True,median,reference/US-natural/search/lstm-00-s42,20454,19,0.015962775982475506,0.0007004483778725717,0.016142875219493,0.0007124848223419446,0,13,50,True,True,validation_plateau,,,10751,,0.0,0.026085731995408423,6a03043fc1bf42503140c63c1623f3ea01bd3fea69815545480c7cea0e6a802d,1701,19,0,-0.002606520296530398,-0.021655500634952373,0.19593246173923284,0.36652772982200216,-0.01349679394233963,0.02024519091350943,True,0.0,,180.956064168,0.015642718291033125,0.0003200576914423811,0.01586783993650821,9.493604596729627e-05,0.015962775982475506,0.0,0.01586783993650821,9.493604596729627e-05
fold-003,posttraining/lstm/seed-44/real/expected,calibration,posttraining,posttraining,lstm,expected,44,True,median,reference/US-natural/search/lstm-00-s42,20454,19,0.016437033149537324,0.0007101819892134302,0.01661865461804575,0.0007226615713231722,1,13,50,False,True,validation_plateau,,,10751,,0.0,0.02320798199798446,5fd69844679937b66fce70e7447e57668f16c5b3caa18bd9b42a619d3e3fe8e0,1701,19,0,0.008329133042970173,-0.0015534668362347656,0.26609965821361825,0.5188226359559989,-0.02699358788467926,0.03374198485584906,False,0.033755997419628786,,183.26361886999985,0.015642718291033125,0.0007943148585041991,0.01586783993650821,0.0005691932130291143,0.015962775982475506,0.000474257167061818,0.01631909983446736,0.0001179333150699638
fold-003,posttraining/lstm/seed-44/real/klpo_exact,calibration,posttraining,posttraining,lstm,klpo_exact,44,True,median,reference/US-natural/search/lstm-00-s42,20454,19,0.015962775982475506,0.0007004483778725717,0.016142875219493,0.0007124848223419446,0,13,50,True,True,validation_plateau,,,10751,,0.0,0.024310314998729154,6a03043fc1bf42503140c63c1623f3ea01bd3fea69815545480c7cea0e6a802d,1701,19,0,-0.002606520296530398,-0.021655500634952373,0.19593246173923284,0.36652772982200216,-0.01349679394233963,0.02024519091350943,True,0.0,,193.30956867899977,0.015642718291033125,0.0003200576914423811,0.01586783993650821,9.493604596729627e-05,0.015962775982475506,0.0,0.01586783993650821,9.493604596729627e-05
fold-003,posttraining/lstm/seed-44/real/klpo_full,calibration,posttraining,posttraining,lstm,klpo_full,44,True,median,reference/US-natural/search/lstm-00-s42,20454,19,0.015962775982475506,0.0007004483778725717,0.016142875219493,0.0007124848223419446,0,13,50,True,True,validation_plateau,,,10751,,0.0,0.023725324994302355,6a03043fc1bf42503140c63c1623f3ea01bd3fea69815545480c7cea0e6a802d,1701,19,0,-0.002606520296530398,-0.021655500634952373,0.19593246173923284,0.36652772982200216,-0.01349679394233963,0.02024519091350943,True,0.0,,196.21527323700002,0.015642718291033125,0.0003200576914423811,0.01586783993650821,9.493604596729627e-05,0.015962775982475506,0.0,0.01586783993650821,9.493604596729627e-05
fold-003,posttraining/lstm/seed-44/real/klpo_mc,calibration,posttraining,posttraining,lstm,klpo_mc,44,True,median,reference/US-natural/search/lstm-00-s42,20454,19,0.015962775982475506,0.0007004483778725717,0.016142875219493,0.0007124848223419446,0,13,50,True,True,validation_plateau,,,10751,,0.0,0.023956268996698782,6a03043fc1bf42503140c63c1623f3ea01bd3fea69815545480c7cea0e6a802d,1701,19,0,-0.002606520296530398,-0.021655500634952373,0.19593246173923284,0.36652772982200216,-0.01349679394233963,0.02024519091350943,True,0.0,,209.261215385,0.015642718291033125,0.0003200576914423811,0.01586783993650821,9.493604596729627e-05,0.015962775982475506,0.0,0.01586783993650821,9.493604596729627e-05
fold-003,posttraining/lstm/seed-44/real/mae,calibration,posttraining,posttraining,lstm,mae,44,True,median,reference/US-natural/search/lstm-00-s42,20454,19,0.016355976375326712,0.0007107310649186534,0.016537385612498928,0.0007230192515045174,5,13,50,False,True,validation_plateau,,,10751,,0.0,0.02320107001287397,91173c15af3c894365eb814eec136d1a85c9bcb3468efa4d4c7fb658fe31558b,1701,19,0,0.022166735915386628,0.006148853197820533,0.28919953820503447,0.5536308865486264,-0.01349679394233963,0.02024519091350943,False,0.01720031346088196,,174.2148470520001,0.015642718291033125,0.0007132580842935873,0.01586783993650821,0.0004881364388185025,0.015962775982475506,0.0003932003928512062,0.016275473108616174,8.05032667105382e-05
fold-003,posttraining/lstm/seed-44/real/neural_mae,calibration,posttraining,posttraining,lstm,neural_mae,44,True,median,reference/US-natural/search/lstm-00-s42,20454,19,0.015678733004616637,0.0006927371378319469,0.015849617800819237,0.0007040011485496373,24,32,50,False,True,validation_plateau,,,26464,,0.0,0.025065976005862467,98b34ccfb0bc2d0814e73e1f452e3cf980f2823fb934f18ae3db070c75bc713e,1701,19,0,0.003805926213310963,-0.013702393979495912,0.11644280243026543,0.2047302477244944,-0.01349679394233963,0.006748396971169815,False,0.019371293485164642,,478.1308422760003,0.015642718291033125,3.60147135835126e-05,0.01586783993650821,-0.00018910693189157224,0.015962775982475506,-0.0002840429778588685,0.01567640678338899,2.3262212276477234e-06
fold-003,posttraining/lstm/seed-44/real/neural_mse,calibration,posttraining,posttraining,lstm,neural_mse,44,True,median,reference/US-natural/search/lstm-00-s42,20454,19,0.015765938996031188,0.0006940034824342338,0.015951153069593504,0.0007060665876478426,7,15,50,False,True,validation_plateau,,,12405,,0.0,0.02388109800813254,7da3b9149abb864fc6f7abd1dbbc8641bcd17223e36a6727ad3bc8021b89718e,1701,19,0,-0.0011783138779648315,-0.0014487572785497574,0.07405281249585544,0.14033843110958102,-0.01349679394233963,0.013496793942339616,False,0.017443865537643433,,224.79818165600045,0.015642718291033125,0.00012322070499806367,0.01586783993650821,-0.00010190094047702117,0.015962775982475506,-0.00019683698644431744,0.015769512492071442,-3.573496040253782e-06
fold-003,posttraining/lstm/seed-44/real/reinforce,calibration,posttraining,posttraining,lstm,reinforce,44,True,median,reference/US-natural/search/lstm-00-s42,20454,19,0.016369947891905653,0.0007079427571507795,0.016554773399991406,0.0007205237553363733,1,13,50,False,True,validation_plateau,,,10751,,0.0,0.023201410003821366,d2cca8a8a1e5f6e4fbc5cf5aa5e80a143893eb41f9ea11a3f5739cc33f9554d8,1701,19,0,0.013133257225345044,0.0030328492844369248,0.2655698103804153,0.5162793207075737,-0.02699358788467926,0.03374198485584906,False,0.019011762724101808,,185.43341617199985,0.015642718291033125,0.0007272296008725282,0.01586783993650821,0.0005021079553974434,0.015962775982475506,0.0004071719094301471,0.016253033556130256,0.00011691433577539628
fold-003,posttraining/ridge/seed-42/real/expected,calibration,posttraining,posttraining,ridge,expected,42,True,median,tabular/ridge-a1.0,20454,19,0.02798358480822539,0.0013627980320117035,0.028413094895203432,0.00140167415136232,16,24,50,False,True,validation_plateau,,,19848,,0.0,0.03159956599120051,6389895c8f67049cb12713e153fbf515d8364b728ddd9db39133dd56956c1fe0,1701,19,0,0.027322561960974646,0.020996936971029334,0.4606397192836358,0.9258250836318138,-0.04049038182701888,0.06073557274052831,False,0.02951345091448998,,331.6840730389995,0.015642718291033125,0.012340866517192267,0.029460326438945444,-0.0014767416307200527,0.029075923066227832,-0.0010923382580024406,0.028105284099116303,-0.00012169929089091147
fold-003,posttraining/ridge/seed-42/real/klpo_exact,calibration,posttraining,posttraining,ridge,klpo_exact,42,True,median,tabular/ridge-a1.0,20454,19,0.016548841785003585,0.000728744360406835,0.01671314718945204,0.0007406581896425637,40,48,50,False,True,validation_plateau,,,39696,,0.0,0.02637658899766393,7543f09e834c7dd122242b080ab2b68a6415ac5aca5ff772c6efbc62c340b8ec,1701,19,0,0.0004613495991658097,-0.005097967019570566,0.28800999289875034,0.5580452997598173,-0.0472387787981887,0.03374198485584906,False,0.13424223267282576,,691.9906167109984,0.015642718291033125,0.00090612349397046,0.029460326438945444,-0.01291148465394186,0.029075923066227832,-0.012527081281224248,0.016446360843934426,0.00010248094106915864
fold-003,posttraining/ridge/seed-42/real/klpo_full,calibration,posttraining,posttraining,ridge,klpo_full,42,True,median,tabular/ridge-a1.0,20454,19,0.017635393631320707,0.0007830187237809663,0.017775199060726384,0.0007932572110925111,50,50,50,False,False,budget_exhausted,,,41350,,0.0,0.024368473998038098,e6293b75d4c648d8959dd5929fc06ae068dfd4906041a6b35078e76212f1e6b0,1701,19,0,0.011003154711861989,-0.0032752401475427966,0.31356258472200554,0.6509510624715963,-0.06073557274052832,0.040490381827018876,False,0.11645125489503959,,737.1303335270004,0.015642718291033125,0.001992675340287582,0.029460326438945444,-0.011824932807624738,0.029075923066227832,-0.011440529434907126,0.0175522548364342,8.313879488650727e-05
fold-003,posttraining/ridge/seed-42/real/klpo_mc,calibration,posttraining,posttraining,ridge,klpo_mc,42,True,median,tabular/ridge-a1.0,20454,19,0.01758028270617959,0.000776997245296524,0.017726391064622548,0.0007876355513374459,50,50,50,False,False,budget_exhausted,,,41350,,0.0,0.02408885900513269,3f70e4014240771843b581a0a8ac447ca53760284c7274d17307077cdf4077d6,1701,19,0,0.00932793693705361,-0.005500715648615919,0.31562540446548626,0.6566030958071135,-0.06073557274052832,0.040490381827018876,False,0.11549728575019627,,751.9187981369996,0.015642718291033125,0.001937564415146465,0.029460326438945444,-0.011880043732765855,0.029075923066227832,-0.011495640360048243,0.017505255683048063,7.502702313152629e-05
fold-003,posttraining/ridge/seed-42/real/mae,calibration,posttraining,posttraining,ridge,mae,42,True,median,tabular/ridge-a1.0,20454,19,0.026532378176311325,0.0012630374215321363,0.026944442348120042,0.0012982116601483425,16,24,50,False,True,validation_plateau,,,19848,,0.0,0.02605257899267599,88761f384e351a59dbc6819935f363a9e726fdbaa0e42485d0060f6a7e55f6b4,1701,19,0,0.025401624821793384,0.007754354717020908,0.4402928760171169,0.896316077485404,-0.03374198485584907,0.06073557274052831,False,0.03631398630608102,,322.1168729910005,0.015642718291033125,0.010889659885278201,0.029460326438945444,-0.002927948262634119,0.029075923066227832,-0.002543544889916507,0.026544339995338263,-1.1961819026937853e-05
fold-003,posttraining/ridge/seed-42/real/reinforce,calibration,posttraining,posttraining,ridge,reinforce,42,True,median,tabular/ridge-a1.0,20454,19,0.0276993452558088,0.0013509636774107203,0.02817777094419252,0.0013935370522961887,29,37,50,False,True,validation_plateau,,,30599,,0.0,0.024698773995623924,2cb90689828abcedfa8469b0c9b07116792cd7316e3680d008a272ca9acc4640,1701,19,0,0.03614796027454193,0.02670683008358594,0.4724652736467766,0.9409245348727205,-0.0472387787981887,0.06073557274052831,False,0.03689716836431429,,526.6452259790003,0.015642718291033125,0.012056626964775677,0.029460326438945444,-0.001760981183136643,0.029075923066227832,-0.0013765778104190309,0.02786196554864615,-0.00016262029283734686
fold-003,posttraining/ridge/seed-43/real/expected,calibration,posttraining,posttraining,ridge,expected,43,True,median,tabular/ridge-a1.0,20454,19,0.027723139647366904,0.00133150797056895,0.028136305772910635,0.0013685391565511334,17,25,50,False,True,validation_plateau,,,20675,,0.0,0.02476770500652492,8c6a5f4aabb6ca2459d39888dbd379c277867a1de4debd8463c2f61d0083691c,1701,19,0,0.029808768931623736,0.01220738531842716,0.4697747866394362,0.9388170203313319,-0.04049038182701888,0.06073557274052831,False,0.03300921741695216,,352.34838380699875,0.015642718291033125,0.01208042135633378,0.029460326438945444,-0.0017371867915785405,0.029075923066227832,-0.0013527834188609283,0.027829987700707635,-0.0001068480533407308
fold-003,posttraining/ridge/seed-43/real/klpo_exact,calibration,posttraining,posttraining,ridge,klpo_exact,43,True,median,tabular/ridge-a1.0,20454,19,0.016750092998865207,0.000727992576291865,0.016915950431993988,0.0007401098883478448,37,45,50,False,True,validation_plateau,,,37215,,0.0,0.023460668002371676,36ca383b4e7520740610308f0cc15c6021f15097f2daf05d786112a415882734,1701,19,0,0.017910475067703262,0.01072431894691609,0.32546280832638447,0.6259839963654898,-0.0472387787981887,0.040490381827018876,False,0.131964540569364,,653.6820610180002,0.015642718291033125,0.0011073747078320824,0.029460326438945444,-0.012710233440080237,0.029075923066227832,-0.012325830067362625,0.016637074200967158,0.00011301879789804917
fold-003,posttraining/ridge/seed-43/real/klpo_full,calibration,posttraining,posttraining,ridge,klpo_full,43,True,median,tabular/ridge-a1.0,20454,19,0.017429669939195935,0.0007568097606104626,0.01762315947115366,0.0007697963042017494,48,50,50,False,False,budget_exhausted,,,41350,,0.0,0.025391597009729594,f657d2198e5b9a13065bda3984d1c44e656f0ff46060b8694c6851643b737f86,1701,19,0,0.008836555158620281,-0.0021714442406780606,0.36012086305896657,0.7196863477034805,-0.04049038182701888,0.040490381827018876,False,0.10064281196521692,,745.0977628750006,0.015642718291033125,0.00178695164816281,0.029460326438945444,-0.01203065649974951,0.029075923066227832,-0.011646253127031898,0.017341386165443635,8.828377375229984e-05
fold-003,posttraining/ridge/seed-43/real/klpo_mc,calibration,posttraining,posttraining,ridge,klpo_mc,43,True,median,tabular/ridge-a1.0,20454,19,0.017496507179671477,0.0007583745417598232,0.017690438236100777,0.0007714664720013325,48,50,50,False,False,budget_exhausted,,,41350,,0.0,0.02490864900755696,b0bf8744dbaa36ff3fe9faebf9b460f3526e45af115bb25d901fc3c68bad80f0,1701,19,0,0.009199532251358054,0.0012935709125488303,0.36635810795314483,0.7322583319983,-0.04049038182701888,0.04723877879818869,False,0.1002243723446018,,765.0068223130002,0.015642718291033125,0.0018537888886383525,0.029460326438945444,-0.011963819259273967,0.029075923066227832,-0.011579415886556355,0.017416533127939525,7.997405173195207e-05
fold-003,posttraining/ridge/seed-43/real/mae,calibration,posttraining,posttraining,ridge,mae,43,True,median,tabular/ridge-a1.0,20454,19,0.026893652228182945,0.0012698564086111122,0.02730969282513668,0.001306250531263846,16,24,50,False,True,validation_plateau,,,19848,,0.0,0.02546319099201355,4f676948a5fd419367146f0730353821545cde472e803878b4ab26a33021c74b,1701,19,0,0.03912852155871958,0.01818419570582969,0.46841619599839046,0.9337117718142246,-0.04049038182701888,0.06073557274052831,False,0.03464055789688726,,321.5271183779987,0.015642718291033125,0.01125093393714982,0.029460326438945444,-0.002566674210762499,0.029075923066227832,-0.002182270838044887,0.026985855622327796,-9.220339414485121e-05
fold-003,posttraining/ridge/seed-43/real/reinforce,calibration,posttraining,posttraining,ridge,reinforce,43,True,median,tabular/ridge-a1.0,20454,19,0.026747896989448426,0.001276151423586596,0.027187060794930232,0.0013137184924484342,17,25,50,False,True,validation_plateau,,,20675,,0.0,0.023375096992822364,435cea210f1dd37af5ef237e7c5128bfef3f601c77b8aee225a4fdebef30dbe1,1701,19,0,0.03736300107900397,0.021137460767771888,0.46198643336840134,0.9251275330401604,-0.03374198485584907,0.06073557274052831,False,0.03510751828770901,,358.0111252639981,0.015642718291033125,0.011105178698415302,0.029460326438945444,-0.0027124294494970183,0.029075923066227832,-0.002328026076779406,0.02685355911808974,-0.0001056621286413123
fold-003,posttraining/ridge/seed-44/real/expected,calibration,posttraining,posttraining,ridge,expected,44,True,median,tabular/ridge-a1.0,20454,19,0.026083092796518492,0.0012476719511902298,0.026544467143919788,0.001286266938740084,20,28,50,False,True,validation_plateau,,,23156,,0.0,0.024830192007357255,b989b6d02d8d64db765306ad8bf23a16cc5983c720d9ca956cb01d903d02f979,1701,19,0,0.031986591881191975,0.013058199044948138,0.43714385339757184,0.8911586844434334,-0.04049038182701888,0.06073557274052831,False,0.03323344120988351,,390.19197088799774,0.015642718291033125,0.010440374505485368,0.029460326438945444,-0.0033772336424269522,0.029075923066227832,-0.00299283026970934,0.02615361148651731,-7.051868999881708e-05
fold-003,posttraining/ridge/seed-44/real/klpo_exact,calibration,posttraining,posttraining,ridge,klpo_exact,44,True,median,tabular/ridge-a1.0,20454,19,0.016753141754905707,0.0007275172151478368,0.01690166032509604,0.000739151444801763,37,45,50,False,True,validation_plateau,,,37215,,0.0,0.026132660001167096,2707f7d273d171b7cbf9ff3c6fb0c44e27c9096a8b4b1a19ae5596adf6a7340a,1701,19,0,-0.001057227197417787,-0.01124351195030301,0.3295485912874149,0.6278610109938626,-0.0472387787981887,0.026993587884679246,False,0.13700114289713008,,651.0352859830018,0.015642718291033125,0.001110423463872582,0.029460326438945444,-0.012707184684039738,0.029075923066227832,-0.012322781311322126,0.01664826790091434,0.00010487385399136559
fold-003,posttraining/ridge/seed-44/real/klpo_full,calibration,posttraining,posttraining,ridge,klpo_full,44,True,median,tabular/ridge-a1.0,20454,19,0.017602756219399104,0.000771517559664593,0.017794086960361312,0.0007841548130833346,46,50,50,False,False,budget_exhausted,,,41350,,0.0,0.026198974999715574,56f649de06a713d06c636818565f20d71b0710094c55e932f77c3762ad05b3e5,1701,19,0,-0.0014516127415873418,-0.019945142309105556,0.33796249813141804,0.6896858751717192,-0.06073557274052832,0.040490381827018876,False,0.12021086833345013,,745.3827640729978,0.015642718291033125,0.001960037928365979,0.029460326438945444,-0.01185757021954634,0.029075923066227832,-0.011473166846828729,0.01752174540286147,8.101081653763206e-05
fold-003,posttraining/ridge/seed-44/real/klpo_mc,calibration,posttraining,posttraining,ridge,klpo_mc,44,True,median,tabular/ridge-a1.0,20454,19,0.01770419097630282,0.0007745945975845342,0.017894978040128396,0.0007872558924378035,46,50,50,False,False,budget_exhausted,,,41350,,0.0,0.023581023997394368,2878596739bb6ee9e8db861e028272a1be47f0f70dfa0a8c884007715fc498d4,1701,19,0,-0.00094856849727837,-0.019282690385653656,0.3450017548203167,0.7020694838214997,-0.06073557274052832,0.040490381827018876,False,0.11881119982146478,,762.1882505790018,0.015642718291033125,0.002061472685269697,0.029460326438945444,-0.011756135462642623,0.029075923066227832,-0.01137173208992501,0.017617833785952063,8.635719035075817e-05
fold-003,posttraining/ridge/seed-44/real/mae,calibration,posttraining,posttraining,ridge,mae,44,True,median,tabular/ridge-a1.0,20454,19,0.024571197680156375,0.001135553315156283,0.02498102119336653,0.001168544852005707,17,25,50,False,True,validation_plateau,,,20675,,0.0,0.025760711010661907,a2cbeff62ce12526104d0629f6395eeb49dd232cf26215c244d6fb0e7ddfad5d,1701,19,0,0.028319977086998762,0.011395099460912082,0.4655476362004293,0.9175091075924794,-0.04049038182701888,0.06073557274052831,False,0.04056782705734601,,330.1507352029985,0.015642718291033125,0.00892847938912325,0.029460326438945444,-0.004889128758789069,0.029075923066227832,-0.004504725386071457,0.024531742853754833,3.9454826401542215e-05
fold-003,posttraining/ridge/seed-44/real/reinforce,calibration,posttraining,posttraining,ridge,reinforce,44,True,median,tabular/ridge-a1.0,20454,19,0.02719605442316766,0.001320019346339302,0.027672240932140678,0.0013614335305995762,17,25,50,False,True,validation_plateau,,,20675,,0.0,0.025316557002952322,1d3a024c276ebd21a46892c616853a4031f3d1e4c31fcfbba302844a5ebe9fef,1701,19,0,0.027937055175660527,0.014610044551457842,0.45038212968858227,0.9107148023065005,-0.04049038182701888,0.06073557274052831,False,0.02686483359593152,,355.3708349599983,0.015642718291033125,0.011553336132134537,0.029460326438945444,-0.002264272015777783,0.029075923066227832,-0.001879868643060171,0.027328689322927886,-0.0001326348997602242
fold-003,posttraining/rnn/seed-42/real/expected,calibration,posttraining,posttraining,rnn,expected,42,True,median,reference/US-natural/search/rnn-10-s42,20454,19,0.016212195981467555,0.0007064349881591673,0.016415336592321007,0.0007194518862649211,0,13,50,True,True,validation_plateau,,,10751,,0.0,0.033863520991872065,0320a68e5d6bb4cdac9761a20962556339d27c734001dab193e01e6ffba1debc,1701,19,0,0.0002053542190010032,0.012472844060292941,0.15745265632268204,0.29462593626072614,-0.006748396971169815,0.02024519091350943,True,0.0,,175.57233434199952,0.015642718291033125,0.0005694776904344306,0.016171707205057683,4.048877640987214e-05,0.016212195981467555,0.0,0.016171707205057683,4.048877640987214e-05
fold-003,posttraining/rnn/seed-42/real/klpo_exact,calibration,posttraining,posttraining,rnn,klpo_exact,42,True,median,reference/US-natural/search/rnn-10-s42,20454,19,0.016212195981467555,0.0007064349881591673,0.016415336592321007,0.0007194518862649211,0,13,50,True,True,validation_plateau,,,10751,,0.0,0.024813369993353263,0320a68e5d6bb4cdac9761a20962556339d27c734001dab193e01e6ffba1debc,1701,19,0,0.0002053542190010032,0.012472844060292941,0.15745265632268204,0.29462593626072614,-0.006748396971169815,0.02024519091350943,True,0.0,,198.7402367300001,0.015642718291033125,0.0005694776904344306,0.016171707205057683,4.048877640987214e-05,0.016212195981467555,0.0,0.016171707205057683,4.048877640987214e-05
fold-003,posttraining/rnn/seed-42/real/klpo_full,calibration,posttraining,posttraining,rnn,klpo_full,42,True,median,reference/US-natural/search/rnn-10-s42,20454,19,0.016212195981467555,0.0007064349881591673,0.016415336592321007,0.0007194518862649211,0,13,50,True,True,validation_plateau,,,10751,,0.0,0.023433186011970975,0320a68e5d6bb4cdac9761a20962556339d27c734001dab193e01e6ffba1debc,1701,19,0,0.0002053542190010032,0.012472844060292941,0.15745265632268204,0.29462593626072614,-0.006748396971169815,0.02024519091350943,True,0.0,,194.86025485000027,0.015642718291033125,0.0005694776904344306,0.016171707205057683,4.048877640987214e-05,0.016212195981467555,0.0,0.016171707205057683,4.048877640987214e-05
fold-003,posttraining/rnn/seed-42/real/klpo_mc,calibration,posttraining,posttraining,rnn,klpo_mc,42,True,median,reference/US-natural/search/rnn-10-s42,20454,19,0.016212195981467555,0.0007064349881591673,0.016415336592321007,0.0007194518862649211,0,13,50,True,True,validation_plateau,,,10751,,0.0,0.02481135599373374,0320a68e5d6bb4cdac9761a20962556339d27c734001dab193e01e6ffba1debc,1701,19,0,0.0002053542190010032,0.012472844060292941,0.15745265632268204,0.29462593626072614,-0.006748396971169815,0.02024519091350943,True,0.0,,217.95207303499956,0.015642718291033125,0.0005694776904344306,0.016171707205057683,4.048877640987214e-05,0.016212195981467555,0.0,0.016171707205057683,4.048877640987214e-05
fold-003,posttraining/rnn/seed-42/real/mae,calibration,posttraining,posttraining,rnn,mae,42,True,median,reference/US-natural/search/rnn-10-s42,20454,19,0.016212195981467555,0.0007064349881591673,0.016415336592321007,0.0007194518862649211,0,13,50,True,True,validation_plateau,,,10751,,0.0,0.023608236006111838,0320a68e5d6bb4cdac9761a20962556339d27c734001dab193e01e6ffba1debc,1701,19,0,0.0002053542190010032,0.012472844060292941,0.15745265632268204,0.29462593626072614,-0.006748396971169815,0.02024519091350943,True,0.0,,171.84503333200155,0.015642718291033125,0.0005694776904344306,0.016171707205057683,4.048877640987214e-05,0.016212195981467555,0.0,0.016171707205057683,4.048877640987214e-05
fold-003,posttraining/rnn/seed-42/real/neural_mae,calibration,posttraining,posttraining,rnn,neural_mae,42,True,median,reference/US-natural/search/rnn-10-s42,20454,19,0.01579833309361148,0.0006960288733395886,0.015995167685896997,0.000708567579139918,1,13,50,False,True,validation_plateau,,,10751,,0.0,0.02014786000654567,f233c663a31eff96c9315832f3faafa31f1e6eb04c82c62aee7a300728e50027,1701,8,11,0.00729239226376327,0.017843350140832017,0.03674179090723192,0.08003445149382664,-0.006748396971169815,0.006748396971169815,False,0.015643339604139328,,189.82634549799877,0.015642718291033125,0.0001556148025783563,0.016171707205057683,-0.0003733741114462022,0.016212195981467555,-0.00041386288785607434,0.015709468537329956,8.886455628152531e-05
fold-003,posttraining/rnn/seed-42/real/neural_mse,calibration,posttraining,posttraining,rnn,neural_mse,42,True,median,reference/US-natural/search/rnn-10-s42,20454,19,0.015650455583855388,0.0006921371930017824,0.015836674317670045,0.0007043423302990782,2,13,50,False,True,validation_plateau,,,10751,,0.0,0.019573641999159008,af277d5de84397f698f1d48cf4e509191932b76d2a6e07c54368b5c4304ad6d2,1701,3,16,-0.004854154302089205,-0.004413368994093089,0.0009635106285310951,0.002515613457272216,0.0,0.006748396971169815,False,0.018335482105612755,,198.14083179999943,0.015642718291033125,7.73729282226368e-06,0.016171707205057683,-0.0005212516212022948,0.016212195981467555,-0.000561740397612167,0.015654827281084117,-4.3716972287291544e-06
fold-003,posttraining/rnn/seed-42/real/reinforce,calibration,posttraining,posttraining,rnn,reinforce,42,True,median,reference/US-natural/search/rnn-10-s42,20454,19,0.016212195981467555,0.0007064349881591673,0.016415336592321007,0.0007194518862649211,0,13,50,True,True,validation_plateau,,,10751,,0.0,0.023877832005382515,0320a68e5d6bb4cdac9761a20962556339d27c734001dab193e01e6ffba1debc,1701,19,0,0.0002053542190010032,0.012472844060292941,0.15745265632268204,0.29462593626072614,-0.006748396971169815,0.02024519091350943,True,0.0,,185.18454215600104,0.015642718291033125,0.0005694776904344306,0.016171707205057683,4.048877640987214e-05,0.016212195981467555,0.0,0.016171707205057683,4.048877640987214e-05
fold-003,posttraining/rnn/seed-43/real/expected,calibration,posttraining,posttraining,rnn,expected,43,True,median,reference/US-natural/search/rnn-10-s42,20454,19,0.016212195981467555,0.0007064349881591673,0.016415336592321007,0.0007194518862649211,0,13,50,True,True,validation_plateau,,,10751,,0.0,0.02329248200112488,0320a68e5d6bb4cdac9761a20962556339d27c734001dab193e01e6ffba1debc,1701,19,0,0.0002053542190010032,0.012472844060292941,0.15745265632268204,0.29462593626072614,-0.006748396971169815,0.02024519091350943,True,0.0,,177.64239499799987,0.015642718291033125,0.0005694776904344306,0.016171707205057683,4.048877640987214e-05,0.016212195981467555,0.0,0.016171707205057683,4.048877640987214e-05
fold-003,posttraining/rnn/seed-43/real/klpo_exact,calibration,posttraining,posttraining,rnn,klpo_exact,43,True,median,reference/US-natural/search/rnn-10-s42,20454,19,0.016212195981467555,0.0007064349881591673,0.016415336592321007,0.0007194518862649211,0,13,50,True,True,validation_plateau,,,10751,,0.0,0.023571936995722353,0320a68e5d6bb4cdac9761a20962556339d27c734001dab193e01e6ffba1debc,1701,19,0,0.0002053542190010032,0.012472844060292941,0.15745265632268204,0.29462593626072614,-0.006748396971169815,0.02024519091350943,True,0.0,,187.40810572300143,0.015642718291033125,0.0005694776904344306,0.016171707205057683,4.048877640987214e-05,0.016212195981467555,0.0,0.016171707205057683,4.048877640987214e-05
fold-003,posttraining/rnn/seed-43/real/klpo_full,calibration,posttraining,posttraining,rnn,klpo_full,43,True,median,reference/US-natural/search/rnn-10-s42,20454,19,0.016212195981467555,0.0007064349881591673,0.016415336592321007,0.0007194518862649211,0,13,50,True,True,validation_plateau,,,10751,,0.0,0.023721638004644774,0320a68e5d6bb4cdac9761a20962556339d27c734001dab193e01e6ffba1debc,1701,19,0,0.0002053542190010032,0.012472844060292941,0.15745265632268204,0.29462593626072614,-0.006748396971169815,0.02024519091350943,True,0.0,,194.27520913599983,0.015642718291033125,0.0005694776904344306,0.016171707205057683,4.048877640987214e-05,0.016212195981467555,0.0,0.016171707205057683,4.048877640987214e-05
fold-003,posttraining/rnn/seed-43/real/klpo_mc,calibration,posttraining,posttraining,rnn,klpo_mc,43,True,median,reference/US-natural/search/rnn-10-s42,20454,19,0.016212195981467555,0.0007064349881591673,0.016415336592321007,0.0007194518862649211,0,13,50,True,True,validation_plateau,,,10751,,0.0,0.023276470994460396,0320a68e5d6bb4cdac9761a20962556339d27c734001dab193e01e6ffba1debc,1701,19,0,0.0002053542190010032,0.012472844060292941,0.15745265632268204,0.29462593626072614,-0.006748396971169815,0.02024519091350943,True,0.0,,199.6141432889999,0.015642718291033125,0.0005694776904344306,0.016171707205057683,4.048877640987214e-05,0.016212195981467555,0.0,0.016171707205057683,4.048877640987214e-05
fold-003,posttraining/rnn/seed-43/real/mae,calibration,posttraining,posttraining,rnn,mae,43,True,median,reference/US-natural/search/rnn-10-s42,20454,19,0.016212195981467555,0.0007064349881591673,0.016415336592321007,0.0007194518862649211,0,13,50,True,True,validation_plateau,,,10751,,0.0,0.024051317988778464,0320a68e5d6bb4cdac9761a20962556339d27c734001dab193e01e6ffba1debc,1701,19,0,0.0002053542190010032,0.012472844060292941,0.15745265632268204,0.29462593626072614,-0.006748396971169815,0.02024519091350943,True,0.0,,172.53436486300052,0.015642718291033125,0.0005694776904344306,0.016171707205057683,4.048877640987214e-05,0.016212195981467555,0.0,0.016171707205057683,4.048877640987214e-05
fold-003,posttraining/rnn/seed-43/real/neural_mae,calibration,posttraining,posttraining,rnn,neural_mae,43,True,median,reference/US-natural/search/rnn-10-s42,20454,19,0.015643316600038835,0.0006918439410548934,0.01582859700388454,0.000704024611502572,2,13,50,False,True,validation_plateau,,,10751,,0.0,0.02008220700372476,ffaaf255d051e2c60b412aad95a2cc7977710dc2df38b5e9ac6beb232c9a39f7,1701,5,14,0.009634059863586182,0.020944101896814088,0.00023659591182072633,0.0004215170922620802,-0.006748396971169815,0.006748396971169815,False,0.019353603944182396,,189.17692121899927,0.015642718291033125,5.983090057108675e-07,0.016171707205057683,-0.0005283906050188476,0.016212195981467555,-0.0005688793814287198,0.015700660215756734,-5.734361571789817e-05
fold-003,posttraining/rnn/seed-43/real/neural_mse,calibration,posttraining,posttraining,rnn,neural_mse,43,True,median,reference/US-natural/search/rnn-10-s42,20454,19,0.015643756020695048,0.0006918395581428561,0.015828983161462543,0.000704018656101444,4,13,50,False,True,validation_plateau,,,10751,,0.0,0.01996422599768266,09953e18d7b850310fc788da147ce39560ac819e0ba8a469ddcb3d674b8bd89e,1701,8,11,0.009987249667864776,0.013021136507610602,0.0007080254444027294,0.0012939863190366183,-0.006748396971169815,0.0,False,0.01870562182739377,,188.5300866689995,0.015642718291033125,1.0377296619235032e-06,0.016171707205057683,-0.000527951184362635,0.016212195981467555,-0.0005684399607725071,0.015700137997923365,-5.638197722831681e-05
fold-003,posttraining/rnn/seed-43/real/reinforce,calibration,posttraining,posttraining,rnn,reinforce,43,True,median,reference/US-natural/search/rnn-10-s42,20454,19,0.016212195981467555,0.0007064349881591673,0.016415336592321007,0.0007194518862649211,0,13,50,True,True,validation_plateau,,,10751,,0.0,0.02344941601040773,0320a68e5d6bb4cdac9761a20962556339d27c734001dab193e01e6ffba1debc,1701,19,0,0.0002053542190010032,0.012472844060292941,0.15745265632268204,0.29462593626072614,-0.006748396971169815,0.02024519091350943,True,0.0,,190.26029029200072,0.015642718291033125,0.0005694776904344306,0.016171707205057683,4.048877640987214e-05,0.016212195981467555,0.0,0.016171707205057683,4.048877640987214e-05
fold-003,posttraining/rnn/seed-44/real/expected,calibration,posttraining,posttraining,rnn,expected,44,True,median,reference/US-natural/search/rnn-10-s42,20454,19,0.016212195981467555,0.0007064349881591673,0.016415336592321007,0.0007194518862649211,0,13,50,True,True,validation_plateau,,,10751,,0.0,0.02406689801136963,0320a68e5d6bb4cdac9761a20962556339d27c734001dab193e01e6ffba1debc,1701,19,0,0.0002053542190010032,0.012472844060292941,0.15745265632268204,0.29462593626072614,-0.006748396971169815,0.02024519091350943,True,0.0,,176.28072118699856,0.015642718291033125,0.0005694776904344306,0.016171707205057683,4.048877640987214e-05,0.016212195981467555,0.0,0.016171707205057683,4.048877640987214e-05
fold-003,posttraining/rnn/seed-44/real/klpo_exact,calibration,posttraining,posttraining,rnn,klpo_exact,44,True,median,reference/US-natural/search/rnn-10-s42,20454,19,0.016212195981467555,0.0007064349881591673,0.016415336592321007,0.0007194518862649211,0,13,50,True,True,validation_plateau,,,10751,,0.0,0.02303850499447435,0320a68e5d6bb4cdac9761a20962556339d27c734001dab193e01e6ffba1debc,1701,19,0,0.0002053542190010032,0.012472844060292941,0.15745265632268204,0.29462593626072614,-0.006748396971169815,0.02024519091350943,True,0.0,,156.30018984400158,0.015642718291033125,0.0005694776904344306,0.016171707205057683,4.048877640987214e-05,0.016212195981467555,0.0,0.016171707205057683,4.048877640987214e-05
fold-003,posttraining/rnn/seed-44/real/klpo_full,calibration,posttraining,posttraining,rnn,klpo_full,44,True,median,reference/US-natural/search/rnn-10-s42,20454,19,0.016212195981467555,0.0007064349881591673,0.016415336592321007,0.0007194518862649211,0,13,50,True,True,validation_plateau,,,10751,,0.0,0.02377568000520114,0320a68e5d6bb4cdac9761a20962556339d27c734001dab193e01e6ffba1debc,1701,19,0,0.0002053542190010032,0.012472844060292941,0.15745265632268204,0.29462593626072614,-0.006748396971169815,0.02024519091350943,True,0.0,,196.38079461800044,0.015642718291033125,0.0005694776904344306,0.016171707205057683,4.048877640987214e-05,0.016212195981467555,0.0,0.016171707205057683,4.048877640987214e-05
fold-003,posttraining/rnn/seed-44/real/klpo_mc,calibration,posttraining,posttraining,rnn,klpo_mc,44,True,median,reference/US-natural/search/rnn-10-s42,20454,19,0.016212195981467555,0.0007064349881591673,0.016415336592321007,0.0007194518862649211,0,13,50,True,True,validation_plateau,,,10751,,0.0,0.023606671995366924,0320a68e5d6bb4cdac9761a20962556339d27c734001dab193e01e6ffba1debc,1701,19,0,0.0002053542190010032,0.012472844060292941,0.15745265632268204,0.29462593626072614,-0.006748396971169815,0.02024519091350943,True,0.0,,205.55025084599765,0.015642718291033125,0.0005694776904344306,0.016171707205057683,4.048877640987214e-05,0.016212195981467555,0.0,0.016171707205057683,4.048877640987214e-05
fold-003,posttraining/rnn/seed-44/real/mae,calibration,posttraining,posttraining,rnn,mae,44,True,median,reference/US-natural/search/rnn-10-s42,20454,19,0.016212195981467555,0.0007064349881591673,0.016415336592321007,0.0007194518862649211,0,13,50,True,True,validation_plateau,,,10751,,0.0,0.023746475009829737,0320a68e5d6bb4cdac9761a20962556339d27c734001dab193e01e6ffba1debc,1701,19,0,0.0002053542190010032,0.012472844060292941,0.15745265632268204,0.29462593626072614,-0.006748396971169815,0.02024519091350943,True,0.0,,171.22228116400038,0.015642718291033125,0.0005694776904344306,0.016171707205057683,4.048877640987214e-05,0.016212195981467555,0.0,0.016171707205057683,4.048877640987214e-05
fold-003,posttraining/rnn/seed-44/real/neural_mae,calibration,posttraining,posttraining,rnn,neural_mae,44,True,median,reference/US-natural/search/rnn-10-s42,20454,19,0.01564127544710256,0.0006917798484248213,0.015826310411046096,0.000703937833408768,5,13,50,False,True,validation_plateau,,,10751,,0.0,0.020293234003474936,dc97f5b9aeb1f50323d2bbb3e8b81952c59ed0508bce4047e469e59f9de10bb5,1701,6,13,0.016074716667956034,0.011364038565669704,0.0008347718009071544,0.001357305876540124,-0.006748396971169815,0.0,False,0.01861388050019741,,161.0585897839992,0.015642718291033125,-1.4428439305651242e-06,0.016171707205057683,-0.0005304317579551236,0.016212195981467555,-0.0005709205343649958,0.015733715267905686,-9.243982080312657e-05
fold-003,posttraining/rnn/seed-44/real/neural_mse,calibration,posttraining,posttraining,rnn,neural_mse,44,True,median,reference/US-natural/search/rnn-10-s42,20454,19,0.015674249824267125,0.0006926828679826525,0.015860233119552657,0.0007049069851939118,1,13,50,False,True,validation_plateau,,,10751,,0.0,0.023586825001984835,088f107921a15979c77c6dd2e6db53cc61e135d696ae69baff527cdab9ec4692,1701,19,0,-0.009271766754515172,0.017579150783133806,0.011945471612359137,0.023977043503883348,-0.006748396971169815,0.006748396971169815,False,0.016488038934767246,,184.88277174599716,0.015642718291033125,3.153153323399993e-05,0.016171707205057683,-0.0004974573807905586,0.016212195981467555,-0.0005379461572004307,0.015702350553609305,-2.8100729342180053e-05
fold-003,posttraining/rnn/seed-44/real/reinforce,calibration,posttraining,posttraining,rnn,reinforce,44,True,median,reference/US-natural/search/rnn-10-s42,20454,19,0.016212195981467555,0.0007064349881591673,0.016415336592321007,0.0007194518862649211,0,13,50,True,True,validation_plateau,,,10751,,0.0,0.023661404993617907,0320a68e5d6bb4cdac9761a20962556339d27c734001dab193e01e6ffba1debc,1701,19,0,0.0002053542190010032,0.012472844060292941,0.15745265632268204,0.29462593626072614,-0.006748396971169815,0.02024519091350943,True,0.0,,181.9725408059985,0.015642718291033125,0.0005694776904344306,0.016171707205057683,4.048877640987214e-05,0.016212195981467555,0.0,0.016171707205057683,4.048877640987214e-05
fold-003,posttraining/xgboost/seed-42/real/expected,calibration,posttraining,posttraining,xgboost,expected,42,True,median,tabular/xgb-d6-b64-lr0.1-s42,20454,19,0.01564302500846659,0.0006919157940746867,0.015828205611688545,0.0007040909499220435,0,13,50,True,True,validation_plateau,,,10751,,0.0,0.02600803499808535,d4ac7e02c957a780e4056a7dc56c838835e2158549ababe64c8e63a3197b0d4b,1701,1,18,-0.026653262139832247,-0.036497422423477005,9.090082719752749e-05,0.00022725206799381874,-0.006748396971169815,0.0,True,0.0,,180.35898183600148,0.015642718291033125,3.067174334653311e-07,0.015560035433642302,8.298957482428745e-05,0.01564302500846659,0.0,0.015560035433642302,8.298957482428745e-05
fold-003,posttraining/xgboost/seed-42/real/klpo_exact,calibration,posttraining,posttraining,xgboost,klpo_exact,42,True,median,tabular/xgb-d6-b64-lr0.1-s42,20454,19,0.01564302500846659,0.0006919157940746867,0.015828205611688545,0.0007040909499220435,0,13,50,True,True,validation_plateau,,,10751,,0.0,0.01900117500917986,d4ac7e02c957a780e4056a7dc56c838835e2158549ababe64c8e63a3197b0d4b,1701,1,18,-0.026653262139832247,-0.036497422423477005,9.090082719752749e-05,0.00022725206799381874,-0.006748396971169815,0.0,True,0.0,,195.01310912400004,0.015642718291033125,3.067174334653311e-07,0.015560035433642302,8.298957482428745e-05,0.01564302500846659,0.0,0.015560035433642302,8.298957482428745e-05
fold-003,posttraining/xgboost/seed-42/real/klpo_full,calibration,posttraining,posttraining,xgboost,klpo_full,42,True,median,tabular/xgb-d6-b64-lr0.1-s42,20454,19,0.01564302500846659,0.0006919157940746867,0.015828205611688545,0.0007040909499220435,0,13,50,True,True,validation_plateau,,,10751,,0.0,0.01796705200104043,d4ac7e02c957a780e4056a7dc56c838835e2158549ababe64c8e63a3197b0d4b,1701,1,18,-0.026653262139832247,-0.036497422423477005,9.090082719752749e-05,0.00022725206799381874,-0.006748396971169815,0.0,True,0.0,,197.15539418200206,0.015642718291033125,3.067174334653311e-07,0.015560035433642302,8.298957482428745e-05,0.01564302500846659,0.0,0.015560035433642302,8.298957482428745e-05
fold-003,posttraining/xgboost/seed-42/real/klpo_mc,calibration,posttraining,posttraining,xgboost,klpo_mc,42,True,median,tabular/xgb-d6-b64-lr0.1-s42,20454,19,0.01564302500846659,0.0006919157940746867,0.015828205611688545,0.0007040909499220435,0,13,50,True,True,validation_plateau,,,10751,,0.0,0.01825165700574871,d4ac7e02c957a780e4056a7dc56c838835e2158549ababe64c8e63a3197b0d4b,1701,1,18,-0.026653262139832247,-0.036497422423477005,9.090082719752749e-05,0.00022725206799381874,-0.006748396971169815,0.0,True,0.0,,198.295387872,0.015642718291033125,3.067174334653311e-07,0.015560035433642302,8.298957482428745e-05,0.01564302500846659,0.0,0.015560035433642302,8.298957482428745e-05
fold-003,posttraining/xgboost/seed-42/real/mae,calibration,posttraining,posttraining,xgboost,mae,42,True,median,tabular/xgb-d6-b64-lr0.1-s42,20454,19,0.01564302500846659,0.0006919157940746867,0.015828205611688545,0.0007040909499220435,0,13,50,True,True,validation_plateau,,,10751,,0.0,0.018436874001054093,d4ac7e02c957a780e4056a7dc56c838835e2158549ababe64c8e63a3197b0d4b,1701,1,18,-0.026653262139832247,-0.036497422423477005,9.090082719752749e-05,0.00022725206799381874,-0.006748396971169815,0.0,True,0.0,,175.19644450800115,0.015642718291033125,3.067174334653311e-07,0.015560035433642302,8.298957482428745e-05,0.01564302500846659,0.0,0.015560035433642302,8.298957482428745e-05
fold-003,posttraining/xgboost/seed-42/real/reinforce,calibration,posttraining,posttraining,xgboost,reinforce,42,True,median,tabular/xgb-d6-b64-lr0.1-s42,20454,19,0.01564302500846659,0.0006919157940746867,0.015828205611688545,0.0007040909499220435,0,13,50,True,True,validation_plateau,,,10751,,0.0,0.01917407099972479,d4ac7e02c957a780e4056a7dc56c838835e2158549ababe64c8e63a3197b0d4b,1701,1,18,-0.026653262139832247,-0.036497422423477005,9.090082719752749e-05,0.00022725206799381874,-0.006748396971169815,0.0,True,0.0,,185.30329944199912,0.015642718291033125,3.067174334653311e-07,0.015560035433642302,8.298957482428745e-05,0.01564302500846659,0.0,0.015560035433642302,8.298957482428745e-05
fold-003,posttraining/xgboost/seed-43/real/expected,calibration,posttraining,posttraining,xgboost,expected,43,True,median,tabular/xgb-d6-b64-lr0.1-s42,20454,19,0.01564302500846659,0.0006919157940746867,0.015828205611688545,0.0007040909499220435,0,13,50,True,True,validation_plateau,,,10751,,0.0,0.01903695300279651,d4ac7e02c957a780e4056a7dc56c838835e2158549ababe64c8e63a3197b0d4b,1701,1,18,-0.026653262139832247,-0.036497422423477005,9.090082719752749e-05,0.00022725206799381874,-0.006748396971169815,0.0,True,0.0,,185.95553819899942,0.015642718291033125,3.067174334653311e-07,0.015560035433642302,8.298957482428745e-05,0.01564302500846659,0.0,0.015560035433642302,8.298957482428745e-05
fold-003,posttraining/xgboost/seed-43/real/klpo_exact,calibration,posttraining,posttraining,xgboost,klpo_exact,43,True,median,tabular/xgb-d6-b64-lr0.1-s42,20454,19,0.01564302500846659,0.0006919157940746867,0.015828205611688545,0.0007040909499220435,0,13,50,True,True,validation_plateau,,,10751,,0.0,0.018094871993525885,d4ac7e02c957a780e4056a7dc56c838835e2158549ababe64c8e63a3197b0d4b,1701,1,18,-0.026653262139832247,-0.036497422423477005,9.090082719752749e-05,0.00022725206799381874,-0.006748396971169815,0.0,True,0.0,,195.7977886459994,0.015642718291033125,3.067174334653311e-07,0.015560035433642302,8.298957482428745e-05,0.01564302500846659,0.0,0.015560035433642302,8.298957482428745e-05
fold-003,posttraining/xgboost/seed-43/real/klpo_full,calibration,posttraining,posttraining,xgboost,klpo_full,43,True,median,tabular/xgb-d6-b64-lr0.1-s42,20454,19,0.01564302500846659,0.0006919157940746867,0.015828205611688545,0.0007040909499220435,0,13,50,True,True,validation_plateau,,,10751,,0.0,0.017945872008567676,d4ac7e02c957a780e4056a7dc56c838835e2158549ababe64c8e63a3197b0d4b,1701,1,18,-0.026653262139832247,-0.036497422423477005,9.090082719752749e-05,0.00022725206799381874,-0.006748396971169815,0.0,True,0.0,,195.10636469200108,0.015642718291033125,3.067174334653311e-07,0.015560035433642302,8.298957482428745e-05,0.01564302500846659,0.0,0.015560035433642302,8.298957482428745e-05
fold-003,posttraining/xgboost/seed-43/real/klpo_mc,calibration,posttraining,posttraining,xgboost,klpo_mc,43,True,median,tabular/xgb-d6-b64-lr0.1-s42,20454,19,0.01564302500846659,0.0006919157940746867,0.015828205611688545,0.0007040909499220435,0,13,50,True,True,validation_plateau,,,10751,,0.0,0.01748572698852513,d4ac7e02c957a780e4056a7dc56c838835e2158549ababe64c8e63a3197b0d4b,1701,1,18,-0.026653262139832247,-0.036497422423477005,9.090082719752749e-05,0.00022725206799381874,-0.006748396971169815,0.0,True,0.0,,198.7522279900004,0.015642718291033125,3.067174334653311e-07,0.015560035433642302,8.298957482428745e-05,0.01564302500846659,0.0,0.015560035433642302,8.298957482428745e-05
fold-003,posttraining/xgboost/seed-43/real/mae,calibration,posttraining,posttraining,xgboost,mae,43,True,median,tabular/xgb-d6-b64-lr0.1-s42,20454,19,0.01564302500846659,0.0006919157940746867,0.015828205611688545,0.0007040909499220435,0,13,50,True,True,validation_plateau,,,10751,,0.0,0.018715808997512795,d4ac7e02c957a780e4056a7dc56c838835e2158549ababe64c8e63a3197b0d4b,1701,1,18,-0.026653262139832247,-0.036497422423477005,9.090082719752749e-05,0.00022725206799381874,-0.006748396971169815,0.0,True,0.0,,176.5154628780001,0.015642718291033125,3.067174334653311e-07,0.015560035433642302,8.298957482428745e-05,0.01564302500846659,0.0,0.015560035433642302,8.298957482428745e-05
fold-003,posttraining/xgboost/seed-43/real/reinforce,calibration,posttraining,posttraining,xgboost,reinforce,43,True,median,tabular/xgb-d6-b64-lr0.1-s42,20454,19,0.01564302500846659,0.0006919157940746867,0.015828205611688545,0.0007040909499220435,0,13,50,True,True,validation_plateau,,,10751,,0.0,0.01852849700662773,d4ac7e02c957a780e4056a7dc56c838835e2158549ababe64c8e63a3197b0d4b,1701,1,18,-0.026653262139832247,-0.036497422423477005,9.090082719752749e-05,0.00022725206799381874,-0.006748396971169815,0.0,True,0.0,,188.9087478959991,0.015642718291033125,3.067174334653311e-07,0.015560035433642302,8.298957482428745e-05,0.01564302500846659,0.0,0.015560035433642302,8.298957482428745e-05
fold-003,posttraining/xgboost/seed-44/real/expected,calibration,posttraining,posttraining,xgboost,expected,44,True,median,tabular/xgb-d6-b64-lr0.1-s42,20454,19,0.01564302500846659,0.0006919157940746867,0.015828205611688545,0.0007040909499220435,0,13,50,True,True,validation_plateau,,,10751,,0.0,0.018703686000662856,d4ac7e02c957a780e4056a7dc56c838835e2158549ababe64c8e63a3197b0d4b,1701,1,18,-0.026653262139832247,-0.036497422423477005,9.090082719752749e-05,0.00022725206799381874,-0.006748396971169815,0.0,True,0.0,,181.3143526040003,0.015642718291033125,3.067174334653311e-07,0.015560035433642302,8.298957482428745e-05,0.01564302500846659,0.0,0.015560035433642302,8.298957482428745e-05
fold-003,posttraining/xgboost/seed-44/real/klpo_exact,calibration,posttraining,posttraining,xgboost,klpo_exact,44,True,median,tabular/xgb-d6-b64-lr0.1-s42,20454,19,0.01564302500846659,0.0006919157940746867,0.015828205611688545,0.0007040909499220435,0,13,50,True,True,validation_plateau,,,10751,,0.0,0.017966760991839692,d4ac7e02c957a780e4056a7dc56c838835e2158549ababe64c8e63a3197b0d4b,1701,1,18,-0.026653262139832247,-0.036497422423477005,9.090082719752749e-05,0.00022725206799381874,-0.006748396971169815,0.0,True,0.0,,190.07519809400037,0.015642718291033125,3.067174334653311e-07,0.015560035433642302,8.298957482428745e-05,0.01564302500846659,0.0,0.015560035433642302,8.298957482428745e-05
fold-003,posttraining/xgboost/seed-44/real/klpo_full,calibration,posttraining,posttraining,xgboost,klpo_full,44,True,median,tabular/xgb-d6-b64-lr0.1-s42,20454,19,0.01564302500846659,0.0006919157940746867,0.015828205611688545,0.0007040909499220435,0,13,50,True,True,validation_plateau,,,10751,,0.0,0.017849871001089923,d4ac7e02c957a780e4056a7dc56c838835e2158549ababe64c8e63a3197b0d4b,1701,1,18,-0.026653262139832247,-0.036497422423477005,9.090082719752749e-05,0.00022725206799381874,-0.006748396971169815,0.0,True,0.0,,196.5900925800015,0.015642718291033125,3.067174334653311e-07,0.015560035433642302,8.298957482428745e-05,0.01564302500846659,0.0,0.015560035433642302,8.298957482428745e-05
fold-003,posttraining/xgboost/seed-44/real/klpo_mc,calibration,posttraining,posttraining,xgboost,klpo_mc,44,True,median,tabular/xgb-d6-b64-lr0.1-s42,20454,19,0.01564302500846659,0.0006919157940746867,0.015828205611688545,0.0007040909499220435,0,13,50,True,True,validation_plateau,,,10751,,0.0,0.017960009005037136,d4ac7e02c957a780e4056a7dc56c838835e2158549ababe64c8e63a3197b0d4b,1701,1,18,-0.026653262139832247,-0.036497422423477005,9.090082719752749e-05,0.00022725206799381874,-0.006748396971169815,0.0,True,0.0,,195.63878949500213,0.015642718291033125,3.067174334653311e-07,0.015560035433642302,8.298957482428745e-05,0.01564302500846659,0.0,0.015560035433642302,8.298957482428745e-05
fold-003,posttraining/xgboost/seed-44/real/mae,calibration,posttraining,posttraining,xgboost,mae,44,True,median,tabular/xgb-d6-b64-lr0.1-s42,20454,19,0.01564302500846659,0.0006919157940746867,0.015828205611688545,0.0007040909499220435,0,13,50,True,True,validation_plateau,,,10751,,0.0,0.01884445099858567,d4ac7e02c957a780e4056a7dc56c838835e2158549ababe64c8e63a3197b0d4b,1701,1,18,-0.026653262139832247,-0.036497422423477005,9.090082719752749e-05,0.00022725206799381874,-0.006748396971169815,0.0,True,0.0,,177.61249147299895,0.015642718291033125,3.067174334653311e-07,0.015560035433642302,8.298957482428745e-05,0.01564302500846659,0.0,0.015560035433642302,8.298957482428745e-05
fold-003,posttraining/xgboost/seed-44/real/reinforce,calibration,posttraining,posttraining,xgboost,reinforce,44,True,median,tabular/xgb-d6-b64-lr0.1-s42,20454,19,0.01564302500846659,0.0006919157940746867,0.015828205611688545,0.0007040909499220435,0,13,50,True,True,validation_plateau,,,10751,,0.0,0.01827952900202945,d4ac7e02c957a780e4056a7dc56c838835e2158549ababe64c8e63a3197b0d4b,1701,1,18,-0.026653262139832247,-0.036497422423477005,9.090082719752749e-05,0.00022725206799381874,-0.006748396971169815,0.0,True,0.0,,191.7189639290009,0.015642718291033125,3.067174334653311e-07,0.015560035433642302,8.298957482428745e-05,0.01564302500846659,0.0,0.015560035433642302,8.298957482428745e-05
fold-003,reference/US-natural/posttraining/dlinear-mae-s42,calibration,reference,posttraining,dlinear,reference_mae,42,True,continuous,reference/US-natural/search/dlinear-10-s42,20454,19,0.015694262215848333,0.000688538381943383,0.015873704328945228,0.0007004958435670937,3,5,5,False,False,,,,1830,134.85385349503485,0.0,0.023138151998864487,e7ad56a8c39246f57a4d69cd9dea434cd7e6575e18c3212baaf3237efcc9cc02,1701,19,0,0.011171103571431593,-0.0013916919020652814,0.5330652217015492,1.0,-0.008351940661668777,0.01062416285276413,,,,,0.015642718291033125,5.154392481520817e-05,0.015664204141521313,3.0058074327019707e-05,,,,
fold-003,reference/US-natural/posttraining/dlinear-mae-s43,calibration,reference,posttraining,dlinear,reference_mae,43,True,continuous,reference/US-natural/finalist/dlinear-s43,20454,19,0.01572393499394164,0.0006897082802346719,0.01590623014925822,0.0007015040757541575,3,5,5,False,False,,,,1830,135.7151678170194,0.0,0.024844248007866554,2fd3ad07a35a74fc5430cd80ea6c565117a4e280ef84210225bfa86a4712bd32,1701,19,0,0.019391080025726287,0.009526283310468163,0.5292701523107419,1.0,-0.008424780331552029,0.010196030139923096,,,,,0.015642718291033125,8.121670290851465e-05,0.01596388066132673,-0.00023994566738509,,,,
fold-003,reference/US-natural/posttraining/dlinear-mae-s44,calibration,reference,posttraining,dlinear,reference_mae,44,True,continuous,reference/US-natural/finalist/dlinear-s44,20454,19,0.01584891949633439,0.0006966982552134399,0.016034472263256702,0.0007087509112168744,3,5,5,False,False,,,,1830,136.15872440196108,0.0,0.024014287992031313,027e91a9a09c057df7ffd8252a800e95c859db4e7c160deaac4eb13984bf0915,1701,19,0,0.015184628569731974,0.01621691719103146,0.5108929257488046,1.0,-0.012234584428369999,0.010776437819004059,,,,,0.015642718291033125,0.00020620120530126518,0.015937358956513527,-8.843946017913704e-05,,,,
fold-003,reference/US-natural/posttraining/dlinear-mse-s42,calibration,reference,posttraining,dlinear,reference_mse,42,True,continuous,reference/US-natural/search/dlinear-10-s42,20454,19,0.015664204141521313,0.0006862569212749962,0.01583914340647718,0.0006982583543059559,0,5,5,True,False,,,,1830,134.2843584009679,0.0,0.0234745740017388,66d972408b7c84eb302054ac50f2c8fe8bd21b94ae2f308c84bdb4ed5669e22f,1701,19,0,0.013387946580154709,0.010926148936114186,0.544651494636649,1.0,-0.016379650682210922,0.013451293110847473,,,,,0.015642718291033125,2.1485850488188463e-05,0.015664204141521313,0.0,,,,
fold-003,reference/US-natural/posttraining/dlinear-mse-s43,calibration,reference,posttraining,dlinear,reference_mse,43,True,continuous,reference/US-natural/finalist/dlinear-s43,20454,19,0.01596388066132673,0.0006961069449919361,0.016157959972102693,0.000708592197221741,0,5,5,True,False,,,,1830,137.40403630398214,0.0,0.023276883002836257,c4ff0810eb55bd9bceea089633284c208fae645cd270ce82041e89837cd665d2,1701,19,0,0.021253890150736504,0.023030474930704325,0.5251150102320541,1.0,-0.008421048521995544,0.016704220324754715,,,,,0.015642718291033125,0.00032116237029360464,0.01596388066132673,0.0,,,,
fold-003,reference/US-natural/posttraining/dlinear-mse-s44,calibration,reference,posttraining,dlinear,reference_mse,44,True,continuous,reference/US-natural/finalist/dlinear-s44,20454,19,0.015828314963082332,0.0006928260155605236,0.016013423551340455,0.0007048010357376136,5,5,5,False,False,,,,1830,134.12719292804832,0.0,0.02298337098909542,d7655b094691e72727cc1f7219fb9afcdecf0b1dbc3a1eff39f8ef43608faa26,1701,19,0,0.01986010181712654,0.030911093335576827,0.5170603908312451,1.0,-0.012989324517548084,0.020021412521600723,,,,,0.015642718291033125,0.00018559667204920763,0.015937358956513527,-0.00010904399343119459,,,,
fold-003,reference/US-natural/posttraining/gru-mae-s42,calibration,reference,posttraining,gru,reference_mae,42,True,continuous,reference/US-natural/search/gru-10-s42,20454,19,0.01582014587569185,0.0006945053725261743,0.015997242894985414,0.0007060165396320563,3,5,5,False,False,,,,1830,144.92377415497322,0.0,0.023358425009064376,8550192f74ba15d11869975eac1cda55e4759628634a3b64cf3a6a4815ea808a,1701,19,0,0.005958010870971618,-0.001945947914611737,0.4922628262139027,1.0,-0.011584657244384289,0.010089632123708725,,,,,0.015642718291033125,0.00017742758465872505,0.016011755250370185,-0.0001916093746783358,,,,
fold-003,reference/US-natural/posttraining/gru-mae-s43,calibration,reference,posttraining,gru,reference_mae,43,True,continuous,reference/US-natural/finalist/gru-s43,20454,19,0.015706448822780706,0.0006873603730324692,0.015881473690658128,0.0006988271039298215,4,5,5,False,False,,,,1830,142.09416749404045,0.0,0.02369766400079243,69e3615a76f253415d0b5e45d298598a6016f7669bddcdd1cd5a8fb5d16db9cf,1701,19,0,-0.004435476057915691,-0.009202886211017362,0.5344458326300737,1.0,-0.0108970757573843,0.010740015655755997,,,,,0.015642718291033125,6.373053174758142e-05,0.015794637381713234,-8.81885589325282e-05,,,,
fold-003,reference/US-natural/posttraining/gru-mae-s44,calibration,reference,posttraining,gru,reference_mae,44,True,continuous,reference/US-natural/finalist/gru-s44,20454,19,0.016058796975541342,0.000698617350318237,0.016224874679021804,0.0007100864369047584,1,5,5,False,False,,,,1830,141.71478069201112,0.0,0.023267465003300458,90fca72872c5b6087b03d9c0ac6e019f47853ea465d0291b062b857c13da59dc,1701,19,0,0.0058475250608724496,-0.0008273158520291368,0.5246130113361959,1.0,-0.011632457375526428,0.016784965991973877,,,,,0.015642718291033125,0.00041607868450821775,0.016015879598184984,4.291737735635792e-05,,,,
fold-003,reference/US-natural/posttraining/gru-mse-s42,calibration,reference,posttraining,gru,reference_mse,42,True,continuous,reference/US-natural/search/gru-10-s42,20454,19,0.01588102716766308,0.0006949044959214201,0.016051400249050617,0.0007063424640628547,3,5,5,False,False,,,,1830,145.38702779402956,0.0,0.023309753989451565,22041e45ec586a168343d997098ce4f3614e9d2089d429a8a32ac7372d797839,1701,19,0,0.006704068109065892,0.012408248336300063,0.4975365490507004,1.0,-0.011976493522524834,0.012137213721871376,,,,,0.015642718291033125,0.0002383088766299557,0.016011755250370185,-0.00013072808270710515,,,,
fold-003,reference/US-natural/posttraining/gru-mse-s43,calibration,reference,posttraining,gru,reference_mse,43,True,continuous,reference/US-natural/finalist/gru-s43,20454,19,0.015913074762890108,0.000691815638217968,0.016094105168572126,0.0007035920204229592,2,5,5,False,False,,,,1830,142.8828489430016,0.0,0.023734221991617233,cb9ac59069b1caecc88655f1a0275a5f5820cb547be20dd714c45cae8766f1dd,1701,19,0,0.0031588113852602483,0.00975943112586919,0.5263744593134558,1.0,-0.010053219273686409,0.01655215583741665,,,,,0.015642718291033125,0.0002703564718569834,0.015794637381713234,0.0001184373811768738,,,,
fold-003,reference/US-natural/posttraining/gru-mse-s44,calibration,reference,posttraining,gru,reference_mse,44,True,continuous,reference/US-natural/finalist/gru-s44,20454,19,0.01583034506612196,0.0006904322652830437,0.016000346167458955,0.0007020666551288656,4,5,5,False,False,,,,1830,140.35426561301574,0.0,0.023598277010023594,3e407da2a60c313a798613862e24c126b79f74fbfc1f11bde9176b224e8dcaaf,1701,19,0,0.005725691181365212,0.019131808465860593,0.53323426982297,1.0,-0.009824365377426147,0.015277978032827377,,,,,0.015642718291033125,0.00018762677508883663,0.016015879598184984,-0.0001855345320630232,,,,
fold-003,reference/US-natural/posttraining/lstm-mae-s42,calibration,reference,posttraining,lstm,reference_mae,42,True,continuous,reference/US-natural/search/lstm-00-s42,20454,19,0.01580732907395592,0.0006965333087496438,0.01599003603527624,0.0007083839636658122,1,5,5,False,False,,,,1830,141.19522112398408,0.0,0.023560094996355474,4bd4e11119587cc491d6c86425be73dacf050327ed13a8a393704ef55a8cd88f,1701,19,0,-0.0016571457871960796,-0.03319462373510063,0.5083555828839038,1.0,-0.016249537467956543,0.01643802970647812,,,,,0.015642718291033125,0.0001646107829227951,0.01586783993650821,-6.051086255228974e-05,,,,
fold-003,reference/US-natural/posttraining/lstm-mae-s43,calibration,reference,posttraining,lstm,reference_mae,43,True,continuous,reference/US-natural/finalist/lstm-s43,20454,19,0.016050731061759863,0.000704804098738646,0.016240385951464303,0.0007171095863195081,0,5,5,True,False,,,,1830,141.10730704199523,0.0,0.02277972799493,125a3dfeae8e26ba2aa42941fc6751210084ac0c0429ab21140b84e6274e0454,1701,19,0,0.0010558247186385988,-0.014102320634647213,0.5139596646373366,1.0,-0.020610667765140533,0.02801908552646637,,,,,0.015642718291033125,0.00040801277072673864,0.016050731061759863,0.0,,,,
fold-003,reference/US-natural/posttraining/lstm-mae-s44,calibration,reference,posttraining,lstm,reference_mae,44,True,continuous,reference/US-natural/finalist/lstm-s44,20454,19,0.01591510381529139,0.0006980213274629829,0.01611518258323782,0.0007106337853904343,0,5,5,True,False,,,,1830,142.92230952798855,0.0,0.023549044009996578,c88f43c5d4d9224c5fb724700d784958a1d262272af9d3a3c69962cfae04a71a,1701,19,0,0.009797027134830641,-0.01084642042922496,0.5077634485467796,1.0,-0.012870058417320251,0.024379432201385498,,,,,0.015642718291033125,0.00027238552425826526,0.01591510381529139,0.0,,,,
fold-003,reference/US-natural/posttraining/lstm-mse-s42,calibration,reference,posttraining,lstm,reference_mse,42,True,continuous,reference/US-natural/search/lstm-00-s42,20454,19,0.01586783993650821,0.0006977419746198851,0.01605330894464234,0.0007098437681598682,0,5,5,True,False,,,,1830,141.97850084700622,0.0,0.023563871989608742,7df879fa95706b3cee29d5a2359b3bfc1303db2f99309d5e08b64755911f72d3,1701,19,0,0.0061493050418790106,-0.02346314156621102,0.5143667082657087,1.0,-0.015219256281852722,0.017234310507774353,,,,,0.015642718291033125,0.00022512164547508484,0.01586783993650821,0.0,,,,
fold-003,reference/US-natural/posttraining/lstm-mse-s43,calibration,reference,posttraining,lstm,reference_mse,43,True,continuous,reference/US-natural/finalist/lstm-s43,20454,19,0.016050731061759863,0.000704804098738646,0.016240385951464303,0.0007171095863195081,0,5,5,True,False,,,,1830,141.48101514199516,0.0,0.024078479007584974,125a3dfeae8e26ba2aa42941fc6751210084ac0c0429ab21140b84e6274e0454,1701,19,0,0.0010558247186385988,-0.014102320634647213,0.5139596646373366,1.0,-0.020610667765140533,0.02801908552646637,,,,,0.015642718291033125,0.00040801277072673864,0.016050731061759863,0.0,,,,
fold-003,reference/US-natural/posttraining/lstm-mse-s44,calibration,reference,posttraining,lstm,reference_mse,44,True,continuous,reference/US-natural/finalist/lstm-s44,20454,19,0.01591510381529139,0.0006980213274629829,0.01611518258323782,0.0007106337853904343,0,5,5,True,False,,,,1830,142.10090083896648,0.0,0.023165402992162853,c88f43c5d4d9224c5fb724700d784958a1d262272af9d3a3c69962cfae04a71a,1701,19,0,0.009797027134830641,-0.01084642042922496,0.5077634485467796,1.0,-0.012870058417320251,0.024379432201385498,,,,,0.015642718291033125,0.00027238552425826526,0.01591510381529139,0.0,,,,
fold-003,reference/US-natural/posttraining/rnn-mae-s42,calibration,reference,posttraining,rnn,reference_mae,42,True,continuous,reference/US-natural/search/rnn-10-s42,20454,19,0.01605743165982788,0.0007031739408894618,0.0162548618968088,0.0007156963107874278,3,5,5,False,False,,,,1830,141.38221247302135,0.0,0.023282602996914648,9dfc84184935742b6b9433b37a94afbd783c63b4d318d52f5f3b7bb41d977e43,1701,19,0,0.0031530685919568605,-0.0005579588765547625,0.5046953398142665,1.0,-0.0085134943947196,0.016352534294128418,,,,,0.015642718291033125,0.00041471336879475573,0.016171707205057683,-0.00011427554522980277,,,,
fold-003,reference/US-natural/posttraining/rnn-mae-s43,calibration,reference,posttraining,rnn,reference_mae,43,True,continuous,reference/US-natural/finalist/rnn-s43,20454,19,0.015671478581261347,0.0006871674653817237,0.01584695346095071,0.0006987941581042018,4,5,5,False,False,,,,1830,140.91548549599247,0.0,0.02365821899729781,04a66d4901fee4996ff6b19230511c9e244a710d5e747446511c9100cfe1f1ff,1701,19,0,0.009205460100998177,0.00528133793336591,0.5237572835619551,1.0,-0.01187136024236679,0.010160990059375763,,,,,0.015642718291033125,2.87602902282226e-05,0.01570061511773088,-2.9136536469534513e-05,,,,
fold-003,reference/US-natural/posttraining/rnn-mae-s44,calibration,reference,posttraining,rnn,reference_mae,44,True,continuous,reference/US-natural/finalist/rnn-s44,20454,19,0.015700088528103385,0.000686841900979517,0.01588473877542064,0.0006988154632308004,4,5,5,False,False,,,,1830,142.40216983901337,0.0,0.023064422988682054,367622c1c16cf2a48156541505c1851fc4d242e5c710a542e2422477cf968634,1701,19,0,0.006468650250867207,0.0021522280817290952,0.5228700045772606,1.0,-0.009406537748873234,0.008380782790482044,,,,,0.015642718291033125,5.737023707026029e-05,0.01586226058440955,-0.00016217205630616668,,,,
fold-003,reference/US-natural/posttraining/rnn-mse-s42,calibration,reference,posttraining,rnn,reference_mse,42,True,continuous,reference/US-natural/search/rnn-10-s42,20454,19,0.016171707205057683,0.0007049762758340278,0.016374928311855566,0.0007178823365462145,0,5,5,True,False,,,,1830,141.3906388679752,0.0,0.023545488002127968,0a72ea3568e0d1ac4f0042ad85745c03d74ce782dc977b4df4969ddc52fc88ea,1701,19,0,0.01032998208073925,0.019147151614761587,0.5134194469895638,1.0,-0.009777767583727837,0.021109899505972862,,,,,0.015642718291033125,0.0005289889140245585,0.016171707205057683,0.0,,,,
fold-003,reference/US-natural/posttraining/rnn-mse-s43,calibration,reference,posttraining,rnn,reference_mse,43,True,continuous,reference/US-natural/finalist/rnn-s43,20454,19,0.01570061511773088,0.0006851152610462434,0.015875297176329746,0.0006968114066833067,0,5,5,True,False,,,,1830,140.49462481297087,0.0,0.02301643299870193,60187969e7682335b42847979139ea7211849975bdc32d99756672c3ff062d9c,1701,19,0,0.0038628963850010902,0.014588785789207196,0.528849477325467,1.0,-0.014002453535795212,0.013726744800806046,,,,,0.015642718291033125,5.7896826697757114e-05,0.01570061511773088,0.0,,,,
fold-003,reference/US-natural/posttraining/rnn-mse-s44,calibration,reference,posttraining,rnn,reference_mse,44,True,continuous,reference/US-natural/finalist/rnn-s44,20454,19,0.01586226058440955,0.0006899889783412125,0.016043547562773444,0.0007020457641065678,0,5,5,True,False,,,,1830,140.8928450740059,0.0,0.022559493998414837,34c1c23480c57fccbdaf0c498a55c9198cb7ee0ac93e2dda20e1a53d887b7b36,1701,19,0,-0.001507590516789305,0.00466732460139167,0.5194145802250799,1.0,-0.00849359855055809,0.016095835715532303,,,,,0.015642718291033125,0.00021954229337642697,0.01586226058440955,0.0,,,,
fold-003,reference/US-natural/finalist/dlinear-s43,evaluation,reference,finalist,dlinear,reference,43,True,continuous,,11653,11,0.01629465348667233,0.000669787224186954,0.016745346647794115,0.0006942752202126539,30,40,100,,True,validation_plateau,,,14640,776.2801154400222,,0.014438719997997396,3e2a9e85d415400485e34718fd82bf7de1620d8d1aa30afe1909ae598835048b,1618,11,0,0.0315583280399839,0.028463845720520388,0.479423763852884,1.0,-0.0199278611689806,0.013362466357648373,,,,,0.015069589358504453,0.001225064128167877,0.01629465348667233,,,,,
fold-003,reference/US-natural/finalist/dlinear-s44,evaluation,reference,finalist,dlinear,reference,44,True,continuous,,11653,11,0.017224679539411952,0.0006993004657632645,0.017661524724145606,0.0007245379275599125,37,47,100,,True,validation_plateau,,,17202,908.219624468009,,0.013968665996799245,a40c66258627e299655c9f095ce4fc37895b78bf6dfe507af1963f864cacb473,1618,11,0,-0.0030172256719015883,0.0029632474554747933,0.47905416407290863,1.0,-0.022211547940969467,0.01899433135986328,,,,,0.015069589358504453,0.002155090180907499,0.017224679539411952,,,,,
fold-003,reference/US-natural/finalist/gru-s43,evaluation,reference,finalist,gru,reference,43,True,continuous,,11653,11,0.016444306704809005,0.0006783534993886635,0.016886857498176033,0.0007025471687684124,34,44,100,,True,validation_plateau,,,16104,924.1477976309834,,0.013785392002318986,5438e70626a2918f2b1b2374cad3a631fd517a3fae7a93e3f2f34a7b2362206a,1618,11,0,0.033557578622867956,0.010902382770300615,0.4227206336517067,1.0,-0.01848841831088066,0.0069151646457612514,,,,,0.015069589358504453,0.001374717346304552,0.016444306704809005,,,,,
fold-003,reference/US-natural/finalist/gru-s44,evaluation,reference,finalist,gru,reference,44,True,continuous,,11653,11,0.01570190687174851,0.0006344162689523317,0.01613569572553163,0.0006574816494061347,22,32,100,,True,validation_plateau,,,11712,665.2036769519909,,0.013521665998268872,9abe3772fa96b8d65c1a5a1bc7468072fac61018a40fb441db3a94678034c3ac,1618,11,0,0.011701663044224887,-0.00965043602791924,0.4335220565870089,1.0,-0.01454026997089386,0.013713136315345764,,,,,0.015069589358504453,0.0006323175132440552,0.01570190687174851,,,,,
fold-003,reference/US-natural/finalist/lstm-s43,evaluation,reference,finalist,lstm,reference,43,True,continuous,,11653,11,0.016086941423482125,0.0006607785757065892,0.016535219225227497,0.000685282812356558,17,27,100,,True,validation_plateau,,,9882,563.2441287129768,,0.013160817994503304,b362eb486c6065ea2fb429188b5c57da90d06d078f8e5e557ff856054dbe3ddb,1618,11,0,0.014573110522071013,-0.002913260078788493,0.45268629292460694,1.0,-0.025471940636634827,0.015372775495052338,,,,,0.015069589358504453,0.0010173520649776717,0.016086941423482125,,,,,
fold-003,reference/US-natural/finalist/lstm-s44,evaluation,reference,finalist,lstm,reference,44,True,continuous,,11653,11,0.015559871804718984,0.0006296164667863828,0.015982805081799265,0.0006521475636326271,24,34,100,,True,validation_plateau,,,12444,698.0926871210104,,0.013752328988630325,6f95f3bec1cff0ebcb0575c3e26608be5aa6d991b2d16a8b6aa0952b9a0782fa,1618,11,0,-0.011735937763982162,-0.027871189203672788,0.46747348729409555,1.0,-0.01407545804977417,0.016099989414215088,,,,,0.015069589358504453,0.0004902824462145305,0.015559871804718984,,,,,
fold-003,reference/US-natural/finalist/rnn-s43,evaluation,reference,finalist,rnn,reference,43,True,continuous,,11653,11,0.015836215966539877,0.0006426274914087081,0.01626316299331357,0.0006654314549724026,22,32,100,,True,validation_plateau,,,11712,663.0380608069827,,0.013247732000309043,3a0c006d2fb58e5a16dc3e6e3ae914a3abcc0eb8f1b4ac93a9b7def1d785a7f5,1618,11,0,0.004629665071774256,-0.00404870213842733,0.43708020856282803,1.0,-0.0171806700527668,0.012698311358690262,,,,,0.015069589358504453,0.0007666266080354235,0.015836215966539877,,,,,
fold-003,reference/US-natural/finalist/rnn-s44,evaluation,reference,finalist,rnn,reference,44,True,continuous,,11653,11,0.016073832464024676,0.0006454931875894882,0.01651707316505675,0.0006685424696454335,29,39,100,,True,validation_plateau,,,14274,797.9993627430522,,0.014090465003391728,48a004486f3f0f29d7f4b0694981ade9026e1020f87100c0c45e51592cfb68d7,1618,11,0,0.008842114690195144,-0.0077002091619337125,0.4808090710244638,1.0,-0.011959213763475418,0.016428330913186073,,,,,0.015069589358504453,0.001004243105520223,0.016073832464024676,,,,,
fold-003,reference/US-natural/search/dlinear-00-s42,evaluation,reference,search,dlinear,reference,42,False,continuous,,11653,11,0.01627875958468975,0.0006604978777957566,0.016686130992270613,0.0006834026301478292,19,29,100,,True,validation_plateau,,,10614,585.5826051479671,,0.01408746899687685,d38e1cdb4e85cc00fb7b56c67896ef8be47d943dd577ac47711bf5d67062f3a8,1618,11,0,0.010620927190328448,-0.010185222152293881,0.426010167999804,1.0,-0.021278128027915955,0.01370173692703247,,,,,0.015069589358504453,0.0012091702261852952,0.01627875958468975,,,,,
fold-003,reference/US-natural/search/dlinear-10-s42,evaluation,reference,search,dlinear,reference,42,True,continuous,,11653,11,0.016236075747662365,0.0006702406289783113,0.016690546133719564,0.0006949269081931937,19,29,100,,True,validation_plateau,,,10614,580.9893975550076,,0.01382575799652841,3fd5e646d2ba33a66aeddadf90bdba652876d25fd8d5c371395c031da2c11aca,1618,11,0,0.0031044884465748547,0.006218395831819915,0.4502210346886176,1.0,-0.019290395081043243,0.00905923917889595,,,,,0.015069589358504453,0.001166486389157912,0.016236075747662365,,,,,
fold-003,reference/US-natural/search/gru-00-s42,evaluation,reference,search,gru,reference,42,False,continuous,,11653,11,0.01593908675866172,0.0006467683694891787,0.016353816696320633,0.0006690944338307731,10,20,100,,True,validation_plateau,,,7320,430.1028056560317,,0.013568583992309868,2205be986e80933ccc001ce0239cbe21e466c0da84502edd3329033f508a1e55,1618,11,0,-0.023582039823596232,-0.02844428264936186,0.45536903859866096,1.0,-0.021445676684379578,0.028125733137130737,,,,,0.015069589358504453,0.0008694974001572653,0.01593908675866172,,,,,
fold-003,reference/US-natural/search/gru-10-s42,evaluation,reference,search,gru,reference,42,True,continuous,,11653,11,0.01584760879337667,0.000643606165584655,0.0162870670010132,0.0006668010555253207,29,39,100,,True,validation_plateau,,,14274,825.7481704580132,,0.013043507002294064,ea5673087570e5e9af5d84242b6c72263f668e81d5ffedb323a4af6949077c27,1618,11,0,0.00409523739989675,-0.005009631708710239,0.4566275174731906,1.0,-0.014022807590663433,0.008694374933838844,,,,,0.015069589358504453,0.000778019434872216,0.01584760879337667,,,,,
fold-003,reference/US-natural/search/lstm-00-s42,evaluation,reference,search,lstm,reference,42,True,continuous,,11653,11,0.016105983688912775,0.000669480281592634,0.016581790943887047,0.0006957416844889445,23,33,100,,True,validation_plateau,,,12078,682.7745202679653,,0.01332682000065688,56d4504a2419bbb5328b66d5d87c02e9e49e3e1f6b2a1b44a2f62e87ef0b7993,1618,11,0,0.0009113169536741224,-0.017145460068295253,0.4618432355885594,1.0,-0.029276952147483826,0.015443064272403717,,,,,0.015069589358504453,0.0010363943304083217,0.016105983688912775,,,,,
fold-003,reference/US-natural/search/lstm-10-s42,evaluation,reference,search,lstm,reference,42,False,continuous,,11653,11,0.0161365267882176,0.0006567416402440257,0.016557997959826425,0.0006792282343764678,12,22,100,,True,validation_plateau,,,8052,482.0663271980011,,0.013179472007323056,b88fc2e4c5378082f2049c0667711baa17cb18ccbbe29ba1cda4625d070cd48c,1618,11,0,0.02896882986783287,0.018660445270396425,0.440850319053736,1.0,-0.02455613575875759,0.012287067249417305,,,,,0.015069589358504453,0.0010669374297131475,0.0161365267882176,,,,,
fold-003,reference/US-natural/search/rnn-00-s42,evaluation,reference,search,rnn,reference,42,False,continuous,,11653,11,0.015862865490907378,0.0006442882157727949,0.0162734308087056,0.0006663377090247521,13,23,100,,True,validation_plateau,,,8418,477.46317577396985,,0.013901069003622979,bd7face626ba01e6bded17def89fed12ddb9d44904fff381f7ebebc795c138dd,1618,11,0,0.0011058512243136748,-0.018190852677759977,0.43364278298199643,1.0,-0.025746598839759827,0.018961891531944275,,,,,0.015069589358504453,0.0007932761324029244,0.015862865490907378,,,,,
fold-003,reference/US-natural/search/rnn-10-s42,evaluation,reference,search,rnn,reference,42,True,continuous,,11653,11,0.01611878386878083,0.000663079506528036,0.01658107912506369,0.0006880842520417928,37,47,100,,True,validation_plateau,,,17202,952.9123178799637,,0.014332038990687579,6c13b737c2bc24920bba84d5427c51e0bbe5eed99e247325457ca0e8023fb1a9,1618,11,0,0.03261391091541387,0.021206596439606283,0.4699019614589313,1.0,-0.015758808702230453,0.011600833386182785,,,,,0.015069589358504453,0.0010491945102763765,0.01611878386878083,,,,,
fold-003,tabular/ridge-a0.1,evaluation,tabular,search,ridge,ridge,,False,continuous,,11653,11,0.8155734152098659,0.6696107373501041,0.8210998291921252,0.6780928364384797,,,,,,,,,,,,0.013744505005888641,17203a86378ba4d4b1aff4e316dddb63198a201aa7b830a396e26ba417b6f409,1618,11,0,0.019511675978054362,0.01923896110311325,0.530346592162321,1.0,0.6453058255807772,0.9208127044830356,,,105.4365332819998,,0.015069589358504453,0.8005038258513615,0.8155734152098659,,,,,
fold-003,tabular/ridge-a1.0,evaluation,tabular,search,ridge,ridge,,True,continuous,,11653,11,0.12096715132854624,0.01917580021922782,0.11566595238417521,0.01737112512838503,,,,,,,,,,,,0.0137075550010195,09770c07bcbbca3288d37e4c8670d7ccefb081eacfe21a471549752479a07315,1618,11,0,0.020636547561073672,0.019914818353276895,0.4696534078376789,1.0,-0.2834480092868904,-0.005672888054072967,,,105.51688962000026,,0.015069589358504453,0.10589756197004178,0.12096715132854624,,,,,
fold-003,tabular/ridge-a10.0,evaluation,tabular,search,ridge,ridge,,False,continuous,,11653,11,0.46619510949523807,0.22087114267735933,0.4614802948201142,0.21606290174026282,,,,,,,,,,,,0.013192347003496252,6a9fe627082e53ffb2f23ae5b7eff0a07559f71e5340eb67343f7aa7c353556b,1618,11,0,0.02205841319694055,0.01903595604616454,0.4696534078376789,1.0,-0.6085776548066061,-0.37399656871804393,,,107.5963938520008,,0.015069589358504453,0.4511255201367336,0.46619510949523807,,,,,
fold-003,tabular/xgb-d3-b128-lr0.03-s42,evaluation,tabular,search,xgboost,xgboost,42,False,continuous,,11653,11,0.015112366361457913,0.0006069741529779668,0.015511396386212196,0.000627836168708212,,,,,True,validation_plateau,300,1,,,,0.00933686901407782,91e283bbfc8076db47636548b3490cfe4c970ca308d61b8b410d316eb81c0db4,1618,0,11,,,0.4696534078376789,1.0,-0.0005360456998459995,-0.0005360456998459995,,,,392.886270082,0.015069589358504453,4.2777002953459445e-05,0.015112366361457913,,,,,
fold-003,tabular/xgb-d3-b128-lr0.1-s42,evaluation,tabular,search,xgboost,xgboost,42,False,continuous,,11653,11,0.015111778393182462,0.0006069395348909944,0.015510836495028045,0.0006278004842983716,,,,,True,validation_plateau,300,1,,,,0.009609943997929804,68155fc0e8625323947ae2f69355be14f5e953294c0a1ea7d719413d234aa6ea,1618,0,11,,,0.4696534078376789,1.0,-0.000530128600075841,-0.000530128600075841,,,,352.73119087299983,0.015069589358504453,4.21890346780085e-05,0.015111778393182462,,,,,
fold-003,tabular/xgb-d3-b256-lr0.03-s42,evaluation,tabular,search,xgboost,xgboost,42,False,continuous,,11653,11,0.015112366361457913,0.0006069741529779668,0.015511396386212196,0.000627836168708212,,,,,True,validation_plateau,300,1,,,,0.00907956600713078,91e283bbfc8076db47636548b3490cfe4c970ca308d61b8b410d316eb81c0db4,1618,0,11,,,0.4696534078376789,1.0,-0.0005360456998459995,-0.0005360456998459995,,,,377.7791246220004,0.015069589358504453,4.2777002953459445e-05,0.015112366361457913,,,,,
fold-003,tabular/xgb-d3-b256-lr0.1-s42,evaluation,tabular,search,xgboost,xgboost,42,False,continuous,,11653,11,0.015111778393182462,0.0006069395348909944,0.015510836495028045,0.0006278004842983716,,,,,True,validation_plateau,300,1,,,,0.009156902000540867,68155fc0e8625323947ae2f69355be14f5e953294c0a1ea7d719413d234aa6ea,1618,0,11,,,0.4696534078376789,1.0,-0.000530128600075841,-0.000530128600075841,,,,378.3569348210003,0.015069589358504453,4.21890346780085e-05,0.015111778393182462,,,,,
fold-003,tabular/xgb-d3-b64-lr0.03-s42,evaluation,tabular,search,xgboost,xgboost,42,False,continuous,,11653,11,0.015112366361457913,0.0006069741529779668,0.015511396386212196,0.000627836168708212,,,,,True,validation_plateau,300,1,,,,0.009626965009374544,91e283bbfc8076db47636548b3490cfe4c970ca308d61b8b410d316eb81c0db4,1618,0,11,,,0.4696534078376789,1.0,-0.0005360456998459995,-0.0005360456998459995,,,,363.07001357600075,0.015069589358504453,4.2777002953459445e-05,0.015112366361457913,,,,,
fold-003,tabular/xgb-d3-b64-lr0.1-s42,evaluation,tabular,search,xgboost,xgboost,42,False,continuous,,11653,11,0.015111778393182462,0.0006069395348909944,0.015510836495028045,0.0006278004842983716,,,,,True,validation_plateau,300,1,,,,0.009897033000015654,68155fc0e8625323947ae2f69355be14f5e953294c0a1ea7d719413d234aa6ea,1618,0,11,,,0.4696534078376789,1.0,-0.000530128600075841,-0.000530128600075841,,,,367.7291438930006,0.015069589358504453,4.21890346780085e-05,0.015111778393182462,,,,,
fold-003,tabular/xgb-d6-b128-lr0.03-s42,evaluation,tabular,search,xgboost,xgboost,42,False,continuous,,11653,11,0.015122221185618574,0.0006074520529182775,0.015521137049791724,0.0006283291368702754,,,,,True,validation_plateau,300,1,,,,0.010020005007390864,0ddec2ac6b98819cd3d92481732471257486ce7619c42e532967f2e8d2135e90,1618,1,10,-0.07676345125417902,-0.05778409410532102,0.4696534078376789,1.0,-0.000590189709328115,-0.0001061848015524447,,,,521.2024614530001,0.015069589358504453,5.263182711412115e-05,0.015122221185618574,,,,,
fold-003,tabular/xgb-d6-b128-lr0.1-s42,evaluation,tabular,search,xgboost,xgboost,42,False,continuous,,11653,11,0.015282127028353864,0.0006154816343771351,0.015685314879676403,0.0006367590796174441,,,,,True,validation_plateau,300,5,,,,0.01279644199530594,6a8a1da68e180b47a7f0898199cda3eef466ca77300ff3efde8bfff396b01d6b,1618,9,2,-0.05102377063449257,-0.058162135218850754,0.4104563612493417,1.0,-0.004368290305137634,0.00930993165820837,,,,514.5511018260004,0.015069589358504453,0.0002125376698494108,0.015282127028353864,,,,,
fold-003,tabular/xgb-d6-b256-lr0.03-s42,evaluation,tabular,search,xgboost,xgboost,42,False,continuous,,11653,11,0.01512218012792073,0.0006074488744861893,0.015521094610937305,0.0006283258515176191,,,,,True,validation_plateau,300,1,,,,0.009931156993843615,03af2cbf220634b0465281e894549e8d07298a26abf69d1ff9006622d3754742,1618,1,10,-0.0690617447106402,-0.04722678464997418,0.4696534078376789,1.0,-0.000590189709328115,-0.00010748158092610538,,,,574.373470090999,0.015069589358504453,5.259076941627715e-05,0.01512218012792073,,,,,
fold-003,tabular/xgb-d6-b256-lr0.1-s42,evaluation,tabular,search,xgboost,xgboost,42,False,continuous,,11653,11,0.015222012689156015,0.0006132136422989547,0.01562372528778037,0.0006344339001509853,,,,,True,validation_plateau,300,5,,,,0.01190406599198468,062faafcec7d5f7935b821c122278ebd7891847002aae06fa61b695d09556fd0,1618,9,2,-0.01885811084328473,-0.0420563862934155,0.44721626397956327,1.0,-0.01673148199915886,0.011654834263026714,,,,601.2211146400005,0.015069589358504453,0.00015242333065156217,0.015222012689156015,,,,,
fold-003,tabular/xgb-d6-b64-lr0.03-s42,evaluation,tabular,search,xgboost,xgboost,42,False,continuous,,11653,11,0.015294711174935744,0.000616189122756956,0.015700194487937007,0.000637557589459939,,,,,True,validation_plateau,300,18,,,,0.012100644991733134,9bcafb51cb66e6c822d25ce4854edb252b083d912574b28c6759deff91aeda53,1618,9,2,-0.06744950400107201,-0.08715620841769321,0.4011149392200641,1.0,-0.0030003106221556664,0.0048516239039599895,,,,468.15108603500084,0.015069589358504453,0.00022512181643129063,0.015294711174935744,,,,,
fold-003,tabular/xgb-d6-b64-lr0.1-s42,evaluation,tabular,search,xgboost,xgboost,42,True,continuous,,11653,11,0.015250827586008627,0.0006145979227544784,0.015652750880212375,0.0006358150650922675,,,,,True,validation_plateau,300,5,,,,0.012041513997246511,ab58cd88f0973289dd8ede1e9bc87c37dcbb053ad12efafb39cc3d2f4fc8506a,1618,9,2,-0.054233255365334514,-0.07188348468807651,0.4331366866223057,1.0,-0.00440915348008275,0.005613577086478472,,,,464.09205240899973,0.015069589358504453,0.00018123822750417372,0.015250827586008627,,,,,
fold-003,tabular/xgb-d6-b64-lr0.1-s43,evaluation,tabular,finalist,xgboost,xgboost,43,True,continuous,,11653,11,0.015250827586008627,0.0006145979227544784,0.015652750880212375,0.0006358150650922675,,,,,True,validation_plateau,300,5,,,,0.0118240949959727,ab58cd88f0973289dd8ede1e9bc87c37dcbb053ad12efafb39cc3d2f4fc8506a,1618,9,2,-0.054233255365334514,-0.07188348468807651,0.4331366866223057,1.0,-0.00440915348008275,0.005613577086478472,,,,477.9096296859989,0.015069589358504453,0.00018123822750417372,0.015250827586008627,,,,,
fold-003,tabular/xgb-d6-b64-lr0.1-s44,evaluation,tabular,finalist,xgboost,xgboost,44,True,continuous,,11653,11,0.015250827586008627,0.0006145979227544784,0.015652750880212375,0.0006358150650922675,,,,,True,validation_plateau,300,5,,,,0.012657211002078839,ab58cd88f0973289dd8ede1e9bc87c37dcbb053ad12efafb39cc3d2f4fc8506a,1618,9,2,-0.054233255365334514,-0.07188348468807651,0.4331366866223057,1.0,-0.00440915348008275,0.005613577086478472,,,,472.5368855270008,0.015069589358504453,0.00018123822750417372,0.015250827586008627,,,,,
fold-003,posttraining/dlinear/seed-42/real/expected,evaluation,posttraining,posttraining,dlinear,expected,42,True,median,reference/US-natural/search/dlinear-10-s42,11653,11,0.016317041695898152,0.0006758361134264714,0.01678082653814656,0.0007011915249458185,0,13,50,True,True,validation_plateau,,,10751,,0.0,0.01916412200080231,9933ae41f42c167bd94f6a58591d68ef3b5858d0865dfc781f1b9e32d3344353,1618,11,0,-0.00961063687159199,-0.003686637556760634,0.12085799062635637,0.33222074326993695,-0.020245190913509445,0.006748396971169815,True,0.0,,181.12437057899842,0.015069589358504453,0.0012474523373936994,0.016236075747662365,8.096594823578732e-05,0.016317041695898152,0.0,0.016236075747662365,8.096594823578732e-05
fold-003,posttraining/dlinear/seed-42/real/klpo_exact,evaluation,posttraining,posttraining,dlinear,klpo_exact,42,True,median,reference/US-natural/search/dlinear-10-s42,11653,11,0.016317041695898152,0.0006758361134264714,0.01678082653814656,0.0007011915249458185,0,13,50,True,True,validation_plateau,,,10751,,0.0,0.014009563004947267,9933ae41f42c167bd94f6a58591d68ef3b5858d0865dfc781f1b9e32d3344353,1618,11,0,-0.00961063687159199,-0.003686637556760634,0.12085799062635637,0.33222074326993695,-0.020245190913509445,0.006748396971169815,True,0.0,,193.58243909400153,0.015069589358504453,0.0012474523373936994,0.016236075747662365,8.096594823578732e-05,0.016317041695898152,0.0,0.016236075747662365,8.096594823578732e-05
fold-003,posttraining/dlinear/seed-42/real/klpo_full,evaluation,posttraining,posttraining,dlinear,klpo_full,42,True,median,reference/US-natural/search/dlinear-10-s42,11653,11,0.016317041695898152,0.0006758361134264714,0.01678082653814656,0.0007011915249458185,0,13,50,True,True,validation_plateau,,,10751,,0.0,0.013471480997395702,9933ae41f42c167bd94f6a58591d68ef3b5858d0865dfc781f1b9e32d3344353,1618,11,0,-0.00961063687159199,-0.003686637556760634,0.12085799062635637,0.33222074326993695,-0.020245190913509445,0.006748396971169815,True,0.0,,200.06324274399958,0.015069589358504453,0.0012474523373936994,0.016236075747662365,8.096594823578732e-05,0.016317041695898152,0.0,0.016236075747662365,8.096594823578732e-05
fold-003,posttraining/dlinear/seed-42/real/klpo_mc,evaluation,posttraining,posttraining,dlinear,klpo_mc,42,True,median,reference/US-natural/search/dlinear-10-s42,11653,11,0.016317041695898152,0.0006758361134264714,0.01678082653814656,0.0007011915249458185,0,13,50,True,True,validation_plateau,,,10751,,0.0,0.01309688700712286,9933ae41f42c167bd94f6a58591d68ef3b5858d0865dfc781f1b9e32d3344353,1618,11,0,-0.00961063687159199,-0.003686637556760634,0.12085799062635637,0.33222074326993695,-0.020245190913509445,0.006748396971169815,True,0.0,,198.972410073,0.015069589358504453,0.0012474523373936994,0.016236075747662365,8.096594823578732e-05,0.016317041695898152,0.0,0.016236075747662365,8.096594823578732e-05
fold-003,posttraining/dlinear/seed-42/real/mae,evaluation,posttraining,posttraining,dlinear,mae,42,True,median,reference/US-natural/search/dlinear-10-s42,11653,11,0.016317041695898152,0.0006758361134264714,0.01678082653814656,0.0007011915249458185,0,13,50,True,True,validation_plateau,,,10751,,0.0,0.01349765100167133,9933ae41f42c167bd94f6a58591d68ef3b5858d0865dfc781f1b9e32d3344353,1618,11,0,-0.00961063687159199,-0.003686637556760634,0.12085799062635637,0.33222074326993695,-0.020245190913509445,0.006748396971169815,True,0.0,,170.40186497600007,0.015069589358504453,0.0012474523373936994,0.016236075747662365,8.096594823578732e-05,0.016317041695898152,0.0,0.016236075747662365,8.096594823578732e-05
fold-003,posttraining/dlinear/seed-42/real/neural_mae,evaluation,posttraining,posttraining,dlinear,neural_mae,42,True,median,reference/US-natural/search/dlinear-10-s42,11653,11,0.015074417041747622,0.0006044750323638749,0.015475794975993988,0.000625256549112676,3,13,50,False,True,validation_plateau,,,10751,,0.0,0.012651140001253225,fc42e3c414acff6917c12605dd86e3f92e2542b9888beee7968cea210ee6de3e,1618,10,1,-0.0016578369133351787,-0.0010100919002995778,0.0011682967448322162,0.002597783868895925,-0.006748396971169815,0.006748396971169815,False,0.015436111018061638,,190.1149070930005,0.015069589358504453,4.8276832431692895e-06,0.016236075747662365,-0.0011616587059147428,0.016317041695898152,-0.00124262465415053,0.01524551661053551,-0.00017109956878788753
fold-003,posttraining/dlinear/seed-42/real/neural_mse,evaluation,posttraining,posttraining,dlinear,neural_mse,42,True,median,reference/US-natural/search/dlinear-10-s42,11653,11,0.01520141227501227,0.0006108124918690883,0.015600638073547671,0.0006314533006793021,5,13,50,False,True,validation_plateau,,,10751,,0.0,0.013920384997618385,8b5a36e04342cdbdda4e98ec90b8f277f9cadc18fb25b1d173e9f9dfc3aad5c0,1618,11,0,5.3159219808056214e-05,0.006887582823757802,0.009595698436464387,0.033675167551079334,-0.006748396971169815,0.0,False,0.013648353517055511,,184.9557449269996,0.015069589358504453,0.00013182291650781774,0.016236075747662365,-0.0010346634726500943,0.016317041695898152,-0.0011156294208858816,0.015296250224585679,-9.483794957340815e-05
fold-003,posttraining/dlinear/seed-42/real/reinforce,evaluation,posttraining,posttraining,dlinear,reinforce,42,True,median,reference/US-natural/search/dlinear-10-s42,11653,11,0.016317041695898152,0.0006758361134264714,0.01678082653814656,0.0007011915249458185,0,13,50,True,True,validation_plateau,,,10751,,0.0,0.014088510986766778,9933ae41f42c167bd94f6a58591d68ef3b5858d0865dfc781f1b9e32d3344353,1618,11,0,-0.00961063687159199,-0.003686637556760634,0.12085799062635637,0.33222074326993695,-0.020245190913509445,0.006748396971169815,True,0.0,,193.08231283699934,0.015069589358504453,0.0012474523373936994,0.016236075747662365,8.096594823578732e-05,0.016317041695898152,0.0,0.016236075747662365,8.096594823578732e-05
fold-003,posttraining/dlinear/seed-43/real/expected,evaluation,posttraining,posttraining,dlinear,expected,43,True,median,reference/US-natural/search/dlinear-10-s42,11653,11,0.016317041695898152,0.0006758361134264714,0.01678082653814656,0.0007011915249458185,0,13,50,True,True,validation_plateau,,,10751,,0.0,0.013427828991552815,9933ae41f42c167bd94f6a58591d68ef3b5858d0865dfc781f1b9e32d3344353,1618,11,0,-0.00961063687159199,-0.003686637556760634,0.12085799062635637,0.33222074326993695,-0.020245190913509445,0.006748396971169815,True,0.0,,182.11567404599919,0.015069589358504453,0.0012474523373936994,0.016236075747662365,8.096594823578732e-05,0.016317041695898152,0.0,0.016236075747662365,8.096594823578732e-05
fold-003,posttraining/dlinear/seed-43/real/klpo_exact,evaluation,posttraining,posttraining,dlinear,klpo_exact,43,True,median,reference/US-natural/search/dlinear-10-s42,11653,11,0.016317041695898152,0.0006758361134264714,0.01678082653814656,0.0007011915249458185,0,13,50,True,True,validation_plateau,,,10751,,0.0,0.014062162008485757,9933ae41f42c167bd94f6a58591d68ef3b5858d0865dfc781f1b9e32d3344353,1618,11,0,-0.00961063687159199,-0.003686637556760634,0.12085799062635637,0.33222074326993695,-0.020245190913509445,0.006748396971169815,True,0.0,,195.92631531799998,0.015069589358504453,0.0012474523373936994,0.016236075747662365,8.096594823578732e-05,0.016317041695898152,0.0,0.016236075747662365,8.096594823578732e-05
fold-003,posttraining/dlinear/seed-43/real/klpo_full,evaluation,posttraining,posttraining,dlinear,klpo_full,43,True,median,reference/US-natural/search/dlinear-10-s42,11653,11,0.016317041695898152,0.0006758361134264714,0.01678082653814656,0.0007011915249458185,0,13,50,True,True,validation_plateau,,,10751,,0.0,0.013303315994562581,9933ae41f42c167bd94f6a58591d68ef3b5858d0865dfc781f1b9e32d3344353,1618,11,0,-0.00961063687159199,-0.003686637556760634,0.12085799062635637,0.33222074326993695,-0.020245190913509445,0.006748396971169815,True,0.0,,194.51754476300084,0.015069589358504453,0.0012474523373936994,0.016236075747662365,8.096594823578732e-05,0.016317041695898152,0.0,0.016236075747662365,8.096594823578732e-05
fold-003,posttraining/dlinear/seed-43/real/klpo_mc,evaluation,posttraining,posttraining,dlinear,klpo_mc,43,True,median,reference/US-natural/search/dlinear-10-s42,11653,11,0.016317041695898152,0.0006758361134264714,0.01678082653814656,0.0007011915249458185,0,13,50,True,True,validation_plateau,,,10751,,0.0,0.013627004009322263,9933ae41f42c167bd94f6a58591d68ef3b5858d0865dfc781f1b9e32d3344353,1618,11,0,-0.00961063687159199,-0.003686637556760634,0.12085799062635637,0.33222074326993695,-0.020245190913509445,0.006748396971169815,True,0.0,,203.56621286500013,0.015069589358504453,0.0012474523373936994,0.016236075747662365,8.096594823578732e-05,0.016317041695898152,0.0,0.016236075747662365,8.096594823578732e-05
fold-003,posttraining/dlinear/seed-43/real/mae,evaluation,posttraining,posttraining,dlinear,mae,43,True,median,reference/US-natural/search/dlinear-10-s42,11653,11,0.016317041695898152,0.0006758361134264714,0.01678082653814656,0.0007011915249458185,0,13,50,True,True,validation_plateau,,,10751,,0.0,0.013480749999871477,9933ae41f42c167bd94f6a58591d68ef3b5858d0865dfc781f1b9e32d3344353,1618,11,0,-0.00961063687159199,-0.003686637556760634,0.12085799062635637,0.33222074326993695,-0.020245190913509445,0.006748396971169815,True,0.0,,182.24253428999873,0.015069589358504453,0.0012474523373936994,0.016236075747662365,8.096594823578732e-05,0.016317041695898152,0.0,0.016236075747662365,8.096594823578732e-05
fold-003,posttraining/dlinear/seed-43/real/neural_mae,evaluation,posttraining,posttraining,dlinear,neural_mae,43,True,median,reference/US-natural/search/dlinear-10-s42,11653,11,0.015340201227545085,0.0006173857052094732,0.015737061724352963,0.0006379459474643086,9,17,50,False,True,validation_plateau,,,14059,,0.0,0.012833922999561764,aab7e3e7cc98717f60b7605e96ed7106e4ae49e8b274d51091fb7f00e7efca3a,1618,10,1,0.0046668950784781674,0.016025030585097678,0.02521816730801596,0.07878143065823562,-0.006748396971169815,0.0,False,0.013414619956165552,,246.30883826100035,0.015069589358504453,0.0002706118690406316,0.016236075747662365,-0.0008958745201172805,0.016317041695898152,-0.0009768404683530678,0.01535242236081759,-1.2221133272505638e-05
fold-003,posttraining/dlinear/seed-43/real/neural_mse,evaluation,posttraining,posttraining,dlinear,neural_mse,43,True,median,reference/US-natural/search/dlinear-10-s42,11653,11,0.015080845961583792,0.0006052415947188637,0.015481612057004537,0.000625969863591487,4,13,50,False,True,validation_plateau,,,10751,,0.0,0.014264943994930945,ecb46e444eb417e2e40afca68a1b6023570ba575b2203909f13ca9c7dc6f5f50,1618,11,0,-0.0011454144245104576,-0.014083191961345325,0.0028265538398733188,0.00635027660762481,-0.006748396971169815,0.006748396971169815,False,0.0151677206158638,,190.84447488500155,0.015069589358504453,1.1256603079339358e-05,0.016236075747662365,-0.0011552297860785727,0.016317041695898152,-0.00123619573431436,0.015193753673339734,-0.00011290771175594128
fold-003,posttraining/dlinear/seed-43/real/reinforce,evaluation,posttraining,posttraining,dlinear,reinforce,43,True,median,reference/US-natural/search/dlinear-10-s42,11653,11,0.016317041695898152,0.0006758361134264714,0.01678082653814656,0.0007011915249458185,0,13,50,True,True,validation_plateau,,,10751,,0.0,0.013610423004138283,9933ae41f42c167bd94f6a58591d68ef3b5858d0865dfc781f1b9e32d3344353,1618,11,0,-0.00961063687159199,-0.003686637556760634,0.12085799062635637,0.33222074326993695,-0.020245190913509445,0.006748396971169815,True,0.0,,184.82607338999878,0.015069589358504453,0.0012474523373936994,0.016236075747662365,8.096594823578732e-05,0.016317041695898152,0.0,0.016236075747662365,8.096594823578732e-05
fold-003,posttraining/dlinear/seed-44/real/expected,evaluation,posttraining,posttraining,dlinear,expected,44,True,median,reference/US-natural/search/dlinear-10-s42,11653,11,0.016317041695898152,0.0006758361134264714,0.01678082653814656,0.0007011915249458185,0,13,50,True,True,validation_plateau,,,10751,,0.0,0.01378958900750149,9933ae41f42c167bd94f6a58591d68ef3b5858d0865dfc781f1b9e32d3344353,1618,11,0,-0.00961063687159199,-0.003686637556760634,0.12085799062635637,0.33222074326993695,-0.020245190913509445,0.006748396971169815,True,0.0,,180.45705938100036,0.015069589358504453,0.0012474523373936994,0.016236075747662365,8.096594823578732e-05,0.016317041695898152,0.0,0.016236075747662365,8.096594823578732e-05
fold-003,posttraining/dlinear/seed-44/real/klpo_exact,evaluation,posttraining,posttraining,dlinear,klpo_exact,44,True,median,reference/US-natural/search/dlinear-10-s42,11653,11,0.016317041695898152,0.0006758361134264714,0.01678082653814656,0.0007011915249458185,0,13,50,True,True,validation_plateau,,,10751,,0.0,0.013511737997760065,9933ae41f42c167bd94f6a58591d68ef3b5858d0865dfc781f1b9e32d3344353,1618,11,0,-0.00961063687159199,-0.003686637556760634,0.12085799062635637,0.33222074326993695,-0.020245190913509445,0.006748396971169815,True,0.0,,194.09375759999966,0.015069589358504453,0.0012474523373936994,0.016236075747662365,8.096594823578732e-05,0.016317041695898152,0.0,0.016236075747662365,8.096594823578732e-05
fold-003,posttraining/dlinear/seed-44/real/klpo_full,evaluation,posttraining,posttraining,dlinear,klpo_full,44,True,median,reference/US-natural/search/dlinear-10-s42,11653,11,0.016317041695898152,0.0006758361134264714,0.01678082653814656,0.0007011915249458185,0,13,50,True,True,validation_plateau,,,10751,,0.0,0.013291121998918243,9933ae41f42c167bd94f6a58591d68ef3b5858d0865dfc781f1b9e32d3344353,1618,11,0,-0.00961063687159199,-0.003686637556760634,0.12085799062635637,0.33222074326993695,-0.020245190913509445,0.006748396971169815,True,0.0,,193.09819813299873,0.015069589358504453,0.0012474523373936994,0.016236075747662365,8.096594823578732e-05,0.016317041695898152,0.0,0.016236075747662365,8.096594823578732e-05
fold-003,posttraining/dlinear/seed-44/real/klpo_mc,evaluation,posttraining,posttraining,dlinear,klpo_mc,44,True,median,reference/US-natural/search/dlinear-10-s42,11653,11,0.016317041695898152,0.0006758361134264714,0.01678082653814656,0.0007011915249458185,0,13,50,True,True,validation_plateau,,,10751,,0.0,0.013578933998360299,9933ae41f42c167bd94f6a58591d68ef3b5858d0865dfc781f1b9e32d3344353,1618,11,0,-0.00961063687159199,-0.003686637556760634,0.12085799062635637,0.33222074326993695,-0.020245190913509445,0.006748396971169815,True,0.0,,200.47877254299965,0.015069589358504453,0.0012474523373936994,0.016236075747662365,8.096594823578732e-05,0.016317041695898152,0.0,0.016236075747662365,8.096594823578732e-05
fold-003,posttraining/dlinear/seed-44/real/mae,evaluation,posttraining,posttraining,dlinear,mae,44,True,median,reference/US-natural/search/dlinear-10-s42,11653,11,0.016317041695898152,0.0006758361134264714,0.01678082653814656,0.0007011915249458185,0,13,50,True,True,validation_plateau,,,10751,,0.0,0.013395427988143638,9933ae41f42c167bd94f6a58591d68ef3b5858d0865dfc781f1b9e32d3344353,1618,11,0,-0.00961063687159199,-0.003686637556760634,0.12085799062635637,0.33222074326993695,-0.020245190913509445,0.006748396971169815,True,0.0,,178.51181464300134,0.015069589358504453,0.0012474523373936994,0.016236075747662365,8.096594823578732e-05,0.016317041695898152,0.0,0.016236075747662365,8.096594823578732e-05
fold-003,posttraining/dlinear/seed-44/real/neural_mae,evaluation,posttraining,posttraining,dlinear,neural_mae,44,True,median,reference/US-natural/search/dlinear-10-s42,11653,11,0.015355394796970527,0.0006265035445111462,0.015778138091472795,0.0006488028651221752,5,13,50,False,True,validation_plateau,,,10751,,0.0,0.014012569008627906,e0a71f1d76d417eadf4c2cdef14aa105c7c6fcc8a9ca42df75ec2f43d8665277,1618,11,0,-0.020677634045063478,-0.05204987729867821,0.03447766561977904,0.10102271545404222,-0.006748396971169815,0.0,False,0.01301039569079876,,190.0787606140002,0.015069589358504453,0.0002858054384660743,0.016236075747662365,-0.0008806809506918378,0.016317041695898152,-0.0009616468989276251,0.015492961356055119,-0.00013756655908459155
fold-003,posttraining/dlinear/seed-44/real/neural_mse,evaluation,posttraining,posttraining,dlinear,neural_mse,44,True,median,reference/US-natural/search/dlinear-10-s42,11653,11,0.01509889798620674,0.000605702964871445,0.015499760784547432,0.0006264422560089336,9,17,50,False,True,validation_plateau,,,14059,,0.0,0.013113978988258168,1738cedf460e7aef2417f6437ccbab0b051c2d5d8e2b923f53fa5f8e524f242b,1618,7,4,0.003223936380606187,0.027077939692695296,0.0036980484969091607,0.010618102276860518,-0.006748396971169815,0.0,False,0.015298827551305294,,242.86816049200024,0.015069589358504453,2.930862770228644e-05,0.016236075747662365,-0.0011371777614556256,0.016317041695898152,-0.001218143709691413,0.015260952781200458,-0.00016205479499371844
fold-003,posttraining/dlinear/seed-44/real/reinforce,evaluation,posttraining,posttraining,dlinear,reinforce,44,True,median,reference/US-natural/search/dlinear-10-s42,11653,11,0.016317041695898152,0.0006758361134264714,0.01678082653814656,0.0007011915249458185,0,13,50,True,True,validation_plateau,,,10751,,0.0,0.014005335004185326,9933ae41f42c167bd94f6a58591d68ef3b5858d0865dfc781f1b9e32d3344353,1618,11,0,-0.00961063687159199,-0.003686637556760634,0.12085799062635637,0.33222074326993695,-0.020245190913509445,0.006748396971169815,True,0.0,,189.2008621040004,0.015069589358504453,0.0012474523373936994,0.016236075747662365,8.096594823578732e-05,0.016317041695898152,0.0,0.016236075747662365,8.096594823578732e-05
fold-003,posttraining/gru/seed-42/real/expected,evaluation,posttraining,posttraining,gru,expected,42,True,median,reference/US-natural/search/gru-10-s42,11653,11,0.01598857939318696,0.0006464980425684387,0.016427704827683697,0.0006695806524423901,0,13,50,True,True,validation_plateau,,,10751,,0.0,0.019158401002641767,a7474a9d5e17f67f705fbd573298d5f84abb38c0517c93be1f19f4da8c31a4d2,1618,11,0,0.013819456163174905,0.008448916940294204,0.13570787109384452,0.3405362952282593,-0.01349679394233963,0.006748396971169815,True,0.0,,183.70183203999932,0.015069589358504453,0.0009189900346825083,0.01584760879337667,0.0001409705998102924,0.01598857939318696,0.0,0.01584760879337667,0.0001409705998102924
fold-003,posttraining/gru/seed-42/real/klpo_exact,evaluation,posttraining,posttraining,gru,klpo_exact,42,True,median,reference/US-natural/search/gru-10-s42,11653,11,0.01598857939318696,0.0006464980425684387,0.016427704827683697,0.0006695806524423901,0,13,50,True,True,validation_plateau,,,10751,,0.0,0.013816880993545055,a7474a9d5e17f67f705fbd573298d5f84abb38c0517c93be1f19f4da8c31a4d2,1618,11,0,0.013819456163174905,0.008448916940294204,0.13570787109384452,0.3405362952282593,-0.01349679394233963,0.006748396971169815,True,0.0,,193.42446506499982,0.015069589358504453,0.0009189900346825083,0.01584760879337667,0.0001409705998102924,0.01598857939318696,0.0,0.01584760879337667,0.0001409705998102924
fold-003,posttraining/gru/seed-42/real/klpo_full,evaluation,posttraining,posttraining,gru,klpo_full,42,True,median,reference/US-natural/search/gru-10-s42,11653,11,0.01598857939318696,0.0006464980425684387,0.016427704827683697,0.0006695806524423901,0,13,50,True,True,validation_plateau,,,10751,,0.0,0.013698017006390728,a7474a9d5e17f67f705fbd573298d5f84abb38c0517c93be1f19f4da8c31a4d2,1618,11,0,0.013819456163174905,0.008448916940294204,0.13570787109384452,0.3405362952282593,-0.01349679394233963,0.006748396971169815,True,0.0,,198.69082374899972,0.015069589358504453,0.0009189900346825083,0.01584760879337667,0.0001409705998102924,0.01598857939318696,0.0,0.01584760879337667,0.0001409705998102924
fold-003,posttraining/gru/seed-42/real/klpo_mc,evaluation,posttraining,posttraining,gru,klpo_mc,42,True,median,reference/US-natural/search/gru-10-s42,11653,11,0.01598857939318696,0.0006464980425684387,0.016427704827683697,0.0006695806524423901,0,13,50,True,True,validation_plateau,,,10751,,0.0,0.01313270500395447,a7474a9d5e17f67f705fbd573298d5f84abb38c0517c93be1f19f4da8c31a4d2,1618,11,0,0.013819456163174905,0.008448916940294204,0.13570787109384452,0.3405362952282593,-0.01349679394233963,0.006748396971169815,True,0.0,,201.87847254999997,0.015069589358504453,0.0009189900346825083,0.01584760879337667,0.0001409705998102924,0.01598857939318696,0.0,0.01584760879337667,0.0001409705998102924
fold-003,posttraining/gru/seed-42/real/mae,evaluation,posttraining,posttraining,gru,mae,42,True,median,reference/US-natural/search/gru-10-s42,11653,11,0.01598857939318696,0.0006464980425684387,0.016427704827683697,0.0006695806524423901,0,13,50,True,True,validation_plateau,,,10751,,0.0,0.014215489994967356,a7474a9d5e17f67f705fbd573298d5f84abb38c0517c93be1f19f4da8c31a4d2,1618,11,0,0.013819456163174905,0.008448916940294204,0.13570787109384452,0.3405362952282593,-0.01349679394233963,0.006748396971169815,True,0.0,,179.16899962999923,0.015069589358504453,0.0009189900346825083,0.01584760879337667,0.0001409705998102924,0.01598857939318696,0.0,0.01584760879337667,0.0001409705998102924
fold-003,posttraining/gru/seed-42/real/neural_mae,evaluation,posttraining,posttraining,gru,neural_mae,42,True,median,reference/US-natural/search/gru-10-s42,11653,11,0.015256442547200938,0.0006138369597585571,0.015655000645458092,0.0006344867971799508,2,13,50,False,True,validation_plateau,,,10751,,0.0,0.013404134995653294,4b89e45e458a5f6408542e279f283898699a600cde90b94e72b0a0d0fb494cf8,1618,8,3,0.006513236906019299,-0.005630913937093689,0.025294875339805886,0.06859612410924859,-0.006748396971169815,0.006748396971169815,False,0.009831028059124947,,198.04008039200016,0.015069589358504453,0.0001868531886964845,0.01584760879337667,-0.0005911662461757314,0.01598857939318696,-0.0007321368459860238,0.01522950067243452,2.69418747664181e-05
fold-003,posttraining/gru/seed-42/real/neural_mse,evaluation,posttraining,posttraining,gru,neural_mse,42,True,median,reference/US-natural/search/gru-10-s42,11653,11,0.015072484903030576,0.0006044214777874333,0.015473677070615834,0.0006251830116525674,5,13,50,False,True,validation_plateau,,,10751,,0.0,0.013976290996652097,165e31bb7dbb2e8c8765c09eb31bc0881a5ae45ef138a14c5be2835e25d9e16c,1618,11,0,-0.004442510259755584,0.005877925957442797,0.001206113989467251,0.0027538659994456264,-0.006748396971169815,0.006748396971169815,False,0.011925107100978494,,198.3216314629999,0.015069589358504453,2.895544526123131e-06,0.01584760879337667,-0.0007751238903460928,0.01598857939318696,-0.0009160944901563852,0.015255341435149637,-0.00018285653211906096
fold-003,posttraining/gru/seed-42/real/reinforce,evaluation,posttraining,posttraining,gru,reinforce,42,True,median,reference/US-natural/search/gru-10-s42,11653,11,0.01598857939318696,0.0006464980425684387,0.016427704827683697,0.0006695806524423901,0,13,50,True,True,validation_plateau,,,10751,,0.0,0.013493212987668812,a7474a9d5e17f67f705fbd573298d5f84abb38c0517c93be1f19f4da8c31a4d2,1618,11,0,0.013819456163174905,0.008448916940294204,0.13570787109384452,0.3405362952282593,-0.01349679394233963,0.006748396971169815,True,0.0,,189.2658117279998,0.015069589358504453,0.0009189900346825083,0.01584760879337667,0.0001409705998102924,0.01598857939318696,0.0,0.01584760879337667,0.0001409705998102924
fold-003,posttraining/gru/seed-43/real/expected,evaluation,posttraining,posttraining,gru,expected,43,True,median,reference/US-natural/search/gru-10-s42,11653,11,0.01598857939318696,0.0006464980425684387,0.016427704827683697,0.0006695806524423901,0,13,50,True,True,validation_plateau,,,10751,,0.0,0.013352627996937372,a7474a9d5e17f67f705fbd573298d5f84abb38c0517c93be1f19f4da8c31a4d2,1618,11,0,0.013819456163174905,0.008448916940294204,0.13570787109384452,0.3405362952282593,-0.01349679394233963,0.006748396971169815,True,0.0,,181.5920149429994,0.015069589358504453,0.0009189900346825083,0.01584760879337667,0.0001409705998102924,0.01598857939318696,0.0,0.01584760879337667,0.0001409705998102924
fold-003,posttraining/gru/seed-43/real/klpo_exact,evaluation,posttraining,posttraining,gru,klpo_exact,43,True,median,reference/US-natural/search/gru-10-s42,11653,11,0.01598857939318696,0.0006464980425684387,0.016427704827683697,0.0006695806524423901,0,13,50,True,True,validation_plateau,,,10751,,0.0,0.014228415006073192,a7474a9d5e17f67f705fbd573298d5f84abb38c0517c93be1f19f4da8c31a4d2,1618,11,0,0.013819456163174905,0.008448916940294204,0.13570787109384452,0.3405362952282593,-0.01349679394233963,0.006748396971169815,True,0.0,,192.37343994299954,0.015069589358504453,0.0009189900346825083,0.01584760879337667,0.0001409705998102924,0.01598857939318696,0.0,0.01584760879337667,0.0001409705998102924
fold-003,posttraining/gru/seed-43/real/klpo_full,evaluation,posttraining,posttraining,gru,klpo_full,43,True,median,reference/US-natural/search/gru-10-s42,11653,11,0.01598857939318696,0.0006464980425684387,0.016427704827683697,0.0006695806524423901,0,13,50,True,True,validation_plateau,,,10751,,0.0,0.014591686995117925,a7474a9d5e17f67f705fbd573298d5f84abb38c0517c93be1f19f4da8c31a4d2,1618,11,0,0.013819456163174905,0.008448916940294204,0.13570787109384452,0.3405362952282593,-0.01349679394233963,0.006748396971169815,True,0.0,,194.51649445599924,0.015069589358504453,0.0009189900346825083,0.01584760879337667,0.0001409705998102924,0.01598857939318696,0.0,0.01584760879337667,0.0001409705998102924
fold-003,posttraining/gru/seed-43/real/klpo_mc,evaluation,posttraining,posttraining,gru,klpo_mc,43,True,median,reference/US-natural/search/gru-10-s42,11653,11,0.01598857939318696,0.0006464980425684387,0.016427704827683697,0.0006695806524423901,0,13,50,True,True,validation_plateau,,,10751,,0.0,0.014251517990487628,a7474a9d5e17f67f705fbd573298d5f84abb38c0517c93be1f19f4da8c31a4d2,1618,11,0,0.013819456163174905,0.008448916940294204,0.13570787109384452,0.3405362952282593,-0.01349679394233963,0.006748396971169815,True,0.0,,203.1092714840006,0.015069589358504453,0.0009189900346825083,0.01584760879337667,0.0001409705998102924,0.01598857939318696,0.0,0.01584760879337667,0.0001409705998102924
fold-003,posttraining/gru/seed-43/real/mae,evaluation,posttraining,posttraining,gru,mae,43,True,median,reference/US-natural/search/gru-10-s42,11653,11,0.01598857939318696,0.0006464980425684387,0.016427704827683697,0.0006695806524423901,0,13,50,True,True,validation_plateau,,,10751,,0.0,0.014439400998526253,a7474a9d5e17f67f705fbd573298d5f84abb38c0517c93be1f19f4da8c31a4d2,1618,11,0,0.013819456163174905,0.008448916940294204,0.13570787109384452,0.3405362952282593,-0.01349679394233963,0.006748396971169815,True,0.0,,178.15749167400008,0.015069589358504453,0.0009189900346825083,0.01584760879337667,0.0001409705998102924,0.01598857939318696,0.0,0.01584760879337667,0.0001409705998102924
fold-003,posttraining/gru/seed-43/real/neural_mae,evaluation,posttraining,posttraining,gru,neural_mae,43,True,median,reference/US-natural/search/gru-10-s42,11653,11,0.015089295408724784,0.0006075336190425218,0.015491196847373422,0.0006284383691013508,2,13,50,False,True,validation_plateau,,,10751,,0.0,0.014254863999667577,3222c720debd8a76f27701838ea9510e135175767e92b1ef053e8db05be35f96,1618,11,0,0.003095044602506799,-0.02273900752311474,0.013532055252781212,0.026438763648875974,-0.006748396971169815,0.0,False,0.009573081508278847,,206.03691161400002,0.015069589358504453,1.970605022033091e-05,0.01584760879337667,-0.000758313384651885,0.01598857939318696,-0.0008992839844621774,0.015247957237469302,-0.00015866182874451837
fold-003,posttraining/gru/seed-43/real/neural_mse,evaluation,posttraining,posttraining,gru,neural_mse,43,True,median,reference/US-natural/search/gru-10-s42,11653,11,0.01509885564777747,0.0006059696187329267,0.015501098928596722,0.0006267971004864524,4,13,50,False,True,validation_plateau,,,10751,,0.0,0.012391081007081084,83e1c7cc3f740fe4e8b377945a0e49594a152289957fdfe4ceab5c499f35ef1e,1618,4,7,-0.0003398718629053809,0.012290496154839098,0.003800685205632702,0.010103379599914544,-0.006748396971169815,0.006748396971169815,False,0.011220394168049097,,200.28658217099928,0.015069589358504453,2.9266289273017013e-05,0.01584760879337667,-0.0007487531455991989,0.01598857939318696,-0.0008897237454094913,0.01523549635524122,-0.00013664070746374941
fold-003,posttraining/gru/seed-43/real/reinforce,evaluation,posttraining,posttraining,gru,reinforce,43,True,median,reference/US-natural/search/gru-10-s42,11653,11,0.01598857939318696,0.0006464980425684387,0.016427704827683697,0.0006695806524423901,0,13,50,True,True,validation_plateau,,,10751,,0.0,0.013397611997788772,a7474a9d5e17f67f705fbd573298d5f84abb38c0517c93be1f19f4da8c31a4d2,1618,11,0,0.013819456163174905,0.008448916940294204,0.13570787109384452,0.3405362952282593,-0.01349679394233963,0.006748396971169815,True,0.0,,181.24756037000043,0.015069589358504453,0.0009189900346825083,0.01584760879337667,0.0001409705998102924,0.01598857939318696,0.0,0.01584760879337667,0.0001409705998102924
fold-003,posttraining/gru/seed-44/real/expected,evaluation,posttraining,posttraining,gru,expected,44,True,median,reference/US-natural/search/gru-10-s42,11653,11,0.01598857939318696,0.0006464980425684387,0.016427704827683697,0.0006695806524423901,0,13,50,True,True,validation_plateau,,,10751,,0.0,0.013899404992116615,a7474a9d5e17f67f705fbd573298d5f84abb38c0517c93be1f19f4da8c31a4d2,1618,11,0,0.013819456163174905,0.008448916940294204,0.13570787109384452,0.3405362952282593,-0.01349679394233963,0.006748396971169815,True,0.0,,187.9011598270008,0.015069589358504453,0.0009189900346825083,0.01584760879337667,0.0001409705998102924,0.01598857939318696,0.0,0.01584760879337667,0.0001409705998102924
fold-003,posttraining/gru/seed-44/real/klpo_exact,evaluation,posttraining,posttraining,gru,klpo_exact,44,True,median,reference/US-natural/search/gru-10-s42,11653,11,0.01598857939318696,0.0006464980425684387,0.016427704827683697,0.0006695806524423901,0,13,50,True,True,validation_plateau,,,10751,,0.0,0.013715209992369637,a7474a9d5e17f67f705fbd573298d5f84abb38c0517c93be1f19f4da8c31a4d2,1618,11,0,0.013819456163174905,0.008448916940294204,0.13570787109384452,0.3405362952282593,-0.01349679394233963,0.006748396971169815,True,0.0,,195.94644088600035,0.015069589358504453,0.0009189900346825083,0.01584760879337667,0.0001409705998102924,0.01598857939318696,0.0,0.01584760879337667,0.0001409705998102924
fold-003,posttraining/gru/seed-44/real/klpo_full,evaluation,posttraining,posttraining,gru,klpo_full,44,True,median,reference/US-natural/search/gru-10-s42,11653,11,0.01598857939318696,0.0006464980425684387,0.016427704827683697,0.0006695806524423901,0,13,50,True,True,validation_plateau,,,10751,,0.0,0.013123858007020317,a7474a9d5e17f67f705fbd573298d5f84abb38c0517c93be1f19f4da8c31a4d2,1618,11,0,0.013819456163174905,0.008448916940294204,0.13570787109384452,0.3405362952282593,-0.01349679394233963,0.006748396971169815,True,0.0,,191.8416994599993,0.015069589358504453,0.0009189900346825083,0.01584760879337667,0.0001409705998102924,0.01598857939318696,0.0,0.01584760879337667,0.0001409705998102924
fold-003,posttraining/gru/seed-44/real/klpo_mc,evaluation,posttraining,posttraining,gru,klpo_mc,44,True,median,reference/US-natural/search/gru-10-s42,11653,11,0.01598857939318696,0.0006464980425684387,0.016427704827683697,0.0006695806524423901,0,13,50,True,True,validation_plateau,,,10751,,0.0,0.014915025007212535,a7474a9d5e17f67f705fbd573298d5f84abb38c0517c93be1f19f4da8c31a4d2,1618,11,0,0.013819456163174905,0.008448916940294204,0.13570787109384452,0.3405362952282593,-0.01349679394233963,0.006748396971169815,True,0.0,,202.78633738999997,0.015069589358504453,0.0009189900346825083,0.01584760879337667,0.0001409705998102924,0.01598857939318696,0.0,0.01584760879337667,0.0001409705998102924
fold-003,posttraining/gru/seed-44/real/mae,evaluation,posttraining,posttraining,gru,mae,44,True,median,reference/US-natural/search/gru-10-s42,11653,11,0.01598857939318696,0.0006464980425684387,0.016427704827683697,0.0006695806524423901,0,13,50,True,True,validation_plateau,,,10751,,0.0,0.013891620998037979,a7474a9d5e17f67f705fbd573298d5f84abb38c0517c93be1f19f4da8c31a4d2,1618,11,0,0.013819456163174905,0.008448916940294204,0.13570787109384452,0.3405362952282593,-0.01349679394233963,0.006748396971169815,True,0.0,,179.7282131230004,0.015069589358504453,0.0009189900346825083,0.01584760879337667,0.0001409705998102924,0.01598857939318696,0.0,0.01584760879337667,0.0001409705998102924
fold-003,posttraining/gru/seed-44/real/neural_mae,evaluation,posttraining,posttraining,gru,neural_mae,44,True,median,reference/US-natural/search/gru-10-s42,11653,11,0.0150878900996184,0.000604725685087758,0.015489792214649419,0.0006255114825779133,4,13,50,False,True,validation_plateau,,,10751,,0.0,0.01149498599988874,ac0fdfe52a8dead8f38f937ca0b1866cbb9dc449a8cdc4c90c2ba9b32333bc89,1618,2,9,0.004216595004007116,-0.001661271495591411,0.0017408194073286183,0.004812633438046759,0.0,0.006748396971169815,False,0.012584315612912178,,203.53865315800067,0.015069589358504453,1.830074111394686e-05,0.01584760879337667,-0.0007597186937582691,0.01598857939318696,-0.0009006892935685615,0.01512141422623309,-3.352412661468927e-05
fold-003,posttraining/gru/seed-44/real/neural_mse,evaluation,posttraining,posttraining,gru,neural_mse,44,True,median,reference/US-natural/search/gru-10-s42,11653,11,0.015339595672604862,0.0006171702035639358,0.015731551607713137,0.0006377764053199443,1,13,50,False,True,validation_plateau,,,10751,,0.0,0.01378345800912939,8ec122b7aa2276070ed6c55e057f93ed27fb634440ab2cd5c93f004d62cc385d,1618,11,0,-0.008892222501986872,-0.008259115330285026,0.03892864138216667,0.10089524604278556,-0.006748396971169815,0.006748396971169815,False,0.009867231361567974,,201.9387293130003,0.015069589358504453,0.0002700063141004086,0.01584760879337667,-0.0005080131207718074,0.01598857939318696,-0.0006489837205820997,0.015517758881634081,-0.00017816320902921956
fold-003,posttraining/gru/seed-44/real/reinforce,evaluation,posttraining,posttraining,gru,reinforce,44,True,median,reference/US-natural/search/gru-10-s42,11653,11,0.01598857939318696,0.0006464980425684387,0.016427704827683697,0.0006695806524423901,0,13,50,True,True,validation_plateau,,,10751,,0.0,0.01328250698861666,a7474a9d5e17f67f705fbd573298d5f84abb38c0517c93be1f19f4da8c31a4d2,1618,11,0,0.013819456163174905,0.008448916940294204,0.13570787109384452,0.3405362952282593,-0.01349679394233963,0.006748396971169815,True,0.0,,189.45637781299956,0.015069589358504453,0.0009189900346825083,0.01584760879337667,0.0001409705998102924,0.01598857939318696,0.0,0.01584760879337667,0.0001409705998102924
fold-003,posttraining/lstm/seed-42/real/expected,evaluation,posttraining,posttraining,lstm,expected,42,True,median,reference/US-natural/search/lstm-00-s42,11653,11,0.016158533577102206,0.0006711999523600173,0.016628528221415015,0.0006972054582811551,0,13,50,True,True,validation_plateau,,,10751,,0.0,0.018914953994681127,0a142a90d0cd004fa6658739e83e714a8e28e0b981e39743e551cc896581acf2,1618,11,0,0.006207377718936475,-0.008065732449484291,0.13726541225058528,0.3623237923660824,-0.02699358788467926,0.013496793942339616,True,0.0,,145.83204599300007,0.015069589358504453,0.0010889442185977524,0.016105983688912775,5.254988818943068e-05,0.016158533577102206,0.0,0.016105983688912775,5.254988818943068e-05
fold-003,posttraining/lstm/seed-42/real/klpo_exact,evaluation,posttraining,posttraining,lstm,klpo_exact,42,True,median,reference/US-natural/search/lstm-00-s42,11653,11,0.016158533577102206,0.0006711999523600173,0.016628528221415015,0.0006972054582811551,0,13,50,True,True,validation_plateau,,,10751,,0.0,0.013594393007224426,0a142a90d0cd004fa6658739e83e714a8e28e0b981e39743e551cc896581acf2,1618,11,0,0.006207377718936475,-0.008065732449484291,0.13726541225058528,0.3623237923660824,-0.02699358788467926,0.013496793942339616,True,0.0,,188.07685384800004,0.015069589358504453,0.0010889442185977524,0.016105983688912775,5.254988818943068e-05,0.016158533577102206,0.0,0.016105983688912775,5.254988818943068e-05
fold-003,posttraining/lstm/seed-42/real/klpo_full,evaluation,posttraining,posttraining,lstm,klpo_full,42,True,median,reference/US-natural/search/lstm-00-s42,11653,11,0.016158533577102206,0.0006711999523600173,0.016628528221415015,0.0006972054582811551,0,13,50,True,True,validation_plateau,,,10751,,0.0,0.01455298499786295,0a142a90d0cd004fa6658739e83e714a8e28e0b981e39743e551cc896581acf2,1618,11,0,0.006207377718936475,-0.008065732449484291,0.13726541225058528,0.3623237923660824,-0.02699358788467926,0.013496793942339616,True,0.0,,193.43185311099998,0.015069589358504453,0.0010889442185977524,0.016105983688912775,5.254988818943068e-05,0.016158533577102206,0.0,0.016105983688912775,5.254988818943068e-05
fold-003,posttraining/lstm/seed-42/real/klpo_mc,evaluation,posttraining,posttraining,lstm,klpo_mc,42,True,median,reference/US-natural/search/lstm-00-s42,11653,11,0.016158533577102206,0.0006711999523600173,0.016628528221415015,0.0006972054582811551,0,13,50,True,True,validation_plateau,,,10751,,0.0,0.014036473003216088,0a142a90d0cd004fa6658739e83e714a8e28e0b981e39743e551cc896581acf2,1618,11,0,0.006207377718936475,-0.008065732449484291,0.13726541225058528,0.3623237923660824,-0.02699358788467926,0.013496793942339616,True,0.0,,202.823201483,0.015069589358504453,0.0010889442185977524,0.016105983688912775,5.254988818943068e-05,0.016158533577102206,0.0,0.016105983688912775,5.254988818943068e-05
fold-003,posttraining/lstm/seed-42/real/mae,evaluation,posttraining,posttraining,lstm,mae,42,True,median,reference/US-natural/search/lstm-00-s42,11653,11,0.016158533577102206,0.0006711999523600173,0.016628528221415015,0.0006972054582811551,0,13,50,True,True,validation_plateau,,,10751,,0.0,0.013553134995163418,0a142a90d0cd004fa6658739e83e714a8e28e0b981e39743e551cc896581acf2,1618,11,0,0.006207377718936475,-0.008065732449484291,0.13726541225058528,0.3623237923660824,-0.02699358788467926,0.013496793942339616,True,0.0,,85.93841117899998,0.015069589358504453,0.0010889442185977524,0.016105983688912775,5.254988818943068e-05,0.016158533577102206,0.0,0.016105983688912775,5.254988818943068e-05
fold-003,posttraining/lstm/seed-42/real/neural_mae,evaluation,posttraining,posttraining,lstm,neural_mae,42,True,median,reference/US-natural/search/lstm-00-s42,11653,11,0.015519617930146388,0.0006349547501021417,0.015964877290845024,0.0006587893149611251,10,18,50,False,True,validation_plateau,,,14886,,0.0,0.013438739988487214,82d74963a212879763f4b1a10860f2fa5a19faf3566b0e47e0f484f1588ef8b3,1618,11,0,-0.012628178093532404,-0.029007727450865127,0.046931466836919296,0.13996448406019799,-0.020245190913509445,0.006748396971169815,False,0.017342224717140198,,265.722490967,0.015069589358504453,0.00045002857164193506,0.016105983688912775,-0.0005863657587663867,0.016158533577102206,-0.0006389156469558174,0.015582476194327989,-6.285826418160091e-05
fold-003,posttraining/lstm/seed-42/real/neural_mse,evaluation,posttraining,posttraining,lstm,neural_mse,42,True,median,reference/US-natural/search/lstm-00-s42,11653,11,0.015213222758422353,0.0006106836798959069,0.01561196536505041,0.000631627862094884,14,22,50,False,True,validation_plateau,,,18194,,0.0,0.013152662009815685,e9bd8d0bf61ff230852331cd74970172f1488b6a9027f6d0a16701b20fa9a272,1618,11,0,-0.0013213232307590906,-0.0047071626399272344,0.02507587405319518,0.05816409541081209,-0.01349679394233963,0.013496793942339616,False,0.0245748832821846,,318.66074196499994,0.015069589358504453,0.0001436333999178998,0.016105983688912775,-0.000892760930490422,0.016158533577102206,-0.0009453108186798526,0.015334124908217228,-0.00012090214979487528
fold-003,posttraining/lstm/seed-42/real/reinforce,evaluation,posttraining,posttraining,lstm,reinforce,42,True,median,reference/US-natural/search/lstm-00-s42,11653,11,0.016158533577102206,0.0006711999523600173,0.016628528221415015,0.0006972054582811551,0,13,50,True,True,validation_plateau,,,10751,,0.0,0.014603169009205885,0a142a90d0cd004fa6658739e83e714a8e28e0b981e39743e551cc896581acf2,1618,11,0,0.006207377718936475,-0.008065732449484291,0.13726541225058528,0.3623237923660824,-0.02699358788467926,0.013496793942339616,True,0.0,,150.62775294699895,0.015069589358504453,0.0010889442185977524,0.016105983688912775,5.254988818943068e-05,0.016158533577102206,0.0,0.016105983688912775,5.254988818943068e-05
fold-003,posttraining/lstm/seed-43/real/expected,evaluation,posttraining,posttraining,lstm,expected,43,True,median,reference/US-natural/search/lstm-00-s42,11653,11,0.01631154165033909,0.0006820092033881889,0.016780614488295317,0.0007091800004042233,2,13,50,False,True,validation_plateau,,,10751,,0.0,0.014077079991693608,ce491bd7862cda5d6fd75fc1f69e4099abbaefec51cdc1de61d8fd8987397e39,1618,11,0,-0.03599743951026266,-0.04646528474294342,0.18082104651448658,0.43608799766812256,-0.02699358788467926,0.013496793942339616,False,0.021437015516548235,,178.62305197499995,0.015069589358504453,0.0012419522918346373,0.016105983688912775,0.0002055579614263156,0.016158533577102206,0.00015300807323688492,0.016244357870965245,6.718377937384515e-05
fold-003,posttraining/lstm/seed-43/real/klpo_exact,evaluation,posttraining,posttraining,lstm,klpo_exact,43,True,median,reference/US-natural/search/lstm-00-s42,11653,11,0.016158533577102206,0.0006711999523600173,0.016628528221415015,0.0006972054582811551,0,13,50,True,True,validation_plateau,,,10751,,0.0,0.015337738994276151,0a142a90d0cd004fa6658739e83e714a8e28e0b981e39743e551cc896581acf2,1618,11,0,0.006207377718936475,-0.008065732449484291,0.13726541225058528,0.3623237923660824,-0.02699358788467926,0.013496793942339616,True,0.0,,193.41865959000006,0.015069589358504453,0.0010889442185977524,0.016105983688912775,5.254988818943068e-05,0.016158533577102206,0.0,0.016105983688912775,5.254988818943068e-05
fold-003,posttraining/lstm/seed-43/real/klpo_full,evaluation,posttraining,posttraining,lstm,klpo_full,43,True,median,reference/US-natural/search/lstm-00-s42,11653,11,0.016158533577102206,0.0006711999523600173,0.016628528221415015,0.0006972054582811551,0,13,50,True,True,validation_plateau,,,10751,,0.0,0.014477221993729472,0a142a90d0cd004fa6658739e83e714a8e28e0b981e39743e551cc896581acf2,1618,11,0,0.006207377718936475,-0.008065732449484291,0.13726541225058528,0.3623237923660824,-0.02699358788467926,0.013496793942339616,True,0.0,,194.14484271200013,0.015069589358504453,0.0010889442185977524,0.016105983688912775,5.254988818943068e-05,0.016158533577102206,0.0,0.016105983688912775,5.254988818943068e-05
fold-003,posttraining/lstm/seed-43/real/klpo_mc,evaluation,posttraining,posttraining,lstm,klpo_mc,43,True,median,reference/US-natural/search/lstm-00-s42,11653,11,0.016158533577102206,0.0006711999523600173,0.016628528221415015,0.0006972054582811551,0,13,50,True,True,validation_plateau,,,10751,,0.0,0.013994765002280474,0a142a90d0cd004fa6658739e83e714a8e28e0b981e39743e551cc896581acf2,1618,11,0,0.006207377718936475,-0.008065732449484291,0.13726541225058528,0.3623237923660824,-0.02699358788467926,0.013496793942339616,True,0.0,,196.41764931200032,0.015069589358504453,0.0010889442185977524,0.016105983688912775,5.254988818943068e-05,0.016158533577102206,0.0,0.016105983688912775,5.254988818943068e-05
fold-003,posttraining/lstm/seed-43/real/mae,evaluation,posttraining,posttraining,lstm,mae,43,True,median,reference/US-natural/search/lstm-00-s42,11653,11,0.01631663329028996,0.0006855984389921396,0.01680095826873395,0.0007129697345797705,2,13,50,False,True,validation_plateau,,,10751,,0.0,0.013639186989166774,ec0ffb156983c73c0af76253547691afc6b5bc6f855c895502a30f5e002ca744,1618,11,0,-0.023516397025246626,-0.042062116892207,0.18322111328911525,0.4359476043829916,-0.03374198485584907,0.013496793942339616,False,0.023972157592539376,,173.91850126200006,0.015069589358504453,0.0012470439317855062,0.016105983688912775,0.00021064960137718441,0.016158533577102206,0.00015809971318775373,0.016242385457625984,7.424783266397547e-05
fold-003,posttraining/lstm/seed-43/real/neural_mae,evaluation,posttraining,posttraining,lstm,neural_mae,43,True,median,reference/US-natural/search/lstm-00-s42,11653,11,0.015157417066286817,0.0006100034370282059,0.015552984327274578,0.0006305758891779356,12,20,50,False,True,validation_plateau,,,16540,,0.0,0.01314658101182431,0701b988650e17e31d2748e614f8848ddbf1e0f61680de942049fad474333a19,1618,11,0,-0.029724587968703028,-0.038239276225139764,0.02021910496979713,0.04538477434424666,-0.01349679394233963,0.006748396971169815,False,0.01764865219593048,,293.03091298900017,0.015069589358504453,8.782770778236436e-05,0.016105983688912775,-0.0009485666226259574,0.016158533577102206,-0.001001116510815388,0.01520988962498765,-5.2472558700831715e-05
fold-003,posttraining/lstm/seed-43/real/neural_mse,evaluation,posttraining,posttraining,lstm,neural_mse,43,True,median,reference/US-natural/search/lstm-00-s42,11653,11,0.015179716497130047,0.0006081683928859655,0.015578974387405178,0.0006289238774452616,12,20,50,False,True,validation_plateau,,,16540,,0.0,0.014536734001012519,d069d6439ccb35c937dbc040b1022c74ab8d0c707d038458c81cc1d963e33be5,1618,11,0,-0.010469491458949792,-0.009190359728657874,0.021882757767977993,0.04972404440493159,-0.01349679394233963,0.013496793942339616,False,0.024891875684261322,,299.2993782909998,0.015069589358504453,0.00011012713862559344,0.016105983688912775,-0.0009262671917827283,0.016158533577102206,-0.000978817079972159,0.01522284292806924,-4.3126430939193286e-05
fold-003,posttraining/lstm/seed-43/real/reinforce,evaluation,posttraining,posttraining,lstm,reinforce,43,True,median,reference/US-natural/search/lstm-00-s42,11653,11,0.016158533577102206,0.0006711999523600173,0.016628528221415015,0.0006972054582811551,0,13,50,True,True,validation_plateau,,,10751,,0.0,0.013913964008679613,0a142a90d0cd004fa6658739e83e714a8e28e0b981e39743e551cc896581acf2,1618,11,0,0.006207377718936475,-0.008065732449484291,0.13726541225058528,0.3623237923660824,-0.02699358788467926,0.013496793942339616,True,0.0,,180.956064168,0.015069589358504453,0.0010889442185977524,0.016105983688912775,5.254988818943068e-05,0.016158533577102206,0.0,0.016105983688912775,5.254988818943068e-05
fold-003,posttraining/lstm/seed-44/real/expected,evaluation,posttraining,posttraining,lstm,expected,44,True,median,reference/US-natural/search/lstm-00-s42,11653,11,0.01620935692625362,0.0006739802544285305,0.016668125696407448,0.0006994399004615244,1,13,50,False,True,validation_plateau,,,10751,,0.0,0.014094563011894934,aa1802a453b57d999119b3b373a998f970969cd2ec4b02ee797124a40be7ee82,1618,11,0,-0.019089483066219232,-0.030918869897874558,0.14057215092550646,0.3748472716712724,-0.02699358788467926,0.013496793942339616,False,0.012441934194930676,,183.26361886999985,0.015069589358504453,0.001139767567749167,0.016105983688912775,0.00010337323734084525,0.016158533577102206,5.0823349151414565e-05,0.01615562012972074,5.3736796532879993e-05
fold-003,posttraining/lstm/seed-44/real/klpo_exact,evaluation,posttraining,posttraining,lstm,klpo_exact,44,True,median,reference/US-natural/search/lstm-00-s42,11653,11,0.016158533577102206,0.0006711999523600173,0.016628528221415015,0.0006972054582811551,0,13,50,True,True,validation_plateau,,,10751,,0.0,0.014014783009770326,0a142a90d0cd004fa6658739e83e714a8e28e0b981e39743e551cc896581acf2,1618,11,0,0.006207377718936475,-0.008065732449484291,0.13726541225058528,0.3623237923660824,-0.02699358788467926,0.013496793942339616,True,0.0,,193.30956867899977,0.015069589358504453,0.0010889442185977524,0.016105983688912775,5.254988818943068e-05,0.016158533577102206,0.0,0.016105983688912775,5.254988818943068e-05
fold-003,posttraining/lstm/seed-44/real/klpo_full,evaluation,posttraining,posttraining,lstm,klpo_full,44,True,median,reference/US-natural/search/lstm-00-s42,11653,11,0.016158533577102206,0.0006711999523600173,0.016628528221415015,0.0006972054582811551,0,13,50,True,True,validation_plateau,,,10751,,0.0,0.013687387996469624,0a142a90d0cd004fa6658739e83e714a8e28e0b981e39743e551cc896581acf2,1618,11,0,0.006207377718936475,-0.008065732449484291,0.13726541225058528,0.3623237923660824,-0.02699358788467926,0.013496793942339616,True,0.0,,196.21527323700002,0.015069589358504453,0.0010889442185977524,0.016105983688912775,5.254988818943068e-05,0.016158533577102206,0.0,0.016105983688912775,5.254988818943068e-05
fold-003,posttraining/lstm/seed-44/real/klpo_mc,evaluation,posttraining,posttraining,lstm,klpo_mc,44,True,median,reference/US-natural/search/lstm-00-s42,11653,11,0.016158533577102206,0.0006711999523600173,0.016628528221415015,0.0006972054582811551,0,13,50,True,True,validation_plateau,,,10751,,0.0,0.013944491001893766,0a142a90d0cd004fa6658739e83e714a8e28e0b981e39743e551cc896581acf2,1618,11,0,0.006207377718936475,-0.008065732449484291,0.13726541225058528,0.3623237923660824,-0.02699358788467926,0.013496793942339616,True,0.0,,209.261215385,0.015069589358504453,0.0010889442185977524,0.016105983688912775,5.254988818943068e-05,0.016158533577102206,0.0,0.016105983688912775,5.254988818943068e-05
fold-003,posttraining/lstm/seed-44/real/mae,evaluation,posttraining,posttraining,lstm,mae,44,True,median,reference/US-natural/search/lstm-00-s42,11653,11,0.01629849950027182,0.0006755325640266408,0.016775879517634703,0.0007024341233354172,5,13,50,False,True,validation_plateau,,,10751,,0.0,0.013781443994957954,e83235f94e50e2a4247ac97bc196b977a4ad011e79b0cc70b721881537e5df19,1618,11,0,-0.002022548810910814,-0.011849587121754468,0.19830124045713457,0.45961644769159576,-0.0472387787981887,0.013496793942339616,False,0.029494895056496134,,174.2148470520001,0.015069589358504453,0.0012289101417673684,0.016105983688912775,0.00019251581135904666,0.016158533577102206,0.00013996592316961598,0.01621674783014451,8.175167012731271e-05
fold-003,posttraining/lstm/seed-44/real/neural_mae,evaluation,posttraining,posttraining,lstm,neural_mae,44,True,median,reference/US-natural/search/lstm-00-s42,11653,11,0.015656771161008377,0.0006404534705785674,0.016102357426770634,0.0006644064568660297,24,32,50,False,True,validation_plateau,,,26464,,0.0,0.014274700995883904,000429e1ac387d8586d758685003ef464b66f72a6e1f487b3cd669934b3897ae,1618,11,0,-0.01325241947810495,-0.007510280872563613,0.07660993113161868,0.21294476438527835,-0.020245190913509445,0.006748396971169815,False,0.021329186856746674,,478.1308422760003,0.015069589358504453,0.0005871818025039235,0.016105983688912775,-0.0004492125279043982,0.016158533577102206,-0.0005017624160938289,0.01560174988840909,5.502127259928748e-05
fold-003,posttraining/lstm/seed-44/real/neural_mse,evaluation,posttraining,posttraining,lstm,neural_mse,44,True,median,reference/US-natural/search/lstm-00-s42,11653,11,0.015520324721775473,0.0006288465300338982,0.015951705498310226,0.0006516422006339674,7,15,50,False,True,validation_plateau,,,12405,,0.0,0.013957275004941039,0af6c1819354d0153e979d6201a52b5cb0a3e5c898aa4dd5f66d30bcea0e7f65,1618,11,0,-0.007848469991083733,-0.013841039825235562,0.07001256602677669,0.17412739953807851,-0.020245190913509445,0.006748396971169815,False,0.0174911767244339,,224.79818165600045,0.015069589358504453,0.0004507353632710199,0.016105983688912775,-0.0005856589671373019,0.016158533577102206,-0.0006382088553267325,0.01548107793825292,3.9246783522553855e-05
fold-003,posttraining/lstm/seed-44/real/reinforce,evaluation,posttraining,posttraining,lstm,reinforce,44,True,median,reference/US-natural/search/lstm-00-s42,11653,11,0.01621434334338964,0.0006732310959955451,0.01666214091757473,0.0006980874821878122,1,13,50,False,True,validation_plateau,,,10751,,0.0,0.014377464991412126,3dc11fd8cf605e9f1dd8be8ea9d1def779d827664e6cc29f5259dd37cf1ba712,1618,11,0,0.0006680425581275258,-0.011154832933506607,0.14445859617833107,0.38080076785806294,-0.03374198485584907,0.013496793942339616,False,0.016052361692293307,,185.43341617199985,0.015069589358504453,0.0011447539848851856,0.016105983688912775,0.00010835965447686391,0.016158533577102206,5.580976628743323e-05,0.016171094945159135,4.324839823050333e-05
fold-003,posttraining/ridge/seed-42/real/expected,evaluation,posttraining,posttraining,ridge,expected,42,True,median,tabular/ridge-a1.0,11653,11,0.06065823409731152,0.00444424819135586,0.060485796807181545,0.004442730261805577,16,24,50,False,True,validation_plateau,,,19848,,0.0,0.018387511998298578,744e02f868945a9935b0fbe6ad29f502439354678a0af34592eb13df67594982,1618,8,3,0.014855374300198307,-0.0013037664285896226,0.4696534078376789,1.0,-0.06748396971169814,-0.006748396971169815,False,0.07131089417191261,,331.6840730389995,0.015069589358504453,0.04558864473880707,0.12096715132854624,-0.06030891723123472,0.06394889060088607,-0.003290656503574553,0.09257779841606807,-0.03191956431875655
fold-003,posttraining/ridge/seed-42/real/klpo_exact,evaluation,posttraining,posttraining,ridge,klpo_exact,42,True,median,tabular/ridge-a1.0,11653,11,0.016289050138379335,0.0006670225811005379,0.016685748022042788,0.0006888669225818216,40,48,50,False,True,validation_plateau,,,39696,,0.0,0.014035132000572048,40ec84de9b3d2cab2c7347e4f23273baa3526f2d12f9b2ec9f23b89a5c815508,1618,11,0,-0.019051639619186402,-0.029094403861504844,0.2709676421344164,0.5480486069566805,-0.06073557274052832,0.026993587884679246,False,0.28315831729868157,,691.9906167109984,0.015069589358504453,0.001219460779874882,0.12096715132854624,-0.1046781011901669,0.06394889060088607,-0.047659840462506736,0.016183372640945763,0.00010567749743357197
fold-003,posttraining/ridge/seed-42/real/klpo_full,evaluation,posttraining,posttraining,ridge,klpo_full,42,True,median,tabular/ridge-a1.0,11653,11,0.0273542489052543,0.0012724662526152032,0.02679558184437089,0.001243825819325229,50,50,50,False,False,budget_exhausted,,,41350,,0.0,0.01368961100524757,3ee55e8f5819312a30e22664aa6281063719efe0bf2a235c6c3849813e5a31fe,1618,11,0,-0.017487060403072723,-0.03372525011141639,0.4387770135915293,0.9523416469744077,-0.06748396971169814,0.013496793942339616,False,0.23139556746641252,,737.1303335270004,0.015069589358504453,0.012284659546749847,0.12096715132854624,-0.09361290242329194,0.06394889060088607,-0.03659464169563177,0.027424890124284177,-7.064121902987733e-05
fold-003,posttraining/ridge/seed-42/real/klpo_mc,evaluation,posttraining,posttraining,ridge,klpo_mc,42,True,median,tabular/ridge-a1.0,11653,11,0.02723888178606633,0.0012660566615533618,0.02666764960609088,0.0012365213586857265,50,50,50,False,False,budget_exhausted,,,41350,,0.0,0.014634317005402409,83ab61e5398f83a40e78d6c68dd5b20972027f02cf384c617baa6c835b27d31d,1618,11,0,-0.015032528131830092,-0.03231995599400625,0.43618553518747183,0.947536878302066,-0.06748396971169814,0.013496793942339616,False,0.23150493652578685,,751.9187981369996,0.015069589358504453,0.012169292427561876,0.12096715132854624,-0.09372826954247991,0.06394889060088607,-0.03671000881481974,0.027308624377469937,-6.974259140360775e-05
fold-003,posttraining/ridge/seed-42/real/mae,evaluation,posttraining,posttraining,ridge,mae,42,True,median,tabular/ridge-a1.0,11653,11,0.05975302495422686,0.004342078790122453,0.05954127725147132,0.004335501689260806,16,24,50,False,True,validation_plateau,,,19848,,0.0,0.013926285988418385,c7c7012870b5ca23fa99e0c9a65a8578f3b925262052d6b0ddba291146e7b74f,1618,8,3,0.022562637335862536,0.010832349608915803,0.4696534078376789,1.0,-0.06748396971169814,-0.006748396971169815,False,0.08666433827907893,,322.1168729910005,0.015069589358504453,0.04468343559572241,0.12096715132854624,-0.06121412637431938,0.06394889060088607,-0.004195865646659212,0.08680652653104036,-0.0270535015768135
fold-003,posttraining/ridge/seed-42/real/reinforce,evaluation,posttraining,posttraining,ridge,reinforce,42,True,median,tabular/ridge-a1.0,11653,11,0.06033282954150662,0.004421023433272339,0.06016398330020699,0.004420097637800488,29,37,50,False,True,validation_plateau,,,30599,,0.0,0.012954008998349309,99f8a3fbc8d4d83d19eb45b768d8fe8317cff77ddc0bcfda510706850cc4be7b,1618,8,3,0.015950311941573744,-0.007351181582231021,0.4695697748193633,0.9998327339633687,-0.06748396971169814,0.0,False,0.06895764399239701,,526.6452259790003,0.015069589358504453,0.045263240183002165,0.12096715132854624,-0.06063432178703962,0.06394889060088607,-0.0036160610593794495,0.09234975342791119,-0.032016923886404564
fold-003,posttraining/ridge/seed-43/real/expected,evaluation,posttraining,posttraining,ridge,expected,43,True,median,tabular/ridge-a1.0,11653,11,0.06050635840006462,0.004439122821847156,0.06032962200987753,0.004437422706680791,17,25,50,False,True,validation_plateau,,,20675,,0.0,0.017370500005199574,a94369786fa5cc975dc793aa004eb07507c853e9bf7120ee76356a12714da9d1,1618,8,3,0.03042977113390417,-0.005403091201697268,0.4696534078376789,1.0,-0.06748396971169814,-0.006748396971169815,False,0.06348533777706564,,352.34838380699875,0.015069589358504453,0.045436769041560174,0.12096715132854624,-0.06046079292848162,0.06394889060088607,-0.003442532200821448,0.09241465374083636,-0.03190829534077174
fold-003,posttraining/ridge/seed-43/real/klpo_exact,evaluation,posttraining,posttraining,ridge,klpo_exact,43,True,median,tabular/ridge-a1.0,11653,11,0.016326286119082295,0.0006605084574345639,0.01667535925675635,0.0006798139127860707,37,45,50,False,True,validation_plateau,,,37215,,0.0,0.014353809994645417,efa219ee5229f633da6237d0fefb43eaeff1feef69a02bbf13c345da4021c7b3,1618,11,0,0.0065978880347654775,-0.006135898605874271,0.2702901244729294,0.5452837643945057,-0.06073557274052832,0.040490381827018876,False,0.28637090605257537,,653.6820610180002,0.015069589358504453,0.0012566967605778419,0.12096715132854624,-0.10464086520946395,0.06394889060088607,-0.047622604481803776,0.016217341003779303,0.00010894511530299203
fold-003,posttraining/ridge/seed-43/real/klpo_full,evaluation,posttraining,posttraining,ridge,klpo_full,43,True,median,tabular/ridge-a1.0,11653,11,0.032361949360240276,0.0016228542276106443,0.03145995968608841,0.0015571961467791312,48,50,50,False,False,budget_exhausted,,,41350,,0.0,0.015113177010789514,4f3f6350db09001976cc57d6d1dab685659ec249d3269e4de51b707dfc2b3c2d,1618,11,0,0.017778932542571322,0.012676302719595384,0.4567868155671773,0.9833743778103128,-0.06748396971169814,0.013496793942339616,False,0.21433771111601632,,745.0977628750006,0.015069589358504453,0.017292360001735823,0.12096715132854624,-0.08860520196830596,0.06394889060088607,-0.031586941240645795,0.0328105882794502,-0.00044863891920992466
fold-003,posttraining/ridge/seed-43/real/klpo_mc,evaluation,posttraining,posttraining,ridge,klpo_mc,43,True,median,tabular/ridge-a1.0,11653,11,0.03214166929899576,0.0016065062275694715,0.031231743048917078,0.0015403886486117842,48,50,50,False,False,budget_exhausted,,,41350,,0.0,0.0145157549995929,efde26cf9b33c1e6b661094c0286110f3eed37d1d322515f6d0c2d70710d627d,1618,11,0,0.01810223691734749,0.018542385850020222,0.455523598531555,0.9814533717794685,-0.06748396971169814,0.013496793942339616,False,0.21640276428065774,,765.0068223130002,0.015069589358504453,0.01707207994049131,0.12096715132854624,-0.08882548202955048,0.06394889060088607,-0.03180722130189031,0.03262121672912791,-0.00047954743013214896
fold-003,posttraining/ridge/seed-43/real/mae,evaluation,posttraining,posttraining,ridge,mae,43,True,median,tabular/ridge-a1.0,11653,11,0.05964200556539237,0.004343020579338056,0.05943778827235732,0.004337656953364503,16,24,50,False,True,validation_plateau,,,19848,,0.0,0.013042074991972186,a67e7a436f2895a0da291fcb35da1363aeb0049157f69fd86118bb4cb5e0f144,1618,9,2,0.044161174310296085,0.0255398998132768,0.4696534078376789,1.0,-0.06748396971169814,-0.006748396971169815,False,0.07889701828928919,,321.5271183779987,0.015069589358504453,0.04457241620688791,0.12096715132854624,-0.06132514576315387,0.06394889060088607,-0.004306885035493702,0.08709286221213802,-0.027450856646745653
fold-003,posttraining/ridge/seed-43/real/reinforce,evaluation,posttraining,posttraining,ridge,reinforce,43,True,median,tabular/ridge-a1.0,11653,11,0.06140771913422851,0.004529938061469808,0.06125943072873989,0.004531743436387939,17,25,50,False,True,validation_plateau,,,20675,,0.0,0.013311101007275283,0975cdef609304421892323a8645037235f4378de2ba7ab1f141a6b51e7833a6,1618,7,4,0.012136786527563975,-0.030825541092341424,0.4696534078376789,1.0,-0.06748396971169814,-0.006748396971169815,False,0.0598401377786055,,358.0111252639981,0.015069589358504453,0.04633812977572406,0.12096715132854624,-0.05955943219431773,0.06394889060088607,-0.0025411714666575616,0.09514649295938518,-0.03373877382515667
fold-003,posttraining/ridge/seed-44/real/expected,evaluation,posttraining,posttraining,ridge,expected,44,True,median,tabular/ridge-a1.0,11653,11,0.06116483322018093,0.004506077871186324,0.06102153440087327,0.004508374324530188,20,28,50,False,True,validation_plateau,,,23156,,0.0,0.013142422991222702,739e821fe2b7670e2a0b7a75e1fae4dd4e380d718e2cef8a92ac0272e950d3ce,1618,6,5,0.005843069523538756,-0.03165052457652187,0.4696534078376789,1.0,-0.06748396971169814,-0.006748396971169815,False,0.0630822609143642,,390.19197088799774,0.015069589358504453,0.046095243861676474,0.12096715132854624,-0.05980231810836531,0.06394889060088607,-0.0027840573807051405,0.09473183271029974,-0.03356699949011881
fold-003,posttraining/ridge/seed-44/real/klpo_exact,evaluation,posttraining,posttraining,ridge,klpo_exact,44,True,median,tabular/ridge-a1.0,11653,11,0.016734583223810905,0.0006942570765312441,0.01709980255005696,0.000715693368392768,37,45,50,False,True,validation_plateau,,,37215,,0.0,0.018489213005523197,a333e6c68f3f4d640e820938cbda410c62f0c74bf57e10412dacd955834c4c50,1618,11,0,-0.01946755595432103,-0.024915773385719243,0.2719926985634949,0.5839114699094786,-0.06748396971169814,0.02024519091350943,False,0.27638397967875933,,651.0352859830018,0.015069589358504453,0.0016649938653064515,0.12096715132854624,-0.10423256810473533,0.06394889060088607,-0.04721430737707517,0.01665997633274351,7.460689106739485e-05
fold-003,posttraining/ridge/seed-44/real/klpo_full,evaluation,posttraining,posttraining,ridge,klpo_full,44,True,median,tabular/ridge-a1.0,11653,11,0.03249470882001936,0.0016654739619318395,0.03177073185940452,0.0016184130814399322,46,50,50,False,False,budget_exhausted,,,41350,,0.0,0.013981982003315352,f0e854cdd1f25fedbd41c8759e087d719aacf8f7542eaa58d446cca99f31fdc3,1618,11,0,-0.04472875978750126,-0.057606651199612995,0.450879486931182,0.9755355972638078,-0.06748396971169814,0.006748396971169815,False,0.21456801615011153,,745.3827640729978,0.015069589358504453,0.01742511946151491,0.12096715132854624,-0.08847244250852687,0.06394889060088607,-0.03145418178086671,0.03279715981773392,-0.0003024509977145595
fold-003,posttraining/ridge/seed-44/real/klpo_mc,evaluation,posttraining,posttraining,ridge,klpo_mc,44,True,median,tabular/ridge-a1.0,11653,11,0.03225312030323223,0.0016489016687456818,0.03152936361032145,0.0016021802128529767,46,50,50,False,False,budget_exhausted,,,41350,,0.0,0.014075996994506568,d7118fe36c728b3af5b03e9be7c3854d2863d6817ead28a5b3c2c050f95e04a7,1618,11,0,-0.04341553725579592,-0.05756268420970801,0.44886307103370715,0.9727088752689222,-0.06748396971169814,0.006748396971169815,False,0.21476574438788346,,762.1882505790018,0.015069589358504453,0.017183530944727774,0.12096715132854624,-0.08871403102531401,0.06394889060088607,-0.031695770297653844,0.03255598257142373,-0.0003028622681915047
fold-003,posttraining/ridge/seed-44/real/mae,evaluation,posttraining,posttraining,ridge,mae,44,True,median,tabular/ridge-a1.0,11653,11,0.059769300503706387,0.004344754342724028,0.059557688419760425,0.004338207435832875,17,25,50,False,True,validation_plateau,,,20675,,0.0,0.013030182002694346,383e68488e41fdd80d9949582293646cc0edace9e9e912201f4307e04d24030c,1618,8,3,0.023342958788893493,0.008589369176097518,0.4696534078376789,1.0,-0.06748396971169814,-0.006748396971169815,False,0.0849287771651796,,330.1507352029985,0.015069589358504453,0.04469971114520194,0.12096715132854624,-0.061197850824839854,0.06394889060088607,-0.004179590097179685,0.08699763518286839,-0.027228334679162004
fold-003,posttraining/ridge/seed-44/real/reinforce,evaluation,posttraining,posttraining,ridge,reinforce,44,True,median,tabular/ridge-a1.0,11653,11,0.06099000709524763,0.004486657758517487,0.06083937273921515,0.004487929890099395,17,25,50,False,True,validation_plateau,,,20675,,0.0,0.012691625990555622,96673ba6f793080197fe81920891417c8846d22a0525dafe19a43116afb348b9,1618,8,3,0.007648574519551492,-0.011322427154329818,0.4695697748193633,0.9998327339633687,-0.06748396971169814,0.0,False,0.06350062877992135,,355.3708349599983,0.015069589358504453,0.04592041773674317,0.12096715132854624,-0.05997714423329861,0.06394889060088607,-0.0029588835056384433,0.09505955976474924,-0.03406955266950161
fold-003,posttraining/rnn/seed-42/real/expected,evaluation,posttraining,posttraining,rnn,expected,42,True,median,reference/US-natural/search/rnn-10-s42,11653,11,0.01620798314670182,0.0006664728211369523,0.016664705058732406,0.000691485427839282,0,13,50,True,True,validation_plateau,,,10751,,0.0,0.020936312997946516,b069013c6716102706f2f484e1848c7a30abd010f127fc59e212aba80f6acc3b,1618,11,0,0.004941990194602766,-0.000875220715759513,0.11622928514653602,0.32682102456576406,-0.01349679394233963,0.013496793942339616,True,0.0,,175.57233434199952,0.015069589358504453,0.0011383937881973664,0.01611878386878083,8.919927792098992e-05,0.01620798314670182,0.0,0.01611878386878083,8.919927792098992e-05
fold-003,posttraining/rnn/seed-42/real/klpo_exact,evaluation,posttraining,posttraining,rnn,klpo_exact,42,True,median,reference/US-natural/search/rnn-10-s42,11653,11,0.01620798314670182,0.0006664728211369523,0.016664705058732406,0.000691485427839282,0,13,50,True,True,validation_plateau,,,10751,,0.0,0.01380462700035423,b069013c6716102706f2f484e1848c7a30abd010f127fc59e212aba80f6acc3b,1618,11,0,0.004941990194602766,-0.000875220715759513,0.11622928514653602,0.32682102456576406,-0.01349679394233963,0.013496793942339616,True,0.0,,198.7402367300001,0.015069589358504453,0.0011383937881973664,0.01611878386878083,8.919927792098992e-05,0.01620798314670182,0.0,0.01611878386878083,8.919927792098992e-05
fold-003,posttraining/rnn/seed-42/real/klpo_full,evaluation,posttraining,posttraining,rnn,klpo_full,42,True,median,reference/US-natural/search/rnn-10-s42,11653,11,0.01620798314670182,0.0006664728211369523,0.016664705058732406,0.000691485427839282,0,13,50,True,True,validation_plateau,,,10751,,0.0,0.014239894997444935,b069013c6716102706f2f484e1848c7a30abd010f127fc59e212aba80f6acc3b,1618,11,0,0.004941990194602766,-0.000875220715759513,0.11622928514653602,0.32682102456576406,-0.01349679394233963,0.013496793942339616,True,0.0,,194.86025485000027,0.015069589358504453,0.0011383937881973664,0.01611878386878083,8.919927792098992e-05,0.01620798314670182,0.0,0.01611878386878083,8.919927792098992e-05
fold-003,posttraining/rnn/seed-42/real/klpo_mc,evaluation,posttraining,posttraining,rnn,klpo_mc,42,True,median,reference/US-natural/search/rnn-10-s42,11653,11,0.01620798314670182,0.0006664728211369523,0.016664705058732406,0.000691485427839282,0,13,50,True,True,validation_plateau,,,10751,,0.0,0.013472292994265445,b069013c6716102706f2f484e1848c7a30abd010f127fc59e212aba80f6acc3b,1618,11,0,0.004941990194602766,-0.000875220715759513,0.11622928514653602,0.32682102456576406,-0.01349679394233963,0.013496793942339616,True,0.0,,217.95207303499956,0.015069589358504453,0.0011383937881973664,0.01611878386878083,8.919927792098992e-05,0.01620798314670182,0.0,0.01611878386878083,8.919927792098992e-05
fold-003,posttraining/rnn/seed-42/real/mae,evaluation,posttraining,posttraining,rnn,mae,42,True,median,reference/US-natural/search/rnn-10-s42,11653,11,0.01620798314670182,0.0006664728211369523,0.016664705058732406,0.000691485427839282,0,13,50,True,True,validation_plateau,,,10751,,0.0,0.014153454001643695,b069013c6716102706f2f484e1848c7a30abd010f127fc59e212aba80f6acc3b,1618,11,0,0.004941990194602766,-0.000875220715759513,0.11622928514653602,0.32682102456576406,-0.01349679394233963,0.013496793942339616,True,0.0,,171.84503333200155,0.015069589358504453,0.0011383937881973664,0.01611878386878083,8.919927792098992e-05,0.01620798314670182,0.0,0.01611878386878083,8.919927792098992e-05
fold-003,posttraining/rnn/seed-42/real/neural_mae,evaluation,posttraining,posttraining,rnn,neural_mae,42,True,median,reference/US-natural/search/rnn-10-s42,11653,11,0.015082577567449705,0.0006047921073793393,0.015483832248745994,0.0006255464191844448,1,13,50,False,True,validation_plateau,,,10751,,0.0,0.012482431993703358,ac8d17f7243e7ad191dfcd63cd68b1cf6a265f04ecec0cf3fd4618852685453e,1618,8,3,0.005110216205367827,0.002722735964137367,0.0020787600663653453,0.004675931729373917,-0.006748396971169815,0.006748396971169815,False,0.012674827128648758,,189.82634549799877,0.015069589358504453,1.2988208945251961e-05,0.01611878386878083,-0.0010362063013311246,0.01620798314670182,-0.0011254055792521145,0.015205314537659803,-0.00012273697021009805
fold-003,posttraining/rnn/seed-42/real/neural_mse,evaluation,posttraining,posttraining,rnn,neural_mse,42,True,median,reference/US-natural/search/rnn-10-s42,11653,11,0.01507070988934234,0.000604135063195933,0.015472022027048263,0.000624900911230228,2,13,50,False,True,validation_plateau,,,10751,,0.0,0.010492611996596679,0984511b7ef90d773658028d7c7c0681ad319486816c8a05410db3d3059b973a,1618,1,10,0.011638045561019621,0.005433307888845841,0.0,0.00016604400166044,0.0,0.006748396971169815,False,0.012586238794028759,,198.14083179999943,0.015069589358504453,1.1205308378860884e-06,0.01611878386878083,-0.0010480739794384904,0.01620798314670182,-0.0011372732573594804,0.0151574625298484,-8.675264050606035e-05
fold-003,posttraining/rnn/seed-42/real/reinforce,evaluation,posttraining,posttraining,rnn,reinforce,42,True,median,reference/US-natural/search/rnn-10-s42,11653,11,0.01620798314670182,0.0006664728211369523,0.016664705058732406,0.000691485427839282,0,13,50,True,True,validation_plateau,,,10751,,0.0,0.016128346003824845,b069013c6716102706f2f484e1848c7a30abd010f127fc59e212aba80f6acc3b,1618,11,0,0.004941990194602766,-0.000875220715759513,0.11622928514653602,0.32682102456576406,-0.01349679394233963,0.013496793942339616,True,0.0,,185.18454215600104,0.015069589358504453,0.0011383937881973664,0.01611878386878083,8.919927792098992e-05,0.01620798314670182,0.0,0.01611878386878083,8.919927792098992e-05
fold-003,posttraining/rnn/seed-43/real/expected,evaluation,posttraining,posttraining,rnn,expected,43,True,median,reference/US-natural/search/rnn-10-s42,11653,11,0.01620798314670182,0.0006664728211369523,0.016664705058732406,0.000691485427839282,0,13,50,True,True,validation_plateau,,,10751,,0.0,0.014105612994171679,b069013c6716102706f2f484e1848c7a30abd010f127fc59e212aba80f6acc3b,1618,11,0,0.004941990194602766,-0.000875220715759513,0.11622928514653602,0.32682102456576406,-0.01349679394233963,0.013496793942339616,True,0.0,,177.64239499799987,0.015069589358504453,0.0011383937881973664,0.01611878386878083,8.919927792098992e-05,0.01620798314670182,0.0,0.01611878386878083,8.919927792098992e-05
fold-003,posttraining/rnn/seed-43/real/klpo_exact,evaluation,posttraining,posttraining,rnn,klpo_exact,43,True,median,reference/US-natural/search/rnn-10-s42,11653,11,0.01620798314670182,0.0006664728211369523,0.016664705058732406,0.000691485427839282,0,13,50,True,True,validation_plateau,,,10751,,0.0,0.01398910400166642,b069013c6716102706f2f484e1848c7a30abd010f127fc59e212aba80f6acc3b,1618,11,0,0.004941990194602766,-0.000875220715759513,0.11622928514653602,0.32682102456576406,-0.01349679394233963,0.013496793942339616,True,0.0,,187.40810572300143,0.015069589358504453,0.0011383937881973664,0.01611878386878083,8.919927792098992e-05,0.01620798314670182,0.0,0.01611878386878083,8.919927792098992e-05
fold-003,posttraining/rnn/seed-43/real/klpo_full,evaluation,posttraining,posttraining,rnn,klpo_full,43,True,median,reference/US-natural/search/rnn-10-s42,11653,11,0.01620798314670182,0.0006664728211369523,0.016664705058732406,0.000691485427839282,0,13,50,True,True,validation_plateau,,,10751,,0.0,0.013865532993804663,b069013c6716102706f2f484e1848c7a30abd010f127fc59e212aba80f6acc3b,1618,11,0,0.004941990194602766,-0.000875220715759513,0.11622928514653602,0.32682102456576406,-0.01349679394233963,0.013496793942339616,True,0.0,,194.27520913599983,0.015069589358504453,0.0011383937881973664,0.01611878386878083,8.919927792098992e-05,0.01620798314670182,0.0,0.01611878386878083,8.919927792098992e-05
fold-003,posttraining/rnn/seed-43/real/klpo_mc,evaluation,posttraining,posttraining,rnn,klpo_mc,43,True,median,reference/US-natural/search/rnn-10-s42,11653,11,0.01620798314670182,0.0006664728211369523,0.016664705058732406,0.000691485427839282,0,13,50,True,True,validation_plateau,,,10751,,0.0,0.013659174990607426,b069013c6716102706f2f484e1848c7a30abd010f127fc59e212aba80f6acc3b,1618,11,0,0.004941990194602766,-0.000875220715759513,0.11622928514653602,0.32682102456576406,-0.01349679394233963,0.013496793942339616,True,0.0,,199.6141432889999,0.015069589358504453,0.0011383937881973664,0.01611878386878083,8.919927792098992e-05,0.01620798314670182,0.0,0.01611878386878083,8.919927792098992e-05
fold-003,posttraining/rnn/seed-43/real/mae,evaluation,posttraining,posttraining,rnn,mae,43,True,median,reference/US-natural/search/rnn-10-s42,11653,11,0.01620798314670182,0.0006664728211369523,0.016664705058732406,0.000691485427839282,0,13,50,True,True,validation_plateau,,,10751,,0.0,0.014693017001263797,b069013c6716102706f2f484e1848c7a30abd010f127fc59e212aba80f6acc3b,1618,11,0,0.004941990194602766,-0.000875220715759513,0.11622928514653602,0.32682102456576406,-0.01349679394233963,0.013496793942339616,True,0.0,,172.53436486300052,0.015069589358504453,0.0011383937881973664,0.01611878386878083,8.919927792098992e-05,0.01620798314670182,0.0,0.01611878386878083,8.919927792098992e-05
fold-003,posttraining/rnn/seed-43/real/neural_mae,evaluation,posttraining,posttraining,rnn,neural_mae,43,True,median,reference/US-natural/search/rnn-10-s42,11653,11,0.015080082778193393,0.0006049582174681433,0.0154816801854723,0.0006257642243024755,2,13,50,False,True,validation_plateau,,,10751,,0.0,0.011752370002795942,d8186098d02504e7037713937cf3f5fa59b00a539cf7e18c2d6fff70673a0bdd,1618,5,6,-0.007546510229340024,-0.01579041474638546,0.0009359938248009631,0.0031073201006655213,-0.006748396971169815,0.006748396971169815,False,0.012264566961675882,,189.17692121899927,0.015069589358504453,1.0493419688940159e-05,0.01611878386878083,-0.0010387010905874364,0.01620798314670182,-0.0011279003685084263,0.015260006227495147,-0.00017992344930175402
fold-003,posttraining/rnn/seed-43/real/neural_mse,evaluation,posttraining,posttraining,rnn,neural_mse,43,True,median,reference/US-natural/search/rnn-10-s42,11653,11,0.01507039168579301,0.0006043715597134655,0.015471605813205797,0.0006251457841440894,4,13,50,False,True,validation_plateau,,,10751,,0.0,0.01233264101028908,5b95e98f533ee22684fcf88e45cfad37bbabe890a0052ed000ddcc9023a11833,1618,5,6,0.006865002222046811,-0.008489876688428979,0.0012897749391889979,0.002375982588248364,-0.006748396971169815,0.0,False,0.012225943617522717,,188.5300866689995,0.015069589358504453,8.023272885567673e-07,0.01611878386878083,-0.0010483921829878198,0.01620798314670182,-0.0011375914609088097,0.015301383382276839,-0.00023099169648382878
fold-003,posttraining/rnn/seed-43/real/reinforce,evaluation,posttraining,posttraining,rnn,reinforce,43,True,median,reference/US-natural/search/rnn-10-s42,11653,11,0.01620798314670182,0.0006664728211369523,0.016664705058732406,0.000691485427839282,0,13,50,True,True,validation_plateau,,,10751,,0.0,0.013981419993797317,b069013c6716102706f2f484e1848c7a30abd010f127fc59e212aba80f6acc3b,1618,11,0,0.004941990194602766,-0.000875220715759513,0.11622928514653602,0.32682102456576406,-0.01349679394233963,0.013496793942339616,True,0.0,,190.26029029200072,0.015069589358504453,0.0011383937881973664,0.01611878386878083,8.919927792098992e-05,0.01620798314670182,0.0,0.01611878386878083,8.919927792098992e-05
fold-003,posttraining/rnn/seed-44/real/expected,evaluation,posttraining,posttraining,rnn,expected,44,True,median,reference/US-natural/search/rnn-10-s42,11653,11,0.01620798314670182,0.0006664728211369523,0.016664705058732406,0.000691485427839282,0,13,50,True,True,validation_plateau,,,10751,,0.0,0.016215659998124465,b069013c6716102706f2f484e1848c7a30abd010f127fc59e212aba80f6acc3b,1618,11,0,0.004941990194602766,-0.000875220715759513,0.11622928514653602,0.32682102456576406,-0.01349679394233963,0.013496793942339616,True,0.0,,176.28072118699856,0.015069589358504453,0.0011383937881973664,0.01611878386878083,8.919927792098992e-05,0.01620798314670182,0.0,0.01611878386878083,8.919927792098992e-05
fold-003,posttraining/rnn/seed-44/real/klpo_exact,evaluation,posttraining,posttraining,rnn,klpo_exact,44,True,median,reference/US-natural/search/rnn-10-s42,11653,11,0.01620798314670182,0.0006664728211369523,0.016664705058732406,0.000691485427839282,0,13,50,True,True,validation_plateau,,,10751,,0.0,0.014751677997992374,b069013c6716102706f2f484e1848c7a30abd010f127fc59e212aba80f6acc3b,1618,11,0,0.004941990194602766,-0.000875220715759513,0.11622928514653602,0.32682102456576406,-0.01349679394233963,0.013496793942339616,True,0.0,,156.30018984400158,0.015069589358504453,0.0011383937881973664,0.01611878386878083,8.919927792098992e-05,0.01620798314670182,0.0,0.01611878386878083,8.919927792098992e-05
fold-003,posttraining/rnn/seed-44/real/klpo_full,evaluation,posttraining,posttraining,rnn,klpo_full,44,True,median,reference/US-natural/search/rnn-10-s42,11653,11,0.01620798314670182,0.0006664728211369523,0.016664705058732406,0.000691485427839282,0,13,50,True,True,validation_plateau,,,10751,,0.0,0.01419084299413953,b069013c6716102706f2f484e1848c7a30abd010f127fc59e212aba80f6acc3b,1618,11,0,0.004941990194602766,-0.000875220715759513,0.11622928514653602,0.32682102456576406,-0.01349679394233963,0.013496793942339616,True,0.0,,196.38079461800044,0.015069589358504453,0.0011383937881973664,0.01611878386878083,8.919927792098992e-05,0.01620798314670182,0.0,0.01611878386878083,8.919927792098992e-05
fold-003,posttraining/rnn/seed-44/real/klpo_mc,evaluation,posttraining,posttraining,rnn,klpo_mc,44,True,median,reference/US-natural/search/rnn-10-s42,11653,11,0.01620798314670182,0.0006664728211369523,0.016664705058732406,0.000691485427839282,0,13,50,True,True,validation_plateau,,,10751,,0.0,0.01459305000025779,b069013c6716102706f2f484e1848c7a30abd010f127fc59e212aba80f6acc3b,1618,11,0,0.004941990194602766,-0.000875220715759513,0.11622928514653602,0.32682102456576406,-0.01349679394233963,0.013496793942339616,True,0.0,,205.55025084599765,0.015069589358504453,0.0011383937881973664,0.01611878386878083,8.919927792098992e-05,0.01620798314670182,0.0,0.01611878386878083,8.919927792098992e-05
fold-003,posttraining/rnn/seed-44/real/mae,evaluation,posttraining,posttraining,rnn,mae,44,True,median,reference/US-natural/search/rnn-10-s42,11653,11,0.01620798314670182,0.0006664728211369523,0.016664705058732406,0.000691485427839282,0,13,50,True,True,validation_plateau,,,10751,,0.0,0.014471300994046032,b069013c6716102706f2f484e1848c7a30abd010f127fc59e212aba80f6acc3b,1618,11,0,0.004941990194602766,-0.000875220715759513,0.11622928514653602,0.32682102456576406,-0.01349679394233963,0.013496793942339616,True,0.0,,171.22228116400038,0.015069589358504453,0.0011383937881973664,0.01611878386878083,8.919927792098992e-05,0.01620798314670182,0.0,0.01611878386878083,8.919927792098992e-05
fold-003,posttraining/rnn/seed-44/real/neural_mae,evaluation,posttraining,posttraining,rnn,neural_mae,44,True,median,reference/US-natural/search/rnn-10-s42,11653,11,0.015093381737786337,0.0006066892279744496,0.015497427229805853,0.0006277567254961541,5,13,50,False,True,validation_plateau,,,10751,,0.0,0.012186706997454166,64b45fb303f0157ed50b370de1832a766a9b200c1292d1a610a31f5ba3da6cb7,1618,3,8,-0.011804274342772715,-0.03126961225032963,0.00275232399001738,0.008658836530228003,-0.006748396971169815,0.0,False,0.012246763333678246,,161.0585897839992,0.015069589358504453,2.3792379281883588e-05,0.01611878386878083,-0.001025402130994493,0.01620798314670182,-0.0011146014089154829,0.015357996913051052,-0.00026461517526471523
fold-003,posttraining/rnn/seed-44/real/neural_mse,evaluation,posttraining,posttraining,rnn,neural_mse,44,True,median,reference/US-natural/search/rnn-10-s42,11653,11,0.015111006546456938,0.0006072027252672074,0.015512024234299704,0.0006279841089159484,1,13,50,False,True,validation_plateau,,,10751,,0.0,0.01462217399966903,a007400577e2ef1a1605154a46fd40149bd82ce04288f60b1ceebcc61566725c,1618,11,0,-0.016324143843101654,-0.03765158047114995,0.00524178356327498,0.014572634586295664,-0.006748396971169815,0.006748396971169815,False,0.010771079920232296,,184.88277174599716,0.015069589358504453,4.141718795248536e-05,0.01611878386878083,-0.0010077773223238912,0.01620798314670182,-0.001096976600244881,0.015147856789029858,-3.6850242572919814e-05
fold-003,posttraining/rnn/seed-44/real/reinforce,evaluation,posttraining,posttraining,rnn,reinforce,44,True,median,reference/US-natural/search/rnn-10-s42,11653,11,0.01620798314670182,0.0006664728211369523,0.016664705058732406,0.000691485427839282,0,13,50,True,True,validation_plateau,,,10751,,0.0,0.0149022010009503,b069013c6716102706f2f484e1848c7a30abd010f127fc59e212aba80f6acc3b,1618,11,0,0.004941990194602766,-0.000875220715759513,0.11622928514653602,0.32682102456576406,-0.01349679394233963,0.013496793942339616,True,0.0,,181.9725408059985,0.015069589358504453,0.0011383937881973664,0.01611878386878083,8.919927792098992e-05,0.01620798314670182,0.0,0.01611878386878083,8.919927792098992e-05
fold-003,posttraining/xgboost/seed-42/real/expected,evaluation,posttraining,posttraining,xgboost,expected,42,True,median,tabular/xgb-d6-b64-lr0.1-s42,11653,11,0.01507973616225165,0.0006051161323435391,0.015480038726542949,0.0006258248673274335,0,13,50,True,True,validation_plateau,,,10751,,0.0,0.016960940993158147,dc42580e96c7a3b6fdf2ef4cff806d43056221e837a7504c1614e8d8a7fca899,1618,4,7,-0.047410437854147114,-0.086475408093012,0.0011444528008463593,0.00328052877787174,-0.006748396971169815,0.006748396971169815,True,0.0,,180.35898183600148,0.015069589358504453,1.0146803747196342e-05,0.015250827586008627,-0.00017109142375697738,0.01507973616225165,0.0,0.015250827586008627,-0.00017109142375697738
fold-003,posttraining/xgboost/seed-42/real/klpo_exact,evaluation,posttraining,posttraining,xgboost,klpo_exact,42,True,median,tabular/xgb-d6-b64-lr0.1-s42,11653,11,0.01507973616225165,0.0006051161323435391,0.015480038726542949,0.0006258248673274335,0,13,50,True,True,validation_plateau,,,10751,,0.0,0.011617947006016038,dc42580e96c7a3b6fdf2ef4cff806d43056221e837a7504c1614e8d8a7fca899,1618,4,7,-0.047410437854147114,-0.086475408093012,0.0011444528008463593,0.00328052877787174,-0.006748396971169815,0.006748396971169815,True,0.0,,195.01310912400004,0.015069589358504453,1.0146803747196342e-05,0.015250827586008627,-0.00017109142375697738,0.01507973616225165,0.0,0.015250827586008627,-0.00017109142375697738
fold-003,posttraining/xgboost/seed-42/real/klpo_full,evaluation,posttraining,posttraining,xgboost,klpo_full,42,True,median,tabular/xgb-d6-b64-lr0.1-s42,11653,11,0.01507973616225165,0.0006051161323435391,0.015480038726542949,0.0006258248673274335,0,13,50,True,True,validation_plateau,,,10751,,0.0,0.012022237991914153,dc42580e96c7a3b6fdf2ef4cff806d43056221e837a7504c1614e8d8a7fca899,1618,4,7,-0.047410437854147114,-0.086475408093012,0.0011444528008463593,0.00328052877787174,-0.006748396971169815,0.006748396971169815,True,0.0,,197.15539418200206,0.015069589358504453,1.0146803747196342e-05,0.015250827586008627,-0.00017109142375697738,0.01507973616225165,0.0,0.015250827586008627,-0.00017109142375697738
fold-003,posttraining/xgboost/seed-42/real/klpo_mc,evaluation,posttraining,posttraining,xgboost,klpo_mc,42,True,median,tabular/xgb-d6-b64-lr0.1-s42,11653,11,0.01507973616225165,0.0006051161323435391,0.015480038726542949,0.0006258248673274335,0,13,50,True,True,validation_plateau,,,10751,,0.0,0.011341107005137019,dc42580e96c7a3b6fdf2ef4cff806d43056221e837a7504c1614e8d8a7fca899,1618,4,7,-0.047410437854147114,-0.086475408093012,0.0011444528008463593,0.00328052877787174,-0.006748396971169815,0.006748396971169815,True,0.0,,198.295387872,0.015069589358504453,1.0146803747196342e-05,0.015250827586008627,-0.00017109142375697738,0.01507973616225165,0.0,0.015250827586008627,-0.00017109142375697738
fold-003,posttraining/xgboost/seed-42/real/mae,evaluation,posttraining,posttraining,xgboost,mae,42,True,median,tabular/xgb-d6-b64-lr0.1-s42,11653,11,0.01507973616225165,0.0006051161323435391,0.015480038726542949,0.0006258248673274335,0,13,50,True,True,validation_plateau,,,10751,,0.0,0.01116664899745956,dc42580e96c7a3b6fdf2ef4cff806d43056221e837a7504c1614e8d8a7fca899,1618,4,7,-0.047410437854147114,-0.086475408093012,0.0011444528008463593,0.00328052877787174,-0.006748396971169815,0.006748396971169815,True,0.0,,175.19644450800115,0.015069589358504453,1.0146803747196342e-05,0.015250827586008627,-0.00017109142375697738,0.01507973616225165,0.0,0.015250827586008627,-0.00017109142375697738
fold-003,posttraining/xgboost/seed-42/real/reinforce,evaluation,posttraining,posttraining,xgboost,reinforce,42,True,median,tabular/xgb-d6-b64-lr0.1-s42,11653,11,0.01507973616225165,0.0006051161323435391,0.015480038726542949,0.0006258248673274335,0,13,50,True,True,validation_plateau,,,10751,,0.0,0.014976970996940508,dc42580e96c7a3b6fdf2ef4cff806d43056221e837a7504c1614e8d8a7fca899,1618,4,7,-0.047410437854147114,-0.086475408093012,0.0011444528008463593,0.00328052877787174,-0.006748396971169815,0.006748396971169815,True,0.0,,185.30329944199912,0.015069589358504453,1.0146803747196342e-05,0.015250827586008627,-0.00017109142375697738,0.01507973616225165,0.0,0.015250827586008627,-0.00017109142375697738
fold-003,posttraining/xgboost/seed-43/real/expected,evaluation,posttraining,posttraining,xgboost,expected,43,True,median,tabular/xgb-d6-b64-lr0.1-s42,11653,11,0.01507973616225165,0.0006051161323435391,0.015480038726542949,0.0006258248673274335,0,13,50,True,True,validation_plateau,,,10751,,0.0,0.012571750005008653,dc42580e96c7a3b6fdf2ef4cff806d43056221e837a7504c1614e8d8a7fca899,1618,4,7,-0.047410437854147114,-0.086475408093012,0.0011444528008463593,0.00328052877787174,-0.006748396971169815,0.006748396971169815,True,0.0,,185.95553819899942,0.015069589358504453,1.0146803747196342e-05,0.015250827586008627,-0.00017109142375697738,0.01507973616225165,0.0,0.015250827586008627,-0.00017109142375697738
fold-003,posttraining/xgboost/seed-43/real/klpo_exact,evaluation,posttraining,posttraining,xgboost,klpo_exact,43,True,median,tabular/xgb-d6-b64-lr0.1-s42,11653,11,0.01507973616225165,0.0006051161323435391,0.015480038726542949,0.0006258248673274335,0,13,50,True,True,validation_plateau,,,10751,,0.0,0.011683060001814738,dc42580e96c7a3b6fdf2ef4cff806d43056221e837a7504c1614e8d8a7fca899,1618,4,7,-0.047410437854147114,-0.086475408093012,0.0011444528008463593,0.00328052877787174,-0.006748396971169815,0.006748396971169815,True,0.0,,195.7977886459994,0.015069589358504453,1.0146803747196342e-05,0.015250827586008627,-0.00017109142375697738,0.01507973616225165,0.0,0.015250827586008627,-0.00017109142375697738
fold-003,posttraining/xgboost/seed-43/real/klpo_full,evaluation,posttraining,posttraining,xgboost,klpo_full,43,True,median,tabular/xgb-d6-b64-lr0.1-s42,11653,11,0.01507973616225165,0.0006051161323435391,0.015480038726542949,0.0006258248673274335,0,13,50,True,True,validation_plateau,,,10751,,0.0,0.01180372700036969,dc42580e96c7a3b6fdf2ef4cff806d43056221e837a7504c1614e8d8a7fca899,1618,4,7,-0.047410437854147114,-0.086475408093012,0.0011444528008463593,0.00328052877787174,-0.006748396971169815,0.006748396971169815,True,0.0,,195.10636469200108,0.015069589358504453,1.0146803747196342e-05,0.015250827586008627,-0.00017109142375697738,0.01507973616225165,0.0,0.015250827586008627,-0.00017109142375697738
fold-003,posttraining/xgboost/seed-43/real/klpo_mc,evaluation,posttraining,posttraining,xgboost,klpo_mc,43,True,median,tabular/xgb-d6-b64-lr0.1-s42,11653,11,0.01507973616225165,0.0006051161323435391,0.015480038726542949,0.0006258248673274335,0,13,50,True,True,validation_plateau,,,10751,,0.0,0.011635321003268473,dc42580e96c7a3b6fdf2ef4cff806d43056221e837a7504c1614e8d8a7fca899,1618,4,7,-0.047410437854147114,-0.086475408093012,0.0011444528008463593,0.00328052877787174,-0.006748396971169815,0.006748396971169815,True,0.0,,198.7522279900004,0.015069589358504453,1.0146803747196342e-05,0.015250827586008627,-0.00017109142375697738,0.01507973616225165,0.0,0.015250827586008627,-0.00017109142375697738
fold-003,posttraining/xgboost/seed-43/real/mae,evaluation,posttraining,posttraining,xgboost,mae,43,True,median,tabular/xgb-d6-b64-lr0.1-s42,11653,11,0.01507973616225165,0.0006051161323435391,0.015480038726542949,0.0006258248673274335,0,13,50,True,True,validation_plateau,,,10751,,0.0,0.012090445990907028,dc42580e96c7a3b6fdf2ef4cff806d43056221e837a7504c1614e8d8a7fca899,1618,4,7,-0.047410437854147114,-0.086475408093012,0.0011444528008463593,0.00328052877787174,-0.006748396971169815,0.006748396971169815,True,0.0,,176.5154628780001,0.015069589358504453,1.0146803747196342e-05,0.015250827586008627,-0.00017109142375697738,0.01507973616225165,0.0,0.015250827586008627,-0.00017109142375697738
fold-003,posttraining/xgboost/seed-43/real/reinforce,evaluation,posttraining,posttraining,xgboost,reinforce,43,True,median,tabular/xgb-d6-b64-lr0.1-s42,11653,11,0.01507973616225165,0.0006051161323435391,0.015480038726542949,0.0006258248673274335,0,13,50,True,True,validation_plateau,,,10751,,0.0,0.011844994995044544,dc42580e96c7a3b6fdf2ef4cff806d43056221e837a7504c1614e8d8a7fca899,1618,4,7,-0.047410437854147114,-0.086475408093012,0.0011444528008463593,0.00328052877787174,-0.006748396971169815,0.006748396971169815,True,0.0,,188.9087478959991,0.015069589358504453,1.0146803747196342e-05,0.015250827586008627,-0.00017109142375697738,0.01507973616225165,0.0,0.015250827586008627,-0.00017109142375697738
fold-003,posttraining/xgboost/seed-44/real/expected,evaluation,posttraining,posttraining,xgboost,expected,44,True,median,tabular/xgb-d6-b64-lr0.1-s42,11653,11,0.01507973616225165,0.0006051161323435391,0.015480038726542949,0.0006258248673274335,0,13,50,True,True,validation_plateau,,,10751,,0.0,0.011179363005794585,dc42580e96c7a3b6fdf2ef4cff806d43056221e837a7504c1614e8d8a7fca899,1618,4,7,-0.047410437854147114,-0.086475408093012,0.0011444528008463593,0.00328052877787174,-0.006748396971169815,0.006748396971169815,True,0.0,,181.3143526040003,0.015069589358504453,1.0146803747196342e-05,0.015250827586008627,-0.00017109142375697738,0.01507973616225165,0.0,0.015250827586008627,-0.00017109142375697738
fold-003,posttraining/xgboost/seed-44/real/klpo_exact,evaluation,posttraining,posttraining,xgboost,klpo_exact,44,True,median,tabular/xgb-d6-b64-lr0.1-s42,11653,11,0.01507973616225165,0.0006051161323435391,0.015480038726542949,0.0006258248673274335,0,13,50,True,True,validation_plateau,,,10751,,0.0,0.012470480010961182,dc42580e96c7a3b6fdf2ef4cff806d43056221e837a7504c1614e8d8a7fca899,1618,4,7,-0.047410437854147114,-0.086475408093012,0.0011444528008463593,0.00328052877787174,-0.006748396971169815,0.006748396971169815,True,0.0,,190.07519809400037,0.015069589358504453,1.0146803747196342e-05,0.015250827586008627,-0.00017109142375697738,0.01507973616225165,0.0,0.015250827586008627,-0.00017109142375697738
fold-003,posttraining/xgboost/seed-44/real/klpo_full,evaluation,posttraining,posttraining,xgboost,klpo_full,44,True,median,tabular/xgb-d6-b64-lr0.1-s42,11653,11,0.01507973616225165,0.0006051161323435391,0.015480038726542949,0.0006258248673274335,0,13,50,True,True,validation_plateau,,,10751,,0.0,0.013962154000182636,dc42580e96c7a3b6fdf2ef4cff806d43056221e837a7504c1614e8d8a7fca899,1618,4,7,-0.047410437854147114,-0.086475408093012,0.0011444528008463593,0.00328052877787174,-0.006748396971169815,0.006748396971169815,True,0.0,,196.5900925800015,0.015069589358504453,1.0146803747196342e-05,0.015250827586008627,-0.00017109142375697738,0.01507973616225165,0.0,0.015250827586008627,-0.00017109142375697738
fold-003,posttraining/xgboost/seed-44/real/klpo_mc,evaluation,posttraining,posttraining,xgboost,klpo_mc,44,True,median,tabular/xgb-d6-b64-lr0.1-s42,11653,11,0.01507973616225165,0.0006051161323435391,0.015480038726542949,0.0006258248673274335,0,13,50,True,True,validation_plateau,,,10751,,0.0,0.016219717988860793,dc42580e96c7a3b6fdf2ef4cff806d43056221e837a7504c1614e8d8a7fca899,1618,4,7,-0.047410437854147114,-0.086475408093012,0.0011444528008463593,0.00328052877787174,-0.006748396971169815,0.006748396971169815,True,0.0,,195.63878949500213,0.015069589358504453,1.0146803747196342e-05,0.015250827586008627,-0.00017109142375697738,0.01507973616225165,0.0,0.015250827586008627,-0.00017109142375697738
fold-003,posttraining/xgboost/seed-44/real/mae,evaluation,posttraining,posttraining,xgboost,mae,44,True,median,tabular/xgb-d6-b64-lr0.1-s42,11653,11,0.01507973616225165,0.0006051161323435391,0.015480038726542949,0.0006258248673274335,0,13,50,True,True,validation_plateau,,,10751,,0.0,0.013265866000438109,dc42580e96c7a3b6fdf2ef4cff806d43056221e837a7504c1614e8d8a7fca899,1618,4,7,-0.047410437854147114,-0.086475408093012,0.0011444528008463593,0.00328052877787174,-0.006748396971169815,0.006748396971169815,True,0.0,,177.61249147299895,0.015069589358504453,1.0146803747196342e-05,0.015250827586008627,-0.00017109142375697738,0.01507973616225165,0.0,0.015250827586008627,-0.00017109142375697738
fold-003,posttraining/xgboost/seed-44/real/reinforce,evaluation,posttraining,posttraining,xgboost,reinforce,44,True,median,tabular/xgb-d6-b64-lr0.1-s42,11653,11,0.01507973616225165,0.0006051161323435391,0.015480038726542949,0.0006258248673274335,0,13,50,True,True,validation_plateau,,,10751,,0.0,0.011836688994662836,dc42580e96c7a3b6fdf2ef4cff806d43056221e837a7504c1614e8d8a7fca899,1618,4,7,-0.047410437854147114,-0.086475408093012,0.0011444528008463593,0.00328052877787174,-0.006748396971169815,0.006748396971169815,True,0.0,,191.7189639290009,0.015069589358504453,1.0146803747196342e-05,0.015250827586008627,-0.00017109142375697738,0.01507973616225165,0.0,0.015250827586008627,-0.00017109142375697738
fold-003,reference/US-natural/posttraining/dlinear-mae-s42,evaluation,reference,posttraining,dlinear,reference_mae,42,True,continuous,reference/US-natural/search/dlinear-10-s42,11653,11,0.015959257160160063,0.0006540287182908174,0.016404886676465235,0.0006778717972880599,3,5,5,False,False,,,,1830,134.85385349503485,0.0,0.01443465099146124,39abe4103e80f9443832b2612b98b4484213b5df83a4bc6dbc1402e5902602a5,1618,11,0,-0.013049724132514406,-0.016249943449307153,0.42122395771942434,1.0,-0.016752224415540695,0.006012879312038422,,,,,0.015069589358504453,0.0008896678016556102,0.016236075747662365,-0.00027681858750230187,,,,
fold-003,reference/US-natural/posttraining/dlinear-mae-s43,evaluation,reference,posttraining,dlinear,reference_mae,43,True,continuous,reference/US-natural/finalist/dlinear-s43,11653,11,0.015825849881944066,0.0006490626403883181,0.016279108447170582,0.0006733135060245216,3,5,5,False,False,,,,1830,135.7151678170194,0.0,0.013649667002027854,993b5aa00de1626a53077b5befcc1082e3362b8a3b714e8094b497ba7e0a1d8b,1618,11,0,0.008430788985306607,-0.009158383809631342,0.48145102418245567,1.0,-0.013100016862154007,0.0045510558411479,,,,,0.015069589358504453,0.0007562605234396128,0.01629465348667233,-0.00046880360472826427,,,,
fold-003,reference/US-natural/posttraining/dlinear-mae-s44,evaluation,reference,posttraining,dlinear,reference_mae,44,True,continuous,reference/US-natural/finalist/dlinear-s44,11653,11,0.016306365975098977,0.0006636721301710992,0.01675125287760948,0.0006880296358150341,3,5,5,False,False,,,,1830,136.15872440196108,0.0,0.01341090799542144,e6d7d1fda1d5178277e6ac7b6b5c03214c229f7d9eb77097d6c63effd292ac8a,1618,11,0,-0.0019137337222115151,-0.011183699149507042,0.4824590751271597,1.0,-0.01655888557434082,0.009468776173889637,,,,,0.015069589358504453,0.001236776616594524,0.017224679539411952,-0.0009183135643129753,,,,
fold-003,reference/US-natural/posttraining/dlinear-mse-s42,evaluation,reference,posttraining,dlinear,reference_mse,42,True,continuous,reference/US-natural/search/dlinear-10-s42,11653,11,0.016236075747662365,0.0006702406289783113,0.016690546133719564,0.0006949269081931937,0,5,5,True,False,,,,1830,134.2843584009679,0.0,0.016500163997989148,3fd5e646d2ba33a66aeddadf90bdba652876d25fd8d5c371395c031da2c11aca,1618,11,0,0.0031044884465748547,0.006218395831819915,0.4502210346886176,1.0,-0.019290395081043243,0.00905923917889595,,,,,0.015069589358504453,0.001166486389157912,0.016236075747662365,0.0,,,,
fold-003,reference/US-natural/posttraining/dlinear-mse-s43,evaluation,reference,posttraining,dlinear,reference_mse,43,True,continuous,reference/US-natural/finalist/dlinear-s43,11653,11,0.01629465348667233,0.000669787224186954,0.016745346647794115,0.0006942752202126539,0,5,5,True,False,,,,1830,137.40403630398214,0.0,0.01793587300926447,3e2a9e85d415400485e34718fd82bf7de1620d8d1aa30afe1909ae598835048b,1618,11,0,0.0315583280399839,0.028463845720520388,0.479423763852884,1.0,-0.0199278611689806,0.013362466357648373,,,,,0.015069589358504453,0.001225064128167877,0.01629465348667233,0.0,,,,
fold-003,reference/US-natural/posttraining/dlinear-mse-s44,evaluation,reference,posttraining,dlinear,reference_mse,44,True,continuous,reference/US-natural/finalist/dlinear-s44,11653,11,0.016856598970052282,0.0006850633105522063,0.017315316401340902,0.0007106997672033754,5,5,5,False,False,,,,1830,134.12719292804832,0.0,0.016722742991987616,0db2da4f616a886aaf452b31d44b9f800dc6e2b581eae3aeb8c3fc5105050792,1618,11,0,0.02420668529448473,0.022635965062340484,0.47401763902714156,1.0,-0.018931902945041656,0.018674813210964203,,,,,0.015069589358504453,0.0017870096115478289,0.017224679539411952,-0.0003680805693596703,,,,
fold-003,reference/US-natural/posttraining/gru-mae-s42,evaluation,reference,posttraining,gru,reference_mae,42,True,continuous,reference/US-natural/search/gru-10-s42,11653,11,0.015720210615971973,0.0006431470324433169,0.016162981119942202,0.0006667103570093095,3,5,5,False,False,,,,1830,144.92377415497322,0.0,0.013680905001820065,a88bdf49715ba4335b963f8d06fab81e7e9be53ee15c5dfc653fa57fd125548b,1618,11,0,0.0053400729161758205,-0.022902762205292283,0.45403771575049956,1.0,-0.013258569873869419,0.0058309598825871944,,,,,0.015069589358504453,0.0006506212574675201,0.01584760879337667,-0.0001273981774046959,,,,
fold-003,reference/US-natural/posttraining/gru-mae-s43,evaluation,reference,posttraining,gru,reference_mae,43,True,continuous,reference/US-natural/finalist/gru-s43,11653,11,0.01608834541477019,0.000661477591314588,0.01654666697320745,0.0006859455715899,4,5,5,False,False,,,,1830,142.09416749404045,0.0,0.016936042986344546,ee9288cfc352b83e8b6dc37c398bed9cf9826cd3bfab48c7279373e0d50e1b83,1618,11,0,0.01297148001269683,-0.011680209323553658,0.43084876379959647,1.0,-0.01282068807631731,0.006963308900594711,,,,,0.015069589358504453,0.0010187560562657377,0.016444306704809005,-0.00035596129003881427,,,,
fold-003,reference/US-natural/posttraining/gru-mae-s44,evaluation,reference,posttraining,gru,reference_mae,44,True,continuous,reference/US-natural/finalist/gru-s44,11653,11,0.015785832295025122,0.0006346126617343896,0.01621822700205854,0.0006575595515215361,1,5,5,False,False,,,,1830,141.71478069201112,0.0,0.013473725994117558,165c38857a3660c0a1d5a8d17d353f2d3bf744897756fc08a40592b8a3c38cc4,1618,11,0,-0.004100532506930728,-0.01466602505981427,0.4403924899486741,1.0,-0.010920487344264984,0.01370222494006157,,,,,0.015069589358504453,0.0007162429365206689,0.01570190687174851,8.392542327661373e-05,,,,
fold-003,reference/US-natural/posttraining/gru-mse-s42,evaluation,reference,posttraining,gru,reference_mse,42,True,continuous,reference/US-natural/search/gru-10-s42,11653,11,0.015940203318639205,0.0006478577564020036,0.01638986641402007,0.0006715305109013635,3,5,5,False,False,,,,1830,145.38702779402956,0.0,0.014726880996022373,1de71a61f58b88e6b71eff7e4686cfc860d5272f6d4c29f8077aa816fd336969,1618,11,0,0.0076297975576216145,-9.234790259063292e-05,0.4608455154161847,1.0,-0.014713633805513382,0.008479928597807884,,,,,0.015069589358504453,0.0008706139601347522,0.01584760879337667,9.259452526253625e-05,,,,
fold-003,reference/US-natural/posttraining/gru-mse-s43,evaluation,reference,posttraining,gru,reference_mse,43,True,continuous,reference/US-natural/finalist/gru-s43,11653,11,0.016385077098601875,0.0006722782602836287,0.01683743870310493,0.000696730464034393,2,5,5,False,False,,,,1830,142.8828489430016,0.0,0.014562492011464201,0bb14036d823c62be2ce41a9b1258b09c17aeb2a53d09040de21d5f4adbff846,1618,11,0,0.044244415967540536,0.029260555318735216,0.4147478250898453,1.0,-0.013920988887548447,0.010789414867758751,,,,,0.015069589358504453,0.0013154877400974214,0.016444306704809005,-5.922960620713055e-05,,,,
fold-003,reference/US-natural/posttraining/gru-mse-s44,evaluation,reference,posttraining,gru,reference_mse,44,True,continuous,reference/US-natural/finalist/gru-s44,11653,11,0.015724132554060858,0.0006358141321665764,0.016168101440647988,0.0006594884548216214,4,5,5,False,False,,,,1830,140.35426561301574,0.0,0.015005125009338371,ec836e503da75948101974666cc502438e5045bc55d2dbc5fff09ec191d5c326,1618,11,0,0.02225102759393606,0.02778729323074327,0.4265304959693206,1.0,-0.011774282902479172,0.011560775339603424,,,,,0.015069589358504453,0.0006545431955564049,0.01570190687174851,2.2225682312349698e-05,,,,
fold-003,reference/US-natural/posttraining/lstm-mae-s42,evaluation,reference,posttraining,lstm,reference_mae,42,True,continuous,reference/US-natural/search/lstm-00-s42,11653,11,0.016211851953359165,0.0006784622728987952,0.01669916638541533,0.0007055700344824753,1,5,5,False,False,,,,1830,141.19522112398408,0.0,0.014830156011157669,2f4cd83ff808670ed49f6c57f34f4ffe7d0e44a375494474e9067c9699b0ec43,1618,11,0,-0.0020358993866647574,-0.0240709779504068,0.474700386341679,1.0,-0.029734402894973755,0.014718085527420044,,,,,0.015069589358504453,0.0011422625948547122,0.016105983688912775,0.00010586826444639041,,,,
fold-003,reference/US-natural/posttraining/lstm-mae-s43,evaluation,reference,posttraining,lstm,reference_mae,43,True,continuous,reference/US-natural/finalist/lstm-s43,11653,11,0.016086941423482125,0.0006607785757065892,0.016535219225227497,0.000685282812356558,0,5,5,True,False,,,,1830,141.10730704199523,0.0,0.013393214991083369,b362eb486c6065ea2fb429188b5c57da90d06d078f8e5e557ff856054dbe3ddb,1618,11,0,0.014573110522071013,-0.002913260078788493,0.45268629292460694,1.0,-0.025471940636634827,0.015372775495052338,,,,,0.015069589358504453,0.0010173520649776717,0.016086941423482125,0.0,,,,
fold-003,reference/US-natural/posttraining/lstm-mae-s44,evaluation,reference,posttraining,lstm,reference_mae,44,True,continuous,reference/US-natural/finalist/lstm-s44,11653,11,0.015559871804718984,0.0006296164667863828,0.015982805081799265,0.0006521475636326271,0,5,5,True,False,,,,1830,142.92230952798855,0.0,0.014576279005268589,6f95f3bec1cff0ebcb0575c3e26608be5aa6d991b2d16a8b6aa0952b9a0782fa,1618,11,0,-0.011735937763982162,-0.027871189203672788,0.46747348729409555,1.0,-0.01407545804977417,0.016099989414215088,,,,,0.015069589358504453,0.0004902824462145305,0.015559871804718984,0.0,,,,
fold-003,reference/US-natural/posttraining/lstm-mse-s42,evaluation,reference,posttraining,lstm,reference_mse,42,True,continuous,reference/US-natural/search/lstm-00-s42,11653,11,0.016105983688912775,0.000669480281592634,0.016581790943887047,0.0006957416844889445,0,5,5,True,False,,,,1830,141.97850084700622,0.0,0.013324244995601475,56d4504a2419bbb5328b66d5d87c02e9e49e3e1f6b2a1b44a2f62e87ef0b7993,1618,11,0,0.0009113169536741224,-0.017145460068295253,0.4618432355885594,1.0,-0.029276952147483826,0.015443064272403717,,,,,0.015069589358504453,0.0010363943304083217,0.016105983688912775,0.0,,,,
fold-003,reference/US-natural/posttraining/lstm-mse-s43,evaluation,reference,posttraining,lstm,reference_mse,43,True,continuous,reference/US-natural/finalist/lstm-s43,11653,11,0.016086941423482125,0.0006607785757065892,0.016535219225227497,0.000685282812356558,0,5,5,True,False,,,,1830,141.48101514199516,0.0,0.014077691012062132,b362eb486c6065ea2fb429188b5c57da90d06d078f8e5e557ff856054dbe3ddb,1618,11,0,0.014573110522071013,-0.002913260078788493,0.45268629292460694,1.0,-0.025471940636634827,0.015372775495052338,,,,,0.015069589358504453,0.0010173520649776717,0.016086941423482125,0.0,,,,
fold-003,reference/US-natural/posttraining/lstm-mse-s44,evaluation,reference,posttraining,lstm,reference_mse,44,True,continuous,reference/US-natural/finalist/lstm-s44,11653,11,0.015559871804718984,0.0006296164667863828,0.015982805081799265,0.0006521475636326271,0,5,5,True,False,,,,1830,142.10090083896648,0.0,0.014096907994826324,6f95f3bec1cff0ebcb0575c3e26608be5aa6d991b2d16a8b6aa0952b9a0782fa,1618,11,0,-0.011735937763982162,-0.027871189203672788,0.46747348729409555,1.0,-0.01407545804977417,0.016099989414215088,,,,,0.015069589358504453,0.0004902824462145305,0.015559871804718984,0.0,,,,
fold-003,reference/US-natural/posttraining/rnn-mae-s42,evaluation,reference,posttraining,rnn,reference_mae,42,True,continuous,reference/US-natural/search/rnn-10-s42,11653,11,0.015844844399132137,0.0006505873338635172,0.016303628536032573,0.0006750801471292083,3,5,5,False,False,,,,1830,141.38221247302135,0.0,0.01380663100280799,1ea7d1690b1fe0a10ba0f960d3709643057c0e8395eb312579deb74ae7f61151,1618,11,0,-0.007942638378999415,-0.02908353691146449,0.4629557837139105,1.0,-0.011745011433959007,0.006842195987701416,,,,,0.015069589358504453,0.0007752550406276842,0.01611878386878083,-0.0002739394696486923,,,,
fold-003,reference/US-natural/posttraining/rnn-mae-s43,evaluation,reference,posttraining,rnn,reference_mae,43,True,continuous,reference/US-natural/finalist/rnn-s43,11653,11,0.015730444551507804,0.0006411038957921419,0.016157892428464146,0.0006639782438543777,4,5,5,False,False,,,,1830,140.91548549599247,0.0,0.013955571004771627,0230f031fc031125956c340e73508caf7652a7856354761f27d4ce006a8ff8f9,1618,11,0,0.031399312552543385,0.009763264821018773,0.45400706495891113,1.0,-0.014347072690725327,0.00732981413602829,,,,,0.015069589358504453,0.0006608551930033513,0.015836215966539877,-0.00010577141503207224,,,,
fold-003,reference/US-natural/posttraining/rnn-mae-s44,evaluation,reference,posttraining,rnn,reference_mae,44,True,continuous,reference/US-natural/finalist/rnn-s44,11653,11,0.015633804677591304,0.0006284324362769292,0.016063602086154077,0.0006507246489942404,4,5,5,False,False,,,,1830,142.40216983901337,0.0,0.013285421999171376,6c85240e778b5e3d9c2bfffa6f811537841f1f4899ed65d0eed86dfe84bb3624,1618,11,0,-0.007210230799890125,-0.02657832520447496,0.4807795333763743,1.0,-0.008695804513990879,0.007830455899238586,,,,,0.015069589358504453,0.0005642153190868505,0.016073832464024676,-0.00044002778643337237,,,,
fold-003,reference/US-natural/posttraining/rnn-mse-s42,evaluation,reference,posttraining,rnn,reference_mse,42,True,continuous,reference/US-natural/search/rnn-10-s42,11653,11,0.01611878386878083,0.000663079506528036,0.01658107912506369,0.0006880842520417928,0,5,5,True,False,,,,1830,141.3906388679752,0.0,0.014081308007007465,6c13b737c2bc24920bba84d5427c51e0bbe5eed99e247325457ca0e8023fb1a9,1618,11,0,0.03261391091541387,0.021206596439606283,0.4699019614589313,1.0,-0.015758808702230453,0.011600833386182785,,,,,0.015069589358504453,0.0010491945102763765,0.01611878386878083,0.0,,,,
fold-003,reference/US-natural/posttraining/rnn-mse-s43,evaluation,reference,posttraining,rnn,reference_mse,43,True,continuous,reference/US-natural/finalist/rnn-s43,11653,11,0.015836215966539877,0.0006426274914087081,0.01626316299331357,0.0006654314549724026,0,5,5,True,False,,,,1830,140.49462481297087,0.0,0.014878677000524476,3a0c006d2fb58e5a16dc3e6e3ae914a3abcc0eb8f1b4ac93a9b7def1d785a7f5,1618,11,0,0.004629665071774256,-0.00404870213842733,0.43708020856282803,1.0,-0.0171806700527668,0.012698311358690262,,,,,0.015069589358504453,0.0007666266080354235,0.015836215966539877,0.0,,,,
fold-003,reference/US-natural/posttraining/rnn-mse-s44,evaluation,reference,posttraining,rnn,reference_mse,44,True,continuous,reference/US-natural/finalist/rnn-s44,11653,11,0.016073832464024676,0.0006454931875894882,0.01651707316505675,0.0006685424696454335,0,5,5,True,False,,,,1830,140.8928450740059,0.0,0.014741589009645395,48a004486f3f0f29d7f4b0694981ade9026e1020f87100c0c45e51592cfb68d7,1618,11,0,0.008842114690195144,-0.0077002091619337125,0.4808090710244638,1.0,-0.011959213763475418,0.016428330913186073,,,,,0.015069589358504453,0.001004243105520223,0.016073832464024676,0.0,,,,
