fold,partition,family,method,models,sessions,session_mae,session_mse,selected_initial,stopped_early,primary,mean_rank_ic,mean_direction_accuracy,mae_zero,delta_zero,mae_parent,delta_parent,mae_initial_policy,delta_initial_policy,mae_center,delta_center
fold-000,calibration,dlinear,expected,3,21,0.014892278421882284,0.000604101467503985,0,3,median,-0.002073796589639309,0.18289157651634755,0.014510417381059444,0.00038186104082284076,0.014711338302213474,0.00018094011966880857,0.014755132366053303,0.00013714605582897961,0.014817666393390902,7.461202849138107e-05
fold-000,calibration,dlinear,klpo_exact,3,21,0.014755132366053303,0.0005954432974222978,3,3,median,-0.008456693176774527,0.11235814083136324,0.014510417381059444,0.00024471498499386115,0.014711338302213474,4.379406383982895e-05,0.014755132366053303,0.0,0.014711338302213474,4.379406383982895e-05
fold-000,calibration,dlinear,klpo_full,3,21,0.014755132366053303,0.0005954432974222978,3,3,median,-0.008456693176774527,0.11235814083136324,0.014510417381059444,0.00024471498499386115,0.014711338302213474,4.379406383982895e-05,0.014755132366053303,0.0,0.014711338302213474,4.379406383982895e-05
fold-000,calibration,dlinear,klpo_mc,3,21,0.014755132366053303,0.0005954432974222978,3,3,median,-0.008456693176774527,0.11235814083136324,0.014510417381059444,0.00024471498499386115,0.014711338302213474,4.379406383982895e-05,0.014755132366053303,0.0,0.014711338302213474,4.379406383982895e-05
fold-000,calibration,dlinear,mae,3,21,0.01487540374211047,0.0006018290666728987,0,3,median,-0.0003265624320966773,0.16524976030439067,0.014510417381059444,0.0003649863610510301,0.014711338302213474,0.00016406543989699792,0.014755132366053303,0.00012027137605716895,0.014823373622222762,5.2030119887713053e-05
fold-000,calibration,dlinear,neural_mae,3,21,0.014519582650421718,0.0005866019407851374,0,3,median,-0.007249690184400712,0.00543166263923157,0.014510417381059444,9.165269362276002e-06,0.014711338302213474,-0.0001917556517917562,0.014755132366053303,-0.00023554971563158515,0.014532866767243902,-1.328411682218253e-05
fold-000,calibration,dlinear,neural_mse,3,21,0.014516997736182187,0.0005861729026084185,0,3,median,0.0009081610902256224,0.011940455739909877,0.014510417381059444,6.580355122743624e-06,0.014711338302213474,-0.00019434056603128858,0.014755132366053303,-0.00023813462987111754,0.01455886922600484,-4.187148982265445e-05
fold-000,calibration,dlinear,reference,3,21,0.014765917963526456,0.0005967415948530249,0,3,continuous,0.0019278544488665103,0.5006265189227456,0.014510417381059444,0.00025550058246701644,0.014765917963526456,,,,,
fold-000,calibration,dlinear,reference_mae,3,21,0.014670315248536202,0.0005934566753649319,0,0,continuous,0.01202899451284463,0.5035513921063214,0.014510417381059444,0.00015989786747675695,0.014765917963526456,-9.560271499025931e-05,,,,
fold-000,calibration,dlinear,reference_mse,3,21,0.01476599932994812,0.0005969577717641679,1,0,continuous,0.004718636525989609,0.5030246520829413,0.014510417381059444,0.00025558194888867565,0.014765917963526456,8.136642165937347e-08,,,,
fold-000,calibration,dlinear,reinforce,3,21,0.014854713903097642,0.0006005387260079512,1,3,median,-0.0051120889391729684,0.13583006018312918,0.014510417381059444,0.0003442965220382008,0.014711338302213474,0.00014337560088416862,0.014755132366053303,9.958153704433968e-05,0.014796281015344945,5.84328877526982e-05
fold-000,calibration,gru,expected,3,21,0.014858570296094295,0.0006002813765786477,1,3,median,-0.007406187595997748,0.16465165717268473,0.014510417381059444,0.00034815291503485286,0.014753233480127642,0.00010533681596665521,0.014887851138410199,-2.9280842315903696e-05,0.014749630580547467,0.00010893971554682693
fold-000,calibration,gru,klpo_exact,3,21,0.014887851138410199,0.0005998541793184872,3,3,median,-0.01452731223673944,0.153121819103894,0.014510417381059444,0.00037743375735075653,0.014753233480127642,0.0001346176582825589,0.014887851138410199,0.0,0.014753233480127642,0.0001346176582825589
fold-000,calibration,gru,klpo_full,3,21,0.014887851138410199,0.0005998541793184872,3,3,median,-0.01452731223673944,0.153121819103894,0.014510417381059444,0.00037743375735075653,0.014753233480127642,0.0001346176582825589,0.014887851138410199,0.0,0.014753233480127642,0.0001346176582825589
fold-000,calibration,gru,klpo_mc,3,21,0.014887851138410199,0.0005998541793184872,3,3,median,-0.01452731223673944,0.153121819103894,0.014510417381059444,0.00037743375735075653,0.014753233480127642,0.0001346176582825589,0.014887851138410199,0.0,0.014753233480127642,0.0001346176582825589
fold-000,calibration,gru,mae,3,21,0.01489001918320632,0.0006018282273216187,1,3,median,-0.009305394852809857,0.16492010757883263,0.014510417381059444,0.0003796018021468758,0.014753233480127642,0.00013678570307867818,0.014887851138410199,2.1680447961192556e-06,0.014770211169854993,0.00011980801335132295
fold-000,calibration,gru,neural_mae,3,21,0.014500398983549762,0.0005853145901538475,0,3,median,0.019375270034134463,0.010827500485956593,0.014510417381059444,-1.0018397509680626e-05,0.014753233480127642,-0.0002528344965778783,0.014887851138410199,-0.0003874521548604372,0.01455840760378301,-5.8008620233247714e-05
fold-000,calibration,gru,neural_mse,3,21,0.01452904637221263,0.0005863098932451168,0,3,median,0.0037051209836827088,0.010875515707613637,0.014510417381059444,1.8628991153188903e-05,0.014753233480127642,-0.00022418710791500873,0.014887851138410199,-0.00035880476619756763,0.014545316177780987,-1.6269805568353068e-05
fold-000,calibration,gru,reference,3,21,0.014884169418147297,0.0006002383571606541,0,3,continuous,0.0004152826802196823,0.5021258367591391,0.014510417381059444,0.000373752037087852,0.014884169418147297,,,,,
fold-000,calibration,gru,reference_mae,3,21,0.014701731640194272,0.0005936062709866042,0,0,continuous,0.00840965964601926,0.5016475853957213,0.014510417381059444,0.00019131425913482972,0.014884169418147294,-0.00018243777795302194,,,,
fold-000,calibration,gru,reference_mse,3,21,0.014782232754408466,0.0005964044897146793,0,0,continuous,0.00010079053279095304,0.4982435515389246,0.014510417381059444,0.00027181537334902456,0.014884169418147294,-0.0001019366637388271,,,,
fold-000,calibration,gru,reinforce,3,21,0.014856007316835203,0.0005991867439029008,2,3,median,-0.008989798192181557,0.16118277082348376,0.014510417381059444,0.00034558993577575814,0.014753233480127642,0.0001027738367075605,0.014887851138410199,-3.184382157499841e-05,0.014736536200736181,0.0001194711160990219
fold-000,calibration,lstm,expected,3,21,0.014966734679620534,0.0006032764372284273,3,3,median,0.017620943288958173,0.19291165886094483,0.014510417381059444,0.0004563172985610879,0.014924349373713857,4.2385305906674356e-05,0.014966734679620534,0.0,0.014924349373713857,4.2385305906674356e-05
fold-000,calibration,lstm,klpo_exact,3,21,0.014966734679620534,0.0006032764372284273,3,3,median,0.017620943288958173,0.19291165886094483,0.014510417381059444,0.0004563172985610879,0.014924349373713857,4.2385305906674356e-05,0.014966734679620534,0.0,0.014924349373713857,4.2385305906674356e-05
fold-000,calibration,lstm,klpo_full,3,21,0.014966734679620534,0.0006032764372284273,3,3,median,0.017620943288958173,0.19291165886094483,0.014510417381059444,0.0004563172985610879,0.014924349373713857,4.2385305906674356e-05,0.014966734679620534,0.0,0.014924349373713857,4.2385305906674356e-05
fold-000,calibration,lstm,klpo_mc,3,21,0.014966734679620534,0.0006032764372284273,3,3,median,0.017620943288958173,0.19291165886094483,0.014510417381059444,0.0004563172985610879,0.014924349373713857,4.2385305906674356e-05,0.014966734679620534,0.0,0.014924349373713857,4.2385305906674356e-05
fold-000,calibration,lstm,mae,3,21,0.014966734679620534,0.0006032764372284273,3,3,median,0.017620943288958173,0.19291165886094483,0.014510417381059444,0.0004563172985610879,0.014924349373713857,4.2385305906674356e-05,0.014966734679620534,0.0,0.014924349373713857,4.2385305906674356e-05
fold-000,calibration,lstm,neural_mae,3,21,0.014774194186654049,0.0005972614622767829,0,3,median,0.006868218864851748,0.12195105858083216,0.014510417381059444,0.00026377680559460536,0.014924349373713857,-0.00015015518705980814,0.014966734679620534,-0.00019254049296648252,0.014704751717518807,6.944246913524446e-05
fold-000,calibration,lstm,neural_mse,3,21,0.014750453915996305,0.0005936553672557204,0,3,median,0.0009744524760926268,0.08577705378325333,0.014510417381059444,0.00024003653493686063,0.014924349373713857,-0.0001738954577175529,0.014966734679620534,-0.00021628076362422726,0.014703342623095306,4.711129290099642e-05
fold-000,calibration,lstm,reference,3,21,0.014887739313739037,0.0006002280595818545,0,3,continuous,0.010119637944078578,0.5001419716097538,0.014510417381059444,0.0003773219326795943,0.014887739313739037,,,,,
fold-000,calibration,lstm,reference_mae,3,21,0.01486001710690353,0.0005991054248686437,2,0,continuous,0.013251335530163345,0.5005462410516798,0.014510417381059444,0.00034959972584408934,0.014887739313739037,-2.772220683550527e-05,,,,
fold-000,calibration,lstm,reference_mse,3,21,0.014887739313739037,0.0006002280595818545,3,0,continuous,0.010119637944078578,0.5001419716097538,0.014510417381059444,0.0003773219326795946,0.014887739313739037,0.0,,,,
fold-000,calibration,lstm,reinforce,3,21,0.014966734679620534,0.0006032764372284273,3,3,median,0.017620943288958173,0.19291165886094483,0.014510417381059444,0.0004563172985610879,0.014924349373713857,4.2385305906674356e-05,0.014966734679620534,0.0,0.014924349373713857,4.2385305906674356e-05
fold-000,calibration,ridge,expected,3,21,0.03586811090078655,0.001784210877717415,0,3,median,0.009627183510033362,0.5080602220156499,0.014510417381059444,0.021357693519727106,0.0473616263492031,-0.011493515448416557,0.04557294924051131,-0.009704838339724756,0.03614092763771993,-0.00027281673693337673
fold-000,calibration,ridge,klpo_exact,3,21,0.015728369146920745,0.0006328770240418515,0,3,median,0.008622403261154295,0.3289501033232076,0.014510417381059444,0.0012179517658613022,0.0473616263492031,-0.031633257202282355,0.04557294924051131,-0.02984458009359055,0.015621463902634056,0.00010690524428669006
fold-000,calibration,ridge,klpo_full,3,21,0.016997480003696726,0.0006842839593205443,0,0,median,0.0038460641077419176,0.3753153126065086,0.014510417381059444,0.0024870626226372837,0.0473616263492031,-0.03036414634550638,0.04557294924051131,-0.02857546923681457,0.01689708973308454,0.00010039027061218607
fold-000,calibration,ridge,klpo_mc,3,21,0.017065625210294626,0.0006888615296049492,0,0,median,0.003983179696506409,0.3798548256404017,0.014510417381059444,0.0025552078292351804,0.0473616263492031,-0.03029600113890848,0.04557294924051131,-0.028507324030216677,0.01696461295880592,0.00010101225148870398
fold-000,calibration,ridge,mae,3,21,0.03309862713855875,0.0015794371983716814,0,3,median,0.010194536263003729,0.5080315784680988,0.014510417381059444,0.018588209757499315,0.0473616263492031,-0.014262999210644344,0.04557294924051131,-0.012474322101952543,0.0332149539278239,-0.0001163267892651416
fold-000,calibration,ridge,reinforce,3,21,0.03582309278825559,0.0018116489123833268,0,3,median,0.012374285754449037,0.5080400779418234,0.014510417381059444,0.02131267540719615,0.0473616263492031,-0.011538533560947509,0.04557294924051131,-0.009749856452255706,0.036165419542277664,-0.0003423267540220651
fold-000,calibration,ridge,ridge,1,21,0.0473616263492031,0.00285164271829084,0,0,continuous,0.007717484548941182,0.5081053158107437,0.014510417381059444,0.03285120896814367,0.0473616263492031,,,,,
fold-000,calibration,rnn,expected,3,21,0.015291011771143805,0.0006182712921813733,0,3,median,-0.002987502615505709,0.2530642050697793,0.014510417381059444,0.000780594390084361,0.014953724412991668,0.0003372873581521325,0.015072026426912667,0.00021898534423113567,0.015179246721327528,0.00011176504981627564
fold-000,calibration,rnn,klpo_exact,3,21,0.015072026426912667,0.0006064053205393486,3,3,median,0.001233253285933597,0.20590187209602395,0.014510417381059444,0.0005616090458532253,0.014953724412991668,0.00011830201392099682,0.015072026426912667,0.0,0.014953724412991668,0.00011830201392099682
fold-000,calibration,rnn,klpo_full,3,21,0.015072026426912667,0.0006064053205393486,3,3,median,0.001233253285933597,0.20590187209602395,0.014510417381059444,0.0005616090458532253,0.014953724412991668,0.00011830201392099682,0.015072026426912667,0.0,0.014953724412991668,0.00011830201392099682
fold-000,calibration,rnn,klpo_mc,3,21,0.015072026426912667,0.0006064053205393486,3,3,median,0.001233253285933597,0.20590187209602395,0.014510417381059444,0.0005616090458532253,0.014953724412991668,0.00011830201392099682,0.015072026426912667,0.0,0.014953724412991668,0.00011830201392099682
fold-000,calibration,rnn,mae,3,21,0.01518544753994436,0.0006128795254687754,0,3,median,-0.004772561455805995,0.23710330984436,0.014510417381059444,0.0006750301588849157,0.014953724412991668,0.0002317231269526872,0.015072026426912667,0.00011342111303169037,0.015080568573931766,0.00010487896601259305
fold-000,calibration,rnn,neural_mae,3,21,0.014989451650969552,0.0006025258018724743,1,3,median,-0.012650138320190074,0.16841222242988133,0.014510417381059444,0.00047903426991010916,0.014953724412991668,3.572723797788065e-05,0.015072026426912667,-8.257477594311617e-05,0.014870317464570161,0.0001191341863993912
fold-000,calibration,rnn,neural_mse,3,21,0.014973524849376918,0.0006032872767332032,2,3,median,-0.0005155397070430857,0.16427607593911434,0.014510417381059444,0.000463107468317476,0.014953724412991668,1.9800436385247423e-05,0.015072026426912667,-9.850157753574939e-05,0.014894962776438692,7.856207293822543e-05
fold-000,calibration,rnn,reference,3,21,0.014957537184500097,0.0006026483402841741,0,3,continuous,0.02503261921371802,0.5079221980002994,0.014510417381059444,0.0004471198034406591,0.014957537184500097,,,,,
fold-000,calibration,rnn,reference_mae,3,21,0.015046233592971461,0.0006055727504137312,0,0,continuous,0.012447877317300238,0.5046061233352052,0.014510417381059444,0.0005358162119120177,0.014957537184500097,8.869640847135921e-05,,,,
fold-000,calibration,rnn,reference_mse,3,21,0.015075205330539045,0.0006072917398156791,2,0,continuous,0.016346564428114496,0.5050670434668115,0.014510417381059444,0.000564787949479603,0.014957537184500097,0.00011766814603894442,,,,
fold-000,calibration,rnn,reinforce,3,21,0.015071783264297686,0.0006063706222048122,2,3,median,0.0019555223883039015,0.21291558088134888,0.014510417381059444,0.0005613658832382412,0.014953724412991668,0.00011805885130601262,0.015072026426912667,-2.4316261498419566e-07,0.014960108965886938,0.00011167429841074603
fold-000,calibration,xgboost,expected,3,21,0.014510417381059444,0.0005855726292179424,3,3,median,,0.0,0.014510417381059444,0.0,0.014622165837724445,-0.00011174845666500142,0.014510417381059444,0.0,0.014622165837724445,-0.00011174845666500142
fold-000,calibration,xgboost,klpo_exact,3,21,0.014510417381059444,0.0005855726292179424,3,3,median,,0.0,0.014510417381059444,0.0,0.014622165837724445,-0.00011174845666500142,0.014510417381059444,0.0,0.014622165837724445,-0.00011174845666500142
fold-000,calibration,xgboost,klpo_full,3,21,0.014510417381059444,0.0005855726292179424,3,3,median,,0.0,0.014510417381059444,0.0,0.014622165837724445,-0.00011174845666500142,0.014510417381059444,0.0,0.014622165837724445,-0.00011174845666500142
fold-000,calibration,xgboost,klpo_mc,3,21,0.014510417381059444,0.0005855726292179424,3,3,median,,0.0,0.014510417381059444,0.0,0.014622165837724445,-0.00011174845666500142,0.014510417381059444,0.0,0.014622165837724445,-0.00011174845666500142
fold-000,calibration,xgboost,mae,3,21,0.014510417381059444,0.0005855726292179424,3,3,median,,0.0,0.014510417381059444,0.0,0.014622165837724445,-0.00011174845666500142,0.014510417381059444,0.0,0.014622165837724445,-0.00011174845666500142
fold-000,calibration,xgboost,reinforce,3,21,0.014510417381059444,0.0005855726292179424,3,3,median,,0.0,0.014510417381059444,0.0,0.014622165837724445,-0.00011174845666500142,0.014510417381059444,0.0,0.014622165837724445,-0.00011174845666500142
fold-000,calibration,xgboost,xgboost,3,21,0.014622165837724445,0.0005900658094316458,0,3,continuous,0.009654612747948372,0.4852169951146828,0.014510417381059444,0.00011174845666500142,0.014622165837724445,,,,,
fold-000,evaluation,dlinear,expected,3,19,0.01400838141227668,0.00043636102431766585,0,3,median,0.005946369616296372,0.21175843921600176,0.013521584760022982,0.00048679665225369653,0.01366628418152438,0.00034209723075230005,0.013798888896273162,0.00020949251600351667,0.013890567761561104,0.00011781365071557304
fold-000,evaluation,dlinear,klpo_exact,3,19,0.013798888896273162,0.00042802029635061927,3,3,median,-0.008466364089178413,0.17080689178774924,0.013521584760022982,0.0002773041362501799,0.01366628418152438,0.00013260471474878336,0.013798888896273162,0.0,0.01366628418152438,0.00013260471474878336
fold-000,evaluation,dlinear,klpo_full,3,19,0.013798888896273162,0.00042802029635061927,3,3,median,-0.008466364089178413,0.17080689178774924,0.013521584760022982,0.0002773041362501799,0.01366628418152438,0.00013260471474878336,0.013798888896273162,0.0,0.01366628418152438,0.00013260471474878336
fold-000,evaluation,dlinear,klpo_mc,3,19,0.013798888896273162,0.00042802029635061927,3,3,median,-0.008466364089178413,0.17080689178774924,0.013521584760022982,0.0002773041362501799,0.01366628418152438,0.00013260471474878336,0.013798888896273162,0.0,0.01366628418152438,0.00013260471474878336
fold-000,evaluation,dlinear,mae,3,19,0.014181108264930542,0.0004457400454774194,0,3,median,-0.00363597930955349,0.21962473713906128,0.013521584760022982,0.0006595235049075603,0.01366628418152438,0.0005148240834061637,0.013798888896273162,0.0003822193686573804,0.014084366184167795,9.674208076274644e-05
fold-000,evaluation,dlinear,neural_mae,3,19,0.013516391882513544,0.0004183519871693759,0,3,median,0.0020189611444158154,0.006299242938519911,0.013521584760022982,-5.19287750943791e-06,0.01366628418152438,-0.00014989229901083442,0.013798888896273162,-0.0002824970137596178,0.013455886541793156,6.0505340720388295e-05
fold-000,evaluation,dlinear,neural_mse,3,19,0.013434167501104538,0.00041460003976584166,0,3,median,0.003973065426259495,0.04175032057607523,0.013521584760022982,-8.74172589184436e-05,0.01366628418152438,-0.00023211668041984014,0.013798888896273162,-0.0003647213951686235,0.013414617729218493,1.954977188604659e-05
fold-000,evaluation,dlinear,reference,3,19,0.013572619407620928,0.00041927138086112116,0,3,continuous,0.0019099928928986343,0.52010186416165,0.013521584760022982,5.1034647597943715e-05,0.013572619407620928,,,,,
fold-000,evaluation,dlinear,reference_mae,3,19,0.013453960675887952,0.00041420825500890023,0,0,continuous,0.014591281165986398,0.5253455456151981,0.013521584760022982,-6.762408413502885e-05,0.013572619407620928,-0.00011865873173297275,,,,
fold-000,evaluation,dlinear,reference_mse,3,19,0.013576303208737017,0.00041944003490670153,1,0,continuous,0.0024406425964884045,0.5173743432092932,0.013521584760022982,5.471844871403415e-05,0.013572619407620928,3.683801116090254e-06,,,,
fold-000,evaluation,dlinear,reinforce,3,19,0.013999278888613888,0.0004363509316527882,1,3,median,-0.0026647582055801793,0.17958689249592208,0.013521584760022982,0.00047769412859090645,0.01366628418152438,0.00033299470708950997,0.013798888896273162,0.0002003899923407266,0.013889187349553446,0.00011009153906044232
fold-000,evaluation,gru,expected,3,19,0.014377324013207758,0.00044736919351307593,1,3,median,-0.00896743865150043,0.3006622969728289,0.013521584760022982,0.0008557392531847756,0.014225837527361024,0.00015148648584673184,0.014412885092026373,-3.556107881861467e-05,0.014226123350905886,0.00015120066230187197
fold-000,evaluation,gru,klpo_exact,3,19,0.014412885092026373,0.00044801012762705534,3,3,median,-0.01747031628173851,0.30426670573172787,0.013521584760022982,0.0008913003320033903,0.014225837527361024,0.0001870475646653465,0.014412885092026373,0.0,0.014225837527361024,0.0001870475646653465
fold-000,evaluation,gru,klpo_full,3,19,0.014412885092026373,0.00044801012762705534,3,3,median,-0.01747031628173851,0.30426670573172787,0.013521584760022982,0.0008913003320033903,0.014225837527361024,0.0001870475646653465,0.014412885092026373,0.0,0.014225837527361024,0.0001870475646653465
fold-000,evaluation,gru,klpo_mc,3,19,0.014412885092026373,0.00044801012762705534,3,3,median,-0.01747031628173851,0.30426670573172787,0.013521584760022982,0.0008913003320033903,0.014225837527361024,0.0001870475646653465,0.014412885092026373,0.0,0.014225837527361024,0.0001870475646653465
fold-000,evaluation,gru,mae,3,19,0.01439891701772386,0.00044881880185732313,1,3,median,-0.008760398100423282,0.2983301472286692,0.013521584760022982,0.0008773322577008774,0.014225837527361024,0.0001730794903628338,0.014412885092026373,-1.3968074302512684e-05,0.014245631076573916,0.00015328594114994606
fold-000,evaluation,gru,neural_mae,3,19,0.013530813483445198,0.0004190686240869059,0,3,median,0.002987784533507329,0.010509776080615152,0.013521584760022982,9.22872342221606e-06,0.014225837527361024,-0.0006950240439158276,0.014412885092026373,-0.0008820716085811741,0.01355065023551393,-1.983675206873099e-05
fold-000,evaluation,gru,neural_mse,3,19,0.013583102900346165,0.00042147404968533026,0,3,median,-0.006200555647341471,0.021078907872960337,0.013521584760022982,6.151814032318316e-05,0.014225837527361024,-0.0006427346270148606,0.014412885092026373,-0.000829782191680207,0.013610805412080937,-2.7702511734770302e-05
fold-000,evaluation,gru,reference,3,19,0.013913272097134973,0.0004311909956528552,0,3,continuous,0.0025647792856668956,0.5198953375622076,0.013521584760022982,0.00039168733711198995,0.013913272097134973,,,,,
fold-000,evaluation,gru,reference_mae,3,19,0.013612017534862414,0.00042001329280214934,0,0,continuous,0.01555378436984206,0.5189646858237356,0.013521584760022982,9.043277483943186e-05,0.013913272097134973,-0.00030125456227255836,,,,
fold-000,evaluation,gru,reference_mse,3,19,0.01367335731966773,0.0004222110308077596,0,0,continuous,0.004277523808845413,0.5210911180962016,0.013521584760022982,0.00015177255964474742,0.013913272097134973,-0.00023991477746724277,,,,
fold-000,evaluation,gru,reinforce,3,19,0.014433681867793834,0.00044868949131856884,2,3,median,-0.010563227055376663,0.3124598889798882,0.013521584760022982,0.0009120971077708502,0.014225837527361024,0.00020784434043280656,0.014412885092026373,2.0796775767460055e-05,0.014270547268250158,0.0001631345995436762
fold-000,evaluation,lstm,expected,3,19,0.01371999376284181,0.0004239022356403717,3,3,median,0.02909122405749066,0.18078207286548142,0.013521584760022982,0.00019840900281882986,0.013651350054466245,6.864370837556654e-05,0.01371999376284181,0.0,0.013651350054466245,6.864370837556654e-05
fold-000,evaluation,lstm,klpo_exact,3,19,0.01371999376284181,0.0004239022356403717,3,3,median,0.02909122405749066,0.18078207286548142,0.013521584760022982,0.00019840900281882986,0.013651350054466245,6.864370837556654e-05,0.01371999376284181,0.0,0.013651350054466245,6.864370837556654e-05
fold-000,evaluation,lstm,klpo_full,3,19,0.01371999376284181,0.0004239022356403717,3,3,median,0.02909122405749066,0.18078207286548142,0.013521584760022982,0.00019840900281882986,0.013651350054466245,6.864370837556654e-05,0.01371999376284181,0.0,0.013651350054466245,6.864370837556654e-05
fold-000,evaluation,lstm,klpo_mc,3,19,0.01371999376284181,0.0004239022356403717,3,3,median,0.02909122405749066,0.18078207286548142,0.013521584760022982,0.00019840900281882986,0.013651350054466245,6.864370837556654e-05,0.01371999376284181,0.0,0.013651350054466245,6.864370837556654e-05
fold-000,evaluation,lstm,mae,3,19,0.01371999376284181,0.0004239022356403717,3,3,median,0.02909122405749066,0.18078207286548142,0.013521584760022982,0.00019840900281882986,0.013651350054466245,6.864370837556654e-05,0.01371999376284181,0.0,0.013651350054466245,6.864370837556654e-05
fold-000,evaluation,lstm,neural_mae,3,19,0.013610540812618704,0.00042012558287428864,0,3,median,0.01569316247436754,0.09517642488248464,0.013521584760022982,8.89560525957215e-05,0.013651350054466245,-4.080924184754183e-05,0.01371999376284181,-0.00010945295022310836,0.013535995056608177,7.454575601052717e-05
fold-000,evaluation,lstm,neural_mse,3,19,0.013695193162657987,0.00042591422948387814,0,3,median,-0.004583384551573339,0.0701033067814353,0.013521584760022982,0.00017360840263500445,0.013651350054466245,4.3843108191741116e-05,0.01371999376284181,-2.4800600183825416e-05,0.013670114938728564,2.5078223929419705e-05
fold-000,evaluation,lstm,reference,3,19,0.013629393378961949,0.0004206211170902424,0,3,continuous,0.01808486964832842,0.5207156142478554,0.013521584760022982,0.00010780861893896513,0.013629393378961949,,,,,
fold-000,evaluation,lstm,reference_mae,3,19,0.013622837803587895,0.00042043983232732457,2,0,continuous,0.021284320784079738,0.5207151969301288,0.013521584760022982,0.00010125304356490888,0.013629393378961949,-6.555575374056251e-06,,,,
fold-000,evaluation,lstm,reference_mse,3,19,0.013629393378961949,0.0004206211170902424,3,0,continuous,0.01808486964832842,0.5207156142478554,0.013521584760022982,0.00010780861893896513,0.013629393378961949,0.0,,,,
fold-000,evaluation,lstm,reinforce,3,19,0.01371999376284181,0.0004239022356403717,3,3,median,0.02909122405749066,0.18078207286548142,0.013521584760022982,0.00019840900281882986,0.013651350054466245,6.864370837556654e-05,0.01371999376284181,0.0,0.013651350054466245,6.864370837556654e-05
fold-000,evaluation,ridge,expected,3,19,0.04162159686336094,0.0025147141992522127,0,3,median,0.021779778058573326,0.5118605451124982,0.013521584760022982,0.028100012103337967,0.07496242714609246,-0.033340830282731514,0.045730186754148645,-0.0041085898907877024,0.05555594406745765,-0.013934347204096706
fold-000,evaluation,ridge,klpo_exact,3,19,0.015418237415987223,0.00048451761030200046,0,3,median,0.01615559106504751,0.3513054304516174,0.013521584760022982,0.00189665265596424,0.07496242714609246,-0.059544189730105244,0.045730186754148645,-0.03031194933816142,0.015323092312939946,9.514510304727746e-05
fold-000,evaluation,ridge,klpo_full,3,19,0.020532946477092036,0.0007390490920180813,0,0,median,0.012670370755958458,0.41723623637909907,0.013521584760022982,0.0070113617170690515,0.07496242714609246,-0.05442948066900043,0.045730186754148645,-0.025197240277056613,0.020493866127203962,3.908034988806954e-05
fold-000,evaluation,ridge,klpo_mc,3,19,0.020362329153036117,0.0007273877656424158,0,0,median,0.012851767348290187,0.41883968870343574,0.013521584760022982,0.006840744393013134,0.07496242714609246,-0.05460009799305634,0.045730186754148645,-0.025367857601112532,0.020303300773843118,5.902837919299826e-05
fold-000,evaluation,ridge,mae,3,19,0.0403289419845361,0.002429350446494311,0,3,median,0.019923250432430515,0.507492620037613,0.013521584760022982,0.026807357224513113,0.07496242714609246,-0.03463348516155635,0.045730186754148645,-0.005401244769612549,0.05087578342265635,-0.010546841438120244
fold-000,evaluation,ridge,reinforce,3,19,0.04060946169945812,0.0024505045819717378,0,3,median,0.013178012512985823,0.49872168943062817,0.013521584760022982,0.02708787693943514,0.07496242714609246,-0.03435296544663433,0.045730186754148645,-0.005120725054690521,0.055895019521999496,-0.015285557822541377
fold-000,evaluation,ridge,ridge,1,19,0.07496242714609246,0.00911250716784825,0,0,continuous,-0.005033261951860791,0.5374936680859578,0.013521584760022982,0.06144084238606947,0.07496242714609246,,,,,
fold-000,evaluation,rnn,expected,3,19,0.014118362142331963,0.0004399825623842308,0,3,median,-0.006574477440365979,0.2772940175237635,0.013521584760022982,0.0005967773823089805,0.013590169516123565,0.0005281926262083947,0.013655404266654975,0.00046295787567698856,0.013975626846046052,0.00014273529628590635
fold-000,evaluation,rnn,klpo_exact,3,19,0.013655404266654975,0.0004225564990083008,3,3,median,0.00021655328254364795,0.1597393517123479,0.013521584760022982,0.00013381950663199195,0.013590169516123565,6.523475053140611e-05,0.013655404266654975,0.0,0.013590169516123565,6.523475053140611e-05
fold-000,evaluation,rnn,klpo_full,3,19,0.013655404266654975,0.0004225564990083008,3,3,median,0.00021655328254364795,0.1597393517123479,0.013521584760022982,0.00013381950663199195,0.013590169516123565,6.523475053140611e-05,0.013655404266654975,0.0,0.013590169516123565,6.523475053140611e-05
fold-000,evaluation,rnn,klpo_mc,3,19,0.013655404266654975,0.0004225564990083008,3,3,median,0.00021655328254364795,0.1597393517123479,0.013521584760022982,0.00013381950663199195,0.013590169516123565,6.523475053140611e-05,0.013655404266654975,0.0,0.013590169516123565,6.523475053140611e-05
fold-000,evaluation,rnn,mae,3,19,0.01398413160126224,0.0004353396848212406,0,3,median,-0.011220647446807131,0.22495966749087584,0.013521584760022982,0.0004625468412392569,0.013590169516123565,0.00039396208513867105,0.013655404266654975,0.0003287273346072649,0.013841179421769365,0.0001429521794928727
fold-000,evaluation,rnn,neural_mae,3,19,0.013730541853702564,0.00042531054239787464,1,3,median,-0.00011283502108446837,0.11703808789097485,0.013521584760022982,0.00020895709367958203,0.013590169516123565,0.0001403723375789962,0.013655404266654975,7.513758704759006e-05,0.013671731489685859,5.881036401670408e-05
fold-000,evaluation,rnn,neural_mse,3,19,0.013659171987126593,0.00042258895888757,2,3,median,0.0018160078569904314,0.1354440129221074,0.013521584760022982,0.00013758722710361293,0.013590169516123565,6.900247100302708e-05,0.013655404266654975,3.767720471620966e-06,0.013602060869879673,5.711111724692164e-05
fold-000,evaluation,rnn,reference,3,19,0.013806063591676264,0.0004272859159852242,0,3,continuous,0.0066403163987856706,0.5137447469927784,0.013521584760022982,0.0002844788316532795,0.013806063591676264,,,,,
fold-000,evaluation,rnn,reference_mae,3,19,0.013789905242693263,0.0004264592632668462,0,0,continuous,0.017767448514612982,0.5196938001578574,0.013521584760022982,0.00026832048267027853,0.01380606359167626,-1.6158348983000884e-05,,,,
fold-000,evaluation,rnn,reference_mse,3,19,0.013868335834913237,0.0004288081334247954,2,0,continuous,0.0038006115110286406,0.517403464539978,0.013521584760022982,0.0003467510748902525,0.01380606359167626,6.227224323697306e-05,,,,
fold-000,evaluation,rnn,reinforce,3,19,0.01371099706262334,0.00042490508420921024,2,3,median,0.004484811506728235,0.16940188876423892,0.013521584760022982,0.0001894123026003578,0.013590169516123565,0.00012082754649977195,0.013655404266654975,5.559279596836583e-05,0.013655246548540475,5.5750514082864426e-05
fold-000,evaluation,xgboost,expected,3,19,0.013521584760022982,0.00041890394520540395,3,3,median,,0.0,0.013521584760022982,0.0,0.013511454364183346,1.013039583963721e-05,0.013521584760022982,0.0,0.013511454364183346,1.013039583963721e-05
fold-000,evaluation,xgboost,klpo_exact,3,19,0.013521584760022982,0.00041890394520540395,3,3,median,,0.0,0.013521584760022982,0.0,0.013511454364183346,1.013039583963721e-05,0.013521584760022982,0.0,0.013511454364183346,1.013039583963721e-05
fold-000,evaluation,xgboost,klpo_full,3,19,0.013521584760022982,0.00041890394520540395,3,3,median,,0.0,0.013521584760022982,0.0,0.013511454364183346,1.013039583963721e-05,0.013521584760022982,0.0,0.013511454364183346,1.013039583963721e-05
fold-000,evaluation,xgboost,klpo_mc,3,19,0.013521584760022982,0.00041890394520540395,3,3,median,,0.0,0.013521584760022982,0.0,0.013511454364183346,1.013039583963721e-05,0.013521584760022982,0.0,0.013511454364183346,1.013039583963721e-05
fold-000,evaluation,xgboost,mae,3,19,0.013521584760022982,0.00041890394520540395,3,3,median,,0.0,0.013521584760022982,0.0,0.013511454364183346,1.013039583963721e-05,0.013521584760022982,0.0,0.013511454364183346,1.013039583963721e-05
fold-000,evaluation,xgboost,reinforce,3,19,0.013521584760022982,0.00041890394520540395,3,3,median,,0.0,0.013521584760022982,0.0,0.013511454364183346,1.013039583963721e-05,0.013521584760022982,0.0,0.013511454364183346,1.013039583963721e-05
fold-000,evaluation,xgboost,xgboost,3,19,0.013511454364183346,0.0004170016333758894,0,3,continuous,0.01335682746714259,0.5245930387579749,0.013521584760022982,-1.013039583963721e-05,0.013511454364183346,,,,,
fold-001,calibration,dlinear,expected,3,19,0.014156286061331324,0.00044187809645137476,3,3,median,0.0039038520015465786,0.2535630225578301,0.013521584760022982,0.0006347013013083391,0.014099897656756987,5.63884045743348e-05,0.014156286061331324,0.0,0.014099897656756987,5.63884045743348e-05
fold-001,calibration,dlinear,klpo_exact,3,19,0.014156286061331324,0.00044187809645137476,3,3,median,0.0039038520015465786,0.2535630225578301,0.013521584760022982,0.0006347013013083391,0.014099897656756987,5.63884045743348e-05,0.014156286061331324,0.0,0.014099897656756987,5.63884045743348e-05
fold-001,calibration,dlinear,klpo_full,3,19,0.014156286061331324,0.00044187809645137476,3,3,median,0.0039038520015465786,0.2535630225578301,0.013521584760022982,0.0006347013013083391,0.014099897656756987,5.63884045743348e-05,0.014156286061331324,0.0,0.014099897656756987,5.63884045743348e-05
fold-001,calibration,dlinear,klpo_mc,3,19,0.014156286061331324,0.00044187809645137476,3,3,median,0.0039038520015465786,0.2535630225578301,0.013521584760022982,0.0006347013013083391,0.014099897656756987,5.63884045743348e-05,0.014156286061331324,0.0,0.014099897656756987,5.63884045743348e-05
fold-001,calibration,dlinear,mae,3,19,0.014156286061331324,0.00044187809645137476,3,3,median,0.0039038520015465786,0.2535630225578301,0.013521584760022982,0.0006347013013083391,0.014099897656756987,5.63884045743348e-05,0.014156286061331324,0.0,0.014099897656756987,5.63884045743348e-05
fold-001,calibration,dlinear,neural_mae,3,19,0.01352573487374446,0.00041897965168688104,0,3,median,0.006032929928705463,0.00601098660293974,0.013521584760022982,4.15011372147769e-06,0.014099897656756987,-0.0005741627830125266,0.014156286061331324,-0.0006305511875868613,0.013626653213530448,-0.00010091833978598864
fold-001,calibration,dlinear,neural_mse,3,19,0.013523852738672822,0.00041909337149402624,0,3,median,-0.001711617239291297,0.013310440454052707,0.013521584760022982,2.2679786498388575e-06,0.014099897656756987,-0.0005760449180841654,0.014156286061331324,-0.0006324333226585002,0.01353223130474657,-8.378566073749776e-06
fold-001,calibration,dlinear,reference,3,19,0.014105503698933463,0.0004389837550711037,0,3,continuous,-0.0028785886646557003,0.5015502178788466,0.013521584760022982,0.0005839189389104778,0.014105503698933463,,,,,
fold-001,calibration,dlinear,reference_mae,3,19,0.013932473051143628,0.0004326813960119442,0,0,continuous,0.017903693402879645,0.5032273643369183,0.013521584760022982,0.00041088829112064375,0.014105503698933463,-0.00017303064778983457,,,,
fold-001,calibration,dlinear,reference_mse,3,19,0.014105503698933463,0.0004389837550711037,3,0,continuous,-0.0028785886646557003,0.5015502178788466,0.013521584760022982,0.0005839189389104783,0.014105503698933463,0.0,,,,
fold-001,calibration,dlinear,reinforce,3,19,0.014156286061331324,0.00044187809645137476,3,3,median,0.0039038520015465786,0.2535630225578301,0.013521584760022982,0.0006347013013083391,0.014099897656756987,5.63884045743348e-05,0.014156286061331324,0.0,0.014099897656756987,5.63884045743348e-05
fold-001,calibration,gru,expected,3,19,0.014543473019113342,0.00045189361473162837,3,3,median,0.010803189131837665,0.2755654860656285,0.013521584760022982,0.0010218882590903617,0.014453435841099328,9.003717801401686e-05,0.014543473019113342,0.0,0.014453435841099328,9.003717801401686e-05
fold-001,calibration,gru,klpo_exact,3,19,0.014543473019113342,0.00045189361473162837,3,3,median,0.010803189131837665,0.2755654860656285,0.013521584760022982,0.0010218882590903617,0.014453435841099328,9.003717801401686e-05,0.014543473019113342,0.0,0.014453435841099328,9.003717801401686e-05
fold-001,calibration,gru,klpo_full,3,19,0.014543473019113342,0.00045189361473162837,3,3,median,0.010803189131837665,0.2755654860656285,0.013521584760022982,0.0010218882590903617,0.014453435841099328,9.003717801401686e-05,0.014543473019113342,0.0,0.014453435841099328,9.003717801401686e-05
fold-001,calibration,gru,klpo_mc,3,19,0.014543473019113342,0.00045189361473162837,3,3,median,0.010803189131837665,0.2755654860656285,0.013521584760022982,0.0010218882590903617,0.014453435841099328,9.003717801401686e-05,0.014543473019113342,0.0,0.014453435841099328,9.003717801401686e-05
fold-001,calibration,gru,mae,3,19,0.014522762939433267,0.00045194232545718604,2,3,median,0.01186435750964415,0.2787189875394467,0.013521584760022982,0.0010011781794102873,0.014453435841099328,6.932709833394229e-05,0.014543473019113342,-2.071007968007457e-05,0.01441138986940896,0.00011137307002430904
fold-001,calibration,gru,neural_mae,3,19,0.013530759098677621,0.00041946329041976405,0,3,median,0.003723281695102953,0.011254256758778782,0.013521584760022982,9.174338654638456e-06,0.014453435841099328,-0.0009226767424217066,0.014543473019113342,-0.0010127139204357235,0.013533973329023815,-3.2142303461939776e-06
fold-001,calibration,gru,neural_mse,3,19,0.013549434544062416,0.00042068983353378705,0,3,median,-0.002605938822631958,0.03140567764544817,0.013521584760022982,2.784978403943327e-05,0.014453435841099328,-0.0009040012970369119,0.014543473019113342,-0.0009940384750509288,0.013619676106518673,-7.024156245625595e-05
fold-001,calibration,gru,reference,3,19,0.014246222263217026,0.00044104679374460466,0,3,continuous,0.010008220190986256,0.5097220020102621,0.013521584760022982,0.0007246375031940445,0.014246222263217026,,,,,
fold-001,calibration,gru,reference_mae,3,19,0.013958309685476558,0.00043219447487896184,0,0,continuous,0.021513919117263105,0.5069950441288896,0.013521584760022982,0.0004367249254535735,0.014246222263217026,-0.0002879125777404707,,,,
fold-001,calibration,gru,reference_mse,3,19,0.014034617271901341,0.00043415415640537494,0,0,continuous,0.005423536013740702,0.5094988165171366,0.013521584760022982,0.0005130325118783613,0.014246222263217026,-0.00021160499131568297,,,,
fold-001,calibration,gru,reinforce,3,19,0.014543473019113342,0.00045189361473162837,3,3,median,0.010803189131837665,0.2755654860656285,0.013521584760022982,0.0010218882590903617,0.014453435841099328,9.003717801401686e-05,0.014543473019113342,0.0,0.014453435841099328,9.003717801401686e-05
fold-001,calibration,lstm,expected,3,19,0.014175041985982783,0.0004381740929090199,3,3,median,0.01471115062619774,0.32314894907845254,0.013521584760022982,0.0006534572259598026,0.013988237746136497,0.00018680423984628633,0.014175041985982783,0.0,0.013988237746136497,0.00018680423984628633
fold-001,calibration,lstm,klpo_exact,3,19,0.014175041985982783,0.0004381740929090199,3,3,median,0.01471115062619774,0.32314894907845254,0.013521584760022982,0.0006534572259598026,0.013988237746136497,0.00018680423984628633,0.014175041985982783,0.0,0.013988237746136497,0.00018680423984628633
fold-001,calibration,lstm,klpo_full,3,19,0.014175041985982783,0.0004381740929090199,3,3,median,0.01471115062619774,0.32314894907845254,0.013521584760022982,0.0006534572259598026,0.013988237746136497,0.00018680423984628633,0.014175041985982783,0.0,0.013988237746136497,0.00018680423984628633
fold-001,calibration,lstm,klpo_mc,3,19,0.014175041985982783,0.0004381740929090199,3,3,median,0.01471115062619774,0.32314894907845254,0.013521584760022982,0.0006534572259598026,0.013988237746136497,0.00018680423984628633,0.014175041985982783,0.0,0.013988237746136497,0.00018680423984628633
fold-001,calibration,lstm,mae,3,19,0.014175041985982783,0.0004381740929090199,3,3,median,0.01471115062619774,0.32314894907845254,0.013521584760022982,0.0006534572259598026,0.013988237746136497,0.00018680423984628633,0.014175041985982783,0.0,0.013988237746136497,0.00018680423984628633
fold-001,calibration,lstm,neural_mae,3,19,0.013555931129575339,0.0004199046895775635,0,3,median,0.0017984041661207777,0.021745286877426592,0.013521584760022982,3.434636955235817e-05,0.013988237746136497,-0.0004323066165611581,0.014175041985982783,-0.0006191108564074444,0.013540280806883827,1.5650322691515142e-05
fold-001,calibration,lstm,neural_mse,3,19,0.013801083448405355,0.0004271893549946812,1,3,median,0.0015828365740776142,0.14017459518971898,0.013521584760022982,0.00027949868838237057,0.013988237746136497,-0.0001871542977311457,0.014175041985982783,-0.00037395853757743203,0.01372771216871147,7.337127969388353e-05
fold-001,calibration,lstm,reference,3,19,0.01398226860802033,0.00043228974516566456,0,3,continuous,0.017928107780878555,0.5161148367331535,0.013521584760022982,0.0004606838479973466,0.01398226860802033,,,,,
fold-001,calibration,lstm,reference_mae,3,19,0.013957422483952065,0.00043150902880135963,2,0,continuous,0.019424810461039107,0.5154935632863069,0.013521584760022982,0.00043583772392908265,0.01398226860802033,-2.4846124068264403e-05,,,,
fold-001,calibration,lstm,reference_mse,3,19,0.01398226860802033,0.00043228974516566456,3,0,continuous,0.017928107780878555,0.5161148367331535,0.013521584760022982,0.00046068384799734707,0.01398226860802033,0.0,,,,
fold-001,calibration,lstm,reinforce,3,19,0.014175041985982783,0.0004381740929090199,3,3,median,0.01471115062619774,0.32314894907845254,0.013521584760022982,0.0006534572259598026,0.013988237746136497,0.00018680423984628633,0.014175041985982783,0.0,0.013988237746136497,0.00018680423984628633
fold-001,calibration,ridge,expected,3,19,0.042818457041946735,0.002559550759695307,0,3,median,-0.0005010776090335704,0.523435789852222,0.013521584760022982,0.02929687228192375,0.06990774134737014,-0.02708928430542341,0.04933887087561306,-0.006520413833666326,0.051514768010407136,-0.008696310968460406
fold-001,calibration,ridge,klpo_exact,3,19,0.014831876823720353,0.0004647902090220144,0,3,median,0.015207487751359336,0.3158031368269259,0.013521584760022982,0.001310292063697367,0.06990774134737014,-0.0550758645236498,0.04933887087561306,-0.03450699405189271,0.014720428141794495,0.00011144868192585032
fold-001,calibration,ridge,klpo_full,3,19,0.019127060981023163,0.0006656768913055434,0,0,median,0.01572238290054403,0.4254310000216144,0.013521584760022982,0.005605476221000182,0.06990774134737014,-0.050780680366346975,0.04933887087561306,-0.030211809894589894,0.019073665782421156,5.339519860201617e-05
fold-001,calibration,ridge,klpo_mc,3,19,0.019192198154270763,0.0006690307508550082,0,0,median,0.01556867531629365,0.4271168441127185,0.013521584760022982,0.005670613394247777,0.06990774134737014,-0.050715543193099386,0.04933887087561306,-0.030146672721342298,0.019143417021385094,4.878113288566239e-05
fold-001,calibration,ridge,mae,3,19,0.04158960771953565,0.002436104321289641,0,3,median,0.002633145964586386,0.5242913908964958,0.013521584760022982,0.028068022959512672,0.06990774134737014,-0.028318133627834495,0.04933887087561306,-0.007749263156077409,0.04825457630903065,-0.006664968589494989
fold-001,calibration,ridge,reinforce,3,19,0.04323464140715496,0.002597965114057766,0,3,median,0.009225791931512087,0.5243710200274916,0.013521584760022982,0.029713056647131975,0.06990774134737014,-0.02667309994021518,0.04933887087561306,-0.006104229468458101,0.05233546438040692,-0.009100822973251956
fold-001,calibration,ridge,ridge,1,19,0.06990774134737014,0.006914390054292155,0,0,continuous,-0.006547183026492066,0.5244970832813161,0.013521584760022982,0.05638615658734716,0.06990774134737014,,,,,
fold-001,calibration,rnn,expected,3,19,0.01388714564562965,0.00043111791937330233,3,3,median,0.007331460480484798,0.2309057974276142,0.013521584760022982,0.0003655608856066674,0.013825089087063253,6.205655856639693e-05,0.01388714564562965,0.0,0.013825089087063253,6.205655856639693e-05
fold-001,calibration,rnn,klpo_exact,3,19,0.01388714564562965,0.00043111791937330233,3,3,median,0.007331460480484798,0.2309057974276142,0.013521584760022982,0.0003655608856066674,0.013825089087063253,6.205655856639693e-05,0.01388714564562965,0.0,0.013825089087063253,6.205655856639693e-05
fold-001,calibration,rnn,klpo_full,3,19,0.01388714564562965,0.00043111791937330233,3,3,median,0.007331460480484798,0.2309057974276142,0.013521584760022982,0.0003655608856066674,0.013825089087063253,6.205655856639693e-05,0.01388714564562965,0.0,0.013825089087063253,6.205655856639693e-05
fold-001,calibration,rnn,klpo_mc,3,19,0.01388714564562965,0.00043111791937330233,3,3,median,0.007331460480484798,0.2309057974276142,0.013521584760022982,0.0003655608856066674,0.013825089087063253,6.205655856639693e-05,0.01388714564562965,0.0,0.013825089087063253,6.205655856639693e-05
fold-001,calibration,rnn,mae,3,19,0.01388714564562965,0.00043111791937330233,3,3,median,0.007331460480484798,0.2309057974276142,0.013521584760022982,0.0003655608856066674,0.013825089087063253,6.205655856639693e-05,0.01388714564562965,0.0,0.013825089087063253,6.205655856639693e-05
fold-001,calibration,rnn,neural_mae,3,19,0.013514644429064512,0.00041860737363483416,0,3,median,0.005518264495350482,0.0083681842272234,0.013521584760022982,-6.9403309584709335e-06,0.013825089087063253,-0.0003104446579987414,0.01388714564562965,-0.0003725012165651383,0.01350165169736411,1.2992731700399513e-05
fold-001,calibration,rnn,neural_mse,3,19,0.013533971712799414,0.0004198631170487268,0,3,median,-0.0026219254147925564,0.02626736312249332,0.013521584760022982,1.2386952776432233e-05,0.013825089087063253,-0.0002911173742638382,0.01388714564562965,-0.0003531739328302351,0.013534135486840366,-1.637740409528883e-07
fold-001,calibration,rnn,reference,3,19,0.01407538333445576,0.00043593652005785127,0,3,continuous,-0.004673119602657923,0.5047583412830009,0.013521584760022982,0.0005537985744327767,0.01407538333445576,,,,,
fold-001,calibration,rnn,reference_mae,3,19,0.013803719847204448,0.000426865632920133,0,0,continuous,0.017565352088513227,0.5056915919406928,0.013521584760022982,0.0002821350871814649,0.01407538333445576,-0.00027166348725131216,,,,
fold-001,calibration,rnn,reference_mse,3,19,0.014023565702966359,0.00043337582413940896,2,0,continuous,-0.006257624663348273,0.5075603513131642,0.013521584760022982,0.0005019809429433775,0.01407538333445576,-5.181763148939948e-05,,,,
fold-001,calibration,rnn,reinforce,3,19,0.01388714564562965,0.00043111791937330233,3,3,median,0.007331460480484798,0.2309057974276142,0.013521584760022982,0.0003655608856066674,0.013825089087063253,6.205655856639693e-05,0.01388714564562965,0.0,0.013825089087063253,6.205655856639693e-05
fold-001,calibration,xgboost,expected,3,19,0.013521584760022982,0.00041890394520540395,3,3,median,,0.0,0.013521584760022982,0.0,0.0135143311687751,7.253591247880983e-06,0.013521584760022982,0.0,0.0135143311687751,7.253591247880983e-06
fold-001,calibration,xgboost,klpo_exact,3,19,0.013521584760022982,0.00041890394520540395,3,3,median,,0.0,0.013521584760022982,0.0,0.0135143311687751,7.253591247880983e-06,0.013521584760022982,0.0,0.0135143311687751,7.253591247880983e-06
fold-001,calibration,xgboost,klpo_full,3,19,0.013521584760022982,0.00041890394520540395,3,3,median,,0.0,0.013521584760022982,0.0,0.0135143311687751,7.253591247880983e-06,0.013521584760022982,0.0,0.0135143311687751,7.253591247880983e-06
fold-001,calibration,xgboost,klpo_mc,3,19,0.013521584760022982,0.00041890394520540395,3,3,median,,0.0,0.013521584760022982,0.0,0.0135143311687751,7.253591247880983e-06,0.013521584760022982,0.0,0.0135143311687751,7.253591247880983e-06
fold-001,calibration,xgboost,mae,3,19,0.013521584760022982,0.00041890394520540395,3,3,median,,0.0,0.013521584760022982,0.0,0.0135143311687751,7.253591247880983e-06,0.013521584760022982,0.0,0.0135143311687751,7.253591247880983e-06
fold-001,calibration,xgboost,reinforce,3,19,0.013521584760022982,0.00041890394520540395,3,3,median,,0.0,0.013521584760022982,0.0,0.0135143311687751,7.253591247880983e-06,0.013521584760022982,0.0,0.0135143311687751,7.253591247880983e-06
fold-001,calibration,xgboost,xgboost,3,19,0.0135143311687751,0.0004178398090036841,0,3,continuous,-0.030348342665459677,0.5245930387579749,0.013521584760022982,-7.253591247880983e-06,0.0135143311687751,,,,,
fold-001,evaluation,dlinear,expected,3,20,0.01523616558475517,0.000524647203257956,3,3,median,-0.022455533882607348,0.21469791387311407,0.014613358147947314,0.0006228074368078554,0.01509634545655127,0.00013982012820390103,0.01523616558475517,0.0,0.01509634545655127,0.00013982012820390103
fold-001,evaluation,dlinear,klpo_exact,3,20,0.01523616558475517,0.000524647203257956,3,3,median,-0.022455533882607348,0.21469791387311407,0.014613358147947314,0.0006228074368078554,0.01509634545655127,0.00013982012820390103,0.01523616558475517,0.0,0.01509634545655127,0.00013982012820390103
fold-001,evaluation,dlinear,klpo_full,3,20,0.01523616558475517,0.000524647203257956,3,3,median,-0.022455533882607348,0.21469791387311407,0.014613358147947314,0.0006228074368078554,0.01509634545655127,0.00013982012820390103,0.01523616558475517,0.0,0.01509634545655127,0.00013982012820390103
fold-001,evaluation,dlinear,klpo_mc,3,20,0.01523616558475517,0.000524647203257956,3,3,median,-0.022455533882607348,0.21469791387311407,0.014613358147947314,0.0006228074368078554,0.01509634545655127,0.00013982012820390103,0.01523616558475517,0.0,0.01509634545655127,0.00013982012820390103
fold-001,evaluation,dlinear,mae,3,20,0.01523616558475517,0.000524647203257956,3,3,median,-0.022455533882607348,0.21469791387311407,0.014613358147947314,0.0006228074368078554,0.01509634545655127,0.00013982012820390103,0.01523616558475517,0.0,0.01509634545655127,0.00013982012820390103
fold-001,evaluation,dlinear,neural_mae,3,20,0.014638334899205721,0.0005057555921530362,0,3,median,-0.0007245113408839539,0.011032710121851958,0.014613358147947314,2.497675125840773e-05,0.01509634545655127,-0.00045801055734554663,0.01523616558475517,-0.0005978306855494477,0.014724508628446176,-8.617372924045038e-05
fold-001,evaluation,dlinear,neural_mse,3,20,0.014631169716603911,0.0005056501929629483,0,3,median,0.006912233753953247,0.013943590759362483,0.014613358147947314,1.7811568656597894e-05,0.01509634545655127,-0.0004651757399473565,0.01523616558475517,-0.0006049958681512575,0.014693003385380186,-6.18336687762718e-05
fold-001,evaluation,dlinear,reference,3,20,0.015115842283794798,0.0005206088546573039,0,3,continuous,-0.017706463552896182,0.5040721028733522,0.014613358147947314,0.000502484135847482,0.015115842283794798,,,,,
fold-001,evaluation,dlinear,reference_mae,3,20,0.014854424993763105,0.0005106969704570959,0,0,continuous,0.014487520114418827,0.5107238453251656,0.014613358147947314,0.00024106684581579087,0.015115842283794798,-0.00026141729003169154,,,,
fold-001,evaluation,dlinear,reference_mse,3,20,0.015115842283794798,0.0005206088546573039,3,0,continuous,-0.017706463552896182,0.5040721028733522,0.014613358147947314,0.0005024841358474824,0.015115842283794798,0.0,,,,
fold-001,evaluation,dlinear,reinforce,3,20,0.01523616558475517,0.000524647203257956,3,3,median,-0.022455533882607348,0.21469791387311407,0.014613358147947314,0.0006228074368078554,0.01509634545655127,0.00013982012820390103,0.01523616558475517,0.0,0.01509634545655127,0.00013982012820390103
fold-001,evaluation,gru,expected,3,20,0.014964921335223749,0.0005168496160273396,3,3,median,0.001198321064512096,0.18758490009847942,0.014613358147947314,0.0003515631872764382,0.014940630020168794,2.429131505495936e-05,0.014964921335223749,0.0,0.014940630020168794,2.429131505495936e-05
fold-001,evaluation,gru,klpo_exact,3,20,0.014964921335223749,0.0005168496160273396,3,3,median,0.001198321064512096,0.18758490009847942,0.014613358147947314,0.0003515631872764382,0.014940630020168794,2.429131505495936e-05,0.014964921335223749,0.0,0.014940630020168794,2.429131505495936e-05
fold-001,evaluation,gru,klpo_full,3,20,0.014964921335223749,0.0005168496160273396,3,3,median,0.001198321064512096,0.18758490009847942,0.014613358147947314,0.0003515631872764382,0.014940630020168794,2.429131505495936e-05,0.014964921335223749,0.0,0.014940630020168794,2.429131505495936e-05
fold-001,evaluation,gru,klpo_mc,3,20,0.014964921335223749,0.0005168496160273396,3,3,median,0.001198321064512096,0.18758490009847942,0.014613358147947314,0.0003515631872764382,0.014940630020168794,2.429131505495936e-05,0.014964921335223749,0.0,0.014940630020168794,2.429131505495936e-05
fold-001,evaluation,gru,mae,3,20,0.015005168414674298,0.0005182496333481795,2,3,median,0.0066139613150434096,0.19292196412436538,0.014613358147947314,0.00039181026672698406,0.014940630020168794,6.453839450550518e-05,0.014964921335223749,4.024707945054582e-05,0.014956143312156564,4.9025102517736595e-05
fold-001,evaluation,gru,neural_mae,3,20,0.014615552666500258,0.0005051554387379571,0,3,median,-0.00873301634875313,0.0022267200104701197,0.014613358147947314,2.1945185529438813e-06,0.014940630020168794,-0.000325077353668535,0.014964921335223749,-0.00034936866872349435,0.014639791034897381,-2.4238368397125428e-05
fold-001,evaluation,gru,neural_mse,3,20,0.014631965506530056,0.0005056294361628039,0,3,median,0.001521051854430071,0.009691891102637505,0.014613358147947314,1.8607358582740324e-05,0.014940630020168794,-0.0003086645136387386,0.014964921335223749,-0.00033295582869369793,0.014692726181003906,-6.076067447385305e-05
fold-001,evaluation,gru,reference,3,20,0.015072896535910702,0.0005195467872500108,0,3,continuous,-0.0018855331182531002,0.49410984928252066,0.014613358147947314,0.00045953838796338966,0.015072896535910702,,,,,
fold-001,evaluation,gru,reference_mae,3,20,0.014841882666049144,0.0005113503168753835,0,0,continuous,-0.0014343805837241722,0.5015213497385717,0.014613358147947314,0.00022852451810183132,0.015072896535910704,-0.0002310138698615579,,,,
fold-001,evaluation,gru,reference_mse,3,20,0.014953515561254144,0.0005155837299488076,0,0,continuous,-0.0007428212827741251,0.498733960387385,0.014613358147947314,0.0003401574133068294,0.015072896535910704,-0.0001193809746565598,,,,
fold-001,evaluation,gru,reinforce,3,20,0.014964921335223749,0.0005168496160273396,3,3,median,0.001198321064512096,0.18758490009847942,0.014613358147947314,0.0003515631872764382,0.014940630020168794,2.429131505495936e-05,0.014964921335223749,0.0,0.014940630020168794,2.429131505495936e-05
fold-001,evaluation,lstm,expected,3,20,0.016043255396568156,0.000556459867589397,3,3,median,0.006707224386370792,0.42131223772614473,0.014613358147947314,0.0014298972486208416,0.01595276087161896,9.04945249491973e-05,0.016043255396568156,0.0,0.01595276087161896,9.04945249491973e-05
fold-001,evaluation,lstm,klpo_exact,3,20,0.016043255396568156,0.000556459867589397,3,3,median,0.006707224386370792,0.42131223772614473,0.014613358147947314,0.0014298972486208416,0.01595276087161896,9.04945249491973e-05,0.016043255396568156,0.0,0.01595276087161896,9.04945249491973e-05
fold-001,evaluation,lstm,klpo_full,3,20,0.016043255396568156,0.000556459867589397,3,3,median,0.006707224386370792,0.42131223772614473,0.014613358147947314,0.0014298972486208416,0.01595276087161896,9.04945249491973e-05,0.016043255396568156,0.0,0.01595276087161896,9.04945249491973e-05
fold-001,evaluation,lstm,klpo_mc,3,20,0.016043255396568156,0.000556459867589397,3,3,median,0.006707224386370792,0.42131223772614473,0.014613358147947314,0.0014298972486208416,0.01595276087161896,9.04945249491973e-05,0.016043255396568156,0.0,0.01595276087161896,9.04945249491973e-05
fold-001,evaluation,lstm,mae,3,20,0.016043255396568156,0.000556459867589397,3,3,median,0.006707224386370792,0.42131223772614473,0.014613358147947314,0.0014298972486208416,0.01595276087161896,9.04945249491973e-05,0.016043255396568156,0.0,0.01595276087161896,9.04945249491973e-05
fold-001,evaluation,lstm,neural_mae,3,20,0.01465680490608653,0.0005059611840836709,0,3,median,0.006513338172370514,0.023036546421356052,0.014613358147947314,4.3446758139214714e-05,0.01595276087161896,-0.0012959559655324297,0.016043255396568156,-0.0013864504904816271,0.014671942586097438,-1.5137680010908483e-05
fold-001,evaluation,lstm,neural_mse,3,20,0.015174674613880265,0.0005252217954492729,1,3,median,0.0023869697013314674,0.18620541335887697,0.014613358147947314,0.0005613164659329526,0.01595276087161896,-0.0007780862577386918,0.016043255396568156,-0.0008685807826878892,0.015154813142165015,1.986147171525168e-05
fold-001,evaluation,lstm,reference,3,20,0.015339884292208339,0.0005296858376475732,0,3,continuous,-0.0058472223406490186,0.5035067584440759,0.014613358147947314,0.0007265261442610264,0.015339884292208339,,,,,
fold-001,evaluation,lstm,reference_mae,3,20,0.015340536380241077,0.000529761067997203,2,0,continuous,-0.008019390141714858,0.5036767798174604,0.014613358147947314,0.00072717823229376,0.015339884292208339,6.520880327333042e-07,,,,
fold-001,evaluation,lstm,reference_mse,3,20,0.015339884292208339,0.0005296858376475732,3,0,continuous,-0.0058472223406490186,0.5035067584440759,0.014613358147947314,0.0007265261442610266,0.015339884292208339,0.0,,,,
fold-001,evaluation,lstm,reinforce,3,20,0.016043255396568156,0.000556459867589397,3,3,median,0.006707224386370792,0.42131223772614473,0.014613358147947314,0.0014298972486208416,0.01595276087161896,9.04945249491973e-05,0.016043255396568156,0.0,0.01595276087161896,9.04945249491973e-05
fold-001,evaluation,ridge,expected,3,20,0.06790375143837557,0.005045922720859486,0,3,median,,0.5063618369321112,0.014613358147947314,0.05329039329042824,0.2926589373770899,-0.22475518593871432,0.06790375143837557,0.0,0.21894533135759967,-0.1510415799192241
fold-001,evaluation,ridge,klpo_exact,3,20,0.021396204025247917,0.0008113395864210912,0,3,median,-0.0035178755138549583,0.4548805961176294,0.014613358147947314,0.006782845877300601,0.2926589373770899,-0.27126273335184203,0.06790375143837557,-0.04650754741312764,0.021357148012837134,3.905601241077899e-05
fold-001,evaluation,ridge,klpo_full,3,20,0.05386507095737236,0.0033692313230770307,0,0,median,-0.0032946143550882175,0.5063618369321112,0.014613358147947314,0.03925171280942504,0.2926589373770899,-0.2387938664197175,0.06790375143837557,-0.014038680481003199,0.05952430813813747,-0.005659237180765112
fold-001,evaluation,ridge,klpo_mc,3,20,0.05380376294780882,0.003366645900062475,0,0,median,-0.001830733426605958,0.5063618369321112,0.014613358147947314,0.0391904047998615,0.2926589373770899,-0.23885517442928106,0.06790375143837557,-0.014099988490566743,0.05963742067064247,-0.005833657722833669
fold-001,evaluation,ridge,mae,3,20,0.06790375143837557,0.005045922720859486,0,3,median,,0.5063618369321112,0.014613358147947314,0.05329039329042824,0.2926589373770899,-0.22475518593871432,0.06790375143837557,0.0,0.2055228156651958,-0.13761906422682021
fold-001,evaluation,ridge,reinforce,3,20,0.06790375143837557,0.005045922720859486,0,3,median,,0.5063618369321112,0.014613358147947314,0.05329039329042824,0.2926589373770899,-0.22475518593871432,0.06790375143837557,0.0,0.22440767556293367,-0.15650392412455805
fold-001,evaluation,ridge,ridge,1,20,0.2926589373770899,0.08789320478733188,0,0,continuous,0.0033098875219063966,0.5063618369321112,0.014613358147947314,0.27804557922914264,0.2926589373770899,,,,,
fold-001,evaluation,rnn,expected,3,20,0.015011862181649224,0.0005168779526342183,3,3,median,0.004878206782241098,0.15148809805593427,0.014613358147947314,0.0003985040337019121,0.014967653259647246,4.420892200197946e-05,0.015011862181649224,0.0,0.014967653259647246,4.420892200197946e-05
fold-001,evaluation,rnn,klpo_exact,3,20,0.015011862181649224,0.0005168779526342183,3,3,median,0.004878206782241098,0.15148809805593427,0.014613358147947314,0.0003985040337019121,0.014967653259647246,4.420892200197946e-05,0.015011862181649224,0.0,0.014967653259647246,4.420892200197946e-05
fold-001,evaluation,rnn,klpo_full,3,20,0.015011862181649224,0.0005168779526342183,3,3,median,0.004878206782241098,0.15148809805593427,0.014613358147947314,0.0003985040337019121,0.014967653259647246,4.420892200197946e-05,0.015011862181649224,0.0,0.014967653259647246,4.420892200197946e-05
fold-001,evaluation,rnn,klpo_mc,3,20,0.015011862181649224,0.0005168779526342183,3,3,median,0.004878206782241098,0.15148809805593427,0.014613358147947314,0.0003985040337019121,0.014967653259647246,4.420892200197946e-05,0.015011862181649224,0.0,0.014967653259647246,4.420892200197946e-05
fold-001,evaluation,rnn,mae,3,20,0.015011862181649224,0.0005168779526342183,3,3,median,0.004878206782241098,0.15148809805593427,0.014613358147947314,0.0003985040337019121,0.014967653259647246,4.420892200197946e-05,0.015011862181649224,0.0,0.014967653259647246,4.420892200197946e-05
fold-001,evaluation,rnn,neural_mae,3,20,0.014621660803274594,0.0005049554255254727,0,3,median,0.0059939949857556,0.0035531415435822874,0.014613358147947314,8.302655327280337e-06,0.014967653259647246,-0.0003459924563726523,0.015011862181649224,-0.0003902013783746317,0.014639408483856017,-1.774768058142471e-05
fold-001,evaluation,rnn,neural_mse,3,20,0.014655837479334294,0.0005048678197326968,0,3,median,0.0024050889143769397,0.019647029480806294,0.014613358147947314,4.247933138698083e-05,0.014967653259647246,-0.00031181578031295174,0.015011862181649224,-0.00035602470231493123,0.014686086765508066,-3.0249286173770693e-05
fold-001,evaluation,rnn,reference,3,20,0.015043563197219991,0.0005179046289251009,0,3,continuous,-0.01399907057260301,0.5025821909801058,0.014613358147947314,0.00043020504927267927,0.015043563197219991,,,,,
fold-001,evaluation,rnn,reference_mae,3,20,0.014871732883917433,0.0005125366729128243,0,0,continuous,-0.0103850358337218,0.5012671499122754,0.014613358147947314,0.0002583747359701194,0.015043563197219991,-0.00017183031330256002,,,,
fold-001,evaluation,rnn,reference_mse,3,20,0.014977751159149396,0.0005161351056867366,2,0,continuous,-0.016509461433476834,0.5002664968691275,0.014613358147947314,0.00036439301120208024,0.015043563197219991,-6.581203807059918e-05,,,,
fold-001,evaluation,rnn,reinforce,3,20,0.015011862181649224,0.0005168779526342183,3,3,median,0.004878206782241098,0.15148809805593427,0.014613358147947314,0.0003985040337019121,0.014967653259647246,4.420892200197946e-05,0.015011862181649224,0.0,0.014967653259647246,4.420892200197946e-05
fold-001,evaluation,xgboost,expected,3,20,0.014613358147947314,0.0005046326583679745,3,3,median,,0.0,0.014613358147947314,0.0,0.01460508059043196,8.277557515356474e-06,0.014613358147947314,0.0,0.01460508059043196,8.277557515356474e-06
fold-001,evaluation,xgboost,klpo_exact,3,20,0.014613358147947314,0.0005046326583679745,3,3,median,,0.0,0.014613358147947314,0.0,0.01460508059043196,8.277557515356474e-06,0.014613358147947314,0.0,0.01460508059043196,8.277557515356474e-06
fold-001,evaluation,xgboost,klpo_full,3,20,0.014613358147947314,0.0005046326583679745,3,3,median,,0.0,0.014613358147947314,0.0,0.01460508059043196,8.277557515356474e-06,0.014613358147947314,0.0,0.01460508059043196,8.277557515356474e-06
fold-001,evaluation,xgboost,klpo_mc,3,20,0.014613358147947314,0.0005046326583679745,3,3,median,,0.0,0.014613358147947314,0.0,0.01460508059043196,8.277557515356474e-06,0.014613358147947314,0.0,0.01460508059043196,8.277557515356474e-06
fold-001,evaluation,xgboost,mae,3,20,0.014613358147947314,0.0005046326583679745,3,3,median,,0.0,0.014613358147947314,0.0,0.01460508059043196,8.277557515356474e-06,0.014613358147947314,0.0,0.01460508059043196,8.277557515356474e-06
fold-001,evaluation,xgboost,reinforce,3,20,0.014613358147947314,0.0005046326583679745,3,3,median,,0.0,0.014613358147947314,0.0,0.01460508059043196,8.277557515356474e-06,0.014613358147947314,0.0,0.01460508059043196,8.277557515356474e-06
fold-001,evaluation,xgboost,xgboost,3,20,0.01460508059043196,0.0005035413703483385,0,3,continuous,0.044543567602446245,0.5063618369321112,0.014613358147947314,-8.277557515356474e-06,0.01460508059043196,,,,,
fold-002,calibration,dlinear,expected,3,20,0.014992303305600438,0.0005148540042983791,3,3,median,-0.009143543631002459,0.18218379402200305,0.014613358147947314,0.00037894515765312195,0.014888052308790431,0.00010425099681000546,0.014992303305600438,0.0,0.014888052308790431,0.00010425099681000546
fold-002,calibration,dlinear,klpo_exact,3,20,0.014992303305600438,0.0005148540042983791,3,3,median,-0.009143543631002459,0.18218379402200305,0.014613358147947314,0.00037894515765312195,0.014888052308790431,0.00010425099681000546,0.014992303305600438,0.0,0.014888052308790431,0.00010425099681000546
fold-002,calibration,dlinear,klpo_full,3,20,0.014992303305600438,0.0005148540042983791,3,3,median,-0.009143543631002459,0.18218379402200305,0.014613358147947314,0.00037894515765312195,0.014888052308790431,0.00010425099681000546,0.014992303305600438,0.0,0.014888052308790431,0.00010425099681000546
fold-002,calibration,dlinear,klpo_mc,3,20,0.014992303305600438,0.0005148540042983791,3,3,median,-0.009143543631002459,0.18218379402200305,0.014613358147947314,0.00037894515765312195,0.014888052308790431,0.00010425099681000546,0.014992303305600438,0.0,0.014888052308790431,0.00010425099681000546
fold-002,calibration,dlinear,mae,3,20,0.014992303305600438,0.0005148540042983791,3,3,median,-0.009143543631002459,0.18218379402200305,0.014613358147947314,0.00037894515765312195,0.014888052308790431,0.00010425099681000546,0.014992303305600438,0.0,0.014888052308790431,0.00010425099681000546
fold-002,calibration,dlinear,neural_mae,3,20,0.014617890108378096,0.0005050744612989412,0,3,median,0.0004586373965611316,0.003277707167506721,0.014613358147947314,4.531960430781586e-06,0.014888052308790431,-0.0002701622004123349,0.014992303305600438,-0.0003744131972223404,0.014628916014311644,-1.1025905933544772e-05
fold-002,calibration,dlinear,neural_mse,3,20,0.014627537746644662,0.0005055277468567952,0,3,median,0.0009308463416054551,0.008702512522577711,0.014613358147947314,1.417959869734935e-05,0.014888052308790431,-0.00026051456214576716,0.014992303305600438,-0.0003647655589557726,0.014651638908390493,-2.410116174583008e-05
fold-002,calibration,dlinear,reference,3,20,0.015095585991049034,0.0005205624575640765,0,3,continuous,-0.000415519322056459,0.5033827784106754,0.014613358147947314,0.0004822278431017189,0.015095585991049034,,,,,
fold-002,calibration,dlinear,reference_mae,3,20,0.014753918527197077,0.0005078009849957567,0,0,continuous,0.014378727791257635,0.5140047005645336,0.014613358147947314,0.0001405603792497629,0.015095585991049034,-0.000341667463851956,,,,
fold-002,calibration,dlinear,reference_mse,3,20,0.014875833093179028,0.0005117313522116078,1,0,continuous,0.004670781392649286,0.5072404305156611,0.014613358147947314,0.00026247494523171344,0.015095585991049034,-0.00021975289787000548,,,,
fold-002,calibration,dlinear,reinforce,3,20,0.014992303305600438,0.0005148540042983791,3,3,median,-0.009143543631002459,0.18218379402200305,0.014613358147947314,0.00037894515765312195,0.014888052308790431,0.00010425099681000546,0.014992303305600438,0.0,0.014888052308790431,0.00010425099681000546
fold-002,calibration,gru,expected,3,20,0.01507632838094099,0.0005239957448403386,3,3,median,-0.0073683030489312224,0.18616221257777651,0.014613358147947314,0.00046297023299367345,0.014982637718318797,9.369066262218734e-05,0.01507632838094099,0.0,0.014982637718318797,9.369066262218734e-05
fold-002,calibration,gru,klpo_exact,3,20,0.01507632838094099,0.0005239957448403386,3,3,median,-0.0073683030489312224,0.18616221257777651,0.014613358147947314,0.00046297023299367345,0.014982637718318797,9.369066262218734e-05,0.01507632838094099,0.0,0.014982637718318797,9.369066262218734e-05
fold-002,calibration,gru,klpo_full,3,20,0.01507632838094099,0.0005239957448403386,3,3,median,-0.0073683030489312224,0.18616221257777651,0.014613358147947314,0.00046297023299367345,0.014982637718318797,9.369066262218734e-05,0.01507632838094099,0.0,0.014982637718318797,9.369066262218734e-05
fold-002,calibration,gru,klpo_mc,3,20,0.01507632838094099,0.0005239957448403386,3,3,median,-0.0073683030489312224,0.18616221257777651,0.014613358147947314,0.00046297023299367345,0.014982637718318797,9.369066262218734e-05,0.01507632838094099,0.0,0.014982637718318797,9.369066262218734e-05
fold-002,calibration,gru,mae,3,20,0.01507632838094099,0.0005239957448403386,3,3,median,-0.0073683030489312224,0.18616221257777651,0.014613358147947314,0.00046297023299367345,0.014982637718318797,9.369066262218734e-05,0.01507632838094099,0.0,0.014982637718318797,9.369066262218734e-05
fold-002,calibration,gru,neural_mae,3,20,0.014644324942442727,0.0005066018026988972,0,3,median,-0.0015302126057153938,0.015822841061908646,0.014613358147947314,3.0966794495412407e-05,0.014982637718318797,-0.0003383127758760737,0.01507632838094099,-0.00043200343849826106,0.014689575561761887,-4.525061931915835e-05
fold-002,calibration,gru,neural_mse,3,20,0.014677737619104908,0.0005074338391718948,0,3,median,0.0010074559859689248,0.02728894502526867,0.014613358147947314,6.437947115759471e-05,0.014982637718318797,-0.0003049000992138914,0.01507632838094099,-0.00039859076183607875,0.014714237078847791,-3.649945974288412e-05
fold-002,calibration,gru,reference,3,20,0.015124909099198187,0.0005220317444509718,0,3,continuous,0.008174472334263305,0.5012886208380791,0.014613358147947314,0.0005115509512508708,0.015124909099198187,,,,,
fold-002,calibration,gru,reference_mae,3,20,0.014766088198208821,0.000509014806421251,0,0,continuous,0.007087422681463858,0.5075355178252187,0.014613358147947314,0.00015273005026150759,0.015124909099198187,-0.000358820900989363,,,,
fold-002,calibration,gru,reference_mse,3,20,0.015122731812914616,0.0005217739487887628,1,0,continuous,0.01523735421707806,0.5052611651796518,0.014613358147947314,0.0005093736649673029,0.015124909099198187,-2.1772862835676804e-06,,,,
fold-002,calibration,gru,reinforce,3,20,0.01507632838094099,0.0005239957448403386,3,3,median,-0.0073683030489312224,0.18616221257777651,0.014613358147947314,0.00046297023299367345,0.014982637718318797,9.369066262218734e-05,0.01507632838094099,0.0,0.014982637718318797,9.369066262218734e-05
fold-002,calibration,lstm,expected,3,20,0.015243823138788293,0.0005274285102717602,2,3,median,0.0020155707509888214,0.2280285023653533,0.014613358147947314,0.0006304649908409788,0.015022395269164629,0.0002214278696236629,0.015170019781750213,7.380335703808016e-05,0.01511072369864773,0.00013309944014056513
fold-002,calibration,lstm,klpo_exact,3,20,0.015170019781750213,0.0005254308024463684,3,3,median,-0.0005149081394742912,0.20592600468897718,0.014613358147947314,0.0005566616338028987,0.015022395269164629,0.00014762451258558277,0.015170019781750213,0.0,0.015022395269164629,0.00014762451258558277
fold-002,calibration,lstm,klpo_full,3,20,0.015170019781750213,0.0005254308024463684,3,3,median,-0.0005149081394742912,0.20592600468897718,0.014613358147947314,0.0005566616338028987,0.015022395269164629,0.00014762451258558277,0.015170019781750213,0.0,0.015022395269164629,0.00014762451258558277
fold-002,calibration,lstm,klpo_mc,3,20,0.015170019781750213,0.0005254308024463684,3,3,median,-0.0005149081394742912,0.20592600468897718,0.014613358147947314,0.0005566616338028987,0.015022395269164629,0.00014762451258558277,0.015170019781750213,0.0,0.015022395269164629,0.00014762451258558277
fold-002,calibration,lstm,mae,3,20,0.01510080099515763,0.0005214105879656651,0,3,median,0.006146282763513076,0.19100700059175227,0.014613358147947314,0.0004874428472103142,0.015022395269164629,7.840572599299832e-05,0.015170019781750213,-6.921878659258444e-05,0.014993597085550097,0.00010720390960753182
fold-002,calibration,lstm,neural_mae,3,20,0.014615947358306519,0.0005046485532599463,0,3,median,-0.0017157976614654326,0.0012276243189928353,0.014613358147947314,2.5892103592072e-06,0.015022395269164629,-0.0004064479108581087,0.015170019781750213,-0.0005540724234436914,0.01466156093448033,-4.5613576173810735e-05
fold-002,calibration,lstm,neural_mse,3,20,0.014626347378654666,0.0005052386411535333,0,3,median,0.01475007506987851,0.004321942706491601,0.014613358147947314,1.2989230707352498e-05,0.015022395269164629,-0.0003960478905099634,0.015170019781750213,-0.0005436724030955461,0.014648049449988668,-2.170207133400043e-05
fold-002,calibration,lstm,reference,3,20,0.015020320278905274,0.0005184755401749047,0,3,continuous,-0.011717693827099218,0.49808605069433926,0.014613358147947314,0.00040696213095795945,0.015020320278905274,,,,,
fold-002,calibration,lstm,reference_mae,3,20,0.014820789870770592,0.000510562001033539,0,0,continuous,0.014303958591814242,0.5057321137207899,0.014613358147947314,0.0002074317228232774,0.015020320278905274,-0.00019953040813468223,,,,
fold-002,calibration,lstm,reference_mse,3,20,0.015060366408022358,0.0005201213237681688,2,0,continuous,-0.013552690417108377,0.4991097661852046,0.014613358147947314,0.0004470082600750421,0.015020320278905274,4.004612911708248e-05,,,,
fold-002,calibration,lstm,reinforce,3,20,0.015170019781750213,0.0005254308024463684,3,3,median,-0.0005149081394742912,0.20592600468897718,0.014613358147947314,0.0005566616338028987,0.015022395269164629,0.00014762451258558277,0.015170019781750213,0.0,0.015022395269164629,0.00014762451258558277
fold-002,calibration,ridge,expected,3,20,0.06349186230994133,0.0045288543119918,0,3,median,-0.025070812985212035,0.4936887191851789,0.014613358147947314,0.048878504161994005,0.13306113557034127,-0.06956927326039994,0.06524721635523749,-0.0017553540452961616,0.10674171163821629,-0.04324984932827497
fold-002,calibration,ridge,klpo_exact,3,20,0.01636222480759034,0.0005704191213988956,0,2,median,-0.0150555374227398,0.34068750119279984,0.014613358147947314,0.0017488666596430225,0.13306113557034127,-0.11669891076275093,0.06524721635523749,-0.04888499154764715,0.0162795327668799,8.269204071043971e-05
fold-002,calibration,ridge,klpo_full,3,20,0.031115019371452397,0.0014145654551467428,0,0,median,-0.006737839798189712,0.4870816568380591,0.014613358147947314,0.016501661223505083,0.13306113557034127,-0.10194611619888887,0.06524721635523749,-0.034132196983785085,0.03151712137675243,-0.0004021020053000415
fold-002,calibration,ridge,klpo_mc,3,20,0.031045601337528105,0.0014109374614990715,0,0,median,-0.00689424118360752,0.48676676913473355,0.014613358147947314,0.016432243189580788,0.13306113557034127,-0.10201553423281315,0.06524721635523749,-0.03420161501770938,0.031454491904105604,-0.0004088905665775003
fold-002,calibration,ridge,mae,3,20,0.06285261550637658,0.004448036636093465,0,3,median,-0.0030474905167899575,0.4936887191851789,0.014613358147947314,0.048239257358429245,0.13306113557034127,-0.07020852006396469,0.06524721635523749,-0.0023946008488609214,0.09787546628193766,-0.03502285077556111
fold-002,calibration,ridge,reinforce,3,20,0.06345712336989245,0.004522738775139997,0,3,median,-0.008309943767951375,0.4936887191851789,0.014613358147947314,0.048843765221945126,0.13306113557034127,-0.0696040122004488,0.06524721635523749,-0.0017900929853450365,0.10636894266986523,-0.0429118192999728
fold-002,calibration,ridge,ridge,1,20,0.13306113557034127,0.020527730281995712,0,0,continuous,-4.1508804316358724e-05,0.493688719185179,0.014613358147947314,0.11844777742239396,0.13306113557034127,,,,,
fold-002,calibration,rnn,expected,3,20,0.014897393477326774,0.0005142631268786148,3,3,median,-0.0004214355163823051,0.1471876952144323,0.014613358147947314,0.00028403532937946167,0.014834123889681217,6.32695876455599e-05,0.014897393477326774,0.0,0.014834123889681217,6.32695876455599e-05
fold-002,calibration,rnn,klpo_exact,3,20,0.014897393477326774,0.0005142631268786148,3,3,median,-0.0004214355163823051,0.1471876952144323,0.014613358147947314,0.00028403532937946167,0.014834123889681217,6.32695876455599e-05,0.014897393477326774,0.0,0.014834123889681217,6.32695876455599e-05
fold-002,calibration,rnn,klpo_full,3,20,0.014897393477326774,0.0005142631268786148,3,3,median,-0.0004214355163823051,0.1471876952144323,0.014613358147947314,0.00028403532937946167,0.014834123889681217,6.32695876455599e-05,0.014897393477326774,0.0,0.014834123889681217,6.32695876455599e-05
fold-002,calibration,rnn,klpo_mc,3,20,0.014897393477326774,0.0005142631268786148,3,3,median,-0.0004214355163823051,0.1471876952144323,0.014613358147947314,0.00028403532937946167,0.014834123889681217,6.32695876455599e-05,0.014897393477326774,0.0,0.014834123889681217,6.32695876455599e-05
fold-002,calibration,rnn,mae,3,20,0.014897393477326774,0.0005142631268786148,3,3,median,-0.0004214355163823051,0.1471876952144323,0.014613358147947314,0.00028403532937946167,0.014834123889681217,6.32695876455599e-05,0.014897393477326774,0.0,0.014834123889681217,6.32695876455599e-05
fold-002,calibration,rnn,neural_mae,3,20,0.014616098377923239,0.0005046871144084937,0,3,median,-0.0003687364800895058,0.0007460771814754296,0.014613358147947314,2.7402299759230614e-06,0.014834123889681217,-0.0002180255117579787,0.014897393477326774,-0.0002812950994035386,0.014677085177373006,-6.098679944976657e-05
fold-002,calibration,rnn,neural_mse,3,20,0.01461402089999359,0.0005047413195004461,0,3,median,0.007319754096859265,0.00456151069961321,0.014613358147947314,6.627520462774809e-07,0.014834123889681217,-0.00022010298968762427,0.014897393477326774,-0.0002833725773331842,0.01465229374116073,-3.827284116713564e-05
fold-002,calibration,rnn,reference,3,20,0.014879213726767482,0.000514523091191427,0,3,continuous,-0.005460452478651551,0.49605292135956053,0.014613358147947314,0.00026585557882016704,0.014879213726767482,,,,,
fold-002,calibration,rnn,reference_mae,3,20,0.01482243602697686,0.0005125736728299896,0,0,continuous,-0.0003820731115324145,0.49655535143236174,0.014613358147947314,0.000209077879029546,0.014879213726767482,-5.677769979062115e-05,,,,
fold-002,calibration,rnn,reference_mse,3,20,0.014897725886132964,0.0005153164391061664,2,0,continuous,0.005310647870099231,0.49528709171890356,0.014613358147947314,0.0002843677381856505,0.014879213726767482,1.8512159365483353e-05,,,,
fold-002,calibration,rnn,reinforce,3,20,0.014897393477326774,0.0005142631268786148,3,3,median,-0.0004214355163823051,0.1471876952144323,0.014613358147947314,0.00028403532937946167,0.014834123889681217,6.32695876455599e-05,0.014897393477326774,0.0,0.014834123889681217,6.32695876455599e-05
fold-002,calibration,xgboost,expected,3,20,0.01461206924474337,0.0005045129618480018,3,3,median,0.022227408834090145,0.00031636188786874313,0.014613358147947314,-1.2889032039448654e-06,0.014601126787234565,1.0942457508807731e-05,0.01461206924474337,0.0,0.014601126787234565,1.0942457508807731e-05
fold-002,calibration,xgboost,klpo_exact,3,20,0.01461206924474337,0.0005045129618480018,3,3,median,0.022227408834090145,0.00031636188786874313,0.014613358147947314,-1.2889032039448654e-06,0.014601126787234565,1.0942457508807731e-05,0.01461206924474337,0.0,0.014601126787234565,1.0942457508807731e-05
fold-002,calibration,xgboost,klpo_full,3,20,0.01461206924474337,0.0005045129618480018,3,3,median,0.022227408834090145,0.00031636188786874313,0.014613358147947314,-1.2889032039448654e-06,0.014601126787234565,1.0942457508807731e-05,0.01461206924474337,0.0,0.014601126787234565,1.0942457508807731e-05
fold-002,calibration,xgboost,klpo_mc,3,20,0.01461206924474337,0.0005045129618480018,3,3,median,0.022227408834090145,0.00031636188786874313,0.014613358147947314,-1.2889032039448654e-06,0.014601126787234565,1.0942457508807731e-05,0.01461206924474337,0.0,0.014601126787234565,1.0942457508807731e-05
fold-002,calibration,xgboost,mae,3,20,0.01461206924474337,0.0005045129618480018,3,3,median,0.022227408834090145,0.00031636188786874313,0.014613358147947314,-1.2889032039448654e-06,0.014601126787234565,1.0942457508807731e-05,0.01461206924474337,0.0,0.014601126787234565,1.0942457508807731e-05
fold-002,calibration,xgboost,reinforce,3,20,0.01461206924474337,0.0005045129618480018,3,3,median,0.022227408834090145,0.00031636188786874313,0.014613358147947314,-1.2889032039448654e-06,0.014601126787234565,1.0942457508807731e-05,0.01461206924474337,0.0,0.014601126787234565,1.0942457508807731e-05
fold-002,calibration,xgboost,xgboost,3,20,0.014601126787234565,0.000503563233552358,0,3,continuous,0.02056697265067637,0.5112287027448249,0.014613358147947314,-1.2231360712752597e-05,0.014601126787234565,,,,,
fold-002,evaluation,dlinear,expected,3,19,0.01644458266705744,0.0007080195972565614,3,3,median,0.013782472313906386,0.3111021501263285,0.015642718291033125,0.0008018643760243166,0.016295827678473564,0.00014875498858387515,0.01644458266705744,0.0,0.016295827678473564,0.00014875498858387515
fold-002,evaluation,dlinear,klpo_exact,3,19,0.01644458266705744,0.0007080195972565614,3,3,median,0.013782472313906386,0.3111021501263285,0.015642718291033125,0.0008018643760243166,0.016295827678473564,0.00014875498858387515,0.01644458266705744,0.0,0.016295827678473564,0.00014875498858387515
fold-002,evaluation,dlinear,klpo_full,3,19,0.01644458266705744,0.0007080195972565614,3,3,median,0.013782472313906386,0.3111021501263285,0.015642718291033125,0.0008018643760243166,0.016295827678473564,0.00014875498858387515,0.01644458266705744,0.0,0.016295827678473564,0.00014875498858387515
fold-002,evaluation,dlinear,klpo_mc,3,19,0.01644458266705744,0.0007080195972565614,3,3,median,0.013782472313906386,0.3111021501263285,0.015642718291033125,0.0008018643760243166,0.016295827678473564,0.00014875498858387515,0.01644458266705744,0.0,0.016295827678473564,0.00014875498858387515
fold-002,evaluation,dlinear,mae,3,19,0.01644458266705744,0.0007080195972565614,3,3,median,0.013782472313906386,0.3111021501263285,0.015642718291033125,0.0008018643760243166,0.016295827678473564,0.00014875498858387515,0.01644458266705744,0.0,0.016295827678473564,0.00014875498858387515
fold-002,evaluation,dlinear,neural_mae,3,19,0.015634915437153528,0.0006908033995601705,0,3,median,0.0042772828175022025,0.015248223201938067,0.015642718291033125,-7.802853879596425e-06,0.016295827678473564,-0.0006609122413200379,0.01644458266705744,-0.0008096672299039131,0.015641241459333398,-6.326022179872551e-06
fold-002,evaluation,dlinear,neural_mse,3,19,0.015647258218296527,0.0006918835544037037,0,3,median,-0.003256741152776753,0.0027455169645064646,0.015642718291033125,4.53992726340782e-06,0.016295827678473564,-0.0006485694601770337,0.01644458266705744,-0.0007973244487609088,0.015653461844137427,-6.203625840895684e-06
fold-002,evaluation,dlinear,reference,3,19,0.016600246694392765,0.0007139469344511108,0,3,continuous,0.01201760340413624,0.5091182610187788,0.015642718291033125,0.0009575284033596435,0.016600246694392765,,,,,
fold-002,evaluation,dlinear,reference_mae,3,19,0.01619079367491406,0.0007025240424692328,0,0,continuous,0.014619078453317289,0.5068842091495048,0.015642718291033125,0.0005480753838809369,0.016600246694392765,-0.0004094530194787069,,,,
fold-002,evaluation,dlinear,reference_mse,3,19,0.016268378987369478,0.0007034495479879584,1,0,continuous,0.016287167696458715,0.5099986953490739,0.015642718291033125,0.0006256606963363577,0.016600246694392765,-0.000331867707023286,,,,
fold-002,evaluation,dlinear,reinforce,3,19,0.01644458266705744,0.0007080195972565614,3,3,median,0.013782472313906386,0.3111021501263285,0.015642718291033125,0.0008018643760243166,0.016295827678473564,0.00014875498858387515,0.01644458266705744,0.0,0.016295827678473564,0.00014875498858387515
fold-002,evaluation,gru,expected,3,19,0.01635392304073833,0.0007067318872703664,3,3,median,0.013009608885126561,0.26670485278769435,0.015642718291033125,0.0007112047497052096,0.016169704976656277,0.00018421806408205443,0.01635392304073833,0.0,0.016169704976656277,0.00018421806408205443
fold-002,evaluation,gru,klpo_exact,3,19,0.01635392304073833,0.0007067318872703664,3,3,median,0.013009608885126561,0.26670485278769435,0.015642718291033125,0.0007112047497052096,0.016169704976656277,0.00018421806408205443,0.01635392304073833,0.0,0.016169704976656277,0.00018421806408205443
fold-002,evaluation,gru,klpo_full,3,19,0.01635392304073833,0.0007067318872703664,3,3,median,0.013009608885126561,0.26670485278769435,0.015642718291033125,0.0007112047497052096,0.016169704976656277,0.00018421806408205443,0.01635392304073833,0.0,0.016169704976656277,0.00018421806408205443
fold-002,evaluation,gru,klpo_mc,3,19,0.01635392304073833,0.0007067318872703664,3,3,median,0.013009608885126561,0.26670485278769435,0.015642718291033125,0.0007112047497052096,0.016169704976656277,0.00018421806408205443,0.01635392304073833,0.0,0.016169704976656277,0.00018421806408205443
fold-002,evaluation,gru,mae,3,19,0.01635392304073833,0.0007067318872703664,3,3,median,0.013009608885126561,0.26670485278769435,0.015642718291033125,0.0007112047497052096,0.016169704976656277,0.00018421806408205443,0.01635392304073833,0.0,0.016169704976656277,0.00018421806408205443
fold-002,evaluation,gru,neural_mae,3,19,0.015638360564767258,0.0006917846873231103,0,3,median,0.005622489880131878,0.009111281061431172,0.015642718291033125,-4.357726265867776e-06,0.016169704976656277,-0.0005313444118890229,0.01635392304073833,-0.0007155624759710773,0.01563995165841639,-1.5910936491364911e-06
fold-002,evaluation,gru,neural_mse,3,19,0.01564356369798349,0.0006912590816456206,0,3,median,-0.0024984419619714254,0.01882692355343543,0.015642718291033125,8.454069503694676e-07,0.016169704976656277,-0.0005261412786727856,0.01635392304073833,-0.0007103593427548401,0.015640678504316875,2.885193666616081e-06
fold-002,evaluation,gru,reference,3,19,0.016628608633372635,0.0007147433306312376,0,3,continuous,0.006960023800936069,0.5009294787437261,0.015642718291033125,0.0009858903423395132,0.016628608633372635,,,,,
fold-002,evaluation,gru,reference_mae,3,19,0.016049382214796844,0.0006990577941756458,0,0,continuous,0.008260089179117096,0.5025313877784742,0.015642718291033125,0.00040666392376371947,0.016628608633372635,-0.0005792264185757942,,,,
fold-002,evaluation,gru,reference_mse,3,19,0.016722865415788966,0.0007173939929290368,1,0,continuous,0.009801633620654955,0.4993555625333501,0.015642718291033125,0.001080147124755843,0.016628608633372635,9.425678241632953e-05,,,,
fold-002,evaluation,gru,reinforce,3,19,0.01635392304073833,0.0007067318872703664,3,3,median,0.013009608885126561,0.26670485278769435,0.015642718291033125,0.0007112047497052096,0.016169704976656277,0.00018421806408205443,0.01635392304073833,0.0,0.016169704976656277,0.00018421806408205443
fold-002,evaluation,lstm,expected,3,19,0.01654529984550765,0.0007122910670899406,2,3,median,0.01742627788960156,0.3111054033737001,0.015642718291033125,0.0009025815544745294,0.016133807574507247,0.0004114922710004093,0.016268911756106046,0.0002763880894016076,0.016430825162088672,0.00011447468341898013
fold-002,evaluation,lstm,klpo_exact,3,19,0.016268911756106046,0.0007031485253382255,3,3,median,0.019559447582764646,0.2664801049206431,0.015642718291033125,0.0006261934650729216,0.016133807574507247,0.0001351041815988017,0.016268911756106046,0.0,0.016133807574507247,0.0001351041815988017
fold-002,evaluation,lstm,klpo_full,3,19,0.016268911756106046,0.0007031485253382255,3,3,median,0.019559447582764646,0.2664801049206431,0.015642718291033125,0.0006261934650729216,0.016133807574507247,0.0001351041815988017,0.016268911756106046,0.0,0.016133807574507247,0.0001351041815988017
fold-002,evaluation,lstm,klpo_mc,3,19,0.016268911756106046,0.0007031485253382255,3,3,median,0.019559447582764646,0.2664801049206431,0.015642718291033125,0.0006261934650729216,0.016133807574507247,0.0001351041815988017,0.016268911756106046,0.0,0.016133807574507247,0.0001351041815988017
fold-002,evaluation,lstm,mae,3,19,0.016662289502120453,0.0007146933166368884,0,3,median,0.008011150882020032,0.324150410763095,0.015642718291033125,0.001019571211087333,0.016133807574507247,0.0005284819276132134,0.016268911756106046,0.00039337774601441163,0.016573285104112965,8.900439800749016e-05
fold-002,evaluation,lstm,neural_mae,3,19,0.0156434004997371,0.0006918031007313611,0,3,median,0.016489606190861202,0.0014842089049561414,0.015642718291033125,6.822087039772763e-07,0.016133807574507247,-0.0004904070747701427,0.016268911756106046,-0.0006255112563689443,0.01567383123816477,-3.043073842766803e-05
fold-002,evaluation,lstm,neural_mse,3,19,0.015644457560507204,0.00069184063116912,0,3,median,-0.0016469864223471783,0.0012212536052928341,0.015642718291033125,1.7392694740782477e-06,0.016133807574507247,-0.0004893500140000416,0.016268911756106046,-0.0006244541955988434,0.015649739744398823,-5.2821838916202265e-06
fold-002,evaluation,lstm,reference,3,19,0.01642256285832909,0.0007108408905538146,0,3,continuous,0.006681913885379036,0.5027297607826794,0.015642718291033125,0.000779844567295967,0.01642256285832909,,,,,
fold-002,evaluation,lstm,reference_mae,3,19,0.016118808691345802,0.0007029586642270832,0,0,continuous,0.003822901261077078,0.5047436327318507,0.015642718291033125,0.0004760904003126786,0.01642256285832909,-0.00030375416698328825,,,,
fold-002,evaluation,lstm,reference_mse,3,19,0.01623568339546061,0.0007050807514968688,2,0,continuous,0.008862433265331312,0.5044405067812097,0.015642718291033125,0.0005929651044274836,0.01642256285832909,-0.00018687946286848322,,,,
fold-002,evaluation,lstm,reinforce,3,19,0.016268911756106046,0.0007031485253382255,3,3,median,0.019559447582764646,0.2664801049206431,0.015642718291033125,0.0006261934650729216,0.016133807574507247,0.0001351041815988017,0.016268911756106046,0.0,0.016133807574507247,0.0001351041815988017
fold-002,evaluation,ridge,expected,3,19,0.06800277116936082,0.005145738409907668,0,3,median,,0.48855386233672315,0.015642718291033125,0.0523600528783277,0.19837096288093328,-0.13036819171157246,0.06800277116936082,0.0,0.15869103994368866,-0.09068826877432787
fold-002,evaluation,ridge,klpo_exact,3,19,0.01811658474048919,0.0007771685336486926,0,2,median,0.00272128822024386,0.39336397030422116,0.015642718291033125,0.002473866449456072,0.19837096288093328,-0.18025437814044407,0.06800277116936082,-0.04988618642887162,0.018033121489502802,8.346325098639203e-05
fold-002,evaluation,ridge,klpo_full,3,19,0.04389512270232521,0.002452181089045458,0,0,median,-0.0012642980780885262,0.48830157638987853,0.015642718291033125,0.02825240441129209,0.19837096288093328,-0.15447584017860808,0.06800277116936082,-0.02410764846703561,0.045190925416980075,-0.0012958027146548693
fold-002,evaluation,ridge,klpo_mc,3,19,0.04373131217240913,0.002438840793403975,0,0,median,-0.0015249612719728143,0.48822277234490224,0.015642718291033125,0.02808859388137601,0.19837096288093328,-0.15463965070852415,0.06800277116936082,-0.02427145899695169,0.04500586130877021,-0.0012745491363610744
fold-002,evaluation,ridge,mae,3,19,0.06800277116936082,0.005145738409907668,0,3,median,,0.48855386233672315,0.015642718291033125,0.0523600528783277,0.19837096288093328,-0.13036819171157246,0.06800277116936082,0.0,0.1467764917600663,-0.07877372059070548
fold-002,evaluation,ridge,reinforce,3,19,0.0680025433659359,0.0051456419372295755,0,3,median,0.05375871225235118,0.48855386233672315,0.015642718291033125,0.05235982507490276,0.19837096288093328,-0.1303684195149974,0.06800277116936082,-2.2780342493142056e-07,0.15882215025542165,-0.09081960688948576
fold-002,evaluation,ridge,ridge,1,19,0.19837096288093328,0.040692069370267966,0,0,continuous,0.03583033831935531,0.48855386233672315,0.015642718291033125,0.18272824458990014,0.19837096288093328,,,,,
fold-002,evaluation,rnn,expected,3,19,0.01642043143801577,0.0007112124299555019,3,3,median,0.014694098906033804,0.20956022386473108,0.015642718291033125,0.0007777131469826481,0.016326277285778523,9.415415223724792e-05,0.01642043143801577,0.0,0.016326277285778523,9.415415223724792e-05
fold-002,evaluation,rnn,klpo_exact,3,19,0.01642043143801577,0.0007112124299555019,3,3,median,0.014694098906033804,0.20956022386473108,0.015642718291033125,0.0007777131469826481,0.016326277285778523,9.415415223724792e-05,0.01642043143801577,0.0,0.016326277285778523,9.415415223724792e-05
fold-002,evaluation,rnn,klpo_full,3,19,0.01642043143801577,0.0007112124299555019,3,3,median,0.014694098906033804,0.20956022386473108,0.015642718291033125,0.0007777131469826481,0.016326277285778523,9.415415223724792e-05,0.01642043143801577,0.0,0.016326277285778523,9.415415223724792e-05
fold-002,evaluation,rnn,klpo_mc,3,19,0.01642043143801577,0.0007112124299555019,3,3,median,0.014694098906033804,0.20956022386473108,0.015642718291033125,0.0007777131469826481,0.016326277285778523,9.415415223724792e-05,0.01642043143801577,0.0,0.016326277285778523,9.415415223724792e-05
fold-002,evaluation,rnn,mae,3,19,0.01642043143801577,0.0007112124299555019,3,3,median,0.014694098906033804,0.20956022386473108,0.015642718291033125,0.0007777131469826481,0.016326277285778523,9.415415223724792e-05,0.01642043143801577,0.0,0.016326277285778523,9.415415223724792e-05
fold-002,evaluation,rnn,neural_mae,3,19,0.01565505785333137,0.0006922893834149768,0,3,median,0.005529459715701658,0.0016484360944716099,0.015642718291033125,1.2339562298246898e-05,0.016326277285778523,-0.0006712194324471533,0.01642043143801577,-0.0007653735846844012,0.015692083254880546,-3.70254015491776e-05
fold-002,evaluation,rnn,neural_mse,3,19,0.01566805355901027,0.0006928163429104012,0,3,median,-0.010535026089853844,0.004577383706002469,0.015642718291033125,2.5335267977146828e-05,0.016326277285778523,-0.0006582237267682534,0.01642043143801577,-0.0007523778790055013,0.015698718337109743,-3.0664778099476354e-05
fold-002,evaluation,rnn,reference,3,19,0.016260911866993428,0.0007030021909250362,0,3,continuous,0.005504959207527063,0.5171941360984409,0.015642718291033125,0.0006181935759603071,0.016260911866993428,,,,,
fold-002,evaluation,rnn,reference_mae,3,19,0.01590517545793571,0.0006929583380586064,0,0,continuous,0.0005773175373661128,0.5201424915506933,0.015642718291033125,0.0002624571669025923,0.016260911866993428,-0.00035573640905771467,,,,
fold-002,evaluation,rnn,reference_mse,3,19,0.01617095032658049,0.0006999751461137767,2,0,continuous,0.00845414072681912,0.5208764423509289,0.015642718291033125,0.000528232035547365,0.016260911866993428,-8.996154041294198e-05,,,,
fold-002,evaluation,rnn,reinforce,3,19,0.01642043143801577,0.0007112124299555019,3,3,median,0.014694098906033804,0.20956022386473108,0.015642718291033125,0.0007777131469826481,0.016326277285778523,9.415415223724792e-05,0.01642043143801577,0.0,0.016326277285778523,9.415415223724792e-05
fold-002,evaluation,xgboost,expected,3,19,0.015642991149293257,0.0006919445907973845,3,3,median,-0.008635264411642614,0.00014961703805462342,0.015642718291033125,2.7285826013510214e-07,0.01565204633486001,-9.055185566753804e-06,0.015642991149293257,0.0,0.01565204633486001,-9.055185566753804e-06
fold-002,evaluation,xgboost,klpo_exact,3,19,0.015642991149293257,0.0006919445907973845,3,3,median,-0.008635264411642614,0.00014961703805462342,0.015642718291033125,2.7285826013510214e-07,0.01565204633486001,-9.055185566753804e-06,0.015642991149293257,0.0,0.01565204633486001,-9.055185566753804e-06
fold-002,evaluation,xgboost,klpo_full,3,19,0.015642991149293257,0.0006919445907973845,3,3,median,-0.008635264411642614,0.00014961703805462342,0.015642718291033125,2.7285826013510214e-07,0.01565204633486001,-9.055185566753804e-06,0.015642991149293257,0.0,0.01565204633486001,-9.055185566753804e-06
fold-002,evaluation,xgboost,klpo_mc,3,19,0.015642991149293257,0.0006919445907973845,3,3,median,-0.008635264411642614,0.00014961703805462342,0.015642718291033125,2.7285826013510214e-07,0.01565204633486001,-9.055185566753804e-06,0.015642991149293257,0.0,0.01565204633486001,-9.055185566753804e-06
fold-002,evaluation,xgboost,mae,3,19,0.015642991149293257,0.0006919445907973845,3,3,median,-0.008635264411642614,0.00014961703805462342,0.015642718291033125,2.7285826013510214e-07,0.01565204633486001,-9.055185566753804e-06,0.015642991149293257,0.0,0.01565204633486001,-9.055185566753804e-06
fold-002,evaluation,xgboost,reinforce,3,19,0.015642991149293257,0.0006919445907973845,3,3,median,-0.008635264411642614,0.00014961703805462342,0.015642718291033125,2.7285826013510214e-07,0.01565204633486001,-9.055185566753804e-06,0.015642991149293257,0.0,0.01565204633486001,-9.055185566753804e-06
fold-002,evaluation,xgboost,xgboost,3,19,0.01565204633486001,0.0006926591979757188,0,3,continuous,-0.007808705377858061,0.511679746620433,0.015642718291033125,9.328043826888907e-06,0.01565204633486001,,,,,
fold-003,calibration,dlinear,expected,3,19,0.0157751913247463,0.0006891446529187789,3,3,median,0.0048059824226953955,0.2087427802335108,0.015642718291033125,0.000132473033713178,0.01566420414152131,0.00011098718322498872,0.0157751913247463,0.0,0.01566420414152131,0.00011098718322498872
fold-003,calibration,dlinear,klpo_exact,3,19,0.0157751913247463,0.0006891446529187789,3,3,median,0.0048059824226953955,0.2087427802335108,0.015642718291033125,0.000132473033713178,0.01566420414152131,0.00011098718322498872,0.0157751913247463,0.0,0.01566420414152131,0.00011098718322498872
fold-003,calibration,dlinear,klpo_full,3,19,0.0157751913247463,0.0006891446529187789,3,3,median,0.0048059824226953955,0.2087427802335108,0.015642718291033125,0.000132473033713178,0.01566420414152131,0.00011098718322498872,0.0157751913247463,0.0,0.01566420414152131,0.00011098718322498872
fold-003,calibration,dlinear,klpo_mc,3,19,0.0157751913247463,0.0006891446529187789,3,3,median,0.0048059824226953955,0.2087427802335108,0.015642718291033125,0.000132473033713178,0.01566420414152131,0.00011098718322498872,0.0157751913247463,0.0,0.01566420414152131,0.00011098718322498872
fold-003,calibration,dlinear,mae,3,19,0.0157751913247463,0.0006891446529187789,3,3,median,0.0048059824226953955,0.2087427802335108,0.015642718291033125,0.000132473033713178,0.01566420414152131,0.00011098718322498872,0.0157751913247463,0.0,0.01566420414152131,0.00011098718322498872
fold-003,calibration,dlinear,neural_mae,3,19,0.015635013817095516,0.0006917990671582852,0,3,median,-0.0032320114837619315,0.011851398832457333,0.015642718291033125,-7.704473937606273e-06,0.01566420414152131,-2.9190324425795558e-05,0.0157751913247463,-0.00014017750765078427,0.01567838627925829,-4.337246216277428e-05
fold-003,calibration,dlinear,neural_mse,3,19,0.01564789742838386,0.0006919872496535935,0,3,median,-0.004527921513905968,0.002356314165207988,0.015642718291033125,5.179137350734114e-06,0.01566420414152131,-1.6306713137455168e-05,0.0157751913247463,-0.00012729389636244388,0.015633618744469335,1.4278683914522025e-05
fold-003,calibration,dlinear,reference,3,19,0.01585514791978719,0.0006930665060049041,0,3,continuous,0.014901487766620326,0.528906764742816,0.015642718291033125,0.00021242962875406746,0.01585514791978719,,,,,
fold-003,calibration,dlinear,reference_mae,3,19,0.01575570556870812,0.0006916483057971649,0,0,continuous,0.015248937388963284,0.5244094332536986,0.015642718291033125,0.00011298727767499791,0.01585514791978719,-9.94423510790698e-05,,,,
fold-003,calibration,dlinear,reference_mse,3,19,0.01581879992197679,0.000691729960609152,2,0,continuous,0.018167312849339253,0.5289422985666494,0.015642718291033125,0.0001760816309436681,0.01585514791978719,-3.634799781039962e-05,,,,
fold-003,calibration,dlinear,reinforce,3,19,0.0157751913247463,0.0006891446529187789,3,3,median,0.0048059824226953955,0.2087427802335108,0.015642718291033125,0.000132473033713178,0.01566420414152131,0.00011098718322498872,0.0157751913247463,0.0,0.01566420414152131,0.00011098718322498872
fold-003,calibration,gru,expected,3,19,0.016160427994597635,0.0007025257740685909,3,3,median,0.004313375402980549,0.21473117419654378,0.015642718291033125,0.000517709703564513,0.016011755250370185,0.00014867274422745058,0.016160427994597635,0.0,0.016011755250370185,0.00014867274422745058
fold-003,calibration,gru,klpo_exact,3,19,0.016160427994597635,0.0007025257740685909,3,3,median,0.004313375402980549,0.21473117419654378,0.015642718291033125,0.000517709703564513,0.016011755250370185,0.00014867274422745058,0.016160427994597635,0.0,0.016011755250370185,0.00014867274422745058
fold-003,calibration,gru,klpo_full,3,19,0.016160427994597635,0.0007025257740685909,3,3,median,0.004313375402980549,0.21473117419654378,0.015642718291033125,0.000517709703564513,0.016011755250370185,0.00014867274422745058,0.016160427994597635,0.0,0.016011755250370185,0.00014867274422745058
fold-003,calibration,gru,klpo_mc,3,19,0.016160427994597635,0.0007025257740685909,3,3,median,0.004313375402980549,0.21473117419654378,0.015642718291033125,0.000517709703564513,0.016011755250370185,0.00014867274422745058,0.016160427994597635,0.0,0.016011755250370185,0.00014867274422745058
fold-003,calibration,gru,mae,3,19,0.016160427994597635,0.0007025257740685909,3,3,median,0.004313375402980549,0.21473117419654378,0.015642718291033125,0.000517709703564513,0.016011755250370185,0.00014867274422745058,0.016160427994597635,0.0,0.016011755250370185,0.00014867274422745058
fold-003,calibration,gru,neural_mae,3,19,0.01566174752614761,0.000692549507576294,0,3,median,-0.010143504147648632,0.0036249421230503593,0.015642718291033125,1.9029235114485166e-05,0.016011755250370185,-0.00035000772422257714,0.016160427994597635,-0.0004986804684500277,0.01571468080295258,-5.29332768049764e-05
fold-003,calibration,gru,neural_mse,3,19,0.0156523294627789,0.0006917482055230657,0,3,median,-0.0007349250203951416,0.008133806248890721,0.015642718291033125,9.611171745778613e-06,0.016011755250370185,-0.0003594257875912837,0.016160427994597635,-0.0005080985318187342,0.015709740057828363,-5.7410595049460885e-05
fold-003,calibration,gru,reference,3,19,0.015940757410089473,0.0006936518027691683,0,3,continuous,0.002460526918411773,0.5217220146102554,0.015642718291033125,0.0002980391190563447,0.015940757410089473,,,,,
fold-003,calibration,gru,reference_mae,3,19,0.015861797224671303,0.0006934943652922935,0,0,continuous,0.0024566866246427924,0.5171072233933908,0.015642718291033125,0.00021907893363817647,0.015940757410089473,-7.896018541816794e-05,,,,
fold-003,calibration,gru,reference_mse,3,19,0.015874815665558383,0.0006923841331408106,0,0,continuous,0.005196190225230451,0.5190484260623754,0.015642718291033125,0.0002320973745252604,0.015940757410089473,-6.5941744531084e-05,,,,
fold-003,calibration,gru,reinforce,3,19,0.016160427994597635,0.0007025257740685909,3,3,median,0.004313375402980549,0.21473117419654378,0.015642718291033125,0.000517709703564513,0.016011755250370185,0.00014867274422745058,0.016160427994597635,0.0,0.016011755250370185,0.00014867274422745058
fold-003,calibration,lstm,expected,3,19,0.01624742157088603,0.0007064864363526928,1,3,median,0.0045378619776386365,0.2481597319245826,0.015642718291033125,0.0006047032798529037,0.015867839936508213,0.0003795816343778161,0.015962775982475506,0.0002846455884105207,0.016155476424301866,9.194514658416164e-05
fold-003,calibration,lstm,klpo_exact,3,19,0.015962775982475506,0.0007004483778725717,3,3,median,-0.002606520296530398,0.19593246173923284,0.015642718291033125,0.000320057691442383,0.015867839936508213,9.493604596729536e-05,0.015962775982475506,0.0,0.015867839936508213,9.493604596729536e-05
fold-003,calibration,lstm,klpo_full,3,19,0.015962775982475506,0.0007004483778725717,3,3,median,-0.002606520296530398,0.19593246173923284,0.015642718291033125,0.000320057691442383,0.015867839936508213,9.493604596729536e-05,0.015962775982475506,0.0,0.015867839936508213,9.493604596729536e-05
fold-003,calibration,lstm,klpo_mc,3,19,0.015962775982475506,0.0007004483778725717,3,3,median,-0.002606520296530398,0.19593246173923284,0.015642718291033125,0.000320057691442383,0.015867839936508213,9.493604596729536e-05,0.015962775982475506,0.0,0.015867839936508213,9.493604596729536e-05
fold-003,calibration,lstm,mae,3,19,0.016192664739934096,0.0007062512392433754,1,3,median,0.004740053708440636,0.24702609460031452,0.015642718291033125,0.0005499464489009748,0.015867839936508213,0.0003248248034258871,0.015962775982475506,0.00022988875745859173,0.016100776953993073,9.188778594102646e-05
fold-003,calibration,lstm,neural_mae,3,19,0.0157592510330212,0.0006964560853856697,0,3,median,-0.0009207717814366277,0.0721839460323107,0.015642718291033125,0.00011653274198807804,0.015867839936508213,-0.00010858890348700964,0.015962775982475506,-0.00020352494945430498,0.01572692032944557,3.233070357563307e-05
fold-003,calibration,lstm,neural_mse,3,19,0.0157406218864398,0.0006936505068930447,0,3,median,-0.0015273748595535698,0.052780847391951276,0.015642718291033125,9.79035954066776e-05,0.015867839936508213,-0.00012721805006841007,0.015962775982475506,-0.00022215409603570542,0.015709660906596926,3.096097984287507e-05
fold-003,calibration,lstm,reference,3,19,0.015944558271186487,0.0007001891336071714,0,3,continuous,0.005667385631782751,0.512029940483275,0.015642718291033125,0.0003018399801533648,0.015944558271186487,,,,,
fold-003,calibration,lstm,reference_mae,3,19,0.015924387983669058,0.0006997862449837575,2,0,continuous,0.003065235355424387,0.5100262320226733,0.015642718291033125,0.0002816696926359343,0.015944558271186487,-2.0170287517430645e-05,,,,
fold-003,calibration,lstm,reference_mse,3,19,0.015944558271186487,0.0007001891336071714,3,0,continuous,0.005667385631782751,0.512029940483275,0.015642718291033125,0.0003018399801533649,0.015944558271186487,0.0,,,,
fold-003,calibration,lstm,reinforce,3,19,0.016098499952285558,0.0007029465042986409,2,3,median,0.0026400722107614155,0.21914491128629368,0.015642718291033125,0.00045578166125243203,0.015867839936508213,0.00023066001577734437,0.015962775982475506,0.00013572396981004903,0.01599623780971556,0.0001022621425699961
fold-003,calibration,ridge,expected,3,19,0.027263272417370265,0.0013139926512569613,0,3,median,0.029705974257930118,0.4558527864402146,0.015642718291033125,0.011620554126337142,0.029460326438945444,-0.002197054021575178,0.029075923066227832,-0.0018126506488575645,0.027362961095447086,-9.968867807682011e-05
fold-003,calibration,ridge,klpo_exact,3,19,0.016684025512924833,0.000728084717282179,0,3,median,0.005771532489817095,0.3143404641708499,0.015642718291033125,0.0010413072218917088,0.029460326438945444,-0.012776300926020612,0.029075923066227832,-0.012391897553302996,0.016577234315271975,0.0001067911976528568
fold-003,calibration,ridge,klpo_full,3,19,0.01755593992997191,0.0007704486813520073,0,0,median,0.006129365709631643,0.33721531530413,0.015642718291033125,0.001913221638938792,0.029460326438945444,-0.011904386508973528,0.029075923066227832,-0.011519983136255912,0.017471795468246436,8.414446172547903e-05
fold-003,calibration,ridge,klpo_mc,3,19,0.017593660287384627,0.0007699887948802937,0,0,median,0.005859633563711098,0.34232842241298256,0.015642718291033125,0.0019509419963515064,0.029460326438945444,-0.011866666151560812,0.029075923066227832,-0.011482262778843198,0.017513207532313214,8.04527550714116e-05
fold-003,calibration,ridge,mae,3,19,0.025999076028216883,0.0012228157150998438,0,3,median,0.030950041155837243,0.45808556940531225,0.015642718291033125,0.01035635773718376,0.029460326438945444,-0.00346125041072856,0.029075923066227832,-0.0030768470380109466,0.0260206461571403,-2.157012892341662e-05
fold-003,calibration,ridge,reinforce,3,19,0.0272144322228083,0.0013157114824455397,0,3,median,0.03381600550973548,0.4616112789012534,0.015642718291033125,0.011571713931775173,0.029460326438945444,-0.002245894216137145,0.029075923066227832,-0.0018614908434195316,0.02734807132988793,-0.00013363910707962944
fold-003,calibration,ridge,ridge,1,19,0.029460326438945444,0.0015329529776311203,0,0,continuous,0.03583824379525174,0.505931649897802,0.015642718291033125,0.013817608147912318,0.029460326438945444,,,,,
fold-003,calibration,rnn,expected,3,19,0.016212195981467555,0.0007064349881591674,3,3,median,0.00020535421900100322,0.15745265632268204,0.015642718291033125,0.000569477690434432,0.016171707205057683,4.048877640987379e-05,0.016212195981467555,0.0,0.016171707205057683,4.048877640987379e-05
fold-003,calibration,rnn,klpo_exact,3,19,0.016212195981467555,0.0007064349881591674,3,3,median,0.00020535421900100322,0.15745265632268204,0.015642718291033125,0.000569477690434432,0.016171707205057683,4.048877640987379e-05,0.016212195981467555,0.0,0.016171707205057683,4.048877640987379e-05
fold-003,calibration,rnn,klpo_full,3,19,0.016212195981467555,0.0007064349881591674,3,3,median,0.00020535421900100322,0.15745265632268204,0.015642718291033125,0.000569477690434432,0.016171707205057683,4.048877640987379e-05,0.016212195981467555,0.0,0.016171707205057683,4.048877640987379e-05
fold-003,calibration,rnn,klpo_mc,3,19,0.016212195981467555,0.0007064349881591674,3,3,median,0.00020535421900100322,0.15745265632268204,0.015642718291033125,0.000569477690434432,0.016171707205057683,4.048877640987379e-05,0.016212195981467555,0.0,0.016171707205057683,4.048877640987379e-05
fold-003,calibration,rnn,mae,3,19,0.016212195981467555,0.0007064349881591674,3,3,median,0.00020535421900100322,0.15745265632268204,0.015642718291033125,0.000569477690434432,0.016171707205057683,4.048877640987379e-05,0.016212195981467555,0.0,0.016171707205057683,4.048877640987379e-05
fold-003,calibration,rnn,neural_mae,3,19,0.01569430838025096,0.0006932175542731011,0,3,median,0.011000389598435162,0.012604386206653266,0.015642718291033125,5.159008921783645e-05,0.016171707205057683,-0.00047739882480672175,0.016212195981467555,-0.0005178876012165956,0.015714614673664126,-2.0306293413166202e-05
fold-003,calibration,rnn,neural_mse,3,19,0.015656153809605857,0.0006922198730424303,0,3,median,-0.0013795571295798668,0.00453900256176432,0.015642718291033125,1.3435518572731412e-05,0.016171707205057683,-0.0005155533954518269,0.016212195981467555,-0.0005560421718617006,0.015685771944205593,-2.9618134599741427e-05
fold-003,calibration,rnn,reference,3,19,0.0159115276357327,0.0006933601717404946,0,3,continuous,0.004228429316317012,0.520561168180037,0.015642718291033125,0.0002688093446995817,0.0159115276357327,,,,,
fold-003,calibration,rnn,reference_mae,3,19,0.015809666256397542,0.0006923944357502342,0,0,continuous,0.0062757263146074145,0.5171075426511608,0.015642718291033125,0.00016694796536441476,0.0159115276357327,-0.00010186137933516714,,,,
fold-003,calibration,rnn,reference_mse,3,19,0.0159115276357327,0.0006933601717404946,3,0,continuous,0.004228429316317012,0.520561168180037,0.015642718291033125,0.0002688093446995819,0.0159115276357327,0.0,,,,
fold-003,calibration,rnn,reinforce,3,19,0.016212195981467555,0.0007064349881591674,3,3,median,0.00020535421900100322,0.15745265632268204,0.015642718291033125,0.000569477690434432,0.016171707205057683,4.048877640987379e-05,0.016212195981467555,0.0,0.016171707205057683,4.048877640987379e-05
fold-003,calibration,xgboost,expected,3,19,0.015643025008466593,0.0006919157940746867,3,3,median,-0.02665326213983225,9.090082719752749e-05,0.015642718291033125,3.067174334684353e-07,0.015560035433642302,8.298957482428937e-05,0.015643025008466593,0.0,0.015560035433642302,8.298957482428937e-05
fold-003,calibration,xgboost,klpo_exact,3,19,0.015643025008466593,0.0006919157940746867,3,3,median,-0.02665326213983225,9.090082719752749e-05,0.015642718291033125,3.067174334684353e-07,0.015560035433642302,8.298957482428937e-05,0.015643025008466593,0.0,0.015560035433642302,8.298957482428937e-05
fold-003,calibration,xgboost,klpo_full,3,19,0.015643025008466593,0.0006919157940746867,3,3,median,-0.02665326213983225,9.090082719752749e-05,0.015642718291033125,3.067174334684353e-07,0.015560035433642302,8.298957482428937e-05,0.015643025008466593,0.0,0.015560035433642302,8.298957482428937e-05
fold-003,calibration,xgboost,klpo_mc,3,19,0.015643025008466593,0.0006919157940746867,3,3,median,-0.02665326213983225,9.090082719752749e-05,0.015642718291033125,3.067174334684353e-07,0.015560035433642302,8.298957482428937e-05,0.015643025008466593,0.0,0.015560035433642302,8.298957482428937e-05
fold-003,calibration,xgboost,mae,3,19,0.015643025008466593,0.0006919157940746867,3,3,median,-0.02665326213983225,9.090082719752749e-05,0.015642718291033125,3.067174334684353e-07,0.015560035433642302,8.298957482428937e-05,0.015643025008466593,0.0,0.015560035433642302,8.298957482428937e-05
fold-003,calibration,xgboost,reinforce,3,19,0.015643025008466593,0.0006919157940746867,3,3,median,-0.02665326213983225,9.090082719752749e-05,0.015642718291033125,3.067174334684353e-07,0.015560035433642302,8.298957482428937e-05,0.015643025008466593,0.0,0.015560035433642302,8.298957482428937e-05
fold-003,calibration,xgboost,xgboost,3,19,0.015560035433642302,0.0006878120987995834,0,3,continuous,0.016232069038813152,0.5682498875486969,0.015642718291033125,-8.268285739082093e-05,0.015560035433642302,,,,,
fold-003,evaluation,dlinear,expected,3,11,0.016317041695898152,0.0006758361134264714,3,3,median,-0.00961063687159199,0.12085799062635637,0.015069589358504455,0.0012474523373936985,0.01623607574766236,8.09659482357881e-05,0.016317041695898152,0.0,0.01623607574766236,8.09659482357881e-05
fold-003,evaluation,dlinear,klpo_exact,3,11,0.016317041695898152,0.0006758361134264714,3,3,median,-0.00961063687159199,0.12085799062635637,0.015069589358504455,0.0012474523373936985,0.01623607574766236,8.09659482357881e-05,0.016317041695898152,0.0,0.01623607574766236,8.09659482357881e-05
fold-003,evaluation,dlinear,klpo_full,3,11,0.016317041695898152,0.0006758361134264714,3,3,median,-0.00961063687159199,0.12085799062635637,0.015069589358504455,0.0012474523373936985,0.01623607574766236,8.09659482357881e-05,0.016317041695898152,0.0,0.01623607574766236,8.09659482357881e-05
fold-003,evaluation,dlinear,klpo_mc,3,11,0.016317041695898152,0.0006758361134264714,3,3,median,-0.00961063687159199,0.12085799062635637,0.015069589358504455,0.0012474523373936985,0.01623607574766236,8.09659482357881e-05,0.016317041695898152,0.0,0.01623607574766236,8.09659482357881e-05
fold-003,evaluation,dlinear,mae,3,11,0.016317041695898152,0.0006758361134264714,3,3,median,-0.00961063687159199,0.12085799062635637,0.015069589358504455,0.0012474523373936985,0.01623607574766236,8.09659482357881e-05,0.016317041695898152,0.0,0.01623607574766236,8.09659482357881e-05
fold-003,evaluation,dlinear,neural_mae,3,11,0.015256671022087746,0.000616121427361498,0,3,median,-0.00588952529330683,0.02028804322420907,0.015069589358504455,0.00018708166358328987,0.01623607574766236,-0.0009794047255746207,0.016317041695898152,-0.0010603706738104087,0.01536363344246941,-0.00010696242038166167
fold-003,evaluation,dlinear,neural_mse,3,11,0.015127052074267601,0.0006072523504864657,0,3,median,0.0007105603919679285,0.0053734335910822885,0.015069589358504455,5.746271576314643e-05,0.01623607574766236,-0.001109023673394764,0.016317041695898152,-0.0011899896216305522,0.015250318893041957,-0.00012326681877435563
fold-003,evaluation,dlinear,reference,3,11,0.016585136257915547,0.0006797761063095099,0,3,continuous,0.01054853027155239,0.46956632087147004,0.015069589358504455,0.0015155468994110953,0.016585136257915547,,,,,
fold-003,evaluation,dlinear,reference_mae,3,11,0.01603049100573437,0.0006555878296167448,0,0,continuous,-0.002177556289806438,0.4617113523430132,0.015069589358504455,0.0009609016472299145,0.016585136257915547,-0.0005546452521811803,,,,
fold-003,evaluation,dlinear,reference_mse,3,11,0.01646244273479566,0.0006750303879058239,2,0,continuous,0.019623167260347827,0.46788747918954776,0.015069589358504455,0.0013928533762912053,0.016585136257915547,-0.00012269352311988953,,,,
fold-003,evaluation,dlinear,reinforce,3,11,0.016317041695898152,0.0006758361134264714,3,3,median,-0.00961063687159199,0.12085799062635637,0.015069589358504455,0.0012474523373936985,0.01623607574766236,8.09659482357881e-05,0.016317041695898152,0.0,0.01623607574766236,8.09659482357881e-05
fold-003,evaluation,gru,expected,3,11,0.01598857939318696,0.0006464980425684387,3,3,median,0.013819456163174905,0.13570787109384452,0.015069589358504455,0.0009189900346825087,0.01584760879337667,0.00014097059981029301,0.01598857939318696,0.0,0.01584760879337667,0.00014097059981029301
fold-003,evaluation,gru,klpo_exact,3,11,0.01598857939318696,0.0006464980425684387,3,3,median,0.013819456163174905,0.13570787109384452,0.015069589358504455,0.0009189900346825087,0.01584760879337667,0.00014097059981029301,0.01598857939318696,0.0,0.01584760879337667,0.00014097059981029301
fold-003,evaluation,gru,klpo_full,3,11,0.01598857939318696,0.0006464980425684387,3,3,median,0.013819456163174905,0.13570787109384452,0.015069589358504455,0.0009189900346825087,0.01584760879337667,0.00014097059981029301,0.01598857939318696,0.0,0.01584760879337667,0.00014097059981029301
fold-003,evaluation,gru,klpo_mc,3,11,0.01598857939318696,0.0006464980425684387,3,3,median,0.013819456163174905,0.13570787109384452,0.015069589358504455,0.0009189900346825087,0.01584760879337667,0.00014097059981029301,0.01598857939318696,0.0,0.01584760879337667,0.00014097059981029301
fold-003,evaluation,gru,mae,3,11,0.01598857939318696,0.0006464980425684387,3,3,median,0.013819456163174905,0.13570787109384452,0.015069589358504455,0.0009189900346825087,0.01584760879337667,0.00014097059981029301,0.01598857939318696,0.0,0.01584760879337667,0.00014097059981029301
fold-003,evaluation,gru,neural_mae,3,11,0.015144542685181374,0.0006086987546296123,0,3,median,0.0046082921708444045,0.01352258333330524,0.015069589358504455,7.495332667692028e-05,0.01584760879337667,-0.0007030661081952953,0.01598857939318696,-0.0008440367080055883,0.015199624045378972,-5.508136019759641e-05
fold-003,evaluation,gru,neural_mse,3,11,0.01517031207447097,0.0006091871000280985,0,3,median,-0.004558201541549279,0.014645146859088876,0.015069589358504455,0.0001007227159665153,0.01584760879337667,-0.0006772967189057004,0.01598857939318696,-0.0008182673187159934,0.015336198890674979,-0.00016588681620401019
fold-003,evaluation,gru,reference,3,11,0.01599794078997806,0.00065212531130855,0,3,continuous,0.016451493022329865,0.43762340257063537,0.015069589358504455,0.0009283514314736067,0.01599794078997806,,,,,
fold-003,evaluation,gru,reference_mae,3,11,0.015864796108589093,0.0006464124284974315,0,0,continuous,0.0047370068073139746,0.44175965649959004,0.015069589358504455,0.0007952067500846409,0.01599794078997806,-0.0001331446813889659,,,,
fold-003,evaluation,gru,reference_mse,3,11,0.016016470990433976,0.0006519833829507363,0,0,continuous,0.024708413706366072,0.4340412788251169,0.015069589358504455,0.000946881631929523,0.01599794078997806,1.8530200455916257e-05,,,,
fold-003,evaluation,gru,reinforce,3,11,0.01598857939318696,0.0006464980425684387,3,3,median,0.013819456163174905,0.13570787109384452,0.015069589358504455,0.0009189900346825087,0.01584760879337667,0.00014097059981029301,0.01598857939318696,0.0,0.01584760879337667,0.00014097059981029301
fold-003,evaluation,lstm,expected,3,11,0.016226477384564973,0.0006757298033922455,1,3,median,-0.016293181619181803,0.15288620323019278,0.015069589358504455,0.0011568880260605177,0.016105983688912775,0.00012049369565219724,0.016158533577102206,6.794380746276782e-05,0.016168653896532922,5.7823488032050466e-05
fold-003,evaluation,lstm,klpo_exact,3,11,0.016158533577102206,0.0006711999523600173,3,3,median,0.0062073777189364755,0.13726541225058528,0.015069589358504455,0.0010889442185977498,0.016105983688912775,5.254988818942942e-05,0.016158533577102206,0.0,0.016105983688912775,5.254988818942942e-05
fold-003,evaluation,lstm,klpo_full,3,11,0.016158533577102206,0.0006711999523600173,3,3,median,0.0062073777189364755,0.13726541225058528,0.015069589358504455,0.0010889442185977498,0.016105983688912775,5.254988818942942e-05,0.016158533577102206,0.0,0.016105983688912775,5.254988818942942e-05
fold-003,evaluation,lstm,klpo_mc,3,11,0.016158533577102206,0.0006711999523600173,3,3,median,0.0062073777189364755,0.13726541225058528,0.015069589358504455,0.0010889442185977498,0.016105983688912775,5.254988818942942e-05,0.016158533577102206,0.0,0.016105983688912775,5.254988818942942e-05
fold-003,evaluation,lstm,mae,3,11,0.01625788878922133,0.0006774436517929325,1,3,median,-0.006443856039073655,0.17292925533227835,0.015069589358504455,0.0011882994307168741,0.016105983688912775,0.00015190510030855376,0.016158533577102206,9.935521211912434e-05,0.016188372325561088,6.951646366023921e-05
fold-003,evaluation,lstm,neural_mae,3,11,0.015444602052480529,0.0006284705525696383,0,3,median,-0.018535061846780127,0.047920167646111705,0.015069589358504455,0.0003750126939760734,0.016105983688912775,-0.000661381636432247,0.016158533577102206,-0.0007139315246216765,0.015464705235908243,-2.010318342771589e-05
fold-003,evaluation,lstm,neural_mse,3,11,0.015304421325775957,0.0006158995342719235,0,3,median,-0.0065464282269308725,0.038990399282649954,0.015069589358504455,0.00023483196727150442,0.016105983688912775,-0.0008015623631368161,0.016158533577102206,-0.0008541122513262455,0.015346015258179796,-4.159393240383671e-05
fold-003,evaluation,lstm,reference,3,11,0.015917598972371296,0.000653291774695202,0,3,continuous,0.0012494965705876577,0.4606676719357539,0.015069589358504455,0.0008480096138668397,0.015917598972371296,,,,,
fold-003,evaluation,lstm,reference_mae,3,11,0.015952888393853424,0.0006562857717972557,2,0,continuous,0.0002670911238080312,0.4649533888534605,0.015069589358504455,0.0008832990353489698,0.015917598972371296,3.5289421482130034e-05,,,,
fold-003,evaluation,lstm,reference_mse,3,11,0.015917598972371296,0.000653291774695202,3,0,continuous,0.0012494965705876577,0.4606676719357539,0.015069589358504455,0.0008480096138668397,0.015917598972371296,0.0,,,,
fold-003,evaluation,lstm,reinforce,3,11,0.016177136832531348,0.0006718770002385266,2,3,median,0.004360932665333492,0.13966314022650053,0.015069589358504455,0.0011075474740268939,0.016105983688912775,7.115314361857342e-05,0.016158533577102206,1.860325542914399e-05,0.016127687440994895,4.944939153645337e-05
fold-003,evaluation,ridge,expected,3,11,0.060776475239185695,0.0044631496281297795,0,3,median,0.017042738319213744,0.4696534078376789,0.015069589358504455,0.04570688588068124,0.12096715132854624,-0.060190676089360566,0.06394889060088609,-0.0031724153617003845,0.09324142828906806,-0.03246495304988237
fold-003,evaluation,ridge,klpo_exact,3,11,0.016449973160424177,0.0006739293716887819,0,3,median,-0.010640435846247319,0.27108348839028024,0.015069589358504455,0.0013803838019197242,0.12096715132854624,-0.10451717816812209,0.06394889060088609,-0.047498917440461905,0.01635356332582286,9.640983460131904e-05
fold-003,evaluation,ridge,klpo_full,3,11,0.030736969028504646,0.0015202648140525625,0,0,median,-0.014812295882667553,0.44881443869662957,0.015069589358504455,0.015667379670000193,0.12096715132854624,-0.0902301823000416,0.06394889060088609,-0.03321192157238143,0.0310108794071561,-0.00027391037865145317
fold-003,evaluation,ridge,klpo_mc,3,11,0.030544557129431438,0.0015071548526228381,0,0,median,-0.013448609490092842,0.44685740158424464,0.015069589358504455,0.015474967770926988,0.12096715132854624,-0.0904225941991148,0.06394889060088609,-0.033404333471454634,0.030828607892673863,-0.0002840507632424199
fold-003,evaluation,ridge,mae,3,11,0.059721443674441876,0.004343284570728179,0,3,median,0.030022256811684037,0.4696534078376789,0.015069589358504455,0.04465185431593742,0.12096715132854624,-0.06124570765410438,0.06394889060088609,-0.004227446926444205,0.08696567464201559,-0.02724423096757372
fold-003,evaluation,ridge,reinforce,3,11,0.06091018525699425,0.004479206417753211,0,3,median,0.011911890996229737,0.4695976524921352,0.015069589358504455,0.045840595898489794,0.12096715132854624,-0.060056966071552004,0.06394889060088609,-0.003038705343891827,0.09418526871734854,-0.033275083460354286
fold-003,evaluation,ridge,ridge,1,11,0.12096715132854624,0.01917580021922782,0,0,continuous,0.020636547561073672,0.4696534078376789,0.015069589358504455,0.1058975619700418,0.12096715132854624,,,,,
fold-003,evaluation,rnn,expected,3,11,0.016207983146701823,0.0006664728211369523,3,3,median,0.004941990194602766,0.11622928514653602,0.015069589358504455,0.0011383937881973656,0.01611878386878083,8.919927792098802e-05,0.016207983146701823,0.0,0.01611878386878083,8.919927792098802e-05
fold-003,evaluation,rnn,klpo_exact,3,11,0.016207983146701823,0.0006664728211369523,3,3,median,0.004941990194602766,0.11622928514653602,0.015069589358504455,0.0011383937881973656,0.01611878386878083,8.919927792098802e-05,0.016207983146701823,0.0,0.01611878386878083,8.919927792098802e-05
fold-003,evaluation,rnn,klpo_full,3,11,0.016207983146701823,0.0006664728211369523,3,3,median,0.004941990194602766,0.11622928514653602,0.015069589358504455,0.0011383937881973656,0.01611878386878083,8.919927792098802e-05,0.016207983146701823,0.0,0.01611878386878083,8.919927792098802e-05
fold-003,evaluation,rnn,klpo_mc,3,11,0.016207983146701823,0.0006664728211369523,3,3,median,0.004941990194602766,0.11622928514653602,0.015069589358504455,0.0011383937881973656,0.01611878386878083,8.919927792098802e-05,0.016207983146701823,0.0,0.01611878386878083,8.919927792098802e-05
fold-003,evaluation,rnn,mae,3,11,0.016207983146701823,0.0006664728211369523,3,3,median,0.004941990194602766,0.11622928514653602,0.015069589358504455,0.0011383937881973656,0.01611878386878083,8.919927792098802e-05,0.016207983146701823,0.0,0.01611878386878083,8.919927792098802e-05
fold-003,evaluation,rnn,neural_mae,3,11,0.015085347361143147,0.0006054798509406441,0,3,median,-0.004746856122248303,0.0019223592937278962,0.015069589358504455,1.5758002638690116e-05,0.01611878386878083,-0.0010334365076376873,0.016207983146701823,-0.0011226357855586755,0.015274439226068666,-0.00018909186492552306
fold-003,evaluation,rnn,neural_mse,3,11,0.015084036040530761,0.000605236449392202,0,3,median,0.0007263013133215927,0.002177186167487993,0.015069589358504455,1.4446682026308092e-05,0.01611878386878083,-0.0010347478282500694,0.016207983146701823,-0.0011239471061710573,0.015202234233718366,-0.00011819819318760377
fold-003,evaluation,rnn,reference,3,11,0.016009610766448464,0.0006504000618420774,0,3,continuous,0.015361896892461091,0.4625970803487411,0.015069589358504455,0.0009400214079440087,0.016009610766448464,,,,,
fold-003,evaluation,rnn,reference_mae,3,11,0.01573636454274375,0.0006400412219775294,0,0,continuous,0.005415481124551281,0.465914127349732,0.015069589358504455,0.0006667751842392947,0.016009610766448464,-0.00027324622370471403,,,,
fold-003,evaluation,rnn,reference_mse,3,11,0.016009610766448464,0.0006504000618420774,3,0,continuous,0.015361896892461091,0.4625970803487411,0.015069589358504455,0.0009400214079440087,0.016009610766448464,0.0,,,,
fold-003,evaluation,rnn,reinforce,3,11,0.016207983146701823,0.0006664728211369523,3,3,median,0.004941990194602766,0.11622928514653602,0.015069589358504455,0.0011383937881973656,0.01611878386878083,8.919927792098802e-05,0.016207983146701823,0.0,0.01611878386878083,8.919927792098802e-05
fold-003,evaluation,xgboost,expected,3,11,0.01507973616225165,0.0006051161323435391,3,3,median,-0.047410437854147114,0.0011444528008463593,0.015069589358504455,1.0146803747195712e-05,0.015250827586008627,-0.00017109142375697738,0.01507973616225165,0.0,0.015250827586008627,-0.00017109142375697738
fold-003,evaluation,xgboost,klpo_exact,3,11,0.01507973616225165,0.0006051161323435391,3,3,median,-0.047410437854147114,0.0011444528008463593,0.015069589358504455,1.0146803747195712e-05,0.015250827586008627,-0.00017109142375697738,0.01507973616225165,0.0,0.015250827586008627,-0.00017109142375697738
fold-003,evaluation,xgboost,klpo_full,3,11,0.01507973616225165,0.0006051161323435391,3,3,median,-0.047410437854147114,0.0011444528008463593,0.015069589358504455,1.0146803747195712e-05,0.015250827586008627,-0.00017109142375697738,0.01507973616225165,0.0,0.015250827586008627,-0.00017109142375697738
fold-003,evaluation,xgboost,klpo_mc,3,11,0.01507973616225165,0.0006051161323435391,3,3,median,-0.047410437854147114,0.0011444528008463593,0.015069589358504455,1.0146803747195712e-05,0.015250827586008627,-0.00017109142375697738,0.01507973616225165,0.0,0.015250827586008627,-0.00017109142375697738
fold-003,evaluation,xgboost,mae,3,11,0.01507973616225165,0.0006051161323435391,3,3,median,-0.047410437854147114,0.0011444528008463593,0.015069589358504455,1.0146803747195712e-05,0.015250827586008627,-0.00017109142375697738,0.01507973616225165,0.0,0.015250827586008627,-0.00017109142375697738
fold-003,evaluation,xgboost,reinforce,3,11,0.01507973616225165,0.0006051161323435391,3,3,median,-0.047410437854147114,0.0011444528008463593,0.015069589358504455,1.0146803747195712e-05,0.015250827586008627,-0.00017109142375697738,0.01507973616225165,0.0,0.015250827586008627,-0.00017109142375697738
fold-003,evaluation,xgboost,xgboost,3,11,0.015250827586008627,0.0006145979227544784,0,3,continuous,-0.054233255365334514,0.4331366866223057,0.015069589358504455,0.0001812382275041731,0.015250827586008627,,,,,
