fold,partition,family,method,reference,models,block_length,sessions,repetitions,seed,estimate,lower,upper,reason
fold-000,calibration,dlinear,expected,zero,3,1,21,2000,42,0.00038186104082284076,0.0001502663177548692,0.0006285475358038113,
fold-000,calibration,dlinear,expected,parent,3,1,21,2000,42,0.00018094011966880857,-3.052413915257247e-05,0.0003798291327035457,
fold-000,calibration,dlinear,expected,initial_policy,3,1,21,2000,42,0.00013714605582897961,-9.730447533269557e-05,0.0003855306245839052,
fold-000,calibration,dlinear,expected,center,3,1,21,2000,42,7.461202849138107e-05,4.016157781861721e-05,0.00011094488131753944,
fold-000,calibration,dlinear,klpo_exact,zero,3,1,21,2000,42,0.00024471498499386115,3.5713989603259264e-05,0.0004728591795258342,
fold-000,calibration,dlinear,klpo_exact,parent,3,1,21,2000,42,4.379406383982895e-05,-3.9196239549164287e-05,0.00012453781584403995,
fold-000,calibration,dlinear,klpo_exact,initial_policy,3,1,21,2000,42,0.0,0.0,0.0,
fold-000,calibration,dlinear,klpo_exact,center,3,1,21,2000,42,4.379406383982895e-05,-3.9196239549164287e-05,0.00012453781584403995,
fold-000,calibration,dlinear,klpo_full,zero,3,1,21,2000,42,0.00024471498499386115,3.5713989603259264e-05,0.0004728591795258342,
fold-000,calibration,dlinear,klpo_full,parent,3,1,21,2000,42,4.379406383982895e-05,-3.9196239549164287e-05,0.00012453781584403995,
fold-000,calibration,dlinear,klpo_full,initial_policy,3,1,21,2000,42,0.0,0.0,0.0,
fold-000,calibration,dlinear,klpo_full,center,3,1,21,2000,42,4.379406383982895e-05,-3.9196239549164287e-05,0.00012453781584403995,
fold-000,calibration,dlinear,klpo_mc,zero,3,1,21,2000,42,0.00024471498499386115,3.5713989603259264e-05,0.0004728591795258342,
fold-000,calibration,dlinear,klpo_mc,parent,3,1,21,2000,42,4.379406383982895e-05,-3.9196239549164287e-05,0.00012453781584403995,
fold-000,calibration,dlinear,klpo_mc,initial_policy,3,1,21,2000,42,0.0,0.0,0.0,
fold-000,calibration,dlinear,klpo_mc,center,3,1,21,2000,42,4.379406383982895e-05,-3.9196239549164287e-05,0.00012453781584403995,
fold-000,calibration,dlinear,mae,zero,3,1,21,2000,42,0.0003649863610510301,0.00016117248465118066,0.0006026105049888481,
fold-000,calibration,dlinear,mae,parent,3,1,21,2000,42,0.00016406543989699792,-1.2574353145449778e-05,0.0004233103218367658,
fold-000,calibration,dlinear,mae,initial_policy,3,1,21,2000,42,0.00012027137605716895,-4.4841064786559126e-05,0.0003527136255627852,
fold-000,calibration,dlinear,mae,center,3,1,21,2000,42,5.2030119887713053e-05,6.376695214051198e-06,9.764601347711116e-05,
fold-000,calibration,dlinear,neural_mae,zero,3,1,21,2000,42,9.165269362276002e-06,1.2548653220504326e-06,1.8889352237132323e-05,
fold-000,calibration,dlinear,neural_mae,parent,3,1,21,2000,42,-0.0001917556517917562,-0.0004137572520699152,1.3363850036306772e-05,
fold-000,calibration,dlinear,neural_mae,initial_policy,3,1,21,2000,42,-0.00023554971563158515,-0.0004657891103037161,-2.685698598539176e-05,
fold-000,calibration,dlinear,neural_mae,center,3,1,21,2000,42,-1.328411682218253e-05,-9.04527807553518e-05,5.686543780434053e-05,
fold-000,calibration,dlinear,neural_mse,zero,3,1,21,2000,42,6.580355122743624e-06,-2.4224129239365046e-05,3.071677029046576e-05,
fold-000,calibration,dlinear,neural_mse,parent,3,1,21,2000,42,-0.00019434056603128858,-0.00041765412914025046,1.0530532732859837e-05,
fold-000,calibration,dlinear,neural_mse,initial_policy,3,1,21,2000,42,-0.00023813462987111754,-0.0004689547402283088,-2.4786513603837153e-05,
fold-000,calibration,dlinear,neural_mse,center,3,1,21,2000,42,-4.187148982265445e-05,-0.00014648314659334417,5.732757775552003e-05,
fold-000,calibration,dlinear,reference,zero,3,1,21,2000,42,0.00025550058246701644,8.799015443516276e-06,0.0005301059468907632,
fold-000,calibration,dlinear,reference_mae,zero,3,1,21,2000,42,0.00015989786747675695,-0.00010030273391813226,0.00047494015751952756,
fold-000,calibration,dlinear,reference_mae,parent,3,1,21,2000,42,-9.560271499025931e-05,-0.00022821847411160672,4.937180399488941e-05,
fold-000,calibration,dlinear,reference_mse,zero,3,1,21,2000,42,0.00025558194888867565,-1.1024126879396187e-05,0.0005427270289863642,
fold-000,calibration,dlinear,reference_mse,parent,3,1,21,2000,42,8.136642165937347e-08,-3.973361902167478e-05,4.7154348954436144e-05,
fold-000,calibration,dlinear,reinforce,zero,3,1,21,2000,42,0.0003442965220382008,0.00013624045130157465,0.0005748239897379655,
fold-000,calibration,dlinear,reinforce,parent,3,1,21,2000,42,0.00014337560088416862,-2.592743200400293e-05,0.00038321544493741965,
fold-000,calibration,dlinear,reinforce,initial_policy,3,1,21,2000,42,9.958153704433968e-05,-5.870009344908291e-05,0.000311285911642975,
fold-000,calibration,dlinear,reinforce,center,3,1,21,2000,42,5.84328877526982e-05,3.1894827341093197e-06,0.00011336041145890217,
fold-000,calibration,gru,expected,zero,3,1,21,2000,42,0.00034815291503485286,9.832156034475498e-05,0.000655889096400672,
fold-000,calibration,gru,expected,parent,3,1,21,2000,42,0.00010533681596665521,3.0965665865396864e-05,0.0001806136003085116,
fold-000,calibration,gru,expected,initial_policy,3,1,21,2000,42,-2.9280842315903696e-05,-0.00012140681730268112,5.3794053045301875e-05,
fold-000,calibration,gru,expected,center,3,1,21,2000,42,0.00010893971554682693,7.65945749076034e-05,0.00014564905309303529,
fold-000,calibration,gru,klpo_exact,zero,3,1,21,2000,42,0.00037743375735075653,0.00011339638835925424,0.0007336125302405077,
fold-000,calibration,gru,klpo_exact,parent,3,1,21,2000,42,0.0001346176582825589,8.62171298919961e-05,0.00018703761422876112,
fold-000,calibration,gru,klpo_exact,initial_policy,3,1,21,2000,42,0.0,0.0,0.0,
fold-000,calibration,gru,klpo_exact,center,3,1,21,2000,42,0.0001346176582825589,8.62171298919961e-05,0.00018703761422876112,
fold-000,calibration,gru,klpo_full,zero,3,1,21,2000,42,0.00037743375735075653,0.00011339638835925424,0.0007336125302405077,
fold-000,calibration,gru,klpo_full,parent,3,1,21,2000,42,0.0001346176582825589,8.62171298919961e-05,0.00018703761422876112,
fold-000,calibration,gru,klpo_full,initial_policy,3,1,21,2000,42,0.0,0.0,0.0,
fold-000,calibration,gru,klpo_full,center,3,1,21,2000,42,0.0001346176582825589,8.62171298919961e-05,0.00018703761422876112,
fold-000,calibration,gru,klpo_mc,zero,3,1,21,2000,42,0.00037743375735075653,0.00011339638835925424,0.0007336125302405077,
fold-000,calibration,gru,klpo_mc,parent,3,1,21,2000,42,0.0001346176582825589,8.62171298919961e-05,0.00018703761422876112,
fold-000,calibration,gru,klpo_mc,initial_policy,3,1,21,2000,42,0.0,0.0,0.0,
fold-000,calibration,gru,klpo_mc,center,3,1,21,2000,42,0.0001346176582825589,8.62171298919961e-05,0.00018703761422876112,
fold-000,calibration,gru,mae,zero,3,1,21,2000,42,0.0003796018021468758,0.00012889445593377842,0.0006877783766891725,
fold-000,calibration,gru,mae,parent,3,1,21,2000,42,0.00013678570307867818,5.563829642290383e-05,0.0002208181173283488,
fold-000,calibration,gru,mae,initial_policy,3,1,21,2000,42,2.1680447961192556e-06,-9.074977625452962e-05,9.072819410045327e-05,
fold-000,calibration,gru,mae,center,3,1,21,2000,42,0.00011980801335132295,8.86478960640761e-05,0.00015610090956168283,
fold-000,calibration,gru,neural_mae,zero,3,1,21,2000,42,-1.0018397509680626e-05,-3.648249093087252e-05,9.542045847351475e-06,
fold-000,calibration,gru,neural_mae,parent,3,1,21,2000,42,-0.0002528344965778783,-0.0005754808973835052,9.358736751029429e-07,
fold-000,calibration,gru,neural_mae,initial_policy,3,1,21,2000,42,-0.0003874521548604372,-0.0007373239457735428,-0.0001270127422735969,
fold-000,calibration,gru,neural_mae,center,3,1,21,2000,42,-5.8008620233247714e-05,-0.00011355945455667502,-1.144263102757029e-05,
fold-000,calibration,gru,neural_mse,zero,3,1,21,2000,42,1.8628991153188903e-05,6.734661957914342e-06,3.370218680508474e-05,
fold-000,calibration,gru,neural_mse,parent,3,1,21,2000,42,-0.00022418710791500873,-0.0005542963642900128,3.447710874575341e-05,
fold-000,calibration,gru,neural_mse,initial_policy,3,1,21,2000,42,-0.00035880476619756763,-0.0007172941693973511,-9.666669278177048e-05,
fold-000,calibration,gru,neural_mse,center,3,1,21,2000,42,-1.6269805568353068e-05,-5.3986675876309226e-05,2.359036438573121e-05,
fold-000,calibration,gru,reference,zero,3,1,21,2000,42,0.000373752037087852,0.00010073925407932706,0.0006961174124101449,
fold-000,calibration,gru,reference_mae,zero,3,1,21,2000,42,0.00019131425913482972,-2.1356710097342618e-05,0.0004476523403124109,
fold-000,calibration,gru,reference_mae,parent,3,1,21,2000,42,-0.00018243777795302194,-0.0003052943245854247,-7.828186508190718e-05,
fold-000,calibration,gru,reference_mse,zero,3,1,21,2000,42,0.00027181537334902456,3.884939990222776e-05,0.0005372043619142929,
fold-000,calibration,gru,reference_mse,parent,3,1,21,2000,42,-0.0001019366637388271,-0.0001808591851207792,-2.8378494088343293e-05,
fold-000,calibration,gru,reinforce,zero,3,1,21,2000,42,0.00034558993577575814,7.883999740354345e-05,0.0006798241488584448,
fold-000,calibration,gru,reinforce,parent,3,1,21,2000,42,0.0001027738367075605,5.7291858780592324e-05,0.00015372168146038172,
fold-000,calibration,gru,reinforce,initial_policy,3,1,21,2000,42,-3.184382157499841e-05,-7.119028950629672e-05,1.0357604186348905e-05,
fold-000,calibration,gru,reinforce,center,3,1,21,2000,42,0.0001194711160990219,7.596047367838284e-05,0.00016709389930138138,
fold-000,calibration,lstm,expected,zero,3,1,21,2000,42,0.0004563172985610879,7.912930220485811e-05,0.0009019100823210506,
fold-000,calibration,lstm,expected,parent,3,1,21,2000,42,4.2385305906674356e-05,-3.770909029784739e-07,8.189437608578298e-05,
fold-000,calibration,lstm,expected,initial_policy,3,1,21,2000,42,0.0,0.0,0.0,
fold-000,calibration,lstm,expected,center,3,1,21,2000,42,4.2385305906674356e-05,-3.770909029784739e-07,8.189437608578298e-05,
fold-000,calibration,lstm,klpo_exact,zero,3,1,21,2000,42,0.0004563172985610879,7.912930220485811e-05,0.0009019100823210506,
fold-000,calibration,lstm,klpo_exact,parent,3,1,21,2000,42,4.2385305906674356e-05,-3.770909029784739e-07,8.189437608578298e-05,
fold-000,calibration,lstm,klpo_exact,initial_policy,3,1,21,2000,42,0.0,0.0,0.0,
fold-000,calibration,lstm,klpo_exact,center,3,1,21,2000,42,4.2385305906674356e-05,-3.770909029784739e-07,8.189437608578298e-05,
fold-000,calibration,lstm,klpo_full,zero,3,1,21,2000,42,0.0004563172985610879,7.912930220485811e-05,0.0009019100823210506,
fold-000,calibration,lstm,klpo_full,parent,3,1,21,2000,42,4.2385305906674356e-05,-3.770909029784739e-07,8.189437608578298e-05,
fold-000,calibration,lstm,klpo_full,initial_policy,3,1,21,2000,42,0.0,0.0,0.0,
fold-000,calibration,lstm,klpo_full,center,3,1,21,2000,42,4.2385305906674356e-05,-3.770909029784739e-07,8.189437608578298e-05,
fold-000,calibration,lstm,klpo_mc,zero,3,1,21,2000,42,0.0004563172985610879,7.912930220485811e-05,0.0009019100823210506,
fold-000,calibration,lstm,klpo_mc,parent,3,1,21,2000,42,4.2385305906674356e-05,-3.770909029784739e-07,8.189437608578298e-05,
fold-000,calibration,lstm,klpo_mc,initial_policy,3,1,21,2000,42,0.0,0.0,0.0,
fold-000,calibration,lstm,klpo_mc,center,3,1,21,2000,42,4.2385305906674356e-05,-3.770909029784739e-07,8.189437608578298e-05,
fold-000,calibration,lstm,mae,zero,3,1,21,2000,42,0.0004563172985610879,7.912930220485811e-05,0.0009019100823210506,
fold-000,calibration,lstm,mae,parent,3,1,21,2000,42,4.2385305906674356e-05,-3.770909029784739e-07,8.189437608578298e-05,
fold-000,calibration,lstm,mae,initial_policy,3,1,21,2000,42,0.0,0.0,0.0,
fold-000,calibration,lstm,mae,center,3,1,21,2000,42,4.2385305906674356e-05,-3.770909029784739e-07,8.189437608578298e-05,
fold-000,calibration,lstm,neural_mae,zero,3,1,21,2000,42,0.00026377680559460536,7.339354356637607e-05,0.0004957688240368165,
fold-000,calibration,lstm,neural_mae,parent,3,1,21,2000,42,-0.00015015518705980814,-0.00039669725177185515,6.146023934290953e-05,
fold-000,calibration,lstm,neural_mae,initial_policy,3,1,21,2000,42,-0.00019254049296648252,-0.00044671556565647417,1.5722671871120072e-05,
fold-000,calibration,lstm,neural_mae,center,3,1,21,2000,42,6.944246913524446e-05,4.016373168934296e-05,9.534339081723498e-05,
fold-000,calibration,lstm,neural_mse,zero,3,1,21,2000,42,0.00024003653493686063,0.0001237286010307058,0.0003432206280688461,
fold-000,calibration,lstm,neural_mse,parent,3,1,21,2000,42,-0.0001738954577175529,-0.000586903274172796,0.00015381071806244652,
fold-000,calibration,lstm,neural_mse,initial_policy,3,1,21,2000,42,-0.00021628076362422726,-0.0006329210329134767,0.00011570294595067127,
fold-000,calibration,lstm,neural_mse,center,3,1,21,2000,42,4.711129290099642e-05,9.558346648371663e-06,8.77835049878215e-05,
fold-000,calibration,lstm,reference,zero,3,1,21,2000,42,0.0003773219326795943,0.00012028564953129659,0.0006819285094604145,
fold-000,calibration,lstm,reference_mae,zero,3,1,21,2000,42,0.00034959972584408934,9.279961804707538e-05,0.0006543511454204579,
fold-000,calibration,lstm,reference_mae,parent,3,1,21,2000,42,-2.772220683550527e-05,-5.561185198413551e-05,-3.6958272207496135e-06,
fold-000,calibration,lstm,reference_mse,zero,3,1,21,2000,42,0.0003773219326795946,0.00012028564953129692,0.0006819285094604148,
fold-000,calibration,lstm,reference_mse,parent,3,1,21,2000,42,0.0,0.0,0.0,
fold-000,calibration,lstm,reinforce,zero,3,1,21,2000,42,0.0004563172985610879,7.912930220485811e-05,0.0009019100823210506,
fold-000,calibration,lstm,reinforce,parent,3,1,21,2000,42,4.2385305906674356e-05,-3.770909029784739e-07,8.189437608578298e-05,
fold-000,calibration,lstm,reinforce,initial_policy,3,1,21,2000,42,0.0,0.0,0.0,
fold-000,calibration,lstm,reinforce,center,3,1,21,2000,42,4.2385305906674356e-05,-3.770909029784739e-07,8.189437608578298e-05,
fold-000,calibration,ridge,expected,zero,3,1,21,2000,42,0.0213576935197271,0.018126279386262902,0.02466773424260515,
fold-000,calibration,ridge,expected,parent,3,1,21,2000,42,-0.011493515448416555,-0.01353295666086278,-0.00964247100688773,
fold-000,calibration,ridge,expected,initial_policy,3,1,21,2000,42,-0.009704838339724752,-0.010809865967980257,-0.008584876109173863,
fold-000,calibration,ridge,expected,center,3,1,21,2000,42,-0.00027281673693337673,-0.0004844391520106588,-0.00011266889391594762,
fold-000,calibration,ridge,klpo_exact,zero,3,1,21,2000,42,0.0012179517658613022,0.0008015627678971916,0.00161856253459152,
fold-000,calibration,ridge,klpo_exact,parent,3,1,21,2000,42,-0.031633257202282355,-0.03698230955054735,-0.026632463943533163,
fold-000,calibration,ridge,klpo_exact,initial_policy,3,1,21,2000,42,-0.029844580093590558,-0.034278168787761853,-0.02555562215375815,
fold-000,calibration,ridge,klpo_exact,center,3,1,21,2000,42,0.00010690524428669006,8.552780001132797e-05,0.00013049675056674742,
fold-000,calibration,ridge,klpo_full,zero,3,1,21,2000,42,0.0024870626226372837,0.0018671182880566576,0.003138742944361337,
fold-000,calibration,ridge,klpo_full,parent,3,1,21,2000,42,-0.03036414634550638,-0.035259894312592,-0.025741579832159866,
fold-000,calibration,ridge,klpo_full,initial_policy,3,1,21,2000,42,-0.02857546923681457,-0.03264779469871856,-0.02469485634153072,
fold-000,calibration,ridge,klpo_full,center,3,1,21,2000,42,0.00010039027061218607,8.149402816373858e-05,0.00012143300586292385,
fold-000,calibration,ridge,klpo_mc,zero,3,1,21,2000,42,0.0025552078292351795,0.0019767370358484246,0.0031726351069520705,
fold-000,calibration,ridge,klpo_mc,parent,3,1,21,2000,42,-0.03029600113890848,-0.035169995135698774,-0.0257419276105591,
fold-000,calibration,ridge,klpo_mc,initial_policy,3,1,21,2000,42,-0.028507324030216677,-0.03251120114966282,-0.024678940857174717,
fold-000,calibration,ridge,klpo_mc,center,3,1,21,2000,42,0.00010101225148870398,8.362484194456213e-05,0.00011810720332390249,
fold-000,calibration,ridge,mae,zero,3,1,21,2000,42,0.018588209757499315,0.015504040539272828,0.02175169552105235,
fold-000,calibration,ridge,mae,parent,3,1,21,2000,42,-0.014262999210644344,-0.01642324586773951,-0.012186941101308538,
fold-000,calibration,ridge,mae,initial_policy,3,1,21,2000,42,-0.01247432210195254,-0.013786165151445614,-0.011101105284849682,
fold-000,calibration,ridge,mae,center,3,1,21,2000,42,-0.0001163267892651416,-0.00021944068122113853,-2.644342716030864e-05,
fold-000,calibration,ridge,reinforce,zero,3,1,21,2000,42,0.021312675407196145,0.01753776221298161,0.025307844576711872,
fold-000,calibration,ridge,reinforce,parent,3,1,21,2000,42,-0.011538533560947509,-0.012910600923500786,-0.010272734370127365,
fold-000,calibration,ridge,reinforce,initial_policy,3,1,21,2000,42,-0.009749856452255706,-0.010451998101259281,-0.009082384879557884,
fold-000,calibration,ridge,reinforce,center,3,1,21,2000,42,-0.0003423267540220651,-0.0006075336059807203,-0.00012260200978942633,
fold-000,calibration,ridge,ridge,zero,1,1,21,2000,42,0.032851208968143655,0.027917654912899593,0.038111355020106194,
fold-000,calibration,rnn,expected,zero,3,1,21,2000,42,0.000780594390084361,0.00032653271963564403,0.0013348027467781638,
fold-000,calibration,rnn,expected,parent,3,1,21,2000,42,0.0003372873581521325,2.2786571762733525e-05,0.0006759673973571241,
fold-000,calibration,rnn,expected,initial_policy,3,1,21,2000,42,0.00021898534423113567,-0.00014041400079957726,0.0006122239829654852,
fold-000,calibration,rnn,expected,center,3,1,21,2000,42,0.00011176504981627564,8.320380334481962e-05,0.00013886101722819497,
fold-000,calibration,rnn,klpo_exact,zero,3,1,21,2000,42,0.0005616090458532253,0.00017666553453969043,0.0010211386332593189,
fold-000,calibration,rnn,klpo_exact,parent,3,1,21,2000,42,0.00011830201392099682,5.118509027416735e-05,0.00018046525243971994,
fold-000,calibration,rnn,klpo_exact,initial_policy,3,1,21,2000,42,0.0,0.0,0.0,
fold-000,calibration,rnn,klpo_exact,center,3,1,21,2000,42,0.00011830201392099682,5.118509027416735e-05,0.00018046525243971994,
fold-000,calibration,rnn,klpo_full,zero,3,1,21,2000,42,0.0005616090458532253,0.00017666553453969043,0.0010211386332593189,
fold-000,calibration,rnn,klpo_full,parent,3,1,21,2000,42,0.00011830201392099682,5.118509027416735e-05,0.00018046525243971994,
fold-000,calibration,rnn,klpo_full,initial_policy,3,1,21,2000,42,0.0,0.0,0.0,
fold-000,calibration,rnn,klpo_full,center,3,1,21,2000,42,0.00011830201392099682,5.118509027416735e-05,0.00018046525243971994,
fold-000,calibration,rnn,klpo_mc,zero,3,1,21,2000,42,0.0005616090458532253,0.00017666553453969043,0.0010211386332593189,
fold-000,calibration,rnn,klpo_mc,parent,3,1,21,2000,42,0.00011830201392099682,5.118509027416735e-05,0.00018046525243971994,
fold-000,calibration,rnn,klpo_mc,initial_policy,3,1,21,2000,42,0.0,0.0,0.0,
fold-000,calibration,rnn,klpo_mc,center,3,1,21,2000,42,0.00011830201392099682,5.118509027416735e-05,0.00018046525243971994,
fold-000,calibration,rnn,mae,zero,3,1,21,2000,42,0.0006750301588849157,0.0002916226757275008,0.0011476829189066055,
fold-000,calibration,rnn,mae,parent,3,1,21,2000,42,0.0002317231269526872,-1.5647687895118774e-05,0.0004898413503167357,
fold-000,calibration,rnn,mae,initial_policy,3,1,21,2000,42,0.00011342111303169037,-0.00016994737142348593,0.00043180005823808935,
fold-000,calibration,rnn,mae,center,3,1,21,2000,42,0.00010487896601259305,7.131609548353406e-05,0.00013765177156928587,
fold-000,calibration,rnn,neural_mae,zero,3,1,21,2000,42,0.00047903426991010916,0.0002503441009235878,0.0007933177728831544,
fold-000,calibration,rnn,neural_mae,parent,3,1,21,2000,42,3.572723797788065e-05,-0.00015343964173611299,0.00021167343596125432,
fold-000,calibration,rnn,neural_mae,initial_policy,3,1,21,2000,42,-8.257477594311617e-05,-0.0002979158539657231,0.00011910407630783133,
fold-000,calibration,rnn,neural_mae,center,3,1,21,2000,42,0.0001191341863993912,7.220027582336364e-05,0.00016486064051815134,
fold-000,calibration,rnn,neural_mse,zero,3,1,21,2000,42,0.000463107468317476,0.0002014509562257286,0.000803280078907168,
fold-000,calibration,rnn,neural_mse,parent,3,1,21,2000,42,1.9800436385247423e-05,-0.00011335278412957261,0.00014029207463940694,
fold-000,calibration,rnn,neural_mse,initial_policy,3,1,21,2000,42,-9.850157753574939e-05,-0.00023625079698232342,2.845381525470525e-05,
fold-000,calibration,rnn,neural_mse,center,3,1,21,2000,42,7.856207293822543e-05,1.303645697089551e-05,0.00013783399917097132,
fold-000,calibration,rnn,reference,zero,3,1,21,2000,42,0.0004471198034406591,0.00010866690619618038,0.0009112470747786732,
fold-000,calibration,rnn,reference_mae,zero,3,1,21,2000,42,0.0005358162119120177,0.0001335895474397091,0.0010985957255781101,
fold-000,calibration,rnn,reference_mae,parent,3,1,21,2000,42,8.869640847135921e-05,7.65830394667263e-06,0.00019617619287217594,
fold-000,calibration,rnn,reference_mse,zero,3,1,21,2000,42,0.000564787949479603,0.00015568776185695537,0.0011392302704589785,
fold-000,calibration,rnn,reference_mse,parent,3,1,21,2000,42,0.00011766814603894442,2.1284722477750563e-05,0.00023576660812082956,
fold-000,calibration,rnn,reinforce,zero,3,1,21,2000,42,0.0005613658832382412,0.00019702660264183741,0.0010027872686333274,
fold-000,calibration,rnn,reinforce,parent,3,1,21,2000,42,0.00011805885130601262,6.435954760726734e-05,0.00017272367107251056,
fold-000,calibration,rnn,reinforce,initial_policy,3,1,21,2000,42,-2.4316261498419566e-07,-4.0745200221297906e-05,3.889366049661934e-05,
fold-000,calibration,rnn,reinforce,center,3,1,21,2000,42,0.00011167429841074603,5.206724417485387e-05,0.00016537865808672882,
fold-000,calibration,xgboost,expected,zero,3,1,21,2000,42,0.0,0.0,0.0,
fold-000,calibration,xgboost,expected,parent,3,1,21,2000,42,-0.00011174845666500142,-0.000245703527445728,1.6409097688718397e-05,
fold-000,calibration,xgboost,expected,initial_policy,3,1,21,2000,42,0.0,0.0,0.0,
fold-000,calibration,xgboost,expected,center,3,1,21,2000,42,-0.00011174845666500142,-0.000245703527445728,1.6409097688718397e-05,
fold-000,calibration,xgboost,klpo_exact,zero,3,1,21,2000,42,0.0,0.0,0.0,
fold-000,calibration,xgboost,klpo_exact,parent,3,1,21,2000,42,-0.00011174845666500142,-0.000245703527445728,1.6409097688718397e-05,
fold-000,calibration,xgboost,klpo_exact,initial_policy,3,1,21,2000,42,0.0,0.0,0.0,
fold-000,calibration,xgboost,klpo_exact,center,3,1,21,2000,42,-0.00011174845666500142,-0.000245703527445728,1.6409097688718397e-05,
fold-000,calibration,xgboost,klpo_full,zero,3,1,21,2000,42,0.0,0.0,0.0,
fold-000,calibration,xgboost,klpo_full,parent,3,1,21,2000,42,-0.00011174845666500142,-0.000245703527445728,1.6409097688718397e-05,
fold-000,calibration,xgboost,klpo_full,initial_policy,3,1,21,2000,42,0.0,0.0,0.0,
fold-000,calibration,xgboost,klpo_full,center,3,1,21,2000,42,-0.00011174845666500142,-0.000245703527445728,1.6409097688718397e-05,
fold-000,calibration,xgboost,klpo_mc,zero,3,1,21,2000,42,0.0,0.0,0.0,
fold-000,calibration,xgboost,klpo_mc,parent,3,1,21,2000,42,-0.00011174845666500142,-0.000245703527445728,1.6409097688718397e-05,
fold-000,calibration,xgboost,klpo_mc,initial_policy,3,1,21,2000,42,0.0,0.0,0.0,
fold-000,calibration,xgboost,klpo_mc,center,3,1,21,2000,42,-0.00011174845666500142,-0.000245703527445728,1.6409097688718397e-05,
fold-000,calibration,xgboost,mae,zero,3,1,21,2000,42,0.0,0.0,0.0,
fold-000,calibration,xgboost,mae,parent,3,1,21,2000,42,-0.00011174845666500142,-0.000245703527445728,1.6409097688718397e-05,
fold-000,calibration,xgboost,mae,initial_policy,3,1,21,2000,42,0.0,0.0,0.0,
fold-000,calibration,xgboost,mae,center,3,1,21,2000,42,-0.00011174845666500142,-0.000245703527445728,1.6409097688718393e-05,
fold-000,calibration,xgboost,reinforce,zero,3,1,21,2000,42,0.0,0.0,0.0,
fold-000,calibration,xgboost,reinforce,parent,3,1,21,2000,42,-0.00011174845666500142,-0.000245703527445728,1.6409097688718393e-05,
fold-000,calibration,xgboost,reinforce,initial_policy,3,1,21,2000,42,0.0,0.0,0.0,
fold-000,calibration,xgboost,reinforce,center,3,1,21,2000,42,-0.00011174845666500142,-0.000245703527445728,1.64090976887184e-05,
fold-000,calibration,xgboost,xgboost,zero,3,1,21,2000,42,0.00011174845666500142,-1.6409097688718566e-05,0.000245703527445728,
fold-000,calibration,dlinear,expected,zero,3,5,21,2000,42,0.00038186104082284076,0.00025205004605091495,0.0005757821065630324,
fold-000,calibration,dlinear,expected,parent,3,5,21,2000,42,0.00018094011966880857,-4.2112174969031e-05,0.0003645225520295588,
fold-000,calibration,dlinear,expected,initial_policy,3,5,21,2000,42,0.00013714605582897961,-0.00015699951633042623,0.0003709815764035097,
fold-000,calibration,dlinear,expected,center,3,5,21,2000,42,7.461202849138107e-05,5.526184340089434e-05,9.92006133323856e-05,
fold-000,calibration,dlinear,klpo_exact,zero,3,5,21,2000,42,0.00024471498499386115,7.696987392937159e-05,0.0005744994797745976,
fold-000,calibration,dlinear,klpo_exact,parent,3,5,21,2000,42,4.379406383982895e-05,-1.9549141142767618e-05,0.00013783397943737598,
fold-000,calibration,dlinear,klpo_exact,initial_policy,3,5,21,2000,42,0.0,0.0,0.0,
fold-000,calibration,dlinear,klpo_exact,center,3,5,21,2000,42,4.379406383982895e-05,-1.9549141142767618e-05,0.00013783397943737598,
fold-000,calibration,dlinear,klpo_full,zero,3,5,21,2000,42,0.00024471498499386115,7.696987392937159e-05,0.0005744994797745976,
fold-000,calibration,dlinear,klpo_full,parent,3,5,21,2000,42,4.379406383982895e-05,-1.9549141142767618e-05,0.00013783397943737598,
fold-000,calibration,dlinear,klpo_full,initial_policy,3,5,21,2000,42,0.0,0.0,0.0,
fold-000,calibration,dlinear,klpo_full,center,3,5,21,2000,42,4.379406383982895e-05,-1.9549141142767618e-05,0.00013783397943737598,
fold-000,calibration,dlinear,klpo_mc,zero,3,5,21,2000,42,0.00024471498499386115,7.696987392937159e-05,0.0005744994797745976,
fold-000,calibration,dlinear,klpo_mc,parent,3,5,21,2000,42,4.379406383982895e-05,-1.9549141142767618e-05,0.00013783397943737598,
fold-000,calibration,dlinear,klpo_mc,initial_policy,3,5,21,2000,42,0.0,0.0,0.0,
fold-000,calibration,dlinear,klpo_mc,center,3,5,21,2000,42,4.379406383982895e-05,-1.9549141142767618e-05,0.00013783397943737598,
fold-000,calibration,dlinear,mae,zero,3,5,21,2000,42,0.0003649863610510301,0.00024468995490461813,0.0005329500525623254,
fold-000,calibration,dlinear,mae,parent,3,5,21,2000,42,0.00016406543989699792,-3.243970043984655e-06,0.0003239538442198344,
fold-000,calibration,dlinear,mae,initial_policy,3,5,21,2000,42,0.00012027137605716895,-8.093449505661593e-05,0.00026964368754603174,
fold-000,calibration,dlinear,mae,center,3,5,21,2000,42,5.2030119887713053e-05,1.25174990353448e-05,9.941643126446362e-05,
fold-000,calibration,dlinear,neural_mae,zero,3,5,21,2000,42,9.165269362276002e-06,2.9907590836686624e-06,1.944844013923319e-05,
fold-000,calibration,dlinear,neural_mae,parent,3,5,21,2000,42,-0.0001917556517917562,-0.00044673085373489387,-3.152055864742175e-05,
fold-000,calibration,dlinear,neural_mae,initial_policy,3,5,21,2000,42,-0.00023554971563158515,-0.0005614631101079057,-7.007920937388726e-05,
fold-000,calibration,dlinear,neural_mae,center,3,5,21,2000,42,-1.328411682218253e-05,-7.0548270874622e-05,1.3742639137268362e-05,
fold-000,calibration,dlinear,neural_mse,zero,3,5,21,2000,42,6.580355122743624e-06,-1.6931274482831013e-05,2.3374486849469295e-05,
fold-000,calibration,dlinear,neural_mse,parent,3,5,21,2000,42,-0.00019434056603128858,-0.00045619888205227405,-3.4322541972983746e-05,
fold-000,calibration,dlinear,neural_mse,initial_policy,3,5,21,2000,42,-0.00023813462987111754,-0.0005696979225341764,-6.779317713766854e-05,
fold-000,calibration,dlinear,neural_mse,center,3,5,21,2000,42,-4.187148982265445e-05,-0.00010241601679331788,9.938124261737229e-06,
fold-000,calibration,dlinear,reference,zero,3,5,21,2000,42,0.00025550058246701644,9.130726648455027e-05,0.0005581961972629011,
fold-000,calibration,dlinear,reference_mae,zero,3,5,21,2000,42,0.00015989786747675695,8.828714735716378e-06,0.00044375304622020054,
fold-000,calibration,dlinear,reference_mae,parent,3,5,21,2000,42,-9.560271499025931e-05,-0.0002371335269816177,1.8230595409976616e-05,
fold-000,calibration,dlinear,reference_mse,zero,3,5,21,2000,42,0.00025558194888867565,8.880871835599194e-05,0.0005627413546575787,
fold-000,calibration,dlinear,reference_mse,parent,3,5,21,2000,42,8.136642165937347e-08,-3.2754519956400654e-05,2.5171085945220582e-05,
fold-000,calibration,dlinear,reinforce,zero,3,5,21,2000,42,0.0003442965220382008,0.0002380215709171911,0.000511306817749627,
fold-000,calibration,dlinear,reinforce,parent,3,5,21,2000,42,0.00014337560088416862,-1.5837581036581927e-05,0.0003046945223454815,
fold-000,calibration,dlinear,reinforce,initial_policy,3,5,21,2000,42,9.958153704433968e-05,-0.00011124170373960122,0.0002618067038596514,
fold-000,calibration,dlinear,reinforce,center,3,5,21,2000,42,5.84328877526982e-05,1.625385550189999e-05,0.00012325623700605272,
fold-000,calibration,gru,expected,zero,3,5,21,2000,42,0.00034815291503485286,0.00015731113056478602,0.0006548902734179519,
fold-000,calibration,gru,expected,parent,3,5,21,2000,42,0.00010533681596665521,1.2346868476791737e-05,0.0001490778170544845,
fold-000,calibration,gru,expected,initial_policy,3,5,21,2000,42,-2.9280842315903696e-05,-0.0001324806197794391,2.8805786357094423e-05,
fold-000,calibration,gru,expected,center,3,5,21,2000,42,0.00010893971554682693,7.578335900952266e-05,0.0001518265042998052,
fold-000,calibration,gru,klpo_exact,zero,3,5,21,2000,42,0.00037743375735075653,0.00016545404128786407,0.0007484825300803888,
fold-000,calibration,gru,klpo_exact,parent,3,5,21,2000,42,0.0001346176582825589,8.788093917496713e-05,0.00019741638948219726,
fold-000,calibration,gru,klpo_exact,initial_policy,3,5,21,2000,42,0.0,0.0,0.0,
fold-000,calibration,gru,klpo_exact,center,3,5,21,2000,42,0.0001346176582825589,8.788093917496713e-05,0.00019741638948219726,
fold-000,calibration,gru,klpo_full,zero,3,5,21,2000,42,0.00037743375735075653,0.00016545404128786407,0.0007484825300803888,
fold-000,calibration,gru,klpo_full,parent,3,5,21,2000,42,0.0001346176582825589,8.788093917496713e-05,0.00019741638948219726,
fold-000,calibration,gru,klpo_full,initial_policy,3,5,21,2000,42,0.0,0.0,0.0,
fold-000,calibration,gru,klpo_full,center,3,5,21,2000,42,0.0001346176582825589,8.788093917496713e-05,0.00019741638948219726,
fold-000,calibration,gru,klpo_mc,zero,3,5,21,2000,42,0.00037743375735075653,0.00016545404128786407,0.0007484825300803888,
fold-000,calibration,gru,klpo_mc,parent,3,5,21,2000,42,0.0001346176582825589,8.788093917496713e-05,0.00019741638948219726,
fold-000,calibration,gru,klpo_mc,initial_policy,3,5,21,2000,42,0.0,0.0,0.0,
fold-000,calibration,gru,klpo_mc,center,3,5,21,2000,42,0.0001346176582825589,8.788093917496713e-05,0.00019741638948219726,
fold-000,calibration,gru,mae,zero,3,5,21,2000,42,0.0003796018021468758,0.0001837840817257027,0.0006845386317513529,
fold-000,calibration,gru,mae,parent,3,5,21,2000,42,0.00013678570307867818,3.9958949079430076e-05,0.0001823517300900997,
fold-000,calibration,gru,mae,initial_policy,3,5,21,2000,42,2.1680447961192556e-06,-0.00010302016534413316,5.999135943045389e-05,
fold-000,calibration,gru,mae,center,3,5,21,2000,42,0.00011980801335132295,9.306199560521628e-05,0.00015928072489294155,
fold-000,calibration,gru,neural_mae,zero,3,5,21,2000,42,-1.0018397509680626e-05,-2.1903714168274987e-05,1.274685244188905e-05,
fold-000,calibration,gru,neural_mae,parent,3,5,21,2000,42,-0.0002528344965778783,-0.0005607732892030733,-7.928870273544293e-05,
fold-000,calibration,gru,neural_mae,initial_policy,3,5,21,2000,42,-0.0003874521548604372,-0.0007544292072022668,-0.00016975287806395757,
fold-000,calibration,gru,neural_mae,center,3,5,21,2000,42,-5.8008620233247714e-05,-9.598336135029987e-05,-4.0030555260039426e-05,
fold-000,calibration,gru,neural_mse,zero,3,5,21,2000,42,1.8628991153188903e-05,1.013410801633164e-05,3.494648884307728e-05,
fold-000,calibration,gru,neural_mse,parent,3,5,21,2000,42,-0.00022418710791500873,-0.000544879871643782,-3.9916282571340135e-05,
fold-000,calibration,gru,neural_mse,initial_policy,3,5,21,2000,42,-0.00035880476619756763,-0.0007373884749857863,-0.00013221774372038387,
fold-000,calibration,gru,neural_mse,center,3,5,21,2000,42,-1.6269805568353068e-05,-4.846161730753761e-05,1.0684069428175572e-05,
fold-000,calibration,gru,reference,zero,3,5,21,2000,42,0.000373752037087852,0.0002208891732149902,0.0006553091348259288,
fold-000,calibration,gru,reference_mae,zero,3,5,21,2000,42,0.00019131425913482972,8.523616890138914e-05,0.00038275177781531825,
fold-000,calibration,gru,reference_mae,parent,3,5,21,2000,42,-0.00018243777795302194,-0.00031331346723071604,-0.00010496802908996842,
fold-000,calibration,gru,reference_mse,zero,3,5,21,2000,42,0.00027181537334902456,0.0001489003923223529,0.0004679784938667745,
fold-000,calibration,gru,reference_mse,parent,3,5,21,2000,42,-0.0001019366637388271,-0.00020153995433403542,-4.939288716506868e-05,
fold-000,calibration,gru,reinforce,zero,3,5,21,2000,42,0.00034558993577575814,0.00013649893977761278,0.000712458459235249,
fold-000,calibration,gru,reinforce,parent,3,5,21,2000,42,0.0001027738367075605,5.262911720057318e-05,0.00016600039212712376,
fold-000,calibration,gru,reinforce,initial_policy,3,5,21,2000,42,-3.184382157499841e-05,-6.659784899875612e-05,-1.3611169527524218e-05,
fold-000,calibration,gru,reinforce,center,3,5,21,2000,42,0.0001194711160990219,7.30565326873073e-05,0.00018427074525032095,
fold-000,calibration,lstm,expected,zero,3,5,21,2000,42,0.0004563172985610879,0.0001426362427192388,0.0009972929194893997,
fold-000,calibration,lstm,expected,parent,3,5,21,2000,42,4.2385305906674356e-05,1.3629303557516424e-06,6.995429061448938e-05,
fold-000,calibration,lstm,expected,initial_policy,3,5,21,2000,42,0.0,0.0,0.0,
fold-000,calibration,lstm,expected,center,3,5,21,2000,42,4.2385305906674356e-05,1.3629303557516424e-06,6.995429061448938e-05,
fold-000,calibration,lstm,klpo_exact,zero,3,5,21,2000,42,0.0004563172985610879,0.0001426362427192388,0.0009972929194893997,
fold-000,calibration,lstm,klpo_exact,parent,3,5,21,2000,42,4.2385305906674356e-05,1.3629303557516424e-06,6.995429061448938e-05,
fold-000,calibration,lstm,klpo_exact,initial_policy,3,5,21,2000,42,0.0,0.0,0.0,
fold-000,calibration,lstm,klpo_exact,center,3,5,21,2000,42,4.2385305906674356e-05,1.3629303557516424e-06,6.995429061448938e-05,
fold-000,calibration,lstm,klpo_full,zero,3,5,21,2000,42,0.0004563172985610879,0.0001426362427192388,0.0009972929194893997,
fold-000,calibration,lstm,klpo_full,parent,3,5,21,2000,42,4.2385305906674356e-05,1.3629303557516424e-06,6.995429061448938e-05,
fold-000,calibration,lstm,klpo_full,initial_policy,3,5,21,2000,42,0.0,0.0,0.0,
fold-000,calibration,lstm,klpo_full,center,3,5,21,2000,42,4.2385305906674356e-05,1.3629303557516424e-06,6.995429061448938e-05,
fold-000,calibration,lstm,klpo_mc,zero,3,5,21,2000,42,0.0004563172985610879,0.0001426362427192388,0.0009972929194893997,
fold-000,calibration,lstm,klpo_mc,parent,3,5,21,2000,42,4.2385305906674356e-05,1.3629303557516424e-06,6.995429061448938e-05,
fold-000,calibration,lstm,klpo_mc,initial_policy,3,5,21,2000,42,0.0,0.0,0.0,
fold-000,calibration,lstm,klpo_mc,center,3,5,21,2000,42,4.2385305906674356e-05,1.3629303557516424e-06,6.995429061448938e-05,
fold-000,calibration,lstm,mae,zero,3,5,21,2000,42,0.0004563172985610879,0.0001426362427192388,0.0009972929194893997,
fold-000,calibration,lstm,mae,parent,3,5,21,2000,42,4.2385305906674356e-05,1.3629303557516424e-06,6.995429061448938e-05,
fold-000,calibration,lstm,mae,initial_policy,3,5,21,2000,42,0.0,0.0,0.0,
fold-000,calibration,lstm,mae,center,3,5,21,2000,42,4.2385305906674356e-05,1.3629303557516424e-06,6.995429061448938e-05,
fold-000,calibration,lstm,neural_mae,zero,3,5,21,2000,42,0.00026377680559460536,0.00012047827549708083,0.0004948099879380117,
fold-000,calibration,lstm,neural_mae,parent,3,5,21,2000,42,-0.00015015518705980814,-0.00048448754328869975,2.8998998718712486e-05,
fold-000,calibration,lstm,neural_mae,initial_policy,3,5,21,2000,42,-0.00019254049296648252,-0.0005125622785680454,-6.7493024555132385e-06,
fold-000,calibration,lstm,neural_mae,center,3,5,21,2000,42,6.944246913524446e-05,4.01647373154908e-05,9.48896657797687e-05,
fold-000,calibration,lstm,neural_mse,zero,3,5,21,2000,42,0.00024003653493686063,0.0001704590062723571,0.000360984631244722,
fold-000,calibration,lstm,neural_mse,parent,3,5,21,2000,42,-0.0001738954577175529,-0.0006374382393281966,9.380927217935496e-05,
fold-000,calibration,lstm,neural_mse,initial_policy,3,5,21,2000,42,-0.00021628076362422726,-0.0006847575783094834,5.3438976040093e-05,
fold-000,calibration,lstm,neural_mse,center,3,5,21,2000,42,4.711129290099642e-05,1.6094929757297575e-05,8.846493739108125e-05,
fold-000,calibration,lstm,reference,zero,3,5,21,2000,42,0.0003773219326795943,0.0001795263808685369,0.0007454852792424342,
fold-000,calibration,lstm,reference_mae,zero,3,5,21,2000,42,0.00034959972584408934,0.00014295461510881904,0.0007251944987659018,
fold-000,calibration,lstm,reference_mae,parent,3,5,21,2000,42,-2.772220683550527e-05,-5.5057909215111964e-05,-8.84623274259488e-06,
fold-000,calibration,lstm,reference_mse,zero,3,5,21,2000,42,0.0003773219326795946,0.00017952638086853693,0.0007454852792424345,
fold-000,calibration,lstm,reference_mse,parent,3,5,21,2000,42,0.0,0.0,0.0,
fold-000,calibration,lstm,reinforce,zero,3,5,21,2000,42,0.0004563172985610879,0.0001426362427192388,0.0009972929194893997,
fold-000,calibration,lstm,reinforce,parent,3,5,21,2000,42,4.2385305906674356e-05,1.3629303557516424e-06,6.995429061448938e-05,
fold-000,calibration,lstm,reinforce,initial_policy,3,5,21,2000,42,0.0,0.0,0.0,
fold-000,calibration,lstm,reinforce,center,3,5,21,2000,42,4.2385305906674356e-05,1.3629303557516424e-06,6.995429061448938e-05,
fold-000,calibration,ridge,expected,zero,3,5,21,2000,42,0.0213576935197271,0.018338173445140188,0.025584343870944895,
fold-000,calibration,ridge,expected,parent,3,5,21,2000,42,-0.011493515448416555,-0.014422280059611532,-0.008899870740800939,
fold-000,calibration,ridge,expected,initial_policy,3,5,21,2000,42,-0.009704838339724752,-0.011695473515360507,-0.00786294392805397,
fold-000,calibration,ridge,expected,center,3,5,21,2000,42,-0.00027281673693337673,-0.00047506965652230814,-0.0001063499038593264,
fold-000,calibration,ridge,klpo_exact,zero,3,5,21,2000,42,0.0012179517658613022,0.000957662856958474,0.0015995030830770716,
fold-000,calibration,ridge,klpo_exact,parent,3,5,21,2000,42,-0.031633257202282355,-0.03823651209558229,-0.0262835738658367,
fold-000,calibration,ridge,klpo_exact,initial_policy,3,5,21,2000,42,-0.029844580093590558,-0.03542391420363059,-0.02524168552561431,
fold-000,calibration,ridge,klpo_exact,center,3,5,21,2000,42,0.00010690524428669006,9.308143938773958e-05,0.0001354202698568187,
fold-000,calibration,ridge,klpo_full,zero,3,5,21,2000,42,0.0024870626226372837,0.0016543759878082029,0.003632293541965279,
fold-000,calibration,ridge,klpo_full,parent,3,5,21,2000,42,-0.03036414634550638,-0.036117168762272646,-0.025508597958398323,
fold-000,calibration,ridge,klpo_full,initial_policy,3,5,21,2000,42,-0.02857546923681457,-0.033443250980442416,-0.024538864508255688,
fold-000,calibration,ridge,klpo_full,center,3,5,21,2000,42,0.00010039027061218607,6.7235677358111e-05,0.00012868412344932105,
fold-000,calibration,ridge,klpo_mc,zero,3,5,21,2000,42,0.0025552078292351795,0.0017824387907134822,0.0036416368667298465,
fold-000,calibration,ridge,klpo_mc,parent,3,5,21,2000,42,-0.03029600113890848,-0.03610792579484767,-0.02544285305276565,
fold-000,calibration,ridge,klpo_mc,initial_policy,3,5,21,2000,42,-0.028507324030216677,-0.03340068034096566,-0.024436676024782528,
fold-000,calibration,ridge,klpo_mc,center,3,5,21,2000,42,0.00010101225148870398,6.972465028474903e-05,0.00013005038382238006,
fold-000,calibration,ridge,mae,zero,3,5,21,2000,42,0.018588209757499315,0.015799352580444275,0.022699217111339726,
fold-000,calibration,ridge,mae,parent,3,5,21,2000,42,-0.014262999210644344,-0.017369592409390774,-0.011497716376913984,
fold-000,calibration,ridge,mae,initial_policy,3,5,21,2000,42,-0.01247432210195254,-0.014627987352475402,-0.010459486732543965,
fold-000,calibration,ridge,mae,center,3,5,21,2000,42,-0.0001163267892651416,-0.00016878853332954962,-4.973290302356524e-05,
fold-000,calibration,ridge,reinforce,zero,3,5,21,2000,42,0.021312675407196145,0.016761028472610004,0.02723107633881727,
fold-000,calibration,ridge,reinforce,parent,3,5,21,2000,42,-0.011538533560947509,-0.01256263457290382,-0.010502557125683399,
fold-000,calibration,ridge,reinforce,initial_policy,3,5,21,2000,42,-0.009749856452255706,-0.010294930089057831,-0.009090421057234602,
fold-000,calibration,ridge,reinforce,center,3,5,21,2000,42,-0.0003423267540220651,-0.0005798835945289034,-9.84907791347462e-05,
fold-000,calibration,ridge,ridge,zero,1,5,21,2000,42,0.032851208968143655,0.02741586740739145,0.039655343618498796,
fold-000,calibration,rnn,expected,zero,3,5,21,2000,42,0.000780594390084361,0.00044531256529341544,0.0012070888118055612,
fold-000,calibration,rnn,expected,parent,3,5,21,2000,42,0.0003372873581521325,-4.6788737332001756e-05,0.0006561920786562281,
fold-000,calibration,rnn,expected,initial_policy,3,5,21,2000,42,0.00021898534423113567,-0.0001957253070873511,0.0005667578597744777,
fold-000,calibration,rnn,expected,center,3,5,21,2000,42,0.00011176504981627564,7.974099661650779e-05,0.00014075571782411883,
fold-000,calibration,rnn,klpo_exact,zero,3,5,21,2000,42,0.0005616090458532253,0.00023219305036862437,0.0010643855235950145,
fold-000,calibration,rnn,klpo_exact,parent,3,5,21,2000,42,0.00011830201392099682,7.926167672340759e-05,0.00016302601853279217,
fold-000,calibration,rnn,klpo_exact,initial_policy,3,5,21,2000,42,0.0,0.0,0.0,
fold-000,calibration,rnn,klpo_exact,center,3,5,21,2000,42,0.00011830201392099682,7.926167672340759e-05,0.00016302601853279217,
fold-000,calibration,rnn,klpo_full,zero,3,5,21,2000,42,0.0005616090458532253,0.00023219305036862437,0.0010643855235950145,
fold-000,calibration,rnn,klpo_full,parent,3,5,21,2000,42,0.00011830201392099682,7.926167672340759e-05,0.00016302601853279217,
fold-000,calibration,rnn,klpo_full,initial_policy,3,5,21,2000,42,0.0,0.0,0.0,
fold-000,calibration,rnn,klpo_full,center,3,5,21,2000,42,0.00011830201392099682,7.926167672340759e-05,0.00016302601853279217,
fold-000,calibration,rnn,klpo_mc,zero,3,5,21,2000,42,0.0005616090458532253,0.00023219305036862437,0.0010643855235950145,
fold-000,calibration,rnn,klpo_mc,parent,3,5,21,2000,42,0.00011830201392099682,7.926167672340759e-05,0.00016302601853279217,
fold-000,calibration,rnn,klpo_mc,initial_policy,3,5,21,2000,42,0.0,0.0,0.0,
fold-000,calibration,rnn,klpo_mc,center,3,5,21,2000,42,0.00011830201392099682,7.926167672340759e-05,0.00016302601853279217,
fold-000,calibration,rnn,mae,zero,3,5,21,2000,42,0.0006750301588849157,0.00037765533393095696,0.001031706320659503,
fold-000,calibration,rnn,mae,parent,3,5,21,2000,42,0.0002317231269526872,-9.358803085984619e-05,0.0004648201499471954,
fold-000,calibration,rnn,mae,initial_policy,3,5,21,2000,42,0.00011342111303169037,-0.00024090520530251942,0.00037859928412734066,
fold-000,calibration,rnn,mae,center,3,5,21,2000,42,0.00010487896601259305,6.804476434237954e-05,0.00012154338274187102,
fold-000,calibration,rnn,neural_mae,zero,3,5,21,2000,42,0.00047903426991010916,0.000302155332850387,0.0007783052460120991,
fold-000,calibration,rnn,neural_mae,parent,3,5,21,2000,42,3.572723797788065e-05,-0.0001546890331382448,0.00019343675410379754,
fold-000,calibration,rnn,neural_mae,initial_policy,3,5,21,2000,42,-8.257477594311617e-05,-0.0003054624879579718,9.461839801187646e-05,
fold-000,calibration,rnn,neural_mae,center,3,5,21,2000,42,0.0001191341863993912,0.00010235787832922594,0.00014829794288746456,
fold-000,calibration,rnn,neural_mse,zero,3,5,21,2000,42,0.000463107468317476,0.00025094572773657497,0.0008086490453970455,
fold-000,calibration,rnn,neural_mse,parent,3,5,21,2000,42,1.9800436385247423e-05,-0.00011064079446211983,0.00012705129522132722,
fold-000,calibration,rnn,neural_mse,initial_policy,3,5,21,2000,42,-9.850157753574939e-05,-0.00026035854332150246,2.6352025937807723e-05,
fold-000,calibration,rnn,neural_mse,center,3,5,21,2000,42,7.856207293822543e-05,4.0709500083386735e-05,0.00013134690922451579,
fold-000,calibration,rnn,reference,zero,3,5,21,2000,42,0.0004471198034406591,0.00018184291020411343,0.0009098769493094726,
fold-000,calibration,rnn,reference_mae,zero,3,5,21,2000,42,0.0005358162119120177,0.00020344616358958256,0.0011062620172587248,
fold-000,calibration,rnn,reference_mae,parent,3,5,21,2000,42,8.869640847135921e-05,1.528181279263082e-05,0.00020264305598157814,
fold-000,calibration,rnn,reference_mse,zero,3,5,21,2000,42,0.000564787949479603,0.00027273385117728213,0.001106427580462576,
fold-000,calibration,rnn,reference_mse,parent,3,5,21,2000,42,0.00011766814603894442,5.7673999340691763e-05,0.00022759495546996803,
fold-000,calibration,rnn,reinforce,zero,3,5,21,2000,42,0.0005613658832382412,0.0002602278535317651,0.0010279715167709562,
fold-000,calibration,rnn,reinforce,parent,3,5,21,2000,42,0.00011805885130601262,8.069781697955884e-05,0.0001452029815058611,
fold-000,calibration,rnn,reinforce,initial_policy,3,5,21,2000,42,-2.4316261498419566e-07,-4.096352034033761e-05,2.7723256092664756e-05,
fold-000,calibration,rnn,reinforce,center,3,5,21,2000,42,0.00011167429841074603,7.95251240094069e-05,0.00014981876181504122,
fold-000,calibration,xgboost,expected,zero,3,5,21,2000,42,0.0,0.0,0.0,
fold-000,calibration,xgboost,expected,parent,3,5,21,2000,42,-0.00011174845666500142,-0.0002037375981119836,8.861591129119994e-07,
fold-000,calibration,xgboost,expected,initial_policy,3,5,21,2000,42,0.0,0.0,0.0,
fold-000,calibration,xgboost,expected,center,3,5,21,2000,42,-0.00011174845666500142,-0.0002037375981119836,8.861591129119994e-07,
fold-000,calibration,xgboost,klpo_exact,zero,3,5,21,2000,42,0.0,0.0,0.0,
fold-000,calibration,xgboost,klpo_exact,parent,3,5,21,2000,42,-0.00011174845666500142,-0.0002037375981119836,8.861591129119994e-07,
fold-000,calibration,xgboost,klpo_exact,initial_policy,3,5,21,2000,42,0.0,0.0,0.0,
fold-000,calibration,xgboost,klpo_exact,center,3,5,21,2000,42,-0.00011174845666500142,-0.0002037375981119836,8.861591129119994e-07,
fold-000,calibration,xgboost,klpo_full,zero,3,5,21,2000,42,0.0,0.0,0.0,
fold-000,calibration,xgboost,klpo_full,parent,3,5,21,2000,42,-0.00011174845666500142,-0.0002037375981119836,8.861591129119994e-07,
fold-000,calibration,xgboost,klpo_full,initial_policy,3,5,21,2000,42,0.0,0.0,0.0,
fold-000,calibration,xgboost,klpo_full,center,3,5,21,2000,42,-0.00011174845666500142,-0.0002037375981119836,8.861591129119994e-07,
fold-000,calibration,xgboost,klpo_mc,zero,3,5,21,2000,42,0.0,0.0,0.0,
fold-000,calibration,xgboost,klpo_mc,parent,3,5,21,2000,42,-0.00011174845666500142,-0.0002037375981119836,8.861591129119994e-07,
fold-000,calibration,xgboost,klpo_mc,initial_policy,3,5,21,2000,42,0.0,0.0,0.0,
fold-000,calibration,xgboost,klpo_mc,center,3,5,21,2000,42,-0.00011174845666500142,-0.0002037375981119836,8.861591129119994e-07,
fold-000,calibration,xgboost,mae,zero,3,5,21,2000,42,0.0,0.0,0.0,
fold-000,calibration,xgboost,mae,parent,3,5,21,2000,42,-0.00011174845666500142,-0.0002037375981119836,8.861591129119994e-07,
fold-000,calibration,xgboost,mae,initial_policy,3,5,21,2000,42,0.0,0.0,0.0,
fold-000,calibration,xgboost,mae,center,3,5,21,2000,42,-0.00011174845666500142,-0.0002037375981119836,8.86159112912003e-07,
fold-000,calibration,xgboost,reinforce,zero,3,5,21,2000,42,0.0,0.0,0.0,
fold-000,calibration,xgboost,reinforce,parent,3,5,21,2000,42,-0.00011174845666500142,-0.0002037375981119836,8.86159112912003e-07,
fold-000,calibration,xgboost,reinforce,initial_policy,3,5,21,2000,42,0.0,0.0,0.0,
fold-000,calibration,xgboost,reinforce,center,3,5,21,2000,42,-0.00011174845666500142,-0.0002037375981119836,8.861591129120029e-07,
fold-000,calibration,xgboost,xgboost,zero,3,5,21,2000,42,0.00011174845666500142,-8.861591129120797e-07,0.00020373759811198358,
fold-000,calibration,dlinear,expected,zero,3,10,21,2000,42,0.00038186104082284076,0.000291227205210955,0.0005109430316740866,
fold-000,calibration,dlinear,expected,parent,3,10,21,2000,42,0.00018094011966880857,-7.369817339072685e-06,0.0002826754870904371,
fold-000,calibration,dlinear,expected,initial_policy,3,10,21,2000,42,0.00013714605582897961,-0.00010967476632564455,0.0002619101695425394,
fold-000,calibration,dlinear,expected,center,3,10,21,2000,42,7.461202849138107e-05,6.610419515182866e-05,8.830454876205384e-05,
fold-000,calibration,dlinear,klpo_exact,zero,3,10,21,2000,42,0.00024471498499386115,0.00019452783920588784,0.0004871785018044323,
fold-000,calibration,dlinear,klpo_exact,parent,3,10,21,2000,42,4.379406383982895e-05,1.4772272915082925e-05,0.00012357455493455845,
fold-000,calibration,dlinear,klpo_exact,initial_policy,3,10,21,2000,42,0.0,0.0,0.0,
fold-000,calibration,dlinear,klpo_exact,center,3,10,21,2000,42,4.379406383982895e-05,1.4772272915082925e-05,0.00012357455493455845,
fold-000,calibration,dlinear,klpo_full,zero,3,10,21,2000,42,0.00024471498499386115,0.00019452783920588784,0.0004871785018044323,
fold-000,calibration,dlinear,klpo_full,parent,3,10,21,2000,42,4.379406383982895e-05,1.4772272915082925e-05,0.00012357455493455845,
fold-000,calibration,dlinear,klpo_full,initial_policy,3,10,21,2000,42,0.0,0.0,0.0,
fold-000,calibration,dlinear,klpo_full,center,3,10,21,2000,42,4.379406383982895e-05,1.4772272915082925e-05,0.00012357455493455845,
fold-000,calibration,dlinear,klpo_mc,zero,3,10,21,2000,42,0.00024471498499386115,0.00019452783920588784,0.0004871785018044323,
fold-000,calibration,dlinear,klpo_mc,parent,3,10,21,2000,42,4.379406383982895e-05,1.4772272915082925e-05,0.00012357455493455845,
fold-000,calibration,dlinear,klpo_mc,initial_policy,3,10,21,2000,42,0.0,0.0,0.0,
fold-000,calibration,dlinear,klpo_mc,center,3,10,21,2000,42,4.379406383982895e-05,1.4772272915082925e-05,0.00012357455493455845,
fold-000,calibration,dlinear,mae,zero,3,10,21,2000,42,0.0003649863610510301,0.00028413936481802224,0.0005454054118429195,
fold-000,calibration,dlinear,mae,parent,3,10,21,2000,42,0.00016406543989699792,3.521845215407343e-05,0.000254769743915507,
fold-000,calibration,dlinear,mae,initial_policy,3,10,21,2000,42,0.00012027137605716895,-5.489179873243951e-05,0.00016264702832657937,
fold-000,calibration,dlinear,mae,center,3,10,21,2000,42,5.2030119887713053e-05,2.7868587433801335e-05,9.166792279987276e-05,
fold-000,calibration,dlinear,neural_mae,zero,3,10,21,2000,42,9.165269362276002e-06,8.036173454382089e-06,1.9678076555658802e-05,
fold-000,calibration,dlinear,neural_mae,parent,3,10,21,2000,42,-0.0001917556517917562,-0.0003675862177489731,-0.00016936270995114404,
fold-000,calibration,dlinear,neural_mae,initial_policy,3,10,21,2000,42,-0.00023554971563158515,-0.000472737662260403,-0.00018188567560470568,
fold-000,calibration,dlinear,neural_mae,center,3,10,21,2000,42,-1.328411682218253e-05,-6.156423142440185e-05,1.4951949006228495e-05,
fold-000,calibration,dlinear,neural_mse,zero,3,10,21,2000,42,6.580355122743624e-06,-1.05880662918666e-05,1.8336826643340878e-05,
fold-000,calibration,dlinear,neural_mse,parent,3,10,21,2000,42,-0.00019434056603128858,-0.00038936446928708966,-0.00017767297624758484,
fold-000,calibration,dlinear,neural_mse,initial_policy,3,10,21,2000,42,-0.00023813462987111754,-0.0004814076259567645,-0.0001911780524108415,
fold-000,calibration,dlinear,neural_mse,center,3,10,21,2000,42,-4.187148982265445e-05,-8.086355854011516e-05,-6.437467333604868e-07,
fold-000,calibration,dlinear,reference,zero,3,10,21,2000,42,0.00025550058246701644,0.00025111667003607666,0.0005094082663804865,
fold-000,calibration,dlinear,reference_mae,zero,3,10,21,2000,42,0.00015989786747675695,0.00010821349278703853,0.00042107416808847403,
fold-000,calibration,dlinear,reference_mae,parent,3,10,21,2000,42,-9.560271499025931e-05,-0.00020075349222990283,1.510169827517206e-05,
fold-000,calibration,dlinear,reference_mse,zero,3,10,21,2000,42,0.00025558194888867565,0.00024688622403871594,0.0005204358869120789,
fold-000,calibration,dlinear,reference_mse,parent,3,10,21,2000,42,8.136642165937347e-08,-1.277492335901366e-05,2.2004777677710394e-05,
fold-000,calibration,dlinear,reinforce,zero,3,10,21,2000,42,0.0003442965220382008,0.0002820687727501762,0.0005166129738417796,
fold-000,calibration,dlinear,reinforce,parent,3,10,21,2000,42,0.00014337560088416862,1.0164134757855843e-05,0.00022119096564798092,
fold-000,calibration,dlinear,reinforce,initial_policy,3,10,21,2000,42,9.958153704433968e-05,-8.912331780958112e-05,0.00014328258350872655,
fold-000,calibration,dlinear,reinforce,center,3,10,21,2000,42,5.84328877526982e-05,3.8887942844699804e-05,0.00010742167612639543,
fold-000,calibration,gru,expected,zero,3,10,21,2000,42,0.00034815291503485286,0.00016052533311504207,0.0005838209725620525,
fold-000,calibration,gru,expected,parent,3,10,21,2000,42,0.00010533681596665521,1.4545539964262358e-05,0.00011013678727869252,
fold-000,calibration,gru,expected,initial_policy,3,10,21,2000,42,-2.9280842315903696e-05,-0.00013526400372153947,-1.2913494404706778e-06,
fold-000,calibration,gru,expected,center,3,10,21,2000,42,0.00010893971554682693,7.791365642962227e-05,0.00013653430023078764,
fold-000,calibration,gru,klpo_exact,zero,3,10,21,2000,42,0.00037743375735075653,0.00017967493860326385,0.0006728348368269909,
fold-000,calibration,gru,klpo_exact,parent,3,10,21,2000,42,0.0001346176582825589,9.10481595447864e-05,0.00018347567302121265,
fold-000,calibration,gru,klpo_exact,initial_policy,3,10,21,2000,42,0.0,0.0,0.0,
fold-000,calibration,gru,klpo_exact,center,3,10,21,2000,42,0.0001346176582825589,9.10481595447864e-05,0.00018347567302121265,
fold-000,calibration,gru,klpo_full,zero,3,10,21,2000,42,0.00037743375735075653,0.00017967493860326385,0.0006728348368269909,
fold-000,calibration,gru,klpo_full,parent,3,10,21,2000,42,0.0001346176582825589,9.10481595447864e-05,0.00018347567302121265,
fold-000,calibration,gru,klpo_full,initial_policy,3,10,21,2000,42,0.0,0.0,0.0,
fold-000,calibration,gru,klpo_full,center,3,10,21,2000,42,0.0001346176582825589,9.10481595447864e-05,0.00018347567302121265,
fold-000,calibration,gru,klpo_mc,zero,3,10,21,2000,42,0.00037743375735075653,0.00017967493860326385,0.0006728348368269909,
fold-000,calibration,gru,klpo_mc,parent,3,10,21,2000,42,0.0001346176582825589,9.10481595447864e-05,0.00018347567302121265,
fold-000,calibration,gru,klpo_mc,initial_policy,3,10,21,2000,42,0.0,0.0,0.0,
fold-000,calibration,gru,klpo_mc,center,3,10,21,2000,42,0.0001346176582825589,9.10481595447864e-05,0.00018347567302121265,
fold-000,calibration,gru,mae,zero,3,10,21,2000,42,0.0003796018021468758,0.0001856201865216023,0.0006209244573345582,
fold-000,calibration,gru,mae,parent,3,10,21,2000,42,0.00013678570307867818,4.132996009823733e-05,0.00014361006060362944,
fold-000,calibration,gru,mae,initial_policy,3,10,21,2000,42,2.1680447961192556e-06,-0.00010431597282109838,2.343786370026995e-05,
fold-000,calibration,gru,mae,center,3,10,21,2000,42,0.00011980801335132295,9.202588518083416e-05,0.00014454515571229835,
fold-000,calibration,gru,neural_mae,zero,3,10,21,2000,42,-1.0018397509680626e-05,-1.3875814194503375e-05,1.211969454277341e-05,
fold-000,calibration,gru,neural_mae,parent,3,10,21,2000,42,-0.0002528344965778783,-0.0004969209374808653,-8.727331162827806e-05,
fold-000,calibration,gru,neural_mae,initial_policy,3,10,21,2000,42,-0.0003874521548604372,-0.0006703942040104997,-0.00019197994682747544,
fold-000,calibration,gru,neural_mae,center,3,10,21,2000,42,-5.8008620233247714e-05,-8.999014925191776e-05,-4.0910113418335196e-05,
fold-000,calibration,gru,neural_mse,zero,3,10,21,2000,42,1.8628991153188903e-05,1.012412363329864e-05,3.580539204938983e-05,
fold-000,calibration,gru,neural_mse,parent,3,10,21,2000,42,-0.00022418710791500873,-0.00048346439975334606,-5.0827094122607914e-05,
fold-000,calibration,gru,neural_mse,initial_policy,3,10,21,2000,42,-0.00035880476619756763,-0.0006615726803398044,-0.00015492518170561546,
fold-000,calibration,gru,neural_mse,center,3,10,21,2000,42,-1.6269805568353068e-05,-3.9920854346106756e-05,-2.994758300080579e-06,
fold-000,calibration,gru,reference,zero,3,10,21,2000,42,0.000373752037087852,0.00033160858452435947,0.0006069573049400003,
fold-000,calibration,gru,reference_mae,zero,3,10,21,2000,42,0.00019131425913482972,0.00015561708663159996,0.0003572947711352326,
fold-000,calibration,gru,reference_mae,parent,3,10,21,2000,42,-0.00018243777795302194,-0.00026587391128114583,-0.00016698681000545324,
fold-000,calibration,gru,reference_mse,zero,3,10,21,2000,42,0.00027181537334902456,0.0002265831981359938,0.00041231272664461814,
fold-000,calibration,gru,reference_mse,parent,3,10,21,2000,42,-0.0001019366637388271,-0.00020128483651388218,-8.405664143089082e-05,
fold-000,calibration,gru,reinforce,zero,3,10,21,2000,42,0.00034558993577575814,0.00014779561163654723,0.0006311004466739386,
fold-000,calibration,gru,reinforce,parent,3,10,21,2000,42,0.0001027738367075605,5.490894351081726e-05,0.0001356695124103063,
fold-000,calibration,gru,reinforce,initial_policy,3,10,21,2000,42,-3.184382157499841e-05,-6.359751363951309e-05,-2.282897765313679e-05,
fold-000,calibration,gru,reinforce,center,3,10,21,2000,42,0.0001194711160990219,7.650876379423895e-05,0.0001636427605532786,
fold-000,calibration,lstm,expected,zero,3,10,21,2000,42,0.0004563172985610879,0.00044454866261106006,0.0009080364536689021,
fold-000,calibration,lstm,expected,parent,3,10,21,2000,42,4.2385305906674356e-05,2.11635342960134e-05,5.11243745652122e-05,
fold-000,calibration,lstm,expected,initial_policy,3,10,21,2000,42,0.0,0.0,0.0,
fold-000,calibration,lstm,expected,center,3,10,21,2000,42,4.2385305906674356e-05,2.11635342960134e-05,5.11243745652122e-05,
fold-000,calibration,lstm,klpo_exact,zero,3,10,21,2000,42,0.0004563172985610879,0.00044454866261106006,0.0009080364536689021,
fold-000,calibration,lstm,klpo_exact,parent,3,10,21,2000,42,4.2385305906674356e-05,2.11635342960134e-05,5.11243745652122e-05,
fold-000,calibration,lstm,klpo_exact,initial_policy,3,10,21,2000,42,0.0,0.0,0.0,
fold-000,calibration,lstm,klpo_exact,center,3,10,21,2000,42,4.2385305906674356e-05,2.11635342960134e-05,5.11243745652122e-05,
fold-000,calibration,lstm,klpo_full,zero,3,10,21,2000,42,0.0004563172985610879,0.00044454866261106006,0.0009080364536689021,
fold-000,calibration,lstm,klpo_full,parent,3,10,21,2000,42,4.2385305906674356e-05,2.11635342960134e-05,5.11243745652122e-05,
fold-000,calibration,lstm,klpo_full,initial_policy,3,10,21,2000,42,0.0,0.0,0.0,
fold-000,calibration,lstm,klpo_full,center,3,10,21,2000,42,4.2385305906674356e-05,2.11635342960134e-05,5.11243745652122e-05,
fold-000,calibration,lstm,klpo_mc,zero,3,10,21,2000,42,0.0004563172985610879,0.00044454866261106006,0.0009080364536689021,
fold-000,calibration,lstm,klpo_mc,parent,3,10,21,2000,42,4.2385305906674356e-05,2.11635342960134e-05,5.11243745652122e-05,
fold-000,calibration,lstm,klpo_mc,initial_policy,3,10,21,2000,42,0.0,0.0,0.0,
fold-000,calibration,lstm,klpo_mc,center,3,10,21,2000,42,4.2385305906674356e-05,2.11635342960134e-05,5.11243745652122e-05,
fold-000,calibration,lstm,mae,zero,3,10,21,2000,42,0.0004563172985610879,0.00044454866261106006,0.0009080364536689021,
fold-000,calibration,lstm,mae,parent,3,10,21,2000,42,4.2385305906674356e-05,2.11635342960134e-05,5.11243745652122e-05,
fold-000,calibration,lstm,mae,initial_policy,3,10,21,2000,42,0.0,0.0,0.0,
fold-000,calibration,lstm,mae,center,3,10,21,2000,42,4.2385305906674356e-05,2.11635342960134e-05,5.11243745652122e-05,
fold-000,calibration,lstm,neural_mae,zero,3,10,21,2000,42,0.00026377680559460536,0.00022270547075541104,0.00047394559505486154,
fold-000,calibration,lstm,neural_mae,parent,3,10,21,2000,42,-0.00015015518705980814,-0.00042343476792389004,-0.00014536218641557895,
fold-000,calibration,lstm,neural_mae,initial_policy,3,10,21,2000,42,-0.00019254049296648252,-0.00046074104845703594,-0.00018447266697081346,
fold-000,calibration,lstm,neural_mae,center,3,10,21,2000,42,6.944246913524446e-05,4.367673653453647e-05,9.305332534349183e-05,
fold-000,calibration,lstm,neural_mse,zero,3,10,21,2000,42,0.00024003653493686063,0.00021796748270515065,0.00034452072461791376,
fold-000,calibration,lstm,neural_mse,parent,3,10,21,2000,42,-0.0001738954577175529,-0.0005515810908228858,-0.00015288726497182865,
fold-000,calibration,lstm,neural_mse,initial_policy,3,10,21,2000,42,-0.00021628076362422726,-0.000593742104495829,-0.0001919858000484012,
fold-000,calibration,lstm,neural_mse,center,3,10,21,2000,42,4.711129290099642e-05,1.711688759951379e-05,7.721066559383013e-05,
fold-000,calibration,lstm,reference,zero,3,10,21,2000,42,0.0003773219326795943,0.0003313847240465416,0.0007135109831049408,
fold-000,calibration,lstm,reference_mae,zero,3,10,21,2000,42,0.00034959972584408934,0.0003039371776845819,0.000682511804150149,
fold-000,calibration,lstm,reference_mae,parent,3,10,21,2000,42,-2.772220683550527e-05,-4.093932551670123e-05,-8.142589839557079e-06,
fold-000,calibration,lstm,reference_mse,zero,3,10,21,2000,42,0.0003773219326795946,0.00033138472404654163,0.0007135109831049409,
fold-000,calibration,lstm,reference_mse,parent,3,10,21,2000,42,0.0,0.0,0.0,
fold-000,calibration,lstm,reinforce,zero,3,10,21,2000,42,0.0004563172985610879,0.00044454866261106006,0.0009080364536689021,
fold-000,calibration,lstm,reinforce,parent,3,10,21,2000,42,4.2385305906674356e-05,2.11635342960134e-05,5.11243745652122e-05,
fold-000,calibration,lstm,reinforce,initial_policy,3,10,21,2000,42,0.0,0.0,0.0,
fold-000,calibration,lstm,reinforce,center,3,10,21,2000,42,4.2385305906674356e-05,2.11635342960134e-05,5.11243745652122e-05,
fold-000,calibration,ridge,expected,zero,3,10,21,2000,42,0.0213576935197271,0.018725273111851792,0.024556584851954725,
fold-000,calibration,ridge,expected,parent,3,10,21,2000,42,-0.011493515448416555,-0.014373781276012437,-0.008911516175235442,
fold-000,calibration,ridge,expected,initial_policy,3,10,21,2000,42,-0.009704838339724752,-0.011696861598055705,-0.007799488236002173,
fold-000,calibration,ridge,expected,center,3,10,21,2000,42,-0.00027281673693337673,-0.00043391064600511694,-0.00017627998536502509,
fold-000,calibration,ridge,klpo_exact,zero,3,10,21,2000,42,0.0012179517658613022,0.0011315321566315415,0.00156004644164158,
fold-000,calibration,ridge,klpo_exact,parent,3,10,21,2000,42,-0.031633257202282355,-0.03756879477683516,-0.026608830705502604,
fold-000,calibration,ridge,klpo_exact,initial_policy,3,10,21,2000,42,-0.029844580093590558,-0.03484900228369542,-0.02538869210010934,
fold-000,calibration,ridge,klpo_exact,center,3,10,21,2000,42,0.00010690524428669006,9.565756778312769e-05,0.00013152741773731437,
fold-000,calibration,ridge,klpo_full,zero,3,10,21,2000,42,0.0024870626226372837,0.0018798478656417482,0.0035022882125713205,
fold-000,calibration,ridge,klpo_full,parent,3,10,21,2000,42,-0.03036414634550638,-0.035495543568013745,-0.025857250702898467,
fold-000,calibration,ridge,klpo_full,initial_policy,3,10,21,2000,42,-0.02857546923681457,-0.03280534073511601,-0.024725026763666696,
fold-000,calibration,ridge,klpo_full,center,3,10,21,2000,42,0.00010039027061218607,6.747631783151014e-05,0.00012773970758121555,
fold-000,calibration,ridge,klpo_mc,zero,3,10,21,2000,42,0.0025552078292351795,0.0019624714103246978,0.003519993131291534,
fold-000,calibration,ridge,klpo_mc,parent,3,10,21,2000,42,-0.03029600113890848,-0.03544470079767617,-0.025762013809967885,
fold-000,calibration,ridge,klpo_mc,initial_policy,3,10,21,2000,42,-0.028507324030216677,-0.032750839952984404,-0.024625373132327252,
fold-000,calibration,ridge,klpo_mc,center,3,10,21,2000,42,0.00010101225148870398,7.006145010716623e-05,0.00012441628820576852,
fold-000,calibration,ridge,mae,zero,3,10,21,2000,42,0.018588209757499315,0.016211765671688968,0.021711568167252684,
fold-000,calibration,ridge,mae,parent,3,10,21,2000,42,-0.014262999210644344,-0.01731206756351648,-0.011440909181711824,
fold-000,calibration,ridge,mae,initial_policy,3,10,21,2000,42,-0.01247432210195254,-0.01464990967063388,-0.010344988957956668,
fold-000,calibration,ridge,mae,center,3,10,21,2000,42,-0.0001163267892651416,-0.00016836734712332314,-5.5880335428545935e-05,
fold-000,calibration,ridge,reinforce,zero,3,10,21,2000,42,0.021312675407196145,0.016831694836297244,0.02665887659982534,
fold-000,calibration,ridge,reinforce,parent,3,10,21,2000,42,-0.011538533560947509,-0.012332705800591837,-0.010853255793579776,
fold-000,calibration,ridge,reinforce,initial_policy,3,10,21,2000,42,-0.009749856452255706,-0.009900242303987821,-0.009272708000833706,
fold-000,calibration,ridge,reinforce,center,3,10,21,2000,42,-0.0003423267540220651,-0.000561097668889132,-0.00016424631953250584,
fold-000,calibration,ridge,ridge,zero,1,10,21,2000,42,0.032851208968143655,0.02780352265976751,0.03888407401107423,
fold-000,calibration,rnn,expected,zero,3,10,21,2000,42,0.000780594390084361,0.0005282214044040148,0.0011765380017903888,
fold-000,calibration,rnn,expected,parent,3,10,21,2000,42,0.0003372873581521325,1.3798029196429068e-05,0.0005188314116792442,
fold-000,calibration,rnn,expected,initial_policy,3,10,21,2000,42,0.00021898534423113567,-0.00013277351037106476,0.00042023511655722826,
fold-000,calibration,rnn,expected,center,3,10,21,2000,42,0.00011176504981627564,8.43562156839626e-05,0.00011870104084419073,
fold-000,calibration,rnn,klpo_exact,zero,3,10,21,2000,42,0.0005616090458532253,0.0005186177660771006,0.000955964452888376,
fold-000,calibration,rnn,klpo_exact,parent,3,10,21,2000,42,0.00011830201392099682,9.782423113846432e-05,0.00015271619302908713,
fold-000,calibration,rnn,klpo_exact,initial_policy,3,10,21,2000,42,0.0,0.0,0.0,
fold-000,calibration,rnn,klpo_exact,center,3,10,21,2000,42,0.00011830201392099682,9.782423113846432e-05,0.00015271619302908713,
fold-000,calibration,rnn,klpo_full,zero,3,10,21,2000,42,0.0005616090458532253,0.0005186177660771006,0.000955964452888376,
fold-000,calibration,rnn,klpo_full,parent,3,10,21,2000,42,0.00011830201392099682,9.782423113846432e-05,0.00015271619302908713,
fold-000,calibration,rnn,klpo_full,initial_policy,3,10,21,2000,42,0.0,0.0,0.0,
fold-000,calibration,rnn,klpo_full,center,3,10,21,2000,42,0.00011830201392099682,9.782423113846432e-05,0.00015271619302908713,
fold-000,calibration,rnn,klpo_mc,zero,3,10,21,2000,42,0.0005616090458532253,0.0005186177660771006,0.000955964452888376,
fold-000,calibration,rnn,klpo_mc,parent,3,10,21,2000,42,0.00011830201392099682,9.782423113846432e-05,0.00015271619302908713,
fold-000,calibration,rnn,klpo_mc,initial_policy,3,10,21,2000,42,0.0,0.0,0.0,
fold-000,calibration,rnn,klpo_mc,center,3,10,21,2000,42,0.00011830201392099682,9.782423113846432e-05,0.00015271619302908713,
fold-000,calibration,rnn,mae,zero,3,10,21,2000,42,0.0006750301588849157,0.0004912605385725005,0.001016661503562498,
fold-000,calibration,rnn,mae,parent,3,10,21,2000,42,0.0002317231269526872,-4.502372845650942e-05,0.0003447291805669285,
fold-000,calibration,rnn,mae,initial_policy,3,10,21,2000,42,0.00011342111303169037,-0.00019180636570494992,0.0002436566857385119,
fold-000,calibration,rnn,mae,center,3,10,21,2000,42,0.00010487896601259305,7.251581587115599e-05,0.00010832715435563694,
fold-000,calibration,rnn,neural_mae,zero,3,10,21,2000,42,0.00047903426991010916,0.0004560126220702868,0.0007506996118139129,
fold-000,calibration,rnn,neural_mae,parent,3,10,21,2000,42,3.572723797788065e-05,-0.00010622289954297646,6.267635425192148e-05,
fold-000,calibration,rnn,neural_mae,initial_policy,3,10,21,2000,42,-8.257477594311617e-05,-0.0002447611252156556,-6.537551462380142e-05,
fold-000,calibration,rnn,neural_mae,center,3,10,21,2000,42,0.0001191341863993912,0.00010791134398212969,0.000141540905954784,
fold-000,calibration,rnn,neural_mse,zero,3,10,21,2000,42,0.000463107468317476,0.0004380765937915708,0.0007478232630802287,
fold-000,calibration,rnn,neural_mse,parent,3,10,21,2000,42,1.9800436385247423e-05,-9.478615673182629e-05,4.954546749179451e-05,
fold-000,calibration,rnn,neural_mse,initial_policy,3,10,21,2000,42,-9.850157753574939e-05,-0.00021521852494742826,-8.041995593536766e-05,
fold-000,calibration,rnn,neural_mse,center,3,10,21,2000,42,7.856207293822543e-05,6.659906779337117e-05,0.0001204991925198572,
fold-000,calibration,rnn,reference,zero,3,10,21,2000,42,0.0004471198034406591,0.0004098300070631249,0.0008559379680424174,
fold-000,calibration,rnn,reference_mae,zero,3,10,21,2000,42,0.0005358162119120177,0.0004942734142578003,0.0010382975699549145,
fold-000,calibration,rnn,reference_mae,parent,3,10,21,2000,42,8.869640847135921e-05,8.084221832719532e-05,0.00018309288351740376,
fold-000,calibration,rnn,reference_mse,zero,3,10,21,2000,42,0.000564787949479603,0.0005201309163704121,0.0010692264985876618,
fold-000,calibration,rnn,reference_mse,parent,3,10,21,2000,42,0.00011766814603894442,7.159299074668314e-05,0.00021252685263675524,
fold-000,calibration,rnn,reinforce,zero,3,10,21,2000,42,0.0005613658832382412,0.0005220279781879982,0.000933771762814818,
fold-000,calibration,rnn,reinforce,parent,3,10,21,2000,42,0.00011805885130601262,8.288795346778644e-05,0.00014748624827223453,
fold-000,calibration,rnn,reinforce,initial_policy,3,10,21,2000,42,-2.4316261498419566e-07,-3.5952578269491974e-05,6.459791638296917e-06,
fold-000,calibration,rnn,reinforce,center,3,10,21,2000,42,0.00011167429841074603,9.060155559899176e-05,0.000144181055989299,
fold-000,calibration,xgboost,expected,zero,3,10,21,2000,42,0.0,0.0,0.0,
fold-000,calibration,xgboost,expected,parent,3,10,21,2000,42,-0.00011174845666500142,-0.00013789831635708922,-1.6305798044520116e-05,
fold-000,calibration,xgboost,expected,initial_policy,3,10,21,2000,42,0.0,0.0,0.0,
fold-000,calibration,xgboost,expected,center,3,10,21,2000,42,-0.00011174845666500142,-0.00013789831635708922,-1.6305798044520116e-05,
fold-000,calibration,xgboost,klpo_exact,zero,3,10,21,2000,42,0.0,0.0,0.0,
fold-000,calibration,xgboost,klpo_exact,parent,3,10,21,2000,42,-0.00011174845666500142,-0.00013789831635708922,-1.6305798044520116e-05,
fold-000,calibration,xgboost,klpo_exact,initial_policy,3,10,21,2000,42,0.0,0.0,0.0,
fold-000,calibration,xgboost,klpo_exact,center,3,10,21,2000,42,-0.00011174845666500142,-0.00013789831635708922,-1.6305798044520116e-05,
fold-000,calibration,xgboost,klpo_full,zero,3,10,21,2000,42,0.0,0.0,0.0,
fold-000,calibration,xgboost,klpo_full,parent,3,10,21,2000,42,-0.00011174845666500142,-0.00013789831635708922,-1.6305798044520116e-05,
fold-000,calibration,xgboost,klpo_full,initial_policy,3,10,21,2000,42,0.0,0.0,0.0,
fold-000,calibration,xgboost,klpo_full,center,3,10,21,2000,42,-0.00011174845666500142,-0.00013789831635708922,-1.6305798044520116e-05,
fold-000,calibration,xgboost,klpo_mc,zero,3,10,21,2000,42,0.0,0.0,0.0,
fold-000,calibration,xgboost,klpo_mc,parent,3,10,21,2000,42,-0.00011174845666500142,-0.00013789831635708922,-1.6305798044520116e-05,
fold-000,calibration,xgboost,klpo_mc,initial_policy,3,10,21,2000,42,0.0,0.0,0.0,
fold-000,calibration,xgboost,klpo_mc,center,3,10,21,2000,42,-0.00011174845666500142,-0.00013789831635708922,-1.6305798044520116e-05,
fold-000,calibration,xgboost,mae,zero,3,10,21,2000,42,0.0,0.0,0.0,
fold-000,calibration,xgboost,mae,parent,3,10,21,2000,42,-0.00011174845666500142,-0.00013789831635708922,-1.6305798044520116e-05,
fold-000,calibration,xgboost,mae,initial_policy,3,10,21,2000,42,0.0,0.0,0.0,
fold-000,calibration,xgboost,mae,center,3,10,21,2000,42,-0.00011174845666500142,-0.00013789831635708922,-1.6305798044520123e-05,
fold-000,calibration,xgboost,reinforce,zero,3,10,21,2000,42,0.0,0.0,0.0,
fold-000,calibration,xgboost,reinforce,parent,3,10,21,2000,42,-0.00011174845666500142,-0.00013789831635708922,-1.6305798044520123e-05,
fold-000,calibration,xgboost,reinforce,initial_policy,3,10,21,2000,42,0.0,0.0,0.0,
fold-000,calibration,xgboost,reinforce,center,3,10,21,2000,42,-0.00011174845666500142,-0.00013789831635708922,-1.6305798044520123e-05,
fold-000,calibration,xgboost,xgboost,zero,3,10,21,2000,42,0.00011174845666500142,1.6305798044520123e-05,0.00013789831635708922,
fold-000,calibration,dlinear,expected,zero,3,20,21,2000,42,0.00038186104082284076,0.0003183698193211665,0.00044188714627394605,
fold-000,calibration,dlinear,expected,parent,3,20,21,2000,42,0.00018094011966880857,0.0001568853065113128,0.0002046875406943903,
fold-000,calibration,dlinear,expected,initial_policy,3,20,21,2000,42,0.00013714605582897961,0.00011445824523435694,0.0001575636415733558,
fold-000,calibration,dlinear,expected,center,3,20,21,2000,42,7.461202849138107e-05,6.954480856038771e-05,7.835569563328445e-05,
fold-000,calibration,dlinear,klpo_exact,zero,3,20,21,2000,42,0.00024471498499386115,0.0002039115740868096,0.00028432350470059025,
fold-000,calibration,dlinear,klpo_exact,parent,3,20,21,2000,42,4.379406383982895e-05,4.2427061276955866e-05,4.712389912103451e-05,
fold-000,calibration,dlinear,klpo_exact,initial_policy,3,20,21,2000,42,0.0,0.0,0.0,
fold-000,calibration,dlinear,klpo_exact,center,3,20,21,2000,42,4.379406383982895e-05,4.2427061276955866e-05,4.712389912103451e-05,
fold-000,calibration,dlinear,klpo_full,zero,3,20,21,2000,42,0.00024471498499386115,0.0002039115740868096,0.00028432350470059025,
fold-000,calibration,dlinear,klpo_full,parent,3,20,21,2000,42,4.379406383982895e-05,4.2427061276955866e-05,4.712389912103451e-05,
fold-000,calibration,dlinear,klpo_full,initial_policy,3,20,21,2000,42,0.0,0.0,0.0,
fold-000,calibration,dlinear,klpo_full,center,3,20,21,2000,42,4.379406383982895e-05,4.2427061276955866e-05,4.712389912103451e-05,
fold-000,calibration,dlinear,klpo_mc,zero,3,20,21,2000,42,0.00024471498499386115,0.0002039115740868096,0.00028432350470059025,
fold-000,calibration,dlinear,klpo_mc,parent,3,20,21,2000,42,4.379406383982895e-05,4.2427061276955866e-05,4.712389912103451e-05,
fold-000,calibration,dlinear,klpo_mc,initial_policy,3,20,21,2000,42,0.0,0.0,0.0,
fold-000,calibration,dlinear,klpo_mc,center,3,20,21,2000,42,4.379406383982895e-05,4.2427061276955866e-05,4.712389912103451e-05,
fold-000,calibration,dlinear,mae,zero,3,20,21,2000,42,0.0003649863610510301,0.00031176485723978043,0.0004020105425499358,
fold-000,calibration,dlinear,mae,parent,3,20,21,2000,42,0.00016406543989699792,0.00015028034442992678,0.00016481093697038018,
fold-000,calibration,dlinear,mae,initial_policy,3,20,21,2000,42,0.00012027137605716895,0.00010526894494514761,0.00012027137605716893,
fold-000,calibration,dlinear,mae,center,3,20,21,2000,42,5.2030119887713053e-05,4.855595296719827e-05,5.203011988771305e-05,
fold-000,calibration,dlinear,neural_mae,zero,3,20,21,2000,42,9.165269362276002e-06,9.029561544235397e-06,9.613843825774714e-06,
fold-000,calibration,dlinear,neural_mae,parent,3,20,21,2000,42,-0.0001917556517917562,-0.00022758576175378102,-0.00015245495126561828,
fold-000,calibration,dlinear,neural_mae,initial_policy,3,20,21,2000,42,-0.00023554971563158515,-0.0002747096608748155,-0.00019488201254257414,
fold-000,calibration,dlinear,neural_mae,center,3,20,21,2000,42,-1.328411682218253e-05,-2.681978650716298e-05,6.862201760448798e-07,
fold-000,calibration,dlinear,neural_mse,zero,3,20,21,2000,42,6.580355122743624e-06,6.580355122743626e-06,7.747662982229463e-06,
fold-000,calibration,dlinear,neural_mse,parent,3,20,21,2000,42,-0.00019434056603128858,-0.0002296717146469466,-0.00015468438563748978,
fold-000,calibration,dlinear,neural_mse,initial_policy,3,20,21,2000,42,-0.00023813462987111754,-0.0002767956137679811,-0.0001971114469144456,
fold-000,calibration,dlinear,neural_mse,center,3,20,21,2000,42,-4.187148982265445e-05,-5.024914078509205e-05,-3.555405995282955e-05,
fold-000,calibration,dlinear,reference,zero,3,20,21,2000,42,0.00025550058246701644,0.00020142321945771976,0.00029833694466000475,
fold-000,calibration,dlinear,reference_mae,zero,3,20,21,2000,42,0.00015989786747675695,0.00011051127500626163,0.00020474526053535327,
fold-000,calibration,dlinear,reference_mae,parent,3,20,21,2000,42,-9.560271499025931e-05,-9.560271499025931e-05,-8.890091358585012e-05,
fold-000,calibration,dlinear,reference_mse,zero,3,20,21,2000,42,0.00025558194888867565,0.00020106442341206277,0.0002951936096457769,
fold-000,calibration,dlinear,reference_mse,parent,3,20,21,2000,42,8.136642165937347e-08,-3.5834974815439317e-06,8.13664216593742e-08,
fold-000,calibration,dlinear,reinforce,zero,3,20,21,2000,42,0.0003442965220382008,0.00029769807151398033,0.00039434941079332725,
fold-000,calibration,dlinear,reinforce,parent,3,20,21,2000,42,0.00014337560088416862,0.00013621355870412663,0.0001571498052137715,
fold-000,calibration,dlinear,reinforce,initial_policy,3,20,21,2000,42,9.958153704433968e-05,9.378649742717076e-05,0.00011002590609273699,
fold-000,calibration,dlinear,reinforce,center,3,20,21,2000,42,5.84328877526982e-05,5.843288775269819e-05,5.937908242033778e-05,
fold-000,calibration,gru,expected,zero,3,20,21,2000,42,0.00034815291503485286,0.00030923085027802927,0.00039026582213113936,
fold-000,calibration,gru,expected,parent,3,20,21,2000,42,0.00010533681596665521,0.00010117290737158078,0.00011532572493409443,
fold-000,calibration,gru,expected,initial_policy,3,20,21,2000,42,-2.9280842315903696e-05,-3.535377004636335e-05,-1.7621777804301858e-05,
fold-000,calibration,gru,expected,center,3,20,21,2000,42,0.00010893971554682693,0.00010512209836480208,0.00011506291444188805,
fold-000,calibration,gru,klpo_exact,zero,3,20,21,2000,42,0.00037743375735075653,0.00032685262808233113,0.0004256195921775027,
fold-000,calibration,gru,klpo_exact,parent,3,20,21,2000,42,0.0001346176582825589,0.00013294750273839628,0.00013652667741794415,
fold-000,calibration,gru,klpo_exact,initial_policy,3,20,21,2000,42,0.0,0.0,0.0,
fold-000,calibration,gru,klpo_exact,center,3,20,21,2000,42,0.0001346176582825589,0.00013294750273839628,0.00013652667741794415,
fold-000,calibration,gru,klpo_full,zero,3,20,21,2000,42,0.00037743375735075653,0.00032685262808233113,0.0004256195921775027,
fold-000,calibration,gru,klpo_full,parent,3,20,21,2000,42,0.0001346176582825589,0.00013294750273839628,0.00013652667741794415,
fold-000,calibration,gru,klpo_full,initial_policy,3,20,21,2000,42,0.0,0.0,0.0,
fold-000,calibration,gru,klpo_full,center,3,20,21,2000,42,0.0001346176582825589,0.00013294750273839628,0.00013652667741794415,
fold-000,calibration,gru,klpo_mc,zero,3,20,21,2000,42,0.00037743375735075653,0.00032685262808233113,0.0004256195921775027,
fold-000,calibration,gru,klpo_mc,parent,3,20,21,2000,42,0.0001346176582825589,0.00013294750273839628,0.00013652667741794415,
fold-000,calibration,gru,klpo_mc,initial_policy,3,20,21,2000,42,0.0,0.0,0.0,
fold-000,calibration,gru,klpo_mc,center,3,20,21,2000,42,0.0001346176582825589,0.00013294750273839628,0.00013652667741794415,
fold-000,calibration,gru,mae,zero,3,20,21,2000,42,0.0003796018021468758,0.000339580251010102,0.0004171066875422778,
fold-000,calibration,gru,mae,parent,3,20,21,2000,42,0.00013678570307867818,0.00012801377278271925,0.00014567512566616706,
fold-000,calibration,gru,mae,initial_policy,3,20,21,2000,42,2.1680447961192556e-06,-8.512904635224899e-06,1.2727622927770786e-05,
fold-000,calibration,gru,mae,center,3,20,21,2000,42,0.00011980801335132295,0.00011437194389635435,0.0001261146632392256,
fold-000,calibration,gru,neural_mae,zero,3,20,21,2000,42,-1.0018397509680626e-05,-1.8482139010469277e-05,-8.302099117785455e-07,
fold-000,calibration,gru,neural_mae,parent,3,20,21,2000,42,-0.0002528344965778783,-0.00028992312467133715,-0.00021238726435440417,
fold-000,calibration,gru,neural_mae,initial_policy,3,20,21,2000,42,-0.0003874521548604372,-0.0004264498020892813,-0.0003453347670928005,
fold-000,calibration,gru,neural_mae,center,3,20,21,2000,42,-5.8008620233247714e-05,-5.918203741920973e-05,-5.331811386370545e-05,
fold-000,calibration,gru,neural_mse,zero,3,20,21,2000,42,1.8628991153188903e-05,1.8058060105909117e-05,1.9377786784394482e-05,
fold-000,calibration,gru,neural_mse,parent,3,20,21,2000,42,-0.00022418710791500873,-0.00026971512797516406,-0.00017584706523802576,
fold-000,calibration,gru,neural_mse,initial_policy,3,20,21,2000,42,-0.00035880476619756763,-0.0004062418053931083,-0.00030879456797642206,
fold-000,calibration,gru,neural_mse,center,3,20,21,2000,42,-1.6269805568353068e-05,-2.8702104767037958e-05,-3.1632436769371133e-07,
fold-000,calibration,gru,reference,zero,3,20,21,2000,42,0.000373752037087852,0.0003250413294280585,0.0004175063941941918,
fold-000,calibration,gru,reference_mae,zero,3,20,21,2000,42,0.00019131425913482972,0.00015943156406106454,0.00022363146013087192,
fold-000,calibration,gru,reference_mae,parent,3,20,21,2000,42,-0.00018243777795302194,-0.00019387493406331947,-0.00016560976536699352,
fold-000,calibration,gru,reference_mse,zero,3,20,21,2000,42,0.00027181537334902456,0.00022619257002807884,0.0003101588112374079,
fold-000,calibration,gru,reference_mse,parent,3,20,21,2000,42,-0.0001019366637388271,-0.00010734758295678347,-9.884875939997918e-05,
fold-000,calibration,gru,reinforce,zero,3,20,21,2000,42,0.00034558993577575814,0.0003004518207202014,0.0003882258365852109,
fold-000,calibration,gru,reinforce,parent,3,20,21,2000,42,0.0001027738367075605,9.91329218256523e-05,0.00010654669537626649,
fold-000,calibration,gru,reinforce,initial_policy,3,20,21,2000,42,-3.184382157499841e-05,-3.7393755592291845e-05,-2.6400807362129786e-05,
fold-000,calibration,gru,reinforce,center,3,20,21,2000,42,0.0001194711160990219,0.00011573591606181254,0.00012288891166914394,
fold-000,calibration,lstm,expected,zero,3,20,21,2000,42,0.0004563172985610879,0.0003872869676114244,0.0005326945822772429,
fold-000,calibration,lstm,expected,parent,3,20,21,2000,42,4.2385305906674356e-05,4.238530590667435e-05,4.618077242673094e-05,
fold-000,calibration,lstm,expected,initial_policy,3,20,21,2000,42,0.0,0.0,0.0,
fold-000,calibration,lstm,expected,center,3,20,21,2000,42,4.2385305906674356e-05,4.238530590667435e-05,4.618077242673094e-05,
fold-000,calibration,lstm,klpo_exact,zero,3,20,21,2000,42,0.0004563172985610879,0.0003872869676114244,0.0005326945822772429,
fold-000,calibration,lstm,klpo_exact,parent,3,20,21,2000,42,4.2385305906674356e-05,4.238530590667435e-05,4.618077242673094e-05,
fold-000,calibration,lstm,klpo_exact,initial_policy,3,20,21,2000,42,0.0,0.0,0.0,
fold-000,calibration,lstm,klpo_exact,center,3,20,21,2000,42,4.2385305906674356e-05,4.238530590667435e-05,4.618077242673094e-05,
fold-000,calibration,lstm,klpo_full,zero,3,20,21,2000,42,0.0004563172985610879,0.0003872869676114244,0.0005326945822772429,
fold-000,calibration,lstm,klpo_full,parent,3,20,21,2000,42,4.2385305906674356e-05,4.238530590667435e-05,4.618077242673094e-05,
fold-000,calibration,lstm,klpo_full,initial_policy,3,20,21,2000,42,0.0,0.0,0.0,
fold-000,calibration,lstm,klpo_full,center,3,20,21,2000,42,4.2385305906674356e-05,4.238530590667435e-05,4.618077242673094e-05,
fold-000,calibration,lstm,klpo_mc,zero,3,20,21,2000,42,0.0004563172985610879,0.0003872869676114244,0.0005326945822772429,
fold-000,calibration,lstm,klpo_mc,parent,3,20,21,2000,42,4.2385305906674356e-05,4.238530590667435e-05,4.618077242673094e-05,
fold-000,calibration,lstm,klpo_mc,initial_policy,3,20,21,2000,42,0.0,0.0,0.0,
fold-000,calibration,lstm,klpo_mc,center,3,20,21,2000,42,4.2385305906674356e-05,4.238530590667435e-05,4.618077242673094e-05,
fold-000,calibration,lstm,mae,zero,3,20,21,2000,42,0.0004563172985610879,0.0003872869676114244,0.0005326945822772429,
fold-000,calibration,lstm,mae,parent,3,20,21,2000,42,4.2385305906674356e-05,4.238530590667435e-05,4.618077242673094e-05,
fold-000,calibration,lstm,mae,initial_policy,3,20,21,2000,42,0.0,0.0,0.0,
fold-000,calibration,lstm,mae,center,3,20,21,2000,42,4.2385305906674356e-05,4.238530590667435e-05,4.618077242673094e-05,
fold-000,calibration,lstm,neural_mae,zero,3,20,21,2000,42,0.00026377680559460536,0.00022974495758174528,0.0002947403293080357,
fold-000,calibration,lstm,neural_mae,parent,3,20,21,2000,42,-0.00015015518705980814,-0.0001925027951355438,-0.00011442738952993733,
fold-000,calibration,lstm,neural_mae,initial_policy,3,20,21,2000,42,-0.00019254049296648252,-0.0002379542529692073,-0.00015754201002967914,
fold-000,calibration,lstm,neural_mae,center,3,20,21,2000,42,6.944246913524446e-05,6.74361704846688e-05,7.202557350689156e-05,
fold-000,calibration,lstm,neural_mse,zero,3,20,21,2000,42,0.00024003653493686063,0.00022987411552823366,0.0002477682213343057,
fold-000,calibration,lstm,neural_mse,parent,3,20,21,2000,42,-0.0001738954577175529,-0.00023947490310927382,-0.00011429823158344895,
fold-000,calibration,lstm,neural_mse,initial_policy,3,20,21,2000,42,-0.00021628076362422726,-0.00028492636094293723,-0.00015741285208319074,
fold-000,calibration,lstm,neural_mse,center,3,20,21,2000,42,4.711129290099642e-05,4.2017135521150204e-05,5.441988719211375e-05,
fold-000,calibration,lstm,reference,zero,3,20,21,2000,42,0.0003773219326795943,0.0003264465413578482,0.0004290633654746388,
fold-000,calibration,lstm,reference_mae,zero,3,20,21,2000,42,0.00034959972584408934,0.00029679560382605446,0.0004021444278786515,
fold-000,calibration,lstm,reference_mae,parent,3,20,21,2000,42,-2.772220683550527e-05,-2.9650937531793873e-05,-2.6918937595987735e-05,
fold-000,calibration,lstm,reference_mse,zero,3,20,21,2000,42,0.0003773219326795946,0.0003264465413578483,0.00042906336547463925,
fold-000,calibration,lstm,reference_mse,parent,3,20,21,2000,42,0.0,0.0,0.0,
fold-000,calibration,lstm,reinforce,zero,3,20,21,2000,42,0.0004563172985610879,0.0003872869676114244,0.0005326945822772429,
fold-000,calibration,lstm,reinforce,parent,3,20,21,2000,42,4.2385305906674356e-05,4.238530590667435e-05,4.618077242673094e-05,
fold-000,calibration,lstm,reinforce,initial_policy,3,20,21,2000,42,0.0,0.0,0.0,
fold-000,calibration,lstm,reinforce,center,3,20,21,2000,42,4.2385305906674356e-05,4.238530590667435e-05,4.618077242673094e-05,
fold-000,calibration,ridge,expected,zero,3,20,21,2000,42,0.0213576935197271,0.020806128935275225,0.021563099547345827,
fold-000,calibration,ridge,expected,parent,3,20,21,2000,42,-0.011493515448416555,-0.011833982689339176,-0.01108624473355057,
fold-000,calibration,ridge,expected,initial_policy,3,20,21,2000,42,-0.009704838339724752,-0.009800493946261271,-0.009568155588648968,
fold-000,calibration,ridge,expected,center,3,20,21,2000,42,-0.00027281673693337673,-0.0003179472167576834,-0.00022525878338818648,
fold-000,calibration,ridge,klpo_exact,zero,3,20,21,2000,42,0.0012179517658613022,0.0011395276307277782,0.001323940974755221,
fold-000,calibration,ridge,klpo_exact,parent,3,20,21,2000,42,-0.031633257202282355,-0.03225755460595722,-0.03056843269407058,
fold-000,calibration,ridge,klpo_exact,initial_policy,3,20,21,2000,42,-0.029844580093590558,-0.030224065862879325,-0.029050343549168977,
fold-000,calibration,ridge,klpo_exact,center,3,20,21,2000,42,0.00010690524428669006,0.00010447747445395451,0.00010818829955674297,
fold-000,calibration,ridge,klpo_full,zero,3,20,21,2000,42,0.0024870626226372837,0.00247044890356438,0.002610056163151068,
fold-000,calibration,ridge,klpo_full,parent,3,20,21,2000,42,-0.03036414634550638,-0.030926633333120627,-0.02928231750567473,
fold-000,calibration,ridge,klpo_full,initial_policy,3,20,21,2000,42,-0.02857546923681457,-0.028893144590042715,-0.02776422836077312,
fold-000,calibration,ridge,klpo_full,center,3,20,21,2000,42,0.00010039027061218607,9.559297650506216e-05,0.00010039027061218607,
fold-000,calibration,ridge,klpo_mc,zero,3,20,21,2000,42,0.0025552078292351795,0.0025339698858506316,0.0026726510798087684,
fold-000,calibration,ridge,klpo_mc,parent,3,20,21,2000,42,-0.03029600113890848,-0.030863112350834374,-0.029219722589017026,
fold-000,calibration,ridge,klpo_mc,initial_policy,3,20,21,2000,42,-0.028507324030216677,-0.028829623607756465,-0.027701633444115425,
fold-000,calibration,ridge,klpo_mc,center,3,20,21,2000,42,0.00010101225148870398,9.925615129767721e-05,0.00010101225148870398,
fold-000,calibration,ridge,mae,zero,3,20,21,2000,42,0.018588209757499315,0.01814319123631074,0.01875641488611267,
fold-000,calibration,ridge,mae,parent,3,20,21,2000,42,-0.014262999210644344,-0.014640667350572331,-0.013749182432515054,
fold-000,calibration,ridge,mae,initial_policy,3,20,21,2000,42,-0.01247432210195254,-0.012607178607494426,-0.012231093287613449,
fold-000,calibration,ridge,mae,center,3,20,21,2000,42,-0.0001163267892651416,-0.00014489552906690807,-8.989036522995992e-05,
fold-000,calibration,ridge,reinforce,zero,3,20,21,2000,42,0.021312675407196145,0.020802234425503233,0.02173357544677175,
fold-000,calibration,ridge,reinforce,parent,3,20,21,2000,42,-0.011538533560947509,-0.011663506789913257,-0.011090139243322564,
fold-000,calibration,ridge,reinforce,initial_policy,3,20,21,2000,42,-0.009749856452255706,-0.009749856452255705,-0.009452211693000607,
fold-000,calibration,ridge,reinforce,center,3,20,21,2000,42,-0.0003423267540220651,-0.0004164323980348913,-0.00026524853322236166,
fold-000,calibration,ridge,ridge,zero,1,20,21,2000,42,0.032851208968143655,0.031892373668825795,0.033397082236685006,
fold-000,calibration,rnn,expected,zero,3,20,21,2000,42,0.000780594390084361,0.0007069762421994053,0.0008282247973790375,
fold-000,calibration,rnn,expected,parent,3,20,21,2000,42,0.0003372873581521325,0.00030552934291039693,0.00034812285860517163,
fold-000,calibration,rnn,expected,initial_policy,3,20,21,2000,42,0.00021898534423113567,0.00018818106939759148,0.00021936895591827642,
fold-000,calibration,rnn,expected,center,3,20,21,2000,42,0.00011176504981627564,0.00010470752931548158,0.0001144520644478258,
fold-000,calibration,rnn,klpo_exact,zero,3,20,21,2000,42,0.0005616090458532253,0.0005187951728018138,0.0006088558414607611,
fold-000,calibration,rnn,klpo_exact,parent,3,20,21,2000,42,0.00011830201392099682,0.00011734827351280542,0.00012875390268689513,
fold-000,calibration,rnn,klpo_exact,initial_policy,3,20,21,2000,42,0.0,0.0,0.0,
fold-000,calibration,rnn,klpo_exact,center,3,20,21,2000,42,0.00011830201392099682,0.00011734827351280542,0.00012875390268689513,
fold-000,calibration,rnn,klpo_full,zero,3,20,21,2000,42,0.0005616090458532253,0.0005187951728018138,0.0006088558414607611,
fold-000,calibration,rnn,klpo_full,parent,3,20,21,2000,42,0.00011830201392099682,0.00011734827351280542,0.00012875390268689513,
fold-000,calibration,rnn,klpo_full,initial_policy,3,20,21,2000,42,0.0,0.0,0.0,
fold-000,calibration,rnn,klpo_full,center,3,20,21,2000,42,0.00011830201392099682,0.00011734827351280542,0.00012875390268689513,
fold-000,calibration,rnn,klpo_mc,zero,3,20,21,2000,42,0.0005616090458532253,0.0005187951728018138,0.0006088558414607611,
fold-000,calibration,rnn,klpo_mc,parent,3,20,21,2000,42,0.00011830201392099682,0.00011734827351280542,0.00012875390268689513,
fold-000,calibration,rnn,klpo_mc,initial_policy,3,20,21,2000,42,0.0,0.0,0.0,
fold-000,calibration,rnn,klpo_mc,center,3,20,21,2000,42,0.00011830201392099682,0.00011734827351280542,0.00012875390268689513,
fold-000,calibration,rnn,mae,zero,3,20,21,2000,42,0.0006750301588849157,0.0006069555582595334,0.000727515876208419,
fold-000,calibration,rnn,mae,parent,3,20,21,2000,42,0.0002317231269526872,0.00020550865897052504,0.000247413937434553,
fold-000,calibration,rnn,mae,initial_policy,3,20,21,2000,42,0.00011342111303169037,8.816038545771963e-05,0.00011866003474765785,
fold-000,calibration,rnn,mae,center,3,20,21,2000,42,0.00010487896601259305,0.00010211951899753305,0.00010768325264569553,
fold-000,calibration,rnn,neural_mae,zero,3,20,21,2000,42,0.00047903426991010916,0.000456330442840185,0.0004976480340416077,
fold-000,calibration,rnn,neural_mae,parent,3,20,21,2000,42,3.572723797788065e-05,1.7546095267741674e-05,5.488354355117655e-05,
fold-000,calibration,rnn,neural_mae,initial_policy,3,20,21,2000,42,-8.257477594311617e-05,-0.0001112078074191534,-6.246472996162884e-05,
fold-000,calibration,rnn,neural_mae,center,3,20,21,2000,42,0.0001191341863993912,0.00011913418639939119,0.00012571931754873516,
fold-000,calibration,rnn,neural_mse,zero,3,20,21,2000,42,0.000463107468317476,0.0004381582078146272,0.0004937267127881128,
fold-000,calibration,rnn,neural_mse,parent,3,20,21,2000,42,1.9800436385247423e-05,1.3624774014246887e-05,3.671130852561887e-05,
fold-000,calibration,rnn,neural_mse,initial_policy,3,20,21,2000,42,-9.850157753574939e-05,-0.00011512912867264818,-8.063696498718654e-05,
fold-000,calibration,rnn,neural_mse,center,3,20,21,2000,42,7.856207293822543e-05,7.519741065113922e-05,8.820428901098433e-05,
fold-000,calibration,rnn,reference,zero,3,20,21,2000,42,0.0004471198034406591,0.00040603838331374604,0.00048447908589822284,
fold-000,calibration,rnn,reference_mae,zero,3,20,21,2000,42,0.0005358162119120177,0.00048778624819335707,0.0005845712803805694,
fold-000,calibration,rnn,reference_mae,parent,3,20,21,2000,42,8.869640847135921e-05,8.174786487961171e-05,0.00010009219448234728,
fold-000,calibration,rnn,reference_mse,zero,3,20,21,2000,42,0.000564787949479603,0.0005099224493728565,0.0006084724684329543,
fold-000,calibration,rnn,reference_mse,parent,3,20,21,2000,42,0.00011766814603894442,0.00010388406605911122,0.00012399338253473222,
fold-000,calibration,rnn,reinforce,zero,3,20,21,2000,42,0.0005613658832382412,0.0005221103987681285,0.0006084011498463836,
fold-000,calibration,rnn,reinforce,parent,3,20,21,2000,42,0.00011805885130601262,0.00011805885130601258,0.00013090385924562515,
fold-000,calibration,rnn,reinforce,initial_policy,3,20,21,2000,42,-2.4316261498419566e-07,-4.546916143774699e-07,3.315225966314703e-06,
fold-000,calibration,rnn,reinforce,center,3,20,21,2000,42,0.00011167429841074603,0.00011167429841074604,0.00012032280416565555,
fold-000,calibration,xgboost,expected,zero,3,20,21,2000,42,0.0,0.0,0.0,
fold-000,calibration,xgboost,expected,parent,3,20,21,2000,42,-0.00011174845666500142,-0.00013633814095863944,-9.360773674907016e-05,
fold-000,calibration,xgboost,expected,initial_policy,3,20,21,2000,42,0.0,0.0,0.0,
fold-000,calibration,xgboost,expected,center,3,20,21,2000,42,-0.00011174845666500142,-0.00013633814095863944,-9.360773674907016e-05,
fold-000,calibration,xgboost,klpo_exact,zero,3,20,21,2000,42,0.0,0.0,0.0,
fold-000,calibration,xgboost,klpo_exact,parent,3,20,21,2000,42,-0.00011174845666500142,-0.00013633814095863944,-9.360773674907016e-05,
fold-000,calibration,xgboost,klpo_exact,initial_policy,3,20,21,2000,42,0.0,0.0,0.0,
fold-000,calibration,xgboost,klpo_exact,center,3,20,21,2000,42,-0.00011174845666500142,-0.00013633814095863944,-9.360773674907016e-05,
fold-000,calibration,xgboost,klpo_full,zero,3,20,21,2000,42,0.0,0.0,0.0,
fold-000,calibration,xgboost,klpo_full,parent,3,20,21,2000,42,-0.00011174845666500142,-0.00013633814095863944,-9.360773674907016e-05,
fold-000,calibration,xgboost,klpo_full,initial_policy,3,20,21,2000,42,0.0,0.0,0.0,
fold-000,calibration,xgboost,klpo_full,center,3,20,21,2000,42,-0.00011174845666500142,-0.00013633814095863944,-9.360773674907016e-05,
fold-000,calibration,xgboost,klpo_mc,zero,3,20,21,2000,42,0.0,0.0,0.0,
fold-000,calibration,xgboost,klpo_mc,parent,3,20,21,2000,42,-0.00011174845666500142,-0.00013633814095863944,-9.360773674907016e-05,
fold-000,calibration,xgboost,klpo_mc,initial_policy,3,20,21,2000,42,0.0,0.0,0.0,
fold-000,calibration,xgboost,klpo_mc,center,3,20,21,2000,42,-0.00011174845666500142,-0.00013633814095863944,-9.360773674907016e-05,
fold-000,calibration,xgboost,mae,zero,3,20,21,2000,42,0.0,0.0,0.0,
fold-000,calibration,xgboost,mae,parent,3,20,21,2000,42,-0.00011174845666500142,-0.00013633814095863944,-9.360773674907016e-05,
fold-000,calibration,xgboost,mae,initial_policy,3,20,21,2000,42,0.0,0.0,0.0,
fold-000,calibration,xgboost,mae,center,3,20,21,2000,42,-0.00011174845666500142,-0.00013633814095863944,-9.360773674907016e-05,
fold-000,calibration,xgboost,reinforce,zero,3,20,21,2000,42,0.0,0.0,0.0,
fold-000,calibration,xgboost,reinforce,parent,3,20,21,2000,42,-0.00011174845666500142,-0.00013633814095863944,-9.360773674907016e-05,
fold-000,calibration,xgboost,reinforce,initial_policy,3,20,21,2000,42,0.0,0.0,0.0,
fold-000,calibration,xgboost,reinforce,center,3,20,21,2000,42,-0.00011174845666500142,-0.00013633814095863944,-9.360773674907016e-05,
fold-000,calibration,xgboost,xgboost,zero,3,20,21,2000,42,0.00011174845666500142,9.360773674907016e-05,0.00013633814095863944,
fold-000,evaluation,dlinear,expected,zero,3,1,19,2000,42,0.00048679665225369653,0.00010725328374198394,0.0009149315453618162,
fold-000,evaluation,dlinear,expected,parent,3,1,19,2000,42,0.00034209723075230005,0.00012676966860755695,0.0006154254526126616,
fold-000,evaluation,dlinear,expected,initial_policy,3,1,19,2000,42,0.00020949251600351667,-2.6941855994036823e-06,0.00048073842951008676,
fold-000,evaluation,dlinear,expected,center,3,1,19,2000,42,0.00011781365071557304,6.554937693292612e-05,0.00017303028011928165,
fold-000,evaluation,dlinear,klpo_exact,zero,3,1,19,2000,42,0.0002773041362501799,-5.900272177389994e-05,0.0006456084331698215,
fold-000,evaluation,dlinear,klpo_exact,parent,3,1,19,2000,42,0.00013260471474878336,5.0279107173129906e-05,0.00022765820882375865,
fold-000,evaluation,dlinear,klpo_exact,initial_policy,3,1,19,2000,42,0.0,0.0,0.0,
fold-000,evaluation,dlinear,klpo_exact,center,3,1,19,2000,42,0.00013260471474878336,5.0279107173129906e-05,0.00022765820882375865,
fold-000,evaluation,dlinear,klpo_full,zero,3,1,19,2000,42,0.0002773041362501799,-5.900272177389994e-05,0.0006456084331698215,
fold-000,evaluation,dlinear,klpo_full,parent,3,1,19,2000,42,0.00013260471474878336,5.0279107173129906e-05,0.00022765820882375865,
fold-000,evaluation,dlinear,klpo_full,initial_policy,3,1,19,2000,42,0.0,0.0,0.0,
fold-000,evaluation,dlinear,klpo_full,center,3,1,19,2000,42,0.00013260471474878336,5.0279107173129906e-05,0.00022765820882375865,
fold-000,evaluation,dlinear,klpo_mc,zero,3,1,19,2000,42,0.0002773041362501799,-5.900272177389994e-05,0.0006456084331698215,
fold-000,evaluation,dlinear,klpo_mc,parent,3,1,19,2000,42,0.00013260471474878336,5.0279107173129906e-05,0.00022765820882375865,
fold-000,evaluation,dlinear,klpo_mc,initial_policy,3,1,19,2000,42,0.0,0.0,0.0,
fold-000,evaluation,dlinear,klpo_mc,center,3,1,19,2000,42,0.00013260471474878336,5.0279107173129906e-05,0.00022765820882375865,
fold-000,evaluation,dlinear,mae,zero,3,1,19,2000,42,0.0006595235049075603,0.00012333659711222822,0.001347348708542292,
fold-000,evaluation,dlinear,mae,parent,3,1,19,2000,42,0.0005148240834061637,0.00019150007502487883,0.0010538603706352677,
fold-000,evaluation,dlinear,mae,initial_policy,3,1,19,2000,42,0.0003822193686573804,7.442208632525901e-05,0.0008940612764880008,
fold-000,evaluation,dlinear,mae,center,3,1,19,2000,42,9.674208076274644e-05,4.5287070831408686e-05,0.00014201106314720667,
fold-000,evaluation,dlinear,neural_mae,zero,3,1,19,2000,42,-5.19287750943791e-06,-1.7699416831544956e-05,3.8019824624715647e-06,
fold-000,evaluation,dlinear,neural_mae,parent,3,1,19,2000,42,-0.00014989229901083442,-0.0004648099304197448,0.00017477788093713475,
fold-000,evaluation,dlinear,neural_mae,initial_policy,3,1,19,2000,42,-0.0002824970137596178,-0.0006414937938232146,4.531172332618957e-05,
fold-000,evaluation,dlinear,neural_mae,center,3,1,19,2000,42,6.0505340720388295e-05,-2.754290282033153e-06,0.00014482617623187515,
fold-000,evaluation,dlinear,neural_mse,zero,3,1,19,2000,42,-8.74172589184436e-05,-0.00026827724613257627,7.641431829181617e-06,
fold-000,evaluation,dlinear,neural_mse,parent,3,1,19,2000,42,-0.00023211668041984014,-0.0005050889797026722,-2.9487328413186786e-05,
fold-000,evaluation,dlinear,neural_mse,initial_policy,3,1,19,2000,42,-0.0003647213951686235,-0.0006856469980955638,-0.00013789019756585565,
fold-000,evaluation,dlinear,neural_mse,center,3,1,19,2000,42,1.954977188604659e-05,-2.945191719422908e-05,7.76375168213468e-05,
fold-000,evaluation,dlinear,reference,zero,3,1,19,2000,42,5.1034647597943715e-05,-0.00023257490836307043,0.00028803650166128026,
fold-000,evaluation,dlinear,reference_mae,zero,3,1,19,2000,42,-6.762408413502885e-05,-0.0003218615327679209,0.00011442135596219422,
fold-000,evaluation,dlinear,reference_mae,parent,3,1,19,2000,42,-0.00011865873173297275,-0.0002161018844511021,-4.1118664528792916e-05,
fold-000,evaluation,dlinear,reference_mse,zero,3,1,19,2000,42,5.471844871403415e-05,-0.00024466032380797425,0.000316819659079079,
fold-000,evaluation,dlinear,reference_mse,parent,3,1,19,2000,42,3.683801116090254e-06,-2.207160135396359e-05,3.604895088294397e-05,
fold-000,evaluation,dlinear,reinforce,zero,3,1,19,2000,42,0.00047769412859090645,5.412924937768104e-05,0.001019706480668181,
fold-000,evaluation,dlinear,reinforce,parent,3,1,19,2000,42,0.00033299470708950997,9.625594004920096e-05,0.0007260091953142019,
fold-000,evaluation,dlinear,reinforce,initial_policy,3,1,19,2000,42,0.0002003899923407266,-4.053130644052061e-05,0.0005924924164234931,
fold-000,evaluation,dlinear,reinforce,center,3,1,19,2000,42,0.00011009153906044232,5.969013376499523e-05,0.00016716691252075476,
fold-000,evaluation,gru,expected,zero,3,1,19,2000,42,0.0008557392531847756,0.0005152226420087479,0.0012305734172484725,
fold-000,evaluation,gru,expected,parent,3,1,19,2000,42,0.00015148648584673184,5.345848126894838e-05,0.0002481970164611297,
fold-000,evaluation,gru,expected,initial_policy,3,1,19,2000,42,-3.556107881861467e-05,-0.00013002368021314056,6.106202853082613e-05,
fold-000,evaluation,gru,expected,center,3,1,19,2000,42,0.00015120066230187197,9.943309688922902e-05,0.00019701664868448053,
fold-000,evaluation,gru,klpo_exact,zero,3,1,19,2000,42,0.0008913003320033903,0.0005209431369418805,0.0012838797614064977,
fold-000,evaluation,gru,klpo_exact,parent,3,1,19,2000,42,0.0001870475646653465,0.00010598026794297363,0.0002592297345487782,
fold-000,evaluation,gru,klpo_exact,initial_policy,3,1,19,2000,42,0.0,0.0,0.0,
fold-000,evaluation,gru,klpo_exact,center,3,1,19,2000,42,0.0001870475646653465,0.00010598026794297363,0.0002592297345487782,
fold-000,evaluation,gru,klpo_full,zero,3,1,19,2000,42,0.0008913003320033903,0.0005209431369418805,0.0012838797614064977,
fold-000,evaluation,gru,klpo_full,parent,3,1,19,2000,42,0.0001870475646653465,0.00010598026794297363,0.0002592297345487782,
fold-000,evaluation,gru,klpo_full,initial_policy,3,1,19,2000,42,0.0,0.0,0.0,
fold-000,evaluation,gru,klpo_full,center,3,1,19,2000,42,0.0001870475646653465,0.00010598026794297363,0.0002592297345487782,
fold-000,evaluation,gru,klpo_mc,zero,3,1,19,2000,42,0.0008913003320033903,0.0005209431369418805,0.0012838797614064977,
fold-000,evaluation,gru,klpo_mc,parent,3,1,19,2000,42,0.0001870475646653465,0.00010598026794297363,0.0002592297345487782,
fold-000,evaluation,gru,klpo_mc,initial_policy,3,1,19,2000,42,0.0,0.0,0.0,
fold-000,evaluation,gru,klpo_mc,center,3,1,19,2000,42,0.0001870475646653465,0.00010598026794297363,0.0002592297345487782,
fold-000,evaluation,gru,mae,zero,3,1,19,2000,42,0.0008773322577008774,0.0005388355599128383,0.0012409985505021273,
fold-000,evaluation,gru,mae,parent,3,1,19,2000,42,0.0001730794903628338,7.64287343540021e-05,0.0002672991068262285,
fold-000,evaluation,gru,mae,initial_policy,3,1,19,2000,42,-1.3968074302512684e-05,-9.346894538882572e-05,6.684970815425755e-05,
fold-000,evaluation,gru,mae,center,3,1,19,2000,42,0.00015328594114994606,9.947538172571e-05,0.0002005948035946281,
fold-000,evaluation,gru,neural_mae,zero,3,1,19,2000,42,9.22872342221606e-06,-9.559265375165e-06,3.0820839376954085e-05,
fold-000,evaluation,gru,neural_mae,parent,3,1,19,2000,42,-0.0006950240439158276,-0.0011292813181110824,-0.00029834056946202514,
fold-000,evaluation,gru,neural_mae,initial_policy,3,1,19,2000,42,-0.0008820716085811741,-0.0012738042543503198,-0.000517283276792212,
fold-000,evaluation,gru,neural_mae,center,3,1,19,2000,42,-1.983675206873099e-05,-5.4085123911698734e-05,1.8095921253848044e-05,
fold-000,evaluation,gru,neural_mse,zero,3,1,19,2000,42,6.151814032318316e-05,1.1937207799886027e-05,0.0001406952648273712,
fold-000,evaluation,gru,neural_mse,parent,3,1,19,2000,42,-0.0006427346270148606,-0.001082258535270615,-0.0002290920155737151,
fold-000,evaluation,gru,neural_mse,initial_policy,3,1,19,2000,42,-0.000829782191680207,-0.0012306954156666241,-0.00045950660697565283,
fold-000,evaluation,gru,neural_mse,center,3,1,19,2000,42,-2.7702511734770302e-05,-9.238860977815599e-05,3.1578426898338085e-05,
fold-000,evaluation,gru,reference,zero,3,1,19,2000,42,0.00039168733711198995,0.00013395059594979237,0.0006470477211877422,
fold-000,evaluation,gru,reference_mae,zero,3,1,19,2000,42,9.043277483943186e-05,-6.911673027609726e-05,0.00023911209064404607,
fold-000,evaluation,gru,reference_mae,parent,3,1,19,2000,42,-0.00030125456227255836,-0.00043779893728984376,-0.00017085689373147272,
fold-000,evaluation,gru,reference_mse,zero,3,1,19,2000,42,0.00015177255964474742,-6.880598550910943e-05,0.00035466288300720414,
fold-000,evaluation,gru,reference_mse,parent,3,1,19,2000,42,-0.00023991477746724277,-0.0003443729720530303,-0.00013874540692381424,
fold-000,evaluation,gru,reinforce,zero,3,1,19,2000,42,0.0009120971077708502,0.0005390026098426135,0.0013184346548733399,
fold-000,evaluation,gru,reinforce,parent,3,1,19,2000,42,0.00020784434043280656,0.00014747962690021504,0.0002727528128960197,
fold-000,evaluation,gru,reinforce,initial_policy,3,1,19,2000,42,2.0796775767460055e-05,-3.2439847073441086e-05,8.250518187082959e-05,
fold-000,evaluation,gru,reinforce,center,3,1,19,2000,42,0.0001631345995436762,9.39815373512057e-05,0.00022407721203591835,
fold-000,evaluation,lstm,expected,zero,3,1,19,2000,42,0.00019840900281882986,-2.0346772909769167e-05,0.00042824029722642406,
fold-000,evaluation,lstm,expected,parent,3,1,19,2000,42,6.864370837556654e-05,-3.408758718314565e-06,0.00014107903245943527,
fold-000,evaluation,lstm,expected,initial_policy,3,1,19,2000,42,0.0,0.0,0.0,
fold-000,evaluation,lstm,expected,center,3,1,19,2000,42,6.864370837556654e-05,-3.408758718314565e-06,0.00014107903245943527,
fold-000,evaluation,lstm,klpo_exact,zero,3,1,19,2000,42,0.00019840900281882986,-2.0346772909769167e-05,0.00042824029722642406,
fold-000,evaluation,lstm,klpo_exact,parent,3,1,19,2000,42,6.864370837556654e-05,-3.408758718314565e-06,0.00014107903245943527,
fold-000,evaluation,lstm,klpo_exact,initial_policy,3,1,19,2000,42,0.0,0.0,0.0,
fold-000,evaluation,lstm,klpo_exact,center,3,1,19,2000,42,6.864370837556654e-05,-3.408758718314565e-06,0.00014107903245943527,
fold-000,evaluation,lstm,klpo_full,zero,3,1,19,2000,42,0.00019840900281882986,-2.0346772909769167e-05,0.00042824029722642406,
fold-000,evaluation,lstm,klpo_full,parent,3,1,19,2000,42,6.864370837556654e-05,-3.408758718314565e-06,0.00014107903245943527,
fold-000,evaluation,lstm,klpo_full,initial_policy,3,1,19,2000,42,0.0,0.0,0.0,
fold-000,evaluation,lstm,klpo_full,center,3,1,19,2000,42,6.864370837556654e-05,-3.408758718314565e-06,0.00014107903245943527,
fold-000,evaluation,lstm,klpo_mc,zero,3,1,19,2000,42,0.00019840900281882986,-2.0346772909769167e-05,0.00042824029722642406,
fold-000,evaluation,lstm,klpo_mc,parent,3,1,19,2000,42,6.864370837556654e-05,-3.408758718314565e-06,0.00014107903245943527,
fold-000,evaluation,lstm,klpo_mc,initial_policy,3,1,19,2000,42,0.0,0.0,0.0,
fold-000,evaluation,lstm,klpo_mc,center,3,1,19,2000,42,6.864370837556654e-05,-3.408758718314565e-06,0.00014107903245943527,
fold-000,evaluation,lstm,mae,zero,3,1,19,2000,42,0.00019840900281882986,-2.0346772909769167e-05,0.00042824029722642406,
fold-000,evaluation,lstm,mae,parent,3,1,19,2000,42,6.864370837556654e-05,-3.408758718314565e-06,0.00014107903245943527,
fold-000,evaluation,lstm,mae,initial_policy,3,1,19,2000,42,0.0,0.0,0.0,
fold-000,evaluation,lstm,mae,center,3,1,19,2000,42,6.864370837556654e-05,-3.408758718314565e-06,0.00014107903245943527,
fold-000,evaluation,lstm,neural_mae,zero,3,1,19,2000,42,8.89560525957215e-05,-1.4967531966095712e-05,0.00017717059295991846,
fold-000,evaluation,lstm,neural_mae,parent,3,1,19,2000,42,-4.080924184754183e-05,-0.00023069782529426625,0.0001306653484280739,
fold-000,evaluation,lstm,neural_mae,initial_policy,3,1,19,2000,42,-0.00010945295022310836,-0.0002944046528388539,4.364215628352954e-05,
fold-000,evaluation,lstm,neural_mae,center,3,1,19,2000,42,7.454575601052717e-05,3.983910046972194e-05,0.00010829701890244673,
fold-000,evaluation,lstm,neural_mse,zero,3,1,19,2000,42,0.00017360840263500445,9.449774433806597e-05,0.00026650612874740755,
fold-000,evaluation,lstm,neural_mse,parent,3,1,19,2000,42,4.3843108191741116e-05,-0.00014547863815732518,0.00024374211344465726,
fold-000,evaluation,lstm,neural_mse,initial_policy,3,1,19,2000,42,-2.4800600183825416e-05,-0.00019550203690935428,0.00013995153677110695,
fold-000,evaluation,lstm,neural_mse,center,3,1,19,2000,42,2.5078223929419705e-05,-2.6514597061728648e-05,7.17124489710636e-05,
fold-000,evaluation,lstm,reference,zero,3,1,19,2000,42,0.00010780861893896513,-8.654744500606285e-05,0.00026691454530893563,
fold-000,evaluation,lstm,reference_mae,zero,3,1,19,2000,42,0.00010125304356490888,-0.00010556688166815374,0.0002565713106184849,
fold-000,evaluation,lstm,reference_mae,parent,3,1,19,2000,42,-6.555575374056251e-06,-3.4105514353600435e-05,1.7928150426649844e-05,
fold-000,evaluation,lstm,reference_mse,zero,3,1,19,2000,42,0.00010780861893896513,-8.654744500606311e-05,0.00026691454530893585,
fold-000,evaluation,lstm,reference_mse,parent,3,1,19,2000,42,0.0,0.0,0.0,
fold-000,evaluation,lstm,reinforce,zero,3,1,19,2000,42,0.00019840900281882986,-2.0346772909769167e-05,0.00042824029722642406,
fold-000,evaluation,lstm,reinforce,parent,3,1,19,2000,42,6.864370837556654e-05,-3.408758718314565e-06,0.00014107903245943527,
fold-000,evaluation,lstm,reinforce,initial_policy,3,1,19,2000,42,0.0,0.0,0.0,
fold-000,evaluation,lstm,reinforce,center,3,1,19,2000,42,6.864370837556654e-05,-3.408758718314565e-06,0.00014107903245943527,
fold-000,evaluation,ridge,expected,zero,3,1,19,2000,42,0.028100012103337967,0.018147550224840762,0.0385901789061574,
fold-000,evaluation,ridge,expected,parent,3,1,19,2000,42,-0.033340830282731514,-0.049930455740282015,-0.018341643519335996,
fold-000,evaluation,ridge,expected,initial_policy,3,1,19,2000,42,-0.0041085898907877024,-0.006091836101491507,-0.002212865358130252,
fold-000,evaluation,ridge,expected,center,3,1,19,2000,42,-0.013934347204096706,-0.023075260872592224,-0.005845435008664303,
fold-000,evaluation,ridge,klpo_exact,zero,3,1,19,2000,42,0.0018966526559642404,0.001416894939313897,0.0024263394813720924,
fold-000,evaluation,ridge,klpo_exact,parent,3,1,19,2000,42,-0.059544189730105244,-0.08589849292627152,-0.03528572414040607,
fold-000,evaluation,ridge,klpo_exact,initial_policy,3,1,19,2000,42,-0.03031194933816142,-0.03951899608325541,-0.021023289944494934,
fold-000,evaluation,ridge,klpo_exact,center,3,1,19,2000,42,9.514510304727746e-05,8.593342919177998e-05,0.0001040713719588262,
fold-000,evaluation,ridge,klpo_full,zero,3,1,19,2000,42,0.0070113617170690515,0.0037550276139660574,0.010679918724602387,
fold-000,evaluation,ridge,klpo_full,parent,3,1,19,2000,42,-0.05442948066900043,-0.0778513393926492,-0.03303900055862733,
fold-000,evaluation,ridge,klpo_full,initial_policy,3,1,19,2000,42,-0.025197240277056613,-0.031793902659687324,-0.01830651202963929,
fold-000,evaluation,ridge,klpo_full,center,3,1,19,2000,42,3.908034988806954e-05,-4.851711708448279e-07,7.77010199510562e-05,
fold-000,evaluation,ridge,klpo_mc,zero,3,1,19,2000,42,0.006840744393013134,0.0036476168773127205,0.010438962383158865,
fold-000,evaluation,ridge,klpo_mc,parent,3,1,19,2000,42,-0.05460009799305634,-0.07815043339498007,-0.03321257830535738,
fold-000,evaluation,ridge,klpo_mc,initial_policy,3,1,19,2000,42,-0.02536785760111253,-0.03200839842676805,-0.018524407080936212,
fold-000,evaluation,ridge,klpo_mc,center,3,1,19,2000,42,5.902837919299826e-05,2.0677266495830942e-05,9.47309148297888e-05,
fold-000,evaluation,ridge,mae,zero,3,1,19,2000,42,0.026807357224513113,0.016530182215441374,0.037475659031330974,
fold-000,evaluation,ridge,mae,parent,3,1,19,2000,42,-0.03463348516155635,-0.05090210961361226,-0.019800795927030115,
fold-000,evaluation,ridge,mae,initial_policy,3,1,19,2000,42,-0.0054012447696125485,-0.008073469068698866,-0.0028637046068474095,
fold-000,evaluation,ridge,mae,center,3,1,19,2000,42,-0.010546841438120246,-0.01755472195738586,-0.004365076125176574,
fold-000,evaluation,ridge,reinforce,zero,3,1,19,2000,42,0.02708787693943514,0.01697073872555191,0.03790518983240612,
fold-000,evaluation,ridge,reinforce,parent,3,1,19,2000,42,-0.034352965446634326,-0.05070435696377716,-0.019489156412443646,
fold-000,evaluation,ridge,reinforce,initial_policy,3,1,19,2000,42,-0.005120725054690522,-0.007660266035105344,-0.002693173384765428,
fold-000,evaluation,ridge,reinforce,center,3,1,19,2000,42,-0.015285557822541377,-0.025227177612514272,-0.006413700349107101,
fold-000,evaluation,ridge,ridge,zero,1,1,19,2000,42,0.06144084238606947,0.03668307001241031,0.08834304251638198,
fold-000,evaluation,rnn,expected,zero,3,1,19,2000,42,0.0005967773823089805,0.0002182485749917506,0.0009343826152366737,
fold-000,evaluation,rnn,expected,parent,3,1,19,2000,42,0.0005281926262083947,0.00029047182134549893,0.0007606675696882687,
fold-000,evaluation,rnn,expected,initial_policy,3,1,19,2000,42,0.00046295787567698856,0.0002081091691173592,0.0007141823786331003,
fold-000,evaluation,rnn,expected,center,3,1,19,2000,42,0.00014273529628590635,0.00011546778220270462,0.00016936389902507564,
fold-000,evaluation,rnn,klpo_exact,zero,3,1,19,2000,42,0.00013381950663199195,-0.00011502389686184549,0.0003158907663807032,
fold-000,evaluation,rnn,klpo_exact,parent,3,1,19,2000,42,6.523475053140611e-05,2.121145024642632e-05,0.00011154717453041576,
fold-000,evaluation,rnn,klpo_exact,initial_policy,3,1,19,2000,42,0.0,0.0,0.0,
fold-000,evaluation,rnn,klpo_exact,center,3,1,19,2000,42,6.523475053140611e-05,2.121145024642632e-05,0.00011154717453041576,
fold-000,evaluation,rnn,klpo_full,zero,3,1,19,2000,42,0.00013381950663199195,-0.00011502389686184549,0.0003158907663807032,
fold-000,evaluation,rnn,klpo_full,parent,3,1,19,2000,42,6.523475053140611e-05,2.121145024642632e-05,0.00011154717453041576,
fold-000,evaluation,rnn,klpo_full,initial_policy,3,1,19,2000,42,0.0,0.0,0.0,
fold-000,evaluation,rnn,klpo_full,center,3,1,19,2000,42,6.523475053140611e-05,2.121145024642632e-05,0.00011154717453041576,
fold-000,evaluation,rnn,klpo_mc,zero,3,1,19,2000,42,0.00013381950663199195,-0.00011502389686184549,0.0003158907663807032,
fold-000,evaluation,rnn,klpo_mc,parent,3,1,19,2000,42,6.523475053140611e-05,2.121145024642632e-05,0.00011154717453041576,
fold-000,evaluation,rnn,klpo_mc,initial_policy,3,1,19,2000,42,0.0,0.0,0.0,
fold-000,evaluation,rnn,klpo_mc,center,3,1,19,2000,42,6.523475053140611e-05,2.121145024642632e-05,0.00011154717453041576,
fold-000,evaluation,rnn,mae,zero,3,1,19,2000,42,0.0004625468412392569,0.00019348784321168957,0.0007121933846323505,
fold-000,evaluation,rnn,mae,parent,3,1,19,2000,42,0.00039396208513867105,0.00022063923753496683,0.0005735514056692601,
fold-000,evaluation,rnn,mae,initial_policy,3,1,19,2000,42,0.0003287273346072649,0.00014150224078698196,0.0005206773718421714,
fold-000,evaluation,rnn,mae,center,3,1,19,2000,42,0.0001429521794928727,0.00010452349303909684,0.00018225241709533813,
fold-000,evaluation,rnn,neural_mae,zero,3,1,19,2000,42,0.00020895709367958203,8.422800013998021e-05,0.00031336241760637453,
fold-000,evaluation,rnn,neural_mae,parent,3,1,19,2000,42,0.0001403723375789962,2.9520983271191883e-05,0.00028854467539610933,
fold-000,evaluation,rnn,neural_mae,initial_policy,3,1,19,2000,42,7.513758704759006e-05,-2.483558186169278e-05,0.0002239194104074531,
fold-000,evaluation,rnn,neural_mae,center,3,1,19,2000,42,5.881036401670408e-05,2.1224521778260066e-05,9.685947765384978e-05,
fold-000,evaluation,rnn,neural_mse,zero,3,1,19,2000,42,0.00013758722710361293,-5.757031542548857e-05,0.00027737045817451166,
fold-000,evaluation,rnn,neural_mse,parent,3,1,19,2000,42,6.900247100302708e-05,8.238891427181716e-06,0.00014170156997225642,
fold-000,evaluation,rnn,neural_mse,initial_policy,3,1,19,2000,42,3.767720471620966e-06,-4.8879941331785365e-05,6.700394813297981e-05,
fold-000,evaluation,rnn,neural_mse,center,3,1,19,2000,42,5.711111724692164e-05,1.5984906102317043e-05,9.894991809797769e-05,
fold-000,evaluation,rnn,reference,zero,3,1,19,2000,42,0.0002844788316532795,-9.33333325491273e-06,0.0005188561009453565,
fold-000,evaluation,rnn,reference_mae,zero,3,1,19,2000,42,0.00026832048267027853,-9.641983390055793e-06,0.0005006051328717749,
fold-000,evaluation,rnn,reference_mae,parent,3,1,19,2000,42,-1.6158348983000884e-05,-6.346660078521101e-05,3.575375482027645e-05,
fold-000,evaluation,rnn,reference_mse,zero,3,1,19,2000,42,0.0003467510748902525,3.09830179714447e-05,0.0006174579365675147,
fold-000,evaluation,rnn,reference_mse,parent,3,1,19,2000,42,6.227224323697306e-05,-3.365619412844614e-05,0.00015848043368461265,
fold-000,evaluation,rnn,reinforce,zero,3,1,19,2000,42,0.0001894123026003578,-3.539191647164613e-05,0.0003642700506740935,
fold-000,evaluation,rnn,reinforce,parent,3,1,19,2000,42,0.00012082754649977195,6.083807513205475e-05,0.0001826662921843888,
fold-000,evaluation,rnn,reinforce,initial_policy,3,1,19,2000,42,5.559279596836583e-05,2.029772409188699e-05,9.780904590145456e-05,
fold-000,evaluation,rnn,reinforce,center,3,1,19,2000,42,5.5750514082864426e-05,2.0072721717286073e-05,9.257650257298224e-05,
fold-000,evaluation,xgboost,expected,zero,3,1,19,2000,42,0.0,0.0,0.0,
fold-000,evaluation,xgboost,expected,parent,3,1,19,2000,42,1.013039583963721e-05,-9.975081037525799e-05,0.0001414627247030147,
fold-000,evaluation,xgboost,expected,initial_policy,3,1,19,2000,42,0.0,0.0,0.0,
fold-000,evaluation,xgboost,expected,center,3,1,19,2000,42,1.013039583963721e-05,-9.975081037525799e-05,0.0001414627247030147,
fold-000,evaluation,xgboost,klpo_exact,zero,3,1,19,2000,42,0.0,0.0,0.0,
fold-000,evaluation,xgboost,klpo_exact,parent,3,1,19,2000,42,1.013039583963721e-05,-9.975081037525799e-05,0.0001414627247030147,
fold-000,evaluation,xgboost,klpo_exact,initial_policy,3,1,19,2000,42,0.0,0.0,0.0,
fold-000,evaluation,xgboost,klpo_exact,center,3,1,19,2000,42,1.013039583963721e-05,-9.975081037525799e-05,0.0001414627247030147,
fold-000,evaluation,xgboost,klpo_full,zero,3,1,19,2000,42,0.0,0.0,0.0,
fold-000,evaluation,xgboost,klpo_full,parent,3,1,19,2000,42,1.013039583963721e-05,-9.975081037525799e-05,0.0001414627247030147,
fold-000,evaluation,xgboost,klpo_full,initial_policy,3,1,19,2000,42,0.0,0.0,0.0,
fold-000,evaluation,xgboost,klpo_full,center,3,1,19,2000,42,1.013039583963721e-05,-9.975081037525799e-05,0.0001414627247030147,
fold-000,evaluation,xgboost,klpo_mc,zero,3,1,19,2000,42,0.0,0.0,0.0,
fold-000,evaluation,xgboost,klpo_mc,parent,3,1,19,2000,42,1.013039583963721e-05,-9.975081037525799e-05,0.0001414627247030147,
fold-000,evaluation,xgboost,klpo_mc,initial_policy,3,1,19,2000,42,0.0,0.0,0.0,
fold-000,evaluation,xgboost,klpo_mc,center,3,1,19,2000,42,1.013039583963721e-05,-9.975081037525799e-05,0.0001414627247030147,
fold-000,evaluation,xgboost,mae,zero,3,1,19,2000,42,0.0,0.0,0.0,
fold-000,evaluation,xgboost,mae,parent,3,1,19,2000,42,1.013039583963721e-05,-9.975081037525799e-05,0.0001414627247030147,
fold-000,evaluation,xgboost,mae,initial_policy,3,1,19,2000,42,0.0,0.0,0.0,
fold-000,evaluation,xgboost,mae,center,3,1,19,2000,42,1.013039583963721e-05,-9.975081037525799e-05,0.0001414627247030147,
fold-000,evaluation,xgboost,reinforce,zero,3,1,19,2000,42,0.0,0.0,0.0,
fold-000,evaluation,xgboost,reinforce,parent,3,1,19,2000,42,1.013039583963721e-05,-9.975081037525799e-05,0.0001414627247030147,
fold-000,evaluation,xgboost,reinforce,initial_policy,3,1,19,2000,42,0.0,0.0,0.0,
fold-000,evaluation,xgboost,reinforce,center,3,1,19,2000,42,1.013039583963721e-05,-9.975081037525799e-05,0.0001414627247030147,
fold-000,evaluation,xgboost,xgboost,zero,3,1,19,2000,42,-1.013039583963721e-05,-0.00014146272470301488,9.975081037525794e-05,
fold-000,evaluation,dlinear,expected,zero,3,5,19,2000,42,0.00048679665225369653,0.0002387276146551297,0.0009972148559500521,
fold-000,evaluation,dlinear,expected,parent,3,5,19,2000,42,0.00034209723075230005,0.00016993730166966266,0.0005601329106329666,
fold-000,evaluation,dlinear,expected,initial_policy,3,5,19,2000,42,0.00020949251600351667,3.8532545654231044e-05,0.0003874098367317901,
fold-000,evaluation,dlinear,expected,center,3,5,19,2000,42,0.00011781365071557304,6.0233580672223755e-05,0.00018279850283374238,
fold-000,evaluation,dlinear,klpo_exact,zero,3,5,19,2000,42,0.0002773041362501799,0.00011444561125667293,0.0007109903530276653,
fold-000,evaluation,dlinear,klpo_exact,parent,3,5,19,2000,42,0.00013260471474878336,5.3899955034666395e-05,0.00023798824134320823,
fold-000,evaluation,dlinear,klpo_exact,initial_policy,3,5,19,2000,42,0.0,0.0,0.0,
fold-000,evaluation,dlinear,klpo_exact,center,3,5,19,2000,42,0.00013260471474878336,5.3899955034666395e-05,0.00023798824134320823,
fold-000,evaluation,dlinear,klpo_full,zero,3,5,19,2000,42,0.0002773041362501799,0.00011444561125667293,0.0007109903530276653,
fold-000,evaluation,dlinear,klpo_full,parent,3,5,19,2000,42,0.00013260471474878336,5.3899955034666395e-05,0.00023798824134320823,
fold-000,evaluation,dlinear,klpo_full,initial_policy,3,5,19,2000,42,0.0,0.0,0.0,
fold-000,evaluation,dlinear,klpo_full,center,3,5,19,2000,42,0.00013260471474878336,5.3899955034666395e-05,0.00023798824134320823,
fold-000,evaluation,dlinear,klpo_mc,zero,3,5,19,2000,42,0.0002773041362501799,0.00011444561125667293,0.0007109903530276653,
fold-000,evaluation,dlinear,klpo_mc,parent,3,5,19,2000,42,0.00013260471474878336,5.3899955034666395e-05,0.00023798824134320823,
fold-000,evaluation,dlinear,klpo_mc,initial_policy,3,5,19,2000,42,0.0,0.0,0.0,
fold-000,evaluation,dlinear,klpo_mc,center,3,5,19,2000,42,0.00013260471474878336,5.3899955034666395e-05,0.00023798824134320823,
fold-000,evaluation,dlinear,mae,zero,3,5,19,2000,42,0.0006595235049075603,0.00031595766417256044,0.0015510773043910706,
fold-000,evaluation,dlinear,mae,parent,3,5,19,2000,42,0.0005148240834061637,0.00022684784415681624,0.0010990647079598284,
fold-000,evaluation,dlinear,mae,initial_policy,3,5,19,2000,42,0.0003822193686573804,0.00012169464368757438,0.0009053458266179814,
fold-000,evaluation,dlinear,mae,center,3,5,19,2000,42,9.674208076274644e-05,6.416865019158869e-05,0.0001272117643066981,
fold-000,evaluation,dlinear,neural_mae,zero,3,5,19,2000,42,-5.19287750943791e-06,-1.3901606357954608e-05,5.115234896302594e-06,
fold-000,evaluation,dlinear,neural_mae,parent,3,5,19,2000,42,-0.00014989229901083442,-0.00048824798508126133,-2.1944824414599205e-05,
fold-000,evaluation,dlinear,neural_mae,initial_policy,3,5,19,2000,42,-0.0002824970137596178,-0.0007059317403021231,-0.00012662618485221566,
fold-000,evaluation,dlinear,neural_mae,center,3,5,19,2000,42,6.0505340720388295e-05,-2.949752810009824e-05,0.00013193266173903742,
fold-000,evaluation,dlinear,neural_mse,zero,3,5,19,2000,42,-8.74172589184436e-05,-9.668770632115944e-05,8.371287177015895e-06,
fold-000,evaluation,dlinear,neural_mse,parent,3,5,19,2000,42,-0.00023211668041984014,-0.0004915736245561429,-0.00012251743623042152,
fold-000,evaluation,dlinear,neural_mse,initial_policy,3,5,19,2000,42,-0.0003647213951686235,-0.0007075830319510302,-0.00021082963598052342,
fold-000,evaluation,dlinear,neural_mse,center,3,5,19,2000,42,1.954977188604659e-05,-2.8530947724058044e-05,8.013745275153049e-05,
fold-000,evaluation,dlinear,reference,zero,3,5,19,2000,42,5.1034647597943715e-05,-5.851115374440463e-05,0.00027844485822650953,
fold-000,evaluation,dlinear,reference_mae,zero,3,5,19,2000,42,-6.762408413502885e-05,-0.0001966673625826866,0.00014061073049539865,
fold-000,evaluation,dlinear,reference_mae,parent,3,5,19,2000,42,-0.00011865873173297275,-0.0002165315440914032,-7.197664623017094e-05,
fold-000,evaluation,dlinear,reference_mse,zero,3,5,19,2000,42,5.471844871403415e-05,-5.7323320853253884e-05,0.00030579082492573765,
fold-000,evaluation,dlinear,reference_mse,parent,3,5,19,2000,42,3.683801116090254e-06,-1.9022004561763505e-05,4.015074668390935e-05,
fold-000,evaluation,dlinear,reinforce,zero,3,5,19,2000,42,0.00047769412859090645,0.0001691251893662939,0.0011602166943957028,
fold-000,evaluation,dlinear,reinforce,parent,3,5,19,2000,42,0.00033299470708950997,8.079916271561217e-05,0.0007075937314570051,
fold-000,evaluation,dlinear,reinforce,initial_policy,3,5,19,2000,42,0.0002003899923407266,-5.2403616112973885e-05,0.0005507016612160827,
fold-000,evaluation,dlinear,reinforce,center,3,5,19,2000,42,0.00011009153906044232,5.07447037877851e-05,0.0001653678281451012,
fold-000,evaluation,gru,expected,zero,3,5,19,2000,42,0.0008557392531847756,0.00040002457407970306,0.001418490236039842,
fold-000,evaluation,gru,expected,parent,3,5,19,2000,42,0.00015148648584673184,6.580834336983066e-05,0.00025627400555559035,
fold-000,evaluation,gru,expected,initial_policy,3,5,19,2000,42,-3.556107881861467e-05,-7.668718733799607e-05,7.702922586984117e-05,
fold-000,evaluation,gru,expected,center,3,5,19,2000,42,0.00015120066230187197,0.00010486175384857033,0.0001665355984135976,
fold-000,evaluation,gru,klpo_exact,zero,3,5,19,2000,42,0.0008913003320033903,0.0003427376574945634,0.0014804893615540276,
fold-000,evaluation,gru,klpo_exact,parent,3,5,19,2000,42,0.0001870475646653465,0.00011439348314746538,0.00022931591516624965,
fold-000,evaluation,gru,klpo_exact,initial_policy,3,5,19,2000,42,0.0,0.0,0.0,
fold-000,evaluation,gru,klpo_exact,center,3,5,19,2000,42,0.0001870475646653465,0.00011439348314746538,0.00022931591516624965,
fold-000,evaluation,gru,klpo_full,zero,3,5,19,2000,42,0.0008913003320033903,0.0003427376574945634,0.0014804893615540276,
fold-000,evaluation,gru,klpo_full,parent,3,5,19,2000,42,0.0001870475646653465,0.00011439348314746538,0.00022931591516624965,
fold-000,evaluation,gru,klpo_full,initial_policy,3,5,19,2000,42,0.0,0.0,0.0,
fold-000,evaluation,gru,klpo_full,center,3,5,19,2000,42,0.0001870475646653465,0.00011439348314746538,0.00022931591516624965,
fold-000,evaluation,gru,klpo_mc,zero,3,5,19,2000,42,0.0008913003320033903,0.0003427376574945634,0.0014804893615540276,
fold-000,evaluation,gru,klpo_mc,parent,3,5,19,2000,42,0.0001870475646653465,0.00011439348314746538,0.00022931591516624965,
fold-000,evaluation,gru,klpo_mc,initial_policy,3,5,19,2000,42,0.0,0.0,0.0,
fold-000,evaluation,gru,klpo_mc,center,3,5,19,2000,42,0.0001870475646653465,0.00011439348314746538,0.00022931591516624965,
fold-000,evaluation,gru,mae,zero,3,5,19,2000,42,0.0008773322577008774,0.0004237396118041098,0.0014279116465105385,
fold-000,evaluation,gru,mae,parent,3,5,19,2000,42,0.0001730794903628338,7.908645551932207e-05,0.00027532364994496217,
fold-000,evaluation,gru,mae,initial_policy,3,5,19,2000,42,-1.3968074302512684e-05,-5.88245800676771e-05,8.919453010007344e-05,
fold-000,evaluation,gru,mae,center,3,5,19,2000,42,0.00015328594114994606,0.00011058423348436643,0.00017018179519720316,
fold-000,evaluation,gru,neural_mae,zero,3,5,19,2000,42,9.22872342221606e-06,-6.615766831271655e-06,2.85436415136999e-05,
fold-000,evaluation,gru,neural_mae,parent,3,5,19,2000,42,-0.0006950240439158276,-0.0013331592509794998,-0.0001457534963269361,
fold-000,evaluation,gru,neural_mae,initial_policy,3,5,19,2000,42,-0.0008820716085811741,-0.0014675719767939719,-0.00033628873924082216,
fold-000,evaluation,gru,neural_mae,center,3,5,19,2000,42,-1.983675206873099e-05,-5.645353632974651e-05,1.768644468512458e-05,
fold-000,evaluation,gru,neural_mse,zero,3,5,19,2000,42,6.151814032318316e-05,1.1436036273792128e-05,0.00015258293817554174,
fold-000,evaluation,gru,neural_mse,parent,3,5,19,2000,42,-0.0006427346270148606,-0.0013212588643709685,-3.3187651922957715e-05,
fold-000,evaluation,gru,neural_mse,initial_policy,3,5,19,2000,42,-0.000829782191680207,-0.0014530314808503867,-0.00023255660541984512,
fold-000,evaluation,gru,neural_mse,center,3,5,19,2000,42,-2.7702511734770302e-05,-6.56033828316549e-05,3.1736175870017736e-06,
fold-000,evaluation,gru,reference,zero,3,5,19,2000,42,0.00039168733711198995,0.00010611507579833173,0.0007247548822410193,
fold-000,evaluation,gru,reference_mae,zero,3,5,19,2000,42,9.043277483943186e-05,-3.9382246812124087e-05,0.0002626026600715253,
fold-000,evaluation,gru,reference_mae,parent,3,5,19,2000,42,-0.00030125456227255836,-0.0004699226128271476,-0.00012879811993768566,
fold-000,evaluation,gru,reference_mse,zero,3,5,19,2000,42,0.00015177255964474742,-6.162901777576662e-06,0.0003704853564837734,
fold-000,evaluation,gru,reference_mse,parent,3,5,19,2000,42,-0.00023991477746724277,-0.0003744661099933777,-5.0443177173887044e-05,
fold-000,evaluation,gru,reinforce,zero,3,5,19,2000,42,0.0009120971077708502,0.00038842598359280884,0.0015138213313063927,
fold-000,evaluation,gru,reinforce,parent,3,5,19,2000,42,0.00020784434043280656,0.00014232362000986975,0.000245184284999505,
fold-000,evaluation,gru,reinforce,initial_policy,3,5,19,2000,42,2.0796775767460055e-05,-1.3835356776080224e-05,6.94147762605839e-05,
fold-000,evaluation,gru,reinforce,center,3,5,19,2000,42,0.0001631345995436762,0.00010721491792111991,0.00019546080442050685,
fold-000,evaluation,lstm,expected,zero,3,5,19,2000,42,0.00019840900281882986,2.1633850330836327e-05,0.0004838672372661357,
fold-000,evaluation,lstm,expected,parent,3,5,19,2000,42,6.864370837556654e-05,-1.1616070641416265e-05,0.00015988210900759182,
fold-000,evaluation,lstm,expected,initial_policy,3,5,19,2000,42,0.0,0.0,0.0,
fold-000,evaluation,lstm,expected,center,3,5,19,2000,42,6.864370837556654e-05,-1.1616070641416265e-05,0.00015988210900759182,
fold-000,evaluation,lstm,klpo_exact,zero,3,5,19,2000,42,0.00019840900281882986,2.1633850330836327e-05,0.0004838672372661357,
fold-000,evaluation,lstm,klpo_exact,parent,3,5,19,2000,42,6.864370837556654e-05,-1.1616070641416265e-05,0.00015988210900759182,
fold-000,evaluation,lstm,klpo_exact,initial_policy,3,5,19,2000,42,0.0,0.0,0.0,
fold-000,evaluation,lstm,klpo_exact,center,3,5,19,2000,42,6.864370837556654e-05,-1.1616070641416265e-05,0.00015988210900759182,
fold-000,evaluation,lstm,klpo_full,zero,3,5,19,2000,42,0.00019840900281882986,2.1633850330836327e-05,0.0004838672372661357,
fold-000,evaluation,lstm,klpo_full,parent,3,5,19,2000,42,6.864370837556654e-05,-1.1616070641416265e-05,0.00015988210900759182,
fold-000,evaluation,lstm,klpo_full,initial_policy,3,5,19,2000,42,0.0,0.0,0.0,
fold-000,evaluation,lstm,klpo_full,center,3,5,19,2000,42,6.864370837556654e-05,-1.1616070641416265e-05,0.00015988210900759182,
fold-000,evaluation,lstm,klpo_mc,zero,3,5,19,2000,42,0.00019840900281882986,2.1633850330836327e-05,0.0004838672372661357,
fold-000,evaluation,lstm,klpo_mc,parent,3,5,19,2000,42,6.864370837556654e-05,-1.1616070641416265e-05,0.00015988210900759182,
fold-000,evaluation,lstm,klpo_mc,initial_policy,3,5,19,2000,42,0.0,0.0,0.0,
fold-000,evaluation,lstm,klpo_mc,center,3,5,19,2000,42,6.864370837556654e-05,-1.1616070641416265e-05,0.00015988210900759182,
fold-000,evaluation,lstm,mae,zero,3,5,19,2000,42,0.00019840900281882986,2.1633850330836327e-05,0.0004838672372661357,
fold-000,evaluation,lstm,mae,parent,3,5,19,2000,42,6.864370837556654e-05,-1.1616070641416265e-05,0.00015988210900759182,
fold-000,evaluation,lstm,mae,initial_policy,3,5,19,2000,42,0.0,0.0,0.0,
fold-000,evaluation,lstm,mae,center,3,5,19,2000,42,6.864370837556654e-05,-1.1616070641416265e-05,0.00015988210900759182,
fold-000,evaluation,lstm,neural_mae,zero,3,5,19,2000,42,8.89560525957215e-05,1.2409440624640923e-05,0.00018136529502925594,
fold-000,evaluation,lstm,neural_mae,parent,3,5,19,2000,42,-4.080924184754183e-05,-0.00026013811518571473,0.00010217210027500451,
fold-000,evaluation,lstm,neural_mae,initial_policy,3,5,19,2000,42,-0.00010945295022310836,-0.0003739116477183509,7.083272992361577e-05,
fold-000,evaluation,lstm,neural_mae,center,3,5,19,2000,42,7.454575601052717e-05,2.949496897809766e-05,0.0001095275764646283,
fold-000,evaluation,lstm,neural_mse,zero,3,5,19,2000,42,0.00017360840263500445,0.00013519892204335126,0.000286011972401003,
fold-000,evaluation,lstm,neural_mse,parent,3,5,19,2000,42,4.3843108191741116e-05,-0.00010077334701069778,0.00020104203357677083,
fold-000,evaluation,lstm,neural_mse,initial_policy,3,5,19,2000,42,-2.4800600183825416e-05,-0.00020249720241186095,0.00012045379965207472,
fold-000,evaluation,lstm,neural_mse,center,3,5,19,2000,42,2.5078223929419705e-05,-1.4967732442892005e-05,5.922418855319422e-05,
fold-000,evaluation,lstm,reference,zero,3,5,19,2000,42,0.00010780861893896513,6.638580996609491e-06,0.0002741573488908653,
fold-000,evaluation,lstm,reference_mae,zero,3,5,19,2000,42,0.00010125304356490888,9.17860823636273e-06,0.00025887634424482514,
fold-000,evaluation,lstm,reference_mae,parent,3,5,19,2000,42,-6.555575374056251e-06,-2.0240023258984595e-05,2.0524709225525278e-05,
fold-000,evaluation,lstm,reference_mse,zero,3,5,19,2000,42,0.00010780861893896513,6.638580996609676e-06,0.00027415734889086517,
fold-000,evaluation,lstm,reference_mse,parent,3,5,19,2000,42,0.0,0.0,0.0,
fold-000,evaluation,lstm,reinforce,zero,3,5,19,2000,42,0.00019840900281882986,2.1633850330836327e-05,0.0004838672372661357,
fold-000,evaluation,lstm,reinforce,parent,3,5,19,2000,42,6.864370837556654e-05,-1.1616070641416265e-05,0.00015988210900759182,
fold-000,evaluation,lstm,reinforce,initial_policy,3,5,19,2000,42,0.0,0.0,0.0,
fold-000,evaluation,lstm,reinforce,center,3,5,19,2000,42,6.864370837556654e-05,-1.1616070641416265e-05,0.00015988210900759182,
fold-000,evaluation,ridge,expected,zero,3,5,19,2000,42,0.028100012103337967,0.0111522343052106,0.04506340969016634,
fold-000,evaluation,ridge,expected,parent,3,5,19,2000,42,-0.033340830282731514,-0.0621296511431756,-0.006396822177660591,
fold-000,evaluation,ridge,expected,initial_policy,3,5,19,2000,42,-0.0041085898907877024,-0.007537142013993439,-0.0004556753503712569,
fold-000,evaluation,ridge,expected,center,3,5,19,2000,42,-0.013934347204096706,-0.029695949212709873,-2.6834552537571e-06,
fold-000,evaluation,ridge,klpo_exact,zero,3,5,19,2000,42,0.0018966526559642404,0.0011383681470212375,0.0027206718603060513,
fold-000,evaluation,ridge,klpo_exact,parent,3,5,19,2000,42,-0.059544189730105244,-0.10460776849073898,-0.016436944994875063,
fold-000,evaluation,ridge,klpo_exact,initial_policy,3,5,19,2000,42,-0.03031194933816142,-0.043716749963882064,-0.01487487120742371,
fold-000,evaluation,ridge,klpo_exact,center,3,5,19,2000,42,9.514510304727746e-05,8.68562076866522e-05,0.00010502936401090557,
fold-000,evaluation,ridge,klpo_full,zero,3,5,19,2000,42,0.0070113617170690515,0.0010562016021553055,0.013243127004312343,
fold-000,evaluation,ridge,klpo_full,parent,3,5,19,2000,42,-0.05442948066900043,-0.09442867991193853,-0.01604020593746045,
fold-000,evaluation,ridge,klpo_full,initial_policy,3,5,19,2000,42,-0.025197240277056613,-0.03299555475369305,-0.013456663575594684,
fold-000,evaluation,ridge,klpo_full,center,3,5,19,2000,42,3.908034988806954e-05,-2.4070813659929816e-05,9.732939681820625e-05,
fold-000,evaluation,ridge,klpo_mc,zero,3,5,19,2000,42,0.006840744393013134,0.001066557956965372,0.0129746107409469,
fold-000,evaluation,ridge,klpo_mc,parent,3,5,19,2000,42,-0.05460009799305634,-0.09470164818892055,-0.016046949618726915,
fold-000,evaluation,ridge,klpo_mc,initial_policy,3,5,19,2000,42,-0.02536785760111253,-0.03338676901307005,-0.013611585996986312,
fold-000,evaluation,ridge,klpo_mc,center,3,5,19,2000,42,5.902837919299826e-05,4.018872904861803e-06,0.00011679472171268913,
fold-000,evaluation,ridge,mae,zero,3,5,19,2000,42,0.026807357224513113,0.009403606064085886,0.04453599310837887,
fold-000,evaluation,ridge,mae,parent,3,5,19,2000,42,-0.03463348516155635,-0.06288149362681968,-0.008241324383157706,
fold-000,evaluation,ridge,mae,initial_policy,3,5,19,2000,42,-0.0054012447696125485,-0.00997871031104805,-0.0004837710076251587,
fold-000,evaluation,ridge,mae,center,3,5,19,2000,42,-0.010546841438120246,-0.022728333664665833,6.037931141551371e-05,
fold-000,evaluation,ridge,reinforce,zero,3,5,19,2000,42,0.02708787693943514,0.00964836492258984,0.04465721983680678,
fold-000,evaluation,ridge,reinforce,parent,3,5,19,2000,42,-0.034352965446634326,-0.06268751490164882,-0.008007727336641434,
fold-000,evaluation,ridge,reinforce,initial_policy,3,5,19,2000,42,-0.005120725054690522,-0.00955004892307665,-0.0004019140517161575,
fold-000,evaluation,ridge,reinforce,center,3,5,19,2000,42,-0.015285557822541377,-0.032493807459643614,2.6922069068475264e-05,
fold-000,evaluation,ridge,ridge,zero,1,5,19,2000,42,0.06144084238606947,0.017676179367297103,0.10729344597424013,
fold-000,evaluation,rnn,expected,zero,3,5,19,2000,42,0.0005967773823089805,0.00017930881262498915,0.0011014504293364357,
fold-000,evaluation,rnn,expected,parent,3,5,19,2000,42,0.0005281926262083947,0.00015823272200654975,0.0008471391233726433,
fold-000,evaluation,rnn,expected,initial_policy,3,5,19,2000,42,0.00046295787567698856,6.070071124783734e-05,0.000824714704087109,
fold-000,evaluation,rnn,expected,center,3,5,19,2000,42,0.00014273529628590635,9.476833264533021e-05,0.0001869158119496632,
fold-000,evaluation,rnn,klpo_exact,zero,3,5,19,2000,42,0.00013381950663199195,5.065976229896816e-05,0.00032764779767785674,
fold-000,evaluation,rnn,klpo_exact,parent,3,5,19,2000,42,6.523475053140611e-05,2.0697663818987292e-05,0.00011305694863362307,
fold-000,evaluation,rnn,klpo_exact,initial_policy,3,5,19,2000,42,0.0,0.0,0.0,
fold-000,evaluation,rnn,klpo_exact,center,3,5,19,2000,42,6.523475053140611e-05,2.0697663818987292e-05,0.00011305694863362307,
fold-000,evaluation,rnn,klpo_full,zero,3,5,19,2000,42,0.00013381950663199195,5.065976229896816e-05,0.00032764779767785674,
fold-000,evaluation,rnn,klpo_full,parent,3,5,19,2000,42,6.523475053140611e-05,2.0697663818987292e-05,0.00011305694863362307,
fold-000,evaluation,rnn,klpo_full,initial_policy,3,5,19,2000,42,0.0,0.0,0.0,
fold-000,evaluation,rnn,klpo_full,center,3,5,19,2000,42,6.523475053140611e-05,2.0697663818987292e-05,0.00011305694863362307,
fold-000,evaluation,rnn,klpo_mc,zero,3,5,19,2000,42,0.00013381950663199195,5.065976229896816e-05,0.00032764779767785674,
fold-000,evaluation,rnn,klpo_mc,parent,3,5,19,2000,42,6.523475053140611e-05,2.0697663818987292e-05,0.00011305694863362307,
fold-000,evaluation,rnn,klpo_mc,initial_policy,3,5,19,2000,42,0.0,0.0,0.0,
fold-000,evaluation,rnn,klpo_mc,center,3,5,19,2000,42,6.523475053140611e-05,2.0697663818987292e-05,0.00011305694863362307,
fold-000,evaluation,rnn,mae,zero,3,5,19,2000,42,0.0004625468412392569,0.00015153625512333733,0.0008347782122056754,
fold-000,evaluation,rnn,mae,parent,3,5,19,2000,42,0.00039396208513867105,0.0001250267693338819,0.0005857145648668594,
fold-000,evaluation,rnn,mae,initial_policy,3,5,19,2000,42,0.0003287273346072649,1.6153345035278285e-05,0.000556310542000898,
fold-000,evaluation,rnn,mae,center,3,5,19,2000,42,0.0001429521794928727,9.941598874295598e-05,0.0001885336508821602,
fold-000,evaluation,rnn,neural_mae,zero,3,5,19,2000,42,0.00020895709367958203,0.00016458160873972027,0.00032417566039575875,
fold-000,evaluation,rnn,neural_mae,parent,3,5,19,2000,42,0.0001403723375789962,1.6176280973892213e-05,0.00020949439836281754,
fold-000,evaluation,rnn,neural_mae,initial_policy,3,5,19,2000,42,7.513758704759006e-05,-1.6673249376810147e-05,0.00012462748883427916,
fold-000,evaluation,rnn,neural_mae,center,3,5,19,2000,42,5.881036401670408e-05,1.890366366468765e-05,0.00010251922029457137,
fold-000,evaluation,rnn,neural_mse,zero,3,5,19,2000,42,0.00013758722710361293,5.728745673547192e-05,0.00029394751737523334,
fold-000,evaluation,rnn,neural_mse,parent,3,5,19,2000,42,6.900247100302708e-05,1.3818962406036855e-07,9.275635737998545e-05,
fold-000,evaluation,rnn,neural_mse,initial_policy,3,5,19,2000,42,3.767720471620966e-06,-4.941025746019846e-05,2.03375679511179e-05,
fold-000,evaluation,rnn,neural_mse,center,3,5,19,2000,42,5.711111724692164e-05,6.742790134478773e-06,0.0001018177723288826,
fold-000,evaluation,rnn,reference,zero,3,5,19,2000,42,0.0002844788316532795,0.00014348981115636496,0.0005752708205161331,
fold-000,evaluation,rnn,reference_mae,zero,3,5,19,2000,42,0.00026832048267027853,0.0001351010256978244,0.0005444532530148909,
fold-000,evaluation,rnn,reference_mae,parent,3,5,19,2000,42,-1.6158348983000884e-05,-4.798158243997024e-05,-1.85189264486531e-06,
fold-000,evaluation,rnn,reference_mse,zero,3,5,19,2000,42,0.0003467510748902525,9.819698622224134e-05,0.0007193713920278611,
fold-000,evaluation,rnn,reference_mse,parent,3,5,19,2000,42,6.227224323697306e-05,-0.0001031618465998254,0.00018430180806162133,
fold-000,evaluation,rnn,reinforce,zero,3,5,19,2000,42,0.0001894123026003578,0.00011042076186163914,0.00037025652654793607,
fold-000,evaluation,rnn,reinforce,parent,3,5,19,2000,42,0.00012082754649977195,3.8760995101833604e-05,0.00020634927689424767,
fold-000,evaluation,rnn,reinforce,initial_policy,3,5,19,2000,42,5.559279596836583e-05,1.5283012493747247e-05,9.391029058889573e-05,
fold-000,evaluation,rnn,reinforce,center,3,5,19,2000,42,5.5750514082864426e-05,1.7531405132782694e-05,9.440951421228713e-05,
fold-000,evaluation,xgboost,expected,zero,3,5,19,2000,42,0.0,0.0,0.0,
fold-000,evaluation,xgboost,expected,parent,3,5,19,2000,42,1.013039583963721e-05,-8.76204578963234e-05,0.00010499315290545414,
fold-000,evaluation,xgboost,expected,initial_policy,3,5,19,2000,42,0.0,0.0,0.0,
fold-000,evaluation,xgboost,expected,center,3,5,19,2000,42,1.013039583963721e-05,-8.76204578963234e-05,0.00010499315290545414,
fold-000,evaluation,xgboost,klpo_exact,zero,3,5,19,2000,42,0.0,0.0,0.0,
fold-000,evaluation,xgboost,klpo_exact,parent,3,5,19,2000,42,1.013039583963721e-05,-8.76204578963234e-05,0.00010499315290545414,
fold-000,evaluation,xgboost,klpo_exact,initial_policy,3,5,19,2000,42,0.0,0.0,0.0,
fold-000,evaluation,xgboost,klpo_exact,center,3,5,19,2000,42,1.013039583963721e-05,-8.76204578963234e-05,0.00010499315290545414,
fold-000,evaluation,xgboost,klpo_full,zero,3,5,19,2000,42,0.0,0.0,0.0,
fold-000,evaluation,xgboost,klpo_full,parent,3,5,19,2000,42,1.013039583963721e-05,-8.76204578963234e-05,0.00010499315290545414,
fold-000,evaluation,xgboost,klpo_full,initial_policy,3,5,19,2000,42,0.0,0.0,0.0,
fold-000,evaluation,xgboost,klpo_full,center,3,5,19,2000,42,1.013039583963721e-05,-8.76204578963234e-05,0.00010499315290545414,
fold-000,evaluation,xgboost,klpo_mc,zero,3,5,19,2000,42,0.0,0.0,0.0,
fold-000,evaluation,xgboost,klpo_mc,parent,3,5,19,2000,42,1.013039583963721e-05,-8.76204578963234e-05,0.00010499315290545414,
fold-000,evaluation,xgboost,klpo_mc,initial_policy,3,5,19,2000,42,0.0,0.0,0.0,
fold-000,evaluation,xgboost,klpo_mc,center,3,5,19,2000,42,1.013039583963721e-05,-8.76204578963234e-05,0.00010499315290545414,
fold-000,evaluation,xgboost,mae,zero,3,5,19,2000,42,0.0,0.0,0.0,
fold-000,evaluation,xgboost,mae,parent,3,5,19,2000,42,1.013039583963721e-05,-8.76204578963234e-05,0.00010499315290545414,
fold-000,evaluation,xgboost,mae,initial_policy,3,5,19,2000,42,0.0,0.0,0.0,
fold-000,evaluation,xgboost,mae,center,3,5,19,2000,42,1.013039583963721e-05,-8.76204578963234e-05,0.00010499315290545414,
fold-000,evaluation,xgboost,reinforce,zero,3,5,19,2000,42,0.0,0.0,0.0,
fold-000,evaluation,xgboost,reinforce,parent,3,5,19,2000,42,1.013039583963721e-05,-8.76204578963234e-05,0.00010499315290545414,
fold-000,evaluation,xgboost,reinforce,initial_policy,3,5,19,2000,42,0.0,0.0,0.0,
fold-000,evaluation,xgboost,reinforce,center,3,5,19,2000,42,1.013039583963721e-05,-8.76204578963234e-05,0.00010499315290545414,
fold-000,evaluation,xgboost,xgboost,zero,3,5,19,2000,42,-1.013039583963721e-05,-0.00010499315290545414,8.76204578963234e-05,
fold-000,evaluation,dlinear,expected,zero,3,10,19,2000,42,0.00048679665225369653,0.00048679665225369653,0.0008422809990189014,
fold-000,evaluation,dlinear,expected,parent,3,10,19,2000,42,0.00034209723075230005,0.00025000033578075336,0.00046396733193982716,
fold-000,evaluation,dlinear,expected,initial_policy,3,10,19,2000,42,0.00020949251600351667,0.0001368363921318733,0.00031223863358339804,
fold-000,evaluation,dlinear,expected,center,3,10,19,2000,42,0.00011781365071557304,7.085291616582675e-05,0.00016849707206303478,
fold-000,evaluation,dlinear,klpo_exact,zero,3,10,19,2000,42,0.0002773041362501799,0.00027730413625017984,0.0005677467617426547,
fold-000,evaluation,dlinear,klpo_exact,parent,3,10,19,2000,42,0.00013260471474878336,5.815571943757482e-05,0.0002031485432575026,
fold-000,evaluation,dlinear,klpo_exact,initial_policy,3,10,19,2000,42,0.0,0.0,0.0,
fold-000,evaluation,dlinear,klpo_exact,center,3,10,19,2000,42,0.00013260471474878336,5.815571943757482e-05,0.0002031485432575026,
fold-000,evaluation,dlinear,klpo_full,zero,3,10,19,2000,42,0.0002773041362501799,0.00027730413625017984,0.0005677467617426547,
fold-000,evaluation,dlinear,klpo_full,parent,3,10,19,2000,42,0.00013260471474878336,5.815571943757482e-05,0.0002031485432575026,
fold-000,evaluation,dlinear,klpo_full,initial_policy,3,10,19,2000,42,0.0,0.0,0.0,
fold-000,evaluation,dlinear,klpo_full,center,3,10,19,2000,42,0.00013260471474878336,5.815571943757482e-05,0.0002031485432575026,
fold-000,evaluation,dlinear,klpo_mc,zero,3,10,19,2000,42,0.0002773041362501799,0.00027730413625017984,0.0005677467617426547,
fold-000,evaluation,dlinear,klpo_mc,parent,3,10,19,2000,42,0.00013260471474878336,5.815571943757482e-05,0.0002031485432575026,
fold-000,evaluation,dlinear,klpo_mc,initial_policy,3,10,19,2000,42,0.0,0.0,0.0,
fold-000,evaluation,dlinear,klpo_mc,center,3,10,19,2000,42,0.00013260471474878336,5.815571943757482e-05,0.0002031485432575026,
fold-000,evaluation,dlinear,mae,zero,3,10,19,2000,42,0.0006595235049075603,0.0006901883293261324,0.0012129464310151206,
fold-000,evaluation,dlinear,mae,parent,3,10,19,2000,42,0.0005148240834061637,0.0004653242579548436,0.0008542102633951429,
fold-000,evaluation,dlinear,mae,initial_policy,3,10,19,2000,42,0.0003822193686573804,0.0003960777033220178,0.0006765361772486631,
fold-000,evaluation,dlinear,mae,center,3,10,19,2000,42,9.674208076274644e-05,7.450690185111028e-05,0.000105104761039626,
fold-000,evaluation,dlinear,neural_mae,zero,3,10,19,2000,42,-5.19287750943791e-06,-8.875492849224172e-06,2.7528260210004654e-06,
fold-000,evaluation,dlinear,neural_mae,parent,3,10,19,2000,42,-0.00014989229901083442,-0.00040559384253943215,-0.00014733893007199506,
fold-000,evaluation,dlinear,neural_mae,initial_policy,3,10,19,2000,42,-0.0002824970137596178,-0.0005662863416087336,-0.00028249701375961773,
fold-000,evaluation,dlinear,neural_mae,center,3,10,19,2000,42,6.0505340720388295e-05,-2.425639117064522e-05,0.00011804338695739354,
fold-000,evaluation,dlinear,neural_mse,zero,3,10,19,2000,42,-8.74172589184436e-05,-9.397290909028196e-05,4.416512955094021e-06,
fold-000,evaluation,dlinear,neural_mse,parent,3,10,19,2000,42,-0.00023211668041984014,-0.00040643754675427727,-0.00021722202171652389,
fold-000,evaluation,dlinear,neural_mse,initial_policy,3,10,19,2000,42,-0.0003647213951686235,-0.0005677988955429969,-0.00029040357949743615,
fold-000,evaluation,dlinear,neural_mse,center,3,10,19,2000,42,1.954977188604659e-05,-1.2312348064547235e-06,8.821500006270345e-05,
fold-000,evaluation,dlinear,reference,zero,3,10,19,2000,42,5.1034647597943715e-05,7.146232238019639e-06,0.00022859445918271682,
fold-000,evaluation,dlinear,reference_mae,zero,3,10,19,2000,42,-6.762408413502885e-05,-0.00017127436133842832,9.482597707445853e-05,
fold-000,evaluation,dlinear,reference_mae,parent,3,10,19,2000,42,-0.00011865873173297275,-0.00018709468715444745,-8.234689297608457e-05,
fold-000,evaluation,dlinear,reference_mse,zero,3,10,19,2000,42,5.471844871403415e-05,1.08103293612769e-05,0.0002400976024258065,
fold-000,evaluation,dlinear,reference_mse,parent,3,10,19,2000,42,3.683801116090254e-06,-1.8688188787693338e-05,2.484354848219396e-05,
fold-000,evaluation,dlinear,reinforce,zero,3,10,19,2000,42,0.00047769412859090645,0.0004776941285909064,0.0009057107118583949,
fold-000,evaluation,dlinear,reinforce,parent,3,10,19,2000,42,0.00033299470708950997,0.00027806444464023084,0.0005306211688120352,
fold-000,evaluation,dlinear,reinforce,initial_policy,3,10,19,2000,42,0.0002003899923407266,0.00018239095335348174,0.00037864287622141454,
fold-000,evaluation,dlinear,reinforce,center,3,10,19,2000,42,0.00011009153906044232,5.021761316778807e-05,0.0001464403801539538,
fold-000,evaluation,gru,expected,zero,3,10,19,2000,42,0.0008557392531847756,0.0003374463773359913,0.0012244172220530606,
fold-000,evaluation,gru,expected,parent,3,10,19,2000,42,0.00015148648584673184,0.00010014608744708177,0.00025865094388205674,
fold-000,evaluation,gru,expected,initial_policy,3,10,19,2000,42,-3.556107881861467e-05,-7.008808083475906e-05,5.757622337378883e-05,
fold-000,evaluation,gru,expected,center,3,10,19,2000,42,0.00015120066230187197,0.00011940694126171328,0.00015720293204213155,
fold-000,evaluation,gru,klpo_exact,zero,3,10,19,2000,42,0.0008913003320033903,0.0002978956094741614,0.0012945053028878195,
fold-000,evaluation,gru,klpo_exact,parent,3,10,19,2000,42,0.0001870475646653465,0.00013038176496245224,0.00020854368845481475,
fold-000,evaluation,gru,klpo_exact,initial_policy,3,10,19,2000,42,0.0,0.0,0.0,
fold-000,evaluation,gru,klpo_exact,center,3,10,19,2000,42,0.0001870475646653465,0.00013038176496245224,0.00020854368845481475,
fold-000,evaluation,gru,klpo_full,zero,3,10,19,2000,42,0.0008913003320033903,0.0002978956094741614,0.0012945053028878195,
fold-000,evaluation,gru,klpo_full,parent,3,10,19,2000,42,0.0001870475646653465,0.00013038176496245224,0.00020854368845481475,
fold-000,evaluation,gru,klpo_full,initial_policy,3,10,19,2000,42,0.0,0.0,0.0,
fold-000,evaluation,gru,klpo_full,center,3,10,19,2000,42,0.0001870475646653465,0.00013038176496245224,0.00020854368845481475,
fold-000,evaluation,gru,klpo_mc,zero,3,10,19,2000,42,0.0008913003320033903,0.0002978956094741614,0.0012945053028878195,
fold-000,evaluation,gru,klpo_mc,parent,3,10,19,2000,42,0.0001870475646653465,0.00013038176496245224,0.00020854368845481475,
fold-000,evaluation,gru,klpo_mc,initial_policy,3,10,19,2000,42,0.0,0.0,0.0,
fold-000,evaluation,gru,klpo_mc,center,3,10,19,2000,42,0.0001870475646653465,0.00013038176496245224,0.00020854368845481475,
fold-000,evaluation,gru,mae,zero,3,10,19,2000,42,0.0008773322577008774,0.00036459038485119055,0.001240848264963666,
fold-000,evaluation,gru,mae,parent,3,10,19,2000,42,0.0001730794903628338,0.00011154663725585538,0.0002830090949679402,
fold-000,evaluation,gru,mae,initial_policy,3,10,19,2000,42,-1.3968074302512684e-05,-5.365703792415357e-05,7.527237854068905e-05,
fold-000,evaluation,gru,mae,center,3,10,19,2000,42,0.00015328594114994606,0.00012151243553208316,0.0001659379397394838,
fold-000,evaluation,gru,neural_mae,zero,3,10,19,2000,42,9.22872342221606e-06,-1.3947058271570025e-06,1.3104239795471838e-05,
fold-000,evaluation,gru,neural_mae,parent,3,10,19,2000,42,-0.0006950240439158276,-0.001119959167875006,-7.666294910757543e-05,
fold-000,evaluation,gru,neural_mae,initial_policy,3,10,19,2000,42,-0.0008820716085811741,-0.0012901933361568465,-0.0002889315151144734,
fold-000,evaluation,gru,neural_mae,center,3,10,19,2000,42,-1.983675206873099e-05,-4.649865552434568e-05,1.6003931607995424e-05,
fold-000,evaluation,gru,neural_mse,zero,3,10,19,2000,42,6.151814032318316e-05,1.7364003427681362e-05,0.00011561563450747224,
fold-000,evaluation,gru,neural_mse,parent,3,10,19,2000,42,-0.0006427346270148606,-0.0011064451149800226,2.908390513356452e-05,
fold-000,evaluation,gru,neural_mse,initial_policy,3,10,19,2000,42,-0.000829782191680207,-0.0012766792832618636,-0.00018318466087333346,
fold-000,evaluation,gru,neural_mse,center,3,10,19,2000,42,-2.7702511734770302e-05,-4.9166843105904695e-05,-1.1510949785275859e-05,
fold-000,evaluation,gru,reference,zero,3,10,19,2000,42,0.00039168733711198995,8.248185421347911e-05,0.0005842281473490098,
fold-000,evaluation,gru,reference_mae,zero,3,10,19,2000,42,9.043277483943186e-05,-4.4791442009817614e-05,0.00017268096121256663,
fold-000,evaluation,gru,reference_mae,parent,3,10,19,2000,42,-0.00030125456227255836,-0.0004130523087998879,-0.00012727329622329748,
fold-000,evaluation,gru,reference_mse,zero,3,10,19,2000,42,0.00015177255964474742,1.2078535479410338e-05,0.00026087242670557283,
fold-000,evaluation,gru,reference_mse,parent,3,10,19,2000,42,-0.00023991477746724277,-0.00034400194444596444,-6.700924847995418e-05,
fold-000,evaluation,gru,reinforce,zero,3,10,19,2000,42,0.0009120971077708502,0.0003325887263429343,0.0013144115310542565,
fold-000,evaluation,gru,reinforce,parent,3,10,19,2000,42,0.00020784434043280656,0.00016185721334698304,0.0002475744205186154,
fold-000,evaluation,gru,reinforce,initial_policy,3,10,19,2000,42,2.0796775767460055e-05,6.6104099592536835e-06,5.224216450302363e-05,
fold-000,evaluation,gru,reinforce,center,3,10,19,2000,42,0.0001631345995436762,0.00012035629943924743,0.00017540804852469966,
fold-000,evaluation,lstm,expected,zero,3,10,19,2000,42,0.00019840900281882986,2.9457107108381557e-05,0.0003333264642671736,
fold-000,evaluation,lstm,expected,parent,3,10,19,2000,42,6.864370837556654e-05,1.0880784131244432e-05,0.00013850418120424002,
fold-000,evaluation,lstm,expected,initial_policy,3,10,19,2000,42,0.0,0.0,0.0,
fold-000,evaluation,lstm,expected,center,3,10,19,2000,42,6.864370837556654e-05,1.0880784131244432e-05,0.00013850418120424002,
fold-000,evaluation,lstm,klpo_exact,zero,3,10,19,2000,42,0.00019840900281882986,2.9457107108381557e-05,0.0003333264642671736,
fold-000,evaluation,lstm,klpo_exact,parent,3,10,19,2000,42,6.864370837556654e-05,1.0880784131244432e-05,0.00013850418120424002,
fold-000,evaluation,lstm,klpo_exact,initial_policy,3,10,19,2000,42,0.0,0.0,0.0,
fold-000,evaluation,lstm,klpo_exact,center,3,10,19,2000,42,6.864370837556654e-05,1.0880784131244432e-05,0.00013850418120424002,
fold-000,evaluation,lstm,klpo_full,zero,3,10,19,2000,42,0.00019840900281882986,2.9457107108381557e-05,0.0003333264642671736,
fold-000,evaluation,lstm,klpo_full,parent,3,10,19,2000,42,6.864370837556654e-05,1.0880784131244432e-05,0.00013850418120424002,
fold-000,evaluation,lstm,klpo_full,initial_policy,3,10,19,2000,42,0.0,0.0,0.0,
fold-000,evaluation,lstm,klpo_full,center,3,10,19,2000,42,6.864370837556654e-05,1.0880784131244432e-05,0.00013850418120424002,
fold-000,evaluation,lstm,klpo_mc,zero,3,10,19,2000,42,0.00019840900281882986,2.9457107108381557e-05,0.0003333264642671736,
fold-000,evaluation,lstm,klpo_mc,parent,3,10,19,2000,42,6.864370837556654e-05,1.0880784131244432e-05,0.00013850418120424002,
fold-000,evaluation,lstm,klpo_mc,initial_policy,3,10,19,2000,42,0.0,0.0,0.0,
fold-000,evaluation,lstm,klpo_mc,center,3,10,19,2000,42,6.864370837556654e-05,1.0880784131244432e-05,0.00013850418120424002,
fold-000,evaluation,lstm,mae,zero,3,10,19,2000,42,0.00019840900281882986,2.9457107108381557e-05,0.0003333264642671736,
fold-000,evaluation,lstm,mae,parent,3,10,19,2000,42,6.864370837556654e-05,1.0880784131244432e-05,0.00013850418120424002,
fold-000,evaluation,lstm,mae,initial_policy,3,10,19,2000,42,0.0,0.0,0.0,
fold-000,evaluation,lstm,mae,center,3,10,19,2000,42,6.864370837556654e-05,1.0880784131244432e-05,0.00013850418120424002,
fold-000,evaluation,lstm,neural_mae,zero,3,10,19,2000,42,8.89560525957215e-05,2.8486821714889472e-05,0.00011035683795389289,
fold-000,evaluation,lstm,neural_mae,parent,3,10,19,2000,42,-4.080924184754183e-05,-0.00014738908007025186,9.402397991067125e-05,
fold-000,evaluation,lstm,neural_mae,initial_policy,3,10,19,2000,42,-0.00010945295022310836,-0.0002752360210036233,7.608036505564499e-05,
fold-000,evaluation,lstm,neural_mae,center,3,10,19,2000,42,7.454575601052717e-05,3.8007468474459235e-05,0.0001038641478280686,
fold-000,evaluation,lstm,neural_mse,zero,3,10,19,2000,42,0.00017360840263500445,0.00013855489135774417,0.0002392998294771854,
fold-000,evaluation,lstm,neural_mse,parent,3,10,19,2000,42,4.3843108191741116e-05,1.985525474074612e-05,0.00013303950784002123,
fold-000,evaluation,lstm,neural_mse,initial_policy,3,10,19,2000,42,-2.4800600183825416e-05,-9.890376751290746e-05,0.00010866586169604018,
fold-000,evaluation,lstm,neural_mse,center,3,10,19,2000,42,2.5078223929419705e-05,1.824971611908843e-05,4.437872442608598e-05,
fold-000,evaluation,lstm,reference,zero,3,10,19,2000,42,0.00010780861893896513,-1.2003045632077627e-05,0.0002312780030491855,
fold-000,evaluation,lstm,reference_mae,zero,3,10,19,2000,42,0.00010125304356490888,5.341474264923729e-06,0.00022489028820103725,
fold-000,evaluation,lstm,reference_mae,parent,3,10,19,2000,42,-6.555575374056251e-06,-8.775338282867516e-06,1.9441564831124552e-05,
fold-000,evaluation,lstm,reference_mse,zero,3,10,19,2000,42,0.00010780861893896513,-1.2003045632077437e-05,0.00023127800304918538,
fold-000,evaluation,lstm,reference_mse,parent,3,10,19,2000,42,0.0,0.0,0.0,
fold-000,evaluation,lstm,reinforce,zero,3,10,19,2000,42,0.00019840900281882986,2.9457107108381557e-05,0.0003333264642671736,
fold-000,evaluation,lstm,reinforce,parent,3,10,19,2000,42,6.864370837556654e-05,1.0880784131244432e-05,0.00013850418120424002,
fold-000,evaluation,lstm,reinforce,initial_policy,3,10,19,2000,42,0.0,0.0,0.0,
fold-000,evaluation,lstm,reinforce,center,3,10,19,2000,42,6.864370837556654e-05,1.0880784131244432e-05,0.00013850418120424002,
fold-000,evaluation,ridge,expected,zero,3,10,19,2000,42,0.028100012103337967,0.011069681625467741,0.036430312662775965,
fold-000,evaluation,ridge,expected,parent,3,10,19,2000,42,-0.033340830282731514,-0.050894197192030054,-0.0065542476491310805,
fold-000,evaluation,ridge,expected,initial_policy,3,10,19,2000,42,-0.0041085898907877024,-0.007501996268199094,-0.000497662599830495,
fold-000,evaluation,ridge,expected,center,3,10,19,2000,42,-0.013934347204096706,-0.024517800452446836,-1.2642584918619772e-05,
fold-000,evaluation,ridge,klpo_exact,zero,3,10,19,2000,42,0.0018966526559642404,0.0011223806396667565,0.002587050909731253,
fold-000,evaluation,ridge,klpo_exact,parent,3,10,19,2000,42,-0.059544189730105244,-0.08486212708910318,-0.016343513884782977,
fold-000,evaluation,ridge,klpo_exact,initial_policy,3,10,19,2000,42,-0.03031194933816142,-0.03434044536155096,-0.01579355966418129,
fold-000,evaluation,ridge,klpo_exact,center,3,10,19,2000,42,9.514510304727746e-05,9.294430431099997e-05,0.0001051493052746634,
fold-000,evaluation,ridge,klpo_full,zero,3,10,19,2000,42,0.0070113617170690515,0.0012003682529471414,0.011692182931917318,
fold-000,evaluation,ridge,klpo_full,parent,3,10,19,2000,42,-0.05442948066900043,-0.07576609043803854,-0.016121624008214118,
fold-000,evaluation,ridge,klpo_full,initial_policy,3,10,19,2000,42,-0.025197240277056613,-0.025235313339364896,-0.015062440095475114,
fold-000,evaluation,ridge,klpo_full,center,3,10,19,2000,42,3.908034988806954e-05,-3.961213557817141e-06,9.685682149983202e-05,
fold-000,evaluation,ridge,klpo_mc,zero,3,10,19,2000,42,0.006840744393013134,0.0011993149934682334,0.01129442770406078,
fold-000,evaluation,ridge,klpo_mc,parent,3,10,19,2000,42,-0.05460009799305634,-0.07615614447871502,-0.016206411602654715,
fold-000,evaluation,ridge,klpo_mc,initial_policy,3,10,19,2000,42,-0.02536785760111253,-0.02563306856722144,-0.015240358947760602,
fold-000,evaluation,ridge,klpo_mc,center,3,10,19,2000,42,5.902837919299826e-05,1.7930610269517913e-05,0.00011508430688685249,
fold-000,evaluation,ridge,mae,zero,3,10,19,2000,42,0.026807357224513113,0.009189429860772286,0.036405473590877625,
fold-000,evaluation,ridge,mae,parent,3,10,19,2000,42,-0.03463348516155635,-0.05092505118910462,-0.008434499413826535,
fold-000,evaluation,ridge,mae,initial_policy,3,10,19,2000,42,-0.0054012447696125485,-0.009888177078916873,-0.0005285165969050628,
fold-000,evaluation,ridge,mae,center,3,10,19,2000,42,-0.010546841438120246,-0.018668092451730532,5.910152610779996e-05,
fold-000,evaluation,ridge,reinforce,zero,3,10,19,2000,42,0.02708787693943514,0.009587689167209033,0.03649735111118547,
fold-000,evaluation,ridge,reinforce,parent,3,10,19,2000,42,-0.034352965446634326,-0.05082728178390725,-0.00803624010738979,
fold-000,evaluation,ridge,reinforce,initial_policy,3,10,19,2000,42,-0.005120725054690522,-0.009519895383337286,-0.00043074719170768926,
fold-000,evaluation,ridge,reinforce,center,3,10,19,2000,42,-0.015285557822541377,-0.026889308282757738,1.3802002927873844e-05,
fold-000,evaluation,ridge,ridge,zero,1,10,19,2000,42,0.06144084238606947,0.01762392927459882,0.0874589161596704,
fold-000,evaluation,rnn,expected,zero,3,10,19,2000,42,0.0005967773823089805,0.0001456790795268804,0.0009896292805528924,
fold-000,evaluation,rnn,expected,parent,3,10,19,2000,42,0.0005281926262083947,0.00019274029802642299,0.0007919668350481239,
fold-000,evaluation,rnn,expected,initial_policy,3,10,19,2000,42,0.00046295787567698856,8.688125375313118e-05,0.0007639704757725124,
fold-000,evaluation,rnn,expected,center,3,10,19,2000,42,0.00014273529628590635,9.925343097357151e-05,0.00018147664805896106,
fold-000,evaluation,rnn,klpo_exact,zero,3,10,19,2000,42,0.00013381950663199195,6.027525583766272e-05,0.00023085719693398507,
fold-000,evaluation,rnn,klpo_exact,parent,3,10,19,2000,42,6.523475053140611e-05,1.8401604297574093e-05,0.00010075095692126614,
fold-000,evaluation,rnn,klpo_exact,initial_policy,3,10,19,2000,42,0.0,0.0,0.0,
fold-000,evaluation,rnn,klpo_exact,center,3,10,19,2000,42,6.523475053140611e-05,1.8401604297574093e-05,0.00010075095692126614,
fold-000,evaluation,rnn,klpo_full,zero,3,10,19,2000,42,0.00013381950663199195,6.027525583766272e-05,0.00023085719693398507,
fold-000,evaluation,rnn,klpo_full,parent,3,10,19,2000,42,6.523475053140611e-05,1.8401604297574093e-05,0.00010075095692126614,
fold-000,evaluation,rnn,klpo_full,initial_policy,3,10,19,2000,42,0.0,0.0,0.0,
fold-000,evaluation,rnn,klpo_full,center,3,10,19,2000,42,6.523475053140611e-05,1.8401604297574093e-05,0.00010075095692126614,
fold-000,evaluation,rnn,klpo_mc,zero,3,10,19,2000,42,0.00013381950663199195,6.027525583766272e-05,0.00023085719693398507,
fold-000,evaluation,rnn,klpo_mc,parent,3,10,19,2000,42,6.523475053140611e-05,1.8401604297574093e-05,0.00010075095692126614,
fold-000,evaluation,rnn,klpo_mc,initial_policy,3,10,19,2000,42,0.0,0.0,0.0,
fold-000,evaluation,rnn,klpo_mc,center,3,10,19,2000,42,6.523475053140611e-05,1.8401604297574093e-05,0.00010075095692126614,
fold-000,evaluation,rnn,mae,zero,3,10,19,2000,42,0.0004625468412392569,0.00012333574262894567,0.0007434024961762947,
fold-000,evaluation,rnn,mae,parent,3,10,19,2000,42,0.00039396208513867105,0.00015632451310403347,0.0005455319617173089,
fold-000,evaluation,rnn,mae,initial_policy,3,10,19,2000,42,0.0003287273346072649,5.5573556182767334e-05,0.0005211870289709566,
fold-000,evaluation,rnn,mae,center,3,10,19,2000,42,0.0001429521794928727,0.00010599934794192406,0.00017612547213006192,
fold-000,evaluation,rnn,neural_mae,zero,3,10,19,2000,42,0.00020895709367958203,0.00016267616066498893,0.0002542399136127732,
fold-000,evaluation,rnn,neural_mae,parent,3,10,19,2000,42,0.0001403723375789962,4.017074201141724e-05,0.00020073936540656781,
fold-000,evaluation,rnn,neural_mae,initial_policy,3,10,19,2000,42,7.513758704759006e-05,1.9363962987291458e-05,0.00010885598666217736,
fold-000,evaluation,rnn,neural_mae,center,3,10,19,2000,42,5.881036401670408e-05,4.492956913158599e-05,0.00010024508666093034,
fold-000,evaluation,rnn,neural_mse,zero,3,10,19,2000,42,0.00013758722710361293,5.922536669648415e-05,0.00022849544242885473,
fold-000,evaluation,rnn,neural_mse,parent,3,10,19,2000,42,6.900247100302708e-05,2.026685895492771e-05,9.526195761260833e-05,
fold-000,evaluation,rnn,neural_mse,initial_policy,3,10,19,2000,42,3.767720471620966e-06,-2.0521056999527584e-05,1.001991922040356e-05,
fold-000,evaluation,rnn,neural_mse,center,3,10,19,2000,42,5.711111724692164e-05,1.1623732836625802e-05,9.988341278938966e-05,
fold-000,evaluation,rnn,reference,zero,3,10,19,2000,42,0.0002844788316532795,0.0001352699131214085,0.00044598784330715323,
fold-000,evaluation,rnn,reference_mae,zero,3,10,19,2000,42,0.00026832048267027853,0.00011405096367176512,0.0004219349974089663,
fold-000,evaluation,rnn,reference_mae,parent,3,10,19,2000,42,-1.6158348983000884e-05,-3.529133081010982e-05,-1.0103140768662997e-05,
fold-000,evaluation,rnn,reference_mse,zero,3,10,19,2000,42,0.0003467510748902525,5.068477221228072e-05,0.000615427370209447,
fold-000,evaluation,rnn,reference_mse,parent,3,10,19,2000,42,6.227224323697306e-05,-8.422732296301017e-05,0.00016943952690229349,
fold-000,evaluation,rnn,reinforce,zero,3,10,19,2000,42,0.0001894123026003578,0.00012167756706091506,0.0002470536274168838,
fold-000,evaluation,rnn,reinforce,parent,3,10,19,2000,42,0.00012082754649977195,3.393184038971808e-05,0.00017657104682412939,
fold-000,evaluation,rnn,reinforce,initial_policy,3,10,19,2000,42,5.559279596836583e-05,1.4953953843442852e-05,7.703994933546746e-05,
fold-000,evaluation,rnn,reinforce,center,3,10,19,2000,42,5.5750514082864426e-05,1.879812845269034e-05,8.30668575315188e-05,
fold-000,evaluation,xgboost,expected,zero,3,10,19,2000,42,0.0,0.0,0.0,
fold-000,evaluation,xgboost,expected,parent,3,10,19,2000,42,1.013039583963721e-05,-7.048696882748908e-05,8.078611388421758e-05,
fold-000,evaluation,xgboost,expected,initial_policy,3,10,19,2000,42,0.0,0.0,0.0,
fold-000,evaluation,xgboost,expected,center,3,10,19,2000,42,1.013039583963721e-05,-7.048696882748908e-05,8.078611388421758e-05,
fold-000,evaluation,xgboost,klpo_exact,zero,3,10,19,2000,42,0.0,0.0,0.0,
fold-000,evaluation,xgboost,klpo_exact,parent,3,10,19,2000,42,1.013039583963721e-05,-7.048696882748908e-05,8.078611388421758e-05,
fold-000,evaluation,xgboost,klpo_exact,initial_policy,3,10,19,2000,42,0.0,0.0,0.0,
fold-000,evaluation,xgboost,klpo_exact,center,3,10,19,2000,42,1.013039583963721e-05,-7.048696882748908e-05,8.078611388421758e-05,
fold-000,evaluation,xgboost,klpo_full,zero,3,10,19,2000,42,0.0,0.0,0.0,
fold-000,evaluation,xgboost,klpo_full,parent,3,10,19,2000,42,1.013039583963721e-05,-7.048696882748908e-05,8.078611388421758e-05,
fold-000,evaluation,xgboost,klpo_full,initial_policy,3,10,19,2000,42,0.0,0.0,0.0,
fold-000,evaluation,xgboost,klpo_full,center,3,10,19,2000,42,1.013039583963721e-05,-7.048696882748908e-05,8.078611388421758e-05,
fold-000,evaluation,xgboost,klpo_mc,zero,3,10,19,2000,42,0.0,0.0,0.0,
fold-000,evaluation,xgboost,klpo_mc,parent,3,10,19,2000,42,1.013039583963721e-05,-7.048696882748908e-05,8.078611388421758e-05,
fold-000,evaluation,xgboost,klpo_mc,initial_policy,3,10,19,2000,42,0.0,0.0,0.0,
fold-000,evaluation,xgboost,klpo_mc,center,3,10,19,2000,42,1.013039583963721e-05,-7.048696882748908e-05,8.078611388421758e-05,
fold-000,evaluation,xgboost,mae,zero,3,10,19,2000,42,0.0,0.0,0.0,
fold-000,evaluation,xgboost,mae,parent,3,10,19,2000,42,1.013039583963721e-05,-7.048696882748908e-05,8.078611388421758e-05,
fold-000,evaluation,xgboost,mae,initial_policy,3,10,19,2000,42,0.0,0.0,0.0,
fold-000,evaluation,xgboost,mae,center,3,10,19,2000,42,1.013039583963721e-05,-7.048696882748908e-05,8.078611388421758e-05,
fold-000,evaluation,xgboost,reinforce,zero,3,10,19,2000,42,0.0,0.0,0.0,
fold-000,evaluation,xgboost,reinforce,parent,3,10,19,2000,42,1.013039583963721e-05,-7.048696882748908e-05,8.078611388421758e-05,
fold-000,evaluation,xgboost,reinforce,initial_policy,3,10,19,2000,42,0.0,0.0,0.0,
fold-000,evaluation,xgboost,reinforce,center,3,10,19,2000,42,1.013039583963721e-05,-7.048696882748908e-05,8.078611388421758e-05,
fold-000,evaluation,xgboost,xgboost,zero,3,10,19,2000,42,-1.013039583963721e-05,-8.078611388421758e-05,7.048696882748908e-05,
fold-000,evaluation,dlinear,expected,zero,3,20,19,2000,42,0.00048679665225369653,,,Se necesitan más sesiones que la longitud del bloque
fold-000,evaluation,dlinear,expected,parent,3,20,19,2000,42,0.00034209723075230005,,,Se necesitan más sesiones que la longitud del bloque
fold-000,evaluation,dlinear,expected,initial_policy,3,20,19,2000,42,0.00020949251600351667,,,Se necesitan más sesiones que la longitud del bloque
fold-000,evaluation,dlinear,expected,center,3,20,19,2000,42,0.00011781365071557304,,,Se necesitan más sesiones que la longitud del bloque
fold-000,evaluation,dlinear,klpo_exact,zero,3,20,19,2000,42,0.0002773041362501799,,,Se necesitan más sesiones que la longitud del bloque
fold-000,evaluation,dlinear,klpo_exact,parent,3,20,19,2000,42,0.00013260471474878336,,,Se necesitan más sesiones que la longitud del bloque
fold-000,evaluation,dlinear,klpo_exact,initial_policy,3,20,19,2000,42,0.0,,,Se necesitan más sesiones que la longitud del bloque
fold-000,evaluation,dlinear,klpo_exact,center,3,20,19,2000,42,0.00013260471474878336,,,Se necesitan más sesiones que la longitud del bloque
fold-000,evaluation,dlinear,klpo_full,zero,3,20,19,2000,42,0.0002773041362501799,,,Se necesitan más sesiones que la longitud del bloque
fold-000,evaluation,dlinear,klpo_full,parent,3,20,19,2000,42,0.00013260471474878336,,,Se necesitan más sesiones que la longitud del bloque
fold-000,evaluation,dlinear,klpo_full,initial_policy,3,20,19,2000,42,0.0,,,Se necesitan más sesiones que la longitud del bloque
fold-000,evaluation,dlinear,klpo_full,center,3,20,19,2000,42,0.00013260471474878336,,,Se necesitan más sesiones que la longitud del bloque
fold-000,evaluation,dlinear,klpo_mc,zero,3,20,19,2000,42,0.0002773041362501799,,,Se necesitan más sesiones que la longitud del bloque
fold-000,evaluation,dlinear,klpo_mc,parent,3,20,19,2000,42,0.00013260471474878336,,,Se necesitan más sesiones que la longitud del bloque
fold-000,evaluation,dlinear,klpo_mc,initial_policy,3,20,19,2000,42,0.0,,,Se necesitan más sesiones que la longitud del bloque
fold-000,evaluation,dlinear,klpo_mc,center,3,20,19,2000,42,0.00013260471474878336,,,Se necesitan más sesiones que la longitud del bloque
fold-000,evaluation,dlinear,mae,zero,3,20,19,2000,42,0.0006595235049075603,,,Se necesitan más sesiones que la longitud del bloque
fold-000,evaluation,dlinear,mae,parent,3,20,19,2000,42,0.0005148240834061637,,,Se necesitan más sesiones que la longitud del bloque
fold-000,evaluation,dlinear,mae,initial_policy,3,20,19,2000,42,0.0003822193686573804,,,Se necesitan más sesiones que la longitud del bloque
fold-000,evaluation,dlinear,mae,center,3,20,19,2000,42,9.674208076274644e-05,,,Se necesitan más sesiones que la longitud del bloque
fold-000,evaluation,dlinear,neural_mae,zero,3,20,19,2000,42,-5.19287750943791e-06,,,Se necesitan más sesiones que la longitud del bloque
fold-000,evaluation,dlinear,neural_mae,parent,3,20,19,2000,42,-0.00014989229901083442,,,Se necesitan más sesiones que la longitud del bloque
fold-000,evaluation,dlinear,neural_mae,initial_policy,3,20,19,2000,42,-0.0002824970137596178,,,Se necesitan más sesiones que la longitud del bloque
fold-000,evaluation,dlinear,neural_mae,center,3,20,19,2000,42,6.0505340720388295e-05,,,Se necesitan más sesiones que la longitud del bloque
fold-000,evaluation,dlinear,neural_mse,zero,3,20,19,2000,42,-8.74172589184436e-05,,,Se necesitan más sesiones que la longitud del bloque
fold-000,evaluation,dlinear,neural_mse,parent,3,20,19,2000,42,-0.00023211668041984014,,,Se necesitan más sesiones que la longitud del bloque
fold-000,evaluation,dlinear,neural_mse,initial_policy,3,20,19,2000,42,-0.0003647213951686235,,,Se necesitan más sesiones que la longitud del bloque
fold-000,evaluation,dlinear,neural_mse,center,3,20,19,2000,42,1.954977188604659e-05,,,Se necesitan más sesiones que la longitud del bloque
fold-000,evaluation,dlinear,reference,zero,3,20,19,2000,42,5.1034647597943715e-05,,,Se necesitan más sesiones que la longitud del bloque
fold-000,evaluation,dlinear,reference_mae,zero,3,20,19,2000,42,-6.762408413502885e-05,,,Se necesitan más sesiones que la longitud del bloque
fold-000,evaluation,dlinear,reference_mae,parent,3,20,19,2000,42,-0.00011865873173297275,,,Se necesitan más sesiones que la longitud del bloque
fold-000,evaluation,dlinear,reference_mse,zero,3,20,19,2000,42,5.471844871403415e-05,,,Se necesitan más sesiones que la longitud del bloque
fold-000,evaluation,dlinear,reference_mse,parent,3,20,19,2000,42,3.683801116090254e-06,,,Se necesitan más sesiones que la longitud del bloque
fold-000,evaluation,dlinear,reinforce,zero,3,20,19,2000,42,0.00047769412859090645,,,Se necesitan más sesiones que la longitud del bloque
fold-000,evaluation,dlinear,reinforce,parent,3,20,19,2000,42,0.00033299470708950997,,,Se necesitan más sesiones que la longitud del bloque
fold-000,evaluation,dlinear,reinforce,initial_policy,3,20,19,2000,42,0.0002003899923407266,,,Se necesitan más sesiones que la longitud del bloque
fold-000,evaluation,dlinear,reinforce,center,3,20,19,2000,42,0.00011009153906044232,,,Se necesitan más sesiones que la longitud del bloque
fold-000,evaluation,gru,expected,zero,3,20,19,2000,42,0.0008557392531847756,,,Se necesitan más sesiones que la longitud del bloque
fold-000,evaluation,gru,expected,parent,3,20,19,2000,42,0.00015148648584673184,,,Se necesitan más sesiones que la longitud del bloque
fold-000,evaluation,gru,expected,initial_policy,3,20,19,2000,42,-3.556107881861467e-05,,,Se necesitan más sesiones que la longitud del bloque
fold-000,evaluation,gru,expected,center,3,20,19,2000,42,0.00015120066230187197,,,Se necesitan más sesiones que la longitud del bloque
fold-000,evaluation,gru,klpo_exact,zero,3,20,19,2000,42,0.0008913003320033903,,,Se necesitan más sesiones que la longitud del bloque
fold-000,evaluation,gru,klpo_exact,parent,3,20,19,2000,42,0.0001870475646653465,,,Se necesitan más sesiones que la longitud del bloque
fold-000,evaluation,gru,klpo_exact,initial_policy,3,20,19,2000,42,0.0,,,Se necesitan más sesiones que la longitud del bloque
fold-000,evaluation,gru,klpo_exact,center,3,20,19,2000,42,0.0001870475646653465,,,Se necesitan más sesiones que la longitud del bloque
fold-000,evaluation,gru,klpo_full,zero,3,20,19,2000,42,0.0008913003320033903,,,Se necesitan más sesiones que la longitud del bloque
fold-000,evaluation,gru,klpo_full,parent,3,20,19,2000,42,0.0001870475646653465,,,Se necesitan más sesiones que la longitud del bloque
fold-000,evaluation,gru,klpo_full,initial_policy,3,20,19,2000,42,0.0,,,Se necesitan más sesiones que la longitud del bloque
fold-000,evaluation,gru,klpo_full,center,3,20,19,2000,42,0.0001870475646653465,,,Se necesitan más sesiones que la longitud del bloque
fold-000,evaluation,gru,klpo_mc,zero,3,20,19,2000,42,0.0008913003320033903,,,Se necesitan más sesiones que la longitud del bloque
fold-000,evaluation,gru,klpo_mc,parent,3,20,19,2000,42,0.0001870475646653465,,,Se necesitan más sesiones que la longitud del bloque
fold-000,evaluation,gru,klpo_mc,initial_policy,3,20,19,2000,42,0.0,,,Se necesitan más sesiones que la longitud del bloque
fold-000,evaluation,gru,klpo_mc,center,3,20,19,2000,42,0.0001870475646653465,,,Se necesitan más sesiones que la longitud del bloque
fold-000,evaluation,gru,mae,zero,3,20,19,2000,42,0.0008773322577008774,,,Se necesitan más sesiones que la longitud del bloque
fold-000,evaluation,gru,mae,parent,3,20,19,2000,42,0.0001730794903628338,,,Se necesitan más sesiones que la longitud del bloque
fold-000,evaluation,gru,mae,initial_policy,3,20,19,2000,42,-1.3968074302512684e-05,,,Se necesitan más sesiones que la longitud del bloque
fold-000,evaluation,gru,mae,center,3,20,19,2000,42,0.00015328594114994606,,,Se necesitan más sesiones que la longitud del bloque
fold-000,evaluation,gru,neural_mae,zero,3,20,19,2000,42,9.22872342221606e-06,,,Se necesitan más sesiones que la longitud del bloque
fold-000,evaluation,gru,neural_mae,parent,3,20,19,2000,42,-0.0006950240439158276,,,Se necesitan más sesiones que la longitud del bloque
fold-000,evaluation,gru,neural_mae,initial_policy,3,20,19,2000,42,-0.0008820716085811741,,,Se necesitan más sesiones que la longitud del bloque
fold-000,evaluation,gru,neural_mae,center,3,20,19,2000,42,-1.983675206873099e-05,,,Se necesitan más sesiones que la longitud del bloque
fold-000,evaluation,gru,neural_mse,zero,3,20,19,2000,42,6.151814032318316e-05,,,Se necesitan más sesiones que la longitud del bloque
fold-000,evaluation,gru,neural_mse,parent,3,20,19,2000,42,-0.0006427346270148606,,,Se necesitan más sesiones que la longitud del bloque
fold-000,evaluation,gru,neural_mse,initial_policy,3,20,19,2000,42,-0.000829782191680207,,,Se necesitan más sesiones que la longitud del bloque
fold-000,evaluation,gru,neural_mse,center,3,20,19,2000,42,-2.7702511734770302e-05,,,Se necesitan más sesiones que la longitud del bloque
fold-000,evaluation,gru,reference,zero,3,20,19,2000,42,0.00039168733711198995,,,Se necesitan más sesiones que la longitud del bloque
fold-000,evaluation,gru,reference_mae,zero,3,20,19,2000,42,9.043277483943186e-05,,,Se necesitan más sesiones que la longitud del bloque
fold-000,evaluation,gru,reference_mae,parent,3,20,19,2000,42,-0.00030125456227255836,,,Se necesitan más sesiones que la longitud del bloque
fold-000,evaluation,gru,reference_mse,zero,3,20,19,2000,42,0.00015177255964474742,,,Se necesitan más sesiones que la longitud del bloque
fold-000,evaluation,gru,reference_mse,parent,3,20,19,2000,42,-0.00023991477746724277,,,Se necesitan más sesiones que la longitud del bloque
fold-000,evaluation,gru,reinforce,zero,3,20,19,2000,42,0.0009120971077708502,,,Se necesitan más sesiones que la longitud del bloque
fold-000,evaluation,gru,reinforce,parent,3,20,19,2000,42,0.00020784434043280656,,,Se necesitan más sesiones que la longitud del bloque
fold-000,evaluation,gru,reinforce,initial_policy,3,20,19,2000,42,2.0796775767460055e-05,,,Se necesitan más sesiones que la longitud del bloque
fold-000,evaluation,gru,reinforce,center,3,20,19,2000,42,0.0001631345995436762,,,Se necesitan más sesiones que la longitud del bloque
fold-000,evaluation,lstm,expected,zero,3,20,19,2000,42,0.00019840900281882986,,,Se necesitan más sesiones que la longitud del bloque
fold-000,evaluation,lstm,expected,parent,3,20,19,2000,42,6.864370837556654e-05,,,Se necesitan más sesiones que la longitud del bloque
fold-000,evaluation,lstm,expected,initial_policy,3,20,19,2000,42,0.0,,,Se necesitan más sesiones que la longitud del bloque
fold-000,evaluation,lstm,expected,center,3,20,19,2000,42,6.864370837556654e-05,,,Se necesitan más sesiones que la longitud del bloque
fold-000,evaluation,lstm,klpo_exact,zero,3,20,19,2000,42,0.00019840900281882986,,,Se necesitan más sesiones que la longitud del bloque
fold-000,evaluation,lstm,klpo_exact,parent,3,20,19,2000,42,6.864370837556654e-05,,,Se necesitan más sesiones que la longitud del bloque
fold-000,evaluation,lstm,klpo_exact,initial_policy,3,20,19,2000,42,0.0,,,Se necesitan más sesiones que la longitud del bloque
fold-000,evaluation,lstm,klpo_exact,center,3,20,19,2000,42,6.864370837556654e-05,,,Se necesitan más sesiones que la longitud del bloque
fold-000,evaluation,lstm,klpo_full,zero,3,20,19,2000,42,0.00019840900281882986,,,Se necesitan más sesiones que la longitud del bloque
fold-000,evaluation,lstm,klpo_full,parent,3,20,19,2000,42,6.864370837556654e-05,,,Se necesitan más sesiones que la longitud del bloque
fold-000,evaluation,lstm,klpo_full,initial_policy,3,20,19,2000,42,0.0,,,Se necesitan más sesiones que la longitud del bloque
fold-000,evaluation,lstm,klpo_full,center,3,20,19,2000,42,6.864370837556654e-05,,,Se necesitan más sesiones que la longitud del bloque
fold-000,evaluation,lstm,klpo_mc,zero,3,20,19,2000,42,0.00019840900281882986,,,Se necesitan más sesiones que la longitud del bloque
fold-000,evaluation,lstm,klpo_mc,parent,3,20,19,2000,42,6.864370837556654e-05,,,Se necesitan más sesiones que la longitud del bloque
fold-000,evaluation,lstm,klpo_mc,initial_policy,3,20,19,2000,42,0.0,,,Se necesitan más sesiones que la longitud del bloque
fold-000,evaluation,lstm,klpo_mc,center,3,20,19,2000,42,6.864370837556654e-05,,,Se necesitan más sesiones que la longitud del bloque
fold-000,evaluation,lstm,mae,zero,3,20,19,2000,42,0.00019840900281882986,,,Se necesitan más sesiones que la longitud del bloque
fold-000,evaluation,lstm,mae,parent,3,20,19,2000,42,6.864370837556654e-05,,,Se necesitan más sesiones que la longitud del bloque
fold-000,evaluation,lstm,mae,initial_policy,3,20,19,2000,42,0.0,,,Se necesitan más sesiones que la longitud del bloque
fold-000,evaluation,lstm,mae,center,3,20,19,2000,42,6.864370837556654e-05,,,Se necesitan más sesiones que la longitud del bloque
fold-000,evaluation,lstm,neural_mae,zero,3,20,19,2000,42,8.89560525957215e-05,,,Se necesitan más sesiones que la longitud del bloque
fold-000,evaluation,lstm,neural_mae,parent,3,20,19,2000,42,-4.080924184754183e-05,,,Se necesitan más sesiones que la longitud del bloque
fold-000,evaluation,lstm,neural_mae,initial_policy,3,20,19,2000,42,-0.00010945295022310836,,,Se necesitan más sesiones que la longitud del bloque
fold-000,evaluation,lstm,neural_mae,center,3,20,19,2000,42,7.454575601052717e-05,,,Se necesitan más sesiones que la longitud del bloque
fold-000,evaluation,lstm,neural_mse,zero,3,20,19,2000,42,0.00017360840263500445,,,Se necesitan más sesiones que la longitud del bloque
fold-000,evaluation,lstm,neural_mse,parent,3,20,19,2000,42,4.3843108191741116e-05,,,Se necesitan más sesiones que la longitud del bloque
fold-000,evaluation,lstm,neural_mse,initial_policy,3,20,19,2000,42,-2.4800600183825416e-05,,,Se necesitan más sesiones que la longitud del bloque
fold-000,evaluation,lstm,neural_mse,center,3,20,19,2000,42,2.5078223929419705e-05,,,Se necesitan más sesiones que la longitud del bloque
fold-000,evaluation,lstm,reference,zero,3,20,19,2000,42,0.00010780861893896513,,,Se necesitan más sesiones que la longitud del bloque
fold-000,evaluation,lstm,reference_mae,zero,3,20,19,2000,42,0.00010125304356490888,,,Se necesitan más sesiones que la longitud del bloque
fold-000,evaluation,lstm,reference_mae,parent,3,20,19,2000,42,-6.555575374056251e-06,,,Se necesitan más sesiones que la longitud del bloque
fold-000,evaluation,lstm,reference_mse,zero,3,20,19,2000,42,0.00010780861893896513,,,Se necesitan más sesiones que la longitud del bloque
fold-000,evaluation,lstm,reference_mse,parent,3,20,19,2000,42,0.0,,,Se necesitan más sesiones que la longitud del bloque
fold-000,evaluation,lstm,reinforce,zero,3,20,19,2000,42,0.00019840900281882986,,,Se necesitan más sesiones que la longitud del bloque
fold-000,evaluation,lstm,reinforce,parent,3,20,19,2000,42,6.864370837556654e-05,,,Se necesitan más sesiones que la longitud del bloque
fold-000,evaluation,lstm,reinforce,initial_policy,3,20,19,2000,42,0.0,,,Se necesitan más sesiones que la longitud del bloque
fold-000,evaluation,lstm,reinforce,center,3,20,19,2000,42,6.864370837556654e-05,,,Se necesitan más sesiones que la longitud del bloque
fold-000,evaluation,ridge,expected,zero,3,20,19,2000,42,0.028100012103337967,,,Se necesitan más sesiones que la longitud del bloque
fold-000,evaluation,ridge,expected,parent,3,20,19,2000,42,-0.033340830282731514,,,Se necesitan más sesiones que la longitud del bloque
fold-000,evaluation,ridge,expected,initial_policy,3,20,19,2000,42,-0.0041085898907877024,,,Se necesitan más sesiones que la longitud del bloque
fold-000,evaluation,ridge,expected,center,3,20,19,2000,42,-0.013934347204096706,,,Se necesitan más sesiones que la longitud del bloque
fold-000,evaluation,ridge,klpo_exact,zero,3,20,19,2000,42,0.0018966526559642404,,,Se necesitan más sesiones que la longitud del bloque
fold-000,evaluation,ridge,klpo_exact,parent,3,20,19,2000,42,-0.059544189730105244,,,Se necesitan más sesiones que la longitud del bloque
fold-000,evaluation,ridge,klpo_exact,initial_policy,3,20,19,2000,42,-0.03031194933816142,,,Se necesitan más sesiones que la longitud del bloque
fold-000,evaluation,ridge,klpo_exact,center,3,20,19,2000,42,9.514510304727746e-05,,,Se necesitan más sesiones que la longitud del bloque
fold-000,evaluation,ridge,klpo_full,zero,3,20,19,2000,42,0.0070113617170690515,,,Se necesitan más sesiones que la longitud del bloque
fold-000,evaluation,ridge,klpo_full,parent,3,20,19,2000,42,-0.05442948066900043,,,Se necesitan más sesiones que la longitud del bloque
fold-000,evaluation,ridge,klpo_full,initial_policy,3,20,19,2000,42,-0.025197240277056613,,,Se necesitan más sesiones que la longitud del bloque
fold-000,evaluation,ridge,klpo_full,center,3,20,19,2000,42,3.908034988806954e-05,,,Se necesitan más sesiones que la longitud del bloque
fold-000,evaluation,ridge,klpo_mc,zero,3,20,19,2000,42,0.006840744393013134,,,Se necesitan más sesiones que la longitud del bloque
fold-000,evaluation,ridge,klpo_mc,parent,3,20,19,2000,42,-0.05460009799305634,,,Se necesitan más sesiones que la longitud del bloque
fold-000,evaluation,ridge,klpo_mc,initial_policy,3,20,19,2000,42,-0.02536785760111253,,,Se necesitan más sesiones que la longitud del bloque
fold-000,evaluation,ridge,klpo_mc,center,3,20,19,2000,42,5.902837919299826e-05,,,Se necesitan más sesiones que la longitud del bloque
fold-000,evaluation,ridge,mae,zero,3,20,19,2000,42,0.026807357224513113,,,Se necesitan más sesiones que la longitud del bloque
fold-000,evaluation,ridge,mae,parent,3,20,19,2000,42,-0.03463348516155635,,,Se necesitan más sesiones que la longitud del bloque
fold-000,evaluation,ridge,mae,initial_policy,3,20,19,2000,42,-0.0054012447696125485,,,Se necesitan más sesiones que la longitud del bloque
fold-000,evaluation,ridge,mae,center,3,20,19,2000,42,-0.010546841438120246,,,Se necesitan más sesiones que la longitud del bloque
fold-000,evaluation,ridge,reinforce,zero,3,20,19,2000,42,0.02708787693943514,,,Se necesitan más sesiones que la longitud del bloque
fold-000,evaluation,ridge,reinforce,parent,3,20,19,2000,42,-0.034352965446634326,,,Se necesitan más sesiones que la longitud del bloque
fold-000,evaluation,ridge,reinforce,initial_policy,3,20,19,2000,42,-0.005120725054690522,,,Se necesitan más sesiones que la longitud del bloque
fold-000,evaluation,ridge,reinforce,center,3,20,19,2000,42,-0.015285557822541377,,,Se necesitan más sesiones que la longitud del bloque
fold-000,evaluation,ridge,ridge,zero,1,20,19,2000,42,0.06144084238606947,,,Se necesitan más sesiones que la longitud del bloque
fold-000,evaluation,rnn,expected,zero,3,20,19,2000,42,0.0005967773823089805,,,Se necesitan más sesiones que la longitud del bloque
fold-000,evaluation,rnn,expected,parent,3,20,19,2000,42,0.0005281926262083947,,,Se necesitan más sesiones que la longitud del bloque
fold-000,evaluation,rnn,expected,initial_policy,3,20,19,2000,42,0.00046295787567698856,,,Se necesitan más sesiones que la longitud del bloque
fold-000,evaluation,rnn,expected,center,3,20,19,2000,42,0.00014273529628590635,,,Se necesitan más sesiones que la longitud del bloque
fold-000,evaluation,rnn,klpo_exact,zero,3,20,19,2000,42,0.00013381950663199195,,,Se necesitan más sesiones que la longitud del bloque
fold-000,evaluation,rnn,klpo_exact,parent,3,20,19,2000,42,6.523475053140611e-05,,,Se necesitan más sesiones que la longitud del bloque
fold-000,evaluation,rnn,klpo_exact,initial_policy,3,20,19,2000,42,0.0,,,Se necesitan más sesiones que la longitud del bloque
fold-000,evaluation,rnn,klpo_exact,center,3,20,19,2000,42,6.523475053140611e-05,,,Se necesitan más sesiones que la longitud del bloque
fold-000,evaluation,rnn,klpo_full,zero,3,20,19,2000,42,0.00013381950663199195,,,Se necesitan más sesiones que la longitud del bloque
fold-000,evaluation,rnn,klpo_full,parent,3,20,19,2000,42,6.523475053140611e-05,,,Se necesitan más sesiones que la longitud del bloque
fold-000,evaluation,rnn,klpo_full,initial_policy,3,20,19,2000,42,0.0,,,Se necesitan más sesiones que la longitud del bloque
fold-000,evaluation,rnn,klpo_full,center,3,20,19,2000,42,6.523475053140611e-05,,,Se necesitan más sesiones que la longitud del bloque
fold-000,evaluation,rnn,klpo_mc,zero,3,20,19,2000,42,0.00013381950663199195,,,Se necesitan más sesiones que la longitud del bloque
fold-000,evaluation,rnn,klpo_mc,parent,3,20,19,2000,42,6.523475053140611e-05,,,Se necesitan más sesiones que la longitud del bloque
fold-000,evaluation,rnn,klpo_mc,initial_policy,3,20,19,2000,42,0.0,,,Se necesitan más sesiones que la longitud del bloque
fold-000,evaluation,rnn,klpo_mc,center,3,20,19,2000,42,6.523475053140611e-05,,,Se necesitan más sesiones que la longitud del bloque
fold-000,evaluation,rnn,mae,zero,3,20,19,2000,42,0.0004625468412392569,,,Se necesitan más sesiones que la longitud del bloque
fold-000,evaluation,rnn,mae,parent,3,20,19,2000,42,0.00039396208513867105,,,Se necesitan más sesiones que la longitud del bloque
fold-000,evaluation,rnn,mae,initial_policy,3,20,19,2000,42,0.0003287273346072649,,,Se necesitan más sesiones que la longitud del bloque
fold-000,evaluation,rnn,mae,center,3,20,19,2000,42,0.0001429521794928727,,,Se necesitan más sesiones que la longitud del bloque
fold-000,evaluation,rnn,neural_mae,zero,3,20,19,2000,42,0.00020895709367958203,,,Se necesitan más sesiones que la longitud del bloque
fold-000,evaluation,rnn,neural_mae,parent,3,20,19,2000,42,0.0001403723375789962,,,Se necesitan más sesiones que la longitud del bloque
fold-000,evaluation,rnn,neural_mae,initial_policy,3,20,19,2000,42,7.513758704759006e-05,,,Se necesitan más sesiones que la longitud del bloque
fold-000,evaluation,rnn,neural_mae,center,3,20,19,2000,42,5.881036401670408e-05,,,Se necesitan más sesiones que la longitud del bloque
fold-000,evaluation,rnn,neural_mse,zero,3,20,19,2000,42,0.00013758722710361293,,,Se necesitan más sesiones que la longitud del bloque
fold-000,evaluation,rnn,neural_mse,parent,3,20,19,2000,42,6.900247100302708e-05,,,Se necesitan más sesiones que la longitud del bloque
fold-000,evaluation,rnn,neural_mse,initial_policy,3,20,19,2000,42,3.767720471620966e-06,,,Se necesitan más sesiones que la longitud del bloque
fold-000,evaluation,rnn,neural_mse,center,3,20,19,2000,42,5.711111724692164e-05,,,Se necesitan más sesiones que la longitud del bloque
fold-000,evaluation,rnn,reference,zero,3,20,19,2000,42,0.0002844788316532795,,,Se necesitan más sesiones que la longitud del bloque
fold-000,evaluation,rnn,reference_mae,zero,3,20,19,2000,42,0.00026832048267027853,,,Se necesitan más sesiones que la longitud del bloque
fold-000,evaluation,rnn,reference_mae,parent,3,20,19,2000,42,-1.6158348983000884e-05,,,Se necesitan más sesiones que la longitud del bloque
fold-000,evaluation,rnn,reference_mse,zero,3,20,19,2000,42,0.0003467510748902525,,,Se necesitan más sesiones que la longitud del bloque
fold-000,evaluation,rnn,reference_mse,parent,3,20,19,2000,42,6.227224323697306e-05,,,Se necesitan más sesiones que la longitud del bloque
fold-000,evaluation,rnn,reinforce,zero,3,20,19,2000,42,0.0001894123026003578,,,Se necesitan más sesiones que la longitud del bloque
fold-000,evaluation,rnn,reinforce,parent,3,20,19,2000,42,0.00012082754649977195,,,Se necesitan más sesiones que la longitud del bloque
fold-000,evaluation,rnn,reinforce,initial_policy,3,20,19,2000,42,5.559279596836583e-05,,,Se necesitan más sesiones que la longitud del bloque
fold-000,evaluation,rnn,reinforce,center,3,20,19,2000,42,5.5750514082864426e-05,,,Se necesitan más sesiones que la longitud del bloque
fold-000,evaluation,xgboost,expected,zero,3,20,19,2000,42,0.0,,,Se necesitan más sesiones que la longitud del bloque
fold-000,evaluation,xgboost,expected,parent,3,20,19,2000,42,1.013039583963721e-05,,,Se necesitan más sesiones que la longitud del bloque
fold-000,evaluation,xgboost,expected,initial_policy,3,20,19,2000,42,0.0,,,Se necesitan más sesiones que la longitud del bloque
fold-000,evaluation,xgboost,expected,center,3,20,19,2000,42,1.013039583963721e-05,,,Se necesitan más sesiones que la longitud del bloque
fold-000,evaluation,xgboost,klpo_exact,zero,3,20,19,2000,42,0.0,,,Se necesitan más sesiones que la longitud del bloque
fold-000,evaluation,xgboost,klpo_exact,parent,3,20,19,2000,42,1.013039583963721e-05,,,Se necesitan más sesiones que la longitud del bloque
fold-000,evaluation,xgboost,klpo_exact,initial_policy,3,20,19,2000,42,0.0,,,Se necesitan más sesiones que la longitud del bloque
fold-000,evaluation,xgboost,klpo_exact,center,3,20,19,2000,42,1.013039583963721e-05,,,Se necesitan más sesiones que la longitud del bloque
fold-000,evaluation,xgboost,klpo_full,zero,3,20,19,2000,42,0.0,,,Se necesitan más sesiones que la longitud del bloque
fold-000,evaluation,xgboost,klpo_full,parent,3,20,19,2000,42,1.013039583963721e-05,,,Se necesitan más sesiones que la longitud del bloque
fold-000,evaluation,xgboost,klpo_full,initial_policy,3,20,19,2000,42,0.0,,,Se necesitan más sesiones que la longitud del bloque
fold-000,evaluation,xgboost,klpo_full,center,3,20,19,2000,42,1.013039583963721e-05,,,Se necesitan más sesiones que la longitud del bloque
fold-000,evaluation,xgboost,klpo_mc,zero,3,20,19,2000,42,0.0,,,Se necesitan más sesiones que la longitud del bloque
fold-000,evaluation,xgboost,klpo_mc,parent,3,20,19,2000,42,1.013039583963721e-05,,,Se necesitan más sesiones que la longitud del bloque
fold-000,evaluation,xgboost,klpo_mc,initial_policy,3,20,19,2000,42,0.0,,,Se necesitan más sesiones que la longitud del bloque
fold-000,evaluation,xgboost,klpo_mc,center,3,20,19,2000,42,1.013039583963721e-05,,,Se necesitan más sesiones que la longitud del bloque
fold-000,evaluation,xgboost,mae,zero,3,20,19,2000,42,0.0,,,Se necesitan más sesiones que la longitud del bloque
fold-000,evaluation,xgboost,mae,parent,3,20,19,2000,42,1.013039583963721e-05,,,Se necesitan más sesiones que la longitud del bloque
fold-000,evaluation,xgboost,mae,initial_policy,3,20,19,2000,42,0.0,,,Se necesitan más sesiones que la longitud del bloque
fold-000,evaluation,xgboost,mae,center,3,20,19,2000,42,1.013039583963721e-05,,,Se necesitan más sesiones que la longitud del bloque
fold-000,evaluation,xgboost,reinforce,zero,3,20,19,2000,42,0.0,,,Se necesitan más sesiones que la longitud del bloque
fold-000,evaluation,xgboost,reinforce,parent,3,20,19,2000,42,1.013039583963721e-05,,,Se necesitan más sesiones que la longitud del bloque
fold-000,evaluation,xgboost,reinforce,initial_policy,3,20,19,2000,42,0.0,,,Se necesitan más sesiones que la longitud del bloque
fold-000,evaluation,xgboost,reinforce,center,3,20,19,2000,42,1.013039583963721e-05,,,Se necesitan más sesiones que la longitud del bloque
fold-000,evaluation,xgboost,xgboost,zero,3,20,19,2000,42,-1.013039583963721e-05,,,Se necesitan más sesiones que la longitud del bloque
fold-001,calibration,dlinear,expected,zero,3,1,19,2000,42,0.0006347013013083391,0.00017653460087190264,0.001157224960948462,
fold-001,calibration,dlinear,expected,parent,3,1,19,2000,42,5.63884045743348e-05,-6.817078038403006e-06,0.00012382144692284092,
fold-001,calibration,dlinear,expected,initial_policy,3,1,19,2000,42,0.0,0.0,0.0,
fold-001,calibration,dlinear,expected,center,3,1,19,2000,42,5.63884045743348e-05,-6.817078038403006e-06,0.00012382144692284092,
fold-001,calibration,dlinear,klpo_exact,zero,3,1,19,2000,42,0.0006347013013083391,0.00017653460087190264,0.001157224960948462,
fold-001,calibration,dlinear,klpo_exact,parent,3,1,19,2000,42,5.63884045743348e-05,-6.817078038403006e-06,0.00012382144692284092,
fold-001,calibration,dlinear,klpo_exact,initial_policy,3,1,19,2000,42,0.0,0.0,0.0,
fold-001,calibration,dlinear,klpo_exact,center,3,1,19,2000,42,5.63884045743348e-05,-6.817078038403006e-06,0.00012382144692284092,
fold-001,calibration,dlinear,klpo_full,zero,3,1,19,2000,42,0.0006347013013083391,0.00017653460087190264,0.001157224960948462,
fold-001,calibration,dlinear,klpo_full,parent,3,1,19,2000,42,5.63884045743348e-05,-6.817078038403006e-06,0.00012382144692284092,
fold-001,calibration,dlinear,klpo_full,initial_policy,3,1,19,2000,42,0.0,0.0,0.0,
fold-001,calibration,dlinear,klpo_full,center,3,1,19,2000,42,5.63884045743348e-05,-6.817078038403006e-06,0.00012382144692284092,
fold-001,calibration,dlinear,klpo_mc,zero,3,1,19,2000,42,0.0006347013013083391,0.00017653460087190264,0.001157224960948462,
fold-001,calibration,dlinear,klpo_mc,parent,3,1,19,2000,42,5.63884045743348e-05,-6.817078038403006e-06,0.00012382144692284092,
fold-001,calibration,dlinear,klpo_mc,initial_policy,3,1,19,2000,42,0.0,0.0,0.0,
fold-001,calibration,dlinear,klpo_mc,center,3,1,19,2000,42,5.63884045743348e-05,-6.817078038403006e-06,0.00012382144692284092,
fold-001,calibration,dlinear,mae,zero,3,1,19,2000,42,0.0006347013013083391,0.00017653460087190264,0.001157224960948462,
fold-001,calibration,dlinear,mae,parent,3,1,19,2000,42,5.63884045743348e-05,-6.817078038403006e-06,0.00012382144692284092,
fold-001,calibration,dlinear,mae,initial_policy,3,1,19,2000,42,0.0,0.0,0.0,
fold-001,calibration,dlinear,mae,center,3,1,19,2000,42,5.63884045743348e-05,-6.817078038403006e-06,0.00012382144692284092,
fold-001,calibration,dlinear,neural_mae,zero,3,1,19,2000,42,4.15011372147769e-06,-2.223551180125723e-06,1.0968978587794258e-05,
fold-001,calibration,dlinear,neural_mae,parent,3,1,19,2000,42,-0.0005741627830125266,-0.00108538431256752,-0.00012885379237365108,
fold-001,calibration,dlinear,neural_mae,initial_policy,3,1,19,2000,42,-0.0006305511875868613,-0.0011510917583703005,-0.00017179471380062266,
fold-001,calibration,dlinear,neural_mae,center,3,1,19,2000,42,-0.00010091833978598864,-0.0002070105815902446,-8.308299584794996e-06,
fold-001,calibration,dlinear,neural_mse,zero,3,1,19,2000,42,2.2679786498388575e-06,-1.4535160888823342e-05,1.7112957688415433e-05,
fold-001,calibration,dlinear,neural_mse,parent,3,1,19,2000,42,-0.0005760449180841654,-0.0010868564341414287,-0.000132921089410752,
fold-001,calibration,dlinear,neural_mse,initial_policy,3,1,19,2000,42,-0.0006324333226585002,-0.001151949297728834,-0.00017685416280184581,
fold-001,calibration,dlinear,neural_mse,center,3,1,19,2000,42,-8.378566073749776e-06,-9.957204469217706e-05,8.905803467591588e-05,
fold-001,calibration,dlinear,reference,zero,3,1,19,2000,42,0.0005839189389104778,0.00021250817404942866,0.0009490137780382954,
fold-001,calibration,dlinear,reference_mae,zero,3,1,19,2000,42,0.00041088829112064375,0.00010532086820477953,0.0007300765857096455,
fold-001,calibration,dlinear,reference_mae,parent,3,1,19,2000,42,-0.00017303064778983457,-0.00028322944060697893,-5.8869369089981975e-05,
fold-001,calibration,dlinear,reference_mse,zero,3,1,19,2000,42,0.0005839189389104783,0.00021250817404942974,0.0009490137780382956,
fold-001,calibration,dlinear,reference_mse,parent,3,1,19,2000,42,0.0,0.0,0.0,
fold-001,calibration,dlinear,reinforce,zero,3,1,19,2000,42,0.0006347013013083391,0.00017653460087190264,0.001157224960948462,
fold-001,calibration,dlinear,reinforce,parent,3,1,19,2000,42,5.63884045743348e-05,-6.817078038403006e-06,0.00012382144692284092,
fold-001,calibration,dlinear,reinforce,initial_policy,3,1,19,2000,42,0.0,0.0,0.0,
fold-001,calibration,dlinear,reinforce,center,3,1,19,2000,42,5.63884045743348e-05,-6.817078038403006e-06,0.00012382144692284092,
fold-001,calibration,gru,expected,zero,3,1,19,2000,42,0.0010218882590903617,0.000541760702707928,0.0015019047554389866,
fold-001,calibration,gru,expected,parent,3,1,19,2000,42,9.003717801401686e-05,-4.5253939424294345e-05,0.0002237155655231869,
fold-001,calibration,gru,expected,initial_policy,3,1,19,2000,42,0.0,0.0,0.0,
fold-001,calibration,gru,expected,center,3,1,19,2000,42,9.003717801401686e-05,-4.5253939424294345e-05,0.0002237155655231869,
fold-001,calibration,gru,klpo_exact,zero,3,1,19,2000,42,0.0010218882590903617,0.000541760702707928,0.0015019047554389866,
fold-001,calibration,gru,klpo_exact,parent,3,1,19,2000,42,9.003717801401686e-05,-4.5253939424294345e-05,0.0002237155655231869,
fold-001,calibration,gru,klpo_exact,initial_policy,3,1,19,2000,42,0.0,0.0,0.0,
fold-001,calibration,gru,klpo_exact,center,3,1,19,2000,42,9.003717801401686e-05,-4.5253939424294345e-05,0.0002237155655231869,
fold-001,calibration,gru,klpo_full,zero,3,1,19,2000,42,0.0010218882590903617,0.000541760702707928,0.0015019047554389866,
fold-001,calibration,gru,klpo_full,parent,3,1,19,2000,42,9.003717801401686e-05,-4.5253939424294345e-05,0.0002237155655231869,
fold-001,calibration,gru,klpo_full,initial_policy,3,1,19,2000,42,0.0,0.0,0.0,
fold-001,calibration,gru,klpo_full,center,3,1,19,2000,42,9.003717801401686e-05,-4.5253939424294345e-05,0.0002237155655231869,
fold-001,calibration,gru,klpo_mc,zero,3,1,19,2000,42,0.0010218882590903617,0.000541760702707928,0.0015019047554389866,
fold-001,calibration,gru,klpo_mc,parent,3,1,19,2000,42,9.003717801401686e-05,-4.5253939424294345e-05,0.0002237155655231869,
fold-001,calibration,gru,klpo_mc,initial_policy,3,1,19,2000,42,0.0,0.0,0.0,
fold-001,calibration,gru,klpo_mc,center,3,1,19,2000,42,9.003717801401686e-05,-4.5253939424294345e-05,0.0002237155655231869,
fold-001,calibration,gru,mae,zero,3,1,19,2000,42,0.0010011781794102873,0.0005475483083775693,0.0014527745007740075,
fold-001,calibration,gru,mae,parent,3,1,19,2000,42,6.932709833394229e-05,-8.010800619397165e-05,0.00021259158733687587,
fold-001,calibration,gru,mae,initial_policy,3,1,19,2000,42,-2.071007968007457e-05,-8.087501707896182e-05,4.575160853104129e-05,
fold-001,calibration,gru,mae,center,3,1,19,2000,42,0.00011137307002430904,9.958974179002937e-06,0.00021198636769789977,
fold-001,calibration,gru,neural_mae,zero,3,1,19,2000,42,9.174338654638456e-06,5.25233132045702e-07,2.0363625906019442e-05,
fold-001,calibration,gru,neural_mae,parent,3,1,19,2000,42,-0.0009226767424217066,-0.0014222033642963896,-0.00045348853664847137,
fold-001,calibration,gru,neural_mae,initial_policy,3,1,19,2000,42,-0.0010127139204357235,-0.0014878837516613627,-0.0005394692472231493,
fold-001,calibration,gru,neural_mae,center,3,1,19,2000,42,-3.2142303461939776e-06,-4.6116506709003265e-05,4.471396980222765e-05,
fold-001,calibration,gru,neural_mse,zero,3,1,19,2000,42,2.784978403943327e-05,2.5386803303612794e-06,7.118191002472832e-05,
fold-001,calibration,gru,neural_mse,parent,3,1,19,2000,42,-0.0009040012970369119,-0.0013941078515248115,-0.0004390253795784825,
fold-001,calibration,gru,neural_mse,initial_policy,3,1,19,2000,42,-0.0009940384750509288,-0.001453263781850697,-0.0005281374862696236,
fold-001,calibration,gru,neural_mse,center,3,1,19,2000,42,-7.024156245625595e-05,-0.0001587222890463038,7.68876864766751e-06,
fold-001,calibration,gru,reference,zero,3,1,19,2000,42,0.0007246375031940445,0.00029139939006214683,0.0011612280759058797,
fold-001,calibration,gru,reference_mae,zero,3,1,19,2000,42,0.0004367249254535735,0.00012721584030037694,0.0007308595756173485,
fold-001,calibration,gru,reference_mae,parent,3,1,19,2000,42,-0.0002879125777404707,-0.0005042361032574267,-7.963007426929362e-05,
fold-001,calibration,gru,reference_mse,zero,3,1,19,2000,42,0.0005130325118783613,0.00016616246354441403,0.0008565309603585068,
fold-001,calibration,gru,reference_mse,parent,3,1,19,2000,42,-0.00021160499131568297,-0.0003205859426400847,-0.00010412644314281053,
fold-001,calibration,gru,reinforce,zero,3,1,19,2000,42,0.0010218882590903617,0.000541760702707928,0.0015019047554389866,
fold-001,calibration,gru,reinforce,parent,3,1,19,2000,42,9.003717801401686e-05,-4.5253939424294345e-05,0.0002237155655231869,
fold-001,calibration,gru,reinforce,initial_policy,3,1,19,2000,42,0.0,0.0,0.0,
fold-001,calibration,gru,reinforce,center,3,1,19,2000,42,9.003717801401686e-05,-4.5253939424294345e-05,0.0002237155655231869,
fold-001,calibration,lstm,expected,zero,3,1,19,2000,42,0.0006534572259598026,0.00027089124199348373,0.0009961790526858384,
fold-001,calibration,lstm,expected,parent,3,1,19,2000,42,0.00018680423984628633,0.00013226438562216145,0.00023801533564425336,
fold-001,calibration,lstm,expected,initial_policy,3,1,19,2000,42,0.0,0.0,0.0,
fold-001,calibration,lstm,expected,center,3,1,19,2000,42,0.00018680423984628633,0.00013226438562216145,0.00023801533564425336,
fold-001,calibration,lstm,klpo_exact,zero,3,1,19,2000,42,0.0006534572259598026,0.00027089124199348373,0.0009961790526858384,
fold-001,calibration,lstm,klpo_exact,parent,3,1,19,2000,42,0.00018680423984628633,0.00013226438562216145,0.00023801533564425336,
fold-001,calibration,lstm,klpo_exact,initial_policy,3,1,19,2000,42,0.0,0.0,0.0,
fold-001,calibration,lstm,klpo_exact,center,3,1,19,2000,42,0.00018680423984628633,0.00013226438562216145,0.00023801533564425336,
fold-001,calibration,lstm,klpo_full,zero,3,1,19,2000,42,0.0006534572259598026,0.00027089124199348373,0.0009961790526858384,
fold-001,calibration,lstm,klpo_full,parent,3,1,19,2000,42,0.00018680423984628633,0.00013226438562216145,0.00023801533564425336,
fold-001,calibration,lstm,klpo_full,initial_policy,3,1,19,2000,42,0.0,0.0,0.0,
fold-001,calibration,lstm,klpo_full,center,3,1,19,2000,42,0.00018680423984628633,0.00013226438562216145,0.00023801533564425336,
fold-001,calibration,lstm,klpo_mc,zero,3,1,19,2000,42,0.0006534572259598026,0.00027089124199348373,0.0009961790526858384,
fold-001,calibration,lstm,klpo_mc,parent,3,1,19,2000,42,0.00018680423984628633,0.00013226438562216145,0.00023801533564425336,
fold-001,calibration,lstm,klpo_mc,initial_policy,3,1,19,2000,42,0.0,0.0,0.0,
fold-001,calibration,lstm,klpo_mc,center,3,1,19,2000,42,0.00018680423984628633,0.00013226438562216145,0.00023801533564425336,
fold-001,calibration,lstm,mae,zero,3,1,19,2000,42,0.0006534572259598026,0.00027089124199348373,0.0009961790526858384,
fold-001,calibration,lstm,mae,parent,3,1,19,2000,42,0.00018680423984628633,0.00013226438562216145,0.00023801533564425336,
fold-001,calibration,lstm,mae,initial_policy,3,1,19,2000,42,0.0,0.0,0.0,
fold-001,calibration,lstm,mae,center,3,1,19,2000,42,0.00018680423984628633,0.00013226438562216145,0.00023801533564425336,
fold-001,calibration,lstm,neural_mae,zero,3,1,19,2000,42,3.434636955235817e-05,1.4184672171976462e-05,5.325469770678089e-05,
fold-001,calibration,lstm,neural_mae,parent,3,1,19,2000,42,-0.0004323066165611581,-0.0007457894557532932,-7.252136598108504e-05,
fold-001,calibration,lstm,neural_mae,initial_policy,3,1,19,2000,42,-0.0006191108564074444,-0.0009489745021390395,-0.0002478870139572343,
fold-001,calibration,lstm,neural_mae,center,3,1,19,2000,42,1.5650322691515142e-05,-1.3294155507167864e-05,4.512246006481716e-05,
fold-001,calibration,lstm,neural_mse,zero,3,1,19,2000,42,0.00027949868838237057,0.00012683532027133566,0.0004217866135613954,
fold-001,calibration,lstm,neural_mse,parent,3,1,19,2000,42,-0.0001871542977311457,-0.00038019447192220345,3.298040063483902e-05,
fold-001,calibration,lstm,neural_mse,initial_policy,3,1,19,2000,42,-0.00037395853757743203,-0.0005808386978352506,-0.000145949935917444,
fold-001,calibration,lstm,neural_mse,center,3,1,19,2000,42,7.337127969388353e-05,5.301615980821017e-05,9.439579742990005e-05,
fold-001,calibration,lstm,reference,zero,3,1,19,2000,42,0.0004606838479973466,0.00017579002267695243,0.0007241510481757717,
fold-001,calibration,lstm,reference_mae,zero,3,1,19,2000,42,0.00043583772392908265,0.00015479268415325123,0.0006860766121914492,
fold-001,calibration,lstm,reference_mae,parent,3,1,19,2000,42,-2.4846124068264403e-05,-5.485153136867895e-05,-3.8200027485572795e-07,
fold-001,calibration,lstm,reference_mse,zero,3,1,19,2000,42,0.00046068384799734707,0.0001757900226769529,0.0007241510481757722,
fold-001,calibration,lstm,reference_mse,parent,3,1,19,2000,42,0.0,0.0,0.0,
fold-001,calibration,lstm,reinforce,zero,3,1,19,2000,42,0.0006534572259598026,0.00027089124199348373,0.0009961790526858384,
fold-001,calibration,lstm,reinforce,parent,3,1,19,2000,42,0.00018680423984628633,0.00013226438562216145,0.00023801533564425336,
fold-001,calibration,lstm,reinforce,initial_policy,3,1,19,2000,42,0.0,0.0,0.0,
fold-001,calibration,lstm,reinforce,center,3,1,19,2000,42,0.00018680423984628633,0.00013226438562216145,0.00023801533564425336,
fold-001,calibration,ridge,expected,zero,3,1,19,2000,42,0.02929687228192375,0.019639718978593276,0.039310343723268394,
fold-001,calibration,ridge,expected,parent,3,1,19,2000,42,-0.02708928430542341,-0.03701095723275504,-0.01791717432161362,
fold-001,calibration,ridge,expected,initial_policy,3,1,19,2000,42,-0.006520413833666326,-0.007910403832771076,-0.005137820985541672,
fold-001,calibration,ridge,expected,center,3,1,19,2000,42,-0.008696310968460408,-0.013965883423341322,-0.003966803439707836,
fold-001,calibration,ridge,klpo_exact,zero,3,1,19,2000,42,0.001310292063697367,0.0009119116937720299,0.0017259438320438136,
fold-001,calibration,ridge,klpo_exact,parent,3,1,19,2000,42,-0.055075864523649785,-0.07463196123454055,-0.036597373581848884,
fold-001,calibration,ridge,klpo_exact,initial_policy,3,1,19,2000,42,-0.034506994051892705,-0.04355880871276088,-0.025403845595946755,
fold-001,calibration,ridge,klpo_exact,center,3,1,19,2000,42,0.00011144868192585032,9.29305697689126e-05,0.00012972256683007146,
fold-001,calibration,ridge,klpo_full,zero,3,1,19,2000,42,0.005605476221000182,0.003187189249906206,0.008316519581494004,
fold-001,calibration,ridge,klpo_full,parent,3,1,19,2000,42,-0.050780680366346975,-0.0679898328349085,-0.03435742801397161,
fold-001,calibration,ridge,klpo_full,initial_policy,3,1,19,2000,42,-0.03021180989458989,-0.037645598106787935,-0.022906397192794067,
fold-001,calibration,ridge,klpo_full,center,3,1,19,2000,42,5.339519860201617e-05,2.018540585049983e-05,8.341745808861917e-05,
fold-001,calibration,ridge,klpo_mc,zero,3,1,19,2000,42,0.005670613394247777,0.003253771748508905,0.008389793177681777,
fold-001,calibration,ridge,klpo_mc,parent,3,1,19,2000,42,-0.05071554319309938,-0.06792568694022537,-0.03429982369409304,
fold-001,calibration,ridge,klpo_mc,initial_policy,3,1,19,2000,42,-0.030146672721342298,-0.03755675013002586,-0.02285395301691133,
fold-001,calibration,ridge,klpo_mc,center,3,1,19,2000,42,4.878113288566239e-05,1.6762232930976854e-05,7.859319056329938e-05,
fold-001,calibration,ridge,mae,zero,3,1,19,2000,42,0.028068022959512672,0.01861842114619624,0.037904325525047376,
fold-001,calibration,ridge,mae,parent,3,1,19,2000,42,-0.028318133627834488,-0.038240334247427704,-0.019025133230737058,
fold-001,calibration,ridge,mae,initial_policy,3,1,19,2000,42,-0.007749263156077407,-0.009304575747273856,-0.006187103624620101,
fold-001,calibration,ridge,mae,center,3,1,19,2000,42,-0.00666496858949499,-0.01106164233150898,-0.0028694086991106105,
fold-001,calibration,ridge,reinforce,zero,3,1,19,2000,42,0.02971305664713198,0.02004803681984262,0.03968831278266733,
fold-001,calibration,ridge,reinforce,parent,3,1,19,2000,42,-0.02667309994021518,-0.03657723968562898,-0.017522701057404423,
fold-001,calibration,ridge,reinforce,initial_policy,3,1,19,2000,42,-0.0061042294684581005,-0.0074795799506056256,-0.004737103193816876,
fold-001,calibration,ridge,reinforce,center,3,1,19,2000,42,-0.009100822973251956,-0.014616816862664379,-0.004154072848187763,
fold-001,calibration,ridge,ridge,zero,1,1,19,2000,42,0.05638615658734716,0.037751317188289245,0.07617224828330368,
fold-001,calibration,rnn,expected,zero,3,1,19,2000,42,0.0003655608856066674,1.0493995156592248e-05,0.0006846014413109454,
fold-001,calibration,rnn,expected,parent,3,1,19,2000,42,6.205655856639693e-05,-3.2397017366846956e-05,0.0001555205872884041,
fold-001,calibration,rnn,expected,initial_policy,3,1,19,2000,42,0.0,0.0,0.0,
fold-001,calibration,rnn,expected,center,3,1,19,2000,42,6.205655856639693e-05,-3.2397017366846956e-05,0.0001555205872884041,
fold-001,calibration,rnn,klpo_exact,zero,3,1,19,2000,42,0.0003655608856066674,1.0493995156592248e-05,0.0006846014413109454,
fold-001,calibration,rnn,klpo_exact,parent,3,1,19,2000,42,6.205655856639693e-05,-3.2397017366846956e-05,0.0001555205872884041,
fold-001,calibration,rnn,klpo_exact,initial_policy,3,1,19,2000,42,0.0,0.0,0.0,
fold-001,calibration,rnn,klpo_exact,center,3,1,19,2000,42,6.205655856639693e-05,-3.2397017366846956e-05,0.0001555205872884041,
fold-001,calibration,rnn,klpo_full,zero,3,1,19,2000,42,0.0003655608856066674,1.0493995156592248e-05,0.0006846014413109454,
fold-001,calibration,rnn,klpo_full,parent,3,1,19,2000,42,6.205655856639693e-05,-3.2397017366846956e-05,0.0001555205872884041,
fold-001,calibration,rnn,klpo_full,initial_policy,3,1,19,2000,42,0.0,0.0,0.0,
fold-001,calibration,rnn,klpo_full,center,3,1,19,2000,42,6.205655856639693e-05,-3.2397017366846956e-05,0.0001555205872884041,
fold-001,calibration,rnn,klpo_mc,zero,3,1,19,2000,42,0.0003655608856066674,1.0493995156592248e-05,0.0006846014413109454,
fold-001,calibration,rnn,klpo_mc,parent,3,1,19,2000,42,6.205655856639693e-05,-3.2397017366846956e-05,0.0001555205872884041,
fold-001,calibration,rnn,klpo_mc,initial_policy,3,1,19,2000,42,0.0,0.0,0.0,
fold-001,calibration,rnn,klpo_mc,center,3,1,19,2000,42,6.205655856639693e-05,-3.2397017366846956e-05,0.0001555205872884041,
fold-001,calibration,rnn,mae,zero,3,1,19,2000,42,0.0003655608856066674,1.0493995156592248e-05,0.0006846014413109454,
fold-001,calibration,rnn,mae,parent,3,1,19,2000,42,6.205655856639693e-05,-3.2397017366846956e-05,0.0001555205872884041,
fold-001,calibration,rnn,mae,initial_policy,3,1,19,2000,42,0.0,0.0,0.0,
fold-001,calibration,rnn,mae,center,3,1,19,2000,42,6.205655856639693e-05,-3.2397017366846956e-05,0.0001555205872884041,
fold-001,calibration,rnn,neural_mae,zero,3,1,19,2000,42,-6.9403309584709335e-06,-3.38526045836599e-05,1.0157903784716265e-05,
fold-001,calibration,rnn,neural_mae,parent,3,1,19,2000,42,-0.0003104446579987414,-0.0005837915828745502,5.049477501539297e-07,
fold-001,calibration,rnn,neural_mae,initial_policy,3,1,19,2000,42,-0.0003725012165651383,-0.0006807357170707241,-4.423387985695264e-05,
fold-001,calibration,rnn,neural_mae,center,3,1,19,2000,42,1.2992731700399513e-05,-5.3110079418234756e-05,9.115257264981442e-05,
fold-001,calibration,rnn,neural_mse,zero,3,1,19,2000,42,1.2386952776432233e-05,-2.125719156777229e-05,5.8510224462633004e-05,
fold-001,calibration,rnn,neural_mse,parent,3,1,19,2000,42,-0.0002911173742638382,-0.0005694421210046781,2.5352298122161835e-05,
fold-001,calibration,rnn,neural_mse,initial_policy,3,1,19,2000,42,-0.0003531739328302351,-0.0006672490042966545,-1.667608116931203e-05,
fold-001,calibration,rnn,neural_mse,center,3,1,19,2000,42,-1.637740409528883e-07,-8.52243294104537e-05,9.719199586383791e-05,
fold-001,calibration,rnn,reference,zero,3,1,19,2000,42,0.0005537985744327767,0.0002178704819912329,0.0008699698273868387,
fold-001,calibration,rnn,reference_mae,zero,3,1,19,2000,42,0.0002821350871814649,4.510348869196239e-05,0.0004873384295032348,
fold-001,calibration,rnn,reference_mae,parent,3,1,19,2000,42,-0.00027166348725131216,-0.0004382436504871894,-0.00011208316648195618,
fold-001,calibration,rnn,reference_mse,zero,3,1,19,2000,42,0.0005019809429433775,0.0001457223442095744,0.0008249270022336923,
fold-001,calibration,rnn,reference_mse,parent,3,1,19,2000,42,-5.181763148939948e-05,-0.00010128351982036313,-5.669869749192144e-06,
fold-001,calibration,rnn,reinforce,zero,3,1,19,2000,42,0.0003655608856066674,1.0493995156592248e-05,0.0006846014413109454,
fold-001,calibration,rnn,reinforce,parent,3,1,19,2000,42,6.205655856639693e-05,-3.2397017366846956e-05,0.0001555205872884041,
fold-001,calibration,rnn,reinforce,initial_policy,3,1,19,2000,42,0.0,0.0,0.0,
fold-001,calibration,rnn,reinforce,center,3,1,19,2000,42,6.205655856639693e-05,-3.2397017366846956e-05,0.0001555205872884041,
fold-001,calibration,xgboost,expected,zero,3,1,19,2000,42,0.0,0.0,0.0,
fold-001,calibration,xgboost,expected,parent,3,1,19,2000,42,7.253591247880983e-06,-5.5001053063965295e-05,8.128344949160033e-05,
fold-001,calibration,xgboost,expected,initial_policy,3,1,19,2000,42,0.0,0.0,0.0,
fold-001,calibration,xgboost,expected,center,3,1,19,2000,42,7.253591247880983e-06,-5.5001053063965295e-05,8.128344949160033e-05,
fold-001,calibration,xgboost,klpo_exact,zero,3,1,19,2000,42,0.0,0.0,0.0,
fold-001,calibration,xgboost,klpo_exact,parent,3,1,19,2000,42,7.253591247880983e-06,-5.5001053063965295e-05,8.128344949160033e-05,
fold-001,calibration,xgboost,klpo_exact,initial_policy,3,1,19,2000,42,0.0,0.0,0.0,
fold-001,calibration,xgboost,klpo_exact,center,3,1,19,2000,42,7.253591247880983e-06,-5.5001053063965295e-05,8.128344949160033e-05,
fold-001,calibration,xgboost,klpo_full,zero,3,1,19,2000,42,0.0,0.0,0.0,
fold-001,calibration,xgboost,klpo_full,parent,3,1,19,2000,42,7.253591247880983e-06,-5.5001053063965295e-05,8.128344949160033e-05,
fold-001,calibration,xgboost,klpo_full,initial_policy,3,1,19,2000,42,0.0,0.0,0.0,
fold-001,calibration,xgboost,klpo_full,center,3,1,19,2000,42,7.253591247880983e-06,-5.5001053063965295e-05,8.128344949160033e-05,
fold-001,calibration,xgboost,klpo_mc,zero,3,1,19,2000,42,0.0,0.0,0.0,
fold-001,calibration,xgboost,klpo_mc,parent,3,1,19,2000,42,7.253591247880983e-06,-5.5001053063965295e-05,8.128344949160033e-05,
fold-001,calibration,xgboost,klpo_mc,initial_policy,3,1,19,2000,42,0.0,0.0,0.0,
fold-001,calibration,xgboost,klpo_mc,center,3,1,19,2000,42,7.253591247880983e-06,-5.5001053063965295e-05,8.128344949160033e-05,
fold-001,calibration,xgboost,mae,zero,3,1,19,2000,42,0.0,0.0,0.0,
fold-001,calibration,xgboost,mae,parent,3,1,19,2000,42,7.253591247880983e-06,-5.5001053063965295e-05,8.128344949160033e-05,
fold-001,calibration,xgboost,mae,initial_policy,3,1,19,2000,42,0.0,0.0,0.0,
fold-001,calibration,xgboost,mae,center,3,1,19,2000,42,7.253591247880983e-06,-5.5001053063965295e-05,8.128344949160033e-05,
fold-001,calibration,xgboost,reinforce,zero,3,1,19,2000,42,0.0,0.0,0.0,
fold-001,calibration,xgboost,reinforce,parent,3,1,19,2000,42,7.253591247880983e-06,-5.5001053063965295e-05,8.128344949160033e-05,
fold-001,calibration,xgboost,reinforce,initial_policy,3,1,19,2000,42,0.0,0.0,0.0,
fold-001,calibration,xgboost,reinforce,center,3,1,19,2000,42,7.253591247880983e-06,-5.5001053063965295e-05,8.128344949160033e-05,
fold-001,calibration,xgboost,xgboost,zero,3,1,19,2000,42,-7.253591247880983e-06,-8.128344949160033e-05,5.500105306396527e-05,
fold-001,calibration,dlinear,expected,zero,3,5,19,2000,42,0.0006347013013083391,0.00042100578869066075,0.000998726707995215,
fold-001,calibration,dlinear,expected,parent,3,5,19,2000,42,5.63884045743348e-05,-2.7901069143861287e-05,9.642354087243286e-05,
fold-001,calibration,dlinear,expected,initial_policy,3,5,19,2000,42,0.0,0.0,0.0,
fold-001,calibration,dlinear,expected,center,3,5,19,2000,42,5.63884045743348e-05,-2.7901069143861287e-05,9.642354087243286e-05,
fold-001,calibration,dlinear,klpo_exact,zero,3,5,19,2000,42,0.0006347013013083391,0.00042100578869066075,0.000998726707995215,
fold-001,calibration,dlinear,klpo_exact,parent,3,5,19,2000,42,5.63884045743348e-05,-2.7901069143861287e-05,9.642354087243286e-05,
fold-001,calibration,dlinear,klpo_exact,initial_policy,3,5,19,2000,42,0.0,0.0,0.0,
fold-001,calibration,dlinear,klpo_exact,center,3,5,19,2000,42,5.63884045743348e-05,-2.7901069143861287e-05,9.642354087243286e-05,
fold-001,calibration,dlinear,klpo_full,zero,3,5,19,2000,42,0.0006347013013083391,0.00042100578869066075,0.000998726707995215,
fold-001,calibration,dlinear,klpo_full,parent,3,5,19,2000,42,5.63884045743348e-05,-2.7901069143861287e-05,9.642354087243286e-05,
fold-001,calibration,dlinear,klpo_full,initial_policy,3,5,19,2000,42,0.0,0.0,0.0,
fold-001,calibration,dlinear,klpo_full,center,3,5,19,2000,42,5.63884045743348e-05,-2.7901069143861287e-05,9.642354087243286e-05,
fold-001,calibration,dlinear,klpo_mc,zero,3,5,19,2000,42,0.0006347013013083391,0.00042100578869066075,0.000998726707995215,
fold-001,calibration,dlinear,klpo_mc,parent,3,5,19,2000,42,5.63884045743348e-05,-2.7901069143861287e-05,9.642354087243286e-05,
fold-001,calibration,dlinear,klpo_mc,initial_policy,3,5,19,2000,42,0.0,0.0,0.0,
fold-001,calibration,dlinear,klpo_mc,center,3,5,19,2000,42,5.63884045743348e-05,-2.7901069143861287e-05,9.642354087243286e-05,
fold-001,calibration,dlinear,mae,zero,3,5,19,2000,42,0.0006347013013083391,0.00042100578869066075,0.000998726707995215,
fold-001,calibration,dlinear,mae,parent,3,5,19,2000,42,5.63884045743348e-05,-2.7901069143861287e-05,9.642354087243286e-05,
fold-001,calibration,dlinear,mae,initial_policy,3,5,19,2000,42,0.0,0.0,0.0,
fold-001,calibration,dlinear,mae,center,3,5,19,2000,42,5.63884045743348e-05,-2.7901069143861287e-05,9.642354087243286e-05,
fold-001,calibration,dlinear,neural_mae,zero,3,5,19,2000,42,4.15011372147769e-06,-5.709050645242922e-07,7.257205180973477e-06,
fold-001,calibration,dlinear,neural_mae,parent,3,5,19,2000,42,-0.0005741627830125266,-0.000984662410823519,-0.0003465878826143002,
fold-001,calibration,dlinear,neural_mae,initial_policy,3,5,19,2000,42,-0.0006305511875868613,-0.0009972537798439759,-0.00041754923674839543,
fold-001,calibration,dlinear,neural_mae,center,3,5,19,2000,42,-0.00010091833978598864,-0.00017754850419812368,-6.244289832913403e-05,
fold-001,calibration,dlinear,neural_mse,zero,3,5,19,2000,42,2.2679786498388575e-06,-5.818692203402009e-06,1.7741898759076143e-05,
fold-001,calibration,dlinear,neural_mse,parent,3,5,19,2000,42,-0.0005760449180841654,-0.0009746708750352617,-0.0003446830152201369,
fold-001,calibration,dlinear,neural_mse,initial_policy,3,5,19,2000,42,-0.0006324333226585002,-0.0009856156145355752,-0.0004144785261553121,
fold-001,calibration,dlinear,neural_mse,center,3,5,19,2000,42,-8.378566073749776e-06,-8.126693286513332e-05,1.8140540084834574e-05,
fold-001,calibration,dlinear,reference,zero,3,5,19,2000,42,0.0005839189389104778,0.00048415332478313124,0.0008287318128668136,
fold-001,calibration,dlinear,reference_mae,zero,3,5,19,2000,42,0.00041088829112064375,0.00031751022894818735,0.0005609501369862649,
fold-001,calibration,dlinear,reference_mae,parent,3,5,19,2000,42,-0.00017303064778983457,-0.00030060919443551236,-0.00014179582040401993,
fold-001,calibration,dlinear,reference_mse,zero,3,5,19,2000,42,0.0005839189389104783,0.000484153324783132,0.0008287318128668143,
fold-001,calibration,dlinear,reference_mse,parent,3,5,19,2000,42,0.0,0.0,0.0,
fold-001,calibration,dlinear,reinforce,zero,3,5,19,2000,42,0.0006347013013083391,0.00042100578869066075,0.000998726707995215,
fold-001,calibration,dlinear,reinforce,parent,3,5,19,2000,42,5.63884045743348e-05,-2.7901069143861287e-05,9.642354087243286e-05,
fold-001,calibration,dlinear,reinforce,initial_policy,3,5,19,2000,42,0.0,0.0,0.0,
fold-001,calibration,dlinear,reinforce,center,3,5,19,2000,42,5.63884045743348e-05,-2.7901069143861287e-05,9.642354087243286e-05,
fold-001,calibration,gru,expected,zero,3,5,19,2000,42,0.0010218882590903617,0.00024718289340490163,0.0015331928754509258,
fold-001,calibration,gru,expected,parent,3,5,19,2000,42,9.003717801401686e-05,2.6730042157420173e-05,0.00015488114173381728,
fold-001,calibration,gru,expected,initial_policy,3,5,19,2000,42,0.0,0.0,0.0,
fold-001,calibration,gru,expected,center,3,5,19,2000,42,9.003717801401686e-05,2.6730042157420173e-05,0.00015488114173381728,
fold-001,calibration,gru,klpo_exact,zero,3,5,19,2000,42,0.0010218882590903617,0.00024718289340490163,0.0015331928754509258,
fold-001,calibration,gru,klpo_exact,parent,3,5,19,2000,42,9.003717801401686e-05,2.6730042157420173e-05,0.00015488114173381728,
fold-001,calibration,gru,klpo_exact,initial_policy,3,5,19,2000,42,0.0,0.0,0.0,
fold-001,calibration,gru,klpo_exact,center,3,5,19,2000,42,9.003717801401686e-05,2.6730042157420173e-05,0.00015488114173381728,
fold-001,calibration,gru,klpo_full,zero,3,5,19,2000,42,0.0010218882590903617,0.00024718289340490163,0.0015331928754509258,
fold-001,calibration,gru,klpo_full,parent,3,5,19,2000,42,9.003717801401686e-05,2.6730042157420173e-05,0.00015488114173381728,
fold-001,calibration,gru,klpo_full,initial_policy,3,5,19,2000,42,0.0,0.0,0.0,
fold-001,calibration,gru,klpo_full,center,3,5,19,2000,42,9.003717801401686e-05,2.6730042157420173e-05,0.00015488114173381728,
fold-001,calibration,gru,klpo_mc,zero,3,5,19,2000,42,0.0010218882590903617,0.00024718289340490163,0.0015331928754509258,
fold-001,calibration,gru,klpo_mc,parent,3,5,19,2000,42,9.003717801401686e-05,2.6730042157420173e-05,0.00015488114173381728,
fold-001,calibration,gru,klpo_mc,initial_policy,3,5,19,2000,42,0.0,0.0,0.0,
fold-001,calibration,gru,klpo_mc,center,3,5,19,2000,42,9.003717801401686e-05,2.6730042157420173e-05,0.00015488114173381728,
fold-001,calibration,gru,mae,zero,3,5,19,2000,42,0.0010011781794102873,0.0002708595625463118,0.0014492768953964388,
fold-001,calibration,gru,mae,parent,3,5,19,2000,42,6.932709833394229e-05,-2.6620998460384734e-05,0.00020372070852803231,
fold-001,calibration,gru,mae,initial_policy,3,5,19,2000,42,-2.071007968007457e-05,-0.00010743297660264096,8.446528291654928e-05,
fold-001,calibration,gru,mae,center,3,5,19,2000,42,0.00011137307002430904,5.248173926749371e-05,0.00016447948435856103,
fold-001,calibration,gru,neural_mae,zero,3,5,19,2000,42,9.174338654638456e-06,1.9301806574246547e-06,1.3482123391328463e-05,
fold-001,calibration,gru,neural_mae,parent,3,5,19,2000,42,-0.0009226767424217066,-0.0014391529313523704,-0.00016398034637528448,
fold-001,calibration,gru,neural_mae,initial_policy,3,5,19,2000,42,-0.0010127139204357235,-0.0015227142286760244,-0.00024352703799526454,
fold-001,calibration,gru,neural_mae,center,3,5,19,2000,42,-3.2142303461939776e-06,-3.465561142108739e-05,1.7357985507685166e-05,
fold-001,calibration,gru,neural_mse,zero,3,5,19,2000,42,2.784978403943327e-05,2.5326052695097974e-06,5.4757061506686725e-05,
fold-001,calibration,gru,neural_mse,parent,3,5,19,2000,42,-0.0009040012970369119,-0.00142994299226725,-0.0001496609208728794,
fold-001,calibration,gru,neural_mse,initial_policy,3,5,19,2000,42,-0.0009940384750509288,-0.0015185470161123984,-0.00023058030484096142,
fold-001,calibration,gru,neural_mse,center,3,5,19,2000,42,-7.024156245625595e-05,-0.00014139325856660847,-2.0238529025666564e-05,
fold-001,calibration,gru,reference,zero,3,5,19,2000,42,0.0007246375031940445,0.00011811990512467501,0.0012884715306952553,
fold-001,calibration,gru,reference_mae,zero,3,5,19,2000,42,0.0004367249254535735,4.940854355433595e-05,0.000723676008055688,
fold-001,calibration,gru,reference_mae,parent,3,5,19,2000,42,-0.0002879125777404707,-0.0006001844905090486,1.1964113048571102e-05,
fold-001,calibration,gru,reference_mse,zero,3,5,19,2000,42,0.0005130325118783613,9.326893260339952e-05,0.000928328720699826,
fold-001,calibration,gru,reference_mse,parent,3,5,19,2000,42,-0.00021160499131568297,-0.0003672243087840537,-1.3069241668011305e-05,
fold-001,calibration,gru,reinforce,zero,3,5,19,2000,42,0.0010218882590903617,0.00024718289340490163,0.0015331928754509258,
fold-001,calibration,gru,reinforce,parent,3,5,19,2000,42,9.003717801401686e-05,2.6730042157420173e-05,0.00015488114173381728,
fold-001,calibration,gru,reinforce,initial_policy,3,5,19,2000,42,0.0,0.0,0.0,
fold-001,calibration,gru,reinforce,center,3,5,19,2000,42,9.003717801401686e-05,2.6730042157420173e-05,0.00015488114173381728,
fold-001,calibration,lstm,expected,zero,3,5,19,2000,42,0.0006534572259598026,0.00021465501858608133,0.0011254455652693965,
fold-001,calibration,lstm,expected,parent,3,5,19,2000,42,0.00018680423984628633,0.00013872842220223941,0.00021702025381207206,
fold-001,calibration,lstm,expected,initial_policy,3,5,19,2000,42,0.0,0.0,0.0,
fold-001,calibration,lstm,expected,center,3,5,19,2000,42,0.00018680423984628633,0.00013872842220223941,0.00021702025381207206,
fold-001,calibration,lstm,klpo_exact,zero,3,5,19,2000,42,0.0006534572259598026,0.00021465501858608133,0.0011254455652693965,
fold-001,calibration,lstm,klpo_exact,parent,3,5,19,2000,42,0.00018680423984628633,0.00013872842220223941,0.00021702025381207206,
fold-001,calibration,lstm,klpo_exact,initial_policy,3,5,19,2000,42,0.0,0.0,0.0,
fold-001,calibration,lstm,klpo_exact,center,3,5,19,2000,42,0.00018680423984628633,0.00013872842220223941,0.00021702025381207206,
fold-001,calibration,lstm,klpo_full,zero,3,5,19,2000,42,0.0006534572259598026,0.00021465501858608133,0.0011254455652693965,
fold-001,calibration,lstm,klpo_full,parent,3,5,19,2000,42,0.00018680423984628633,0.00013872842220223941,0.00021702025381207206,
fold-001,calibration,lstm,klpo_full,initial_policy,3,5,19,2000,42,0.0,0.0,0.0,
fold-001,calibration,lstm,klpo_full,center,3,5,19,2000,42,0.00018680423984628633,0.00013872842220223941,0.00021702025381207206,
fold-001,calibration,lstm,klpo_mc,zero,3,5,19,2000,42,0.0006534572259598026,0.00021465501858608133,0.0011254455652693965,
fold-001,calibration,lstm,klpo_mc,parent,3,5,19,2000,42,0.00018680423984628633,0.00013872842220223941,0.00021702025381207206,
fold-001,calibration,lstm,klpo_mc,initial_policy,3,5,19,2000,42,0.0,0.0,0.0,
fold-001,calibration,lstm,klpo_mc,center,3,5,19,2000,42,0.00018680423984628633,0.00013872842220223941,0.00021702025381207206,
fold-001,calibration,lstm,mae,zero,3,5,19,2000,42,0.0006534572259598026,0.00021465501858608133,0.0011254455652693965,
fold-001,calibration,lstm,mae,parent,3,5,19,2000,42,0.00018680423984628633,0.00013872842220223941,0.00021702025381207206,
fold-001,calibration,lstm,mae,initial_policy,3,5,19,2000,42,0.0,0.0,0.0,
fold-001,calibration,lstm,mae,center,3,5,19,2000,42,0.00018680423984628633,0.00013872842220223941,0.00021702025381207206,
fold-001,calibration,lstm,neural_mae,zero,3,5,19,2000,42,3.434636955235817e-05,1.035994074432461e-05,6.0906441921173696e-05,
fold-001,calibration,lstm,neural_mae,parent,3,5,19,2000,42,-0.0004323066165611581,-0.0008557463607493053,-3.5084172540367015e-05,
fold-001,calibration,lstm,neural_mae,initial_policy,3,5,19,2000,42,-0.0006191108564074444,-0.0010669880206898527,-0.00020352093524825683,
fold-001,calibration,lstm,neural_mae,center,3,5,19,2000,42,1.5650322691515142e-05,-2.0804583419578113e-05,4.755362334853848e-05,
fold-001,calibration,lstm,neural_mse,zero,3,5,19,2000,42,0.00027949868838237057,9.372481334119957e-05,0.0004669691088489269,
fold-001,calibration,lstm,neural_mse,parent,3,5,19,2000,42,-0.0001871542977311457,-0.0004532138449704415,4.4800181020114464e-05,
fold-001,calibration,lstm,neural_mse,initial_policy,3,5,19,2000,42,-0.00037395853757743203,-0.0006562977558238244,-0.00012076964925130987,
fold-001,calibration,lstm,neural_mse,center,3,5,19,2000,42,7.337127969388353e-05,5.4311729117882554e-05,7.837136838935401e-05,
fold-001,calibration,lstm,reference,zero,3,5,19,2000,42,0.0004606838479973466,0.00016240738834549724,0.0007783594092245879,
fold-001,calibration,lstm,reference_mae,zero,3,5,19,2000,42,0.00043583772392908265,0.00015882927754168848,0.0007484494074339919,
fold-001,calibration,lstm,reference_mae,parent,3,5,19,2000,42,-2.4846124068264403e-05,-3.616548492614585e-05,-3.0147162229621697e-07,
fold-001,calibration,lstm,reference_mse,zero,3,5,19,2000,42,0.00046068384799734707,0.0001624073883454975,0.0007783594092245881,
fold-001,calibration,lstm,reference_mse,parent,3,5,19,2000,42,0.0,0.0,0.0,
fold-001,calibration,lstm,reinforce,zero,3,5,19,2000,42,0.0006534572259598026,0.00021465501858608133,0.0011254455652693965,
fold-001,calibration,lstm,reinforce,parent,3,5,19,2000,42,0.00018680423984628633,0.00013872842220223941,0.00021702025381207206,
fold-001,calibration,lstm,reinforce,initial_policy,3,5,19,2000,42,0.0,0.0,0.0,
fold-001,calibration,lstm,reinforce,center,3,5,19,2000,42,0.00018680423984628633,0.00013872842220223941,0.00021702025381207206,
fold-001,calibration,ridge,expected,zero,3,5,19,2000,42,0.02929687228192375,0.01465626107246275,0.04477211440949349,
fold-001,calibration,ridge,expected,parent,3,5,19,2000,42,-0.02708928430542341,-0.04239840508966656,-0.0122613346917571,
fold-001,calibration,ridge,expected,initial_policy,3,5,19,2000,42,-0.006520413833666326,-0.009191825841696765,-0.004631490114575284,
fold-001,calibration,ridge,expected,center,3,5,19,2000,42,-0.008696310968460408,-0.016662346737417826,-0.00052998132915306,
fold-001,calibration,ridge,klpo_exact,zero,3,5,19,2000,42,0.001310292063697367,0.0007484662471985185,0.00186218107231747,
fold-001,calibration,ridge,klpo_exact,parent,3,5,19,2000,42,-0.055075864523649785,-0.08452605086868206,-0.02619985266490467,
fold-001,calibration,ridge,klpo_exact,initial_policy,3,5,19,2000,42,-0.034506994051892705,-0.048429301507142905,-0.021638010044423568,
fold-001,calibration,ridge,klpo_exact,center,3,5,19,2000,42,0.00011144868192585032,9.678165653984869e-05,0.00012638705680874724,
fold-001,calibration,ridge,klpo_full,zero,3,5,19,2000,42,0.005605476221000182,0.001985590408205286,0.009491849529626208,
fold-001,calibration,ridge,klpo_full,parent,3,5,19,2000,42,-0.050780680366346975,-0.07707481788490117,-0.025009625865688324,
fold-001,calibration,ridge,klpo_full,initial_policy,3,5,19,2000,42,-0.03021180989458989,-0.04194192546687952,-0.01988332690709878,
fold-001,calibration,ridge,klpo_full,center,3,5,19,2000,42,5.339519860201617e-05,7.3248050871004675e-06,8.959064713092551e-05,
fold-001,calibration,ridge,klpo_mc,zero,3,5,19,2000,42,0.005670613394247777,0.0020552477318237015,0.009564692130757895,
fold-001,calibration,ridge,klpo_mc,parent,3,5,19,2000,42,-0.05071554319309938,-0.07696996852669793,-0.02494600048491951,
fold-001,calibration,ridge,klpo_mc,initial_policy,3,5,19,2000,42,-0.030146672721342298,-0.04184911877150616,-0.01980895730351436,
fold-001,calibration,ridge,klpo_mc,center,3,5,19,2000,42,4.878113288566239e-05,1.7005478137803666e-06,8.153255421702484e-05,
fold-001,calibration,ridge,mae,zero,3,5,19,2000,42,0.028068022959512672,0.013465123469498417,0.04372464663865072,
fold-001,calibration,ridge,mae,parent,3,5,19,2000,42,-0.028318133627834488,-0.043311201838967535,-0.013621784997270956,
fold-001,calibration,ridge,mae,initial_policy,3,5,19,2000,42,-0.007749263156077407,-0.010658835049020307,-0.005711699412984205,
fold-001,calibration,ridge,mae,center,3,5,19,2000,42,-0.00666496858949499,-0.012737501027291853,-0.00039284693705558425,
fold-001,calibration,ridge,reinforce,zero,3,5,19,2000,42,0.02971305664713198,0.015018897194060883,0.0451626892991156,
fold-001,calibration,ridge,reinforce,parent,3,5,19,2000,42,-0.02667309994021518,-0.04197640893644334,-0.011774452283700285,
fold-001,calibration,ridge,reinforce,initial_policy,3,5,19,2000,42,-0.0061042294684581005,-0.008652541377727158,-0.0043463113626439655,
fold-001,calibration,ridge,reinforce,center,3,5,19,2000,42,-0.009100822973251956,-0.017499756098558836,-0.0005652875950195607,
fold-001,calibration,ridge,ridge,zero,1,5,19,2000,42,0.05638615658734716,0.027148574058826442,0.08623140294705035,
fold-001,calibration,rnn,expected,zero,3,5,19,2000,42,0.0003655608856066674,6.877708888184673e-05,0.0006707469623460923,
fold-001,calibration,rnn,expected,parent,3,5,19,2000,42,6.205655856639693e-05,-4.460761798080209e-05,0.00011221987682412404,
fold-001,calibration,rnn,expected,initial_policy,3,5,19,2000,42,0.0,0.0,0.0,
fold-001,calibration,rnn,expected,center,3,5,19,2000,42,6.205655856639693e-05,-4.460761798080209e-05,0.00011221987682412404,
fold-001,calibration,rnn,klpo_exact,zero,3,5,19,2000,42,0.0003655608856066674,6.877708888184673e-05,0.0006707469623460923,
fold-001,calibration,rnn,klpo_exact,parent,3,5,19,2000,42,6.205655856639693e-05,-4.460761798080209e-05,0.00011221987682412404,
fold-001,calibration,rnn,klpo_exact,initial_policy,3,5,19,2000,42,0.0,0.0,0.0,
fold-001,calibration,rnn,klpo_exact,center,3,5,19,2000,42,6.205655856639693e-05,-4.460761798080209e-05,0.00011221987682412404,
fold-001,calibration,rnn,klpo_full,zero,3,5,19,2000,42,0.0003655608856066674,6.877708888184673e-05,0.0006707469623460923,
fold-001,calibration,rnn,klpo_full,parent,3,5,19,2000,42,6.205655856639693e-05,-4.460761798080209e-05,0.00011221987682412404,
fold-001,calibration,rnn,klpo_full,initial_policy,3,5,19,2000,42,0.0,0.0,0.0,
fold-001,calibration,rnn,klpo_full,center,3,5,19,2000,42,6.205655856639693e-05,-4.460761798080209e-05,0.00011221987682412404,
fold-001,calibration,rnn,klpo_mc,zero,3,5,19,2000,42,0.0003655608856066674,6.877708888184673e-05,0.0006707469623460923,
fold-001,calibration,rnn,klpo_mc,parent,3,5,19,2000,42,6.205655856639693e-05,-4.460761798080209e-05,0.00011221987682412404,
fold-001,calibration,rnn,klpo_mc,initial_policy,3,5,19,2000,42,0.0,0.0,0.0,
fold-001,calibration,rnn,klpo_mc,center,3,5,19,2000,42,6.205655856639693e-05,-4.460761798080209e-05,0.00011221987682412404,
fold-001,calibration,rnn,mae,zero,3,5,19,2000,42,0.0003655608856066674,6.877708888184673e-05,0.0006707469623460923,
fold-001,calibration,rnn,mae,parent,3,5,19,2000,42,6.205655856639693e-05,-4.460761798080209e-05,0.00011221987682412404,
fold-001,calibration,rnn,mae,initial_policy,3,5,19,2000,42,0.0,0.0,0.0,
fold-001,calibration,rnn,mae,center,3,5,19,2000,42,6.205655856639693e-05,-4.460761798080209e-05,0.00011221987682412404,
fold-001,calibration,rnn,neural_mae,zero,3,5,19,2000,42,-6.9403309584709335e-06,-9.419812892436485e-06,5.378169460215989e-06,
fold-001,calibration,rnn,neural_mae,parent,3,5,19,2000,42,-0.0003104446579987414,-0.0005660544149844865,-9.344873226413125e-05,
fold-001,calibration,rnn,neural_mae,initial_policy,3,5,19,2000,42,-0.0003725012165651383,-0.0006681294436188184,-7.497768010361879e-05,
fold-001,calibration,rnn,neural_mae,center,3,5,19,2000,42,1.2992731700399513e-05,-5.969141925564331e-05,6.768345995203388e-05,
fold-001,calibration,rnn,neural_mse,zero,3,5,19,2000,42,1.2386952776432233e-05,-1.437340725377639e-06,3.417408752240973e-05,
fold-001,calibration,rnn,neural_mse,parent,3,5,19,2000,42,-0.0002911173742638382,-0.0005573225929684563,-6.9912866608869e-05,
fold-001,calibration,rnn,neural_mse,initial_policy,3,5,19,2000,42,-0.0003531739328302351,-0.0006601645870935701,-5.123261273332904e-05,
fold-001,calibration,rnn,neural_mse,center,3,5,19,2000,42,-1.637740409528883e-07,-7.85279950477847e-05,3.840951310395817e-05,
fold-001,calibration,rnn,reference,zero,3,5,19,2000,42,0.0005537985744327767,0.00021679123711541918,0.0009262824821097672,
fold-001,calibration,rnn,reference_mae,zero,3,5,19,2000,42,0.0002821350871814649,0.00013931338426234193,0.0004486168800505253,
fold-001,calibration,rnn,reference_mae,parent,3,5,19,2000,42,-0.00027166348725131216,-0.0004844112269363586,-6.71231097308961e-05,
fold-001,calibration,rnn,reference_mse,zero,3,5,19,2000,42,0.0005019809429433775,0.0001415061706507384,0.0009135792019029389,
fold-001,calibration,rnn,reference_mse,parent,3,5,19,2000,42,-5.181763148939948e-05,-8.01899539089063e-05,-7.121977155380796e-06,
fold-001,calibration,rnn,reinforce,zero,3,5,19,2000,42,0.0003655608856066674,6.877708888184673e-05,0.0006707469623460923,
fold-001,calibration,rnn,reinforce,parent,3,5,19,2000,42,6.205655856639693e-05,-4.460761798080209e-05,0.00011221987682412404,
fold-001,calibration,rnn,reinforce,initial_policy,3,5,19,2000,42,0.0,0.0,0.0,
fold-001,calibration,rnn,reinforce,center,3,5,19,2000,42,6.205655856639693e-05,-4.460761798080209e-05,0.00011221987682412404,
fold-001,calibration,xgboost,expected,zero,3,5,19,2000,42,0.0,0.0,0.0,
fold-001,calibration,xgboost,expected,parent,3,5,19,2000,42,7.253591247880983e-06,-5.3403373136945906e-05,6.131095548764335e-05,
fold-001,calibration,xgboost,expected,initial_policy,3,5,19,2000,42,0.0,0.0,0.0,
fold-001,calibration,xgboost,expected,center,3,5,19,2000,42,7.253591247880983e-06,-5.3403373136945906e-05,6.131095548764335e-05,
fold-001,calibration,xgboost,klpo_exact,zero,3,5,19,2000,42,0.0,0.0,0.0,
fold-001,calibration,xgboost,klpo_exact,parent,3,5,19,2000,42,7.253591247880983e-06,-5.3403373136945906e-05,6.131095548764335e-05,
fold-001,calibration,xgboost,klpo_exact,initial_policy,3,5,19,2000,42,0.0,0.0,0.0,
fold-001,calibration,xgboost,klpo_exact,center,3,5,19,2000,42,7.253591247880983e-06,-5.3403373136945906e-05,6.131095548764335e-05,
fold-001,calibration,xgboost,klpo_full,zero,3,5,19,2000,42,0.0,0.0,0.0,
fold-001,calibration,xgboost,klpo_full,parent,3,5,19,2000,42,7.253591247880983e-06,-5.3403373136945906e-05,6.131095548764335e-05,
fold-001,calibration,xgboost,klpo_full,initial_policy,3,5,19,2000,42,0.0,0.0,0.0,
fold-001,calibration,xgboost,klpo_full,center,3,5,19,2000,42,7.253591247880983e-06,-5.3403373136945906e-05,6.131095548764335e-05,
fold-001,calibration,xgboost,klpo_mc,zero,3,5,19,2000,42,0.0,0.0,0.0,
fold-001,calibration,xgboost,klpo_mc,parent,3,5,19,2000,42,7.253591247880983e-06,-5.3403373136945906e-05,6.131095548764335e-05,
fold-001,calibration,xgboost,klpo_mc,initial_policy,3,5,19,2000,42,0.0,0.0,0.0,
fold-001,calibration,xgboost,klpo_mc,center,3,5,19,2000,42,7.253591247880983e-06,-5.3403373136945906e-05,6.131095548764335e-05,
fold-001,calibration,xgboost,mae,zero,3,5,19,2000,42,0.0,0.0,0.0,
fold-001,calibration,xgboost,mae,parent,3,5,19,2000,42,7.253591247880983e-06,-5.3403373136945906e-05,6.131095548764335e-05,
fold-001,calibration,xgboost,mae,initial_policy,3,5,19,2000,42,0.0,0.0,0.0,
fold-001,calibration,xgboost,mae,center,3,5,19,2000,42,7.253591247880983e-06,-5.3403373136945906e-05,6.131095548764335e-05,
fold-001,calibration,xgboost,reinforce,zero,3,5,19,2000,42,0.0,0.0,0.0,
fold-001,calibration,xgboost,reinforce,parent,3,5,19,2000,42,7.253591247880983e-06,-5.3403373136945906e-05,6.131095548764335e-05,
fold-001,calibration,xgboost,reinforce,initial_policy,3,5,19,2000,42,0.0,0.0,0.0,
fold-001,calibration,xgboost,reinforce,center,3,5,19,2000,42,7.253591247880983e-06,-5.3403373136945906e-05,6.131095548764335e-05,
fold-001,calibration,xgboost,xgboost,zero,3,5,19,2000,42,-7.253591247880983e-06,-6.131095548764345e-05,5.3403373136945865e-05,
fold-001,calibration,dlinear,expected,zero,3,10,19,2000,42,0.0006347013013083391,0.0005120485638506993,0.0009694247082487138,
fold-001,calibration,dlinear,expected,parent,3,10,19,2000,42,5.63884045743348e-05,-5.942240870696658e-06,9.251757050625985e-05,
fold-001,calibration,dlinear,expected,initial_policy,3,10,19,2000,42,0.0,0.0,0.0,
fold-001,calibration,dlinear,expected,center,3,10,19,2000,42,5.63884045743348e-05,-5.942240870696658e-06,9.251757050625985e-05,
fold-001,calibration,dlinear,klpo_exact,zero,3,10,19,2000,42,0.0006347013013083391,0.0005120485638506993,0.0009694247082487138,
fold-001,calibration,dlinear,klpo_exact,parent,3,10,19,2000,42,5.63884045743348e-05,-5.942240870696658e-06,9.251757050625985e-05,
fold-001,calibration,dlinear,klpo_exact,initial_policy,3,10,19,2000,42,0.0,0.0,0.0,
fold-001,calibration,dlinear,klpo_exact,center,3,10,19,2000,42,5.63884045743348e-05,-5.942240870696658e-06,9.251757050625985e-05,
fold-001,calibration,dlinear,klpo_full,zero,3,10,19,2000,42,0.0006347013013083391,0.0005120485638506993,0.0009694247082487138,
fold-001,calibration,dlinear,klpo_full,parent,3,10,19,2000,42,5.63884045743348e-05,-5.942240870696658e-06,9.251757050625985e-05,
fold-001,calibration,dlinear,klpo_full,initial_policy,3,10,19,2000,42,0.0,0.0,0.0,
fold-001,calibration,dlinear,klpo_full,center,3,10,19,2000,42,5.63884045743348e-05,-5.942240870696658e-06,9.251757050625985e-05,
fold-001,calibration,dlinear,klpo_mc,zero,3,10,19,2000,42,0.0006347013013083391,0.0005120485638506993,0.0009694247082487138,
fold-001,calibration,dlinear,klpo_mc,parent,3,10,19,2000,42,5.63884045743348e-05,-5.942240870696658e-06,9.251757050625985e-05,
fold-001,calibration,dlinear,klpo_mc,initial_policy,3,10,19,2000,42,0.0,0.0,0.0,
fold-001,calibration,dlinear,klpo_mc,center,3,10,19,2000,42,5.63884045743348e-05,-5.942240870696658e-06,9.251757050625985e-05,
fold-001,calibration,dlinear,mae,zero,3,10,19,2000,42,0.0006347013013083391,0.0005120485638506993,0.0009694247082487138,
fold-001,calibration,dlinear,mae,parent,3,10,19,2000,42,5.63884045743348e-05,-5.942240870696658e-06,9.251757050625985e-05,
fold-001,calibration,dlinear,mae,initial_policy,3,10,19,2000,42,0.0,0.0,0.0,
fold-001,calibration,dlinear,mae,center,3,10,19,2000,42,5.63884045743348e-05,-5.942240870696658e-06,9.251757050625985e-05,
fold-001,calibration,dlinear,neural_mae,zero,3,10,19,2000,42,4.15011372147769e-06,-2.4195048920567426e-07,4.387668385289616e-06,
fold-001,calibration,dlinear,neural_mae,parent,3,10,19,2000,42,-0.0005741627830125266,-0.0009323750767255436,-0.00042473018431029555,
fold-001,calibration,dlinear,neural_mae,initial_policy,3,10,19,2000,42,-0.0006305511875868613,-0.0009673874493658812,-0.0005091495580188223,
fold-001,calibration,dlinear,neural_mae,center,3,10,19,2000,42,-0.00010091833978598864,-0.0001559384078472727,-7.790480520025186e-05,
fold-001,calibration,dlinear,neural_mse,zero,3,10,19,2000,42,2.2679786498388575e-06,4.547996424228766e-07,1.674105628699712e-05,
fold-001,calibration,dlinear,neural_mse,parent,3,10,19,2000,42,-0.0005760449180841654,-0.0009252975643670234,-0.00041494454969829344,
fold-001,calibration,dlinear,neural_mse,initial_policy,3,10,19,2000,42,-0.0006324333226585002,-0.0009594234295693899,-0.0004993639234068203,
fold-001,calibration,dlinear,neural_mse,center,3,10,19,2000,42,-8.378566073749776e-06,-5.945003508540378e-05,2.4069343710086803e-05,
fold-001,calibration,dlinear,reference,zero,3,10,19,2000,42,0.0005839189389104778,0.0005098156935989013,0.0008037671336091768,
fold-001,calibration,dlinear,reference_mae,zero,3,10,19,2000,42,0.00041088829112064375,0.0003275724834226709,0.0005314657936599575,
fold-001,calibration,dlinear,reference_mae,parent,3,10,19,2000,42,-0.00017303064778983457,-0.0002993113623032612,-0.00016787529222401178,
fold-001,calibration,dlinear,reference_mse,zero,3,10,19,2000,42,0.0005839189389104783,0.0005098156935989019,0.0008037671336091773,
fold-001,calibration,dlinear,reference_mse,parent,3,10,19,2000,42,0.0,0.0,0.0,
fold-001,calibration,dlinear,reinforce,zero,3,10,19,2000,42,0.0006347013013083391,0.0005120485638506993,0.0009694247082487138,
fold-001,calibration,dlinear,reinforce,parent,3,10,19,2000,42,5.63884045743348e-05,-5.942240870696658e-06,9.251757050625985e-05,
fold-001,calibration,dlinear,reinforce,initial_policy,3,10,19,2000,42,0.0,0.0,0.0,
fold-001,calibration,dlinear,reinforce,center,3,10,19,2000,42,5.63884045743348e-05,-5.942240870696658e-06,9.251757050625985e-05,
fold-001,calibration,gru,expected,zero,3,10,19,2000,42,0.0010218882590903617,0.00032341658165468035,0.0013211663293751245,
fold-001,calibration,gru,expected,parent,3,10,19,2000,42,9.003717801401686e-05,4.863921222534593e-05,0.0001419983555664824,
fold-001,calibration,gru,expected,initial_policy,3,10,19,2000,42,0.0,0.0,0.0,
fold-001,calibration,gru,expected,center,3,10,19,2000,42,9.003717801401686e-05,4.863921222534593e-05,0.0001419983555664824,
fold-001,calibration,gru,klpo_exact,zero,3,10,19,2000,42,0.0010218882590903617,0.00032341658165468035,0.0013211663293751245,
fold-001,calibration,gru,klpo_exact,parent,3,10,19,2000,42,9.003717801401686e-05,4.863921222534593e-05,0.0001419983555664824,
fold-001,calibration,gru,klpo_exact,initial_policy,3,10,19,2000,42,0.0,0.0,0.0,
fold-001,calibration,gru,klpo_exact,center,3,10,19,2000,42,9.003717801401686e-05,4.863921222534593e-05,0.0001419983555664824,
fold-001,calibration,gru,klpo_full,zero,3,10,19,2000,42,0.0010218882590903617,0.00032341658165468035,0.0013211663293751245,
fold-001,calibration,gru,klpo_full,parent,3,10,19,2000,42,9.003717801401686e-05,4.863921222534593e-05,0.0001419983555664824,
fold-001,calibration,gru,klpo_full,initial_policy,3,10,19,2000,42,0.0,0.0,0.0,
fold-001,calibration,gru,klpo_full,center,3,10,19,2000,42,9.003717801401686e-05,4.863921222534593e-05,0.0001419983555664824,
fold-001,calibration,gru,klpo_mc,zero,3,10,19,2000,42,0.0010218882590903617,0.00032341658165468035,0.0013211663293751245,
fold-001,calibration,gru,klpo_mc,parent,3,10,19,2000,42,9.003717801401686e-05,4.863921222534593e-05,0.0001419983555664824,
fold-001,calibration,gru,klpo_mc,initial_policy,3,10,19,2000,42,0.0,0.0,0.0,
fold-001,calibration,gru,klpo_mc,center,3,10,19,2000,42,9.003717801401686e-05,4.863921222534593e-05,0.0001419983555664824,
fold-001,calibration,gru,mae,zero,3,10,19,2000,42,0.0010011781794102873,0.0003895352977727958,0.0012327814561787574,
fold-001,calibration,gru,mae,parent,3,10,19,2000,42,6.932709833394229e-05,-3.138498719808252e-06,0.00019243881832705249,
fold-001,calibration,gru,mae,initial_policy,3,10,19,2000,42,-2.071007968007457e-05,-8.838487319636702e-05,7.103661741268467e-05,
fold-001,calibration,gru,mae,center,3,10,19,2000,42,0.00011137307002430904,7.742846433456879e-05,0.00015580849169731796,
fold-001,calibration,gru,neural_mae,zero,3,10,19,2000,42,9.174338654638456e-06,2.7952539788747664e-06,1.1489483836984676e-05,
fold-001,calibration,gru,neural_mae,parent,3,10,19,2000,42,-0.0009226767424217066,-0.0012043034497125858,-0.000231242654718857,
fold-001,calibration,gru,neural_mae,initial_policy,3,10,19,2000,42,-0.0010127139204357235,-0.0013149367823787174,-0.0003178674201478624,
fold-001,calibration,gru,neural_mae,center,3,10,19,2000,42,-3.2142303461939776e-06,-2.546076523956058e-05,1.6417530735784743e-05,
fold-001,calibration,gru,neural_mse,zero,3,10,19,2000,42,2.784978403943327e-05,2.4635573351906713e-06,4.937460378231386e-05,
fold-001,calibration,gru,neural_mse,parent,3,10,19,2000,42,-0.0009040012970369119,-0.001206080952752346,-0.00022352284117296882,
fold-001,calibration,gru,neural_mse,initial_policy,3,10,19,2000,42,-0.0009940384750509288,-0.0013167142854184773,-0.00030361097056586775,
fold-001,calibration,gru,neural_mse,center,3,10,19,2000,42,-7.024156245625595e-05,-9.69762864028214e-05,-2.7804345524327686e-05,
fold-001,calibration,gru,reference,zero,3,10,19,2000,42,0.0007246375031940445,0.00011296101705286648,0.0011331906012202286,
fold-001,calibration,gru,reference_mae,zero,3,10,19,2000,42,0.0004367249254535735,0.00011901831708319055,0.0005881058757315892,
fold-001,calibration,gru,reference_mae,parent,3,10,19,2000,42,-0.0002879125777404707,-0.0005450847254886389,2.9069242851213364e-05,
fold-001,calibration,gru,reference_mse,zero,3,10,19,2000,42,0.0005130325118783613,9.25443782831672e-05,0.0007918571456466749,
fold-001,calibration,gru,reference_mse,parent,3,10,19,2000,42,-0.00021160499131568297,-0.00034133345557355304,-2.010539892824586e-05,
fold-001,calibration,gru,reinforce,zero,3,10,19,2000,42,0.0010218882590903617,0.00032341658165468035,0.0013211663293751245,
fold-001,calibration,gru,reinforce,parent,3,10,19,2000,42,9.003717801401686e-05,4.863921222534593e-05,0.0001419983555664824,
fold-001,calibration,gru,reinforce,initial_policy,3,10,19,2000,42,0.0,0.0,0.0,
fold-001,calibration,gru,reinforce,center,3,10,19,2000,42,9.003717801401686e-05,4.863921222534593e-05,0.0001419983555664824,
fold-001,calibration,lstm,expected,zero,3,10,19,2000,42,0.0006534572259598026,0.00020066679340961617,0.0010155713362947358,
fold-001,calibration,lstm,expected,parent,3,10,19,2000,42,0.00018680423984628633,0.00014661858951906765,0.00020148461585655904,
fold-001,calibration,lstm,expected,initial_policy,3,10,19,2000,42,0.0,0.0,0.0,
fold-001,calibration,lstm,expected,center,3,10,19,2000,42,0.00018680423984628633,0.00014661858951906765,0.00020148461585655904,
fold-001,calibration,lstm,klpo_exact,zero,3,10,19,2000,42,0.0006534572259598026,0.00020066679340961617,0.0010155713362947358,
fold-001,calibration,lstm,klpo_exact,parent,3,10,19,2000,42,0.00018680423984628633,0.00014661858951906765,0.00020148461585655904,
fold-001,calibration,lstm,klpo_exact,initial_policy,3,10,19,2000,42,0.0,0.0,0.0,
fold-001,calibration,lstm,klpo_exact,center,3,10,19,2000,42,0.00018680423984628633,0.00014661858951906765,0.00020148461585655904,
fold-001,calibration,lstm,klpo_full,zero,3,10,19,2000,42,0.0006534572259598026,0.00020066679340961617,0.0010155713362947358,
fold-001,calibration,lstm,klpo_full,parent,3,10,19,2000,42,0.00018680423984628633,0.00014661858951906765,0.00020148461585655904,
fold-001,calibration,lstm,klpo_full,initial_policy,3,10,19,2000,42,0.0,0.0,0.0,
fold-001,calibration,lstm,klpo_full,center,3,10,19,2000,42,0.00018680423984628633,0.00014661858951906765,0.00020148461585655904,
fold-001,calibration,lstm,klpo_mc,zero,3,10,19,2000,42,0.0006534572259598026,0.00020066679340961617,0.0010155713362947358,
fold-001,calibration,lstm,klpo_mc,parent,3,10,19,2000,42,0.00018680423984628633,0.00014661858951906765,0.00020148461585655904,
fold-001,calibration,lstm,klpo_mc,initial_policy,3,10,19,2000,42,0.0,0.0,0.0,
fold-001,calibration,lstm,klpo_mc,center,3,10,19,2000,42,0.00018680423984628633,0.00014661858951906765,0.00020148461585655904,
fold-001,calibration,lstm,mae,zero,3,10,19,2000,42,0.0006534572259598026,0.00020066679340961617,0.0010155713362947358,
fold-001,calibration,lstm,mae,parent,3,10,19,2000,42,0.00018680423984628633,0.00014661858951906765,0.00020148461585655904,
fold-001,calibration,lstm,mae,initial_policy,3,10,19,2000,42,0.0,0.0,0.0,
fold-001,calibration,lstm,mae,center,3,10,19,2000,42,0.00018680423984628633,0.00014661858951906765,0.00020148461585655904,
fold-001,calibration,lstm,neural_mae,zero,3,10,19,2000,42,3.434636955235817e-05,9.771890305104926e-06,5.5162979584236594e-05,
fold-001,calibration,lstm,neural_mae,parent,3,10,19,2000,42,-0.0004323066165611581,-0.0007626409747951352,-4.6053220426986716e-05,
fold-001,calibration,lstm,neural_mae,initial_policy,3,10,19,2000,42,-0.0006191108564074444,-0.0009590664729594066,-0.00019089490310451122,
fold-001,calibration,lstm,neural_mae,center,3,10,19,2000,42,1.5650322691515142e-05,-1.3680741211910758e-05,4.879078698964509e-05,
fold-001,calibration,lstm,neural_mse,zero,3,10,19,2000,42,0.00027949868838237057,8.890950790306458e-05,0.0004217292444205359,
fold-001,calibration,lstm,neural_mse,parent,3,10,19,2000,42,-0.0001871542977311457,-0.0003963470607747862,3.308439717097294e-05,
fold-001,calibration,lstm,neural_mse,initial_policy,3,10,19,2000,42,-0.00037395853757743203,-0.0005963060215985096,-0.00011175728550655157,
fold-001,calibration,lstm,neural_mse,center,3,10,19,2000,42,7.337127969388353e-05,5.5589056746830995e-05,7.070054807226998e-05,
fold-001,calibration,lstm,reference,zero,3,10,19,2000,42,0.0004606838479973466,0.00014432856043594404,0.0007188113652834476,
fold-001,calibration,lstm,reference_mae,zero,3,10,19,2000,42,0.00043583772392908265,0.00013686057933008205,0.000698014751969873,
fold-001,calibration,lstm,reference_mae,parent,3,10,19,2000,42,-2.4846124068264403e-05,-2.4557035065351727e-05,-4.987536009903014e-06,
fold-001,calibration,lstm,reference_mse,zero,3,10,19,2000,42,0.00046068384799734707,0.00014432856043594458,0.0007188113652834478,
fold-001,calibration,lstm,reference_mse,parent,3,10,19,2000,42,0.0,0.0,0.0,
fold-001,calibration,lstm,reinforce,zero,3,10,19,2000,42,0.0006534572259598026,0.00020066679340961617,0.0010155713362947358,
fold-001,calibration,lstm,reinforce,parent,3,10,19,2000,42,0.00018680423984628633,0.00014661858951906765,0.00020148461585655904,
fold-001,calibration,lstm,reinforce,initial_policy,3,10,19,2000,42,0.0,0.0,0.0,
fold-001,calibration,lstm,reinforce,center,3,10,19,2000,42,0.00018680423984628633,0.00014661858951906765,0.00020148461585655904,
fold-001,calibration,ridge,expected,zero,3,10,19,2000,42,0.02929687228192375,0.014143889917054253,0.04058844058661173,
fold-001,calibration,ridge,expected,parent,3,10,19,2000,42,-0.02708928430542341,-0.03891463691352973,-0.011390220591807247,
fold-001,calibration,ridge,expected,initial_policy,3,10,19,2000,42,-0.006520413833666326,-0.008766883140634538,-0.0050096369519461986,
fold-001,calibration,ridge,expected,center,3,10,19,2000,42,-0.008696310968460408,-0.015003082265764623,-0.00042015713479289207,
fold-001,calibration,ridge,klpo_exact,zero,3,10,19,2000,42,0.001310292063697367,0.0008228145558287112,0.001769757259596125,
fold-001,calibration,ridge,klpo_exact,parent,3,10,19,2000,42,-0.055075864523649785,-0.07774078781350531,-0.024680147327432206,
fold-001,calibration,ridge,klpo_exact,initial_policy,3,10,19,2000,42,-0.034506994051892705,-0.04383578785192178,-0.022029182865840425,
fold-001,calibration,ridge,klpo_exact,center,3,10,19,2000,42,0.00011144868192585032,0.00010639764517802379,0.00012320338089974093,
fold-001,calibration,ridge,klpo_full,zero,3,10,19,2000,42,0.005605476221000182,0.0019097050035747976,0.00860557355846544,
fold-001,calibration,ridge,klpo_full,parent,3,10,19,2000,42,-0.050780680366346975,-0.07090497151463598,-0.023624405505286706,
fold-001,calibration,ridge,klpo_full,initial_policy,3,10,19,2000,42,-0.03021180989458989,-0.03699997155305246,-0.020973441043694925,
fold-001,calibration,ridge,klpo_full,center,3,10,19,2000,42,5.339519860201617e-05,2.0191790640569366e-05,8.950097228444562e-05,
fold-001,calibration,ridge,klpo_mc,zero,3,10,19,2000,42,0.005670613394247777,0.00197226913351507,0.00868240385517118,
fold-001,calibration,ridge,klpo_mc,parent,3,10,19,2000,42,-0.05071554319309938,-0.07082814121793024,-0.023561841375346428,
fold-001,calibration,ridge,klpo_mc,initial_policy,3,10,19,2000,42,-0.030146672721342298,-0.036923141256346714,-0.02091087691375465,
fold-001,calibration,ridge,klpo_mc,center,3,10,19,2000,42,4.878113288566239e-05,1.6325272541262186e-05,8.072636019491499e-05,
fold-001,calibration,ridge,mae,zero,3,10,19,2000,42,0.028068022959512672,0.0128917381803198,0.039547498010823336,
fold-001,calibration,ridge,mae,parent,3,10,19,2000,42,-0.028318133627834488,-0.03994904613581521,-0.0126423723285417,
fold-001,calibration,ridge,mae,initial_policy,3,10,19,2000,42,-0.007749263156077407,-0.010039500950694322,-0.006044046174231677,
fold-001,calibration,ridge,mae,center,3,10,19,2000,42,-0.00666496858949499,-0.011399006116280495,-0.0003034387154677797,
fold-001,calibration,ridge,reinforce,zero,3,10,19,2000,42,0.02971305664713198,0.014639066559861979,0.04089555521307372,
fold-001,calibration,ridge,reinforce,parent,3,10,19,2000,42,-0.02667309994021518,-0.038601103833622974,-0.010895043948999521,
fold-001,calibration,ridge,reinforce,initial_policy,3,10,19,2000,42,-0.0061042294684581005,-0.008263085958544567,-0.004696103872039449,
fold-001,calibration,ridge,reinforce,center,3,10,19,2000,42,-0.009100822973251956,-0.01575646783198854,-0.00045514245181890967,
fold-001,calibration,ridge,ridge,zero,1,10,19,2000,42,0.05638615658734716,0.0255341105088615,0.07950668912458037,
fold-001,calibration,rnn,expected,zero,3,10,19,2000,42,0.0003655608856066674,6.366665596468328e-05,0.0005980327249400369,
fold-001,calibration,rnn,expected,parent,3,10,19,2000,42,6.205655856639693e-05,-3.7153606994417106e-05,0.0001251199789919123,
fold-001,calibration,rnn,expected,initial_policy,3,10,19,2000,42,0.0,0.0,0.0,
fold-001,calibration,rnn,expected,center,3,10,19,2000,42,6.205655856639693e-05,-3.7153606994417106e-05,0.0001251199789919123,
fold-001,calibration,rnn,klpo_exact,zero,3,10,19,2000,42,0.0003655608856066674,6.366665596468328e-05,0.0005980327249400369,
fold-001,calibration,rnn,klpo_exact,parent,3,10,19,2000,42,6.205655856639693e-05,-3.7153606994417106e-05,0.0001251199789919123,
fold-001,calibration,rnn,klpo_exact,initial_policy,3,10,19,2000,42,0.0,0.0,0.0,
fold-001,calibration,rnn,klpo_exact,center,3,10,19,2000,42,6.205655856639693e-05,-3.7153606994417106e-05,0.0001251199789919123,
fold-001,calibration,rnn,klpo_full,zero,3,10,19,2000,42,0.0003655608856066674,6.366665596468328e-05,0.0005980327249400369,
fold-001,calibration,rnn,klpo_full,parent,3,10,19,2000,42,6.205655856639693e-05,-3.7153606994417106e-05,0.0001251199789919123,
fold-001,calibration,rnn,klpo_full,initial_policy,3,10,19,2000,42,0.0,0.0,0.0,
fold-001,calibration,rnn,klpo_full,center,3,10,19,2000,42,6.205655856639693e-05,-3.7153606994417106e-05,0.0001251199789919123,
fold-001,calibration,rnn,klpo_mc,zero,3,10,19,2000,42,0.0003655608856066674,6.366665596468328e-05,0.0005980327249400369,
fold-001,calibration,rnn,klpo_mc,parent,3,10,19,2000,42,6.205655856639693e-05,-3.7153606994417106e-05,0.0001251199789919123,
fold-001,calibration,rnn,klpo_mc,initial_policy,3,10,19,2000,42,0.0,0.0,0.0,
fold-001,calibration,rnn,klpo_mc,center,3,10,19,2000,42,6.205655856639693e-05,-3.7153606994417106e-05,0.0001251199789919123,
fold-001,calibration,rnn,mae,zero,3,10,19,2000,42,0.0003655608856066674,6.366665596468328e-05,0.0005980327249400369,
fold-001,calibration,rnn,mae,parent,3,10,19,2000,42,6.205655856639693e-05,-3.7153606994417106e-05,0.0001251199789919123,
fold-001,calibration,rnn,mae,initial_policy,3,10,19,2000,42,0.0,0.0,0.0,
fold-001,calibration,rnn,mae,center,3,10,19,2000,42,6.205655856639693e-05,-3.7153606994417106e-05,0.0001251199789919123,
fold-001,calibration,rnn,neural_mae,zero,3,10,19,2000,42,-6.9403309584709335e-06,-8.543421539711965e-06,4.8032043362614965e-06,
fold-001,calibration,rnn,neural_mae,parent,3,10,19,2000,42,-0.0003104446579987414,-0.00047266214255116423,-9.914850314518935e-05,
fold-001,calibration,rnn,neural_mae,initial_policy,3,10,19,2000,42,-0.0003725012165651383,-0.0005950468759413565,-6.951439992009418e-05,
fold-001,calibration,rnn,neural_mae,center,3,10,19,2000,42,1.2992731700399513e-05,-5.412085243494022e-05,5.934857634220367e-05,
fold-001,calibration,rnn,neural_mse,zero,3,10,19,2000,42,1.2386952776432233e-05,6.536645005240356e-07,2.343178126857023e-05,
fold-001,calibration,rnn,neural_mse,parent,3,10,19,2000,42,-0.0002911173742638382,-0.0004666429713259275,-6.991752646740561e-05,
fold-001,calibration,rnn,neural_mse,initial_policy,3,10,19,2000,42,-0.0003531739328302351,-0.0005886092896277652,-4.02834232423104e-05,
fold-001,calibration,rnn,neural_mse,center,3,10,19,2000,42,-1.637740409528883e-07,-7.50936447746492e-05,3.928750674366006e-05,
fold-001,calibration,rnn,reference,zero,3,10,19,2000,42,0.0005537985744327767,0.00019159892784764273,0.0008283311433772601,
fold-001,calibration,rnn,reference_mae,zero,3,10,19,2000,42,0.0002821350871814649,0.00012392020750974535,0.00039350534271492485,
fold-001,calibration,rnn,reference_mae,parent,3,10,19,2000,42,-0.00027166348725131216,-0.0004431963005766521,-5.367453555390522e-05,
fold-001,calibration,rnn,reference_mse,zero,3,10,19,2000,42,0.0005019809429433775,0.00011032220810558069,0.0008040218132413288,
fold-001,calibration,rnn,reference_mse,parent,3,10,19,2000,42,-5.181763148939948e-05,-7.736989590523543e-05,-1.0264885386970114e-05,
fold-001,calibration,rnn,reinforce,zero,3,10,19,2000,42,0.0003655608856066674,6.366665596468328e-05,0.0005980327249400369,
fold-001,calibration,rnn,reinforce,parent,3,10,19,2000,42,6.205655856639693e-05,-3.7153606994417106e-05,0.0001251199789919123,
fold-001,calibration,rnn,reinforce,initial_policy,3,10,19,2000,42,0.0,0.0,0.0,
fold-001,calibration,rnn,reinforce,center,3,10,19,2000,42,6.205655856639693e-05,-3.7153606994417106e-05,0.0001251199789919123,
fold-001,calibration,xgboost,expected,zero,3,10,19,2000,42,0.0,0.0,0.0,
fold-001,calibration,xgboost,expected,parent,3,10,19,2000,42,7.253591247880983e-06,-4.444148526782825e-05,5.039107640157216e-05,
fold-001,calibration,xgboost,expected,initial_policy,3,10,19,2000,42,0.0,0.0,0.0,
fold-001,calibration,xgboost,expected,center,3,10,19,2000,42,7.253591247880983e-06,-4.444148526782825e-05,5.039107640157216e-05,
fold-001,calibration,xgboost,klpo_exact,zero,3,10,19,2000,42,0.0,0.0,0.0,
fold-001,calibration,xgboost,klpo_exact,parent,3,10,19,2000,42,7.253591247880983e-06,-4.444148526782825e-05,5.039107640157216e-05,
fold-001,calibration,xgboost,klpo_exact,initial_policy,3,10,19,2000,42,0.0,0.0,0.0,
fold-001,calibration,xgboost,klpo_exact,center,3,10,19,2000,42,7.253591247880983e-06,-4.444148526782825e-05,5.039107640157216e-05,
fold-001,calibration,xgboost,klpo_full,zero,3,10,19,2000,42,0.0,0.0,0.0,
fold-001,calibration,xgboost,klpo_full,parent,3,10,19,2000,42,7.253591247880983e-06,-4.444148526782825e-05,5.039107640157216e-05,
fold-001,calibration,xgboost,klpo_full,initial_policy,3,10,19,2000,42,0.0,0.0,0.0,
fold-001,calibration,xgboost,klpo_full,center,3,10,19,2000,42,7.253591247880983e-06,-4.444148526782825e-05,5.039107640157216e-05,
fold-001,calibration,xgboost,klpo_mc,zero,3,10,19,2000,42,0.0,0.0,0.0,
fold-001,calibration,xgboost,klpo_mc,parent,3,10,19,2000,42,7.253591247880983e-06,-4.444148526782825e-05,5.039107640157216e-05,
fold-001,calibration,xgboost,klpo_mc,initial_policy,3,10,19,2000,42,0.0,0.0,0.0,
fold-001,calibration,xgboost,klpo_mc,center,3,10,19,2000,42,7.253591247880983e-06,-4.444148526782825e-05,5.039107640157216e-05,
fold-001,calibration,xgboost,mae,zero,3,10,19,2000,42,0.0,0.0,0.0,
fold-001,calibration,xgboost,mae,parent,3,10,19,2000,42,7.253591247880983e-06,-4.444148526782825e-05,5.039107640157216e-05,
fold-001,calibration,xgboost,mae,initial_policy,3,10,19,2000,42,0.0,0.0,0.0,
fold-001,calibration,xgboost,mae,center,3,10,19,2000,42,7.253591247880983e-06,-4.444148526782825e-05,5.039107640157216e-05,
fold-001,calibration,xgboost,reinforce,zero,3,10,19,2000,42,0.0,0.0,0.0,
fold-001,calibration,xgboost,reinforce,parent,3,10,19,2000,42,7.253591247880983e-06,-4.444148526782825e-05,5.039107640157216e-05,
fold-001,calibration,xgboost,reinforce,initial_policy,3,10,19,2000,42,0.0,0.0,0.0,
fold-001,calibration,xgboost,reinforce,center,3,10,19,2000,42,7.253591247880983e-06,-4.444148526782825e-05,5.039107640157216e-05,
fold-001,calibration,xgboost,xgboost,zero,3,10,19,2000,42,-7.253591247880983e-06,-5.039107640157216e-05,4.444148526782825e-05,
fold-001,calibration,dlinear,expected,zero,3,20,19,2000,42,0.0006347013013083391,,,Se necesitan más sesiones que la longitud del bloque
fold-001,calibration,dlinear,expected,parent,3,20,19,2000,42,5.63884045743348e-05,,,Se necesitan más sesiones que la longitud del bloque
fold-001,calibration,dlinear,expected,initial_policy,3,20,19,2000,42,0.0,,,Se necesitan más sesiones que la longitud del bloque
fold-001,calibration,dlinear,expected,center,3,20,19,2000,42,5.63884045743348e-05,,,Se necesitan más sesiones que la longitud del bloque
fold-001,calibration,dlinear,klpo_exact,zero,3,20,19,2000,42,0.0006347013013083391,,,Se necesitan más sesiones que la longitud del bloque
fold-001,calibration,dlinear,klpo_exact,parent,3,20,19,2000,42,5.63884045743348e-05,,,Se necesitan más sesiones que la longitud del bloque
fold-001,calibration,dlinear,klpo_exact,initial_policy,3,20,19,2000,42,0.0,,,Se necesitan más sesiones que la longitud del bloque
fold-001,calibration,dlinear,klpo_exact,center,3,20,19,2000,42,5.63884045743348e-05,,,Se necesitan más sesiones que la longitud del bloque
fold-001,calibration,dlinear,klpo_full,zero,3,20,19,2000,42,0.0006347013013083391,,,Se necesitan más sesiones que la longitud del bloque
fold-001,calibration,dlinear,klpo_full,parent,3,20,19,2000,42,5.63884045743348e-05,,,Se necesitan más sesiones que la longitud del bloque
fold-001,calibration,dlinear,klpo_full,initial_policy,3,20,19,2000,42,0.0,,,Se necesitan más sesiones que la longitud del bloque
fold-001,calibration,dlinear,klpo_full,center,3,20,19,2000,42,5.63884045743348e-05,,,Se necesitan más sesiones que la longitud del bloque
fold-001,calibration,dlinear,klpo_mc,zero,3,20,19,2000,42,0.0006347013013083391,,,Se necesitan más sesiones que la longitud del bloque
fold-001,calibration,dlinear,klpo_mc,parent,3,20,19,2000,42,5.63884045743348e-05,,,Se necesitan más sesiones que la longitud del bloque
fold-001,calibration,dlinear,klpo_mc,initial_policy,3,20,19,2000,42,0.0,,,Se necesitan más sesiones que la longitud del bloque
fold-001,calibration,dlinear,klpo_mc,center,3,20,19,2000,42,5.63884045743348e-05,,,Se necesitan más sesiones que la longitud del bloque
fold-001,calibration,dlinear,mae,zero,3,20,19,2000,42,0.0006347013013083391,,,Se necesitan más sesiones que la longitud del bloque
fold-001,calibration,dlinear,mae,parent,3,20,19,2000,42,5.63884045743348e-05,,,Se necesitan más sesiones que la longitud del bloque
fold-001,calibration,dlinear,mae,initial_policy,3,20,19,2000,42,0.0,,,Se necesitan más sesiones que la longitud del bloque
fold-001,calibration,dlinear,mae,center,3,20,19,2000,42,5.63884045743348e-05,,,Se necesitan más sesiones que la longitud del bloque
fold-001,calibration,dlinear,neural_mae,zero,3,20,19,2000,42,4.15011372147769e-06,,,Se necesitan más sesiones que la longitud del bloque
fold-001,calibration,dlinear,neural_mae,parent,3,20,19,2000,42,-0.0005741627830125266,,,Se necesitan más sesiones que la longitud del bloque
fold-001,calibration,dlinear,neural_mae,initial_policy,3,20,19,2000,42,-0.0006305511875868613,,,Se necesitan más sesiones que la longitud del bloque
fold-001,calibration,dlinear,neural_mae,center,3,20,19,2000,42,-0.00010091833978598864,,,Se necesitan más sesiones que la longitud del bloque
fold-001,calibration,dlinear,neural_mse,zero,3,20,19,2000,42,2.2679786498388575e-06,,,Se necesitan más sesiones que la longitud del bloque
fold-001,calibration,dlinear,neural_mse,parent,3,20,19,2000,42,-0.0005760449180841654,,,Se necesitan más sesiones que la longitud del bloque
fold-001,calibration,dlinear,neural_mse,initial_policy,3,20,19,2000,42,-0.0006324333226585002,,,Se necesitan más sesiones que la longitud del bloque
fold-001,calibration,dlinear,neural_mse,center,3,20,19,2000,42,-8.378566073749776e-06,,,Se necesitan más sesiones que la longitud del bloque
fold-001,calibration,dlinear,reference,zero,3,20,19,2000,42,0.0005839189389104778,,,Se necesitan más sesiones que la longitud del bloque
fold-001,calibration,dlinear,reference_mae,zero,3,20,19,2000,42,0.00041088829112064375,,,Se necesitan más sesiones que la longitud del bloque
fold-001,calibration,dlinear,reference_mae,parent,3,20,19,2000,42,-0.00017303064778983457,,,Se necesitan más sesiones que la longitud del bloque
fold-001,calibration,dlinear,reference_mse,zero,3,20,19,2000,42,0.0005839189389104783,,,Se necesitan más sesiones que la longitud del bloque
fold-001,calibration,dlinear,reference_mse,parent,3,20,19,2000,42,0.0,,,Se necesitan más sesiones que la longitud del bloque
fold-001,calibration,dlinear,reinforce,zero,3,20,19,2000,42,0.0006347013013083391,,,Se necesitan más sesiones que la longitud del bloque
fold-001,calibration,dlinear,reinforce,parent,3,20,19,2000,42,5.63884045743348e-05,,,Se necesitan más sesiones que la longitud del bloque
fold-001,calibration,dlinear,reinforce,initial_policy,3,20,19,2000,42,0.0,,,Se necesitan más sesiones que la longitud del bloque
fold-001,calibration,dlinear,reinforce,center,3,20,19,2000,42,5.63884045743348e-05,,,Se necesitan más sesiones que la longitud del bloque
fold-001,calibration,gru,expected,zero,3,20,19,2000,42,0.0010218882590903617,,,Se necesitan más sesiones que la longitud del bloque
fold-001,calibration,gru,expected,parent,3,20,19,2000,42,9.003717801401686e-05,,,Se necesitan más sesiones que la longitud del bloque
fold-001,calibration,gru,expected,initial_policy,3,20,19,2000,42,0.0,,,Se necesitan más sesiones que la longitud del bloque
fold-001,calibration,gru,expected,center,3,20,19,2000,42,9.003717801401686e-05,,,Se necesitan más sesiones que la longitud del bloque
fold-001,calibration,gru,klpo_exact,zero,3,20,19,2000,42,0.0010218882590903617,,,Se necesitan más sesiones que la longitud del bloque
fold-001,calibration,gru,klpo_exact,parent,3,20,19,2000,42,9.003717801401686e-05,,,Se necesitan más sesiones que la longitud del bloque
fold-001,calibration,gru,klpo_exact,initial_policy,3,20,19,2000,42,0.0,,,Se necesitan más sesiones que la longitud del bloque
fold-001,calibration,gru,klpo_exact,center,3,20,19,2000,42,9.003717801401686e-05,,,Se necesitan más sesiones que la longitud del bloque
fold-001,calibration,gru,klpo_full,zero,3,20,19,2000,42,0.0010218882590903617,,,Se necesitan más sesiones que la longitud del bloque
fold-001,calibration,gru,klpo_full,parent,3,20,19,2000,42,9.003717801401686e-05,,,Se necesitan más sesiones que la longitud del bloque
fold-001,calibration,gru,klpo_full,initial_policy,3,20,19,2000,42,0.0,,,Se necesitan más sesiones que la longitud del bloque
fold-001,calibration,gru,klpo_full,center,3,20,19,2000,42,9.003717801401686e-05,,,Se necesitan más sesiones que la longitud del bloque
fold-001,calibration,gru,klpo_mc,zero,3,20,19,2000,42,0.0010218882590903617,,,Se necesitan más sesiones que la longitud del bloque
fold-001,calibration,gru,klpo_mc,parent,3,20,19,2000,42,9.003717801401686e-05,,,Se necesitan más sesiones que la longitud del bloque
fold-001,calibration,gru,klpo_mc,initial_policy,3,20,19,2000,42,0.0,,,Se necesitan más sesiones que la longitud del bloque
fold-001,calibration,gru,klpo_mc,center,3,20,19,2000,42,9.003717801401686e-05,,,Se necesitan más sesiones que la longitud del bloque
fold-001,calibration,gru,mae,zero,3,20,19,2000,42,0.0010011781794102873,,,Se necesitan más sesiones que la longitud del bloque
fold-001,calibration,gru,mae,parent,3,20,19,2000,42,6.932709833394229e-05,,,Se necesitan más sesiones que la longitud del bloque
fold-001,calibration,gru,mae,initial_policy,3,20,19,2000,42,-2.071007968007457e-05,,,Se necesitan más sesiones que la longitud del bloque
fold-001,calibration,gru,mae,center,3,20,19,2000,42,0.00011137307002430904,,,Se necesitan más sesiones que la longitud del bloque
fold-001,calibration,gru,neural_mae,zero,3,20,19,2000,42,9.174338654638456e-06,,,Se necesitan más sesiones que la longitud del bloque
fold-001,calibration,gru,neural_mae,parent,3,20,19,2000,42,-0.0009226767424217066,,,Se necesitan más sesiones que la longitud del bloque
fold-001,calibration,gru,neural_mae,initial_policy,3,20,19,2000,42,-0.0010127139204357235,,,Se necesitan más sesiones que la longitud del bloque
fold-001,calibration,gru,neural_mae,center,3,20,19,2000,42,-3.2142303461939776e-06,,,Se necesitan más sesiones que la longitud del bloque
fold-001,calibration,gru,neural_mse,zero,3,20,19,2000,42,2.784978403943327e-05,,,Se necesitan más sesiones que la longitud del bloque
fold-001,calibration,gru,neural_mse,parent,3,20,19,2000,42,-0.0009040012970369119,,,Se necesitan más sesiones que la longitud del bloque
fold-001,calibration,gru,neural_mse,initial_policy,3,20,19,2000,42,-0.0009940384750509288,,,Se necesitan más sesiones que la longitud del bloque
fold-001,calibration,gru,neural_mse,center,3,20,19,2000,42,-7.024156245625595e-05,,,Se necesitan más sesiones que la longitud del bloque
fold-001,calibration,gru,reference,zero,3,20,19,2000,42,0.0007246375031940445,,,Se necesitan más sesiones que la longitud del bloque
fold-001,calibration,gru,reference_mae,zero,3,20,19,2000,42,0.0004367249254535735,,,Se necesitan más sesiones que la longitud del bloque
fold-001,calibration,gru,reference_mae,parent,3,20,19,2000,42,-0.0002879125777404707,,,Se necesitan más sesiones que la longitud del bloque
fold-001,calibration,gru,reference_mse,zero,3,20,19,2000,42,0.0005130325118783613,,,Se necesitan más sesiones que la longitud del bloque
fold-001,calibration,gru,reference_mse,parent,3,20,19,2000,42,-0.00021160499131568297,,,Se necesitan más sesiones que la longitud del bloque
fold-001,calibration,gru,reinforce,zero,3,20,19,2000,42,0.0010218882590903617,,,Se necesitan más sesiones que la longitud del bloque
fold-001,calibration,gru,reinforce,parent,3,20,19,2000,42,9.003717801401686e-05,,,Se necesitan más sesiones que la longitud del bloque
fold-001,calibration,gru,reinforce,initial_policy,3,20,19,2000,42,0.0,,,Se necesitan más sesiones que la longitud del bloque
fold-001,calibration,gru,reinforce,center,3,20,19,2000,42,9.003717801401686e-05,,,Se necesitan más sesiones que la longitud del bloque
fold-001,calibration,lstm,expected,zero,3,20,19,2000,42,0.0006534572259598026,,,Se necesitan más sesiones que la longitud del bloque
fold-001,calibration,lstm,expected,parent,3,20,19,2000,42,0.00018680423984628633,,,Se necesitan más sesiones que la longitud del bloque
fold-001,calibration,lstm,expected,initial_policy,3,20,19,2000,42,0.0,,,Se necesitan más sesiones que la longitud del bloque
fold-001,calibration,lstm,expected,center,3,20,19,2000,42,0.00018680423984628633,,,Se necesitan más sesiones que la longitud del bloque
fold-001,calibration,lstm,klpo_exact,zero,3,20,19,2000,42,0.0006534572259598026,,,Se necesitan más sesiones que la longitud del bloque
fold-001,calibration,lstm,klpo_exact,parent,3,20,19,2000,42,0.00018680423984628633,,,Se necesitan más sesiones que la longitud del bloque
fold-001,calibration,lstm,klpo_exact,initial_policy,3,20,19,2000,42,0.0,,,Se necesitan más sesiones que la longitud del bloque
fold-001,calibration,lstm,klpo_exact,center,3,20,19,2000,42,0.00018680423984628633,,,Se necesitan más sesiones que la longitud del bloque
fold-001,calibration,lstm,klpo_full,zero,3,20,19,2000,42,0.0006534572259598026,,,Se necesitan más sesiones que la longitud del bloque
fold-001,calibration,lstm,klpo_full,parent,3,20,19,2000,42,0.00018680423984628633,,,Se necesitan más sesiones que la longitud del bloque
fold-001,calibration,lstm,klpo_full,initial_policy,3,20,19,2000,42,0.0,,,Se necesitan más sesiones que la longitud del bloque
fold-001,calibration,lstm,klpo_full,center,3,20,19,2000,42,0.00018680423984628633,,,Se necesitan más sesiones que la longitud del bloque
fold-001,calibration,lstm,klpo_mc,zero,3,20,19,2000,42,0.0006534572259598026,,,Se necesitan más sesiones que la longitud del bloque
fold-001,calibration,lstm,klpo_mc,parent,3,20,19,2000,42,0.00018680423984628633,,,Se necesitan más sesiones que la longitud del bloque
fold-001,calibration,lstm,klpo_mc,initial_policy,3,20,19,2000,42,0.0,,,Se necesitan más sesiones que la longitud del bloque
fold-001,calibration,lstm,klpo_mc,center,3,20,19,2000,42,0.00018680423984628633,,,Se necesitan más sesiones que la longitud del bloque
fold-001,calibration,lstm,mae,zero,3,20,19,2000,42,0.0006534572259598026,,,Se necesitan más sesiones que la longitud del bloque
fold-001,calibration,lstm,mae,parent,3,20,19,2000,42,0.00018680423984628633,,,Se necesitan más sesiones que la longitud del bloque
fold-001,calibration,lstm,mae,initial_policy,3,20,19,2000,42,0.0,,,Se necesitan más sesiones que la longitud del bloque
fold-001,calibration,lstm,mae,center,3,20,19,2000,42,0.00018680423984628633,,,Se necesitan más sesiones que la longitud del bloque
fold-001,calibration,lstm,neural_mae,zero,3,20,19,2000,42,3.434636955235817e-05,,,Se necesitan más sesiones que la longitud del bloque
fold-001,calibration,lstm,neural_mae,parent,3,20,19,2000,42,-0.0004323066165611581,,,Se necesitan más sesiones que la longitud del bloque
fold-001,calibration,lstm,neural_mae,initial_policy,3,20,19,2000,42,-0.0006191108564074444,,,Se necesitan más sesiones que la longitud del bloque
fold-001,calibration,lstm,neural_mae,center,3,20,19,2000,42,1.5650322691515142e-05,,,Se necesitan más sesiones que la longitud del bloque
fold-001,calibration,lstm,neural_mse,zero,3,20,19,2000,42,0.00027949868838237057,,,Se necesitan más sesiones que la longitud del bloque
fold-001,calibration,lstm,neural_mse,parent,3,20,19,2000,42,-0.0001871542977311457,,,Se necesitan más sesiones que la longitud del bloque
fold-001,calibration,lstm,neural_mse,initial_policy,3,20,19,2000,42,-0.00037395853757743203,,,Se necesitan más sesiones que la longitud del bloque
fold-001,calibration,lstm,neural_mse,center,3,20,19,2000,42,7.337127969388353e-05,,,Se necesitan más sesiones que la longitud del bloque
fold-001,calibration,lstm,reference,zero,3,20,19,2000,42,0.0004606838479973466,,,Se necesitan más sesiones que la longitud del bloque
fold-001,calibration,lstm,reference_mae,zero,3,20,19,2000,42,0.00043583772392908265,,,Se necesitan más sesiones que la longitud del bloque
fold-001,calibration,lstm,reference_mae,parent,3,20,19,2000,42,-2.4846124068264403e-05,,,Se necesitan más sesiones que la longitud del bloque
fold-001,calibration,lstm,reference_mse,zero,3,20,19,2000,42,0.00046068384799734707,,,Se necesitan más sesiones que la longitud del bloque
fold-001,calibration,lstm,reference_mse,parent,3,20,19,2000,42,0.0,,,Se necesitan más sesiones que la longitud del bloque
fold-001,calibration,lstm,reinforce,zero,3,20,19,2000,42,0.0006534572259598026,,,Se necesitan más sesiones que la longitud del bloque
fold-001,calibration,lstm,reinforce,parent,3,20,19,2000,42,0.00018680423984628633,,,Se necesitan más sesiones que la longitud del bloque
fold-001,calibration,lstm,reinforce,initial_policy,3,20,19,2000,42,0.0,,,Se necesitan más sesiones que la longitud del bloque
fold-001,calibration,lstm,reinforce,center,3,20,19,2000,42,0.00018680423984628633,,,Se necesitan más sesiones que la longitud del bloque
fold-001,calibration,ridge,expected,zero,3,20,19,2000,42,0.02929687228192375,,,Se necesitan más sesiones que la longitud del bloque
fold-001,calibration,ridge,expected,parent,3,20,19,2000,42,-0.02708928430542341,,,Se necesitan más sesiones que la longitud del bloque
fold-001,calibration,ridge,expected,initial_policy,3,20,19,2000,42,-0.006520413833666326,,,Se necesitan más sesiones que la longitud del bloque
fold-001,calibration,ridge,expected,center,3,20,19,2000,42,-0.008696310968460408,,,Se necesitan más sesiones que la longitud del bloque
fold-001,calibration,ridge,klpo_exact,zero,3,20,19,2000,42,0.001310292063697367,,,Se necesitan más sesiones que la longitud del bloque
fold-001,calibration,ridge,klpo_exact,parent,3,20,19,2000,42,-0.055075864523649785,,,Se necesitan más sesiones que la longitud del bloque
fold-001,calibration,ridge,klpo_exact,initial_policy,3,20,19,2000,42,-0.034506994051892705,,,Se necesitan más sesiones que la longitud del bloque
fold-001,calibration,ridge,klpo_exact,center,3,20,19,2000,42,0.00011144868192585032,,,Se necesitan más sesiones que la longitud del bloque
fold-001,calibration,ridge,klpo_full,zero,3,20,19,2000,42,0.005605476221000182,,,Se necesitan más sesiones que la longitud del bloque
fold-001,calibration,ridge,klpo_full,parent,3,20,19,2000,42,-0.050780680366346975,,,Se necesitan más sesiones que la longitud del bloque
fold-001,calibration,ridge,klpo_full,initial_policy,3,20,19,2000,42,-0.03021180989458989,,,Se necesitan más sesiones que la longitud del bloque
fold-001,calibration,ridge,klpo_full,center,3,20,19,2000,42,5.339519860201617e-05,,,Se necesitan más sesiones que la longitud del bloque
fold-001,calibration,ridge,klpo_mc,zero,3,20,19,2000,42,0.005670613394247777,,,Se necesitan más sesiones que la longitud del bloque
fold-001,calibration,ridge,klpo_mc,parent,3,20,19,2000,42,-0.05071554319309938,,,Se necesitan más sesiones que la longitud del bloque
fold-001,calibration,ridge,klpo_mc,initial_policy,3,20,19,2000,42,-0.030146672721342298,,,Se necesitan más sesiones que la longitud del bloque
fold-001,calibration,ridge,klpo_mc,center,3,20,19,2000,42,4.878113288566239e-05,,,Se necesitan más sesiones que la longitud del bloque
fold-001,calibration,ridge,mae,zero,3,20,19,2000,42,0.028068022959512672,,,Se necesitan más sesiones que la longitud del bloque
fold-001,calibration,ridge,mae,parent,3,20,19,2000,42,-0.028318133627834488,,,Se necesitan más sesiones que la longitud del bloque
fold-001,calibration,ridge,mae,initial_policy,3,20,19,2000,42,-0.007749263156077407,,,Se necesitan más sesiones que la longitud del bloque
fold-001,calibration,ridge,mae,center,3,20,19,2000,42,-0.00666496858949499,,,Se necesitan más sesiones que la longitud del bloque
fold-001,calibration,ridge,reinforce,zero,3,20,19,2000,42,0.02971305664713198,,,Se necesitan más sesiones que la longitud del bloque
fold-001,calibration,ridge,reinforce,parent,3,20,19,2000,42,-0.02667309994021518,,,Se necesitan más sesiones que la longitud del bloque
fold-001,calibration,ridge,reinforce,initial_policy,3,20,19,2000,42,-0.0061042294684581005,,,Se necesitan más sesiones que la longitud del bloque
fold-001,calibration,ridge,reinforce,center,3,20,19,2000,42,-0.009100822973251956,,,Se necesitan más sesiones que la longitud del bloque
fold-001,calibration,ridge,ridge,zero,1,20,19,2000,42,0.05638615658734716,,,Se necesitan más sesiones que la longitud del bloque
fold-001,calibration,rnn,expected,zero,3,20,19,2000,42,0.0003655608856066674,,,Se necesitan más sesiones que la longitud del bloque
fold-001,calibration,rnn,expected,parent,3,20,19,2000,42,6.205655856639693e-05,,,Se necesitan más sesiones que la longitud del bloque
fold-001,calibration,rnn,expected,initial_policy,3,20,19,2000,42,0.0,,,Se necesitan más sesiones que la longitud del bloque
fold-001,calibration,rnn,expected,center,3,20,19,2000,42,6.205655856639693e-05,,,Se necesitan más sesiones que la longitud del bloque
fold-001,calibration,rnn,klpo_exact,zero,3,20,19,2000,42,0.0003655608856066674,,,Se necesitan más sesiones que la longitud del bloque
fold-001,calibration,rnn,klpo_exact,parent,3,20,19,2000,42,6.205655856639693e-05,,,Se necesitan más sesiones que la longitud del bloque
fold-001,calibration,rnn,klpo_exact,initial_policy,3,20,19,2000,42,0.0,,,Se necesitan más sesiones que la longitud del bloque
fold-001,calibration,rnn,klpo_exact,center,3,20,19,2000,42,6.205655856639693e-05,,,Se necesitan más sesiones que la longitud del bloque
fold-001,calibration,rnn,klpo_full,zero,3,20,19,2000,42,0.0003655608856066674,,,Se necesitan más sesiones que la longitud del bloque
fold-001,calibration,rnn,klpo_full,parent,3,20,19,2000,42,6.205655856639693e-05,,,Se necesitan más sesiones que la longitud del bloque
fold-001,calibration,rnn,klpo_full,initial_policy,3,20,19,2000,42,0.0,,,Se necesitan más sesiones que la longitud del bloque
fold-001,calibration,rnn,klpo_full,center,3,20,19,2000,42,6.205655856639693e-05,,,Se necesitan más sesiones que la longitud del bloque
fold-001,calibration,rnn,klpo_mc,zero,3,20,19,2000,42,0.0003655608856066674,,,Se necesitan más sesiones que la longitud del bloque
fold-001,calibration,rnn,klpo_mc,parent,3,20,19,2000,42,6.205655856639693e-05,,,Se necesitan más sesiones que la longitud del bloque
fold-001,calibration,rnn,klpo_mc,initial_policy,3,20,19,2000,42,0.0,,,Se necesitan más sesiones que la longitud del bloque
fold-001,calibration,rnn,klpo_mc,center,3,20,19,2000,42,6.205655856639693e-05,,,Se necesitan más sesiones que la longitud del bloque
fold-001,calibration,rnn,mae,zero,3,20,19,2000,42,0.0003655608856066674,,,Se necesitan más sesiones que la longitud del bloque
fold-001,calibration,rnn,mae,parent,3,20,19,2000,42,6.205655856639693e-05,,,Se necesitan más sesiones que la longitud del bloque
fold-001,calibration,rnn,mae,initial_policy,3,20,19,2000,42,0.0,,,Se necesitan más sesiones que la longitud del bloque
fold-001,calibration,rnn,mae,center,3,20,19,2000,42,6.205655856639693e-05,,,Se necesitan más sesiones que la longitud del bloque
fold-001,calibration,rnn,neural_mae,zero,3,20,19,2000,42,-6.9403309584709335e-06,,,Se necesitan más sesiones que la longitud del bloque
fold-001,calibration,rnn,neural_mae,parent,3,20,19,2000,42,-0.0003104446579987414,,,Se necesitan más sesiones que la longitud del bloque
fold-001,calibration,rnn,neural_mae,initial_policy,3,20,19,2000,42,-0.0003725012165651383,,,Se necesitan más sesiones que la longitud del bloque
fold-001,calibration,rnn,neural_mae,center,3,20,19,2000,42,1.2992731700399513e-05,,,Se necesitan más sesiones que la longitud del bloque
fold-001,calibration,rnn,neural_mse,zero,3,20,19,2000,42,1.2386952776432233e-05,,,Se necesitan más sesiones que la longitud del bloque
fold-001,calibration,rnn,neural_mse,parent,3,20,19,2000,42,-0.0002911173742638382,,,Se necesitan más sesiones que la longitud del bloque
fold-001,calibration,rnn,neural_mse,initial_policy,3,20,19,2000,42,-0.0003531739328302351,,,Se necesitan más sesiones que la longitud del bloque
fold-001,calibration,rnn,neural_mse,center,3,20,19,2000,42,-1.637740409528883e-07,,,Se necesitan más sesiones que la longitud del bloque
fold-001,calibration,rnn,reference,zero,3,20,19,2000,42,0.0005537985744327767,,,Se necesitan más sesiones que la longitud del bloque
fold-001,calibration,rnn,reference_mae,zero,3,20,19,2000,42,0.0002821350871814649,,,Se necesitan más sesiones que la longitud del bloque
fold-001,calibration,rnn,reference_mae,parent,3,20,19,2000,42,-0.00027166348725131216,,,Se necesitan más sesiones que la longitud del bloque
fold-001,calibration,rnn,reference_mse,zero,3,20,19,2000,42,0.0005019809429433775,,,Se necesitan más sesiones que la longitud del bloque
fold-001,calibration,rnn,reference_mse,parent,3,20,19,2000,42,-5.181763148939948e-05,,,Se necesitan más sesiones que la longitud del bloque
fold-001,calibration,rnn,reinforce,zero,3,20,19,2000,42,0.0003655608856066674,,,Se necesitan más sesiones que la longitud del bloque
fold-001,calibration,rnn,reinforce,parent,3,20,19,2000,42,6.205655856639693e-05,,,Se necesitan más sesiones que la longitud del bloque
fold-001,calibration,rnn,reinforce,initial_policy,3,20,19,2000,42,0.0,,,Se necesitan más sesiones que la longitud del bloque
fold-001,calibration,rnn,reinforce,center,3,20,19,2000,42,6.205655856639693e-05,,,Se necesitan más sesiones que la longitud del bloque
fold-001,calibration,xgboost,expected,zero,3,20,19,2000,42,0.0,,,Se necesitan más sesiones que la longitud del bloque
fold-001,calibration,xgboost,expected,parent,3,20,19,2000,42,7.253591247880983e-06,,,Se necesitan más sesiones que la longitud del bloque
fold-001,calibration,xgboost,expected,initial_policy,3,20,19,2000,42,0.0,,,Se necesitan más sesiones que la longitud del bloque
fold-001,calibration,xgboost,expected,center,3,20,19,2000,42,7.253591247880983e-06,,,Se necesitan más sesiones que la longitud del bloque
fold-001,calibration,xgboost,klpo_exact,zero,3,20,19,2000,42,0.0,,,Se necesitan más sesiones que la longitud del bloque
fold-001,calibration,xgboost,klpo_exact,parent,3,20,19,2000,42,7.253591247880983e-06,,,Se necesitan más sesiones que la longitud del bloque
fold-001,calibration,xgboost,klpo_exact,initial_policy,3,20,19,2000,42,0.0,,,Se necesitan más sesiones que la longitud del bloque
fold-001,calibration,xgboost,klpo_exact,center,3,20,19,2000,42,7.253591247880983e-06,,,Se necesitan más sesiones que la longitud del bloque
fold-001,calibration,xgboost,klpo_full,zero,3,20,19,2000,42,0.0,,,Se necesitan más sesiones que la longitud del bloque
fold-001,calibration,xgboost,klpo_full,parent,3,20,19,2000,42,7.253591247880983e-06,,,Se necesitan más sesiones que la longitud del bloque
fold-001,calibration,xgboost,klpo_full,initial_policy,3,20,19,2000,42,0.0,,,Se necesitan más sesiones que la longitud del bloque
fold-001,calibration,xgboost,klpo_full,center,3,20,19,2000,42,7.253591247880983e-06,,,Se necesitan más sesiones que la longitud del bloque
fold-001,calibration,xgboost,klpo_mc,zero,3,20,19,2000,42,0.0,,,Se necesitan más sesiones que la longitud del bloque
fold-001,calibration,xgboost,klpo_mc,parent,3,20,19,2000,42,7.253591247880983e-06,,,Se necesitan más sesiones que la longitud del bloque
fold-001,calibration,xgboost,klpo_mc,initial_policy,3,20,19,2000,42,0.0,,,Se necesitan más sesiones que la longitud del bloque
fold-001,calibration,xgboost,klpo_mc,center,3,20,19,2000,42,7.253591247880983e-06,,,Se necesitan más sesiones que la longitud del bloque
fold-001,calibration,xgboost,mae,zero,3,20,19,2000,42,0.0,,,Se necesitan más sesiones que la longitud del bloque
fold-001,calibration,xgboost,mae,parent,3,20,19,2000,42,7.253591247880983e-06,,,Se necesitan más sesiones que la longitud del bloque
fold-001,calibration,xgboost,mae,initial_policy,3,20,19,2000,42,0.0,,,Se necesitan más sesiones que la longitud del bloque
fold-001,calibration,xgboost,mae,center,3,20,19,2000,42,7.253591247880983e-06,,,Se necesitan más sesiones que la longitud del bloque
fold-001,calibration,xgboost,reinforce,zero,3,20,19,2000,42,0.0,,,Se necesitan más sesiones que la longitud del bloque
fold-001,calibration,xgboost,reinforce,parent,3,20,19,2000,42,7.253591247880983e-06,,,Se necesitan más sesiones que la longitud del bloque
fold-001,calibration,xgboost,reinforce,initial_policy,3,20,19,2000,42,0.0,,,Se necesitan más sesiones que la longitud del bloque
fold-001,calibration,xgboost,reinforce,center,3,20,19,2000,42,7.253591247880983e-06,,,Se necesitan más sesiones que la longitud del bloque
fold-001,calibration,xgboost,xgboost,zero,3,20,19,2000,42,-7.253591247880983e-06,,,Se necesitan más sesiones que la longitud del bloque
fold-001,evaluation,dlinear,expected,zero,3,1,20,2000,42,0.0006228074368078554,0.00025185615858374136,0.001033476704409748,
fold-001,evaluation,dlinear,expected,parent,3,1,20,2000,42,0.00013982012820390103,6.373478572970202e-05,0.00021639242422507527,
fold-001,evaluation,dlinear,expected,initial_policy,3,1,20,2000,42,0.0,0.0,0.0,
fold-001,evaluation,dlinear,expected,center,3,1,20,2000,42,0.00013982012820390103,6.373478572970202e-05,0.00021639242422507527,
fold-001,evaluation,dlinear,klpo_exact,zero,3,1,20,2000,42,0.0006228074368078554,0.00025185615858374136,0.001033476704409748,
fold-001,evaluation,dlinear,klpo_exact,parent,3,1,20,2000,42,0.00013982012820390103,6.373478572970202e-05,0.00021639242422507527,
fold-001,evaluation,dlinear,klpo_exact,initial_policy,3,1,20,2000,42,0.0,0.0,0.0,
fold-001,evaluation,dlinear,klpo_exact,center,3,1,20,2000,42,0.00013982012820390103,6.373478572970202e-05,0.00021639242422507527,
fold-001,evaluation,dlinear,klpo_full,zero,3,1,20,2000,42,0.0006228074368078554,0.00025185615858374136,0.001033476704409748,
fold-001,evaluation,dlinear,klpo_full,parent,3,1,20,2000,42,0.00013982012820390103,6.373478572970202e-05,0.00021639242422507527,
fold-001,evaluation,dlinear,klpo_full,initial_policy,3,1,20,2000,42,0.0,0.0,0.0,
fold-001,evaluation,dlinear,klpo_full,center,3,1,20,2000,42,0.00013982012820390103,6.373478572970202e-05,0.00021639242422507527,
fold-001,evaluation,dlinear,klpo_mc,zero,3,1,20,2000,42,0.0006228074368078554,0.00025185615858374136,0.001033476704409748,
fold-001,evaluation,dlinear,klpo_mc,parent,3,1,20,2000,42,0.00013982012820390103,6.373478572970202e-05,0.00021639242422507527,
fold-001,evaluation,dlinear,klpo_mc,initial_policy,3,1,20,2000,42,0.0,0.0,0.0,
fold-001,evaluation,dlinear,klpo_mc,center,3,1,20,2000,42,0.00013982012820390103,6.373478572970202e-05,0.00021639242422507527,
fold-001,evaluation,dlinear,mae,zero,3,1,20,2000,42,0.0006228074368078554,0.00025185615858374136,0.001033476704409748,
fold-001,evaluation,dlinear,mae,parent,3,1,20,2000,42,0.00013982012820390103,6.373478572970202e-05,0.00021639242422507527,
fold-001,evaluation,dlinear,mae,initial_policy,3,1,20,2000,42,0.0,0.0,0.0,
fold-001,evaluation,dlinear,mae,center,3,1,20,2000,42,0.00013982012820390103,6.373478572970202e-05,0.00021639242422507527,
fold-001,evaluation,dlinear,neural_mae,zero,3,1,20,2000,42,2.497675125840773e-05,2.383921634801311e-06,5.6237897270086834e-05,
fold-001,evaluation,dlinear,neural_mae,parent,3,1,20,2000,42,-0.00045801055734554663,-0.000897205435432407,-7.047674878538142e-05,
fold-001,evaluation,dlinear,neural_mae,initial_policy,3,1,20,2000,42,-0.0005978306855494477,-0.0010138265741691205,-0.00022903762025401554,
fold-001,evaluation,dlinear,neural_mae,center,3,1,20,2000,42,-8.617372924045038e-05,-0.00022340403576946285,5.471828181677497e-05,
fold-001,evaluation,dlinear,neural_mse,zero,3,1,20,2000,42,1.7811568656597894e-05,-1.5564156001818077e-05,6.26944525880972e-05,
fold-001,evaluation,dlinear,neural_mse,parent,3,1,20,2000,42,-0.0004651757399473565,-0.0008867841946840414,-8.878798223673477e-05,
fold-001,evaluation,dlinear,neural_mse,initial_policy,3,1,20,2000,42,-0.0006049958681512575,-0.0010059055493421138,-0.0002476644096137638,
fold-001,evaluation,dlinear,neural_mse,center,3,1,20,2000,42,-6.18336687762718e-05,-0.00017605536197965629,5.34664971475181e-05,
fold-001,evaluation,dlinear,reference,zero,3,1,20,2000,42,0.000502484135847482,0.00017393861789014346,0.0008795667378714012,
fold-001,evaluation,dlinear,reference_mae,zero,3,1,20,2000,42,0.00024106684581579087,2.4875814429761243e-05,0.000470652387693153,
fold-001,evaluation,dlinear,reference_mae,parent,3,1,20,2000,42,-0.00026141729003169154,-0.000425849217061957,-0.00010738651886926162,
fold-001,evaluation,dlinear,reference_mse,zero,3,1,20,2000,42,0.0005024841358474824,0.0001739386178901446,0.0008795667378714013,
fold-001,evaluation,dlinear,reference_mse,parent,3,1,20,2000,42,0.0,0.0,0.0,
fold-001,evaluation,dlinear,reinforce,zero,3,1,20,2000,42,0.0006228074368078554,0.00025185615858374136,0.001033476704409748,
fold-001,evaluation,dlinear,reinforce,parent,3,1,20,2000,42,0.00013982012820390103,6.373478572970202e-05,0.00021639242422507527,
fold-001,evaluation,dlinear,reinforce,initial_policy,3,1,20,2000,42,0.0,0.0,0.0,
fold-001,evaluation,dlinear,reinforce,center,3,1,20,2000,42,0.00013982012820390103,6.373478572970202e-05,0.00021639242422507527,
fold-001,evaluation,gru,expected,zero,3,1,20,2000,42,0.0003515631872764382,-1.2671371983147594e-05,0.0006871018298240532,
fold-001,evaluation,gru,expected,parent,3,1,20,2000,42,2.429131505495936e-05,-5.2423561637906615e-05,9.497094773425507e-05,
fold-001,evaluation,gru,expected,initial_policy,3,1,20,2000,42,0.0,0.0,0.0,
fold-001,evaluation,gru,expected,center,3,1,20,2000,42,2.429131505495936e-05,-5.2423561637906615e-05,9.497094773425507e-05,
fold-001,evaluation,gru,klpo_exact,zero,3,1,20,2000,42,0.0003515631872764382,-1.2671371983147594e-05,0.0006871018298240532,
fold-001,evaluation,gru,klpo_exact,parent,3,1,20,2000,42,2.429131505495936e-05,-5.2423561637906615e-05,9.497094773425507e-05,
fold-001,evaluation,gru,klpo_exact,initial_policy,3,1,20,2000,42,0.0,0.0,0.0,
fold-001,evaluation,gru,klpo_exact,center,3,1,20,2000,42,2.429131505495936e-05,-5.2423561637906615e-05,9.497094773425507e-05,
fold-001,evaluation,gru,klpo_full,zero,3,1,20,2000,42,0.0003515631872764382,-1.2671371983147594e-05,0.0006871018298240532,
fold-001,evaluation,gru,klpo_full,parent,3,1,20,2000,42,2.429131505495936e-05,-5.2423561637906615e-05,9.497094773425507e-05,
fold-001,evaluation,gru,klpo_full,initial_policy,3,1,20,2000,42,0.0,0.0,0.0,
fold-001,evaluation,gru,klpo_full,center,3,1,20,2000,42,2.429131505495936e-05,-5.2423561637906615e-05,9.497094773425507e-05,
fold-001,evaluation,gru,klpo_mc,zero,3,1,20,2000,42,0.0003515631872764382,-1.2671371983147594e-05,0.0006871018298240532,
fold-001,evaluation,gru,klpo_mc,parent,3,1,20,2000,42,2.429131505495936e-05,-5.2423561637906615e-05,9.497094773425507e-05,
fold-001,evaluation,gru,klpo_mc,initial_policy,3,1,20,2000,42,0.0,0.0,0.0,
fold-001,evaluation,gru,klpo_mc,center,3,1,20,2000,42,2.429131505495936e-05,-5.2423561637906615e-05,9.497094773425507e-05,
fold-001,evaluation,gru,mae,zero,3,1,20,2000,42,0.00039181026672698406,8.367743885904634e-05,0.0006684969027179646,
fold-001,evaluation,gru,mae,parent,3,1,20,2000,42,6.453839450550518e-05,-6.871349778655592e-05,0.00019131806703302187,
fold-001,evaluation,gru,mae,initial_policy,3,1,20,2000,42,4.024707945054582e-05,-8.86779295934288e-05,0.00016941659282405754,
fold-001,evaluation,gru,mae,center,3,1,20,2000,42,4.9025102517736595e-05,3.716229099418284e-06,9.321745832751323e-05,
fold-001,evaluation,gru,neural_mae,zero,3,1,20,2000,42,2.1945185529438813e-06,-2.8018855926696236e-06,7.042978342399231e-06,
fold-001,evaluation,gru,neural_mae,parent,3,1,20,2000,42,-0.000325077353668535,-0.0006779504768198934,5.1570018367304974e-05,
fold-001,evaluation,gru,neural_mae,initial_policy,3,1,20,2000,42,-0.00034936866872349435,-0.0006845574759315889,1.3397986581182666e-05,
fold-001,evaluation,gru,neural_mae,center,3,1,20,2000,42,-2.4238368397125428e-05,-5.533525624866107e-05,9.940726545764772e-06,
fold-001,evaluation,gru,neural_mse,zero,3,1,20,2000,42,1.8607358582740324e-05,-1.3557743110489213e-06,4.409414808882977e-05,
fold-001,evaluation,gru,neural_mse,parent,3,1,20,2000,42,-0.0003086645136387386,-0.0006580400687375641,6.853253341162917e-05,
fold-001,evaluation,gru,neural_mse,initial_policy,3,1,20,2000,42,-0.00033295582869369793,-0.000669399962488776,3.665735192742822e-05,
fold-001,evaluation,gru,neural_mse,center,3,1,20,2000,42,-6.076067447385305e-05,-0.0001420483388436804,1.5424553962543633e-05,
fold-001,evaluation,gru,reference,zero,3,1,20,2000,42,0.00045953838796338966,0.00010675566124903261,0.000803963099785844,
fold-001,evaluation,gru,reference_mae,zero,3,1,20,2000,42,0.00022852451810183132,-6.2998139339955964e-06,0.00045714493227410875,
fold-001,evaluation,gru,reference_mae,parent,3,1,20,2000,42,-0.0002310138698615579,-0.000381395830511103,-7.773685349941431e-05,
fold-001,evaluation,gru,reference_mse,zero,3,1,20,2000,42,0.0003401574133068294,4.3636722584391905e-05,0.0006244212033830093,
fold-001,evaluation,gru,reference_mse,parent,3,1,20,2000,42,-0.0001193809746565598,-0.0002374767429422277,-7.894071421705477e-06,
fold-001,evaluation,gru,reinforce,zero,3,1,20,2000,42,0.0003515631872764382,-1.2671371983147594e-05,0.0006871018298240532,
fold-001,evaluation,gru,reinforce,parent,3,1,20,2000,42,2.429131505495936e-05,-5.2423561637906615e-05,9.497094773425507e-05,
fold-001,evaluation,gru,reinforce,initial_policy,3,1,20,2000,42,0.0,0.0,0.0,
fold-001,evaluation,gru,reinforce,center,3,1,20,2000,42,2.429131505495936e-05,-5.2423561637906615e-05,9.497094773425507e-05,
fold-001,evaluation,lstm,expected,zero,3,1,20,2000,42,0.0014298972486208416,0.0006768348887194205,0.0021143387914955513,
fold-001,evaluation,lstm,expected,parent,3,1,20,2000,42,9.04945249491973e-05,3.095215253548352e-05,0.00014959578384706647,
fold-001,evaluation,lstm,expected,initial_policy,3,1,20,2000,42,0.0,0.0,0.0,
fold-001,evaluation,lstm,expected,center,3,1,20,2000,42,9.04945249491973e-05,3.095215253548352e-05,0.00014959578384706647,
fold-001,evaluation,lstm,klpo_exact,zero,3,1,20,2000,42,0.0014298972486208416,0.0006768348887194205,0.0021143387914955513,
fold-001,evaluation,lstm,klpo_exact,parent,3,1,20,2000,42,9.04945249491973e-05,3.095215253548352e-05,0.00014959578384706647,
fold-001,evaluation,lstm,klpo_exact,initial_policy,3,1,20,2000,42,0.0,0.0,0.0,
fold-001,evaluation,lstm,klpo_exact,center,3,1,20,2000,42,9.04945249491973e-05,3.095215253548352e-05,0.00014959578384706647,
fold-001,evaluation,lstm,klpo_full,zero,3,1,20,2000,42,0.0014298972486208416,0.0006768348887194205,0.0021143387914955513,
fold-001,evaluation,lstm,klpo_full,parent,3,1,20,2000,42,9.04945249491973e-05,3.095215253548352e-05,0.00014959578384706647,
fold-001,evaluation,lstm,klpo_full,initial_policy,3,1,20,2000,42,0.0,0.0,0.0,
fold-001,evaluation,lstm,klpo_full,center,3,1,20,2000,42,9.04945249491973e-05,3.095215253548352e-05,0.00014959578384706647,
fold-001,evaluation,lstm,klpo_mc,zero,3,1,20,2000,42,0.0014298972486208416,0.0006768348887194205,0.0021143387914955513,
fold-001,evaluation,lstm,klpo_mc,parent,3,1,20,2000,42,9.04945249491973e-05,3.095215253548352e-05,0.00014959578384706647,
fold-001,evaluation,lstm,klpo_mc,initial_policy,3,1,20,2000,42,0.0,0.0,0.0,
fold-001,evaluation,lstm,klpo_mc,center,3,1,20,2000,42,9.04945249491973e-05,3.095215253548352e-05,0.00014959578384706647,
fold-001,evaluation,lstm,mae,zero,3,1,20,2000,42,0.0014298972486208416,0.0006768348887194205,0.0021143387914955513,
fold-001,evaluation,lstm,mae,parent,3,1,20,2000,42,9.04945249491973e-05,3.095215253548352e-05,0.00014959578384706647,
fold-001,evaluation,lstm,mae,initial_policy,3,1,20,2000,42,0.0,0.0,0.0,
fold-001,evaluation,lstm,mae,center,3,1,20,2000,42,9.04945249491973e-05,3.095215253548352e-05,0.00014959578384706647,
fold-001,evaluation,lstm,neural_mae,zero,3,1,20,2000,42,4.3446758139214714e-05,2.754641124359805e-05,5.977825290347831e-05,
fold-001,evaluation,lstm,neural_mae,parent,3,1,20,2000,42,-0.0012959559655324295,-0.001971718638125603,-0.0005389943284324175,
fold-001,evaluation,lstm,neural_mae,initial_policy,3,1,20,2000,42,-0.0013864504904816271,-0.002065180110166027,-0.0006391039342548104,
fold-001,evaluation,lstm,neural_mae,center,3,1,20,2000,42,-1.5137680010908483e-05,-6.002688424137096e-05,3.239975685221121e-05,
fold-001,evaluation,lstm,neural_mse,zero,3,1,20,2000,42,0.0005613164659329526,0.0002868594247269797,0.0008043148665740507,
fold-001,evaluation,lstm,neural_mse,parent,3,1,20,2000,42,-0.0007780862577386918,-0.0012338192732856035,-0.0002910698231717331,
fold-001,evaluation,lstm,neural_mse,initial_policy,3,1,20,2000,42,-0.0008685807826878892,-0.0013162662795540747,-0.00038464685314256754,
fold-001,evaluation,lstm,neural_mse,center,3,1,20,2000,42,1.986147171525168e-05,-1.6735760028608764e-06,3.926390821467172e-05,
fold-001,evaluation,lstm,reference,zero,3,1,20,2000,42,0.0007265261442610264,0.0003411080282722631,0.0010565846037533608,
fold-001,evaluation,lstm,reference_mae,zero,3,1,20,2000,42,0.00072717823229376,0.0003570332727730409,0.00104123505738792,
fold-001,evaluation,lstm,reference_mae,parent,3,1,20,2000,42,6.520880327333042e-07,-2.578739017673778e-05,2.548318162564175e-05,
fold-001,evaluation,lstm,reference_mse,zero,3,1,20,2000,42,0.0007265261442610266,0.0003411080282722632,0.001056584603753361,
fold-001,evaluation,lstm,reference_mse,parent,3,1,20,2000,42,0.0,0.0,0.0,
fold-001,evaluation,lstm,reinforce,zero,3,1,20,2000,42,0.0014298972486208416,0.0006768348887194205,0.0021143387914955513,
fold-001,evaluation,lstm,reinforce,parent,3,1,20,2000,42,9.04945249491973e-05,3.095215253548352e-05,0.00014959578384706647,
fold-001,evaluation,lstm,reinforce,initial_policy,3,1,20,2000,42,0.0,0.0,0.0,
fold-001,evaluation,lstm,reinforce,center,3,1,20,2000,42,9.04945249491973e-05,3.095215253548352e-05,0.00014959578384706647,
fold-001,evaluation,ridge,expected,zero,3,1,20,2000,42,0.05329039329042824,0.05101603110397608,0.0553260733834149,
fold-001,evaluation,ridge,expected,parent,3,1,20,2000,42,-0.22475518593871438,-0.2435617580318671,-0.2064414116511557,
fold-001,evaluation,ridge,expected,initial_policy,3,1,20,2000,42,0.0,0.0,0.0,
fold-001,evaluation,ridge,expected,center,3,1,20,2000,42,-0.15104157991922407,-0.16543605015217006,-0.1371439282948803,
fold-001,evaluation,ridge,klpo_exact,zero,3,1,20,2000,42,0.006782845877300601,0.005644460294954738,0.007936083051330829,
fold-001,evaluation,ridge,klpo_exact,parent,3,1,20,2000,42,-0.27126273335184203,-0.29004238352743694,-0.2533110285698116,
fold-001,evaluation,ridge,klpo_exact,initial_policy,3,1,20,2000,42,-0.046507547413127646,-0.04812630457958269,-0.044823816655961496,
fold-001,evaluation,ridge,klpo_exact,center,3,1,20,2000,42,3.905601241077899e-05,2.0492880174244605e-05,5.803124898992414e-05,
fold-001,evaluation,ridge,klpo_full,zero,3,1,20,2000,42,0.03925171280942504,0.03684850587395789,0.04149026087711032,
fold-001,evaluation,ridge,klpo_full,parent,3,1,20,2000,42,-0.23879386641971748,-0.25603818074990153,-0.22206453375859075,
fold-001,evaluation,ridge,klpo_full,initial_policy,3,1,20,2000,42,-0.014038680481003202,-0.0158235089951636,-0.012362671128864631,
fold-001,evaluation,ridge,klpo_full,center,3,1,20,2000,42,-0.005659237180765112,-0.006959562203386282,-0.004415410054481188,
fold-001,evaluation,ridge,klpo_mc,zero,3,1,20,2000,42,0.0391904047998615,0.03678612812437284,0.0414394259856148,
fold-001,evaluation,ridge,klpo_mc,parent,3,1,20,2000,42,-0.23885517442928106,-0.25606920522646354,-0.22212829370337406,
fold-001,evaluation,ridge,klpo_mc,initial_policy,3,1,20,2000,42,-0.014099988490566737,-0.015894443104714277,-0.012417835874090693,
fold-001,evaluation,ridge,klpo_mc,center,3,1,20,2000,42,-0.005833657722833669,-0.0071518528532194614,-0.004582500108509273,
fold-001,evaluation,ridge,mae,zero,3,1,20,2000,42,0.05329039329042824,0.05101603110397608,0.0553260733834149,
fold-001,evaluation,ridge,mae,parent,3,1,20,2000,42,-0.22475518593871438,-0.2435617580318671,-0.2064414116511557,
fold-001,evaluation,ridge,mae,initial_policy,3,1,20,2000,42,0.0,0.0,0.0,
fold-001,evaluation,ridge,mae,center,3,1,20,2000,42,-0.13761906422682021,-0.15112969800786447,-0.12461598665381857,
fold-001,evaluation,ridge,reinforce,zero,3,1,20,2000,42,0.05329039329042824,0.05101603110397608,0.0553260733834149,
fold-001,evaluation,ridge,reinforce,parent,3,1,20,2000,42,-0.22475518593871438,-0.2435617580318671,-0.2064414116511557,
fold-001,evaluation,ridge,reinforce,initial_policy,3,1,20,2000,42,0.0,0.0,0.0,
fold-001,evaluation,ridge,reinforce,center,3,1,20,2000,42,-0.15650392412455805,-0.17094460137409842,-0.14236807759434444,
fold-001,evaluation,ridge,ridge,zero,1,1,20,2000,42,0.27804557922914264,0.2601301738009592,0.2967887627175009,
fold-001,evaluation,rnn,expected,zero,3,1,20,2000,42,0.0003985040337019121,4.3515357457901325e-05,0.0007689469228465471,
fold-001,evaluation,rnn,expected,parent,3,1,20,2000,42,4.420892200197946e-05,-2.0869427405096e-05,0.00011714556394048847,
fold-001,evaluation,rnn,expected,initial_policy,3,1,20,2000,42,0.0,0.0,0.0,
fold-001,evaluation,rnn,expected,center,3,1,20,2000,42,4.420892200197946e-05,-2.0869427405096e-05,0.00011714556394048847,
fold-001,evaluation,rnn,klpo_exact,zero,3,1,20,2000,42,0.0003985040337019121,4.3515357457901325e-05,0.0007689469228465471,
fold-001,evaluation,rnn,klpo_exact,parent,3,1,20,2000,42,4.420892200197946e-05,-2.0869427405096e-05,0.00011714556394048847,
fold-001,evaluation,rnn,klpo_exact,initial_policy,3,1,20,2000,42,0.0,0.0,0.0,
fold-001,evaluation,rnn,klpo_exact,center,3,1,20,2000,42,4.420892200197946e-05,-2.0869427405096e-05,0.00011714556394048847,
fold-001,evaluation,rnn,klpo_full,zero,3,1,20,2000,42,0.0003985040337019121,4.3515357457901325e-05,0.0007689469228465471,
fold-001,evaluation,rnn,klpo_full,parent,3,1,20,2000,42,4.420892200197946e-05,-2.0869427405096e-05,0.00011714556394048847,
fold-001,evaluation,rnn,klpo_full,initial_policy,3,1,20,2000,42,0.0,0.0,0.0,
fold-001,evaluation,rnn,klpo_full,center,3,1,20,2000,42,4.420892200197946e-05,-2.0869427405096e-05,0.00011714556394048847,
fold-001,evaluation,rnn,klpo_mc,zero,3,1,20,2000,42,0.0003985040337019121,4.3515357457901325e-05,0.0007689469228465471,
fold-001,evaluation,rnn,klpo_mc,parent,3,1,20,2000,42,4.420892200197946e-05,-2.0869427405096e-05,0.00011714556394048847,
fold-001,evaluation,rnn,klpo_mc,initial_policy,3,1,20,2000,42,0.0,0.0,0.0,
fold-001,evaluation,rnn,klpo_mc,center,3,1,20,2000,42,4.420892200197946e-05,-2.0869427405096e-05,0.00011714556394048847,
fold-001,evaluation,rnn,mae,zero,3,1,20,2000,42,0.0003985040337019121,4.3515357457901325e-05,0.0007689469228465471,
fold-001,evaluation,rnn,mae,parent,3,1,20,2000,42,4.420892200197946e-05,-2.0869427405096e-05,0.00011714556394048847,
fold-001,evaluation,rnn,mae,initial_policy,3,1,20,2000,42,0.0,0.0,0.0,
fold-001,evaluation,rnn,mae,center,3,1,20,2000,42,4.420892200197946e-05,-2.0869427405096e-05,0.00011714556394048847,
fold-001,evaluation,rnn,neural_mae,zero,3,1,20,2000,42,8.302655327280337e-06,-1.1599992962782424e-06,2.3526208711862342e-05,
fold-001,evaluation,rnn,neural_mae,parent,3,1,20,2000,42,-0.0003459924563726523,-0.0006789347822369499,-1.6397175273442206e-05,
fold-001,evaluation,rnn,neural_mae,initial_policy,3,1,20,2000,42,-0.0003902013783746317,-0.0007614801425169844,-3.903831649722904e-05,
fold-001,evaluation,rnn,neural_mae,center,3,1,20,2000,42,-1.774768058142471e-05,-6.895507865044459e-05,3.8337612799363664e-05,
fold-001,evaluation,rnn,neural_mse,zero,3,1,20,2000,42,4.247933138698083e-05,6.731615754411126e-06,8.472668672144071e-05,
fold-001,evaluation,rnn,neural_mse,parent,3,1,20,2000,42,-0.00031181578031295174,-0.0006311733460006315,4.890322935608774e-06,
fold-001,evaluation,rnn,neural_mse,initial_policy,3,1,20,2000,42,-0.00035602470231493123,-0.0007027009440201486,-2.04583807476357e-05,
fold-001,evaluation,rnn,neural_mse,center,3,1,20,2000,42,-3.0249286173770693e-05,-0.00011883854333644105,5.9944370521879475e-05,
fold-001,evaluation,rnn,reference,zero,3,1,20,2000,42,0.00043020504927267927,0.0001600672699870749,0.0007242337669617292,
fold-001,evaluation,rnn,reference_mae,zero,3,1,20,2000,42,0.0002583747359701194,8.458870760965162e-05,0.0004463924731589007,
fold-001,evaluation,rnn,reference_mae,parent,3,1,20,2000,42,-0.00017183031330256002,-0.0003195287934413126,-3.421873459695604e-05,
fold-001,evaluation,rnn,reference_mse,zero,3,1,20,2000,42,0.00036439301120208024,0.0001025565594073584,0.000646224519949134,
fold-001,evaluation,rnn,reference_mse,parent,3,1,20,2000,42,-6.581203807059918e-05,-0.00012668744379313422,-9.945499829765842e-06,
fold-001,evaluation,rnn,reinforce,zero,3,1,20,2000,42,0.0003985040337019121,4.3515357457901325e-05,0.0007689469228465471,
fold-001,evaluation,rnn,reinforce,parent,3,1,20,2000,42,4.420892200197946e-05,-2.0869427405096e-05,0.00011714556394048847,
fold-001,evaluation,rnn,reinforce,initial_policy,3,1,20,2000,42,0.0,0.0,0.0,
fold-001,evaluation,rnn,reinforce,center,3,1,20,2000,42,4.420892200197946e-05,-2.0869427405096e-05,0.00011714556394048847,
fold-001,evaluation,xgboost,expected,zero,3,1,20,2000,42,0.0,0.0,0.0,
fold-001,evaluation,xgboost,expected,parent,3,1,20,2000,42,8.277557515356474e-06,-6.055644529682453e-05,8.36130291594273e-05,
fold-001,evaluation,xgboost,expected,initial_policy,3,1,20,2000,42,0.0,0.0,0.0,
fold-001,evaluation,xgboost,expected,center,3,1,20,2000,42,8.277557515356474e-06,-6.055644529682453e-05,8.36130291594273e-05,
fold-001,evaluation,xgboost,klpo_exact,zero,3,1,20,2000,42,0.0,0.0,0.0,
fold-001,evaluation,xgboost,klpo_exact,parent,3,1,20,2000,42,8.277557515356474e-06,-6.055644529682453e-05,8.36130291594273e-05,
fold-001,evaluation,xgboost,klpo_exact,initial_policy,3,1,20,2000,42,0.0,0.0,0.0,
fold-001,evaluation,xgboost,klpo_exact,center,3,1,20,2000,42,8.277557515356474e-06,-6.055644529682453e-05,8.36130291594273e-05,
fold-001,evaluation,xgboost,klpo_full,zero,3,1,20,2000,42,0.0,0.0,0.0,
fold-001,evaluation,xgboost,klpo_full,parent,3,1,20,2000,42,8.277557515356474e-06,-6.055644529682453e-05,8.36130291594273e-05,
fold-001,evaluation,xgboost,klpo_full,initial_policy,3,1,20,2000,42,0.0,0.0,0.0,
fold-001,evaluation,xgboost,klpo_full,center,3,1,20,2000,42,8.277557515356474e-06,-6.055644529682453e-05,8.36130291594273e-05,
fold-001,evaluation,xgboost,klpo_mc,zero,3,1,20,2000,42,0.0,0.0,0.0,
fold-001,evaluation,xgboost,klpo_mc,parent,3,1,20,2000,42,8.277557515356474e-06,-6.055644529682453e-05,8.36130291594273e-05,
fold-001,evaluation,xgboost,klpo_mc,initial_policy,3,1,20,2000,42,0.0,0.0,0.0,
fold-001,evaluation,xgboost,klpo_mc,center,3,1,20,2000,42,8.277557515356474e-06,-6.055644529682453e-05,8.36130291594273e-05,
fold-001,evaluation,xgboost,mae,zero,3,1,20,2000,42,0.0,0.0,0.0,
fold-001,evaluation,xgboost,mae,parent,3,1,20,2000,42,8.277557515356474e-06,-6.055644529682453e-05,8.36130291594273e-05,
fold-001,evaluation,xgboost,mae,initial_policy,3,1,20,2000,42,0.0,0.0,0.0,
fold-001,evaluation,xgboost,mae,center,3,1,20,2000,42,8.277557515356474e-06,-6.055644529682453e-05,8.36130291594273e-05,
fold-001,evaluation,xgboost,reinforce,zero,3,1,20,2000,42,0.0,0.0,0.0,
fold-001,evaluation,xgboost,reinforce,parent,3,1,20,2000,42,8.277557515356474e-06,-6.055644529682453e-05,8.36130291594273e-05,
fold-001,evaluation,xgboost,reinforce,initial_policy,3,1,20,2000,42,0.0,0.0,0.0,
fold-001,evaluation,xgboost,reinforce,center,3,1,20,2000,42,8.277557515356474e-06,-6.055644529682453e-05,8.361302915942729e-05,
fold-001,evaluation,xgboost,xgboost,zero,3,1,20,2000,42,-8.277557515356474e-06,-8.36130291594273e-05,6.055644529682452e-05,
fold-001,evaluation,dlinear,expected,zero,3,5,20,2000,42,0.0006228074368078554,0.00029810015818873206,0.0010553537493031104,
fold-001,evaluation,dlinear,expected,parent,3,5,20,2000,42,0.00013982012820390103,0.00012005639261549986,0.00019730163932780816,
fold-001,evaluation,dlinear,expected,initial_policy,3,5,20,2000,42,0.0,0.0,0.0,
fold-001,evaluation,dlinear,expected,center,3,5,20,2000,42,0.00013982012820390103,0.00012005639261549986,0.00019730163932780816,
fold-001,evaluation,dlinear,klpo_exact,zero,3,5,20,2000,42,0.0006228074368078554,0.00029810015818873206,0.0010553537493031104,
fold-001,evaluation,dlinear,klpo_exact,parent,3,5,20,2000,42,0.00013982012820390103,0.00012005639261549986,0.00019730163932780816,
fold-001,evaluation,dlinear,klpo_exact,initial_policy,3,5,20,2000,42,0.0,0.0,0.0,
fold-001,evaluation,dlinear,klpo_exact,center,3,5,20,2000,42,0.00013982012820390103,0.00012005639261549986,0.00019730163932780816,
fold-001,evaluation,dlinear,klpo_full,zero,3,5,20,2000,42,0.0006228074368078554,0.00029810015818873206,0.0010553537493031104,
fold-001,evaluation,dlinear,klpo_full,parent,3,5,20,2000,42,0.00013982012820390103,0.00012005639261549986,0.00019730163932780816,
fold-001,evaluation,dlinear,klpo_full,initial_policy,3,5,20,2000,42,0.0,0.0,0.0,
fold-001,evaluation,dlinear,klpo_full,center,3,5,20,2000,42,0.00013982012820390103,0.00012005639261549986,0.00019730163932780816,
fold-001,evaluation,dlinear,klpo_mc,zero,3,5,20,2000,42,0.0006228074368078554,0.00029810015818873206,0.0010553537493031104,
fold-001,evaluation,dlinear,klpo_mc,parent,3,5,20,2000,42,0.00013982012820390103,0.00012005639261549986,0.00019730163932780816,
fold-001,evaluation,dlinear,klpo_mc,initial_policy,3,5,20,2000,42,0.0,0.0,0.0,
fold-001,evaluation,dlinear,klpo_mc,center,3,5,20,2000,42,0.00013982012820390103,0.00012005639261549986,0.00019730163932780816,
fold-001,evaluation,dlinear,mae,zero,3,5,20,2000,42,0.0006228074368078554,0.00029810015818873206,0.0010553537493031104,
fold-001,evaluation,dlinear,mae,parent,3,5,20,2000,42,0.00013982012820390103,0.00012005639261549986,0.00019730163932780816,
fold-001,evaluation,dlinear,mae,initial_policy,3,5,20,2000,42,0.0,0.0,0.0,
fold-001,evaluation,dlinear,mae,center,3,5,20,2000,42,0.00013982012820390103,0.00012005639261549986,0.00019730163932780816,
fold-001,evaluation,dlinear,neural_mae,zero,3,5,20,2000,42,2.497675125840773e-05,8.53167077762121e-06,4.2516210192765887e-05,
fold-001,evaluation,dlinear,neural_mae,parent,3,5,20,2000,42,-0.00045801055734554663,-0.0008719481451145329,-0.00011776933275257628,
fold-001,evaluation,dlinear,neural_mae,initial_policy,3,5,20,2000,42,-0.0005978306855494477,-0.001037403042309374,-0.0002780911388740149,
fold-001,evaluation,dlinear,neural_mae,center,3,5,20,2000,42,-8.617372924045038e-05,-0.00019634744585126295,5.79434584562014e-07,
fold-001,evaluation,dlinear,neural_mse,zero,3,5,20,2000,42,1.7811568656597894e-05,-4.01061869208491e-06,5.713321716955804e-05,
fold-001,evaluation,dlinear,neural_mse,parent,3,5,20,2000,42,-0.0004651757399473565,-0.0008676536387832829,-0.00010850648214002206,
fold-001,evaluation,dlinear,neural_mse,initial_policy,3,5,20,2000,42,-0.0006049958681512575,-0.0010336505612677659,-0.00026745554387271704,
fold-001,evaluation,dlinear,neural_mse,center,3,5,20,2000,42,-6.18336687762718e-05,-0.00015373043384961553,9.327646141228696e-06,
fold-001,evaluation,dlinear,reference,zero,3,5,20,2000,42,0.000502484135847482,0.0002240929966821355,0.0008853036711332501,
fold-001,evaluation,dlinear,reference_mae,zero,3,5,20,2000,42,0.00024106684581579087,6.764400262491075e-05,0.00047484044057886677,
fold-001,evaluation,dlinear,reference_mae,parent,3,5,20,2000,42,-0.00026141729003169154,-0.0004168002681458619,-0.0001448880081295048,
fold-001,evaluation,dlinear,reference_mse,zero,3,5,20,2000,42,0.0005024841358474824,0.00022409299668213635,0.0008853036711332503,
fold-001,evaluation,dlinear,reference_mse,parent,3,5,20,2000,42,0.0,0.0,0.0,
fold-001,evaluation,dlinear,reinforce,zero,3,5,20,2000,42,0.0006228074368078554,0.00029810015818873206,0.0010553537493031104,
fold-001,evaluation,dlinear,reinforce,parent,3,5,20,2000,42,0.00013982012820390103,0.00012005639261549986,0.00019730163932780816,
fold-001,evaluation,dlinear,reinforce,initial_policy,3,5,20,2000,42,0.0,0.0,0.0,
fold-001,evaluation,dlinear,reinforce,center,3,5,20,2000,42,0.00013982012820390103,0.00012005639261549986,0.00019730163932780816,
fold-001,evaluation,gru,expected,zero,3,5,20,2000,42,0.0003515631872764382,5.72595495529886e-05,0.0005565879825327405,
fold-001,evaluation,gru,expected,parent,3,5,20,2000,42,2.429131505495936e-05,-5.1755996655568556e-05,7.221799641699156e-05,
fold-001,evaluation,gru,expected,initial_policy,3,5,20,2000,42,0.0,0.0,0.0,
fold-001,evaluation,gru,expected,center,3,5,20,2000,42,2.429131505495936e-05,-5.1755996655568556e-05,7.221799641699156e-05,
fold-001,evaluation,gru,klpo_exact,zero,3,5,20,2000,42,0.0003515631872764382,5.72595495529886e-05,0.0005565879825327405,
fold-001,evaluation,gru,klpo_exact,parent,3,5,20,2000,42,2.429131505495936e-05,-5.1755996655568556e-05,7.221799641699156e-05,
fold-001,evaluation,gru,klpo_exact,initial_policy,3,5,20,2000,42,0.0,0.0,0.0,
fold-001,evaluation,gru,klpo_exact,center,3,5,20,2000,42,2.429131505495936e-05,-5.1755996655568556e-05,7.221799641699156e-05,
fold-001,evaluation,gru,klpo_full,zero,3,5,20,2000,42,0.0003515631872764382,5.72595495529886e-05,0.0005565879825327405,
fold-001,evaluation,gru,klpo_full,parent,3,5,20,2000,42,2.429131505495936e-05,-5.1755996655568556e-05,7.221799641699156e-05,
fold-001,evaluation,gru,klpo_full,initial_policy,3,5,20,2000,42,0.0,0.0,0.0,
fold-001,evaluation,gru,klpo_full,center,3,5,20,2000,42,2.429131505495936e-05,-5.1755996655568556e-05,7.221799641699156e-05,
fold-001,evaluation,gru,klpo_mc,zero,3,5,20,2000,42,0.0003515631872764382,5.72595495529886e-05,0.0005565879825327405,
fold-001,evaluation,gru,klpo_mc,parent,3,5,20,2000,42,2.429131505495936e-05,-5.1755996655568556e-05,7.221799641699156e-05,
fold-001,evaluation,gru,klpo_mc,initial_policy,3,5,20,2000,42,0.0,0.0,0.0,
fold-001,evaluation,gru,klpo_mc,center,3,5,20,2000,42,2.429131505495936e-05,-5.1755996655568556e-05,7.221799641699156e-05,
fold-001,evaluation,gru,mae,zero,3,5,20,2000,42,0.00039181026672698406,0.00010804084215008063,0.0006174692740537105,
fold-001,evaluation,gru,mae,parent,3,5,20,2000,42,6.453839450550518e-05,-9.007652215341483e-06,0.00011743008362955514,
fold-001,evaluation,gru,mae,initial_policy,3,5,20,2000,42,4.024707945054582e-05,-4.5003150157838626e-05,0.00011591123512068767,
fold-001,evaluation,gru,mae,center,3,5,20,2000,42,4.9025102517736595e-05,7.607257081767433e-06,7.331127073430324e-05,
fold-001,evaluation,gru,neural_mae,zero,3,5,20,2000,42,2.1945185529438813e-06,-1.4999463146710001e-06,4.725100223540619e-06,
fold-001,evaluation,gru,neural_mae,parent,3,5,20,2000,42,-0.000325077353668535,-0.0005678770602037716,-2.091822397320375e-05,
fold-001,evaluation,gru,neural_mae,initial_policy,3,5,20,2000,42,-0.00034936866872349435,-0.0005555427485819657,-5.614749355305894e-05,
fold-001,evaluation,gru,neural_mae,center,3,5,20,2000,42,-2.4238368397125428e-05,-5.7429981882833376e-05,4.603095730125291e-06,
fold-001,evaluation,gru,neural_mse,zero,3,5,20,2000,42,1.8607358582740324e-05,4.672265623226366e-06,3.549753390290518e-05,
fold-001,evaluation,gru,neural_mse,parent,3,5,20,2000,42,-0.0003086645136387386,-0.0005405222279227346,-9.20353621359831e-06,
fold-001,evaluation,gru,neural_mse,initial_policy,3,5,20,2000,42,-0.00033295582869369793,-0.0005388320702963366,-4.387690723711677e-05,
fold-001,evaluation,gru,neural_mse,center,3,5,20,2000,42,-6.076067447385305e-05,-0.00013915766212376345,6.009210702827372e-06,
fold-001,evaluation,gru,reference,zero,3,5,20,2000,42,0.00045953838796338966,0.00021670785415865202,0.0007023790447785725,
fold-001,evaluation,gru,reference_mae,zero,3,5,20,2000,42,0.00022852451810183132,2.067598767056519e-05,0.0004533396107978916,
fold-001,evaluation,gru,reference_mae,parent,3,5,20,2000,42,-0.0002310138698615579,-0.00032172510403922615,-0.0001498977920562082,
fold-001,evaluation,gru,reference_mse,zero,3,5,20,2000,42,0.0003401574133068294,6.989771094248228e-05,0.0005756216626730721,
fold-001,evaluation,gru,reference_mse,parent,3,5,20,2000,42,-0.0001193809746565598,-0.00017848297717662533,-7.523229526883151e-05,
fold-001,evaluation,gru,reinforce,zero,3,5,20,2000,42,0.0003515631872764382,5.72595495529886e-05,0.0005565879825327405,
fold-001,evaluation,gru,reinforce,parent,3,5,20,2000,42,2.429131505495936e-05,-5.1755996655568556e-05,7.221799641699156e-05,
fold-001,evaluation,gru,reinforce,initial_policy,3,5,20,2000,42,0.0,0.0,0.0,
fold-001,evaluation,gru,reinforce,center,3,5,20,2000,42,2.429131505495936e-05,-5.1755996655568556e-05,7.221799641699156e-05,
fold-001,evaluation,lstm,expected,zero,3,5,20,2000,42,0.0014298972486208416,0.001275308588303528,0.0020224534906702696,
fold-001,evaluation,lstm,expected,parent,3,5,20,2000,42,9.04945249491973e-05,1.4819154272280495e-05,0.00014058631929886778,
fold-001,evaluation,lstm,expected,initial_policy,3,5,20,2000,42,0.0,0.0,0.0,
fold-001,evaluation,lstm,expected,center,3,5,20,2000,42,9.04945249491973e-05,1.4819154272280495e-05,0.00014058631929886778,
fold-001,evaluation,lstm,klpo_exact,zero,3,5,20,2000,42,0.0014298972486208416,0.001275308588303528,0.0020224534906702696,
fold-001,evaluation,lstm,klpo_exact,parent,3,5,20,2000,42,9.04945249491973e-05,1.4819154272280495e-05,0.00014058631929886778,
fold-001,evaluation,lstm,klpo_exact,initial_policy,3,5,20,2000,42,0.0,0.0,0.0,
fold-001,evaluation,lstm,klpo_exact,center,3,5,20,2000,42,9.04945249491973e-05,1.4819154272280495e-05,0.00014058631929886778,
fold-001,evaluation,lstm,klpo_full,zero,3,5,20,2000,42,0.0014298972486208416,0.001275308588303528,0.0020224534906702696,
fold-001,evaluation,lstm,klpo_full,parent,3,5,20,2000,42,9.04945249491973e-05,1.4819154272280495e-05,0.00014058631929886778,
fold-001,evaluation,lstm,klpo_full,initial_policy,3,5,20,2000,42,0.0,0.0,0.0,
fold-001,evaluation,lstm,klpo_full,center,3,5,20,2000,42,9.04945249491973e-05,1.4819154272280495e-05,0.00014058631929886778,
fold-001,evaluation,lstm,klpo_mc,zero,3,5,20,2000,42,0.0014298972486208416,0.001275308588303528,0.0020224534906702696,
fold-001,evaluation,lstm,klpo_mc,parent,3,5,20,2000,42,9.04945249491973e-05,1.4819154272280495e-05,0.00014058631929886778,
fold-001,evaluation,lstm,klpo_mc,initial_policy,3,5,20,2000,42,0.0,0.0,0.0,
fold-001,evaluation,lstm,klpo_mc,center,3,5,20,2000,42,9.04945249491973e-05,1.4819154272280495e-05,0.00014058631929886778,
fold-001,evaluation,lstm,mae,zero,3,5,20,2000,42,0.0014298972486208416,0.001275308588303528,0.0020224534906702696,
fold-001,evaluation,lstm,mae,parent,3,5,20,2000,42,9.04945249491973e-05,1.4819154272280495e-05,0.00014058631929886778,
fold-001,evaluation,lstm,mae,initial_policy,3,5,20,2000,42,0.0,0.0,0.0,
fold-001,evaluation,lstm,mae,center,3,5,20,2000,42,9.04945249491973e-05,1.4819154272280495e-05,0.00014058631929886778,
fold-001,evaluation,lstm,neural_mae,zero,3,5,20,2000,42,4.3446758139214714e-05,4.097699468491891e-05,4.911679321226947e-05,
fold-001,evaluation,lstm,neural_mae,parent,3,5,20,2000,42,-0.0012959559655324295,-0.0019234457753747316,-0.0011426165919640676,
fold-001,evaluation,lstm,neural_mae,initial_policy,3,5,20,2000,42,-0.0013864504904816271,-0.0019771628582250906,-0.0012276814949746602,
fold-001,evaluation,lstm,neural_mae,center,3,5,20,2000,42,-1.5137680010908483e-05,-6.549206825972506e-05,1.9835991270795667e-05,
fold-001,evaluation,lstm,neural_mse,zero,3,5,20,2000,42,0.0005613164659329526,0.0005026506623427222,0.0007657904467161934,
fold-001,evaluation,lstm,neural_mse,parent,3,5,20,2000,42,-0.0007780862577386918,-0.0012026318772334465,-0.0006763155845157167,
fold-001,evaluation,lstm,neural_mse,initial_policy,3,5,20,2000,42,-0.0008685807826878892,-0.0012572546557958347,-0.0007671579924481881,
fold-001,evaluation,lstm,neural_mse,center,3,5,20,2000,42,1.986147171525168e-05,2.1765113687743317e-06,3.287205438373825e-05,
fold-001,evaluation,lstm,reference,zero,3,5,20,2000,42,0.0007265261442610264,0.000589193481056078,0.0009654029759351493,
fold-001,evaluation,lstm,reference_mae,zero,3,5,20,2000,42,0.00072717823229376,0.0005969742740799735,0.000956981075648857,
fold-001,evaluation,lstm,reference_mae,parent,3,5,20,2000,42,6.520880327333042e-07,-1.72900297208436e-05,1.9631603042602303e-05,
fold-001,evaluation,lstm,reference_mse,zero,3,5,20,2000,42,0.0007265261442610266,0.0005891934810560778,0.0009654029759351493,
fold-001,evaluation,lstm,reference_mse,parent,3,5,20,2000,42,0.0,0.0,0.0,
fold-001,evaluation,lstm,reinforce,zero,3,5,20,2000,42,0.0014298972486208416,0.001275308588303528,0.0020224534906702696,
fold-001,evaluation,lstm,reinforce,parent,3,5,20,2000,42,9.04945249491973e-05,1.4819154272280495e-05,0.00014058631929886778,
fold-001,evaluation,lstm,reinforce,initial_policy,3,5,20,2000,42,0.0,0.0,0.0,
fold-001,evaluation,lstm,reinforce,center,3,5,20,2000,42,9.04945249491973e-05,1.4819154272280495e-05,0.00014058631929886778,
fold-001,evaluation,ridge,expected,zero,3,5,20,2000,42,0.05329039329042824,0.05236853678412496,0.05460935200238974,
fold-001,evaluation,ridge,expected,parent,3,5,20,2000,42,-0.22475518593871438,-0.2548733908141622,-0.18830047925425195,
fold-001,evaluation,ridge,expected,initial_policy,3,5,20,2000,42,0.0,0.0,0.0,
fold-001,evaluation,ridge,expected,center,3,5,20,2000,42,-0.15104157991922407,-0.1739944136303201,-0.12350928966222678,
fold-001,evaluation,ridge,klpo_exact,zero,3,5,20,2000,42,0.006782845877300601,0.005599966131302511,0.008571704137082926,
fold-001,evaluation,ridge,klpo_exact,parent,3,5,20,2000,42,-0.27126273335184203,-0.3016663443178301,-0.2351748296461361,
fold-001,evaluation,ridge,klpo_exact,initial_policy,3,5,20,2000,42,-0.046507547413127646,-0.048120519248345574,-0.045208531136087485,
fold-001,evaluation,ridge,klpo_exact,center,3,5,20,2000,42,3.905601241077899e-05,2.2179482301363502e-05,6.215593873549399e-05,
fold-001,evaluation,ridge,klpo_full,zero,3,5,20,2000,42,0.03925171280942504,0.03640164705024739,0.04169480494543205,
fold-001,evaluation,ridge,klpo_full,parent,3,5,20,2000,42,-0.23879386641971748,-0.26690809992669706,-0.20504818702446367,
fold-001,evaluation,ridge,klpo_full,initial_policy,3,5,20,2000,42,-0.014038680481003202,-0.017202649766413735,-0.011744072728948302,
fold-001,evaluation,ridge,klpo_full,center,3,5,20,2000,42,-0.005659237180765112,-0.007335002014665037,-0.00340726742228376,
fold-001,evaluation,ridge,klpo_mc,zero,3,5,20,2000,42,0.0391904047998615,0.03631218223403513,0.0416799864624168,
fold-001,evaluation,ridge,klpo_mc,parent,3,5,20,2000,42,-0.23885517442928106,-0.2669335853085928,-0.20515162161972103,
fold-001,evaluation,ridge,klpo_mc,initial_policy,3,5,20,2000,42,-0.014099988490566737,-0.017308609162172355,-0.011760657682528972,
fold-001,evaluation,ridge,klpo_mc,center,3,5,20,2000,42,-0.005833657722833669,-0.007564023493233093,-0.003521370467478692,
fold-001,evaluation,ridge,mae,zero,3,5,20,2000,42,0.05329039329042824,0.05236853678412496,0.05460935200238974,
fold-001,evaluation,ridge,mae,parent,3,5,20,2000,42,-0.22475518593871438,-0.2548733908141622,-0.18830047925425195,
fold-001,evaluation,ridge,mae,initial_policy,3,5,20,2000,42,0.0,0.0,0.0,
fold-001,evaluation,ridge,mae,center,3,5,20,2000,42,-0.13761906422682021,-0.1592940143441202,-0.11107419371365727,
fold-001,evaluation,ridge,reinforce,zero,3,5,20,2000,42,0.05329039329042824,0.05236853678412496,0.05460935200238974,
fold-001,evaluation,ridge,reinforce,parent,3,5,20,2000,42,-0.22475518593871438,-0.2548733908141622,-0.18830047925425195,
fold-001,evaluation,ridge,reinforce,initial_policy,3,5,20,2000,42,0.0,0.0,0.0,
fold-001,evaluation,ridge,reinforce,center,3,5,20,2000,42,-0.15650392412455805,-0.1795402658148581,-0.12870634353827487,
fold-001,evaluation,ridge,ridge,zero,1,5,20,2000,42,0.27804557922914264,0.24213971725368325,0.30836528740360225,
fold-001,evaluation,rnn,expected,zero,3,5,20,2000,42,0.0003985040337019121,3.0774361591170275e-05,0.000718383314521541,
fold-001,evaluation,rnn,expected,parent,3,5,20,2000,42,4.420892200197946e-05,-9.01601914567159e-07,0.0001149586135990135,
fold-001,evaluation,rnn,expected,initial_policy,3,5,20,2000,42,0.0,0.0,0.0,
fold-001,evaluation,rnn,expected,center,3,5,20,2000,42,4.420892200197946e-05,-9.01601914567159e-07,0.0001149586135990135,
fold-001,evaluation,rnn,klpo_exact,zero,3,5,20,2000,42,0.0003985040337019121,3.0774361591170275e-05,0.000718383314521541,
fold-001,evaluation,rnn,klpo_exact,parent,3,5,20,2000,42,4.420892200197946e-05,-9.01601914567159e-07,0.0001149586135990135,
fold-001,evaluation,rnn,klpo_exact,initial_policy,3,5,20,2000,42,0.0,0.0,0.0,
fold-001,evaluation,rnn,klpo_exact,center,3,5,20,2000,42,4.420892200197946e-05,-9.01601914567159e-07,0.0001149586135990135,
fold-001,evaluation,rnn,klpo_full,zero,3,5,20,2000,42,0.0003985040337019121,3.0774361591170275e-05,0.000718383314521541,
fold-001,evaluation,rnn,klpo_full,parent,3,5,20,2000,42,4.420892200197946e-05,-9.01601914567159e-07,0.0001149586135990135,
fold-001,evaluation,rnn,klpo_full,initial_policy,3,5,20,2000,42,0.0,0.0,0.0,
fold-001,evaluation,rnn,klpo_full,center,3,5,20,2000,42,4.420892200197946e-05,-9.01601914567159e-07,0.0001149586135990135,
fold-001,evaluation,rnn,klpo_mc,zero,3,5,20,2000,42,0.0003985040337019121,3.0774361591170275e-05,0.000718383314521541,
fold-001,evaluation,rnn,klpo_mc,parent,3,5,20,2000,42,4.420892200197946e-05,-9.01601914567159e-07,0.0001149586135990135,
fold-001,evaluation,rnn,klpo_mc,initial_policy,3,5,20,2000,42,0.0,0.0,0.0,
fold-001,evaluation,rnn,klpo_mc,center,3,5,20,2000,42,4.420892200197946e-05,-9.01601914567159e-07,0.0001149586135990135,
fold-001,evaluation,rnn,mae,zero,3,5,20,2000,42,0.0003985040337019121,3.0774361591170275e-05,0.000718383314521541,
fold-001,evaluation,rnn,mae,parent,3,5,20,2000,42,4.420892200197946e-05,-9.01601914567159e-07,0.0001149586135990135,
fold-001,evaluation,rnn,mae,initial_policy,3,5,20,2000,42,0.0,0.0,0.0,
fold-001,evaluation,rnn,mae,center,3,5,20,2000,42,4.420892200197946e-05,-9.01601914567159e-07,0.0001149586135990135,
fold-001,evaluation,rnn,neural_mae,zero,3,5,20,2000,42,8.302655327280337e-06,2.7634891683241146e-06,2.05653016328089e-05,
fold-001,evaluation,rnn,neural_mae,parent,3,5,20,2000,42,-0.0003459924563726523,-0.0006064863514746245,-6.328862553951007e-07,
fold-001,evaluation,rnn,neural_mae,initial_policy,3,5,20,2000,42,-0.0003902013783746317,-0.0007069215316017516,-2.1951195180372516e-05,
fold-001,evaluation,rnn,neural_mae,center,3,5,20,2000,42,-1.774768058142471e-05,-8.789900821067863e-05,3.5888289409623144e-05,
fold-001,evaluation,rnn,neural_mse,zero,3,5,20,2000,42,4.247933138698083e-05,1.5475860937046518e-05,9.17450017477937e-05,
fold-001,evaluation,rnn,neural_mse,parent,3,5,20,2000,42,-0.00031181578031295174,-0.0005368725356657035,1.8563556345406733e-05,
fold-001,evaluation,rnn,neural_mse,initial_policy,3,5,20,2000,42,-0.00035602470231493123,-0.0006350916435823146,-7.5674454437859385e-06,
fold-001,evaluation,rnn,neural_mse,center,3,5,20,2000,42,-3.0249286173770693e-05,-0.00014369536214178553,7.035117738767279e-05,
fold-001,evaluation,rnn,reference,zero,3,5,20,2000,42,0.00043020504927267927,0.00020367558822903027,0.0006507766895518818,
fold-001,evaluation,rnn,reference_mae,zero,3,5,20,2000,42,0.0002583747359701194,0.00014461635745408838,0.0003836424289248709,
fold-001,evaluation,rnn,reference_mae,parent,3,5,20,2000,42,-0.00017183031330256002,-0.0002755404970359143,-5.3882462880906426e-05,
fold-001,evaluation,rnn,reference_mse,zero,3,5,20,2000,42,0.00036439301120208024,0.000131630531455339,0.0005765578358782935,
fold-001,evaluation,rnn,reference_mse,parent,3,5,20,2000,42,-6.581203807059918e-05,-0.00015549908677558723,-1.5269745083497818e-05,
fold-001,evaluation,rnn,reinforce,zero,3,5,20,2000,42,0.0003985040337019121,3.0774361591170275e-05,0.000718383314521541,
fold-001,evaluation,rnn,reinforce,parent,3,5,20,2000,42,4.420892200197946e-05,-9.01601914567159e-07,0.0001149586135990135,
fold-001,evaluation,rnn,reinforce,initial_policy,3,5,20,2000,42,0.0,0.0,0.0,
fold-001,evaluation,rnn,reinforce,center,3,5,20,2000,42,4.420892200197946e-05,-9.01601914567159e-07,0.0001149586135990135,
fold-001,evaluation,xgboost,expected,zero,3,5,20,2000,42,0.0,0.0,0.0,
fold-001,evaluation,xgboost,expected,parent,3,5,20,2000,42,8.277557515356474e-06,-3.249031181335692e-05,4.788108506410523e-05,
fold-001,evaluation,xgboost,expected,initial_policy,3,5,20,2000,42,0.0,0.0,0.0,
fold-001,evaluation,xgboost,expected,center,3,5,20,2000,42,8.277557515356474e-06,-3.249031181335692e-05,4.788108506410523e-05,
fold-001,evaluation,xgboost,klpo_exact,zero,3,5,20,2000,42,0.0,0.0,0.0,
fold-001,evaluation,xgboost,klpo_exact,parent,3,5,20,2000,42,8.277557515356474e-06,-3.249031181335692e-05,4.788108506410523e-05,
fold-001,evaluation,xgboost,klpo_exact,initial_policy,3,5,20,2000,42,0.0,0.0,0.0,
fold-001,evaluation,xgboost,klpo_exact,center,3,5,20,2000,42,8.277557515356474e-06,-3.249031181335692e-05,4.788108506410523e-05,
fold-001,evaluation,xgboost,klpo_full,zero,3,5,20,2000,42,0.0,0.0,0.0,
fold-001,evaluation,xgboost,klpo_full,parent,3,5,20,2000,42,8.277557515356474e-06,-3.249031181335692e-05,4.788108506410523e-05,
fold-001,evaluation,xgboost,klpo_full,initial_policy,3,5,20,2000,42,0.0,0.0,0.0,
fold-001,evaluation,xgboost,klpo_full,center,3,5,20,2000,42,8.277557515356474e-06,-3.249031181335692e-05,4.788108506410523e-05,
fold-001,evaluation,xgboost,klpo_mc,zero,3,5,20,2000,42,0.0,0.0,0.0,
fold-001,evaluation,xgboost,klpo_mc,parent,3,5,20,2000,42,8.277557515356474e-06,-3.249031181335692e-05,4.788108506410523e-05,
fold-001,evaluation,xgboost,klpo_mc,initial_policy,3,5,20,2000,42,0.0,0.0,0.0,
fold-001,evaluation,xgboost,klpo_mc,center,3,5,20,2000,42,8.277557515356474e-06,-3.249031181335692e-05,4.788108506410523e-05,
fold-001,evaluation,xgboost,mae,zero,3,5,20,2000,42,0.0,0.0,0.0,
fold-001,evaluation,xgboost,mae,parent,3,5,20,2000,42,8.277557515356474e-06,-3.249031181335692e-05,4.788108506410523e-05,
fold-001,evaluation,xgboost,mae,initial_policy,3,5,20,2000,42,0.0,0.0,0.0,
fold-001,evaluation,xgboost,mae,center,3,5,20,2000,42,8.277557515356474e-06,-3.249031181335693e-05,4.788108506410523e-05,
fold-001,evaluation,xgboost,reinforce,zero,3,5,20,2000,42,0.0,0.0,0.0,
fold-001,evaluation,xgboost,reinforce,parent,3,5,20,2000,42,8.277557515356474e-06,-3.249031181335693e-05,4.788108506410523e-05,
fold-001,evaluation,xgboost,reinforce,initial_policy,3,5,20,2000,42,0.0,0.0,0.0,
fold-001,evaluation,xgboost,reinforce,center,3,5,20,2000,42,8.277557515356474e-06,-3.249031181335693e-05,4.788108506410522e-05,
fold-001,evaluation,xgboost,xgboost,zero,3,5,20,2000,42,-8.277557515356474e-06,-4.788108506410523e-05,3.249031181335691e-05,
fold-001,evaluation,dlinear,expected,zero,3,10,20,2000,42,0.0006228074368078554,0.0005157025754075564,0.0008116526053482622,
fold-001,evaluation,dlinear,expected,parent,3,10,20,2000,42,0.00013982012820390103,0.00014125035820659846,0.00018738934615926284,
fold-001,evaluation,dlinear,expected,initial_policy,3,10,20,2000,42,0.0,0.0,0.0,
fold-001,evaluation,dlinear,expected,center,3,10,20,2000,42,0.00013982012820390103,0.00014125035820659846,0.00018738934615926284,
fold-001,evaluation,dlinear,klpo_exact,zero,3,10,20,2000,42,0.0006228074368078554,0.0005157025754075564,0.0008116526053482622,
fold-001,evaluation,dlinear,klpo_exact,parent,3,10,20,2000,42,0.00013982012820390103,0.00014125035820659846,0.00018738934615926284,
fold-001,evaluation,dlinear,klpo_exact,initial_policy,3,10,20,2000,42,0.0,0.0,0.0,
fold-001,evaluation,dlinear,klpo_exact,center,3,10,20,2000,42,0.00013982012820390103,0.00014125035820659846,0.00018738934615926284,
fold-001,evaluation,dlinear,klpo_full,zero,3,10,20,2000,42,0.0006228074368078554,0.0005157025754075564,0.0008116526053482622,
fold-001,evaluation,dlinear,klpo_full,parent,3,10,20,2000,42,0.00013982012820390103,0.00014125035820659846,0.00018738934615926284,
fold-001,evaluation,dlinear,klpo_full,initial_policy,3,10,20,2000,42,0.0,0.0,0.0,
fold-001,evaluation,dlinear,klpo_full,center,3,10,20,2000,42,0.00013982012820390103,0.00014125035820659846,0.00018738934615926284,
fold-001,evaluation,dlinear,klpo_mc,zero,3,10,20,2000,42,0.0006228074368078554,0.0005157025754075564,0.0008116526053482622,
fold-001,evaluation,dlinear,klpo_mc,parent,3,10,20,2000,42,0.00013982012820390103,0.00014125035820659846,0.00018738934615926284,
fold-001,evaluation,dlinear,klpo_mc,initial_policy,3,10,20,2000,42,0.0,0.0,0.0,
fold-001,evaluation,dlinear,klpo_mc,center,3,10,20,2000,42,0.00013982012820390103,0.00014125035820659846,0.00018738934615926284,
fold-001,evaluation,dlinear,mae,zero,3,10,20,2000,42,0.0006228074368078554,0.0005157025754075564,0.0008116526053482622,
fold-001,evaluation,dlinear,mae,parent,3,10,20,2000,42,0.00013982012820390103,0.00014125035820659846,0.00018738934615926284,
fold-001,evaluation,dlinear,mae,initial_policy,3,10,20,2000,42,0.0,0.0,0.0,
fold-001,evaluation,dlinear,mae,center,3,10,20,2000,42,0.00013982012820390103,0.00014125035820659846,0.00018738934615926284,
fold-001,evaluation,dlinear,neural_mae,zero,3,10,20,2000,42,2.497675125840773e-05,8.589543444965583e-06,4.059065777116009e-05,
fold-001,evaluation,dlinear,neural_mae,parent,3,10,20,2000,42,-0.00045801055734554663,-0.0006313071256504727,-0.00033302383288826313,
fold-001,evaluation,dlinear,neural_mae,initial_policy,3,10,20,2000,42,-0.0005978306855494477,-0.0007977414923384914,-0.00047511191763639624,
fold-001,evaluation,dlinear,neural_mae,center,3,10,20,2000,42,-8.617372924045038e-05,-0.00018982052200523878,-4.2111016615099545e-05,
fold-001,evaluation,dlinear,neural_mse,zero,3,10,20,2000,42,1.7811568656597894e-05,-2.8834443904003117e-06,4.090424479503367e-05,
fold-001,evaluation,dlinear,neural_mse,parent,3,10,20,2000,42,-0.0004651757399473565,-0.000624873663405952,-0.00034495806806315773,
fold-001,evaluation,dlinear,neural_mse,initial_policy,3,10,20,2000,42,-0.0006049958681512575,-0.0007840357780888659,-0.00048704615281129084,
fold-001,evaluation,dlinear,neural_mse,center,3,10,20,2000,42,-6.18336687762718e-05,-0.00014156085810487253,-3.503024850690608e-05,
fold-001,evaluation,dlinear,reference,zero,3,10,20,2000,42,0.000502484135847482,0.0003374047684612902,0.0007139237922777903,
fold-001,evaluation,dlinear,reference_mae,zero,3,10,20,2000,42,0.00024106684581579087,0.00017065759456063312,0.00035442666249009764,
fold-001,evaluation,dlinear,reference_mae,parent,3,10,20,2000,42,-0.00026141729003169154,-0.00037502795122717233,-0.00016043166957885804,
fold-001,evaluation,dlinear,reference_mse,zero,3,10,20,2000,42,0.0005024841358474824,0.0003374047684612907,0.0007139237922777908,
fold-001,evaluation,dlinear,reference_mse,parent,3,10,20,2000,42,0.0,0.0,0.0,
fold-001,evaluation,dlinear,reinforce,zero,3,10,20,2000,42,0.0006228074368078554,0.0005157025754075564,0.0008116526053482622,
fold-001,evaluation,dlinear,reinforce,parent,3,10,20,2000,42,0.00013982012820390103,0.00014125035820659846,0.00018738934615926284,
fold-001,evaluation,dlinear,reinforce,initial_policy,3,10,20,2000,42,0.0,0.0,0.0,
fold-001,evaluation,dlinear,reinforce,center,3,10,20,2000,42,0.00013982012820390103,0.00014125035820659846,0.00018738934615926284,
fold-001,evaluation,gru,expected,zero,3,10,20,2000,42,0.0003515631872764382,0.00010580715871647535,0.0004670214029114728,
fold-001,evaluation,gru,expected,parent,3,10,20,2000,42,2.429131505495936e-05,-5.660872908242605e-06,6.0801085525988204e-05,
fold-001,evaluation,gru,expected,initial_policy,3,10,20,2000,42,0.0,0.0,0.0,
fold-001,evaluation,gru,expected,center,3,10,20,2000,42,2.429131505495936e-05,-5.660872908242605e-06,6.0801085525988204e-05,
fold-001,evaluation,gru,klpo_exact,zero,3,10,20,2000,42,0.0003515631872764382,0.00010580715871647535,0.0004670214029114728,
fold-001,evaluation,gru,klpo_exact,parent,3,10,20,2000,42,2.429131505495936e-05,-5.660872908242605e-06,6.0801085525988204e-05,
fold-001,evaluation,gru,klpo_exact,initial_policy,3,10,20,2000,42,0.0,0.0,0.0,
fold-001,evaluation,gru,klpo_exact,center,3,10,20,2000,42,2.429131505495936e-05,-5.660872908242605e-06,6.0801085525988204e-05,
fold-001,evaluation,gru,klpo_full,zero,3,10,20,2000,42,0.0003515631872764382,0.00010580715871647535,0.0004670214029114728,
fold-001,evaluation,gru,klpo_full,parent,3,10,20,2000,42,2.429131505495936e-05,-5.660872908242605e-06,6.0801085525988204e-05,
fold-001,evaluation,gru,klpo_full,initial_policy,3,10,20,2000,42,0.0,0.0,0.0,
fold-001,evaluation,gru,klpo_full,center,3,10,20,2000,42,2.429131505495936e-05,-5.660872908242605e-06,6.0801085525988204e-05,
fold-001,evaluation,gru,klpo_mc,zero,3,10,20,2000,42,0.0003515631872764382,0.00010580715871647535,0.0004670214029114728,
fold-001,evaluation,gru,klpo_mc,parent,3,10,20,2000,42,2.429131505495936e-05,-5.660872908242605e-06,6.0801085525988204e-05,
fold-001,evaluation,gru,klpo_mc,initial_policy,3,10,20,2000,42,0.0,0.0,0.0,
fold-001,evaluation,gru,klpo_mc,center,3,10,20,2000,42,2.429131505495936e-05,-5.660872908242605e-06,6.0801085525988204e-05,
fold-001,evaluation,gru,mae,zero,3,10,20,2000,42,0.00039181026672698406,0.0001870037430513614,0.00048074438890460347,
fold-001,evaluation,gru,mae,parent,3,10,20,2000,42,6.453839450550518e-05,2.087904978074851e-06,0.00013415314074345173,
fold-001,evaluation,gru,mae,initial_policy,3,10,20,2000,42,4.024707945054582e-05,-1.8829850686709164e-05,9.79567611217651e-05,
fold-001,evaluation,gru,mae,center,3,10,20,2000,42,4.9025102517736595e-05,3.035643916161346e-05,7.005119587042993e-05,
fold-001,evaluation,gru,neural_mae,zero,3,10,20,2000,42,2.1945185529438813e-06,7.450794692916801e-07,3.9061239914092025e-06,
fold-001,evaluation,gru,neural_mae,parent,3,10,20,2000,42,-0.000325077353668535,-0.00042978881981243973,-6.387089247425509e-05,
fold-001,evaluation,gru,neural_mae,initial_policy,3,10,20,2000,42,-0.00034936866872349435,-0.00046391179684112575,-0.00010458073681057137,
fold-001,evaluation,gru,neural_mae,center,3,10,20,2000,42,-2.4238368397125428e-05,-5.203856533735245e-05,-3.4504943518105095e-06,
fold-001,evaluation,gru,neural_mse,zero,3,10,20,2000,42,1.8607358582740324e-05,5.333612293307449e-06,3.024683501807726e-05,
fold-001,evaluation,gru,neural_mse,parent,3,10,20,2000,42,-0.0003086645136387386,-0.00042329037902308196,-4.789676945496768e-05,
fold-001,evaluation,gru,neural_mse,initial_policy,3,10,20,2000,42,-0.00033295582869369793,-0.0004601735970596031,-8.860661379128398e-05,
fold-001,evaluation,gru,neural_mse,center,3,10,20,2000,42,-6.076067447385305e-05,-0.00010290199471315623,-9.549949823872958e-06,
fold-001,evaluation,gru,reference,zero,3,10,20,2000,42,0.00045953838796338966,0.0002764376428136051,0.0006014616740585027,
fold-001,evaluation,gru,reference_mae,zero,3,10,20,2000,42,0.00022852451810183132,9.200706019460019e-05,0.0003606310621022764,
fold-001,evaluation,gru,reference_mae,parent,3,10,20,2000,42,-0.0002310138698615579,-0.00028227856085101706,-0.00013545902792910252,
fold-001,evaluation,gru,reference_mse,zero,3,10,20,2000,42,0.0003401574133068294,0.0001789117107694145,0.0004666799112067642,
fold-001,evaluation,gru,reference_mse,parent,3,10,20,2000,42,-0.0001193809746565598,-0.0001797777578864137,-7.73657535052672e-05,
fold-001,evaluation,gru,reinforce,zero,3,10,20,2000,42,0.0003515631872764382,0.00010580715871647535,0.0004670214029114728,
fold-001,evaluation,gru,reinforce,parent,3,10,20,2000,42,2.429131505495936e-05,-5.660872908242605e-06,6.0801085525988204e-05,
fold-001,evaluation,gru,reinforce,initial_policy,3,10,20,2000,42,0.0,0.0,0.0,
fold-001,evaluation,gru,reinforce,center,3,10,20,2000,42,2.429131505495936e-05,-5.660872908242605e-06,6.0801085525988204e-05,
fold-001,evaluation,lstm,expected,zero,3,10,20,2000,42,0.0014298972486208416,0.0012945749169973458,0.0019629827895678536,
fold-001,evaluation,lstm,expected,parent,3,10,20,2000,42,9.04945249491973e-05,2.0048061690008514e-05,0.00011777923579258579,
fold-001,evaluation,lstm,expected,initial_policy,3,10,20,2000,42,0.0,0.0,0.0,
fold-001,evaluation,lstm,expected,center,3,10,20,2000,42,9.04945249491973e-05,2.0048061690008514e-05,0.00011777923579258579,
fold-001,evaluation,lstm,klpo_exact,zero,3,10,20,2000,42,0.0014298972486208416,0.0012945749169973458,0.0019629827895678536,
fold-001,evaluation,lstm,klpo_exact,parent,3,10,20,2000,42,9.04945249491973e-05,2.0048061690008514e-05,0.00011777923579258579,
fold-001,evaluation,lstm,klpo_exact,initial_policy,3,10,20,2000,42,0.0,0.0,0.0,
fold-001,evaluation,lstm,klpo_exact,center,3,10,20,2000,42,9.04945249491973e-05,2.0048061690008514e-05,0.00011777923579258579,
fold-001,evaluation,lstm,klpo_full,zero,3,10,20,2000,42,0.0014298972486208416,0.0012945749169973458,0.0019629827895678536,
fold-001,evaluation,lstm,klpo_full,parent,3,10,20,2000,42,9.04945249491973e-05,2.0048061690008514e-05,0.00011777923579258579,
fold-001,evaluation,lstm,klpo_full,initial_policy,3,10,20,2000,42,0.0,0.0,0.0,
fold-001,evaluation,lstm,klpo_full,center,3,10,20,2000,42,9.04945249491973e-05,2.0048061690008514e-05,0.00011777923579258579,
fold-001,evaluation,lstm,klpo_mc,zero,3,10,20,2000,42,0.0014298972486208416,0.0012945749169973458,0.0019629827895678536,
fold-001,evaluation,lstm,klpo_mc,parent,3,10,20,2000,42,9.04945249491973e-05,2.0048061690008514e-05,0.00011777923579258579,
fold-001,evaluation,lstm,klpo_mc,initial_policy,3,10,20,2000,42,0.0,0.0,0.0,
fold-001,evaluation,lstm,klpo_mc,center,3,10,20,2000,42,9.04945249491973e-05,2.0048061690008514e-05,0.00011777923579258579,
fold-001,evaluation,lstm,mae,zero,3,10,20,2000,42,0.0014298972486208416,0.0012945749169973458,0.0019629827895678536,
fold-001,evaluation,lstm,mae,parent,3,10,20,2000,42,9.04945249491973e-05,2.0048061690008514e-05,0.00011777923579258579,
fold-001,evaluation,lstm,mae,initial_policy,3,10,20,2000,42,0.0,0.0,0.0,
fold-001,evaluation,lstm,mae,center,3,10,20,2000,42,9.04945249491973e-05,2.0048061690008514e-05,0.00011777923579258579,
fold-001,evaluation,lstm,neural_mae,zero,3,10,20,2000,42,4.3446758139214714e-05,3.989511749598867e-05,4.780870595800357e-05,
fold-001,evaluation,lstm,neural_mae,parent,3,10,20,2000,42,-0.0012959559655324295,-0.0018881870845706484,-0.0011632827982594512,
fold-001,evaluation,lstm,neural_mae,initial_policy,3,10,20,2000,42,-0.0013864504904816271,-0.0019169460728235008,-0.0012507884560230464,
fold-001,evaluation,lstm,neural_mae,center,3,10,20,2000,42,-1.5137680010908483e-05,-4.49291024860259e-05,4.2335123029896286e-06,
fold-001,evaluation,lstm,neural_mse,zero,3,10,20,2000,42,0.0005613164659329526,0.0005112043841975012,0.0007539177183034213,
fold-001,evaluation,lstm,neural_mse,parent,3,10,20,2000,42,-0.0007780862577386918,-0.001179942657699526,-0.0006958648750362494,
fold-001,evaluation,lstm,neural_mse,initial_policy,3,10,20,2000,42,-0.0008685807826878892,-0.0012307123111970559,-0.0007833705327998446,
fold-001,evaluation,lstm,neural_mse,center,3,10,20,2000,42,1.986147171525168e-05,5.5371056256636735e-06,2.805792132581356e-05,
fold-001,evaluation,lstm,reference,zero,3,10,20,2000,42,0.0007265261442610264,0.0006340093198027796,0.0009596487329731838,
fold-001,evaluation,lstm,reference_mae,zero,3,10,20,2000,42,0.00072717823229376,0.0006457079669865119,0.0009467304264724028,
fold-001,evaluation,lstm,reference_mae,parent,3,10,20,2000,42,6.520880327333042e-07,-1.289396955953641e-05,1.3390307200831802e-05,
fold-001,evaluation,lstm,reference_mse,zero,3,10,20,2000,42,0.0007265261442610266,0.0006340093198027791,0.0009596487329731838,
fold-001,evaluation,lstm,reference_mse,parent,3,10,20,2000,42,0.0,0.0,0.0,
fold-001,evaluation,lstm,reinforce,zero,3,10,20,2000,42,0.0014298972486208416,0.0012945749169973458,0.0019629827895678536,
fold-001,evaluation,lstm,reinforce,parent,3,10,20,2000,42,9.04945249491973e-05,2.0048061690008514e-05,0.00011777923579258579,
fold-001,evaluation,lstm,reinforce,initial_policy,3,10,20,2000,42,0.0,0.0,0.0,
fold-001,evaluation,lstm,reinforce,center,3,10,20,2000,42,9.04945249491973e-05,2.0048061690008514e-05,0.00011777923579258579,
fold-001,evaluation,ridge,expected,zero,3,10,20,2000,42,0.05329039329042824,0.05267920210145196,0.05446930872005133,
fold-001,evaluation,ridge,expected,parent,3,10,20,2000,42,-0.22475518593871438,-0.24383426509745246,-0.18896716536351213,
fold-001,evaluation,ridge,expected,initial_policy,3,10,20,2000,42,0.0,0.0,0.0,
fold-001,evaluation,ridge,expected,center,3,10,20,2000,42,-0.15104157991922407,-0.16570550066369338,-0.12393607286354463,
fold-001,evaluation,ridge,klpo_exact,zero,3,10,20,2000,42,0.006782845877300601,0.006586980064539837,0.008178838568606257,
fold-001,evaluation,ridge,klpo_exact,parent,3,10,20,2000,42,-0.27126273335184203,-0.289496830861077,-0.23604108814210176,
fold-001,evaluation,ridge,klpo_exact,initial_policy,3,10,20,2000,42,-0.046507547413127646,-0.04727169265642238,-0.0452895881936294,
fold-001,evaluation,ridge,klpo_exact,center,3,10,20,2000,42,3.905601241077899e-05,3.229594843077808e-05,4.472393735996863e-05,
fold-001,evaluation,ridge,klpo_full,zero,3,10,20,2000,42,0.03925171280942504,0.0370066653493246,0.041331933025346254,
fold-001,evaluation,ridge,klpo_full,parent,3,10,20,2000,42,-0.23879386641971748,-0.2559250929367529,-0.20580077964303375,
fold-001,evaluation,ridge,klpo_full,initial_policy,3,10,20,2000,42,-0.014038680481003202,-0.016833614279521614,-0.012090827839300477,
fold-001,evaluation,ridge,klpo_full,center,3,10,20,2000,42,-0.005659237180765112,-0.006958641348241348,-0.0035494362587825145,
fold-001,evaluation,ridge,klpo_mc,zero,3,10,20,2000,42,0.0391904047998615,0.03689249267538369,0.0413073851063724,
fold-001,evaluation,ridge,klpo_mc,parent,3,10,20,2000,42,-0.23885517442928106,-0.25594964085572675,-0.20590469282488677,
fold-001,evaluation,ridge,klpo_mc,initial_policy,3,10,20,2000,42,-0.014099988490566737,-0.016937527461374672,-0.012115375758274328,
fold-001,evaluation,ridge,klpo_mc,center,3,10,20,2000,42,-0.005833657722833669,-0.007177066351392094,-0.0036776262781296138,
fold-001,evaluation,ridge,mae,zero,3,10,20,2000,42,0.05329039329042824,0.05267920210145196,0.05446930872005133,
fold-001,evaluation,ridge,mae,parent,3,10,20,2000,42,-0.22475518593871438,-0.24383426509745246,-0.18896716536351213,
fold-001,evaluation,ridge,mae,initial_policy,3,10,20,2000,42,0.0,0.0,0.0,
fold-001,evaluation,ridge,mae,center,3,10,20,2000,42,-0.13761906422682021,-0.1523202734735598,-0.11196298020342083,
fold-001,evaluation,ridge,reinforce,zero,3,10,20,2000,42,0.05329039329042824,0.05267920210145196,0.05446930872005133,
fold-001,evaluation,ridge,reinforce,parent,3,10,20,2000,42,-0.22475518593871438,-0.24383426509745246,-0.18896716536351213,
fold-001,evaluation,ridge,reinforce,initial_policy,3,10,20,2000,42,0.0,0.0,0.0,
fold-001,evaluation,ridge,reinforce,center,3,10,20,2000,42,-0.15650392412455805,-0.17133947495893512,-0.12922055600452942,
fold-001,evaluation,ridge,ridge,zero,1,10,20,2000,42,0.27804557922914264,0.2430969367759662,0.2972570259620992,
fold-001,evaluation,rnn,expected,zero,3,10,20,2000,42,0.0003985040337019121,0.000181319657982943,0.0005596757357958965,
fold-001,evaluation,rnn,expected,parent,3,10,20,2000,42,4.420892200197946e-05,6.074154120730424e-06,9.199994999931844e-05,
fold-001,evaluation,rnn,expected,initial_policy,3,10,20,2000,42,0.0,0.0,0.0,
fold-001,evaluation,rnn,expected,center,3,10,20,2000,42,4.420892200197946e-05,6.074154120730424e-06,9.199994999931844e-05,
fold-001,evaluation,rnn,klpo_exact,zero,3,10,20,2000,42,0.0003985040337019121,0.000181319657982943,0.0005596757357958965,
fold-001,evaluation,rnn,klpo_exact,parent,3,10,20,2000,42,4.420892200197946e-05,6.074154120730424e-06,9.199994999931844e-05,
fold-001,evaluation,rnn,klpo_exact,initial_policy,3,10,20,2000,42,0.0,0.0,0.0,
fold-001,evaluation,rnn,klpo_exact,center,3,10,20,2000,42,4.420892200197946e-05,6.074154120730424e-06,9.199994999931844e-05,
fold-001,evaluation,rnn,klpo_full,zero,3,10,20,2000,42,0.0003985040337019121,0.000181319657982943,0.0005596757357958965,
fold-001,evaluation,rnn,klpo_full,parent,3,10,20,2000,42,4.420892200197946e-05,6.074154120730424e-06,9.199994999931844e-05,
fold-001,evaluation,rnn,klpo_full,initial_policy,3,10,20,2000,42,0.0,0.0,0.0,
fold-001,evaluation,rnn,klpo_full,center,3,10,20,2000,42,4.420892200197946e-05,6.074154120730424e-06,9.199994999931844e-05,
fold-001,evaluation,rnn,klpo_mc,zero,3,10,20,2000,42,0.0003985040337019121,0.000181319657982943,0.0005596757357958965,
fold-001,evaluation,rnn,klpo_mc,parent,3,10,20,2000,42,4.420892200197946e-05,6.074154120730424e-06,9.199994999931844e-05,
fold-001,evaluation,rnn,klpo_mc,initial_policy,3,10,20,2000,42,0.0,0.0,0.0,
fold-001,evaluation,rnn,klpo_mc,center,3,10,20,2000,42,4.420892200197946e-05,6.074154120730424e-06,9.199994999931844e-05,
fold-001,evaluation,rnn,mae,zero,3,10,20,2000,42,0.0003985040337019121,0.000181319657982943,0.0005596757357958965,
fold-001,evaluation,rnn,mae,parent,3,10,20,2000,42,4.420892200197946e-05,6.074154120730424e-06,9.199994999931844e-05,
fold-001,evaluation,rnn,mae,initial_policy,3,10,20,2000,42,0.0,0.0,0.0,
fold-001,evaluation,rnn,mae,center,3,10,20,2000,42,4.420892200197946e-05,6.074154120730424e-06,9.199994999931844e-05,
fold-001,evaluation,rnn,neural_mae,zero,3,10,20,2000,42,8.302655327280337e-06,3.652307920980983e-06,1.4229362140396467e-05,
fold-001,evaluation,rnn,neural_mae,parent,3,10,20,2000,42,-0.0003459924563726523,-0.00047302721496778153,-0.00012443685376001788,
fold-001,evaluation,rnn,neural_mae,initial_policy,3,10,20,2000,42,-0.0003902013783746317,-0.0005546916403890923,-0.0001678847113090906,
fold-001,evaluation,rnn,neural_mae,center,3,10,20,2000,42,-1.774768058142471e-05,-8.048844686672202e-05,2.67631058572658e-05,
fold-001,evaluation,rnn,neural_mse,zero,3,10,20,2000,42,4.247933138698083e-05,3.0040337532556782e-05,5.6697488757083765e-05,
fold-001,evaluation,rnn,neural_mse,parent,3,10,20,2000,42,-0.00031181578031295174,-0.00042304414394304766,-9.602160959650101e-05,
fold-001,evaluation,rnn,neural_mse,initial_policy,3,10,20,2000,42,-0.00035602470231493123,-0.0005047085693643584,-0.00014576609731365336,
fold-001,evaluation,rnn,neural_mse,center,3,10,20,2000,42,-3.0249286173770693e-05,-0.00010174300476340197,6.283966765553151e-05,
fold-001,evaluation,rnn,reference,zero,3,10,20,2000,42,0.00043020504927267927,0.00033006175560172137,0.00048088882526100115,
fold-001,evaluation,rnn,reference_mae,zero,3,10,20,2000,42,0.0002583747359701194,0.00019726714260817572,0.0002970642591430356,
fold-001,evaluation,rnn,reference_mae,parent,3,10,20,2000,42,-0.00017183031330256002,-0.000198514599656752,-0.00011632477413139764,
fold-001,evaluation,rnn,reference_mse,zero,3,10,20,2000,42,0.00036439301120208024,0.0001982182200919405,0.0003720392928966405,
fold-001,evaluation,rnn,reference_mse,parent,3,10,20,2000,42,-6.581203807059918e-05,-0.00013978301505847428,-4.431369633668865e-05,
fold-001,evaluation,rnn,reinforce,zero,3,10,20,2000,42,0.0003985040337019121,0.000181319657982943,0.0005596757357958965,
fold-001,evaluation,rnn,reinforce,parent,3,10,20,2000,42,4.420892200197946e-05,6.074154120730424e-06,9.199994999931844e-05,
fold-001,evaluation,rnn,reinforce,initial_policy,3,10,20,2000,42,0.0,0.0,0.0,
fold-001,evaluation,rnn,reinforce,center,3,10,20,2000,42,4.420892200197946e-05,6.074154120730424e-06,9.199994999931844e-05,
fold-001,evaluation,xgboost,expected,zero,3,10,20,2000,42,0.0,0.0,0.0,
fold-001,evaluation,xgboost,expected,parent,3,10,20,2000,42,8.277557515356474e-06,-1.500295810900184e-05,5.388698111671187e-05,
fold-001,evaluation,xgboost,expected,initial_policy,3,10,20,2000,42,0.0,0.0,0.0,
fold-001,evaluation,xgboost,expected,center,3,10,20,2000,42,8.277557515356474e-06,-1.500295810900184e-05,5.388698111671187e-05,
fold-001,evaluation,xgboost,klpo_exact,zero,3,10,20,2000,42,0.0,0.0,0.0,
fold-001,evaluation,xgboost,klpo_exact,parent,3,10,20,2000,42,8.277557515356474e-06,-1.500295810900184e-05,5.388698111671187e-05,
fold-001,evaluation,xgboost,klpo_exact,initial_policy,3,10,20,2000,42,0.0,0.0,0.0,
fold-001,evaluation,xgboost,klpo_exact,center,3,10,20,2000,42,8.277557515356474e-06,-1.500295810900184e-05,5.388698111671187e-05,
fold-001,evaluation,xgboost,klpo_full,zero,3,10,20,2000,42,0.0,0.0,0.0,
fold-001,evaluation,xgboost,klpo_full,parent,3,10,20,2000,42,8.277557515356474e-06,-1.500295810900184e-05,5.388698111671187e-05,
fold-001,evaluation,xgboost,klpo_full,initial_policy,3,10,20,2000,42,0.0,0.0,0.0,
fold-001,evaluation,xgboost,klpo_full,center,3,10,20,2000,42,8.277557515356474e-06,-1.500295810900184e-05,5.388698111671187e-05,
fold-001,evaluation,xgboost,klpo_mc,zero,3,10,20,2000,42,0.0,0.0,0.0,
fold-001,evaluation,xgboost,klpo_mc,parent,3,10,20,2000,42,8.277557515356474e-06,-1.500295810900184e-05,5.388698111671187e-05,
fold-001,evaluation,xgboost,klpo_mc,initial_policy,3,10,20,2000,42,0.0,0.0,0.0,
fold-001,evaluation,xgboost,klpo_mc,center,3,10,20,2000,42,8.277557515356474e-06,-1.500295810900184e-05,5.388698111671187e-05,
fold-001,evaluation,xgboost,mae,zero,3,10,20,2000,42,0.0,0.0,0.0,
fold-001,evaluation,xgboost,mae,parent,3,10,20,2000,42,8.277557515356474e-06,-1.500295810900184e-05,5.388698111671187e-05,
fold-001,evaluation,xgboost,mae,initial_policy,3,10,20,2000,42,0.0,0.0,0.0,
fold-001,evaluation,xgboost,mae,center,3,10,20,2000,42,8.277557515356474e-06,-1.5002958109001836e-05,5.388698111671186e-05,
fold-001,evaluation,xgboost,reinforce,zero,3,10,20,2000,42,0.0,0.0,0.0,
fold-001,evaluation,xgboost,reinforce,parent,3,10,20,2000,42,8.277557515356474e-06,-1.5002958109001836e-05,5.388698111671186e-05,
fold-001,evaluation,xgboost,reinforce,initial_policy,3,10,20,2000,42,0.0,0.0,0.0,
fold-001,evaluation,xgboost,reinforce,center,3,10,20,2000,42,8.277557515356474e-06,-1.500295810900184e-05,5.388698111671187e-05,
fold-001,evaluation,xgboost,xgboost,zero,3,10,20,2000,42,-8.277557515356474e-06,-5.388698111671187e-05,1.500295810900184e-05,
fold-001,evaluation,dlinear,expected,zero,3,20,20,2000,42,0.0006228074368078554,,,Se necesitan más sesiones que la longitud del bloque
fold-001,evaluation,dlinear,expected,parent,3,20,20,2000,42,0.00013982012820390103,,,Se necesitan más sesiones que la longitud del bloque
fold-001,evaluation,dlinear,expected,initial_policy,3,20,20,2000,42,0.0,,,Se necesitan más sesiones que la longitud del bloque
fold-001,evaluation,dlinear,expected,center,3,20,20,2000,42,0.00013982012820390103,,,Se necesitan más sesiones que la longitud del bloque
fold-001,evaluation,dlinear,klpo_exact,zero,3,20,20,2000,42,0.0006228074368078554,,,Se necesitan más sesiones que la longitud del bloque
fold-001,evaluation,dlinear,klpo_exact,parent,3,20,20,2000,42,0.00013982012820390103,,,Se necesitan más sesiones que la longitud del bloque
fold-001,evaluation,dlinear,klpo_exact,initial_policy,3,20,20,2000,42,0.0,,,Se necesitan más sesiones que la longitud del bloque
fold-001,evaluation,dlinear,klpo_exact,center,3,20,20,2000,42,0.00013982012820390103,,,Se necesitan más sesiones que la longitud del bloque
fold-001,evaluation,dlinear,klpo_full,zero,3,20,20,2000,42,0.0006228074368078554,,,Se necesitan más sesiones que la longitud del bloque
fold-001,evaluation,dlinear,klpo_full,parent,3,20,20,2000,42,0.00013982012820390103,,,Se necesitan más sesiones que la longitud del bloque
fold-001,evaluation,dlinear,klpo_full,initial_policy,3,20,20,2000,42,0.0,,,Se necesitan más sesiones que la longitud del bloque
fold-001,evaluation,dlinear,klpo_full,center,3,20,20,2000,42,0.00013982012820390103,,,Se necesitan más sesiones que la longitud del bloque
fold-001,evaluation,dlinear,klpo_mc,zero,3,20,20,2000,42,0.0006228074368078554,,,Se necesitan más sesiones que la longitud del bloque
fold-001,evaluation,dlinear,klpo_mc,parent,3,20,20,2000,42,0.00013982012820390103,,,Se necesitan más sesiones que la longitud del bloque
fold-001,evaluation,dlinear,klpo_mc,initial_policy,3,20,20,2000,42,0.0,,,Se necesitan más sesiones que la longitud del bloque
fold-001,evaluation,dlinear,klpo_mc,center,3,20,20,2000,42,0.00013982012820390103,,,Se necesitan más sesiones que la longitud del bloque
fold-001,evaluation,dlinear,mae,zero,3,20,20,2000,42,0.0006228074368078554,,,Se necesitan más sesiones que la longitud del bloque
fold-001,evaluation,dlinear,mae,parent,3,20,20,2000,42,0.00013982012820390103,,,Se necesitan más sesiones que la longitud del bloque
fold-001,evaluation,dlinear,mae,initial_policy,3,20,20,2000,42,0.0,,,Se necesitan más sesiones que la longitud del bloque
fold-001,evaluation,dlinear,mae,center,3,20,20,2000,42,0.00013982012820390103,,,Se necesitan más sesiones que la longitud del bloque
fold-001,evaluation,dlinear,neural_mae,zero,3,20,20,2000,42,2.497675125840773e-05,,,Se necesitan más sesiones que la longitud del bloque
fold-001,evaluation,dlinear,neural_mae,parent,3,20,20,2000,42,-0.00045801055734554663,,,Se necesitan más sesiones que la longitud del bloque
fold-001,evaluation,dlinear,neural_mae,initial_policy,3,20,20,2000,42,-0.0005978306855494477,,,Se necesitan más sesiones que la longitud del bloque
fold-001,evaluation,dlinear,neural_mae,center,3,20,20,2000,42,-8.617372924045038e-05,,,Se necesitan más sesiones que la longitud del bloque
fold-001,evaluation,dlinear,neural_mse,zero,3,20,20,2000,42,1.7811568656597894e-05,,,Se necesitan más sesiones que la longitud del bloque
fold-001,evaluation,dlinear,neural_mse,parent,3,20,20,2000,42,-0.0004651757399473565,,,Se necesitan más sesiones que la longitud del bloque
fold-001,evaluation,dlinear,neural_mse,initial_policy,3,20,20,2000,42,-0.0006049958681512575,,,Se necesitan más sesiones que la longitud del bloque
fold-001,evaluation,dlinear,neural_mse,center,3,20,20,2000,42,-6.18336687762718e-05,,,Se necesitan más sesiones que la longitud del bloque
fold-001,evaluation,dlinear,reference,zero,3,20,20,2000,42,0.000502484135847482,,,Se necesitan más sesiones que la longitud del bloque
fold-001,evaluation,dlinear,reference_mae,zero,3,20,20,2000,42,0.00024106684581579087,,,Se necesitan más sesiones que la longitud del bloque
fold-001,evaluation,dlinear,reference_mae,parent,3,20,20,2000,42,-0.00026141729003169154,,,Se necesitan más sesiones que la longitud del bloque
fold-001,evaluation,dlinear,reference_mse,zero,3,20,20,2000,42,0.0005024841358474824,,,Se necesitan más sesiones que la longitud del bloque
fold-001,evaluation,dlinear,reference_mse,parent,3,20,20,2000,42,0.0,,,Se necesitan más sesiones que la longitud del bloque
fold-001,evaluation,dlinear,reinforce,zero,3,20,20,2000,42,0.0006228074368078554,,,Se necesitan más sesiones que la longitud del bloque
fold-001,evaluation,dlinear,reinforce,parent,3,20,20,2000,42,0.00013982012820390103,,,Se necesitan más sesiones que la longitud del bloque
fold-001,evaluation,dlinear,reinforce,initial_policy,3,20,20,2000,42,0.0,,,Se necesitan más sesiones que la longitud del bloque
fold-001,evaluation,dlinear,reinforce,center,3,20,20,2000,42,0.00013982012820390103,,,Se necesitan más sesiones que la longitud del bloque
fold-001,evaluation,gru,expected,zero,3,20,20,2000,42,0.0003515631872764382,,,Se necesitan más sesiones que la longitud del bloque
fold-001,evaluation,gru,expected,parent,3,20,20,2000,42,2.429131505495936e-05,,,Se necesitan más sesiones que la longitud del bloque
fold-001,evaluation,gru,expected,initial_policy,3,20,20,2000,42,0.0,,,Se necesitan más sesiones que la longitud del bloque
fold-001,evaluation,gru,expected,center,3,20,20,2000,42,2.429131505495936e-05,,,Se necesitan más sesiones que la longitud del bloque
fold-001,evaluation,gru,klpo_exact,zero,3,20,20,2000,42,0.0003515631872764382,,,Se necesitan más sesiones que la longitud del bloque
fold-001,evaluation,gru,klpo_exact,parent,3,20,20,2000,42,2.429131505495936e-05,,,Se necesitan más sesiones que la longitud del bloque
fold-001,evaluation,gru,klpo_exact,initial_policy,3,20,20,2000,42,0.0,,,Se necesitan más sesiones que la longitud del bloque
fold-001,evaluation,gru,klpo_exact,center,3,20,20,2000,42,2.429131505495936e-05,,,Se necesitan más sesiones que la longitud del bloque
fold-001,evaluation,gru,klpo_full,zero,3,20,20,2000,42,0.0003515631872764382,,,Se necesitan más sesiones que la longitud del bloque
fold-001,evaluation,gru,klpo_full,parent,3,20,20,2000,42,2.429131505495936e-05,,,Se necesitan más sesiones que la longitud del bloque
fold-001,evaluation,gru,klpo_full,initial_policy,3,20,20,2000,42,0.0,,,Se necesitan más sesiones que la longitud del bloque
fold-001,evaluation,gru,klpo_full,center,3,20,20,2000,42,2.429131505495936e-05,,,Se necesitan más sesiones que la longitud del bloque
fold-001,evaluation,gru,klpo_mc,zero,3,20,20,2000,42,0.0003515631872764382,,,Se necesitan más sesiones que la longitud del bloque
fold-001,evaluation,gru,klpo_mc,parent,3,20,20,2000,42,2.429131505495936e-05,,,Se necesitan más sesiones que la longitud del bloque
fold-001,evaluation,gru,klpo_mc,initial_policy,3,20,20,2000,42,0.0,,,Se necesitan más sesiones que la longitud del bloque
fold-001,evaluation,gru,klpo_mc,center,3,20,20,2000,42,2.429131505495936e-05,,,Se necesitan más sesiones que la longitud del bloque
fold-001,evaluation,gru,mae,zero,3,20,20,2000,42,0.00039181026672698406,,,Se necesitan más sesiones que la longitud del bloque
fold-001,evaluation,gru,mae,parent,3,20,20,2000,42,6.453839450550518e-05,,,Se necesitan más sesiones que la longitud del bloque
fold-001,evaluation,gru,mae,initial_policy,3,20,20,2000,42,4.024707945054582e-05,,,Se necesitan más sesiones que la longitud del bloque
fold-001,evaluation,gru,mae,center,3,20,20,2000,42,4.9025102517736595e-05,,,Se necesitan más sesiones que la longitud del bloque
fold-001,evaluation,gru,neural_mae,zero,3,20,20,2000,42,2.1945185529438813e-06,,,Se necesitan más sesiones que la longitud del bloque
fold-001,evaluation,gru,neural_mae,parent,3,20,20,2000,42,-0.000325077353668535,,,Se necesitan más sesiones que la longitud del bloque
fold-001,evaluation,gru,neural_mae,initial_policy,3,20,20,2000,42,-0.00034936866872349435,,,Se necesitan más sesiones que la longitud del bloque
fold-001,evaluation,gru,neural_mae,center,3,20,20,2000,42,-2.4238368397125428e-05,,,Se necesitan más sesiones que la longitud del bloque
fold-001,evaluation,gru,neural_mse,zero,3,20,20,2000,42,1.8607358582740324e-05,,,Se necesitan más sesiones que la longitud del bloque
fold-001,evaluation,gru,neural_mse,parent,3,20,20,2000,42,-0.0003086645136387386,,,Se necesitan más sesiones que la longitud del bloque
fold-001,evaluation,gru,neural_mse,initial_policy,3,20,20,2000,42,-0.00033295582869369793,,,Se necesitan más sesiones que la longitud del bloque
fold-001,evaluation,gru,neural_mse,center,3,20,20,2000,42,-6.076067447385305e-05,,,Se necesitan más sesiones que la longitud del bloque
fold-001,evaluation,gru,reference,zero,3,20,20,2000,42,0.00045953838796338966,,,Se necesitan más sesiones que la longitud del bloque
fold-001,evaluation,gru,reference_mae,zero,3,20,20,2000,42,0.00022852451810183132,,,Se necesitan más sesiones que la longitud del bloque
fold-001,evaluation,gru,reference_mae,parent,3,20,20,2000,42,-0.0002310138698615579,,,Se necesitan más sesiones que la longitud del bloque
fold-001,evaluation,gru,reference_mse,zero,3,20,20,2000,42,0.0003401574133068294,,,Se necesitan más sesiones que la longitud del bloque
fold-001,evaluation,gru,reference_mse,parent,3,20,20,2000,42,-0.0001193809746565598,,,Se necesitan más sesiones que la longitud del bloque
fold-001,evaluation,gru,reinforce,zero,3,20,20,2000,42,0.0003515631872764382,,,Se necesitan más sesiones que la longitud del bloque
fold-001,evaluation,gru,reinforce,parent,3,20,20,2000,42,2.429131505495936e-05,,,Se necesitan más sesiones que la longitud del bloque
fold-001,evaluation,gru,reinforce,initial_policy,3,20,20,2000,42,0.0,,,Se necesitan más sesiones que la longitud del bloque
fold-001,evaluation,gru,reinforce,center,3,20,20,2000,42,2.429131505495936e-05,,,Se necesitan más sesiones que la longitud del bloque
fold-001,evaluation,lstm,expected,zero,3,20,20,2000,42,0.0014298972486208416,,,Se necesitan más sesiones que la longitud del bloque
fold-001,evaluation,lstm,expected,parent,3,20,20,2000,42,9.04945249491973e-05,,,Se necesitan más sesiones que la longitud del bloque
fold-001,evaluation,lstm,expected,initial_policy,3,20,20,2000,42,0.0,,,Se necesitan más sesiones que la longitud del bloque
fold-001,evaluation,lstm,expected,center,3,20,20,2000,42,9.04945249491973e-05,,,Se necesitan más sesiones que la longitud del bloque
fold-001,evaluation,lstm,klpo_exact,zero,3,20,20,2000,42,0.0014298972486208416,,,Se necesitan más sesiones que la longitud del bloque
fold-001,evaluation,lstm,klpo_exact,parent,3,20,20,2000,42,9.04945249491973e-05,,,Se necesitan más sesiones que la longitud del bloque
fold-001,evaluation,lstm,klpo_exact,initial_policy,3,20,20,2000,42,0.0,,,Se necesitan más sesiones que la longitud del bloque
fold-001,evaluation,lstm,klpo_exact,center,3,20,20,2000,42,9.04945249491973e-05,,,Se necesitan más sesiones que la longitud del bloque
fold-001,evaluation,lstm,klpo_full,zero,3,20,20,2000,42,0.0014298972486208416,,,Se necesitan más sesiones que la longitud del bloque
fold-001,evaluation,lstm,klpo_full,parent,3,20,20,2000,42,9.04945249491973e-05,,,Se necesitan más sesiones que la longitud del bloque
fold-001,evaluation,lstm,klpo_full,initial_policy,3,20,20,2000,42,0.0,,,Se necesitan más sesiones que la longitud del bloque
fold-001,evaluation,lstm,klpo_full,center,3,20,20,2000,42,9.04945249491973e-05,,,Se necesitan más sesiones que la longitud del bloque
fold-001,evaluation,lstm,klpo_mc,zero,3,20,20,2000,42,0.0014298972486208416,,,Se necesitan más sesiones que la longitud del bloque
fold-001,evaluation,lstm,klpo_mc,parent,3,20,20,2000,42,9.04945249491973e-05,,,Se necesitan más sesiones que la longitud del bloque
fold-001,evaluation,lstm,klpo_mc,initial_policy,3,20,20,2000,42,0.0,,,Se necesitan más sesiones que la longitud del bloque
fold-001,evaluation,lstm,klpo_mc,center,3,20,20,2000,42,9.04945249491973e-05,,,Se necesitan más sesiones que la longitud del bloque
fold-001,evaluation,lstm,mae,zero,3,20,20,2000,42,0.0014298972486208416,,,Se necesitan más sesiones que la longitud del bloque
fold-001,evaluation,lstm,mae,parent,3,20,20,2000,42,9.04945249491973e-05,,,Se necesitan más sesiones que la longitud del bloque
fold-001,evaluation,lstm,mae,initial_policy,3,20,20,2000,42,0.0,,,Se necesitan más sesiones que la longitud del bloque
fold-001,evaluation,lstm,mae,center,3,20,20,2000,42,9.04945249491973e-05,,,Se necesitan más sesiones que la longitud del bloque
fold-001,evaluation,lstm,neural_mae,zero,3,20,20,2000,42,4.3446758139214714e-05,,,Se necesitan más sesiones que la longitud del bloque
fold-001,evaluation,lstm,neural_mae,parent,3,20,20,2000,42,-0.0012959559655324295,,,Se necesitan más sesiones que la longitud del bloque
fold-001,evaluation,lstm,neural_mae,initial_policy,3,20,20,2000,42,-0.0013864504904816271,,,Se necesitan más sesiones que la longitud del bloque
fold-001,evaluation,lstm,neural_mae,center,3,20,20,2000,42,-1.5137680010908483e-05,,,Se necesitan más sesiones que la longitud del bloque
fold-001,evaluation,lstm,neural_mse,zero,3,20,20,2000,42,0.0005613164659329526,,,Se necesitan más sesiones que la longitud del bloque
fold-001,evaluation,lstm,neural_mse,parent,3,20,20,2000,42,-0.0007780862577386918,,,Se necesitan más sesiones que la longitud del bloque
fold-001,evaluation,lstm,neural_mse,initial_policy,3,20,20,2000,42,-0.0008685807826878892,,,Se necesitan más sesiones que la longitud del bloque
fold-001,evaluation,lstm,neural_mse,center,3,20,20,2000,42,1.986147171525168e-05,,,Se necesitan más sesiones que la longitud del bloque
fold-001,evaluation,lstm,reference,zero,3,20,20,2000,42,0.0007265261442610264,,,Se necesitan más sesiones que la longitud del bloque
fold-001,evaluation,lstm,reference_mae,zero,3,20,20,2000,42,0.00072717823229376,,,Se necesitan más sesiones que la longitud del bloque
fold-001,evaluation,lstm,reference_mae,parent,3,20,20,2000,42,6.520880327333042e-07,,,Se necesitan más sesiones que la longitud del bloque
fold-001,evaluation,lstm,reference_mse,zero,3,20,20,2000,42,0.0007265261442610266,,,Se necesitan más sesiones que la longitud del bloque
fold-001,evaluation,lstm,reference_mse,parent,3,20,20,2000,42,0.0,,,Se necesitan más sesiones que la longitud del bloque
fold-001,evaluation,lstm,reinforce,zero,3,20,20,2000,42,0.0014298972486208416,,,Se necesitan más sesiones que la longitud del bloque
fold-001,evaluation,lstm,reinforce,parent,3,20,20,2000,42,9.04945249491973e-05,,,Se necesitan más sesiones que la longitud del bloque
fold-001,evaluation,lstm,reinforce,initial_policy,3,20,20,2000,42,0.0,,,Se necesitan más sesiones que la longitud del bloque
fold-001,evaluation,lstm,reinforce,center,3,20,20,2000,42,9.04945249491973e-05,,,Se necesitan más sesiones que la longitud del bloque
fold-001,evaluation,ridge,expected,zero,3,20,20,2000,42,0.05329039329042824,,,Se necesitan más sesiones que la longitud del bloque
fold-001,evaluation,ridge,expected,parent,3,20,20,2000,42,-0.22475518593871438,,,Se necesitan más sesiones que la longitud del bloque
fold-001,evaluation,ridge,expected,initial_policy,3,20,20,2000,42,0.0,,,Se necesitan más sesiones que la longitud del bloque
fold-001,evaluation,ridge,expected,center,3,20,20,2000,42,-0.15104157991922407,,,Se necesitan más sesiones que la longitud del bloque
fold-001,evaluation,ridge,klpo_exact,zero,3,20,20,2000,42,0.006782845877300601,,,Se necesitan más sesiones que la longitud del bloque
fold-001,evaluation,ridge,klpo_exact,parent,3,20,20,2000,42,-0.27126273335184203,,,Se necesitan más sesiones que la longitud del bloque
fold-001,evaluation,ridge,klpo_exact,initial_policy,3,20,20,2000,42,-0.046507547413127646,,,Se necesitan más sesiones que la longitud del bloque
fold-001,evaluation,ridge,klpo_exact,center,3,20,20,2000,42,3.905601241077899e-05,,,Se necesitan más sesiones que la longitud del bloque
fold-001,evaluation,ridge,klpo_full,zero,3,20,20,2000,42,0.03925171280942504,,,Se necesitan más sesiones que la longitud del bloque
fold-001,evaluation,ridge,klpo_full,parent,3,20,20,2000,42,-0.23879386641971748,,,Se necesitan más sesiones que la longitud del bloque
fold-001,evaluation,ridge,klpo_full,initial_policy,3,20,20,2000,42,-0.014038680481003202,,,Se necesitan más sesiones que la longitud del bloque
fold-001,evaluation,ridge,klpo_full,center,3,20,20,2000,42,-0.005659237180765112,,,Se necesitan más sesiones que la longitud del bloque
fold-001,evaluation,ridge,klpo_mc,zero,3,20,20,2000,42,0.0391904047998615,,,Se necesitan más sesiones que la longitud del bloque
fold-001,evaluation,ridge,klpo_mc,parent,3,20,20,2000,42,-0.23885517442928106,,,Se necesitan más sesiones que la longitud del bloque
fold-001,evaluation,ridge,klpo_mc,initial_policy,3,20,20,2000,42,-0.014099988490566737,,,Se necesitan más sesiones que la longitud del bloque
fold-001,evaluation,ridge,klpo_mc,center,3,20,20,2000,42,-0.005833657722833669,,,Se necesitan más sesiones que la longitud del bloque
fold-001,evaluation,ridge,mae,zero,3,20,20,2000,42,0.05329039329042824,,,Se necesitan más sesiones que la longitud del bloque
fold-001,evaluation,ridge,mae,parent,3,20,20,2000,42,-0.22475518593871438,,,Se necesitan más sesiones que la longitud del bloque
fold-001,evaluation,ridge,mae,initial_policy,3,20,20,2000,42,0.0,,,Se necesitan más sesiones que la longitud del bloque
fold-001,evaluation,ridge,mae,center,3,20,20,2000,42,-0.13761906422682021,,,Se necesitan más sesiones que la longitud del bloque
fold-001,evaluation,ridge,reinforce,zero,3,20,20,2000,42,0.05329039329042824,,,Se necesitan más sesiones que la longitud del bloque
fold-001,evaluation,ridge,reinforce,parent,3,20,20,2000,42,-0.22475518593871438,,,Se necesitan más sesiones que la longitud del bloque
fold-001,evaluation,ridge,reinforce,initial_policy,3,20,20,2000,42,0.0,,,Se necesitan más sesiones que la longitud del bloque
fold-001,evaluation,ridge,reinforce,center,3,20,20,2000,42,-0.15650392412455805,,,Se necesitan más sesiones que la longitud del bloque
fold-001,evaluation,ridge,ridge,zero,1,20,20,2000,42,0.27804557922914264,,,Se necesitan más sesiones que la longitud del bloque
fold-001,evaluation,rnn,expected,zero,3,20,20,2000,42,0.0003985040337019121,,,Se necesitan más sesiones que la longitud del bloque
fold-001,evaluation,rnn,expected,parent,3,20,20,2000,42,4.420892200197946e-05,,,Se necesitan más sesiones que la longitud del bloque
fold-001,evaluation,rnn,expected,initial_policy,3,20,20,2000,42,0.0,,,Se necesitan más sesiones que la longitud del bloque
fold-001,evaluation,rnn,expected,center,3,20,20,2000,42,4.420892200197946e-05,,,Se necesitan más sesiones que la longitud del bloque
fold-001,evaluation,rnn,klpo_exact,zero,3,20,20,2000,42,0.0003985040337019121,,,Se necesitan más sesiones que la longitud del bloque
fold-001,evaluation,rnn,klpo_exact,parent,3,20,20,2000,42,4.420892200197946e-05,,,Se necesitan más sesiones que la longitud del bloque
fold-001,evaluation,rnn,klpo_exact,initial_policy,3,20,20,2000,42,0.0,,,Se necesitan más sesiones que la longitud del bloque
fold-001,evaluation,rnn,klpo_exact,center,3,20,20,2000,42,4.420892200197946e-05,,,Se necesitan más sesiones que la longitud del bloque
fold-001,evaluation,rnn,klpo_full,zero,3,20,20,2000,42,0.0003985040337019121,,,Se necesitan más sesiones que la longitud del bloque
fold-001,evaluation,rnn,klpo_full,parent,3,20,20,2000,42,4.420892200197946e-05,,,Se necesitan más sesiones que la longitud del bloque
fold-001,evaluation,rnn,klpo_full,initial_policy,3,20,20,2000,42,0.0,,,Se necesitan más sesiones que la longitud del bloque
fold-001,evaluation,rnn,klpo_full,center,3,20,20,2000,42,4.420892200197946e-05,,,Se necesitan más sesiones que la longitud del bloque
fold-001,evaluation,rnn,klpo_mc,zero,3,20,20,2000,42,0.0003985040337019121,,,Se necesitan más sesiones que la longitud del bloque
fold-001,evaluation,rnn,klpo_mc,parent,3,20,20,2000,42,4.420892200197946e-05,,,Se necesitan más sesiones que la longitud del bloque
fold-001,evaluation,rnn,klpo_mc,initial_policy,3,20,20,2000,42,0.0,,,Se necesitan más sesiones que la longitud del bloque
fold-001,evaluation,rnn,klpo_mc,center,3,20,20,2000,42,4.420892200197946e-05,,,Se necesitan más sesiones que la longitud del bloque
fold-001,evaluation,rnn,mae,zero,3,20,20,2000,42,0.0003985040337019121,,,Se necesitan más sesiones que la longitud del bloque
fold-001,evaluation,rnn,mae,parent,3,20,20,2000,42,4.420892200197946e-05,,,Se necesitan más sesiones que la longitud del bloque
fold-001,evaluation,rnn,mae,initial_policy,3,20,20,2000,42,0.0,,,Se necesitan más sesiones que la longitud del bloque
fold-001,evaluation,rnn,mae,center,3,20,20,2000,42,4.420892200197946e-05,,,Se necesitan más sesiones que la longitud del bloque
fold-001,evaluation,rnn,neural_mae,zero,3,20,20,2000,42,8.302655327280337e-06,,,Se necesitan más sesiones que la longitud del bloque
fold-001,evaluation,rnn,neural_mae,parent,3,20,20,2000,42,-0.0003459924563726523,,,Se necesitan más sesiones que la longitud del bloque
fold-001,evaluation,rnn,neural_mae,initial_policy,3,20,20,2000,42,-0.0003902013783746317,,,Se necesitan más sesiones que la longitud del bloque
fold-001,evaluation,rnn,neural_mae,center,3,20,20,2000,42,-1.774768058142471e-05,,,Se necesitan más sesiones que la longitud del bloque
fold-001,evaluation,rnn,neural_mse,zero,3,20,20,2000,42,4.247933138698083e-05,,,Se necesitan más sesiones que la longitud del bloque
fold-001,evaluation,rnn,neural_mse,parent,3,20,20,2000,42,-0.00031181578031295174,,,Se necesitan más sesiones que la longitud del bloque
fold-001,evaluation,rnn,neural_mse,initial_policy,3,20,20,2000,42,-0.00035602470231493123,,,Se necesitan más sesiones que la longitud del bloque
fold-001,evaluation,rnn,neural_mse,center,3,20,20,2000,42,-3.0249286173770693e-05,,,Se necesitan más sesiones que la longitud del bloque
fold-001,evaluation,rnn,reference,zero,3,20,20,2000,42,0.00043020504927267927,,,Se necesitan más sesiones que la longitud del bloque
fold-001,evaluation,rnn,reference_mae,zero,3,20,20,2000,42,0.0002583747359701194,,,Se necesitan más sesiones que la longitud del bloque
fold-001,evaluation,rnn,reference_mae,parent,3,20,20,2000,42,-0.00017183031330256002,,,Se necesitan más sesiones que la longitud del bloque
fold-001,evaluation,rnn,reference_mse,zero,3,20,20,2000,42,0.00036439301120208024,,,Se necesitan más sesiones que la longitud del bloque
fold-001,evaluation,rnn,reference_mse,parent,3,20,20,2000,42,-6.581203807059918e-05,,,Se necesitan más sesiones que la longitud del bloque
fold-001,evaluation,rnn,reinforce,zero,3,20,20,2000,42,0.0003985040337019121,,,Se necesitan más sesiones que la longitud del bloque
fold-001,evaluation,rnn,reinforce,parent,3,20,20,2000,42,4.420892200197946e-05,,,Se necesitan más sesiones que la longitud del bloque
fold-001,evaluation,rnn,reinforce,initial_policy,3,20,20,2000,42,0.0,,,Se necesitan más sesiones que la longitud del bloque
fold-001,evaluation,rnn,reinforce,center,3,20,20,2000,42,4.420892200197946e-05,,,Se necesitan más sesiones que la longitud del bloque
fold-001,evaluation,xgboost,expected,zero,3,20,20,2000,42,0.0,,,Se necesitan más sesiones que la longitud del bloque
fold-001,evaluation,xgboost,expected,parent,3,20,20,2000,42,8.277557515356474e-06,,,Se necesitan más sesiones que la longitud del bloque
fold-001,evaluation,xgboost,expected,initial_policy,3,20,20,2000,42,0.0,,,Se necesitan más sesiones que la longitud del bloque
fold-001,evaluation,xgboost,expected,center,3,20,20,2000,42,8.277557515356474e-06,,,Se necesitan más sesiones que la longitud del bloque
fold-001,evaluation,xgboost,klpo_exact,zero,3,20,20,2000,42,0.0,,,Se necesitan más sesiones que la longitud del bloque
fold-001,evaluation,xgboost,klpo_exact,parent,3,20,20,2000,42,8.277557515356474e-06,,,Se necesitan más sesiones que la longitud del bloque
fold-001,evaluation,xgboost,klpo_exact,initial_policy,3,20,20,2000,42,0.0,,,Se necesitan más sesiones que la longitud del bloque
fold-001,evaluation,xgboost,klpo_exact,center,3,20,20,2000,42,8.277557515356474e-06,,,Se necesitan más sesiones que la longitud del bloque
fold-001,evaluation,xgboost,klpo_full,zero,3,20,20,2000,42,0.0,,,Se necesitan más sesiones que la longitud del bloque
fold-001,evaluation,xgboost,klpo_full,parent,3,20,20,2000,42,8.277557515356474e-06,,,Se necesitan más sesiones que la longitud del bloque
fold-001,evaluation,xgboost,klpo_full,initial_policy,3,20,20,2000,42,0.0,,,Se necesitan más sesiones que la longitud del bloque
fold-001,evaluation,xgboost,klpo_full,center,3,20,20,2000,42,8.277557515356474e-06,,,Se necesitan más sesiones que la longitud del bloque
fold-001,evaluation,xgboost,klpo_mc,zero,3,20,20,2000,42,0.0,,,Se necesitan más sesiones que la longitud del bloque
fold-001,evaluation,xgboost,klpo_mc,parent,3,20,20,2000,42,8.277557515356474e-06,,,Se necesitan más sesiones que la longitud del bloque
fold-001,evaluation,xgboost,klpo_mc,initial_policy,3,20,20,2000,42,0.0,,,Se necesitan más sesiones que la longitud del bloque
fold-001,evaluation,xgboost,klpo_mc,center,3,20,20,2000,42,8.277557515356474e-06,,,Se necesitan más sesiones que la longitud del bloque
fold-001,evaluation,xgboost,mae,zero,3,20,20,2000,42,0.0,,,Se necesitan más sesiones que la longitud del bloque
fold-001,evaluation,xgboost,mae,parent,3,20,20,2000,42,8.277557515356474e-06,,,Se necesitan más sesiones que la longitud del bloque
fold-001,evaluation,xgboost,mae,initial_policy,3,20,20,2000,42,0.0,,,Se necesitan más sesiones que la longitud del bloque
fold-001,evaluation,xgboost,mae,center,3,20,20,2000,42,8.277557515356474e-06,,,Se necesitan más sesiones que la longitud del bloque
fold-001,evaluation,xgboost,reinforce,zero,3,20,20,2000,42,0.0,,,Se necesitan más sesiones que la longitud del bloque
fold-001,evaluation,xgboost,reinforce,parent,3,20,20,2000,42,8.277557515356474e-06,,,Se necesitan más sesiones que la longitud del bloque
fold-001,evaluation,xgboost,reinforce,initial_policy,3,20,20,2000,42,0.0,,,Se necesitan más sesiones que la longitud del bloque
fold-001,evaluation,xgboost,reinforce,center,3,20,20,2000,42,8.277557515356474e-06,,,Se necesitan más sesiones que la longitud del bloque
fold-001,evaluation,xgboost,xgboost,zero,3,20,20,2000,42,-8.277557515356474e-06,,,Se necesitan más sesiones que la longitud del bloque
fold-002,calibration,dlinear,expected,zero,3,1,20,2000,42,0.00037894515765312195,4.161540633450371e-05,0.0007505302321166602,
fold-002,calibration,dlinear,expected,parent,3,1,20,2000,42,0.00010425099681000546,2.6718837824774243e-05,0.00018886163793825668,
fold-002,calibration,dlinear,expected,initial_policy,3,1,20,2000,42,0.0,0.0,0.0,
fold-002,calibration,dlinear,expected,center,3,1,20,2000,42,0.00010425099681000546,2.6718837824774243e-05,0.00018886163793825668,
fold-002,calibration,dlinear,klpo_exact,zero,3,1,20,2000,42,0.00037894515765312195,4.161540633450371e-05,0.0007505302321166602,
fold-002,calibration,dlinear,klpo_exact,parent,3,1,20,2000,42,0.00010425099681000546,2.6718837824774243e-05,0.00018886163793825668,
fold-002,calibration,dlinear,klpo_exact,initial_policy,3,1,20,2000,42,0.0,0.0,0.0,
fold-002,calibration,dlinear,klpo_exact,center,3,1,20,2000,42,0.00010425099681000546,2.6718837824774243e-05,0.00018886163793825668,
fold-002,calibration,dlinear,klpo_full,zero,3,1,20,2000,42,0.00037894515765312195,4.161540633450371e-05,0.0007505302321166602,
fold-002,calibration,dlinear,klpo_full,parent,3,1,20,2000,42,0.00010425099681000546,2.6718837824774243e-05,0.00018886163793825668,
fold-002,calibration,dlinear,klpo_full,initial_policy,3,1,20,2000,42,0.0,0.0,0.0,
fold-002,calibration,dlinear,klpo_full,center,3,1,20,2000,42,0.00010425099681000546,2.6718837824774243e-05,0.00018886163793825668,
fold-002,calibration,dlinear,klpo_mc,zero,3,1,20,2000,42,0.00037894515765312195,4.161540633450371e-05,0.0007505302321166602,
fold-002,calibration,dlinear,klpo_mc,parent,3,1,20,2000,42,0.00010425099681000546,2.6718837824774243e-05,0.00018886163793825668,
fold-002,calibration,dlinear,klpo_mc,initial_policy,3,1,20,2000,42,0.0,0.0,0.0,
fold-002,calibration,dlinear,klpo_mc,center,3,1,20,2000,42,0.00010425099681000546,2.6718837824774243e-05,0.00018886163793825668,
fold-002,calibration,dlinear,mae,zero,3,1,20,2000,42,0.00037894515765312195,4.161540633450371e-05,0.0007505302321166602,
fold-002,calibration,dlinear,mae,parent,3,1,20,2000,42,0.00010425099681000546,2.6718837824774243e-05,0.00018886163793825668,
fold-002,calibration,dlinear,mae,initial_policy,3,1,20,2000,42,0.0,0.0,0.0,
fold-002,calibration,dlinear,mae,center,3,1,20,2000,42,0.00010425099681000546,2.6718837824774243e-05,0.00018886163793825668,
fold-002,calibration,dlinear,neural_mae,zero,3,1,20,2000,42,4.531960430781586e-06,-2.063237026295292e-06,1.199831083554605e-05,
fold-002,calibration,dlinear,neural_mae,parent,3,1,20,2000,42,-0.0002701622004123349,-0.0005905721163258367,3.9552856367759085e-05,
fold-002,calibration,dlinear,neural_mae,initial_policy,3,1,20,2000,42,-0.0003744131972223404,-0.0007404985392653901,-3.801491108181945e-05,
fold-002,calibration,dlinear,neural_mae,center,3,1,20,2000,42,-1.1025905933544772e-05,-4.334409620204177e-05,2.0911574905504608e-05,
fold-002,calibration,dlinear,neural_mse,zero,3,1,20,2000,42,1.417959869734935e-05,-1.2296363975069882e-06,3.678941415885409e-05,
fold-002,calibration,dlinear,neural_mse,parent,3,1,20,2000,42,-0.00026051456214576716,-0.0005871237359464141,4.964323321453467e-05,
fold-002,calibration,dlinear,neural_mse,initial_policy,3,1,20,2000,42,-0.0003647655589557726,-0.0007348653595987173,-2.8637396253086598e-05,
fold-002,calibration,dlinear,neural_mse,center,3,1,20,2000,42,-2.410116174583008e-05,-7.020590671041024e-05,2.1727828415999485e-05,
fold-002,calibration,dlinear,reference,zero,3,1,20,2000,42,0.0004822278431017189,0.0001576163093258326,0.0008707183747956854,
fold-002,calibration,dlinear,reference_mae,zero,3,1,20,2000,42,0.0001405603792497629,-5.9749747811051737e-05,0.0003518626318443336,
fold-002,calibration,dlinear,reference_mae,parent,3,1,20,2000,42,-0.000341667463851956,-0.0005431734785803912,-0.00018571222247878777,
fold-002,calibration,dlinear,reference_mse,zero,3,1,20,2000,42,0.00026247494523171344,-2.1315771819069748e-05,0.000570579742531183,
fold-002,calibration,dlinear,reference_mse,parent,3,1,20,2000,42,-0.00021975289787000548,-0.00032677853999362204,-0.00012327111300416773,
fold-002,calibration,dlinear,reinforce,zero,3,1,20,2000,42,0.00037894515765312195,4.161540633450371e-05,0.0007505302321166602,
fold-002,calibration,dlinear,reinforce,parent,3,1,20,2000,42,0.00010425099681000546,2.6718837824774243e-05,0.00018886163793825668,
fold-002,calibration,dlinear,reinforce,initial_policy,3,1,20,2000,42,0.0,0.0,0.0,
fold-002,calibration,dlinear,reinforce,center,3,1,20,2000,42,0.00010425099681000546,2.6718837824774243e-05,0.00018886163793825668,
fold-002,calibration,gru,expected,zero,3,1,20,2000,42,0.00046297023299367345,0.0001700186384774971,0.0007985693452229357,
fold-002,calibration,gru,expected,parent,3,1,20,2000,42,9.369066262218734e-05,2.5641207071042646e-05,0.00016186669714390444,
fold-002,calibration,gru,expected,initial_policy,3,1,20,2000,42,0.0,0.0,0.0,
fold-002,calibration,gru,expected,center,3,1,20,2000,42,9.369066262218734e-05,2.5641207071042646e-05,0.00016186669714390444,
fold-002,calibration,gru,klpo_exact,zero,3,1,20,2000,42,0.00046297023299367345,0.0001700186384774971,0.0007985693452229357,
fold-002,calibration,gru,klpo_exact,parent,3,1,20,2000,42,9.369066262218734e-05,2.5641207071042646e-05,0.00016186669714390444,
fold-002,calibration,gru,klpo_exact,initial_policy,3,1,20,2000,42,0.0,0.0,0.0,
fold-002,calibration,gru,klpo_exact,center,3,1,20,2000,42,9.369066262218734e-05,2.5641207071042646e-05,0.00016186669714390444,
fold-002,calibration,gru,klpo_full,zero,3,1,20,2000,42,0.00046297023299367345,0.0001700186384774971,0.0007985693452229357,
fold-002,calibration,gru,klpo_full,parent,3,1,20,2000,42,9.369066262218734e-05,2.5641207071042646e-05,0.00016186669714390444,
fold-002,calibration,gru,klpo_full,initial_policy,3,1,20,2000,42,0.0,0.0,0.0,
fold-002,calibration,gru,klpo_full,center,3,1,20,2000,42,9.369066262218734e-05,2.5641207071042646e-05,0.00016186669714390444,
fold-002,calibration,gru,klpo_mc,zero,3,1,20,2000,42,0.00046297023299367345,0.0001700186384774971,0.0007985693452229357,
fold-002,calibration,gru,klpo_mc,parent,3,1,20,2000,42,9.369066262218734e-05,2.5641207071042646e-05,0.00016186669714390444,
fold-002,calibration,gru,klpo_mc,initial_policy,3,1,20,2000,42,0.0,0.0,0.0,
fold-002,calibration,gru,klpo_mc,center,3,1,20,2000,42,9.369066262218734e-05,2.5641207071042646e-05,0.00016186669714390444,
fold-002,calibration,gru,mae,zero,3,1,20,2000,42,0.00046297023299367345,0.0001700186384774971,0.0007985693452229357,
fold-002,calibration,gru,mae,parent,3,1,20,2000,42,9.369066262218734e-05,2.5641207071042646e-05,0.00016186669714390444,
fold-002,calibration,gru,mae,initial_policy,3,1,20,2000,42,0.0,0.0,0.0,
fold-002,calibration,gru,mae,center,3,1,20,2000,42,9.369066262218734e-05,2.5641207071042646e-05,0.00016186669714390444,
fold-002,calibration,gru,neural_mae,zero,3,1,20,2000,42,3.0966794495412407e-05,6.60296028601758e-07,6.605134040420845e-05,
fold-002,calibration,gru,neural_mae,parent,3,1,20,2000,42,-0.0003383127758760737,-0.0006777194950495422,-3.887692486228011e-05,
fold-002,calibration,gru,neural_mae,initial_policy,3,1,20,2000,42,-0.00043200343849826106,-0.00077907665206284,-0.00013235814814776197,
fold-002,calibration,gru,neural_mae,center,3,1,20,2000,42,-4.525061931915835e-05,-0.00018163319304184157,0.00010167443167701094,
fold-002,calibration,gru,neural_mse,zero,3,1,20,2000,42,6.437947115759471e-05,9.544283064650962e-06,0.00015140487019344175,
fold-002,calibration,gru,neural_mse,parent,3,1,20,2000,42,-0.0003049000992138914,-0.000660277601850776,1.0155496713096366e-05,
fold-002,calibration,gru,neural_mse,initial_policy,3,1,20,2000,42,-0.00039859076183607875,-0.0007584423494248538,-8.75350458120611e-05,
fold-002,calibration,gru,neural_mse,center,3,1,20,2000,42,-3.649945974288412e-05,-0.00010367684100033558,3.904073819310914e-05,
fold-002,calibration,gru,reference,zero,3,1,20,2000,42,0.0005115509512508708,0.00018487658569213433,0.0008980220612604913,
fold-002,calibration,gru,reference_mae,zero,3,1,20,2000,42,0.00015273005026150759,-5.0265205095539565e-05,0.00033636161081629357,
fold-002,calibration,gru,reference_mae,parent,3,1,20,2000,42,-0.000358820900989363,-0.0005956487506838713,-0.00014819253932528434,
fold-002,calibration,gru,reference_mse,zero,3,1,20,2000,42,0.0005093736649673029,0.00016902186092314204,0.0009204562599778351,
fold-002,calibration,gru,reference_mse,parent,3,1,20,2000,42,-2.1772862835676804e-06,-5.4954054261595315e-05,4.5226753039211056e-05,
fold-002,calibration,gru,reinforce,zero,3,1,20,2000,42,0.00046297023299367345,0.0001700186384774971,0.0007985693452229357,
fold-002,calibration,gru,reinforce,parent,3,1,20,2000,42,9.369066262218734e-05,2.5641207071042646e-05,0.00016186669714390444,
fold-002,calibration,gru,reinforce,initial_policy,3,1,20,2000,42,0.0,0.0,0.0,
fold-002,calibration,gru,reinforce,center,3,1,20,2000,42,9.369066262218734e-05,2.5641207071042646e-05,0.00016186669714390444,
fold-002,calibration,lstm,expected,zero,3,1,20,2000,42,0.0006304649908409788,0.0003371530789794678,0.0009454595369762215,
fold-002,calibration,lstm,expected,parent,3,1,20,2000,42,0.0002214278696236629,8.919520345317472e-05,0.00032456985883629297,
fold-002,calibration,lstm,expected,initial_policy,3,1,20,2000,42,7.380335703808016e-05,-3.839008565822467e-05,0.00018612936940004925,
fold-002,calibration,lstm,expected,center,3,1,20,2000,42,0.00013309944014056513,8.302611699602875e-05,0.00017931609750361982,
fold-002,calibration,lstm,klpo_exact,zero,3,1,20,2000,42,0.0005566616338028987,0.00027246635073892766,0.0008682667721574103,
fold-002,calibration,lstm,klpo_exact,parent,3,1,20,2000,42,0.00014762451258558277,7.071349463762101e-05,0.0002149583214332224,
fold-002,calibration,lstm,klpo_exact,initial_policy,3,1,20,2000,42,0.0,0.0,0.0,
fold-002,calibration,lstm,klpo_exact,center,3,1,20,2000,42,0.00014762451258558277,7.071349463762101e-05,0.0002149583214332224,
fold-002,calibration,lstm,klpo_full,zero,3,1,20,2000,42,0.0005566616338028987,0.00027246635073892766,0.0008682667721574103,
fold-002,calibration,lstm,klpo_full,parent,3,1,20,2000,42,0.00014762451258558277,7.071349463762101e-05,0.0002149583214332224,
fold-002,calibration,lstm,klpo_full,initial_policy,3,1,20,2000,42,0.0,0.0,0.0,
fold-002,calibration,lstm,klpo_full,center,3,1,20,2000,42,0.00014762451258558277,7.071349463762101e-05,0.0002149583214332224,
fold-002,calibration,lstm,klpo_mc,zero,3,1,20,2000,42,0.0005566616338028987,0.00027246635073892766,0.0008682667721574103,
fold-002,calibration,lstm,klpo_mc,parent,3,1,20,2000,42,0.00014762451258558277,7.071349463762101e-05,0.0002149583214332224,
fold-002,calibration,lstm,klpo_mc,initial_policy,3,1,20,2000,42,0.0,0.0,0.0,
fold-002,calibration,lstm,klpo_mc,center,3,1,20,2000,42,0.00014762451258558277,7.071349463762101e-05,0.0002149583214332224,
fold-002,calibration,lstm,mae,zero,3,1,20,2000,42,0.0004874428472103142,0.00022384586038194152,0.0007560386076132576,
fold-002,calibration,lstm,mae,parent,3,1,20,2000,42,7.840572599299832e-05,-9.470754354043205e-05,0.00024220610439749718,
fold-002,calibration,lstm,mae,initial_policy,3,1,20,2000,42,-6.921878659258444e-05,-0.0002595301689135785,0.00011555268791102267,
fold-002,calibration,lstm,mae,center,3,1,20,2000,42,0.00010720390960753182,7.169871849182382e-05,0.00014206982375078559,
fold-002,calibration,lstm,neural_mae,zero,3,1,20,2000,42,2.5892103592072e-06,-3.526975668045059e-07,5.448014903082293e-06,
fold-002,calibration,lstm,neural_mae,parent,3,1,20,2000,42,-0.0004064479108581087,-0.000715369118100824,-0.00011762772946619359,
fold-002,calibration,lstm,neural_mae,initial_policy,3,1,20,2000,42,-0.0005540724234436914,-0.0008627735465644524,-0.0002703527096244091,
fold-002,calibration,lstm,neural_mae,center,3,1,20,2000,42,-4.5613576173810735e-05,-0.00010347067806777426,1.2800055792214037e-05,
fold-002,calibration,lstm,neural_mse,zero,3,1,20,2000,42,1.2989230707352498e-05,-1.3820590273725213e-06,4.039526339920128e-05,
fold-002,calibration,lstm,neural_mse,parent,3,1,20,2000,42,-0.0003960478905099634,-0.0007072400394010401,-0.00011064479114849672,
fold-002,calibration,lstm,neural_mse,initial_policy,3,1,20,2000,42,-0.0005436724030955461,-0.0008494683379301848,-0.00026015134133438705,
fold-002,calibration,lstm,neural_mse,center,3,1,20,2000,42,-2.170207133400043e-05,-9.289734509346658e-05,4.759231509776924e-05,
fold-002,calibration,lstm,reference,zero,3,1,20,2000,42,0.00040696213095795945,0.00011058349937368632,0.0006703490359341791,
fold-002,calibration,lstm,reference_mae,zero,3,1,20,2000,42,0.0002074317228232774,-1.5821830669401997e-05,0.0003759986175611756,
fold-002,calibration,lstm,reference_mae,parent,3,1,20,2000,42,-0.00019953040813468223,-0.0003515178218103069,-5.0678709903194706e-05,
fold-002,calibration,lstm,reference_mse,zero,3,1,20,2000,42,0.0004470082600750421,0.00015666415689585662,0.0007128131192350602,
fold-002,calibration,lstm,reference_mse,parent,3,1,20,2000,42,4.004612911708248e-05,-2.7793415677067565e-05,9.60180141140707e-05,
fold-002,calibration,lstm,reinforce,zero,3,1,20,2000,42,0.0005566616338028987,0.00027246635073892766,0.0008682667721574103,
fold-002,calibration,lstm,reinforce,parent,3,1,20,2000,42,0.00014762451258558277,7.071349463762101e-05,0.0002149583214332224,
fold-002,calibration,lstm,reinforce,initial_policy,3,1,20,2000,42,0.0,0.0,0.0,
fold-002,calibration,lstm,reinforce,center,3,1,20,2000,42,0.00014762451258558277,7.071349463762101e-05,0.0002149583214332224,
fold-002,calibration,ridge,expected,zero,3,1,20,2000,42,0.048878504161994005,0.04419675323156398,0.05275557191376758,
fold-002,calibration,ridge,expected,parent,3,1,20,2000,42,-0.06956927326039994,-0.08903093895059591,-0.05215559419239328,
fold-002,calibration,ridge,expected,initial_policy,3,1,20,2000,42,-0.0017553540452961616,-0.0030112395119431573,-0.0006654503703932045,
fold-002,calibration,ridge,expected,center,3,1,20,2000,42,-0.04324984932827497,-0.05816609994378868,-0.030023067647400186,
fold-002,calibration,ridge,klpo_exact,zero,3,1,20,2000,42,0.0017488666596430225,0.0011889533276810953,0.0023158641489650664,
fold-002,calibration,ridge,klpo_exact,parent,3,1,20,2000,42,-0.11669891076275093,-0.13835274051343327,-0.09672035331797686,
fold-002,calibration,ridge,klpo_exact,initial_policy,3,1,20,2000,42,-0.048884991547647146,-0.05221991726038005,-0.04471310576994262,
fold-002,calibration,ridge,klpo_exact,center,3,1,20,2000,42,8.269204071043971e-05,6.473735161211398e-05,0.00010022329071141865,
fold-002,calibration,ridge,klpo_full,zero,3,1,20,2000,42,0.016501661223505083,0.013193182523764798,0.020242934787965416,
fold-002,calibration,ridge,klpo_full,parent,3,1,20,2000,42,-0.10194611619888887,-0.12016115624117658,-0.08441538783030603,
fold-002,calibration,ridge,klpo_full,initial_policy,3,1,20,2000,42,-0.03413219698378507,-0.03776660017080381,-0.030264904244869575,
fold-002,calibration,ridge,klpo_full,center,3,1,20,2000,42,-0.0004021020053000415,-0.0007703640312857704,-0.00012569027216392827,
fold-002,calibration,ridge,klpo_mc,zero,3,1,20,2000,42,0.016432243189580788,0.013138086226783266,0.02014264194395265,
fold-002,calibration,ridge,klpo_mc,parent,3,1,20,2000,42,-0.10201553423281318,-0.12026267761661436,-0.0844573885894022,
fold-002,calibration,ridge,klpo_mc,initial_policy,3,1,20,2000,42,-0.03420161501770937,-0.03785312238434187,-0.030314293001844,
fold-002,calibration,ridge,klpo_mc,center,3,1,20,2000,42,-0.0004088905665775003,-0.0007806901567167585,-0.00013365999201770198,
fold-002,calibration,ridge,mae,zero,3,1,20,2000,42,0.04823925735842925,0.04358217036720693,0.05228489585372364,
fold-002,calibration,ridge,mae,parent,3,1,20,2000,42,-0.07020852006396472,-0.08949816388473046,-0.053022701434801776,
fold-002,calibration,ridge,mae,initial_policy,3,1,20,2000,42,-0.0023946008488609214,-0.0040643722318313095,-0.0009689857853083612,
fold-002,calibration,ridge,mae,center,3,1,20,2000,42,-0.03502285077556111,-0.04830836918334083,-0.02337770096057375,
fold-002,calibration,ridge,reinforce,zero,3,1,20,2000,42,0.048843765221945126,0.04417251253812776,0.05268957801138174,
fold-002,calibration,ridge,reinforce,parent,3,1,20,2000,42,-0.06960401220044883,-0.08902470091862262,-0.05222524930518565,
fold-002,calibration,ridge,reinforce,initial_policy,3,1,20,2000,42,-0.0017900929853450365,-0.0030236136518726263,-0.0007030573030862205,
fold-002,calibration,ridge,reinforce,center,3,1,20,2000,42,-0.0429118192999728,-0.05804571366862605,-0.0295597181740199,
fold-002,calibration,ridge,ridge,zero,1,1,20,2000,42,0.11844777742239394,0.09837608988291335,0.14043906295740985,
fold-002,calibration,rnn,expected,zero,3,1,20,2000,42,0.00028403532937946167,-7.82101124134552e-05,0.0006269435814676043,
fold-002,calibration,rnn,expected,parent,3,1,20,2000,42,6.32695876455599e-05,-4.6855723991334655e-05,0.00016871069294089884,
fold-002,calibration,rnn,expected,initial_policy,3,1,20,2000,42,0.0,0.0,0.0,
fold-002,calibration,rnn,expected,center,3,1,20,2000,42,6.32695876455599e-05,-4.6855723991334655e-05,0.00016871069294089884,
fold-002,calibration,rnn,klpo_exact,zero,3,1,20,2000,42,0.00028403532937946167,-7.82101124134552e-05,0.0006269435814676043,
fold-002,calibration,rnn,klpo_exact,parent,3,1,20,2000,42,6.32695876455599e-05,-4.6855723991334655e-05,0.00016871069294089884,
fold-002,calibration,rnn,klpo_exact,initial_policy,3,1,20,2000,42,0.0,0.0,0.0,
fold-002,calibration,rnn,klpo_exact,center,3,1,20,2000,42,6.32695876455599e-05,-4.6855723991334655e-05,0.00016871069294089884,
fold-002,calibration,rnn,klpo_full,zero,3,1,20,2000,42,0.00028403532937946167,-7.82101124134552e-05,0.0006269435814676043,
fold-002,calibration,rnn,klpo_full,parent,3,1,20,2000,42,6.32695876455599e-05,-4.6855723991334655e-05,0.00016871069294089884,
fold-002,calibration,rnn,klpo_full,initial_policy,3,1,20,2000,42,0.0,0.0,0.0,
fold-002,calibration,rnn,klpo_full,center,3,1,20,2000,42,6.32695876455599e-05,-4.6855723991334655e-05,0.00016871069294089884,
fold-002,calibration,rnn,klpo_mc,zero,3,1,20,2000,42,0.00028403532937946167,-7.82101124134552e-05,0.0006269435814676043,
fold-002,calibration,rnn,klpo_mc,parent,3,1,20,2000,42,6.32695876455599e-05,-4.6855723991334655e-05,0.00016871069294089884,
fold-002,calibration,rnn,klpo_mc,initial_policy,3,1,20,2000,42,0.0,0.0,0.0,
fold-002,calibration,rnn,klpo_mc,center,3,1,20,2000,42,6.32695876455599e-05,-4.6855723991334655e-05,0.00016871069294089884,
fold-002,calibration,rnn,mae,zero,3,1,20,2000,42,0.00028403532937946167,-7.82101124134552e-05,0.0006269435814676043,
fold-002,calibration,rnn,mae,parent,3,1,20,2000,42,6.32695876455599e-05,-4.6855723991334655e-05,0.00016871069294089884,
fold-002,calibration,rnn,mae,initial_policy,3,1,20,2000,42,0.0,0.0,0.0,
fold-002,calibration,rnn,mae,center,3,1,20,2000,42,6.32695876455599e-05,-4.6855723991334655e-05,0.00016871069294089884,
fold-002,calibration,rnn,neural_mae,zero,3,1,20,2000,42,2.7402299759230614e-06,5.659885375092122e-07,5.194897287543705e-06,
fold-002,calibration,rnn,neural_mae,parent,3,1,20,2000,42,-0.0002180255117579787,-0.0005219300392547627,0.00010526266162068594,
fold-002,calibration,rnn,neural_mae,initial_policy,3,1,20,2000,42,-0.0002812950994035386,-0.0006245292553653859,8.041419694990222e-05,
fold-002,calibration,rnn,neural_mae,center,3,1,20,2000,42,-6.098679944976657e-05,-0.00010350274836811874,-2.496313172868955e-05,
fold-002,calibration,rnn,neural_mse,zero,3,1,20,2000,42,6.627520462774809e-07,-5.170825154271429e-06,5.896063773687831e-06,
fold-002,calibration,rnn,neural_mse,parent,3,1,20,2000,42,-0.00022010298968762427,-0.0005198096118194793,0.00010000568349172569,
fold-002,calibration,rnn,neural_mse,initial_policy,3,1,20,2000,42,-0.0002833725773331842,-0.0006239806527160622,7.395077909902823e-05,
fold-002,calibration,rnn,neural_mse,center,3,1,20,2000,42,-3.827284116713564e-05,-0.00013956862178147498,7.239369693626994e-05,
fold-002,calibration,rnn,reference,zero,3,1,20,2000,42,0.00026585557882016704,4.943369171594744e-05,0.00048825362697909295,
fold-002,calibration,rnn,reference_mae,zero,3,1,20,2000,42,0.000209077879029546,7.286370778602773e-05,0.00034038382134025366,
fold-002,calibration,rnn,reference_mae,parent,3,1,20,2000,42,-5.677769979062115e-05,-0.0002043542132278893,8.364597348107341e-05,
fold-002,calibration,rnn,reference_mse,zero,3,1,20,2000,42,0.0002843677381856505,6.942085526415034e-05,0.0004932512274462193,
fold-002,calibration,rnn,reference_mse,parent,3,1,20,2000,42,1.8512159365483353e-05,-1.840675361299289e-05,5.755340994871833e-05,
fold-002,calibration,rnn,reinforce,zero,3,1,20,2000,42,0.00028403532937946167,-7.82101124134552e-05,0.0006269435814676043,
fold-002,calibration,rnn,reinforce,parent,3,1,20,2000,42,6.32695876455599e-05,-4.6855723991334655e-05,0.00016871069294089884,
fold-002,calibration,rnn,reinforce,initial_policy,3,1,20,2000,42,0.0,0.0,0.0,
fold-002,calibration,rnn,reinforce,center,3,1,20,2000,42,6.32695876455599e-05,-4.6855723991334655e-05,0.00016871069294089884,
fold-002,calibration,xgboost,expected,zero,3,1,20,2000,42,-1.2889032039448654e-06,-3.2431920256686646e-06,2.8048818268960977e-07,
fold-002,calibration,xgboost,expected,parent,3,1,20,2000,42,1.0942457508807731e-05,-4.0147555780156706e-05,6.787270681206347e-05,
fold-002,calibration,xgboost,expected,initial_policy,3,1,20,2000,42,0.0,0.0,0.0,
fold-002,calibration,xgboost,expected,center,3,1,20,2000,42,1.0942457508807731e-05,-4.0147555780156706e-05,6.787270681206347e-05,
fold-002,calibration,xgboost,klpo_exact,zero,3,1,20,2000,42,-1.2889032039448654e-06,-3.2431920256686646e-06,2.8048818268960977e-07,
fold-002,calibration,xgboost,klpo_exact,parent,3,1,20,2000,42,1.0942457508807731e-05,-4.0147555780156706e-05,6.787270681206347e-05,
fold-002,calibration,xgboost,klpo_exact,initial_policy,3,1,20,2000,42,0.0,0.0,0.0,
fold-002,calibration,xgboost,klpo_exact,center,3,1,20,2000,42,1.0942457508807731e-05,-4.0147555780156706e-05,6.787270681206347e-05,
fold-002,calibration,xgboost,klpo_full,zero,3,1,20,2000,42,-1.2889032039448654e-06,-3.2431920256686646e-06,2.8048818268960977e-07,
fold-002,calibration,xgboost,klpo_full,parent,3,1,20,2000,42,1.0942457508807731e-05,-4.0147555780156706e-05,6.787270681206347e-05,
fold-002,calibration,xgboost,klpo_full,initial_policy,3,1,20,2000,42,0.0,0.0,0.0,
fold-002,calibration,xgboost,klpo_full,center,3,1,20,2000,42,1.0942457508807731e-05,-4.0147555780156706e-05,6.787270681206347e-05,
fold-002,calibration,xgboost,klpo_mc,zero,3,1,20,2000,42,-1.2889032039448654e-06,-3.2431920256686646e-06,2.8048818268960977e-07,
fold-002,calibration,xgboost,klpo_mc,parent,3,1,20,2000,42,1.0942457508807731e-05,-4.0147555780156706e-05,6.787270681206347e-05,
fold-002,calibration,xgboost,klpo_mc,initial_policy,3,1,20,2000,42,0.0,0.0,0.0,
fold-002,calibration,xgboost,klpo_mc,center,3,1,20,2000,42,1.0942457508807731e-05,-4.0147555780156706e-05,6.787270681206347e-05,
fold-002,calibration,xgboost,mae,zero,3,1,20,2000,42,-1.2889032039448654e-06,-3.2431920256686646e-06,2.8048818268960977e-07,
fold-002,calibration,xgboost,mae,parent,3,1,20,2000,42,1.0942457508807731e-05,-4.0147555780156706e-05,6.787270681206347e-05,
fold-002,calibration,xgboost,mae,initial_policy,3,1,20,2000,42,0.0,0.0,0.0,
fold-002,calibration,xgboost,mae,center,3,1,20,2000,42,1.0942457508807731e-05,-4.014755578015671e-05,6.787270681206347e-05,
fold-002,calibration,xgboost,reinforce,zero,3,1,20,2000,42,-1.2889032039448654e-06,-3.2431920256686646e-06,2.8048818268960977e-07,
fold-002,calibration,xgboost,reinforce,parent,3,1,20,2000,42,1.0942457508807731e-05,-4.014755578015671e-05,6.787270681206347e-05,
fold-002,calibration,xgboost,reinforce,initial_policy,3,1,20,2000,42,0.0,0.0,0.0,
fold-002,calibration,xgboost,reinforce,center,3,1,20,2000,42,1.0942457508807731e-05,-4.014755578015671e-05,6.787270681206347e-05,
fold-002,calibration,xgboost,xgboost,zero,3,1,20,2000,42,-1.2231360712752597e-05,-7.043140555211509e-05,3.973046604322868e-05,
fold-002,calibration,dlinear,expected,zero,3,5,20,2000,42,0.00037894515765312195,6.252059805945755e-05,0.0007216658040504174,
fold-002,calibration,dlinear,expected,parent,3,5,20,2000,42,0.00010425099681000546,8.049128690718192e-05,0.00016894589852573474,
fold-002,calibration,dlinear,expected,initial_policy,3,5,20,2000,42,0.0,0.0,0.0,
fold-002,calibration,dlinear,expected,center,3,5,20,2000,42,0.00010425099681000546,8.049128690718192e-05,0.00016894589852573474,
fold-002,calibration,dlinear,klpo_exact,zero,3,5,20,2000,42,0.00037894515765312195,6.252059805945755e-05,0.0007216658040504174,
fold-002,calibration,dlinear,klpo_exact,parent,3,5,20,2000,42,0.00010425099681000546,8.049128690718192e-05,0.00016894589852573474,
fold-002,calibration,dlinear,klpo_exact,initial_policy,3,5,20,2000,42,0.0,0.0,0.0,
fold-002,calibration,dlinear,klpo_exact,center,3,5,20,2000,42,0.00010425099681000546,8.049128690718192e-05,0.00016894589852573474,
fold-002,calibration,dlinear,klpo_full,zero,3,5,20,2000,42,0.00037894515765312195,6.252059805945755e-05,0.0007216658040504174,
fold-002,calibration,dlinear,klpo_full,parent,3,5,20,2000,42,0.00010425099681000546,8.049128690718192e-05,0.00016894589852573474,
fold-002,calibration,dlinear,klpo_full,initial_policy,3,5,20,2000,42,0.0,0.0,0.0,
fold-002,calibration,dlinear,klpo_full,center,3,5,20,2000,42,0.00010425099681000546,8.049128690718192e-05,0.00016894589852573474,
fold-002,calibration,dlinear,klpo_mc,zero,3,5,20,2000,42,0.00037894515765312195,6.252059805945755e-05,0.0007216658040504174,
fold-002,calibration,dlinear,klpo_mc,parent,3,5,20,2000,42,0.00010425099681000546,8.049128690718192e-05,0.00016894589852573474,
fold-002,calibration,dlinear,klpo_mc,initial_policy,3,5,20,2000,42,0.0,0.0,0.0,
fold-002,calibration,dlinear,klpo_mc,center,3,5,20,2000,42,0.00010425099681000546,8.049128690718192e-05,0.00016894589852573474,
fold-002,calibration,dlinear,mae,zero,3,5,20,2000,42,0.00037894515765312195,6.252059805945755e-05,0.0007216658040504174,
fold-002,calibration,dlinear,mae,parent,3,5,20,2000,42,0.00010425099681000546,8.049128690718192e-05,0.00016894589852573474,
fold-002,calibration,dlinear,mae,initial_policy,3,5,20,2000,42,0.0,0.0,0.0,
fold-002,calibration,dlinear,mae,center,3,5,20,2000,42,0.00010425099681000546,8.049128690718192e-05,0.00016894589852573474,
fold-002,calibration,dlinear,neural_mae,zero,3,5,20,2000,42,4.531960430781586e-06,-3.498187700939249e-07,1.0595892512229017e-05,
fold-002,calibration,dlinear,neural_mae,parent,3,5,20,2000,42,-0.0002701622004123349,-0.0005591182201478429,4.665559066984218e-05,
fold-002,calibration,dlinear,neural_mae,initial_policy,3,5,20,2000,42,-0.0003744131972223404,-0.0007134926639418551,-6.0574522371829386e-05,
fold-002,calibration,dlinear,neural_mae,center,3,5,20,2000,42,-1.1025905933544772e-05,-4.044355389563316e-05,1.38049063394467e-05,
fold-002,calibration,dlinear,neural_mse,zero,3,5,20,2000,42,1.417959869734935e-05,-3.0808318928369777e-06,1.5654414124923176e-05,
fold-002,calibration,dlinear,neural_mse,parent,3,5,20,2000,42,-0.00026051456214576716,-0.0005647039933667777,4.676321500482391e-05,
fold-002,calibration,dlinear,neural_mse,initial_policy,3,5,20,2000,42,-0.0003647655589557726,-0.0007160779596871897,-5.8623369093292406e-05,
fold-002,calibration,dlinear,neural_mse,center,3,5,20,2000,42,-2.410116174583008e-05,-5.0579877018408984e-05,1.598021614629574e-05,
fold-002,calibration,dlinear,reference,zero,3,5,20,2000,42,0.0004822278431017189,0.0001424897809247398,0.0009320132824148781,
fold-002,calibration,dlinear,reference_mae,zero,3,5,20,2000,42,0.0001405603792497629,-7.157062228558636e-05,0.00038562288508239075,
fold-002,calibration,dlinear,reference_mae,parent,3,5,20,2000,42,-0.000341667463851956,-0.0005747786266715852,-0.00019671711905484593,
fold-002,calibration,dlinear,reference_mse,zero,3,5,20,2000,42,0.00026247494523171344,-2.2106057612782798e-05,0.0006053097546997635,
fold-002,calibration,dlinear,reference_mse,parent,3,5,20,2000,42,-0.00021975289787000548,-0.0003517476769008598,-0.00013913557616057073,
fold-002,calibration,dlinear,reinforce,zero,3,5,20,2000,42,0.00037894515765312195,6.252059805945755e-05,0.0007216658040504174,
fold-002,calibration,dlinear,reinforce,parent,3,5,20,2000,42,0.00010425099681000546,8.049128690718192e-05,0.00016894589852573474,
fold-002,calibration,dlinear,reinforce,initial_policy,3,5,20,2000,42,0.0,0.0,0.0,
fold-002,calibration,dlinear,reinforce,center,3,5,20,2000,42,0.00010425099681000546,8.049128690718192e-05,0.00016894589852573474,
fold-002,calibration,gru,expected,zero,3,5,20,2000,42,0.00046297023299367345,0.00021483588585377255,0.0006614510016865785,
fold-002,calibration,gru,expected,parent,3,5,20,2000,42,9.369066262218734e-05,5.116958523883596e-05,0.00014515693147278794,
fold-002,calibration,gru,expected,initial_policy,3,5,20,2000,42,0.0,0.0,0.0,
fold-002,calibration,gru,expected,center,3,5,20,2000,42,9.369066262218734e-05,5.116958523883596e-05,0.00014515693147278794,
fold-002,calibration,gru,klpo_exact,zero,3,5,20,2000,42,0.00046297023299367345,0.00021483588585377255,0.0006614510016865785,
fold-002,calibration,gru,klpo_exact,parent,3,5,20,2000,42,9.369066262218734e-05,5.116958523883596e-05,0.00014515693147278794,
fold-002,calibration,gru,klpo_exact,initial_policy,3,5,20,2000,42,0.0,0.0,0.0,
fold-002,calibration,gru,klpo_exact,center,3,5,20,2000,42,9.369066262218734e-05,5.116958523883596e-05,0.00014515693147278794,
fold-002,calibration,gru,klpo_full,zero,3,5,20,2000,42,0.00046297023299367345,0.00021483588585377255,0.0006614510016865785,
fold-002,calibration,gru,klpo_full,parent,3,5,20,2000,42,9.369066262218734e-05,5.116958523883596e-05,0.00014515693147278794,
fold-002,calibration,gru,klpo_full,initial_policy,3,5,20,2000,42,0.0,0.0,0.0,
fold-002,calibration,gru,klpo_full,center,3,5,20,2000,42,9.369066262218734e-05,5.116958523883596e-05,0.00014515693147278794,
fold-002,calibration,gru,klpo_mc,zero,3,5,20,2000,42,0.00046297023299367345,0.00021483588585377255,0.0006614510016865785,
fold-002,calibration,gru,klpo_mc,parent,3,5,20,2000,42,9.369066262218734e-05,5.116958523883596e-05,0.00014515693147278794,
fold-002,calibration,gru,klpo_mc,initial_policy,3,5,20,2000,42,0.0,0.0,0.0,
fold-002,calibration,gru,klpo_mc,center,3,5,20,2000,42,9.369066262218734e-05,5.116958523883596e-05,0.00014515693147278794,
fold-002,calibration,gru,mae,zero,3,5,20,2000,42,0.00046297023299367345,0.00021483588585377255,0.0006614510016865785,
fold-002,calibration,gru,mae,parent,3,5,20,2000,42,9.369066262218734e-05,5.116958523883596e-05,0.00014515693147278794,
fold-002,calibration,gru,mae,initial_policy,3,5,20,2000,42,0.0,0.0,0.0,
fold-002,calibration,gru,mae,center,3,5,20,2000,42,9.369066262218734e-05,5.116958523883596e-05,0.00014515693147278794,
fold-002,calibration,gru,neural_mae,zero,3,5,20,2000,42,3.0966794495412407e-05,7.212428860083149e-06,3.771987635137109e-05,
fold-002,calibration,gru,neural_mae,parent,3,5,20,2000,42,-0.0003383127758760737,-0.0005273316172188348,-0.00012248278662446284,
fold-002,calibration,gru,neural_mae,initial_policy,3,5,20,2000,42,-0.00043200343849826106,-0.0006436933757438399,-0.00019874653974551017,
fold-002,calibration,gru,neural_mae,center,3,5,20,2000,42,-4.525061931915835e-05,-0.00012962856347233033,1.960508065635239e-05,
fold-002,calibration,gru,neural_mse,zero,3,5,20,2000,42,6.437947115759471e-05,6.342902199470148e-06,7.44228905830913e-05,
fold-002,calibration,gru,neural_mse,parent,3,5,20,2000,42,-0.0003049000992138914,-0.0005220970591529871,-0.00011389591686561623,
fold-002,calibration,gru,neural_mse,initial_policy,3,5,20,2000,42,-0.00039859076183607875,-0.0006357015243739686,-0.00017765299782294657,
fold-002,calibration,gru,neural_mse,center,3,5,20,2000,42,-3.649945974288412e-05,-9.063164552325108e-05,4.269303159710727e-06,
fold-002,calibration,gru,reference,zero,3,5,20,2000,42,0.0005115509512508708,0.00023759060367170275,0.0009263363828137779,
fold-002,calibration,gru,reference_mae,zero,3,5,20,2000,42,0.00015273005026150759,-2.4176534207426776e-05,0.0003369932915830813,
fold-002,calibration,gru,reference_mae,parent,3,5,20,2000,42,-0.000358820900989363,-0.0006505729783133297,-0.0001901252989817701,
fold-002,calibration,gru,reference_mse,zero,3,5,20,2000,42,0.0005093736649673029,0.0002033385709071093,0.0009558951128932386,
fold-002,calibration,gru,reference_mse,parent,3,5,20,2000,42,-2.1772862835676804e-06,-4.100427709714789e-05,3.3667391730607846e-05,
fold-002,calibration,gru,reinforce,zero,3,5,20,2000,42,0.00046297023299367345,0.00021483588585377255,0.0006614510016865785,
fold-002,calibration,gru,reinforce,parent,3,5,20,2000,42,9.369066262218734e-05,5.116958523883596e-05,0.00014515693147278794,
fold-002,calibration,gru,reinforce,initial_policy,3,5,20,2000,42,0.0,0.0,0.0,
fold-002,calibration,gru,reinforce,center,3,5,20,2000,42,9.369066262218734e-05,5.116958523883596e-05,0.00014515693147278794,
fold-002,calibration,lstm,expected,zero,3,5,20,2000,42,0.0006304649908409788,0.00041600578060858184,0.0008693872481056204,
fold-002,calibration,lstm,expected,parent,3,5,20,2000,42,0.0002214278696236629,0.00013436392472402243,0.00031323523439084325,
fold-002,calibration,lstm,expected,initial_policy,3,5,20,2000,42,7.380335703808016e-05,-8.37090831109456e-06,0.00017299734828458537,
fold-002,calibration,lstm,expected,center,3,5,20,2000,42,0.00013309944014056513,8.270741439589896e-05,0.00019103812086289143,
fold-002,calibration,lstm,klpo_exact,zero,3,5,20,2000,42,0.0005566616338028987,0.0003800833419614527,0.0007191919120706099,
fold-002,calibration,lstm,klpo_exact,parent,3,5,20,2000,42,0.00014762451258558277,6.887092280861287e-05,0.00022766536130588115,
fold-002,calibration,lstm,klpo_exact,initial_policy,3,5,20,2000,42,0.0,0.0,0.0,
fold-002,calibration,lstm,klpo_exact,center,3,5,20,2000,42,0.00014762451258558277,6.887092280861287e-05,0.00022766536130588115,
fold-002,calibration,lstm,klpo_full,zero,3,5,20,2000,42,0.0005566616338028987,0.0003800833419614527,0.0007191919120706099,
fold-002,calibration,lstm,klpo_full,parent,3,5,20,2000,42,0.00014762451258558277,6.887092280861287e-05,0.00022766536130588115,
fold-002,calibration,lstm,klpo_full,initial_policy,3,5,20,2000,42,0.0,0.0,0.0,
fold-002,calibration,lstm,klpo_full,center,3,5,20,2000,42,0.00014762451258558277,6.887092280861287e-05,0.00022766536130588115,
fold-002,calibration,lstm,klpo_mc,zero,3,5,20,2000,42,0.0005566616338028987,0.0003800833419614527,0.0007191919120706099,
fold-002,calibration,lstm,klpo_mc,parent,3,5,20,2000,42,0.00014762451258558277,6.887092280861287e-05,0.00022766536130588115,
fold-002,calibration,lstm,klpo_mc,initial_policy,3,5,20,2000,42,0.0,0.0,0.0,
fold-002,calibration,lstm,klpo_mc,center,3,5,20,2000,42,0.00014762451258558277,6.887092280861287e-05,0.00022766536130588115,
fold-002,calibration,lstm,mae,zero,3,5,20,2000,42,0.0004874428472103142,0.0002474812290042362,0.0007160184481725518,
fold-002,calibration,lstm,mae,parent,3,5,20,2000,42,7.840572599299832e-05,-6.678485353196086e-05,0.00021899344675457028,
fold-002,calibration,lstm,mae,initial_policy,3,5,20,2000,42,-6.921878659258444e-05,-0.0002432772981558928,9.466851327020478e-05,
fold-002,calibration,lstm,mae,center,3,5,20,2000,42,0.00010720390960753182,8.6077526968643e-05,0.00014120288065536818,
fold-002,calibration,lstm,neural_mae,zero,3,5,20,2000,42,2.5892103592072e-06,1.1660478762435224e-06,3.3749113539706736e-06,
fold-002,calibration,lstm,neural_mae,parent,3,5,20,2000,42,-0.0004064479108581087,-0.0006118876896638043,-0.00016968247418290843,
fold-002,calibration,lstm,neural_mae,initial_policy,3,5,20,2000,42,-0.0005540724234436914,-0.0007164289079371972,-0.000378500840581266,
fold-002,calibration,lstm,neural_mae,center,3,5,20,2000,42,-4.5613576173810735e-05,-7.674249232414873e-05,-1.862836743084082e-05,
fold-002,calibration,lstm,neural_mse,zero,3,5,20,2000,42,1.2989230707352498e-05,-1.4535714196671965e-06,1.3443249088693593e-05,
fold-002,calibration,lstm,neural_mse,parent,3,5,20,2000,42,-0.0003960478905099634,-0.0006118712499455113,-0.00017203570473775317,
fold-002,calibration,lstm,neural_mse,initial_policy,3,5,20,2000,42,-0.0005436724030955461,-0.0007174445570431538,-0.00038075974954111775,
fold-002,calibration,lstm,neural_mse,center,3,5,20,2000,42,-2.170207133400043e-05,-6.12848743227289e-05,1.9699990746013037e-05,
fold-002,calibration,lstm,reference,zero,3,5,20,2000,42,0.00040696213095795945,0.00014082620582077875,0.0005793273666009726,
fold-002,calibration,lstm,reference_mae,zero,3,5,20,2000,42,0.0002074317228232774,1.5786841220244702e-05,0.0003692864140538905,
fold-002,calibration,lstm,reference_mae,parent,3,5,20,2000,42,-0.00019953040813468223,-0.00029588686174868546,-6.220300027433386e-05,
fold-002,calibration,lstm,reference_mse,zero,3,5,20,2000,42,0.0004470082600750421,0.00021972183028333328,0.0006016212123524462,
fold-002,calibration,lstm,reference_mse,parent,3,5,20,2000,42,4.004612911708248e-05,-5.912834146767192e-06,9.416605442933686e-05,
fold-002,calibration,lstm,reinforce,zero,3,5,20,2000,42,0.0005566616338028987,0.0003800833419614527,0.0007191919120706099,
fold-002,calibration,lstm,reinforce,parent,3,5,20,2000,42,0.00014762451258558277,6.887092280861287e-05,0.00022766536130588115,
fold-002,calibration,lstm,reinforce,initial_policy,3,5,20,2000,42,0.0,0.0,0.0,
fold-002,calibration,lstm,reinforce,center,3,5,20,2000,42,0.00014762451258558277,6.887092280861287e-05,0.00022766536130588115,
fold-002,calibration,ridge,expected,zero,3,5,20,2000,42,0.048878504161994005,0.04538400148687129,0.05370396640709908,
fold-002,calibration,ridge,expected,parent,3,5,20,2000,42,-0.06956927326039994,-0.09241010826485857,-0.040308107898657845,
fold-002,calibration,ridge,expected,initial_policy,3,5,20,2000,42,-0.0017553540452961616,-0.0039005159109487715,6.38461094354394e-08,
fold-002,calibration,ridge,expected,center,3,5,20,2000,42,-0.04324984932827497,-0.060504410800369814,-0.02096012170930491,
fold-002,calibration,ridge,klpo_exact,zero,3,5,20,2000,42,0.0017488666596430225,0.0011309373338354465,0.002650523174527157,
fold-002,calibration,ridge,klpo_exact,parent,3,5,20,2000,42,-0.11669891076275093,-0.14295058148196918,-0.08560247755075098,
fold-002,calibration,ridge,klpo_exact,initial_policy,3,5,20,2000,42,-0.048884991547647146,-0.05204195094717811,-0.04756734854331652,
fold-002,calibration,ridge,klpo_exact,center,3,5,20,2000,42,8.269204071043971e-05,6.689404976353233e-05,9.953177519306712e-05,
fold-002,calibration,ridge,klpo_full,zero,3,5,20,2000,42,0.016501661223505083,0.011996000926454722,0.020089790748765896,
fold-002,calibration,ridge,klpo_full,parent,3,5,20,2000,42,-0.10194611619888887,-0.1253447885747791,-0.07361176022560906,
fold-002,calibration,ridge,klpo_full,initial_policy,3,5,20,2000,42,-0.03413219698378507,-0.039920705947749,-0.03141940536157724,
fold-002,calibration,ridge,klpo_full,center,3,5,20,2000,42,-0.0004021020053000415,-0.0006231680107878955,-4.865838406628041e-05,
fold-002,calibration,ridge,klpo_mc,zero,3,5,20,2000,42,0.016432243189580788,0.011958203593547722,0.019998458584152418,
fold-002,calibration,ridge,klpo_mc,parent,3,5,20,2000,42,-0.10201553423281318,-0.1254554351502001,-0.07363134388966995,
fold-002,calibration,ridge,klpo_mc,initial_policy,3,5,20,2000,42,-0.03420161501770937,-0.040010776522883644,-0.03149113577954316,
fold-002,calibration,ridge,klpo_mc,center,3,5,20,2000,42,-0.0004088905665775003,-0.0006360848330833446,-5.1099289855638704e-05,
fold-002,calibration,ridge,mae,zero,3,5,20,2000,42,0.04823925735842925,0.04441695318248841,0.05348538626450632,
fold-002,calibration,ridge,mae,parent,3,5,20,2000,42,-0.07020852006396472,-0.09251272035855895,-0.04170209360932337,
fold-002,calibration,ridge,mae,initial_policy,3,5,20,2000,42,-0.0023946008488609214,-0.00514993762921485,-3.7730281282014576e-06,
fold-002,calibration,ridge,mae,center,3,5,20,2000,42,-0.03502285077556111,-0.05007587716311779,-0.0153673882686671,
fold-002,calibration,ridge,reinforce,zero,3,5,20,2000,42,0.048843765221945126,0.0454265689072868,0.05367821098546076,
fold-002,calibration,ridge,reinforce,parent,3,5,20,2000,42,-0.06960401220044883,-0.09246253835494159,-0.04054721515793518,
fold-002,calibration,ridge,reinforce,initial_policy,3,5,20,2000,42,-0.0017900929853450365,-0.003993093511716182,-1.4155231002552227e-06,
fold-002,calibration,ridge,reinforce,center,3,5,20,2000,42,-0.0429118192999728,-0.0601899749764157,-0.020459290746869634,
fold-002,calibration,ridge,ridge,zero,1,5,20,2000,42,0.11844777742239394,0.08710439084528002,0.14469673893933327,
fold-002,calibration,rnn,expected,zero,3,5,20,2000,42,0.00028403532937946167,-2.1477298151773176e-05,0.0006157228751340744,
fold-002,calibration,rnn,expected,parent,3,5,20,2000,42,6.32695876455599e-05,-5.9758097743207245e-06,0.0001338134846831991,
fold-002,calibration,rnn,expected,initial_policy,3,5,20,2000,42,0.0,0.0,0.0,
fold-002,calibration,rnn,expected,center,3,5,20,2000,42,6.32695876455599e-05,-5.9758097743207245e-06,0.0001338134846831991,
fold-002,calibration,rnn,klpo_exact,zero,3,5,20,2000,42,0.00028403532937946167,-2.1477298151773176e-05,0.0006157228751340744,
fold-002,calibration,rnn,klpo_exact,parent,3,5,20,2000,42,6.32695876455599e-05,-5.9758097743207245e-06,0.0001338134846831991,
fold-002,calibration,rnn,klpo_exact,initial_policy,3,5,20,2000,42,0.0,0.0,0.0,
fold-002,calibration,rnn,klpo_exact,center,3,5,20,2000,42,6.32695876455599e-05,-5.9758097743207245e-06,0.0001338134846831991,
fold-002,calibration,rnn,klpo_full,zero,3,5,20,2000,42,0.00028403532937946167,-2.1477298151773176e-05,0.0006157228751340744,
fold-002,calibration,rnn,klpo_full,parent,3,5,20,2000,42,6.32695876455599e-05,-5.9758097743207245e-06,0.0001338134846831991,
fold-002,calibration,rnn,klpo_full,initial_policy,3,5,20,2000,42,0.0,0.0,0.0,
fold-002,calibration,rnn,klpo_full,center,3,5,20,2000,42,6.32695876455599e-05,-5.9758097743207245e-06,0.0001338134846831991,
fold-002,calibration,rnn,klpo_mc,zero,3,5,20,2000,42,0.00028403532937946167,-2.1477298151773176e-05,0.0006157228751340744,
fold-002,calibration,rnn,klpo_mc,parent,3,5,20,2000,42,6.32695876455599e-05,-5.9758097743207245e-06,0.0001338134846831991,
fold-002,calibration,rnn,klpo_mc,initial_policy,3,5,20,2000,42,0.0,0.0,0.0,
fold-002,calibration,rnn,klpo_mc,center,3,5,20,2000,42,6.32695876455599e-05,-5.9758097743207245e-06,0.0001338134846831991,
fold-002,calibration,rnn,mae,zero,3,5,20,2000,42,0.00028403532937946167,-2.1477298151773176e-05,0.0006157228751340744,
fold-002,calibration,rnn,mae,parent,3,5,20,2000,42,6.32695876455599e-05,-5.9758097743207245e-06,0.0001338134846831991,
fold-002,calibration,rnn,mae,initial_policy,3,5,20,2000,42,0.0,0.0,0.0,
fold-002,calibration,rnn,mae,center,3,5,20,2000,42,6.32695876455599e-05,-5.9758097743207245e-06,0.0001338134846831991,
fold-002,calibration,rnn,neural_mae,zero,3,5,20,2000,42,2.7402299759230614e-06,1.3070736843302245e-06,4.3605032040750575e-06,
fold-002,calibration,rnn,neural_mae,parent,3,5,20,2000,42,-0.0002180255117579787,-0.0005114333685525681,5.9367343185918176e-05,
fold-002,calibration,rnn,neural_mae,initial_policy,3,5,20,2000,42,-0.0002812950994035386,-0.0006129522696979748,2.5207454574245166e-05,
fold-002,calibration,rnn,neural_mae,center,3,5,20,2000,42,-6.098679944976657e-05,-9.379472761865642e-05,-2.200538337444247e-05,
fold-002,calibration,rnn,neural_mse,zero,3,5,20,2000,42,6.627520462774809e-07,-2.901282121386007e-06,3.4670655167575774e-06,
fold-002,calibration,rnn,neural_mse,parent,3,5,20,2000,42,-0.00022010298968762427,-0.00051334680515822,5.3452313184258064e-05,
fold-002,calibration,rnn,neural_mse,initial_policy,3,5,20,2000,42,-0.0002833725773331842,-0.0006136691874939967,1.9154800001381407e-05,
fold-002,calibration,rnn,neural_mse,center,3,5,20,2000,42,-3.827284116713564e-05,-9.698756468577661e-05,1.0693938976132147e-05,
fold-002,calibration,rnn,reference,zero,3,5,20,2000,42,0.00026585557882016704,8.994903350210065e-05,0.0004264266384534267,
fold-002,calibration,rnn,reference_mae,zero,3,5,20,2000,42,0.000209077879029546,0.00012508717674065278,0.00028587595448401824,
fold-002,calibration,rnn,reference_mae,parent,3,5,20,2000,42,-5.677769979062115e-05,-0.00020602128366338358,5.7379171114652145e-05,
fold-002,calibration,rnn,reference_mse,zero,3,5,20,2000,42,0.0002843677381856505,0.0001383862348793247,0.00041615709621277576,
fold-002,calibration,rnn,reference_mse,parent,3,5,20,2000,42,1.8512159365483353e-05,-2.6463691565665317e-05,5.560427461843188e-05,
fold-002,calibration,rnn,reinforce,zero,3,5,20,2000,42,0.00028403532937946167,-2.1477298151773176e-05,0.0006157228751340744,
fold-002,calibration,rnn,reinforce,parent,3,5,20,2000,42,6.32695876455599e-05,-5.9758097743207245e-06,0.0001338134846831991,
fold-002,calibration,rnn,reinforce,initial_policy,3,5,20,2000,42,0.0,0.0,0.0,
fold-002,calibration,rnn,reinforce,center,3,5,20,2000,42,6.32695876455599e-05,-5.9758097743207245e-06,0.0001338134846831991,
fold-002,calibration,xgboost,expected,zero,3,5,20,2000,42,-1.2889032039448654e-06,-3.2708761272690937e-06,0.0,
fold-002,calibration,xgboost,expected,parent,3,5,20,2000,42,1.0942457508807731e-05,-2.1638987694346942e-05,3.645679071486799e-05,
fold-002,calibration,xgboost,expected,initial_policy,3,5,20,2000,42,0.0,0.0,0.0,
fold-002,calibration,xgboost,expected,center,3,5,20,2000,42,1.0942457508807731e-05,-2.1638987694346942e-05,3.645679071486799e-05,
fold-002,calibration,xgboost,klpo_exact,zero,3,5,20,2000,42,-1.2889032039448654e-06,-3.2708761272690937e-06,0.0,
fold-002,calibration,xgboost,klpo_exact,parent,3,5,20,2000,42,1.0942457508807731e-05,-2.1638987694346942e-05,3.645679071486799e-05,
fold-002,calibration,xgboost,klpo_exact,initial_policy,3,5,20,2000,42,0.0,0.0,0.0,
fold-002,calibration,xgboost,klpo_exact,center,3,5,20,2000,42,1.0942457508807731e-05,-2.1638987694346942e-05,3.645679071486799e-05,
fold-002,calibration,xgboost,klpo_full,zero,3,5,20,2000,42,-1.2889032039448654e-06,-3.2708761272690937e-06,0.0,
fold-002,calibration,xgboost,klpo_full,parent,3,5,20,2000,42,1.0942457508807731e-05,-2.1638987694346942e-05,3.645679071486799e-05,
fold-002,calibration,xgboost,klpo_full,initial_policy,3,5,20,2000,42,0.0,0.0,0.0,
fold-002,calibration,xgboost,klpo_full,center,3,5,20,2000,42,1.0942457508807731e-05,-2.1638987694346942e-05,3.645679071486799e-05,
fold-002,calibration,xgboost,klpo_mc,zero,3,5,20,2000,42,-1.2889032039448654e-06,-3.2708761272690937e-06,0.0,
fold-002,calibration,xgboost,klpo_mc,parent,3,5,20,2000,42,1.0942457508807731e-05,-2.1638987694346942e-05,3.645679071486799e-05,
fold-002,calibration,xgboost,klpo_mc,initial_policy,3,5,20,2000,42,0.0,0.0,0.0,
fold-002,calibration,xgboost,klpo_mc,center,3,5,20,2000,42,1.0942457508807731e-05,-2.1638987694346942e-05,3.645679071486799e-05,
fold-002,calibration,xgboost,mae,zero,3,5,20,2000,42,-1.2889032039448654e-06,-3.2708761272690937e-06,0.0,
fold-002,calibration,xgboost,mae,parent,3,5,20,2000,42,1.0942457508807731e-05,-2.1638987694346942e-05,3.645679071486799e-05,
fold-002,calibration,xgboost,mae,initial_policy,3,5,20,2000,42,0.0,0.0,0.0,
fold-002,calibration,xgboost,mae,center,3,5,20,2000,42,1.0942457508807731e-05,-2.1638987694346946e-05,3.645679071486799e-05,
fold-002,calibration,xgboost,reinforce,zero,3,5,20,2000,42,-1.2889032039448654e-06,-3.2708761272690933e-06,0.0,
fold-002,calibration,xgboost,reinforce,parent,3,5,20,2000,42,1.0942457508807731e-05,-2.1638987694346946e-05,3.645679071486799e-05,
fold-002,calibration,xgboost,reinforce,initial_policy,3,5,20,2000,42,0.0,0.0,0.0,
fold-002,calibration,xgboost,reinforce,center,3,5,20,2000,42,1.0942457508807731e-05,-2.1638987694346946e-05,3.645679071486799e-05,
fold-002,calibration,xgboost,xgboost,zero,3,5,20,2000,42,-1.2231360712752597e-05,-3.843876363819224e-05,2.0268973938320837e-05,
fold-002,calibration,dlinear,expected,zero,3,10,20,2000,42,0.00037894515765312195,0.00017921729283661695,0.0006156200432884558,
fold-002,calibration,dlinear,expected,parent,3,10,20,2000,42,0.00010425099681000546,9.657488846645576e-05,0.00016084248486666222,
fold-002,calibration,dlinear,expected,initial_policy,3,10,20,2000,42,0.0,0.0,0.0,
fold-002,calibration,dlinear,expected,center,3,10,20,2000,42,0.00010425099681000546,9.657488846645576e-05,0.00016084248486666222,
fold-002,calibration,dlinear,klpo_exact,zero,3,10,20,2000,42,0.00037894515765312195,0.00017921729283661695,0.0006156200432884558,
fold-002,calibration,dlinear,klpo_exact,parent,3,10,20,2000,42,0.00010425099681000546,9.657488846645576e-05,0.00016084248486666222,
fold-002,calibration,dlinear,klpo_exact,initial_policy,3,10,20,2000,42,0.0,0.0,0.0,
fold-002,calibration,dlinear,klpo_exact,center,3,10,20,2000,42,0.00010425099681000546,9.657488846645576e-05,0.00016084248486666222,
fold-002,calibration,dlinear,klpo_full,zero,3,10,20,2000,42,0.00037894515765312195,0.00017921729283661695,0.0006156200432884558,
fold-002,calibration,dlinear,klpo_full,parent,3,10,20,2000,42,0.00010425099681000546,9.657488846645576e-05,0.00016084248486666222,
fold-002,calibration,dlinear,klpo_full,initial_policy,3,10,20,2000,42,0.0,0.0,0.0,
fold-002,calibration,dlinear,klpo_full,center,3,10,20,2000,42,0.00010425099681000546,9.657488846645576e-05,0.00016084248486666222,
fold-002,calibration,dlinear,klpo_mc,zero,3,10,20,2000,42,0.00037894515765312195,0.00017921729283661695,0.0006156200432884558,
fold-002,calibration,dlinear,klpo_mc,parent,3,10,20,2000,42,0.00010425099681000546,9.657488846645576e-05,0.00016084248486666222,
fold-002,calibration,dlinear,klpo_mc,initial_policy,3,10,20,2000,42,0.0,0.0,0.0,
fold-002,calibration,dlinear,klpo_mc,center,3,10,20,2000,42,0.00010425099681000546,9.657488846645576e-05,0.00016084248486666222,
fold-002,calibration,dlinear,mae,zero,3,10,20,2000,42,0.00037894515765312195,0.00017921729283661695,0.0006156200432884558,
fold-002,calibration,dlinear,mae,parent,3,10,20,2000,42,0.00010425099681000546,9.657488846645576e-05,0.00016084248486666222,
fold-002,calibration,dlinear,mae,initial_policy,3,10,20,2000,42,0.0,0.0,0.0,
fold-002,calibration,dlinear,mae,center,3,10,20,2000,42,0.00010425099681000546,9.657488846645576e-05,0.00016084248486666222,
fold-002,calibration,dlinear,neural_mae,zero,3,10,20,2000,42,4.531960430781586e-06,1.1696370248612426e-06,8.490827764175407e-06,
fold-002,calibration,dlinear,neural_mae,parent,3,10,20,2000,42,-0.0002701622004123349,-0.0004736321960128382,-8.51359657380873e-05,
fold-002,calibration,dlinear,neural_mae,initial_policy,3,10,20,2000,42,-0.0003744131972223404,-0.0006094124973512026,-0.00017810100493963505,
fold-002,calibration,dlinear,neural_mae,center,3,10,20,2000,42,-1.1025905933544772e-05,-3.0304831681560866e-05,2.408674943937296e-06,
fold-002,calibration,dlinear,neural_mse,zero,3,10,20,2000,42,1.417959869734935e-05,-2.7251257684605257e-06,1.4424705714581078e-05,
fold-002,calibration,dlinear,neural_mse,parent,3,10,20,2000,42,-0.00026051456214576716,-0.00046541503623551036,-8.439833895615665e-05,
fold-002,calibration,dlinear,neural_mse,initial_policy,3,10,20,2000,42,-0.0003647655589557726,-0.0006011953375738749,-0.00017869245658435755,
fold-002,calibration,dlinear,neural_mse,center,3,10,20,2000,42,-2.410116174583008e-05,-4.622803955216205e-05,1.3579471941023523e-05,
fold-002,calibration,dlinear,reference,zero,3,10,20,2000,42,0.0004822278431017189,0.0002520299755209489,0.0007700419890050539,
fold-002,calibration,dlinear,reference_mae,zero,3,10,20,2000,42,0.0001405603792497629,-1.6283278460693746e-05,0.00028800116855434325,
fold-002,calibration,dlinear,reference_mae,parent,3,10,20,2000,42,-0.000341667463851956,-0.0004988833314605445,-0.00026831325398164274,
fold-002,calibration,dlinear,reference_mse,zero,3,10,20,2000,42,0.00026247494523171344,5.7539029191017014e-05,0.0004925042258922324,
fold-002,calibration,dlinear,reference_mse,parent,3,10,20,2000,42,-0.00021975289787000548,-0.0003394391246813904,-0.00019427137544855602,
fold-002,calibration,dlinear,reinforce,zero,3,10,20,2000,42,0.00037894515765312195,0.00017921729283661695,0.0006156200432884558,
fold-002,calibration,dlinear,reinforce,parent,3,10,20,2000,42,0.00010425099681000546,9.657488846645576e-05,0.00016084248486666222,
fold-002,calibration,dlinear,reinforce,initial_policy,3,10,20,2000,42,0.0,0.0,0.0,
fold-002,calibration,dlinear,reinforce,center,3,10,20,2000,42,0.00010425099681000546,9.657488846645576e-05,0.00016084248486666222,
fold-002,calibration,gru,expected,zero,3,10,20,2000,42,0.00046297023299367345,0.0003511619765888355,0.0005711324352252276,
fold-002,calibration,gru,expected,parent,3,10,20,2000,42,9.369066262218734e-05,7.765557324675944e-05,0.00012199741588508114,
fold-002,calibration,gru,expected,initial_policy,3,10,20,2000,42,0.0,0.0,0.0,
fold-002,calibration,gru,expected,center,3,10,20,2000,42,9.369066262218734e-05,7.765557324675944e-05,0.00012199741588508114,
fold-002,calibration,gru,klpo_exact,zero,3,10,20,2000,42,0.00046297023299367345,0.0003511619765888355,0.0005711324352252276,
fold-002,calibration,gru,klpo_exact,parent,3,10,20,2000,42,9.369066262218734e-05,7.765557324675944e-05,0.00012199741588508114,
fold-002,calibration,gru,klpo_exact,initial_policy,3,10,20,2000,42,0.0,0.0,0.0,
fold-002,calibration,gru,klpo_exact,center,3,10,20,2000,42,9.369066262218734e-05,7.765557324675944e-05,0.00012199741588508114,
fold-002,calibration,gru,klpo_full,zero,3,10,20,2000,42,0.00046297023299367345,0.0003511619765888355,0.0005711324352252276,
fold-002,calibration,gru,klpo_full,parent,3,10,20,2000,42,9.369066262218734e-05,7.765557324675944e-05,0.00012199741588508114,
fold-002,calibration,gru,klpo_full,initial_policy,3,10,20,2000,42,0.0,0.0,0.0,
fold-002,calibration,gru,klpo_full,center,3,10,20,2000,42,9.369066262218734e-05,7.765557324675944e-05,0.00012199741588508114,
fold-002,calibration,gru,klpo_mc,zero,3,10,20,2000,42,0.00046297023299367345,0.0003511619765888355,0.0005711324352252276,
fold-002,calibration,gru,klpo_mc,parent,3,10,20,2000,42,9.369066262218734e-05,7.765557324675944e-05,0.00012199741588508114,
fold-002,calibration,gru,klpo_mc,initial_policy,3,10,20,2000,42,0.0,0.0,0.0,
fold-002,calibration,gru,klpo_mc,center,3,10,20,2000,42,9.369066262218734e-05,7.765557324675944e-05,0.00012199741588508114,
fold-002,calibration,gru,mae,zero,3,10,20,2000,42,0.00046297023299367345,0.0003511619765888355,0.0005711324352252276,
fold-002,calibration,gru,mae,parent,3,10,20,2000,42,9.369066262218734e-05,7.765557324675944e-05,0.00012199741588508114,
fold-002,calibration,gru,mae,initial_policy,3,10,20,2000,42,0.0,0.0,0.0,
fold-002,calibration,gru,mae,center,3,10,20,2000,42,9.369066262218734e-05,7.765557324675944e-05,0.00012199741588508114,
fold-002,calibration,gru,neural_mae,zero,3,10,20,2000,42,3.0966794495412407e-05,9.235491151031625e-06,2.9808673878917518e-05,
fold-002,calibration,gru,neural_mae,parent,3,10,20,2000,42,-0.0003383127758760737,-0.0004403919424455996,-0.00022137783757369766,
fold-002,calibration,gru,neural_mae,initial_policy,3,10,20,2000,42,-0.00043200343849826106,-0.0005496009240811637,-0.0003301424395130238,
fold-002,calibration,gru,neural_mae,center,3,10,20,2000,42,-4.525061931915835e-05,-0.00011368637324903766,2.246824892822201e-05,
fold-002,calibration,gru,neural_mse,zero,3,10,20,2000,42,6.437947115759471e-05,5.721271464236098e-06,6.437947115759471e-05,
fold-002,calibration,gru,neural_mse,parent,3,10,20,2000,42,-0.0003049000992138914,-0.00042066409121762304,-0.00022392505110506187,
fold-002,calibration,gru,neural_mse,initial_policy,3,10,20,2000,42,-0.00039859076183607875,-0.0005174979633806727,-0.00033054409783024233,
fold-002,calibration,gru,neural_mse,center,3,10,20,2000,42,-3.649945974288412e-05,-7.270204931809337e-05,-9.70889293199296e-06,
fold-002,calibration,gru,reference,zero,3,10,20,2000,42,0.0005115509512508708,0.00035870091804508477,0.0007945075632326728,
fold-002,calibration,gru,reference_mae,zero,3,10,20,2000,42,0.00015273005026150759,2.907355696163579e-05,0.00030152559175430883,
fold-002,calibration,gru,reference_mae,parent,3,10,20,2000,42,-0.000358820900989363,-0.000581924941154905,-0.00032851155351268954,
fold-002,calibration,gru,reference_mse,zero,3,10,20,2000,42,0.0005093736649673029,0.00033702312586301265,0.000812067707342533,
fold-002,calibration,gru,reference_mse,parent,3,10,20,2000,42,-2.1772862835676804e-06,-2.2555229541523782e-05,3.388251563034798e-05,
fold-002,calibration,gru,reinforce,zero,3,10,20,2000,42,0.00046297023299367345,0.0003511619765888355,0.0005711324352252276,
fold-002,calibration,gru,reinforce,parent,3,10,20,2000,42,9.369066262218734e-05,7.765557324675944e-05,0.00012199741588508114,
fold-002,calibration,gru,reinforce,initial_policy,3,10,20,2000,42,0.0,0.0,0.0,
fold-002,calibration,gru,reinforce,center,3,10,20,2000,42,9.369066262218734e-05,7.765557324675944e-05,0.00012199741588508114,
fold-002,calibration,lstm,expected,zero,3,10,20,2000,42,0.0006304649908409788,0.00044818755646858536,0.0008280113403133347,
fold-002,calibration,lstm,expected,parent,3,10,20,2000,42,0.0002214278696236629,0.00019013870356509086,0.00030978340151764064,
fold-002,calibration,lstm,expected,initial_policy,3,10,20,2000,42,7.380335703808016e-05,3.17144807970262e-05,0.00013438469905940626,
fold-002,calibration,lstm,expected,center,3,10,20,2000,42,0.00013309944014056513,9.044830829705187e-05,0.0001762344539635306,
fold-002,calibration,lstm,klpo_exact,zero,3,10,20,2000,42,0.0005566616338028987,0.0004051154708398502,0.000738708968733153,
fold-002,calibration,lstm,klpo_exact,parent,3,10,20,2000,42,0.00014762451258558277,8.34817799652613e-05,0.0002072289649836086,
fold-002,calibration,lstm,klpo_exact,initial_policy,3,10,20,2000,42,0.0,0.0,0.0,
fold-002,calibration,lstm,klpo_exact,center,3,10,20,2000,42,0.00014762451258558277,8.34817799652613e-05,0.0002072289649836086,
fold-002,calibration,lstm,klpo_full,zero,3,10,20,2000,42,0.0005566616338028987,0.0004051154708398502,0.000738708968733153,
fold-002,calibration,lstm,klpo_full,parent,3,10,20,2000,42,0.00014762451258558277,8.34817799652613e-05,0.0002072289649836086,
fold-002,calibration,lstm,klpo_full,initial_policy,3,10,20,2000,42,0.0,0.0,0.0,
fold-002,calibration,lstm,klpo_full,center,3,10,20,2000,42,0.00014762451258558277,8.34817799652613e-05,0.0002072289649836086,
fold-002,calibration,lstm,klpo_mc,zero,3,10,20,2000,42,0.0005566616338028987,0.0004051154708398502,0.000738708968733153,
fold-002,calibration,lstm,klpo_mc,parent,3,10,20,2000,42,0.00014762451258558277,8.34817799652613e-05,0.0002072289649836086,
fold-002,calibration,lstm,klpo_mc,initial_policy,3,10,20,2000,42,0.0,0.0,0.0,
fold-002,calibration,lstm,klpo_mc,center,3,10,20,2000,42,0.00014762451258558277,8.34817799652613e-05,0.0002072289649836086,
fold-002,calibration,lstm,mae,zero,3,10,20,2000,42,0.0004874428472103142,0.0002867705616708376,0.0006184582999052937,
fold-002,calibration,lstm,mae,parent,3,10,20,2000,42,7.840572599299832e-05,-1.0766100714918428e-05,0.00012677913569452348,
fold-002,calibration,lstm,mae,initial_policy,3,10,20,2000,42,-6.921878659258444e-05,-0.0001959847004777308,-4.7459573559612864e-05,
fold-002,calibration,lstm,mae,center,3,10,20,2000,42,0.00010720390960753182,9.964751799120419e-05,0.00014112747504640744,
fold-002,calibration,lstm,neural_mae,zero,3,10,20,2000,42,2.5892103592072e-06,1.2538216799648854e-06,3.293700882615793e-06,
fold-002,calibration,lstm,neural_mae,parent,3,10,20,2000,42,-0.0004064479108581087,-0.0006267860361438986,-0.00019943884206370793,
fold-002,calibration,lstm,neural_mae,initial_policy,3,10,20,2000,42,-0.0005540724234436914,-0.000736349825980188,-0.0004031801950164355,
fold-002,calibration,lstm,neural_mae,center,3,10,20,2000,42,-4.5613576173810735e-05,-7.075076974496957e-05,-1.8607280957194575e-05,
fold-002,calibration,lstm,neural_mse,zero,3,10,20,2000,42,1.2989230707352498e-05,-1.3035244603316554e-06,1.3023206691573e-05,
fold-002,calibration,lstm,neural_mse,parent,3,10,20,2000,42,-0.0003960478905099634,-0.0006167641335158415,-0.00020146461776106295,
fold-002,calibration,lstm,neural_mse,initial_policy,3,10,20,2000,42,-0.0005436724030955461,-0.0007263279233521307,-0.0004052059707137905,
fold-002,calibration,lstm,neural_mse,center,3,10,20,2000,42,-2.170207133400043e-05,-5.313880043640168e-05,1.4772335485211966e-05,
fold-002,calibration,lstm,reference,zero,3,10,20,2000,42,0.00040696213095795945,0.0002481269612947184,0.0005455366311635363,
fold-002,calibration,lstm,reference_mae,zero,3,10,20,2000,42,0.0002074317228232774,9.537681049125585e-05,0.00035863920285197795,
fold-002,calibration,lstm,reference_mae,parent,3,10,20,2000,42,-0.00019953040813468223,-0.00023419448143243422,-0.00010011054653258286,
fold-002,calibration,lstm,reference_mse,zero,3,10,20,2000,42,0.0004470082600750421,0.0002926766871055662,0.0005697998594304838,
fold-002,calibration,lstm,reference_mse,parent,3,10,20,2000,42,4.004612911708248e-05,1.2557000969340172e-05,8.619977061922476e-05,
fold-002,calibration,lstm,reinforce,zero,3,10,20,2000,42,0.0005566616338028987,0.0004051154708398502,0.000738708968733153,
fold-002,calibration,lstm,reinforce,parent,3,10,20,2000,42,0.00014762451258558277,8.34817799652613e-05,0.0002072289649836086,
fold-002,calibration,lstm,reinforce,initial_policy,3,10,20,2000,42,0.0,0.0,0.0,
fold-002,calibration,lstm,reinforce,center,3,10,20,2000,42,0.00014762451258558277,8.34817799652613e-05,0.0002072289649836086,
fold-002,calibration,ridge,expected,zero,3,10,20,2000,42,0.048878504161994005,0.04738086121981608,0.05366590360588561,
fold-002,calibration,ridge,expected,parent,3,10,20,2000,42,-0.06956927326039994,-0.0963151184888276,-0.044163082840972465,
fold-002,calibration,ridge,expected,initial_policy,3,10,20,2000,42,-0.0017553540452961616,-0.00300582102420544,1.2657102199803428e-07,
fold-002,calibration,ridge,expected,center,3,10,20,2000,42,-0.04324984932827497,-0.06324521548464872,-0.02344197951295525,
fold-002,calibration,ridge,klpo_exact,zero,3,10,20,2000,42,0.0017488666596430225,0.0017488666596430225,0.00227493986761034,
fold-002,calibration,ridge,klpo_exact,parent,3,10,20,2000,42,-0.11669891076275093,-0.1471250177315692,-0.08973320772584396,
fold-002,calibration,ridge,klpo_exact,initial_policy,3,10,20,2000,42,-0.048884991547647146,-0.051821425040530576,-0.048099232598236445,
fold-002,calibration,ridge,klpo_exact,center,3,10,20,2000,42,8.269204071043971e-05,7.55648608052448e-05,8.409669538385647e-05,
fold-002,calibration,ridge,klpo_full,zero,3,10,20,2000,42,0.016501661223505083,0.01179078453688085,0.020123742467665715,
fold-002,calibration,ridge,klpo_full,parent,3,10,20,2000,42,-0.10194611619888887,-0.12905169868074498,-0.07975315952390769,
fold-002,calibration,ridge,klpo_full,initial_policy,3,10,20,2000,42,-0.03413219698378507,-0.03999232611095335,-0.03273739224782074,
fold-002,calibration,ridge,klpo_full,center,3,10,20,2000,42,-0.0004021020053000415,-0.0006080353406952597,-4.812912312828887e-05,
fold-002,calibration,ridge,klpo_mc,zero,3,10,20,2000,42,0.016432243189580788,0.01173833961359962,0.020022082564815864,
fold-002,calibration,ridge,klpo_mc,parent,3,10,20,2000,42,-0.10201553423281318,-0.1291533585835948,-0.07980560444718893,
fold-002,calibration,ridge,klpo_mc,initial_policy,3,10,20,2000,42,-0.03420161501770937,-0.040057635960036836,-0.03283905215067059,
fold-002,calibration,ridge,klpo_mc,center,3,10,20,2000,42,-0.0004088905665775003,-0.0006203078558914456,-4.8192362751915524e-05,
fold-002,calibration,ridge,mae,zero,3,10,20,2000,42,0.04823925735842925,0.04630729881675632,0.053256210899818975,
fold-002,calibration,ridge,mae,parent,3,10,20,2000,42,-0.07020852006396472,-0.09631962865757722,-0.045236645244032224,
fold-002,calibration,ridge,mae,initial_policy,3,10,20,2000,42,-0.0023946008488609214,-0.0041793242444496505,-5.3222246529923555e-06,
fold-002,calibration,ridge,mae,center,3,10,20,2000,42,-0.03502285077556111,-0.052283866634440394,-0.016934360761955213,
fold-002,calibration,ridge,reinforce,zero,3,10,20,2000,42,0.048843765221945126,0.047291245927088776,0.053518239071216805,
fold-002,calibration,ridge,reinforce,parent,3,10,20,2000,42,-0.06960401220044883,-0.09631690837497038,-0.04425269813369976,
fold-002,calibration,ridge,reinforce,initial_policy,3,10,20,2000,42,-0.0017900929853450365,-0.0030737911427725826,-1.7893255443469924e-06,
fold-002,calibration,ridge,reinforce,center,3,10,20,2000,42,-0.0429118192999728,-0.06292423542310778,-0.022946417444459376,
fold-002,calibration,ridge,ridge,zero,1,10,20,2000,42,0.11844777742239394,0.09154394406078854,0.14917544114841072,
fold-002,calibration,rnn,expected,zero,3,10,20,2000,42,0.00028403532937946167,8.160349683190553e-05,0.0005333000665898547,
fold-002,calibration,rnn,expected,parent,3,10,20,2000,42,6.32695876455599e-05,5.3261013335757266e-05,0.00012248518629076206,
fold-002,calibration,rnn,expected,initial_policy,3,10,20,2000,42,0.0,0.0,0.0,
fold-002,calibration,rnn,expected,center,3,10,20,2000,42,6.32695876455599e-05,5.3261013335757266e-05,0.00012248518629076206,
fold-002,calibration,rnn,klpo_exact,zero,3,10,20,2000,42,0.00028403532937946167,8.160349683190553e-05,0.0005333000665898547,
fold-002,calibration,rnn,klpo_exact,parent,3,10,20,2000,42,6.32695876455599e-05,5.3261013335757266e-05,0.00012248518629076206,
fold-002,calibration,rnn,klpo_exact,initial_policy,3,10,20,2000,42,0.0,0.0,0.0,
fold-002,calibration,rnn,klpo_exact,center,3,10,20,2000,42,6.32695876455599e-05,5.3261013335757266e-05,0.00012248518629076206,
fold-002,calibration,rnn,klpo_full,zero,3,10,20,2000,42,0.00028403532937946167,8.160349683190553e-05,0.0005333000665898547,
fold-002,calibration,rnn,klpo_full,parent,3,10,20,2000,42,6.32695876455599e-05,5.3261013335757266e-05,0.00012248518629076206,
fold-002,calibration,rnn,klpo_full,initial_policy,3,10,20,2000,42,0.0,0.0,0.0,
fold-002,calibration,rnn,klpo_full,center,3,10,20,2000,42,6.32695876455599e-05,5.3261013335757266e-05,0.00012248518629076206,
fold-002,calibration,rnn,klpo_mc,zero,3,10,20,2000,42,0.00028403532937946167,8.160349683190553e-05,0.0005333000665898547,
fold-002,calibration,rnn,klpo_mc,parent,3,10,20,2000,42,6.32695876455599e-05,5.3261013335757266e-05,0.00012248518629076206,
fold-002,calibration,rnn,klpo_mc,initial_policy,3,10,20,2000,42,0.0,0.0,0.0,
fold-002,calibration,rnn,klpo_mc,center,3,10,20,2000,42,6.32695876455599e-05,5.3261013335757266e-05,0.00012248518629076206,
fold-002,calibration,rnn,mae,zero,3,10,20,2000,42,0.00028403532937946167,8.160349683190553e-05,0.0005333000665898547,
fold-002,calibration,rnn,mae,parent,3,10,20,2000,42,6.32695876455599e-05,5.3261013335757266e-05,0.00012248518629076206,
fold-002,calibration,rnn,mae,initial_policy,3,10,20,2000,42,0.0,0.0,0.0,
fold-002,calibration,rnn,mae,center,3,10,20,2000,42,6.32695876455599e-05,5.3261013335757266e-05,0.00012248518629076206,
fold-002,calibration,rnn,neural_mae,zero,3,10,20,2000,42,2.7402299759230614e-06,2.2303733184719967e-06,3.464169810987218e-06,
fold-002,calibration,rnn,neural_mae,parent,3,10,20,2000,42,-0.0002180255117579787,-0.0004445401956384556,-2.0616278830503002e-05,
fold-002,calibration,rnn,neural_mae,initial_policy,3,10,20,2000,42,-0.0002812950994035386,-0.000531010512407408,-7.88387281700221e-05,
fold-002,calibration,rnn,neural_mae,center,3,10,20,2000,42,-6.098679944976657e-05,-7.571641227421197e-05,-2.5482846105110912e-05,
fold-002,calibration,rnn,neural_mse,zero,3,10,20,2000,42,6.627520462774809e-07,-2.512313705758766e-06,3.338188538449562e-06,
fold-002,calibration,rnn,neural_mse,parent,3,10,20,2000,42,-0.00022010298968762427,-0.0004430101707368641,-2.4333822506308385e-05,
fold-002,calibration,rnn,neural_mse,initial_policy,3,10,20,2000,42,-0.0002833725773331842,-0.0005312769630734263,-8.290770972655438e-05,
fold-002,calibration,rnn,neural_mse,center,3,10,20,2000,42,-3.827284116713564e-05,-8.873803313610473e-05,1.6693035830622286e-06,
fold-002,calibration,rnn,reference,zero,3,10,20,2000,42,0.00026585557882016704,0.00015816082020294193,0.00039509048659225137,
fold-002,calibration,rnn,reference_mae,zero,3,10,20,2000,42,0.000209077879029546,0.00015481104769569375,0.00025974272807679247,
fold-002,calibration,rnn,reference_mae,parent,3,10,20,2000,42,-5.677769979062115e-05,-0.00017281356168956082,4.712933493468477e-05,
fold-002,calibration,rnn,reference_mse,zero,3,10,20,2000,42,0.0002843677381856505,0.00020493439330231445,0.00037953948982380676,
fold-002,calibration,rnn,reference_mse,parent,3,10,20,2000,42,1.8512159365483353e-05,-2.046712015594402e-05,5.2876196121889684e-05,
fold-002,calibration,rnn,reinforce,zero,3,10,20,2000,42,0.00028403532937946167,8.160349683190553e-05,0.0005333000665898547,
fold-002,calibration,rnn,reinforce,parent,3,10,20,2000,42,6.32695876455599e-05,5.3261013335757266e-05,0.00012248518629076206,
fold-002,calibration,rnn,reinforce,initial_policy,3,10,20,2000,42,0.0,0.0,0.0,
fold-002,calibration,rnn,reinforce,center,3,10,20,2000,42,6.32695876455599e-05,5.3261013335757266e-05,0.00012248518629076206,
fold-002,calibration,xgboost,expected,zero,3,10,20,2000,42,-1.2889032039448654e-06,-1.981972923324228e-06,-3.353753584968075e-07,
fold-002,calibration,xgboost,expected,parent,3,10,20,2000,42,1.0942457508807731e-05,-7.198598153177438e-06,4.390103008053868e-05,
fold-002,calibration,xgboost,expected,initial_policy,3,10,20,2000,42,0.0,0.0,0.0,
fold-002,calibration,xgboost,expected,center,3,10,20,2000,42,1.0942457508807731e-05,-7.198598153177438e-06,4.390103008053868e-05,
fold-002,calibration,xgboost,klpo_exact,zero,3,10,20,2000,42,-1.2889032039448654e-06,-1.981972923324228e-06,-3.353753584968075e-07,
fold-002,calibration,xgboost,klpo_exact,parent,3,10,20,2000,42,1.0942457508807731e-05,-7.198598153177438e-06,4.390103008053868e-05,
fold-002,calibration,xgboost,klpo_exact,initial_policy,3,10,20,2000,42,0.0,0.0,0.0,
fold-002,calibration,xgboost,klpo_exact,center,3,10,20,2000,42,1.0942457508807731e-05,-7.198598153177438e-06,4.390103008053868e-05,
fold-002,calibration,xgboost,klpo_full,zero,3,10,20,2000,42,-1.2889032039448654e-06,-1.981972923324228e-06,-3.353753584968075e-07,
fold-002,calibration,xgboost,klpo_full,parent,3,10,20,2000,42,1.0942457508807731e-05,-7.198598153177438e-06,4.390103008053868e-05,
fold-002,calibration,xgboost,klpo_full,initial_policy,3,10,20,2000,42,0.0,0.0,0.0,
fold-002,calibration,xgboost,klpo_full,center,3,10,20,2000,42,1.0942457508807731e-05,-7.198598153177438e-06,4.390103008053868e-05,
fold-002,calibration,xgboost,klpo_mc,zero,3,10,20,2000,42,-1.2889032039448654e-06,-1.981972923324228e-06,-3.353753584968075e-07,
fold-002,calibration,xgboost,klpo_mc,parent,3,10,20,2000,42,1.0942457508807731e-05,-7.198598153177438e-06,4.390103008053868e-05,
fold-002,calibration,xgboost,klpo_mc,initial_policy,3,10,20,2000,42,0.0,0.0,0.0,
fold-002,calibration,xgboost,klpo_mc,center,3,10,20,2000,42,1.0942457508807731e-05,-7.198598153177438e-06,4.390103008053868e-05,
fold-002,calibration,xgboost,mae,zero,3,10,20,2000,42,-1.2889032039448654e-06,-1.981972923324228e-06,-3.353753584968075e-07,
fold-002,calibration,xgboost,mae,parent,3,10,20,2000,42,1.0942457508807731e-05,-7.198598153177438e-06,4.390103008053868e-05,
fold-002,calibration,xgboost,mae,initial_policy,3,10,20,2000,42,0.0,0.0,0.0,
fold-002,calibration,xgboost,mae,center,3,10,20,2000,42,1.0942457508807731e-05,-7.198598153177437e-06,4.390103008053867e-05,
fold-002,calibration,xgboost,reinforce,zero,3,10,20,2000,42,-1.2889032039448654e-06,-1.981972923324228e-06,-3.353753584968075e-07,
fold-002,calibration,xgboost,reinforce,parent,3,10,20,2000,42,1.0942457508807731e-05,-7.198598153177437e-06,4.390103008053867e-05,
fold-002,calibration,xgboost,reinforce,initial_policy,3,10,20,2000,42,0.0,0.0,0.0,
fold-002,calibration,xgboost,reinforce,center,3,10,20,2000,42,1.0942457508807731e-05,-7.19859815317744e-06,4.390103008053868e-05,
fold-002,calibration,xgboost,xgboost,zero,3,10,20,2000,42,-1.2231360712752597e-05,-4.52273919006976e-05,6.207611691515326e-06,
fold-002,calibration,dlinear,expected,zero,3,20,20,2000,42,0.00037894515765312195,,,Se necesitan más sesiones que la longitud del bloque
fold-002,calibration,dlinear,expected,parent,3,20,20,2000,42,0.00010425099681000546,,,Se necesitan más sesiones que la longitud del bloque
fold-002,calibration,dlinear,expected,initial_policy,3,20,20,2000,42,0.0,,,Se necesitan más sesiones que la longitud del bloque
fold-002,calibration,dlinear,expected,center,3,20,20,2000,42,0.00010425099681000546,,,Se necesitan más sesiones que la longitud del bloque
fold-002,calibration,dlinear,klpo_exact,zero,3,20,20,2000,42,0.00037894515765312195,,,Se necesitan más sesiones que la longitud del bloque
fold-002,calibration,dlinear,klpo_exact,parent,3,20,20,2000,42,0.00010425099681000546,,,Se necesitan más sesiones que la longitud del bloque
fold-002,calibration,dlinear,klpo_exact,initial_policy,3,20,20,2000,42,0.0,,,Se necesitan más sesiones que la longitud del bloque
fold-002,calibration,dlinear,klpo_exact,center,3,20,20,2000,42,0.00010425099681000546,,,Se necesitan más sesiones que la longitud del bloque
fold-002,calibration,dlinear,klpo_full,zero,3,20,20,2000,42,0.00037894515765312195,,,Se necesitan más sesiones que la longitud del bloque
fold-002,calibration,dlinear,klpo_full,parent,3,20,20,2000,42,0.00010425099681000546,,,Se necesitan más sesiones que la longitud del bloque
fold-002,calibration,dlinear,klpo_full,initial_policy,3,20,20,2000,42,0.0,,,Se necesitan más sesiones que la longitud del bloque
fold-002,calibration,dlinear,klpo_full,center,3,20,20,2000,42,0.00010425099681000546,,,Se necesitan más sesiones que la longitud del bloque
fold-002,calibration,dlinear,klpo_mc,zero,3,20,20,2000,42,0.00037894515765312195,,,Se necesitan más sesiones que la longitud del bloque
fold-002,calibration,dlinear,klpo_mc,parent,3,20,20,2000,42,0.00010425099681000546,,,Se necesitan más sesiones que la longitud del bloque
fold-002,calibration,dlinear,klpo_mc,initial_policy,3,20,20,2000,42,0.0,,,Se necesitan más sesiones que la longitud del bloque
fold-002,calibration,dlinear,klpo_mc,center,3,20,20,2000,42,0.00010425099681000546,,,Se necesitan más sesiones que la longitud del bloque
fold-002,calibration,dlinear,mae,zero,3,20,20,2000,42,0.00037894515765312195,,,Se necesitan más sesiones que la longitud del bloque
fold-002,calibration,dlinear,mae,parent,3,20,20,2000,42,0.00010425099681000546,,,Se necesitan más sesiones que la longitud del bloque
fold-002,calibration,dlinear,mae,initial_policy,3,20,20,2000,42,0.0,,,Se necesitan más sesiones que la longitud del bloque
fold-002,calibration,dlinear,mae,center,3,20,20,2000,42,0.00010425099681000546,,,Se necesitan más sesiones que la longitud del bloque
fold-002,calibration,dlinear,neural_mae,zero,3,20,20,2000,42,4.531960430781586e-06,,,Se necesitan más sesiones que la longitud del bloque
fold-002,calibration,dlinear,neural_mae,parent,3,20,20,2000,42,-0.0002701622004123349,,,Se necesitan más sesiones que la longitud del bloque
fold-002,calibration,dlinear,neural_mae,initial_policy,3,20,20,2000,42,-0.0003744131972223404,,,Se necesitan más sesiones que la longitud del bloque
fold-002,calibration,dlinear,neural_mae,center,3,20,20,2000,42,-1.1025905933544772e-05,,,Se necesitan más sesiones que la longitud del bloque
fold-002,calibration,dlinear,neural_mse,zero,3,20,20,2000,42,1.417959869734935e-05,,,Se necesitan más sesiones que la longitud del bloque
fold-002,calibration,dlinear,neural_mse,parent,3,20,20,2000,42,-0.00026051456214576716,,,Se necesitan más sesiones que la longitud del bloque
fold-002,calibration,dlinear,neural_mse,initial_policy,3,20,20,2000,42,-0.0003647655589557726,,,Se necesitan más sesiones que la longitud del bloque
fold-002,calibration,dlinear,neural_mse,center,3,20,20,2000,42,-2.410116174583008e-05,,,Se necesitan más sesiones que la longitud del bloque
fold-002,calibration,dlinear,reference,zero,3,20,20,2000,42,0.0004822278431017189,,,Se necesitan más sesiones que la longitud del bloque
fold-002,calibration,dlinear,reference_mae,zero,3,20,20,2000,42,0.0001405603792497629,,,Se necesitan más sesiones que la longitud del bloque
fold-002,calibration,dlinear,reference_mae,parent,3,20,20,2000,42,-0.000341667463851956,,,Se necesitan más sesiones que la longitud del bloque
fold-002,calibration,dlinear,reference_mse,zero,3,20,20,2000,42,0.00026247494523171344,,,Se necesitan más sesiones que la longitud del bloque
fold-002,calibration,dlinear,reference_mse,parent,3,20,20,2000,42,-0.00021975289787000548,,,Se necesitan más sesiones que la longitud del bloque
fold-002,calibration,dlinear,reinforce,zero,3,20,20,2000,42,0.00037894515765312195,,,Se necesitan más sesiones que la longitud del bloque
fold-002,calibration,dlinear,reinforce,parent,3,20,20,2000,42,0.00010425099681000546,,,Se necesitan más sesiones que la longitud del bloque
fold-002,calibration,dlinear,reinforce,initial_policy,3,20,20,2000,42,0.0,,,Se necesitan más sesiones que la longitud del bloque
fold-002,calibration,dlinear,reinforce,center,3,20,20,2000,42,0.00010425099681000546,,,Se necesitan más sesiones que la longitud del bloque
fold-002,calibration,gru,expected,zero,3,20,20,2000,42,0.00046297023299367345,,,Se necesitan más sesiones que la longitud del bloque
fold-002,calibration,gru,expected,parent,3,20,20,2000,42,9.369066262218734e-05,,,Se necesitan más sesiones que la longitud del bloque
fold-002,calibration,gru,expected,initial_policy,3,20,20,2000,42,0.0,,,Se necesitan más sesiones que la longitud del bloque
fold-002,calibration,gru,expected,center,3,20,20,2000,42,9.369066262218734e-05,,,Se necesitan más sesiones que la longitud del bloque
fold-002,calibration,gru,klpo_exact,zero,3,20,20,2000,42,0.00046297023299367345,,,Se necesitan más sesiones que la longitud del bloque
fold-002,calibration,gru,klpo_exact,parent,3,20,20,2000,42,9.369066262218734e-05,,,Se necesitan más sesiones que la longitud del bloque
fold-002,calibration,gru,klpo_exact,initial_policy,3,20,20,2000,42,0.0,,,Se necesitan más sesiones que la longitud del bloque
fold-002,calibration,gru,klpo_exact,center,3,20,20,2000,42,9.369066262218734e-05,,,Se necesitan más sesiones que la longitud del bloque
fold-002,calibration,gru,klpo_full,zero,3,20,20,2000,42,0.00046297023299367345,,,Se necesitan más sesiones que la longitud del bloque
fold-002,calibration,gru,klpo_full,parent,3,20,20,2000,42,9.369066262218734e-05,,,Se necesitan más sesiones que la longitud del bloque
fold-002,calibration,gru,klpo_full,initial_policy,3,20,20,2000,42,0.0,,,Se necesitan más sesiones que la longitud del bloque
fold-002,calibration,gru,klpo_full,center,3,20,20,2000,42,9.369066262218734e-05,,,Se necesitan más sesiones que la longitud del bloque
fold-002,calibration,gru,klpo_mc,zero,3,20,20,2000,42,0.00046297023299367345,,,Se necesitan más sesiones que la longitud del bloque
fold-002,calibration,gru,klpo_mc,parent,3,20,20,2000,42,9.369066262218734e-05,,,Se necesitan más sesiones que la longitud del bloque
fold-002,calibration,gru,klpo_mc,initial_policy,3,20,20,2000,42,0.0,,,Se necesitan más sesiones que la longitud del bloque
fold-002,calibration,gru,klpo_mc,center,3,20,20,2000,42,9.369066262218734e-05,,,Se necesitan más sesiones que la longitud del bloque
fold-002,calibration,gru,mae,zero,3,20,20,2000,42,0.00046297023299367345,,,Se necesitan más sesiones que la longitud del bloque
fold-002,calibration,gru,mae,parent,3,20,20,2000,42,9.369066262218734e-05,,,Se necesitan más sesiones que la longitud del bloque
fold-002,calibration,gru,mae,initial_policy,3,20,20,2000,42,0.0,,,Se necesitan más sesiones que la longitud del bloque
fold-002,calibration,gru,mae,center,3,20,20,2000,42,9.369066262218734e-05,,,Se necesitan más sesiones que la longitud del bloque
fold-002,calibration,gru,neural_mae,zero,3,20,20,2000,42,3.0966794495412407e-05,,,Se necesitan más sesiones que la longitud del bloque
fold-002,calibration,gru,neural_mae,parent,3,20,20,2000,42,-0.0003383127758760737,,,Se necesitan más sesiones que la longitud del bloque
fold-002,calibration,gru,neural_mae,initial_policy,3,20,20,2000,42,-0.00043200343849826106,,,Se necesitan más sesiones que la longitud del bloque
fold-002,calibration,gru,neural_mae,center,3,20,20,2000,42,-4.525061931915835e-05,,,Se necesitan más sesiones que la longitud del bloque
fold-002,calibration,gru,neural_mse,zero,3,20,20,2000,42,6.437947115759471e-05,,,Se necesitan más sesiones que la longitud del bloque
fold-002,calibration,gru,neural_mse,parent,3,20,20,2000,42,-0.0003049000992138914,,,Se necesitan más sesiones que la longitud del bloque
fold-002,calibration,gru,neural_mse,initial_policy,3,20,20,2000,42,-0.00039859076183607875,,,Se necesitan más sesiones que la longitud del bloque
fold-002,calibration,gru,neural_mse,center,3,20,20,2000,42,-3.649945974288412e-05,,,Se necesitan más sesiones que la longitud del bloque
fold-002,calibration,gru,reference,zero,3,20,20,2000,42,0.0005115509512508708,,,Se necesitan más sesiones que la longitud del bloque
fold-002,calibration,gru,reference_mae,zero,3,20,20,2000,42,0.00015273005026150759,,,Se necesitan más sesiones que la longitud del bloque
fold-002,calibration,gru,reference_mae,parent,3,20,20,2000,42,-0.000358820900989363,,,Se necesitan más sesiones que la longitud del bloque
fold-002,calibration,gru,reference_mse,zero,3,20,20,2000,42,0.0005093736649673029,,,Se necesitan más sesiones que la longitud del bloque
fold-002,calibration,gru,reference_mse,parent,3,20,20,2000,42,-2.1772862835676804e-06,,,Se necesitan más sesiones que la longitud del bloque
fold-002,calibration,gru,reinforce,zero,3,20,20,2000,42,0.00046297023299367345,,,Se necesitan más sesiones que la longitud del bloque
fold-002,calibration,gru,reinforce,parent,3,20,20,2000,42,9.369066262218734e-05,,,Se necesitan más sesiones que la longitud del bloque
fold-002,calibration,gru,reinforce,initial_policy,3,20,20,2000,42,0.0,,,Se necesitan más sesiones que la longitud del bloque
fold-002,calibration,gru,reinforce,center,3,20,20,2000,42,9.369066262218734e-05,,,Se necesitan más sesiones que la longitud del bloque
fold-002,calibration,lstm,expected,zero,3,20,20,2000,42,0.0006304649908409788,,,Se necesitan más sesiones que la longitud del bloque
fold-002,calibration,lstm,expected,parent,3,20,20,2000,42,0.0002214278696236629,,,Se necesitan más sesiones que la longitud del bloque
fold-002,calibration,lstm,expected,initial_policy,3,20,20,2000,42,7.380335703808016e-05,,,Se necesitan más sesiones que la longitud del bloque
fold-002,calibration,lstm,expected,center,3,20,20,2000,42,0.00013309944014056513,,,Se necesitan más sesiones que la longitud del bloque
fold-002,calibration,lstm,klpo_exact,zero,3,20,20,2000,42,0.0005566616338028987,,,Se necesitan más sesiones que la longitud del bloque
fold-002,calibration,lstm,klpo_exact,parent,3,20,20,2000,42,0.00014762451258558277,,,Se necesitan más sesiones que la longitud del bloque
fold-002,calibration,lstm,klpo_exact,initial_policy,3,20,20,2000,42,0.0,,,Se necesitan más sesiones que la longitud del bloque
fold-002,calibration,lstm,klpo_exact,center,3,20,20,2000,42,0.00014762451258558277,,,Se necesitan más sesiones que la longitud del bloque
fold-002,calibration,lstm,klpo_full,zero,3,20,20,2000,42,0.0005566616338028987,,,Se necesitan más sesiones que la longitud del bloque
fold-002,calibration,lstm,klpo_full,parent,3,20,20,2000,42,0.00014762451258558277,,,Se necesitan más sesiones que la longitud del bloque
fold-002,calibration,lstm,klpo_full,initial_policy,3,20,20,2000,42,0.0,,,Se necesitan más sesiones que la longitud del bloque
fold-002,calibration,lstm,klpo_full,center,3,20,20,2000,42,0.00014762451258558277,,,Se necesitan más sesiones que la longitud del bloque
fold-002,calibration,lstm,klpo_mc,zero,3,20,20,2000,42,0.0005566616338028987,,,Se necesitan más sesiones que la longitud del bloque
fold-002,calibration,lstm,klpo_mc,parent,3,20,20,2000,42,0.00014762451258558277,,,Se necesitan más sesiones que la longitud del bloque
fold-002,calibration,lstm,klpo_mc,initial_policy,3,20,20,2000,42,0.0,,,Se necesitan más sesiones que la longitud del bloque
fold-002,calibration,lstm,klpo_mc,center,3,20,20,2000,42,0.00014762451258558277,,,Se necesitan más sesiones que la longitud del bloque
fold-002,calibration,lstm,mae,zero,3,20,20,2000,42,0.0004874428472103142,,,Se necesitan más sesiones que la longitud del bloque
fold-002,calibration,lstm,mae,parent,3,20,20,2000,42,7.840572599299832e-05,,,Se necesitan más sesiones que la longitud del bloque
fold-002,calibration,lstm,mae,initial_policy,3,20,20,2000,42,-6.921878659258444e-05,,,Se necesitan más sesiones que la longitud del bloque
fold-002,calibration,lstm,mae,center,3,20,20,2000,42,0.00010720390960753182,,,Se necesitan más sesiones que la longitud del bloque
fold-002,calibration,lstm,neural_mae,zero,3,20,20,2000,42,2.5892103592072e-06,,,Se necesitan más sesiones que la longitud del bloque
fold-002,calibration,lstm,neural_mae,parent,3,20,20,2000,42,-0.0004064479108581087,,,Se necesitan más sesiones que la longitud del bloque
fold-002,calibration,lstm,neural_mae,initial_policy,3,20,20,2000,42,-0.0005540724234436914,,,Se necesitan más sesiones que la longitud del bloque
fold-002,calibration,lstm,neural_mae,center,3,20,20,2000,42,-4.5613576173810735e-05,,,Se necesitan más sesiones que la longitud del bloque
fold-002,calibration,lstm,neural_mse,zero,3,20,20,2000,42,1.2989230707352498e-05,,,Se necesitan más sesiones que la longitud del bloque
fold-002,calibration,lstm,neural_mse,parent,3,20,20,2000,42,-0.0003960478905099634,,,Se necesitan más sesiones que la longitud del bloque
fold-002,calibration,lstm,neural_mse,initial_policy,3,20,20,2000,42,-0.0005436724030955461,,,Se necesitan más sesiones que la longitud del bloque
fold-002,calibration,lstm,neural_mse,center,3,20,20,2000,42,-2.170207133400043e-05,,,Se necesitan más sesiones que la longitud del bloque
fold-002,calibration,lstm,reference,zero,3,20,20,2000,42,0.00040696213095795945,,,Se necesitan más sesiones que la longitud del bloque
fold-002,calibration,lstm,reference_mae,zero,3,20,20,2000,42,0.0002074317228232774,,,Se necesitan más sesiones que la longitud del bloque
fold-002,calibration,lstm,reference_mae,parent,3,20,20,2000,42,-0.00019953040813468223,,,Se necesitan más sesiones que la longitud del bloque
fold-002,calibration,lstm,reference_mse,zero,3,20,20,2000,42,0.0004470082600750421,,,Se necesitan más sesiones que la longitud del bloque
fold-002,calibration,lstm,reference_mse,parent,3,20,20,2000,42,4.004612911708248e-05,,,Se necesitan más sesiones que la longitud del bloque
fold-002,calibration,lstm,reinforce,zero,3,20,20,2000,42,0.0005566616338028987,,,Se necesitan más sesiones que la longitud del bloque
fold-002,calibration,lstm,reinforce,parent,3,20,20,2000,42,0.00014762451258558277,,,Se necesitan más sesiones que la longitud del bloque
fold-002,calibration,lstm,reinforce,initial_policy,3,20,20,2000,42,0.0,,,Se necesitan más sesiones que la longitud del bloque
fold-002,calibration,lstm,reinforce,center,3,20,20,2000,42,0.00014762451258558277,,,Se necesitan más sesiones que la longitud del bloque
fold-002,calibration,ridge,expected,zero,3,20,20,2000,42,0.048878504161994005,,,Se necesitan más sesiones que la longitud del bloque
fold-002,calibration,ridge,expected,parent,3,20,20,2000,42,-0.06956927326039994,,,Se necesitan más sesiones que la longitud del bloque
fold-002,calibration,ridge,expected,initial_policy,3,20,20,2000,42,-0.0017553540452961616,,,Se necesitan más sesiones que la longitud del bloque
fold-002,calibration,ridge,expected,center,3,20,20,2000,42,-0.04324984932827497,,,Se necesitan más sesiones que la longitud del bloque
fold-002,calibration,ridge,klpo_exact,zero,3,20,20,2000,42,0.0017488666596430225,,,Se necesitan más sesiones que la longitud del bloque
fold-002,calibration,ridge,klpo_exact,parent,3,20,20,2000,42,-0.11669891076275093,,,Se necesitan más sesiones que la longitud del bloque
fold-002,calibration,ridge,klpo_exact,initial_policy,3,20,20,2000,42,-0.048884991547647146,,,Se necesitan más sesiones que la longitud del bloque
fold-002,calibration,ridge,klpo_exact,center,3,20,20,2000,42,8.269204071043971e-05,,,Se necesitan más sesiones que la longitud del bloque
fold-002,calibration,ridge,klpo_full,zero,3,20,20,2000,42,0.016501661223505083,,,Se necesitan más sesiones que la longitud del bloque
fold-002,calibration,ridge,klpo_full,parent,3,20,20,2000,42,-0.10194611619888887,,,Se necesitan más sesiones que la longitud del bloque
fold-002,calibration,ridge,klpo_full,initial_policy,3,20,20,2000,42,-0.03413219698378507,,,Se necesitan más sesiones que la longitud del bloque
fold-002,calibration,ridge,klpo_full,center,3,20,20,2000,42,-0.0004021020053000415,,,Se necesitan más sesiones que la longitud del bloque
fold-002,calibration,ridge,klpo_mc,zero,3,20,20,2000,42,0.016432243189580788,,,Se necesitan más sesiones que la longitud del bloque
fold-002,calibration,ridge,klpo_mc,parent,3,20,20,2000,42,-0.10201553423281318,,,Se necesitan más sesiones que la longitud del bloque
fold-002,calibration,ridge,klpo_mc,initial_policy,3,20,20,2000,42,-0.03420161501770937,,,Se necesitan más sesiones que la longitud del bloque
fold-002,calibration,ridge,klpo_mc,center,3,20,20,2000,42,-0.0004088905665775003,,,Se necesitan más sesiones que la longitud del bloque
fold-002,calibration,ridge,mae,zero,3,20,20,2000,42,0.04823925735842925,,,Se necesitan más sesiones que la longitud del bloque
fold-002,calibration,ridge,mae,parent,3,20,20,2000,42,-0.07020852006396472,,,Se necesitan más sesiones que la longitud del bloque
fold-002,calibration,ridge,mae,initial_policy,3,20,20,2000,42,-0.0023946008488609214,,,Se necesitan más sesiones que la longitud del bloque
fold-002,calibration,ridge,mae,center,3,20,20,2000,42,-0.03502285077556111,,,Se necesitan más sesiones que la longitud del bloque
fold-002,calibration,ridge,reinforce,zero,3,20,20,2000,42,0.048843765221945126,,,Se necesitan más sesiones que la longitud del bloque
fold-002,calibration,ridge,reinforce,parent,3,20,20,2000,42,-0.06960401220044883,,,Se necesitan más sesiones que la longitud del bloque
fold-002,calibration,ridge,reinforce,initial_policy,3,20,20,2000,42,-0.0017900929853450365,,,Se necesitan más sesiones que la longitud del bloque
fold-002,calibration,ridge,reinforce,center,3,20,20,2000,42,-0.0429118192999728,,,Se necesitan más sesiones que la longitud del bloque
fold-002,calibration,ridge,ridge,zero,1,20,20,2000,42,0.11844777742239394,,,Se necesitan más sesiones que la longitud del bloque
fold-002,calibration,rnn,expected,zero,3,20,20,2000,42,0.00028403532937946167,,,Se necesitan más sesiones que la longitud del bloque
fold-002,calibration,rnn,expected,parent,3,20,20,2000,42,6.32695876455599e-05,,,Se necesitan más sesiones que la longitud del bloque
fold-002,calibration,rnn,expected,initial_policy,3,20,20,2000,42,0.0,,,Se necesitan más sesiones que la longitud del bloque
fold-002,calibration,rnn,expected,center,3,20,20,2000,42,6.32695876455599e-05,,,Se necesitan más sesiones que la longitud del bloque
fold-002,calibration,rnn,klpo_exact,zero,3,20,20,2000,42,0.00028403532937946167,,,Se necesitan más sesiones que la longitud del bloque
fold-002,calibration,rnn,klpo_exact,parent,3,20,20,2000,42,6.32695876455599e-05,,,Se necesitan más sesiones que la longitud del bloque
fold-002,calibration,rnn,klpo_exact,initial_policy,3,20,20,2000,42,0.0,,,Se necesitan más sesiones que la longitud del bloque
fold-002,calibration,rnn,klpo_exact,center,3,20,20,2000,42,6.32695876455599e-05,,,Se necesitan más sesiones que la longitud del bloque
fold-002,calibration,rnn,klpo_full,zero,3,20,20,2000,42,0.00028403532937946167,,,Se necesitan más sesiones que la longitud del bloque
fold-002,calibration,rnn,klpo_full,parent,3,20,20,2000,42,6.32695876455599e-05,,,Se necesitan más sesiones que la longitud del bloque
fold-002,calibration,rnn,klpo_full,initial_policy,3,20,20,2000,42,0.0,,,Se necesitan más sesiones que la longitud del bloque
fold-002,calibration,rnn,klpo_full,center,3,20,20,2000,42,6.32695876455599e-05,,,Se necesitan más sesiones que la longitud del bloque
fold-002,calibration,rnn,klpo_mc,zero,3,20,20,2000,42,0.00028403532937946167,,,Se necesitan más sesiones que la longitud del bloque
fold-002,calibration,rnn,klpo_mc,parent,3,20,20,2000,42,6.32695876455599e-05,,,Se necesitan más sesiones que la longitud del bloque
fold-002,calibration,rnn,klpo_mc,initial_policy,3,20,20,2000,42,0.0,,,Se necesitan más sesiones que la longitud del bloque
fold-002,calibration,rnn,klpo_mc,center,3,20,20,2000,42,6.32695876455599e-05,,,Se necesitan más sesiones que la longitud del bloque
fold-002,calibration,rnn,mae,zero,3,20,20,2000,42,0.00028403532937946167,,,Se necesitan más sesiones que la longitud del bloque
fold-002,calibration,rnn,mae,parent,3,20,20,2000,42,6.32695876455599e-05,,,Se necesitan más sesiones que la longitud del bloque
fold-002,calibration,rnn,mae,initial_policy,3,20,20,2000,42,0.0,,,Se necesitan más sesiones que la longitud del bloque
fold-002,calibration,rnn,mae,center,3,20,20,2000,42,6.32695876455599e-05,,,Se necesitan más sesiones que la longitud del bloque
fold-002,calibration,rnn,neural_mae,zero,3,20,20,2000,42,2.7402299759230614e-06,,,Se necesitan más sesiones que la longitud del bloque
fold-002,calibration,rnn,neural_mae,parent,3,20,20,2000,42,-0.0002180255117579787,,,Se necesitan más sesiones que la longitud del bloque
fold-002,calibration,rnn,neural_mae,initial_policy,3,20,20,2000,42,-0.0002812950994035386,,,Se necesitan más sesiones que la longitud del bloque
fold-002,calibration,rnn,neural_mae,center,3,20,20,2000,42,-6.098679944976657e-05,,,Se necesitan más sesiones que la longitud del bloque
fold-002,calibration,rnn,neural_mse,zero,3,20,20,2000,42,6.627520462774809e-07,,,Se necesitan más sesiones que la longitud del bloque
fold-002,calibration,rnn,neural_mse,parent,3,20,20,2000,42,-0.00022010298968762427,,,Se necesitan más sesiones que la longitud del bloque
fold-002,calibration,rnn,neural_mse,initial_policy,3,20,20,2000,42,-0.0002833725773331842,,,Se necesitan más sesiones que la longitud del bloque
fold-002,calibration,rnn,neural_mse,center,3,20,20,2000,42,-3.827284116713564e-05,,,Se necesitan más sesiones que la longitud del bloque
fold-002,calibration,rnn,reference,zero,3,20,20,2000,42,0.00026585557882016704,,,Se necesitan más sesiones que la longitud del bloque
fold-002,calibration,rnn,reference_mae,zero,3,20,20,2000,42,0.000209077879029546,,,Se necesitan más sesiones que la longitud del bloque
fold-002,calibration,rnn,reference_mae,parent,3,20,20,2000,42,-5.677769979062115e-05,,,Se necesitan más sesiones que la longitud del bloque
fold-002,calibration,rnn,reference_mse,zero,3,20,20,2000,42,0.0002843677381856505,,,Se necesitan más sesiones que la longitud del bloque
fold-002,calibration,rnn,reference_mse,parent,3,20,20,2000,42,1.8512159365483353e-05,,,Se necesitan más sesiones que la longitud del bloque
fold-002,calibration,rnn,reinforce,zero,3,20,20,2000,42,0.00028403532937946167,,,Se necesitan más sesiones que la longitud del bloque
fold-002,calibration,rnn,reinforce,parent,3,20,20,2000,42,6.32695876455599e-05,,,Se necesitan más sesiones que la longitud del bloque
fold-002,calibration,rnn,reinforce,initial_policy,3,20,20,2000,42,0.0,,,Se necesitan más sesiones que la longitud del bloque
fold-002,calibration,rnn,reinforce,center,3,20,20,2000,42,6.32695876455599e-05,,,Se necesitan más sesiones que la longitud del bloque
fold-002,calibration,xgboost,expected,zero,3,20,20,2000,42,-1.2889032039448654e-06,,,Se necesitan más sesiones que la longitud del bloque
fold-002,calibration,xgboost,expected,parent,3,20,20,2000,42,1.0942457508807731e-05,,,Se necesitan más sesiones que la longitud del bloque
fold-002,calibration,xgboost,expected,initial_policy,3,20,20,2000,42,0.0,,,Se necesitan más sesiones que la longitud del bloque
fold-002,calibration,xgboost,expected,center,3,20,20,2000,42,1.0942457508807731e-05,,,Se necesitan más sesiones que la longitud del bloque
fold-002,calibration,xgboost,klpo_exact,zero,3,20,20,2000,42,-1.2889032039448654e-06,,,Se necesitan más sesiones que la longitud del bloque
fold-002,calibration,xgboost,klpo_exact,parent,3,20,20,2000,42,1.0942457508807731e-05,,,Se necesitan más sesiones que la longitud del bloque
fold-002,calibration,xgboost,klpo_exact,initial_policy,3,20,20,2000,42,0.0,,,Se necesitan más sesiones que la longitud del bloque
fold-002,calibration,xgboost,klpo_exact,center,3,20,20,2000,42,1.0942457508807731e-05,,,Se necesitan más sesiones que la longitud del bloque
fold-002,calibration,xgboost,klpo_full,zero,3,20,20,2000,42,-1.2889032039448654e-06,,,Se necesitan más sesiones que la longitud del bloque
fold-002,calibration,xgboost,klpo_full,parent,3,20,20,2000,42,1.0942457508807731e-05,,,Se necesitan más sesiones que la longitud del bloque
fold-002,calibration,xgboost,klpo_full,initial_policy,3,20,20,2000,42,0.0,,,Se necesitan más sesiones que la longitud del bloque
fold-002,calibration,xgboost,klpo_full,center,3,20,20,2000,42,1.0942457508807731e-05,,,Se necesitan más sesiones que la longitud del bloque
fold-002,calibration,xgboost,klpo_mc,zero,3,20,20,2000,42,-1.2889032039448654e-06,,,Se necesitan más sesiones que la longitud del bloque
fold-002,calibration,xgboost,klpo_mc,parent,3,20,20,2000,42,1.0942457508807731e-05,,,Se necesitan más sesiones que la longitud del bloque
fold-002,calibration,xgboost,klpo_mc,initial_policy,3,20,20,2000,42,0.0,,,Se necesitan más sesiones que la longitud del bloque
fold-002,calibration,xgboost,klpo_mc,center,3,20,20,2000,42,1.0942457508807731e-05,,,Se necesitan más sesiones que la longitud del bloque
fold-002,calibration,xgboost,mae,zero,3,20,20,2000,42,-1.2889032039448654e-06,,,Se necesitan más sesiones que la longitud del bloque
fold-002,calibration,xgboost,mae,parent,3,20,20,2000,42,1.0942457508807731e-05,,,Se necesitan más sesiones que la longitud del bloque
fold-002,calibration,xgboost,mae,initial_policy,3,20,20,2000,42,0.0,,,Se necesitan más sesiones que la longitud del bloque
fold-002,calibration,xgboost,mae,center,3,20,20,2000,42,1.0942457508807731e-05,,,Se necesitan más sesiones que la longitud del bloque
fold-002,calibration,xgboost,reinforce,zero,3,20,20,2000,42,-1.2889032039448654e-06,,,Se necesitan más sesiones que la longitud del bloque
fold-002,calibration,xgboost,reinforce,parent,3,20,20,2000,42,1.0942457508807731e-05,,,Se necesitan más sesiones que la longitud del bloque
fold-002,calibration,xgboost,reinforce,initial_policy,3,20,20,2000,42,0.0,,,Se necesitan más sesiones que la longitud del bloque
fold-002,calibration,xgboost,reinforce,center,3,20,20,2000,42,1.0942457508807731e-05,,,Se necesitan más sesiones que la longitud del bloque
fold-002,calibration,xgboost,xgboost,zero,3,20,20,2000,42,-1.2231360712752597e-05,,,Se necesitan más sesiones que la longitud del bloque
fold-002,evaluation,dlinear,expected,zero,3,1,19,2000,42,0.0008018643760243166,0.00015467226440426773,0.0014378092825479117,
fold-002,evaluation,dlinear,expected,parent,3,1,19,2000,42,0.00014875498858387515,5.9563788348721555e-05,0.0002376019616622066,
fold-002,evaluation,dlinear,expected,initial_policy,3,1,19,2000,42,0.0,0.0,0.0,
fold-002,evaluation,dlinear,expected,center,3,1,19,2000,42,0.00014875498858387515,5.9563788348721555e-05,0.0002376019616622066,
fold-002,evaluation,dlinear,klpo_exact,zero,3,1,19,2000,42,0.0008018643760243166,0.00015467226440426773,0.0014378092825479117,
fold-002,evaluation,dlinear,klpo_exact,parent,3,1,19,2000,42,0.00014875498858387515,5.9563788348721555e-05,0.0002376019616622066,
fold-002,evaluation,dlinear,klpo_exact,initial_policy,3,1,19,2000,42,0.0,0.0,0.0,
fold-002,evaluation,dlinear,klpo_exact,center,3,1,19,2000,42,0.00014875498858387515,5.9563788348721555e-05,0.0002376019616622066,
fold-002,evaluation,dlinear,klpo_full,zero,3,1,19,2000,42,0.0008018643760243166,0.00015467226440426773,0.0014378092825479117,
fold-002,evaluation,dlinear,klpo_full,parent,3,1,19,2000,42,0.00014875498858387515,5.9563788348721555e-05,0.0002376019616622066,
fold-002,evaluation,dlinear,klpo_full,initial_policy,3,1,19,2000,42,0.0,0.0,0.0,
fold-002,evaluation,dlinear,klpo_full,center,3,1,19,2000,42,0.00014875498858387515,5.9563788348721555e-05,0.0002376019616622066,
fold-002,evaluation,dlinear,klpo_mc,zero,3,1,19,2000,42,0.0008018643760243166,0.00015467226440426773,0.0014378092825479117,
fold-002,evaluation,dlinear,klpo_mc,parent,3,1,19,2000,42,0.00014875498858387515,5.9563788348721555e-05,0.0002376019616622066,
fold-002,evaluation,dlinear,klpo_mc,initial_policy,3,1,19,2000,42,0.0,0.0,0.0,
fold-002,evaluation,dlinear,klpo_mc,center,3,1,19,2000,42,0.00014875498858387515,5.9563788348721555e-05,0.0002376019616622066,
fold-002,evaluation,dlinear,mae,zero,3,1,19,2000,42,0.0008018643760243166,0.00015467226440426773,0.0014378092825479117,
fold-002,evaluation,dlinear,mae,parent,3,1,19,2000,42,0.00014875498858387515,5.9563788348721555e-05,0.0002376019616622066,
fold-002,evaluation,dlinear,mae,initial_policy,3,1,19,2000,42,0.0,0.0,0.0,
fold-002,evaluation,dlinear,mae,center,3,1,19,2000,42,0.00014875498858387515,5.9563788348721555e-05,0.0002376019616622066,
fold-002,evaluation,dlinear,neural_mae,zero,3,1,19,2000,42,-7.802853879596425e-06,-6.857010769617646e-05,3.201573230246121e-05,
fold-002,evaluation,dlinear,neural_mae,parent,3,1,19,2000,42,-0.0006609122413200379,-0.0013147620513338568,-2.952053908402797e-05,
fold-002,evaluation,dlinear,neural_mae,initial_policy,3,1,19,2000,42,-0.0008096672299039131,-0.0014206727686671408,-0.00020027215349103,
fold-002,evaluation,dlinear,neural_mae,center,3,1,19,2000,42,-6.326022179872551e-06,-6.78881294095891e-05,5.933793079602552e-05,
fold-002,evaluation,dlinear,neural_mse,zero,3,1,19,2000,42,4.53992726340782e-06,-1.8649409914334355e-06,1.1348501993925288e-05,
fold-002,evaluation,dlinear,neural_mse,parent,3,1,19,2000,42,-0.0006485694601770337,-0.001327517051332586,1.742553682714123e-05,
fold-002,evaluation,dlinear,neural_mse,initial_policy,3,1,19,2000,42,-0.0007973244487609088,-0.001433040481846394,-0.0001516959811407154,
fold-002,evaluation,dlinear,neural_mse,center,3,1,19,2000,42,-6.203625840895684e-06,-6.10996441821608e-05,5.3218678166056675e-05,
fold-002,evaluation,dlinear,reference,zero,3,1,19,2000,42,0.0009575284033596435,0.0002821922272153682,0.0015848795135949595,
fold-002,evaluation,dlinear,reference_mae,zero,3,1,19,2000,42,0.0005480753838809369,2.5491321807447437e-05,0.001045067791671054,
fold-002,evaluation,dlinear,reference_mae,parent,3,1,19,2000,42,-0.0004094530194787069,-0.0006413392981306852,-0.000183438058903193,
fold-002,evaluation,dlinear,reference_mse,zero,3,1,19,2000,42,0.0006256606963363577,5.163480520754849e-05,0.0011823233812589043,
fold-002,evaluation,dlinear,reference_mse,parent,3,1,19,2000,42,-0.000331867707023286,-0.0004704188116496082,-0.0001986402663666495,
fold-002,evaluation,dlinear,reinforce,zero,3,1,19,2000,42,0.0008018643760243166,0.00015467226440426773,0.0014378092825479117,
fold-002,evaluation,dlinear,reinforce,parent,3,1,19,2000,42,0.00014875498858387515,5.9563788348721555e-05,0.0002376019616622066,
fold-002,evaluation,dlinear,reinforce,initial_policy,3,1,19,2000,42,0.0,0.0,0.0,
fold-002,evaluation,dlinear,reinforce,center,3,1,19,2000,42,0.00014875498858387515,5.9563788348721555e-05,0.0002376019616622066,
fold-002,evaluation,gru,expected,zero,3,1,19,2000,42,0.0007112047497052096,0.00014024563957731103,0.001261102201559476,
fold-002,evaluation,gru,expected,parent,3,1,19,2000,42,0.00018421806408205443,4.25503787059977e-05,0.00031378172416145965,
fold-002,evaluation,gru,expected,initial_policy,3,1,19,2000,42,0.0,0.0,0.0,
fold-002,evaluation,gru,expected,center,3,1,19,2000,42,0.00018421806408205443,4.25503787059977e-05,0.00031378172416145965,
fold-002,evaluation,gru,klpo_exact,zero,3,1,19,2000,42,0.0007112047497052096,0.00014024563957731103,0.001261102201559476,
fold-002,evaluation,gru,klpo_exact,parent,3,1,19,2000,42,0.00018421806408205443,4.25503787059977e-05,0.00031378172416145965,
fold-002,evaluation,gru,klpo_exact,initial_policy,3,1,19,2000,42,0.0,0.0,0.0,
fold-002,evaluation,gru,klpo_exact,center,3,1,19,2000,42,0.00018421806408205443,4.25503787059977e-05,0.00031378172416145965,
fold-002,evaluation,gru,klpo_full,zero,3,1,19,2000,42,0.0007112047497052096,0.00014024563957731103,0.001261102201559476,
fold-002,evaluation,gru,klpo_full,parent,3,1,19,2000,42,0.00018421806408205443,4.25503787059977e-05,0.00031378172416145965,
fold-002,evaluation,gru,klpo_full,initial_policy,3,1,19,2000,42,0.0,0.0,0.0,
fold-002,evaluation,gru,klpo_full,center,3,1,19,2000,42,0.00018421806408205443,4.25503787059977e-05,0.00031378172416145965,
fold-002,evaluation,gru,klpo_mc,zero,3,1,19,2000,42,0.0007112047497052096,0.00014024563957731103,0.001261102201559476,
fold-002,evaluation,gru,klpo_mc,parent,3,1,19,2000,42,0.00018421806408205443,4.25503787059977e-05,0.00031378172416145965,
fold-002,evaluation,gru,klpo_mc,initial_policy,3,1,19,2000,42,0.0,0.0,0.0,
fold-002,evaluation,gru,klpo_mc,center,3,1,19,2000,42,0.00018421806408205443,4.25503787059977e-05,0.00031378172416145965,
fold-002,evaluation,gru,mae,zero,3,1,19,2000,42,0.0007112047497052096,0.00014024563957731103,0.001261102201559476,
fold-002,evaluation,gru,mae,parent,3,1,19,2000,42,0.00018421806408205443,4.25503787059977e-05,0.00031378172416145965,
fold-002,evaluation,gru,mae,initial_policy,3,1,19,2000,42,0.0,0.0,0.0,
fold-002,evaluation,gru,mae,center,3,1,19,2000,42,0.00018421806408205443,4.25503787059977e-05,0.00031378172416145965,
fold-002,evaluation,gru,neural_mae,zero,3,1,19,2000,42,-4.357726265867776e-06,-3.8539619069220764e-05,1.9489467205188887e-05,
fold-002,evaluation,gru,neural_mae,parent,3,1,19,2000,42,-0.0005313444118890229,-0.0010810629331890298,8.645726063866839e-06,
fold-002,evaluation,gru,neural_mae,initial_policy,3,1,19,2000,42,-0.0007155624759710773,-0.00127384796133646,-0.00015750046846285773,
fold-002,evaluation,gru,neural_mae,center,3,1,19,2000,42,-1.5910936491364911e-06,-0.00014653492047110475,0.00014568873276417564,
fold-002,evaluation,gru,neural_mse,zero,3,1,19,2000,42,8.454069503694676e-07,-6.204729256512946e-05,4.493705540000602e-05,
fold-002,evaluation,gru,neural_mse,parent,3,1,19,2000,42,-0.0005261412786727856,-0.0010643402044097333,9.743481047729424e-06,
fold-002,evaluation,gru,neural_mse,initial_policy,3,1,19,2000,42,-0.0007103593427548401,-0.0012577747965575523,-0.0001470633326860555,
fold-002,evaluation,gru,neural_mse,center,3,1,19,2000,42,2.885193666616081e-06,-7.11181469289074e-05,8.942878890137296e-05,
fold-002,evaluation,gru,reference,zero,3,1,19,2000,42,0.0009858903423395132,0.0002999609922970437,0.0016510016827777259,
fold-002,evaluation,gru,reference_mae,zero,3,1,19,2000,42,0.00040666392376371947,-3.351340448862557e-05,0.0008535841218679322,
fold-002,evaluation,gru,reference_mae,parent,3,1,19,2000,42,-0.0005792264185757942,-0.0008642064920368786,-0.00028258082016112483,
fold-002,evaluation,gru,reference_mse,zero,3,1,19,2000,42,0.001080147124755843,0.0003550725911179413,0.00177830421146503,
fold-002,evaluation,gru,reference_mse,parent,3,1,19,2000,42,9.425678241632953e-05,4.41437920417241e-05,0.000148773894582619,
fold-002,evaluation,gru,reinforce,zero,3,1,19,2000,42,0.0007112047497052096,0.00014024563957731103,0.001261102201559476,
fold-002,evaluation,gru,reinforce,parent,3,1,19,2000,42,0.00018421806408205443,4.25503787059977e-05,0.00031378172416145965,
fold-002,evaluation,gru,reinforce,initial_policy,3,1,19,2000,42,0.0,0.0,0.0,
fold-002,evaluation,gru,reinforce,center,3,1,19,2000,42,0.00018421806408205443,4.25503787059977e-05,0.00031378172416145965,
fold-002,evaluation,lstm,expected,zero,3,1,19,2000,42,0.0009025815544745294,0.00029973928551136746,0.0014639278690943228,
fold-002,evaluation,lstm,expected,parent,3,1,19,2000,42,0.0004114922710004093,0.00026933634713622803,0.0005623123458370088,
fold-002,evaluation,lstm,expected,initial_policy,3,1,19,2000,42,0.0002763880894016076,0.00015408616504058434,0.0004030581560836078,
fold-002,evaluation,lstm,expected,center,3,1,19,2000,42,0.00011447468341898013,6.421042836932605e-05,0.0001651298227332549,
fold-002,evaluation,lstm,klpo_exact,zero,3,1,19,2000,42,0.0006261934650729216,8.390529673142519e-05,0.0011219649073363237,
fold-002,evaluation,lstm,klpo_exact,parent,3,1,19,2000,42,0.0001351041815988017,5.4665972259636386e-05,0.0002160831776757692,
fold-002,evaluation,lstm,klpo_exact,initial_policy,3,1,19,2000,42,0.0,0.0,0.0,
fold-002,evaluation,lstm,klpo_exact,center,3,1,19,2000,42,0.0001351041815988017,5.4665972259636386e-05,0.0002160831776757692,
fold-002,evaluation,lstm,klpo_full,zero,3,1,19,2000,42,0.0006261934650729216,8.390529673142519e-05,0.0011219649073363237,
fold-002,evaluation,lstm,klpo_full,parent,3,1,19,2000,42,0.0001351041815988017,5.4665972259636386e-05,0.0002160831776757692,
fold-002,evaluation,lstm,klpo_full,initial_policy,3,1,19,2000,42,0.0,0.0,0.0,
fold-002,evaluation,lstm,klpo_full,center,3,1,19,2000,42,0.0001351041815988017,5.4665972259636386e-05,0.0002160831776757692,
fold-002,evaluation,lstm,klpo_mc,zero,3,1,19,2000,42,0.0006261934650729216,8.390529673142519e-05,0.0011219649073363237,
fold-002,evaluation,lstm,klpo_mc,parent,3,1,19,2000,42,0.0001351041815988017,5.4665972259636386e-05,0.0002160831776757692,
fold-002,evaluation,lstm,klpo_mc,initial_policy,3,1,19,2000,42,0.0,0.0,0.0,
fold-002,evaluation,lstm,klpo_mc,center,3,1,19,2000,42,0.0001351041815988017,5.4665972259636386e-05,0.0002160831776757692,
fold-002,evaluation,lstm,mae,zero,3,1,19,2000,42,0.001019571211087333,0.0004894739277084686,0.0015524401776414272,
fold-002,evaluation,lstm,mae,parent,3,1,19,2000,42,0.0005284819276132134,0.0003147346748048262,0.0007399190503126077,
fold-002,evaluation,lstm,mae,initial_policy,3,1,19,2000,42,0.00039337774601441163,0.00022080587698499675,0.0005687573424070433,
fold-002,evaluation,lstm,mae,center,3,1,19,2000,42,8.900439800749016e-05,3.395949651520398e-05,0.00014531339249064716,
fold-002,evaluation,lstm,neural_mae,zero,3,1,19,2000,42,6.822087039772763e-07,-2.7877256577392398e-06,3.865960154081958e-06,
fold-002,evaluation,lstm,neural_mae,parent,3,1,19,2000,42,-0.0004904070747701427,-0.000983057363019656,4.4979350446924414e-05,
fold-002,evaluation,lstm,neural_mae,initial_policy,3,1,19,2000,42,-0.0006255112563689443,-0.0011205652517504467,-8.426260431906769e-05,
fold-002,evaluation,lstm,neural_mae,center,3,1,19,2000,42,-3.043073842766803e-05,-0.0001289149399735987,6.900887945514453e-05,
fold-002,evaluation,lstm,neural_mse,zero,3,1,19,2000,42,1.7392694740782477e-06,-7.306622259430321e-07,3.781394824565653e-06,
fold-002,evaluation,lstm,neural_mse,parent,3,1,19,2000,42,-0.0004893500140000416,-0.0009836863006512041,4.771019044520933e-05,
fold-002,evaluation,lstm,neural_mse,initial_policy,3,1,19,2000,42,-0.0006244541955988434,-0.001121766841984657,-8.208310582000409e-05,
fold-002,evaluation,lstm,neural_mse,center,3,1,19,2000,42,-5.2821838916202265e-06,-0.00011601924194859362,0.00011325040195753577,
fold-002,evaluation,lstm,reference,zero,3,1,19,2000,42,0.000779844567295967,0.0001812710105951168,0.00134635625619853,
fold-002,evaluation,lstm,reference_mae,zero,3,1,19,2000,42,0.0004760904003126786,4.448762572747709e-05,0.0008983903056178573,
fold-002,evaluation,lstm,reference_mae,parent,3,1,19,2000,42,-0.00030375416698328825,-0.0005195049641431341,-9.129761684361075e-05,
fold-002,evaluation,lstm,reference_mse,zero,3,1,19,2000,42,0.0005929651044274836,8.844967563543376e-05,0.0010867653191305893,
fold-002,evaluation,lstm,reference_mse,parent,3,1,19,2000,42,-0.00018687946286848322,-0.0003133385483084375,-6.273893235887512e-05,
fold-002,evaluation,lstm,reinforce,zero,3,1,19,2000,42,0.0006261934650729216,8.390529673142519e-05,0.0011219649073363237,
fold-002,evaluation,lstm,reinforce,parent,3,1,19,2000,42,0.0001351041815988017,5.4665972259636386e-05,0.0002160831776757692,
fold-002,evaluation,lstm,reinforce,initial_policy,3,1,19,2000,42,0.0,0.0,0.0,
fold-002,evaluation,lstm,reinforce,center,3,1,19,2000,42,0.0001351041815988017,5.4665972259636386e-05,0.0002160831776757692,
fold-002,evaluation,ridge,expected,zero,3,1,19,2000,42,0.0523600528783277,0.04911266689239493,0.05523306130648119,
fold-002,evaluation,ridge,expected,parent,3,1,19,2000,42,-0.13036819171157246,-0.14247510119002071,-0.1179866598224015,
fold-002,evaluation,ridge,expected,initial_policy,3,1,19,2000,42,0.0,0.0,0.0,
fold-002,evaluation,ridge,expected,center,3,1,19,2000,42,-0.09068826877432787,-0.10015575550535283,-0.08099985132578583,
fold-002,evaluation,ridge,klpo_exact,zero,3,1,19,2000,42,0.002473866449456072,0.0016977544397578277,0.0033307111846684755,
fold-002,evaluation,ridge,klpo_exact,parent,3,1,19,2000,42,-0.18025437814044407,-0.19294309296599316,-0.16720355969959041,
fold-002,evaluation,ridge,klpo_exact,initial_policy,3,1,19,2000,42,-0.04988618642887162,-0.05242635025654523,-0.047136406098490374,
fold-002,evaluation,ridge,klpo_exact,center,3,1,19,2000,42,8.346325098639203e-05,6.700311541247021e-05,0.00010005298109884315,
fold-002,evaluation,ridge,klpo_full,zero,3,1,19,2000,42,0.02825240441129209,0.025186241652603185,0.030953891046368958,
fold-002,evaluation,ridge,klpo_full,parent,3,1,19,2000,42,-0.15447584017860805,-0.16545385681510114,-0.1433263055231782,
fold-002,evaluation,ridge,klpo_full,initial_policy,3,1,19,2000,42,-0.02410764846703561,-0.0258751043630107,-0.022363589831408633,
fold-002,evaluation,ridge,klpo_full,center,3,1,19,2000,42,-0.0012958027146548693,-0.0016308884846594025,-0.0009732231193363218,
fold-002,evaluation,ridge,klpo_mc,zero,3,1,19,2000,42,0.02808859388137601,0.02502662855002084,0.030790713978521327,
fold-002,evaluation,ridge,klpo_mc,parent,3,1,19,2000,42,-0.15463965070852415,-0.16562959060995577,-0.1434905061111994,
fold-002,evaluation,ridge,klpo_mc,initial_policy,3,1,19,2000,42,-0.02427145899695169,-0.026037945834084635,-0.022541925586776722,
fold-002,evaluation,ridge,klpo_mc,center,3,1,19,2000,42,-0.0012745491363610744,-0.0016061607034686303,-0.000957751992773179,
fold-002,evaluation,ridge,mae,zero,3,1,19,2000,42,0.0523600528783277,0.04911266689239493,0.05523306130648119,
fold-002,evaluation,ridge,mae,parent,3,1,19,2000,42,-0.13036819171157246,-0.14247510119002071,-0.1179866598224015,
fold-002,evaluation,ridge,mae,initial_policy,3,1,19,2000,42,0.0,0.0,0.0,
fold-002,evaluation,ridge,mae,center,3,1,19,2000,42,-0.07877372059070549,-0.08727181327858854,-0.0700646037482034,
fold-002,evaluation,ridge,reinforce,zero,3,1,19,2000,42,0.05235982507490276,0.0491126611973093,0.05523283919814188,
fold-002,evaluation,ridge,reinforce,parent,3,1,19,2000,42,-0.1303684195149974,-0.14247532329836002,-0.1179868819307408,
fold-002,evaluation,ridge,reinforce,initial_policy,3,1,19,2000,42,-2.2780342493142056e-07,-6.834102747942616e-07,0.0,
fold-002,evaluation,ridge,reinforce,center,3,1,19,2000,42,-0.09081960688948577,-0.10042314929542973,-0.08085306114158998,
fold-002,evaluation,ridge,ridge,zero,1,1,19,2000,42,0.18272824458990014,0.16948858538359443,0.1954264416133429,
fold-002,evaluation,rnn,expected,zero,3,1,19,2000,42,0.0007777131469826481,2.7480550001719144e-05,0.001676144529593633,
fold-002,evaluation,rnn,expected,parent,3,1,19,2000,42,9.415415223724792e-05,-9.932778780135128e-06,0.00020236531449124132,
fold-002,evaluation,rnn,expected,initial_policy,3,1,19,2000,42,0.0,0.0,0.0,
fold-002,evaluation,rnn,expected,center,3,1,19,2000,42,9.415415223724792e-05,-9.932778780135128e-06,0.00020236531449124132,
fold-002,evaluation,rnn,klpo_exact,zero,3,1,19,2000,42,0.0007777131469826481,2.7480550001719144e-05,0.001676144529593633,
fold-002,evaluation,rnn,klpo_exact,parent,3,1,19,2000,42,9.415415223724792e-05,-9.932778780135128e-06,0.00020236531449124132,
fold-002,evaluation,rnn,klpo_exact,initial_policy,3,1,19,2000,42,0.0,0.0,0.0,
fold-002,evaluation,rnn,klpo_exact,center,3,1,19,2000,42,9.415415223724792e-05,-9.932778780135128e-06,0.00020236531449124132,
fold-002,evaluation,rnn,klpo_full,zero,3,1,19,2000,42,0.0007777131469826481,2.7480550001719144e-05,0.001676144529593633,
fold-002,evaluation,rnn,klpo_full,parent,3,1,19,2000,42,9.415415223724792e-05,-9.932778780135128e-06,0.00020236531449124132,
fold-002,evaluation,rnn,klpo_full,initial_policy,3,1,19,2000,42,0.0,0.0,0.0,
fold-002,evaluation,rnn,klpo_full,center,3,1,19,2000,42,9.415415223724792e-05,-9.932778780135128e-06,0.00020236531449124132,
fold-002,evaluation,rnn,klpo_mc,zero,3,1,19,2000,42,0.0007777131469826481,2.7480550001719144e-05,0.001676144529593633,
fold-002,evaluation,rnn,klpo_mc,parent,3,1,19,2000,42,9.415415223724792e-05,-9.932778780135128e-06,0.00020236531449124132,
fold-002,evaluation,rnn,klpo_mc,initial_policy,3,1,19,2000,42,0.0,0.0,0.0,
fold-002,evaluation,rnn,klpo_mc,center,3,1,19,2000,42,9.415415223724792e-05,-9.932778780135128e-06,0.00020236531449124132,
fold-002,evaluation,rnn,mae,zero,3,1,19,2000,42,0.0007777131469826481,2.7480550001719144e-05,0.001676144529593633,
fold-002,evaluation,rnn,mae,parent,3,1,19,2000,42,9.415415223724792e-05,-9.932778780135128e-06,0.00020236531449124132,
fold-002,evaluation,rnn,mae,initial_policy,3,1,19,2000,42,0.0,0.0,0.0,
fold-002,evaluation,rnn,mae,center,3,1,19,2000,42,9.415415223724792e-05,-9.932778780135128e-06,0.00020236531449124132,
fold-002,evaluation,rnn,neural_mae,zero,3,1,19,2000,42,1.2339562298246898e-05,1.4594388093696017e-07,3.504036391480384e-05,
fold-002,evaluation,rnn,neural_mae,parent,3,1,19,2000,42,-0.0006712194324471533,-0.0015482017468550521,6.811161517831382e-05,
fold-002,evaluation,rnn,neural_mae,initial_policy,3,1,19,2000,42,-0.0007653735846844012,-0.001642064286824768,-2.5917853535412487e-05,
fold-002,evaluation,rnn,neural_mae,center,3,1,19,2000,42,-3.70254015491776e-05,-8.080707135537399e-05,8.0180846833925e-06,
fold-002,evaluation,rnn,neural_mse,zero,3,1,19,2000,42,2.5335267977146828e-05,5.871682487792471e-06,5.399187180802876e-05,
fold-002,evaluation,rnn,neural_mse,parent,3,1,19,2000,42,-0.0006582237267682534,-0.0015320691574051673,8.698780167300143e-05,
fold-002,evaluation,rnn,neural_mse,initial_policy,3,1,19,2000,42,-0.0007523778790055013,-0.0016326281277504913,-1.0792070722384544e-05,
fold-002,evaluation,rnn,neural_mse,center,3,1,19,2000,42,-3.0664778099476354e-05,-0.00015600044054207723,0.00010331423932790266,
fold-002,evaluation,rnn,reference,zero,3,1,19,2000,42,0.0006181935759603071,1.644944008406713e-05,0.0012320970417189674,
fold-002,evaluation,rnn,reference_mae,zero,3,1,19,2000,42,0.0002624571669025923,-0.0001329996630194038,0.000649480302428114,
fold-002,evaluation,rnn,reference_mae,parent,3,1,19,2000,42,-0.00035573640905771467,-0.0006367183521699693,-8.664334644313989e-05,
fold-002,evaluation,rnn,reference_mse,zero,3,1,19,2000,42,0.000528232035547365,-3.3356539205220496e-05,0.00109685380812893,
fold-002,evaluation,rnn,reference_mse,parent,3,1,19,2000,42,-8.996154041294198e-05,-0.0001432062766032887,-3.605363925470816e-05,
fold-002,evaluation,rnn,reinforce,zero,3,1,19,2000,42,0.0007777131469826481,2.7480550001719144e-05,0.001676144529593633,
fold-002,evaluation,rnn,reinforce,parent,3,1,19,2000,42,9.415415223724792e-05,-9.932778780135128e-06,0.00020236531449124132,
fold-002,evaluation,rnn,reinforce,initial_policy,3,1,19,2000,42,0.0,0.0,0.0,
fold-002,evaluation,rnn,reinforce,center,3,1,19,2000,42,9.415415223724792e-05,-9.932778780135128e-06,0.00020236531449124132,
fold-002,evaluation,xgboost,expected,zero,3,1,19,2000,42,2.7285826013510214e-07,-1.1478131369305515e-06,1.7403400657593399e-06,
fold-002,evaluation,xgboost,expected,parent,3,1,19,2000,42,-9.055185566753804e-06,-6.734288612008213e-05,5.13483522891414e-05,
fold-002,evaluation,xgboost,expected,initial_policy,3,1,19,2000,42,0.0,0.0,0.0,
fold-002,evaluation,xgboost,expected,center,3,1,19,2000,42,-9.055185566753804e-06,-6.734288612008213e-05,5.13483522891414e-05,
fold-002,evaluation,xgboost,klpo_exact,zero,3,1,19,2000,42,2.7285826013510214e-07,-1.1478131369305515e-06,1.7403400657593399e-06,
fold-002,evaluation,xgboost,klpo_exact,parent,3,1,19,2000,42,-9.055185566753804e-06,-6.734288612008213e-05,5.13483522891414e-05,
fold-002,evaluation,xgboost,klpo_exact,initial_policy,3,1,19,2000,42,0.0,0.0,0.0,
fold-002,evaluation,xgboost,klpo_exact,center,3,1,19,2000,42,-9.055185566753804e-06,-6.734288612008213e-05,5.13483522891414e-05,
fold-002,evaluation,xgboost,klpo_full,zero,3,1,19,2000,42,2.7285826013510214e-07,-1.1478131369305515e-06,1.7403400657593399e-06,
fold-002,evaluation,xgboost,klpo_full,parent,3,1,19,2000,42,-9.055185566753804e-06,-6.734288612008213e-05,5.13483522891414e-05,
fold-002,evaluation,xgboost,klpo_full,initial_policy,3,1,19,2000,42,0.0,0.0,0.0,
fold-002,evaluation,xgboost,klpo_full,center,3,1,19,2000,42,-9.055185566753804e-06,-6.734288612008213e-05,5.13483522891414e-05,
fold-002,evaluation,xgboost,klpo_mc,zero,3,1,19,2000,42,2.7285826013510214e-07,-1.1478131369305515e-06,1.7403400657593399e-06,
fold-002,evaluation,xgboost,klpo_mc,parent,3,1,19,2000,42,-9.055185566753804e-06,-6.734288612008213e-05,5.13483522891414e-05,
fold-002,evaluation,xgboost,klpo_mc,initial_policy,3,1,19,2000,42,0.0,0.0,0.0,
fold-002,evaluation,xgboost,klpo_mc,center,3,1,19,2000,42,-9.055185566753804e-06,-6.734288612008213e-05,5.13483522891414e-05,
fold-002,evaluation,xgboost,mae,zero,3,1,19,2000,42,2.7285826013510214e-07,-1.1478131369305515e-06,1.7403400657593399e-06,
fold-002,evaluation,xgboost,mae,parent,3,1,19,2000,42,-9.055185566753804e-06,-6.734288612008213e-05,5.13483522891414e-05,
fold-002,evaluation,xgboost,mae,initial_policy,3,1,19,2000,42,0.0,0.0,0.0,
fold-002,evaluation,xgboost,mae,center,3,1,19,2000,42,-9.055185566753804e-06,-6.734288612008213e-05,5.13483522891414e-05,
fold-002,evaluation,xgboost,reinforce,zero,3,1,19,2000,42,2.7285826013510214e-07,-1.1478131369305515e-06,1.7403400657593399e-06,
fold-002,evaluation,xgboost,reinforce,parent,3,1,19,2000,42,-9.055185566753804e-06,-6.734288612008213e-05,5.13483522891414e-05,
fold-002,evaluation,xgboost,reinforce,initial_policy,3,1,19,2000,42,0.0,0.0,0.0,
fold-002,evaluation,xgboost,reinforce,center,3,1,19,2000,42,-9.055185566753804e-06,-6.734288612008213e-05,5.13483522891414e-05,
fold-002,evaluation,xgboost,xgboost,zero,3,1,19,2000,42,9.328043826888907e-06,-5.1423200478744485e-05,6.861911649489331e-05,
fold-002,evaluation,dlinear,expected,zero,3,5,19,2000,42,0.0008018643760243166,0.00010606907368221527,0.0015783015879611633,
fold-002,evaluation,dlinear,expected,parent,3,5,19,2000,42,0.00014875498858387515,9.384345473021083e-05,0.00024222884268654846,
fold-002,evaluation,dlinear,expected,initial_policy,3,5,19,2000,42,0.0,0.0,0.0,
fold-002,evaluation,dlinear,expected,center,3,5,19,2000,42,0.00014875498858387515,9.384345473021083e-05,0.00024222884268654846,
fold-002,evaluation,dlinear,klpo_exact,zero,3,5,19,2000,42,0.0008018643760243166,0.00010606907368221527,0.0015783015879611633,
fold-002,evaluation,dlinear,klpo_exact,parent,3,5,19,2000,42,0.00014875498858387515,9.384345473021083e-05,0.00024222884268654846,
fold-002,evaluation,dlinear,klpo_exact,initial_policy,3,5,19,2000,42,0.0,0.0,0.0,
fold-002,evaluation,dlinear,klpo_exact,center,3,5,19,2000,42,0.00014875498858387515,9.384345473021083e-05,0.00024222884268654846,
fold-002,evaluation,dlinear,klpo_full,zero,3,5,19,2000,42,0.0008018643760243166,0.00010606907368221527,0.0015783015879611633,
fold-002,evaluation,dlinear,klpo_full,parent,3,5,19,2000,42,0.00014875498858387515,9.384345473021083e-05,0.00024222884268654846,
fold-002,evaluation,dlinear,klpo_full,initial_policy,3,5,19,2000,42,0.0,0.0,0.0,
fold-002,evaluation,dlinear,klpo_full,center,3,5,19,2000,42,0.00014875498858387515,9.384345473021083e-05,0.00024222884268654846,
fold-002,evaluation,dlinear,klpo_mc,zero,3,5,19,2000,42,0.0008018643760243166,0.00010606907368221527,0.0015783015879611633,
fold-002,evaluation,dlinear,klpo_mc,parent,3,5,19,2000,42,0.00014875498858387515,9.384345473021083e-05,0.00024222884268654846,
fold-002,evaluation,dlinear,klpo_mc,initial_policy,3,5,19,2000,42,0.0,0.0,0.0,
fold-002,evaluation,dlinear,klpo_mc,center,3,5,19,2000,42,0.00014875498858387515,9.384345473021083e-05,0.00024222884268654846,
fold-002,evaluation,dlinear,mae,zero,3,5,19,2000,42,0.0008018643760243166,0.00010606907368221527,0.0015783015879611633,
fold-002,evaluation,dlinear,mae,parent,3,5,19,2000,42,0.00014875498858387515,9.384345473021083e-05,0.00024222884268654846,
fold-002,evaluation,dlinear,mae,initial_policy,3,5,19,2000,42,0.0,0.0,0.0,
fold-002,evaluation,dlinear,mae,center,3,5,19,2000,42,0.00014875498858387515,9.384345473021083e-05,0.00024222884268654846,
fold-002,evaluation,dlinear,neural_mae,zero,3,5,19,2000,42,-7.802853879596425e-06,-7.064433374831635e-05,3.5693221955716934e-05,
fold-002,evaluation,dlinear,neural_mae,parent,3,5,19,2000,42,-0.0006609122413200379,-0.0013452324243366806,-4.4585824976025184e-05,
fold-002,evaluation,dlinear,neural_mae,initial_policy,3,5,19,2000,42,-0.0008096672299039131,-0.0015464065416479443,-0.00016648843547108813,
fold-002,evaluation,dlinear,neural_mae,center,3,5,19,2000,42,-6.326022179872551e-06,-5.1243634812256226e-05,3.3926775611719436e-05,
fold-002,evaluation,dlinear,neural_mse,zero,3,5,19,2000,42,4.53992726340782e-06,-4.116868964614835e-06,1.2433736340427726e-05,
fold-002,evaluation,dlinear,neural_mse,parent,3,5,19,2000,42,-0.0006485694601770337,-0.0013635654038016902,6.230051030176656e-06,
fold-002,evaluation,dlinear,neural_mse,initial_policy,3,5,19,2000,42,-0.0007973244487609088,-0.0015652629409413166,-0.00011066130381051856,
fold-002,evaluation,dlinear,neural_mse,center,3,5,19,2000,42,-6.203625840895684e-06,-6.499376722813898e-05,5.779112961506633e-05,
fold-002,evaluation,dlinear,reference,zero,3,5,19,2000,42,0.0009575284033596435,0.0004488868372196185,0.0015553503580639535,
fold-002,evaluation,dlinear,reference_mae,zero,3,5,19,2000,42,0.0005480753838809369,0.0002691683817028648,0.0008958112499965087,
fold-002,evaluation,dlinear,reference_mae,parent,3,5,19,2000,42,-0.0004094530194787069,-0.0007358802492630168,-8.08891695395813e-05,
fold-002,evaluation,dlinear,reference_mse,zero,3,5,19,2000,42,0.0006256606963363577,0.0002495648386352831,0.0010454652932147671,
fold-002,evaluation,dlinear,reference_mse,parent,3,5,19,2000,42,-0.000331867707023286,-0.0005225488609038975,-0.00016637247024152129,
fold-002,evaluation,dlinear,reinforce,zero,3,5,19,2000,42,0.0008018643760243166,0.00010606907368221527,0.0015783015879611633,
fold-002,evaluation,dlinear,reinforce,parent,3,5,19,2000,42,0.00014875498858387515,9.384345473021083e-05,0.00024222884268654846,
fold-002,evaluation,dlinear,reinforce,initial_policy,3,5,19,2000,42,0.0,0.0,0.0,
fold-002,evaluation,dlinear,reinforce,center,3,5,19,2000,42,0.00014875498858387515,9.384345473021083e-05,0.00024222884268654846,
fold-002,evaluation,gru,expected,zero,3,5,19,2000,42,0.0007112047497052096,0.0004759860684961684,0.001177029672393944,
fold-002,evaluation,gru,expected,parent,3,5,19,2000,42,0.00018421806408205443,-7.880455609241672e-08,0.0003475981313535463,
fold-002,evaluation,gru,expected,initial_policy,3,5,19,2000,42,0.0,0.0,0.0,
fold-002,evaluation,gru,expected,center,3,5,19,2000,42,0.00018421806408205443,-7.880455609241672e-08,0.0003475981313535463,
fold-002,evaluation,gru,klpo_exact,zero,3,5,19,2000,42,0.0007112047497052096,0.0004759860684961684,0.001177029672393944,
fold-002,evaluation,gru,klpo_exact,parent,3,5,19,2000,42,0.00018421806408205443,-7.880455609241672e-08,0.0003475981313535463,
fold-002,evaluation,gru,klpo_exact,initial_policy,3,5,19,2000,42,0.0,0.0,0.0,
fold-002,evaluation,gru,klpo_exact,center,3,5,19,2000,42,0.00018421806408205443,-7.880455609241672e-08,0.0003475981313535463,
fold-002,evaluation,gru,klpo_full,zero,3,5,19,2000,42,0.0007112047497052096,0.0004759860684961684,0.001177029672393944,
fold-002,evaluation,gru,klpo_full,parent,3,5,19,2000,42,0.00018421806408205443,-7.880455609241672e-08,0.0003475981313535463,
fold-002,evaluation,gru,klpo_full,initial_policy,3,5,19,2000,42,0.0,0.0,0.0,
fold-002,evaluation,gru,klpo_full,center,3,5,19,2000,42,0.00018421806408205443,-7.880455609241672e-08,0.0003475981313535463,
fold-002,evaluation,gru,klpo_mc,zero,3,5,19,2000,42,0.0007112047497052096,0.0004759860684961684,0.001177029672393944,
fold-002,evaluation,gru,klpo_mc,parent,3,5,19,2000,42,0.00018421806408205443,-7.880455609241672e-08,0.0003475981313535463,
fold-002,evaluation,gru,klpo_mc,initial_policy,3,5,19,2000,42,0.0,0.0,0.0,
fold-002,evaluation,gru,klpo_mc,center,3,5,19,2000,42,0.00018421806408205443,-7.880455609241672e-08,0.0003475981313535463,
fold-002,evaluation,gru,mae,zero,3,5,19,2000,42,0.0007112047497052096,0.0004759860684961684,0.001177029672393944,
fold-002,evaluation,gru,mae,parent,3,5,19,2000,42,0.00018421806408205443,-7.880455609241672e-08,0.0003475981313535463,
fold-002,evaluation,gru,mae,initial_policy,3,5,19,2000,42,0.0,0.0,0.0,
fold-002,evaluation,gru,mae,center,3,5,19,2000,42,0.00018421806408205443,-7.880455609241672e-08,0.0003475981313535463,
fold-002,evaluation,gru,neural_mae,zero,3,5,19,2000,42,-4.357726265867776e-06,-3.58680368032982e-05,1.6006675446006478e-05,
fold-002,evaluation,gru,neural_mae,parent,3,5,19,2000,42,-0.0005313444118890229,-0.0009562489577950284,-0.000365038298184586,
fold-002,evaluation,gru,neural_mae,initial_policy,3,5,19,2000,42,-0.0007155624759710773,-0.001178812813520274,-0.000489729653792115,
fold-002,evaluation,gru,neural_mae,center,3,5,19,2000,42,-1.5910936491364911e-06,-0.00011028219216356169,0.0001607322390580676,
fold-002,evaluation,gru,neural_mse,zero,3,5,19,2000,42,8.454069503694676e-07,-3.419118893169779e-05,1.4495497249413577e-05,
fold-002,evaluation,gru,neural_mse,parent,3,5,19,2000,42,-0.0005261412786727856,-0.0009572838459918705,-0.00036482675242032093,
fold-002,evaluation,gru,neural_mse,initial_policy,3,5,19,2000,42,-0.0007103593427548401,-0.0011777974335778654,-0.0004813999979589076,
fold-002,evaluation,gru,neural_mse,center,3,5,19,2000,42,2.885193666616081e-06,-7.062032853936166e-05,9.455368046269445e-05,
fold-002,evaluation,gru,reference,zero,3,5,19,2000,42,0.0009858903423395132,0.0006598972962956691,0.0014674414631100064,
fold-002,evaluation,gru,reference_mae,zero,3,5,19,2000,42,0.00040666392376371947,0.00022212765019676397,0.0006875142684895101,
fold-002,evaluation,gru,reference_mae,parent,3,5,19,2000,42,-0.0005792264185757942,-0.000813449892252955,-0.0004113233895315846,
fold-002,evaluation,gru,reference_mse,zero,3,5,19,2000,42,0.001080147124755843,0.0007442283949073833,0.0015868714145717887,
fold-002,evaluation,gru,reference_mse,parent,3,5,19,2000,42,9.425678241632953e-05,6.568953488413717e-05,0.0001238065166915538,
fold-002,evaluation,gru,reinforce,zero,3,5,19,2000,42,0.0007112047497052096,0.0004759860684961684,0.001177029672393944,
fold-002,evaluation,gru,reinforce,parent,3,5,19,2000,42,0.00018421806408205443,-7.880455609241672e-08,0.0003475981313535463,
fold-002,evaluation,gru,reinforce,initial_policy,3,5,19,2000,42,0.0,0.0,0.0,
fold-002,evaluation,gru,reinforce,center,3,5,19,2000,42,0.00018421806408205443,-7.880455609241672e-08,0.0003475981313535463,
fold-002,evaluation,lstm,expected,zero,3,5,19,2000,42,0.0009025815544745294,0.0003376957434166752,0.001453872678246556,
fold-002,evaluation,lstm,expected,parent,3,5,19,2000,42,0.0004114922710004093,0.00018877349787548096,0.0006385771411830813,
fold-002,evaluation,lstm,expected,initial_policy,3,5,19,2000,42,0.0002763880894016076,0.00014099631501237575,0.00040936141211085094,
fold-002,evaluation,lstm,expected,center,3,5,19,2000,42,0.00011447468341898013,5.063781148529395e-05,0.00018656887459713267,
fold-002,evaluation,lstm,klpo_exact,zero,3,5,19,2000,42,0.0006261934650729216,0.0001693940396897032,0.0010948168129770886,
fold-002,evaluation,lstm,klpo_exact,parent,3,5,19,2000,42,0.0001351041815988017,3.7694723572422196e-05,0.00025139995723262885,
fold-002,evaluation,lstm,klpo_exact,initial_policy,3,5,19,2000,42,0.0,0.0,0.0,
fold-002,evaluation,lstm,klpo_exact,center,3,5,19,2000,42,0.0001351041815988017,3.7694723572422196e-05,0.00025139995723262885,
fold-002,evaluation,lstm,klpo_full,zero,3,5,19,2000,42,0.0006261934650729216,0.0001693940396897032,0.0010948168129770886,
fold-002,evaluation,lstm,klpo_full,parent,3,5,19,2000,42,0.0001351041815988017,3.7694723572422196e-05,0.00025139995723262885,
fold-002,evaluation,lstm,klpo_full,initial_policy,3,5,19,2000,42,0.0,0.0,0.0,
fold-002,evaluation,lstm,klpo_full,center,3,5,19,2000,42,0.0001351041815988017,3.7694723572422196e-05,0.00025139995723262885,
fold-002,evaluation,lstm,klpo_mc,zero,3,5,19,2000,42,0.0006261934650729216,0.0001693940396897032,0.0010948168129770886,
fold-002,evaluation,lstm,klpo_mc,parent,3,5,19,2000,42,0.0001351041815988017,3.7694723572422196e-05,0.00025139995723262885,
fold-002,evaluation,lstm,klpo_mc,initial_policy,3,5,19,2000,42,0.0,0.0,0.0,
fold-002,evaluation,lstm,klpo_mc,center,3,5,19,2000,42,0.0001351041815988017,3.7694723572422196e-05,0.00025139995723262885,
fold-002,evaluation,lstm,mae,zero,3,5,19,2000,42,0.001019571211087333,0.0005250551570887649,0.0016189893297419984,
fold-002,evaluation,lstm,mae,parent,3,5,19,2000,42,0.0005284819276132134,0.00019517073715957816,0.0008316738410278171,
fold-002,evaluation,lstm,mae,initial_policy,3,5,19,2000,42,0.00039337774601441163,0.0001391135444161696,0.0005961220780236908,
fold-002,evaluation,lstm,mae,center,3,5,19,2000,42,8.900439800749016e-05,4.784666605472734e-05,0.00015515095708152317,
fold-002,evaluation,lstm,neural_mae,zero,3,5,19,2000,42,6.822087039772763e-07,-3.1672074331048547e-06,3.4394079898590936e-06,
fold-002,evaluation,lstm,neural_mae,parent,3,5,19,2000,42,-0.0004904070747701427,-0.0008828574368111823,-8.097167921662501e-05,
fold-002,evaluation,lstm,neural_mae,initial_policy,3,5,19,2000,42,-0.0006255112563689443,-0.001092259858076877,-0.0001718546733365485,
fold-002,evaluation,lstm,neural_mae,center,3,5,19,2000,42,-3.043073842766803e-05,-0.00010520065414136495,6.282905826862338e-05,
fold-002,evaluation,lstm,neural_mse,zero,3,5,19,2000,42,1.7392694740782477e-06,5.447047572213031e-07,3.1577399616219236e-06,
fold-002,evaluation,lstm,neural_mse,parent,3,5,19,2000,42,-0.0004893500140000416,-0.0008829662534791631,-7.6280969618253e-05,
fold-002,evaluation,lstm,neural_mse,initial_policy,3,5,19,2000,42,-0.0006244541955988434,-0.001092288224609403,-0.00016704763672166614,
fold-002,evaluation,lstm,neural_mse,center,3,5,19,2000,42,-5.2821838916202265e-06,-8.807068722737692e-05,0.00010819455275588128,
fold-002,evaluation,lstm,reference,zero,3,5,19,2000,42,0.000779844567295967,0.00040808568039837385,0.0011912092708540648,
fold-002,evaluation,lstm,reference_mae,zero,3,5,19,2000,42,0.0004760904003126786,0.00022553557094898177,0.0007650055715490832,
fold-002,evaluation,lstm,reference_mae,parent,3,5,19,2000,42,-0.00030375416698328825,-0.00045142976050618916,-0.0001713279947998827,
fold-002,evaluation,lstm,reference_mse,zero,3,5,19,2000,42,0.0005929651044274836,0.00026200973324563625,0.0009326733902924625,
fold-002,evaluation,lstm,reference_mse,parent,3,5,19,2000,42,-0.00018687946286848322,-0.00028204673008421107,-0.0001335448226641025,
fold-002,evaluation,lstm,reinforce,zero,3,5,19,2000,42,0.0006261934650729216,0.0001693940396897032,0.0010948168129770886,
fold-002,evaluation,lstm,reinforce,parent,3,5,19,2000,42,0.0001351041815988017,3.7694723572422196e-05,0.00025139995723262885,
fold-002,evaluation,lstm,reinforce,initial_policy,3,5,19,2000,42,0.0,0.0,0.0,
fold-002,evaluation,lstm,reinforce,center,3,5,19,2000,42,0.0001351041815988017,3.7694723572422196e-05,0.00025139995723262885,
fold-002,evaluation,ridge,expected,zero,3,5,19,2000,42,0.0523600528783277,0.04998370483315251,0.05556757872722151,
fold-002,evaluation,ridge,expected,parent,3,5,19,2000,42,-0.13036819171157246,-0.13771339980764255,-0.11026621134843885,
fold-002,evaluation,ridge,expected,initial_policy,3,5,19,2000,42,0.0,0.0,0.0,
fold-002,evaluation,ridge,expected,center,3,5,19,2000,42,-0.09068826877432787,-0.0963102282529761,-0.07517772746477462,
fold-002,evaluation,ridge,klpo_exact,zero,3,5,19,2000,42,0.002473866449456072,0.0017443397274307614,0.0038110229421643707,
fold-002,evaluation,ridge,klpo_exact,parent,3,5,19,2000,42,-0.18025437814044407,-0.1890853679328956,-0.1587796001903615,
fold-002,evaluation,ridge,klpo_exact,initial_policy,3,5,19,2000,42,-0.04988618642887162,-0.05248415902394424,-0.04744570492915778,
fold-002,evaluation,ridge,klpo_exact,center,3,5,19,2000,42,8.346325098639203e-05,6.480136820976748e-05,9.732210014568005e-05,
fold-002,evaluation,ridge,klpo_full,zero,3,5,19,2000,42,0.02825240441129209,0.024083882195184526,0.03158882240408644,
fold-002,evaluation,ridge,klpo_full,parent,3,5,19,2000,42,-0.15447584017860805,-0.16129035324818009,-0.1364847706025997,
fold-002,evaluation,ridge,klpo_full,initial_policy,3,5,19,2000,42,-0.02410764846703561,-0.026681640827575008,-0.023286149082062772,
fold-002,evaluation,ridge,klpo_full,center,3,5,19,2000,42,-0.0012958027146548693,-0.0014898984197364467,-0.000782996804992119,
fold-002,evaluation,ridge,klpo_mc,zero,3,5,19,2000,42,0.02808859388137601,0.023927486631268757,0.03143331879441801,
fold-002,evaluation,ridge,klpo_mc,parent,3,5,19,2000,42,-0.15463965070852415,-0.1614409036993571,-0.13663037529557553,
fold-002,evaluation,ridge,klpo_mc,initial_policy,3,5,19,2000,42,-0.02427145899695169,-0.026832132251666342,-0.023442219925588842,
fold-002,evaluation,ridge,klpo_mc,center,3,5,19,2000,42,-0.0012745491363610744,-0.0014602851886381897,-0.0007766100069266774,
fold-002,evaluation,ridge,mae,zero,3,5,19,2000,42,0.0523600528783277,0.04998370483315251,0.05556757872722151,
fold-002,evaluation,ridge,mae,parent,3,5,19,2000,42,-0.13036819171157246,-0.13771339980764255,-0.11026621134843885,
fold-002,evaluation,ridge,mae,initial_policy,3,5,19,2000,42,0.0,0.0,0.0,
fold-002,evaluation,ridge,mae,center,3,5,19,2000,42,-0.07877372059070549,-0.08383250670928179,-0.06486500730640331,
fold-002,evaluation,ridge,reinforce,zero,3,5,19,2000,42,0.05235982507490276,0.04998302711796333,0.05556712881545727,
fold-002,evaluation,ridge,reinforce,parent,3,5,19,2000,42,-0.1303684195149974,-0.13771339980764255,-0.11026667265037433,
fold-002,evaluation,ridge,reinforce,initial_policy,3,5,19,2000,42,-2.2780342493142056e-07,-6.834102747942616e-07,0.0,
fold-002,evaluation,ridge,reinforce,center,3,5,19,2000,42,-0.09081960688948577,-0.09692580486135667,-0.07462728410070896,
fold-002,evaluation,ridge,ridge,zero,1,5,19,2000,42,0.18272824458990014,0.16107980564100957,0.1917913123340825,
fold-002,evaluation,rnn,expected,zero,3,5,19,2000,42,0.0007777131469826481,0.00032975785212683233,0.0015052289719333428,
fold-002,evaluation,rnn,expected,parent,3,5,19,2000,42,9.415415223724792e-05,-4.838909923254526e-05,0.0002410975207986127,
fold-002,evaluation,rnn,expected,initial_policy,3,5,19,2000,42,0.0,0.0,0.0,
fold-002,evaluation,rnn,expected,center,3,5,19,2000,42,9.415415223724792e-05,-4.838909923254526e-05,0.0002410975207986127,
fold-002,evaluation,rnn,klpo_exact,zero,3,5,19,2000,42,0.0007777131469826481,0.00032975785212683233,0.0015052289719333428,
fold-002,evaluation,rnn,klpo_exact,parent,3,5,19,2000,42,9.415415223724792e-05,-4.838909923254526e-05,0.0002410975207986127,
fold-002,evaluation,rnn,klpo_exact,initial_policy,3,5,19,2000,42,0.0,0.0,0.0,
fold-002,evaluation,rnn,klpo_exact,center,3,5,19,2000,42,9.415415223724792e-05,-4.838909923254526e-05,0.0002410975207986127,
fold-002,evaluation,rnn,klpo_full,zero,3,5,19,2000,42,0.0007777131469826481,0.00032975785212683233,0.0015052289719333428,
fold-002,evaluation,rnn,klpo_full,parent,3,5,19,2000,42,9.415415223724792e-05,-4.838909923254526e-05,0.0002410975207986127,
fold-002,evaluation,rnn,klpo_full,initial_policy,3,5,19,2000,42,0.0,0.0,0.0,
fold-002,evaluation,rnn,klpo_full,center,3,5,19,2000,42,9.415415223724792e-05,-4.838909923254526e-05,0.0002410975207986127,
fold-002,evaluation,rnn,klpo_mc,zero,3,5,19,2000,42,0.0007777131469826481,0.00032975785212683233,0.0015052289719333428,
fold-002,evaluation,rnn,klpo_mc,parent,3,5,19,2000,42,9.415415223724792e-05,-4.838909923254526e-05,0.0002410975207986127,
fold-002,evaluation,rnn,klpo_mc,initial_policy,3,5,19,2000,42,0.0,0.0,0.0,
fold-002,evaluation,rnn,klpo_mc,center,3,5,19,2000,42,9.415415223724792e-05,-4.838909923254526e-05,0.0002410975207986127,
fold-002,evaluation,rnn,mae,zero,3,5,19,2000,42,0.0007777131469826481,0.00032975785212683233,0.0015052289719333428,
fold-002,evaluation,rnn,mae,parent,3,5,19,2000,42,9.415415223724792e-05,-4.838909923254526e-05,0.0002410975207986127,
fold-002,evaluation,rnn,mae,initial_policy,3,5,19,2000,42,0.0,0.0,0.0,
fold-002,evaluation,rnn,mae,center,3,5,19,2000,42,9.415415223724792e-05,-4.838909923254526e-05,0.0002410975207986127,
fold-002,evaluation,rnn,neural_mae,zero,3,5,19,2000,42,1.2339562298246898e-05,1.049202391844536e-06,3.554902084815412e-05,
fold-002,evaluation,rnn,neural_mae,parent,3,5,19,2000,42,-0.0006712194324471533,-0.0013917483534359777,-0.0002452861859840701,
fold-002,evaluation,rnn,neural_mae,initial_policy,3,5,19,2000,42,-0.0007653735846844012,-0.0014692861832607221,-0.00031947574999386345,
fold-002,evaluation,rnn,neural_mae,center,3,5,19,2000,42,-3.70254015491776e-05,-7.756136513603032e-05,-9.209196907089376e-07,
fold-002,evaluation,rnn,neural_mse,zero,3,5,19,2000,42,2.5335267977146828e-05,7.950026420191425e-06,5.011486314614611e-05,
fold-002,evaluation,rnn,neural_mse,parent,3,5,19,2000,42,-0.0006582237267682534,-0.0013812711233832395,-0.00023100072003570644,
fold-002,evaluation,rnn,neural_mse,initial_policy,3,5,19,2000,42,-0.0007523778790055013,-0.0014576817372324016,-0.0003088865768385258,
fold-002,evaluation,rnn,neural_mse,center,3,5,19,2000,42,-3.0664778099476354e-05,-0.00012816057991658737,9.395347077974455e-05,
fold-002,evaluation,rnn,reference,zero,3,5,19,2000,42,0.0006181935759603071,0.00031512514661724057,0.0009720574032520445,
fold-002,evaluation,rnn,reference_mae,zero,3,5,19,2000,42,0.0002624571669025923,3.702520467481228e-05,0.0004909146806432006,
fold-002,evaluation,rnn,reference_mae,parent,3,5,19,2000,42,-0.00035573640905771467,-0.0005680690909211548,-0.00021413329010490275,
fold-002,evaluation,rnn,reference_mse,zero,3,5,19,2000,42,0.000528232035547365,0.0002382492514607885,0.0008669469808887057,
fold-002,evaluation,rnn,reference_mse,parent,3,5,19,2000,42,-8.996154041294198e-05,-0.0001311034232968234,-5.735182639071471e-05,
fold-002,evaluation,rnn,reinforce,zero,3,5,19,2000,42,0.0007777131469826481,0.00032975785212683233,0.0015052289719333428,
fold-002,evaluation,rnn,reinforce,parent,3,5,19,2000,42,9.415415223724792e-05,-4.838909923254526e-05,0.0002410975207986127,
fold-002,evaluation,rnn,reinforce,initial_policy,3,5,19,2000,42,0.0,0.0,0.0,
fold-002,evaluation,rnn,reinforce,center,3,5,19,2000,42,9.415415223724792e-05,-4.838909923254526e-05,0.0002410975207986127,
fold-002,evaluation,xgboost,expected,zero,3,5,19,2000,42,2.7285826013510214e-07,-3.7076389261194065e-07,8.42526964173488e-07,
fold-002,evaluation,xgboost,expected,parent,3,5,19,2000,42,-9.055185566753804e-06,-4.894453295328465e-05,5.226525229894824e-05,
fold-002,evaluation,xgboost,expected,initial_policy,3,5,19,2000,42,0.0,0.0,0.0,
fold-002,evaluation,xgboost,expected,center,3,5,19,2000,42,-9.055185566753804e-06,-4.894453295328465e-05,5.226525229894824e-05,
fold-002,evaluation,xgboost,klpo_exact,zero,3,5,19,2000,42,2.7285826013510214e-07,-3.7076389261194065e-07,8.42526964173488e-07,
fold-002,evaluation,xgboost,klpo_exact,parent,3,5,19,2000,42,-9.055185566753804e-06,-4.894453295328465e-05,5.226525229894824e-05,
fold-002,evaluation,xgboost,klpo_exact,initial_policy,3,5,19,2000,42,0.0,0.0,0.0,
fold-002,evaluation,xgboost,klpo_exact,center,3,5,19,2000,42,-9.055185566753804e-06,-4.894453295328465e-05,5.226525229894824e-05,
fold-002,evaluation,xgboost,klpo_full,zero,3,5,19,2000,42,2.7285826013510214e-07,-3.7076389261194065e-07,8.42526964173488e-07,
fold-002,evaluation,xgboost,klpo_full,parent,3,5,19,2000,42,-9.055185566753804e-06,-4.894453295328465e-05,5.226525229894824e-05,
fold-002,evaluation,xgboost,klpo_full,initial_policy,3,5,19,2000,42,0.0,0.0,0.0,
fold-002,evaluation,xgboost,klpo_full,center,3,5,19,2000,42,-9.055185566753804e-06,-4.894453295328465e-05,5.226525229894824e-05,
fold-002,evaluation,xgboost,klpo_mc,zero,3,5,19,2000,42,2.7285826013510214e-07,-3.7076389261194065e-07,8.42526964173488e-07,
fold-002,evaluation,xgboost,klpo_mc,parent,3,5,19,2000,42,-9.055185566753804e-06,-4.894453295328465e-05,5.226525229894824e-05,
fold-002,evaluation,xgboost,klpo_mc,initial_policy,3,5,19,2000,42,0.0,0.0,0.0,
fold-002,evaluation,xgboost,klpo_mc,center,3,5,19,2000,42,-9.055185566753804e-06,-4.894453295328465e-05,5.226525229894824e-05,
fold-002,evaluation,xgboost,mae,zero,3,5,19,2000,42,2.7285826013510214e-07,-3.7076389261194065e-07,8.42526964173488e-07,
fold-002,evaluation,xgboost,mae,parent,3,5,19,2000,42,-9.055185566753804e-06,-4.894453295328465e-05,5.226525229894824e-05,
fold-002,evaluation,xgboost,mae,initial_policy,3,5,19,2000,42,0.0,0.0,0.0,
fold-002,evaluation,xgboost,mae,center,3,5,19,2000,42,-9.055185566753804e-06,-4.894453295328465e-05,5.226525229894824e-05,
fold-002,evaluation,xgboost,reinforce,zero,3,5,19,2000,42,2.7285826013510214e-07,-3.7076389261194065e-07,8.42526964173488e-07,
fold-002,evaluation,xgboost,reinforce,parent,3,5,19,2000,42,-9.055185566753804e-06,-4.894453295328465e-05,5.226525229894824e-05,
fold-002,evaluation,xgboost,reinforce,initial_policy,3,5,19,2000,42,0.0,0.0,0.0,
fold-002,evaluation,xgboost,reinforce,center,3,5,19,2000,42,-9.055185566753804e-06,-4.894453295328465e-05,5.226525229894824e-05,
fold-002,evaluation,xgboost,xgboost,zero,3,5,19,2000,42,9.328043826888907e-06,-5.206575579262376e-05,4.8542820595357924e-05,
fold-002,evaluation,dlinear,expected,zero,3,10,19,2000,42,0.0008018643760243166,0.00019106082043339104,0.0015362502493891574,
fold-002,evaluation,dlinear,expected,parent,3,10,19,2000,42,0.00014875498858387515,0.00011450123628563417,0.00019612155355642832,
fold-002,evaluation,dlinear,expected,initial_policy,3,10,19,2000,42,0.0,0.0,0.0,
fold-002,evaluation,dlinear,expected,center,3,10,19,2000,42,0.00014875498858387515,0.00011450123628563417,0.00019612155355642832,
fold-002,evaluation,dlinear,klpo_exact,zero,3,10,19,2000,42,0.0008018643760243166,0.00019106082043339104,0.0015362502493891574,
fold-002,evaluation,dlinear,klpo_exact,parent,3,10,19,2000,42,0.00014875498858387515,0.00011450123628563417,0.00019612155355642832,
fold-002,evaluation,dlinear,klpo_exact,initial_policy,3,10,19,2000,42,0.0,0.0,0.0,
fold-002,evaluation,dlinear,klpo_exact,center,3,10,19,2000,42,0.00014875498858387515,0.00011450123628563417,0.00019612155355642832,
fold-002,evaluation,dlinear,klpo_full,zero,3,10,19,2000,42,0.0008018643760243166,0.00019106082043339104,0.0015362502493891574,
fold-002,evaluation,dlinear,klpo_full,parent,3,10,19,2000,42,0.00014875498858387515,0.00011450123628563417,0.00019612155355642832,
fold-002,evaluation,dlinear,klpo_full,initial_policy,3,10,19,2000,42,0.0,0.0,0.0,
fold-002,evaluation,dlinear,klpo_full,center,3,10,19,2000,42,0.00014875498858387515,0.00011450123628563417,0.00019612155355642832,
fold-002,evaluation,dlinear,klpo_mc,zero,3,10,19,2000,42,0.0008018643760243166,0.00019106082043339104,0.0015362502493891574,
fold-002,evaluation,dlinear,klpo_mc,parent,3,10,19,2000,42,0.00014875498858387515,0.00011450123628563417,0.00019612155355642832,
fold-002,evaluation,dlinear,klpo_mc,initial_policy,3,10,19,2000,42,0.0,0.0,0.0,
fold-002,evaluation,dlinear,klpo_mc,center,3,10,19,2000,42,0.00014875498858387515,0.00011450123628563417,0.00019612155355642832,
fold-002,evaluation,dlinear,mae,zero,3,10,19,2000,42,0.0008018643760243166,0.00019106082043339104,0.0015362502493891574,
fold-002,evaluation,dlinear,mae,parent,3,10,19,2000,42,0.00014875498858387515,0.00011450123628563417,0.00019612155355642832,
fold-002,evaluation,dlinear,mae,initial_policy,3,10,19,2000,42,0.0,0.0,0.0,
fold-002,evaluation,dlinear,mae,center,3,10,19,2000,42,0.00014875498858387515,0.00011450123628563417,0.00019612155355642832,
fold-002,evaluation,dlinear,neural_mae,zero,3,10,19,2000,42,-7.802853879596425e-06,-4.7454243338272455e-05,3.0031584783675972e-05,
fold-002,evaluation,dlinear,neural_mae,parent,3,10,19,2000,42,-0.0006609122413200379,-0.0013466785711421692,-0.00012531187863948137,
fold-002,evaluation,dlinear,neural_mae,initial_policy,3,10,19,2000,42,-0.0008096672299039131,-0.0015056620514129744,-0.00023981311492511553,
fold-002,evaluation,dlinear,neural_mae,center,3,10,19,2000,42,-6.326022179872551e-06,-2.0225888257510118e-05,3.042459611576203e-05,
fold-002,evaluation,dlinear,neural_mse,zero,3,10,19,2000,42,4.53992726340782e-06,-3.363859839901047e-06,9.485167879649008e-06,
fold-002,evaluation,dlinear,neural_mse,parent,3,10,19,2000,42,-0.0006485694601770337,-0.0013677816012387031,-8.067639032023329e-05,
fold-002,evaluation,dlinear,neural_mse,initial_policy,3,10,19,2000,42,-0.0007973244487609088,-0.0015267650815095086,-0.00019517762660586745,
fold-002,evaluation,dlinear,neural_mse,center,3,10,19,2000,42,-6.203625840895684e-06,-3.898587975739893e-05,4.235508418502924e-05,
fold-002,evaluation,dlinear,reference,zero,3,10,19,2000,42,0.0009575284033596435,0.0005445383234678942,0.0014900105410143108,
fold-002,evaluation,dlinear,reference_mae,zero,3,10,19,2000,42,0.0005480753838809369,0.0003760603528767303,0.0008021245533968973,
fold-002,evaluation,dlinear,reference_mae,parent,3,10,19,2000,42,-0.0004094530194787069,-0.000697256454520479,-8.34843664529712e-05,
fold-002,evaluation,dlinear,reference_mse,zero,3,10,19,2000,42,0.0006256606963363577,0.00036356059126626655,0.001004724261126575,
fold-002,evaluation,dlinear,reference_mse,parent,3,10,19,2000,42,-0.000331867707023286,-0.0004852862798877358,-0.00016435261225008195,
fold-002,evaluation,dlinear,reinforce,zero,3,10,19,2000,42,0.0008018643760243166,0.00019106082043339104,0.0015362502493891574,
fold-002,evaluation,dlinear,reinforce,parent,3,10,19,2000,42,0.00014875498858387515,0.00011450123628563417,0.00019612155355642832,
fold-002,evaluation,dlinear,reinforce,initial_policy,3,10,19,2000,42,0.0,0.0,0.0,
fold-002,evaluation,dlinear,reinforce,center,3,10,19,2000,42,0.00014875498858387515,0.00011450123628563417,0.00019612155355642832,
fold-002,evaluation,gru,expected,zero,3,10,19,2000,42,0.0007112047497052096,0.0004911806957243208,0.001117760664894309,
fold-002,evaluation,gru,expected,parent,3,10,19,2000,42,0.00018421806408205443,5.6821248774062775e-05,0.0003498374177157295,
fold-002,evaluation,gru,expected,initial_policy,3,10,19,2000,42,0.0,0.0,0.0,
fold-002,evaluation,gru,expected,center,3,10,19,2000,42,0.00018421806408205443,5.6821248774062775e-05,0.0003498374177157295,
fold-002,evaluation,gru,klpo_exact,zero,3,10,19,2000,42,0.0007112047497052096,0.0004911806957243208,0.001117760664894309,
fold-002,evaluation,gru,klpo_exact,parent,3,10,19,2000,42,0.00018421806408205443,5.6821248774062775e-05,0.0003498374177157295,
fold-002,evaluation,gru,klpo_exact,initial_policy,3,10,19,2000,42,0.0,0.0,0.0,
fold-002,evaluation,gru,klpo_exact,center,3,10,19,2000,42,0.00018421806408205443,5.6821248774062775e-05,0.0003498374177157295,
fold-002,evaluation,gru,klpo_full,zero,3,10,19,2000,42,0.0007112047497052096,0.0004911806957243208,0.001117760664894309,
fold-002,evaluation,gru,klpo_full,parent,3,10,19,2000,42,0.00018421806408205443,5.6821248774062775e-05,0.0003498374177157295,
fold-002,evaluation,gru,klpo_full,initial_policy,3,10,19,2000,42,0.0,0.0,0.0,
fold-002,evaluation,gru,klpo_full,center,3,10,19,2000,42,0.00018421806408205443,5.6821248774062775e-05,0.0003498374177157295,
fold-002,evaluation,gru,klpo_mc,zero,3,10,19,2000,42,0.0007112047497052096,0.0004911806957243208,0.001117760664894309,
fold-002,evaluation,gru,klpo_mc,parent,3,10,19,2000,42,0.00018421806408205443,5.6821248774062775e-05,0.0003498374177157295,
fold-002,evaluation,gru,klpo_mc,initial_policy,3,10,19,2000,42,0.0,0.0,0.0,
fold-002,evaluation,gru,klpo_mc,center,3,10,19,2000,42,0.00018421806408205443,5.6821248774062775e-05,0.0003498374177157295,
fold-002,evaluation,gru,mae,zero,3,10,19,2000,42,0.0007112047497052096,0.0004911806957243208,0.001117760664894309,
fold-002,evaluation,gru,mae,parent,3,10,19,2000,42,0.00018421806408205443,5.6821248774062775e-05,0.0003498374177157295,
fold-002,evaluation,gru,mae,initial_policy,3,10,19,2000,42,0.0,0.0,0.0,
fold-002,evaluation,gru,mae,center,3,10,19,2000,42,0.00018421806408205443,5.6821248774062775e-05,0.0003498374177157295,
fold-002,evaluation,gru,neural_mae,zero,3,10,19,2000,42,-4.357726265867776e-06,-2.428444136059679e-05,1.5198749138931336e-05,
fold-002,evaluation,gru,neural_mae,parent,3,10,19,2000,42,-0.0005313444118890229,-0.0008493581874471759,-0.00042699559267394817,
fold-002,evaluation,gru,neural_mae,initial_policy,3,10,19,2000,42,-0.0007155624759710773,-0.001104908283601434,-0.0005056653454702728,
fold-002,evaluation,gru,neural_mae,center,3,10,19,2000,42,-1.5910936491364911e-06,-7.35494969161353e-05,9.191952485059434e-05,
fold-002,evaluation,gru,neural_mse,zero,3,10,19,2000,42,8.454069503694676e-07,-3.410230066674291e-05,9.534419754777725e-06,
fold-002,evaluation,gru,neural_mse,parent,3,10,19,2000,42,-0.0005261412786727856,-0.0008497388624099199,-0.00043156503260316146,
fold-002,evaluation,gru,neural_mse,initial_policy,3,10,19,2000,42,-0.0007103593427548401,-0.0011082262451395314,-0.0005044853002994463,
fold-002,evaluation,gru,neural_mse,center,3,10,19,2000,42,2.885193666616081e-06,-7.093562040234814e-05,7.155512697784546e-05,
fold-002,evaluation,gru,reference,zero,3,10,19,2000,42,0.0009858903423395132,0.0007347134752905412,0.0013367855391769805,
fold-002,evaluation,gru,reference_mae,zero,3,10,19,2000,42,0.00040666392376371947,0.00026983095192228734,0.0006065374434410363,
fold-002,evaluation,gru,reference_mae,parent,3,10,19,2000,42,-0.0005792264185757942,-0.0007393239705482558,-0.0004627714853092839,
fold-002,evaluation,gru,reference_mse,zero,3,10,19,2000,42,0.001080147124755843,0.0008211643699114524,0.0014456100809803923,
fold-002,evaluation,gru,reference_mse,parent,3,10,19,2000,42,9.425678241632953e-05,7.465958078876289e-05,0.00011374581769875454,
fold-002,evaluation,gru,reinforce,zero,3,10,19,2000,42,0.0007112047497052096,0.0004911806957243208,0.001117760664894309,
fold-002,evaluation,gru,reinforce,parent,3,10,19,2000,42,0.00018421806408205443,5.6821248774062775e-05,0.0003498374177157295,
fold-002,evaluation,gru,reinforce,initial_policy,3,10,19,2000,42,0.0,0.0,0.0,
fold-002,evaluation,gru,reinforce,center,3,10,19,2000,42,0.00018421806408205443,5.6821248774062775e-05,0.0003498374177157295,
fold-002,evaluation,lstm,expected,zero,3,10,19,2000,42,0.0009025815544745294,0.0004547029044873309,0.0014128842815469488,
fold-002,evaluation,lstm,expected,parent,3,10,19,2000,42,0.0004114922710004093,0.00018090878905201497,0.00062024628783814,
fold-002,evaluation,lstm,expected,initial_policy,3,10,19,2000,42,0.0002763880894016076,0.0001409442999791281,0.0004125857671296765,
fold-002,evaluation,lstm,expected,center,3,10,19,2000,42,0.00011447468341898013,5.3990441962125076e-05,0.00016991028943156577,
fold-002,evaluation,lstm,klpo_exact,zero,3,10,19,2000,42,0.0006261934650729216,0.00031369258461262124,0.0010002985144172728,
fold-002,evaluation,lstm,klpo_exact,parent,3,10,19,2000,42,0.0001351041815988017,3.98984691773052e-05,0.00021738491560587255,
fold-002,evaluation,lstm,klpo_exact,initial_policy,3,10,19,2000,42,0.0,0.0,0.0,
fold-002,evaluation,lstm,klpo_exact,center,3,10,19,2000,42,0.0001351041815988017,3.98984691773052e-05,0.00021738491560587255,
fold-002,evaluation,lstm,klpo_full,zero,3,10,19,2000,42,0.0006261934650729216,0.00031369258461262124,0.0010002985144172728,
fold-002,evaluation,lstm,klpo_full,parent,3,10,19,2000,42,0.0001351041815988017,3.98984691773052e-05,0.00021738491560587255,
fold-002,evaluation,lstm,klpo_full,initial_policy,3,10,19,2000,42,0.0,0.0,0.0,
fold-002,evaluation,lstm,klpo_full,center,3,10,19,2000,42,0.0001351041815988017,3.98984691773052e-05,0.00021738491560587255,
fold-002,evaluation,lstm,klpo_mc,zero,3,10,19,2000,42,0.0006261934650729216,0.00031369258461262124,0.0010002985144172728,
fold-002,evaluation,lstm,klpo_mc,parent,3,10,19,2000,42,0.0001351041815988017,3.98984691773052e-05,0.00021738491560587255,
fold-002,evaluation,lstm,klpo_mc,initial_policy,3,10,19,2000,42,0.0,0.0,0.0,
fold-002,evaluation,lstm,klpo_mc,center,3,10,19,2000,42,0.0001351041815988017,3.98984691773052e-05,0.00021738491560587255,
fold-002,evaluation,lstm,mae,zero,3,10,19,2000,42,0.001019571211087333,0.0005388750556835441,0.0015856315004279737,
fold-002,evaluation,lstm,mae,parent,3,10,19,2000,42,0.0005284819276132134,0.00027525780623170634,0.0008098065609445947,
fold-002,evaluation,lstm,mae,initial_policy,3,10,19,2000,42,0.00039337774601441163,0.00022835515526052372,0.0005945290594694338,
fold-002,evaluation,lstm,mae,center,3,10,19,2000,42,8.900439800749016e-05,8.83471011255317e-05,0.00015215420111936714,
fold-002,evaluation,lstm,neural_mae,zero,3,10,19,2000,42,6.822087039772763e-07,-1.5406897891561512e-06,5.875257646627019e-07,
fold-002,evaluation,lstm,neural_mae,parent,3,10,19,2000,42,-0.0004904070747701427,-0.0007921729652491172,-0.00023566555381190543,
fold-002,evaluation,lstm,neural_mae,initial_policy,3,10,19,2000,42,-0.0006255112563689443,-0.000999833485957581,-0.0003153497226152197,
fold-002,evaluation,lstm,neural_mae,center,3,10,19,2000,42,-3.043073842766803e-05,-7.9812368501108e-05,2.7841305924867243e-05,
fold-002,evaluation,lstm,neural_mse,zero,3,10,19,2000,42,1.7392694740782477e-06,1.2523666281350295e-06,3.1647913402635464e-06,
fold-002,evaluation,lstm,neural_mse,parent,3,10,19,2000,42,-0.0004893500140000416,-0.0007905358654744407,-0.00023318459116183568,
fold-002,evaluation,lstm,neural_mse,initial_policy,3,10,19,2000,42,-0.0006244541955988434,-0.0009981963861829043,-0.00031271983659058775,
fold-002,evaluation,lstm,neural_mse,center,3,10,19,2000,42,-5.2821838916202265e-06,-3.864646968914248e-05,7.907966757517368e-05,
fold-002,evaluation,lstm,reference,zero,3,10,19,2000,42,0.000779844567295967,0.0005159994902906286,0.001153621840391993,
fold-002,evaluation,lstm,reference_mae,zero,3,10,19,2000,42,0.0004760904003126786,0.0003158548361909446,0.0007281989961088333,
fold-002,evaluation,lstm,reference_mae,parent,3,10,19,2000,42,-0.00030375416698328825,-0.0004278167937355435,-0.00019593385392553016,
fold-002,evaluation,lstm,reference_mse,zero,3,10,19,2000,42,0.0005929651044274836,0.00035227390200331737,0.0009283227968733361,
fold-002,evaluation,lstm,reference_mse,parent,3,10,19,2000,42,-0.00018687946286848322,-0.00024226588199172114,-0.00015593513784049344,
fold-002,evaluation,lstm,reinforce,zero,3,10,19,2000,42,0.0006261934650729216,0.00031369258461262124,0.0010002985144172728,
fold-002,evaluation,lstm,reinforce,parent,3,10,19,2000,42,0.0001351041815988017,3.98984691773052e-05,0.00021738491560587255,
fold-002,evaluation,lstm,reinforce,initial_policy,3,10,19,2000,42,0.0,0.0,0.0,
fold-002,evaluation,lstm,reinforce,center,3,10,19,2000,42,0.0001351041815988017,3.98984691773052e-05,0.00021738491560587255,
fold-002,evaluation,ridge,expected,zero,3,10,19,2000,42,0.0523600528783277,0.050862166693557295,0.05439401471284051,
fold-002,evaluation,ridge,expected,parent,3,10,19,2000,42,-0.13036819171157246,-0.13247329008400213,-0.11348720712340107,
fold-002,evaluation,ridge,expected,initial_policy,3,10,19,2000,42,0.0,0.0,0.0,
fold-002,evaluation,ridge,expected,center,3,10,19,2000,42,-0.09068826877432787,-0.09276136253616116,-0.07779260349750806,
fold-002,evaluation,ridge,klpo_exact,zero,3,10,19,2000,42,0.002473866449456072,0.0019112789179556125,0.0036293988321104407,
fold-002,evaluation,ridge,klpo_exact,parent,3,10,19,2000,42,-0.18025437814044407,-0.1835536245162607,-0.16301399515286547,
fold-002,evaluation,ridge,klpo_exact,initial_policy,3,10,19,2000,42,-0.04988618642887162,-0.05075319418521709,-0.048654247303077804,
fold-002,evaluation,ridge,klpo_exact,center,3,10,19,2000,42,8.346325098639203e-05,6.971528148491813e-05,8.512867909338033e-05,
fold-002,evaluation,ridge,klpo_full,zero,3,10,19,2000,42,0.02825240441129209,0.025663943768852854,0.030943300595676668,
fold-002,evaluation,ridge,klpo_full,parent,3,10,19,2000,42,-0.15447584017860805,-0.15614931521245284,-0.13931984166764488,
fold-002,evaluation,ridge,klpo_full,initial_policy,3,10,19,2000,42,-0.02410764846703561,-0.02611042516644429,-0.02362063853460794,
fold-002,evaluation,ridge,klpo_full,center,3,10,19,2000,42,-0.0012958027146548693,-0.0013303656629721943,-0.000899424950081453,
fold-002,evaluation,ridge,klpo_mc,zero,3,10,19,2000,42,0.02808859388137601,0.025498233485780016,0.030778447619384624,
fold-002,evaluation,ridge,klpo_mc,parent,3,10,19,2000,42,-0.15463965070852415,-0.1563108462318403,-0.139475713485528,
fold-002,evaluation,ridge,klpo_mc,initial_policy,3,10,19,2000,42,-0.02427145899695169,-0.026276708264779847,-0.02377995046348517,
fold-002,evaluation,ridge,klpo_mc,center,3,10,19,2000,42,-0.0012745491363610744,-0.0013009427305369253,-0.0008820990511403291,
fold-002,evaluation,ridge,mae,zero,3,10,19,2000,42,0.0523600528783277,0.050862166693557295,0.05439401471284051,
fold-002,evaluation,ridge,mae,parent,3,10,19,2000,42,-0.13036819171157246,-0.13247329008400213,-0.11348720712340107,
fold-002,evaluation,ridge,mae,initial_policy,3,10,19,2000,42,0.0,0.0,0.0,
fold-002,evaluation,ridge,mae,center,3,10,19,2000,42,-0.07877372059070549,-0.08079276633446889,-0.06709228596191205,
fold-002,evaluation,ridge,reinforce,zero,3,10,19,2000,42,0.05235982507490276,0.05086193889013236,0.054393559105990655,
fold-002,evaluation,ridge,reinforce,parent,3,10,19,2000,42,-0.1303684195149974,-0.132473745690852,-0.11348766273025093,
fold-002,evaluation,ridge,reinforce,initial_policy,3,10,19,2000,42,-2.2780342493142056e-07,-4.556068498628411e-07,-2.2780342493142056e-07,
fold-002,evaluation,ridge,reinforce,center,3,10,19,2000,42,-0.09081960688948577,-0.09312386188698789,-0.07724629904436811,
fold-002,evaluation,ridge,ridge,zero,1,10,19,2000,42,0.18272824458990014,0.16582880433288746,0.1871592115032839,
fold-002,evaluation,rnn,expected,zero,3,10,19,2000,42,0.0007777131469826481,0.00036231148423843584,0.0010801463433208253,
fold-002,evaluation,rnn,expected,parent,3,10,19,2000,42,9.415415223724792e-05,-3.472497218236308e-05,0.00014094451169933047,
fold-002,evaluation,rnn,expected,initial_policy,3,10,19,2000,42,0.0,0.0,0.0,
fold-002,evaluation,rnn,expected,center,3,10,19,2000,42,9.415415223724792e-05,-3.472497218236308e-05,0.00014094451169933047,
fold-002,evaluation,rnn,klpo_exact,zero,3,10,19,2000,42,0.0007777131469826481,0.00036231148423843584,0.0010801463433208253,
fold-002,evaluation,rnn,klpo_exact,parent,3,10,19,2000,42,9.415415223724792e-05,-3.472497218236308e-05,0.00014094451169933047,
fold-002,evaluation,rnn,klpo_exact,initial_policy,3,10,19,2000,42,0.0,0.0,0.0,
fold-002,evaluation,rnn,klpo_exact,center,3,10,19,2000,42,9.415415223724792e-05,-3.472497218236308e-05,0.00014094451169933047,
fold-002,evaluation,rnn,klpo_full,zero,3,10,19,2000,42,0.0007777131469826481,0.00036231148423843584,0.0010801463433208253,
fold-002,evaluation,rnn,klpo_full,parent,3,10,19,2000,42,9.415415223724792e-05,-3.472497218236308e-05,0.00014094451169933047,
fold-002,evaluation,rnn,klpo_full,initial_policy,3,10,19,2000,42,0.0,0.0,0.0,
fold-002,evaluation,rnn,klpo_full,center,3,10,19,2000,42,9.415415223724792e-05,-3.472497218236308e-05,0.00014094451169933047,
fold-002,evaluation,rnn,klpo_mc,zero,3,10,19,2000,42,0.0007777131469826481,0.00036231148423843584,0.0010801463433208253,
fold-002,evaluation,rnn,klpo_mc,parent,3,10,19,2000,42,9.415415223724792e-05,-3.472497218236308e-05,0.00014094451169933047,
fold-002,evaluation,rnn,klpo_mc,initial_policy,3,10,19,2000,42,0.0,0.0,0.0,
fold-002,evaluation,rnn,klpo_mc,center,3,10,19,2000,42,9.415415223724792e-05,-3.472497218236308e-05,0.00014094451169933047,
fold-002,evaluation,rnn,mae,zero,3,10,19,2000,42,0.0007777131469826481,0.00036231148423843584,0.0010801463433208253,
fold-002,evaluation,rnn,mae,parent,3,10,19,2000,42,9.415415223724792e-05,-3.472497218236308e-05,0.00014094451169933047,
fold-002,evaluation,rnn,mae,initial_policy,3,10,19,2000,42,0.0,0.0,0.0,
fold-002,evaluation,rnn,mae,center,3,10,19,2000,42,9.415415223724792e-05,-3.472497218236308e-05,0.00014094451169933047,
fold-002,evaluation,rnn,neural_mae,zero,3,10,19,2000,42,1.2339562298246898e-05,1.3338569625350343e-06,2.4600534003469534e-05,
fold-002,evaluation,rnn,neural_mae,parent,3,10,19,2000,42,-0.0006712194324471533,-0.001058236561034986,-0.00027179971563812534,
fold-002,evaluation,rnn,neural_mae,initial_policy,3,10,19,2000,42,-0.0007653735846844012,-0.0010559571851342826,-0.0003609853372907787,
fold-002,evaluation,rnn,neural_mae,center,3,10,19,2000,42,-3.70254015491776e-05,-6.969814431941422e-05,-1.758696805402481e-05,
fold-002,evaluation,rnn,neural_mse,zero,3,10,19,2000,42,2.5335267977146828e-05,1.054579422901859e-05,3.705272948554283e-05,
fold-002,evaluation,rnn,neural_mse,parent,3,10,19,2000,42,-0.0006582237267682534,-0.0010489584145357191,-0.0002611118246666237,
fold-002,evaluation,rnn,neural_mse,initial_policy,3,10,19,2000,42,-0.0007523778790055013,-0.0010466790386350158,-0.000350297446319277,
fold-002,evaluation,rnn,neural_mse,center,3,10,19,2000,42,-3.0664778099476354e-05,-7.780021756581829e-05,6.960002342787749e-05,
fold-002,evaluation,rnn,reference,zero,3,10,19,2000,42,0.0006181935759603071,0.00041471486620478726,0.0008813815443449894,
fold-002,evaluation,rnn,reference_mae,zero,3,10,19,2000,42,0.0002624571669025923,8.836184472715818e-05,0.0005086286368001355,
fold-002,evaluation,rnn,reference_mae,parent,3,10,19,2000,42,-0.00035573640905771467,-0.0004238373228615033,-0.00024839935362876354,
fold-002,evaluation,rnn,reference_mse,zero,3,10,19,2000,42,0.000528232035547365,0.00033492967445993954,0.0007604970867259525,
fold-002,evaluation,rnn,reference_mse,parent,3,10,19,2000,42,-8.996154041294198e-05,-0.00012904288567904551,-6.847706950160776e-05,
fold-002,evaluation,rnn,reinforce,zero,3,10,19,2000,42,0.0007777131469826481,0.00036231148423843584,0.0010801463433208253,
fold-002,evaluation,rnn,reinforce,parent,3,10,19,2000,42,9.415415223724792e-05,-3.472497218236308e-05,0.00014094451169933047,
fold-002,evaluation,rnn,reinforce,initial_policy,3,10,19,2000,42,0.0,0.0,0.0,
fold-002,evaluation,rnn,reinforce,center,3,10,19,2000,42,9.415415223724792e-05,-3.472497218236308e-05,0.00014094451169933047,
fold-002,evaluation,xgboost,expected,zero,3,10,19,2000,42,2.7285826013510214e-07,-3.6136555510718406e-07,6.392669762146312e-07,
fold-002,evaluation,xgboost,expected,parent,3,10,19,2000,42,-9.055185566753804e-06,-2.3086094076825742e-05,4.189380646980065e-05,
fold-002,evaluation,xgboost,expected,initial_policy,3,10,19,2000,42,0.0,0.0,0.0,
fold-002,evaluation,xgboost,expected,center,3,10,19,2000,42,-9.055185566753804e-06,-2.3086094076825742e-05,4.189380646980065e-05,
fold-002,evaluation,xgboost,klpo_exact,zero,3,10,19,2000,42,2.7285826013510214e-07,-3.6136555510718406e-07,6.392669762146312e-07,
fold-002,evaluation,xgboost,klpo_exact,parent,3,10,19,2000,42,-9.055185566753804e-06,-2.3086094076825742e-05,4.189380646980065e-05,
fold-002,evaluation,xgboost,klpo_exact,initial_policy,3,10,19,2000,42,0.0,0.0,0.0,
fold-002,evaluation,xgboost,klpo_exact,center,3,10,19,2000,42,-9.055185566753804e-06,-2.3086094076825742e-05,4.189380646980065e-05,
fold-002,evaluation,xgboost,klpo_full,zero,3,10,19,2000,42,2.7285826013510214e-07,-3.6136555510718406e-07,6.392669762146312e-07,
fold-002,evaluation,xgboost,klpo_full,parent,3,10,19,2000,42,-9.055185566753804e-06,-2.3086094076825742e-05,4.189380646980065e-05,
fold-002,evaluation,xgboost,klpo_full,initial_policy,3,10,19,2000,42,0.0,0.0,0.0,
fold-002,evaluation,xgboost,klpo_full,center,3,10,19,2000,42,-9.055185566753804e-06,-2.3086094076825742e-05,4.189380646980065e-05,
fold-002,evaluation,xgboost,klpo_mc,zero,3,10,19,2000,42,2.7285826013510214e-07,-3.6136555510718406e-07,6.392669762146312e-07,
fold-002,evaluation,xgboost,klpo_mc,parent,3,10,19,2000,42,-9.055185566753804e-06,-2.3086094076825742e-05,4.189380646980065e-05,
fold-002,evaluation,xgboost,klpo_mc,initial_policy,3,10,19,2000,42,0.0,0.0,0.0,
fold-002,evaluation,xgboost,klpo_mc,center,3,10,19,2000,42,-9.055185566753804e-06,-2.3086094076825742e-05,4.189380646980065e-05,
fold-002,evaluation,xgboost,mae,zero,3,10,19,2000,42,2.7285826013510214e-07,-3.6136555510718406e-07,6.392669762146312e-07,
fold-002,evaluation,xgboost,mae,parent,3,10,19,2000,42,-9.055185566753804e-06,-2.3086094076825742e-05,4.189380646980065e-05,
fold-002,evaluation,xgboost,mae,initial_policy,3,10,19,2000,42,0.0,0.0,0.0,
fold-002,evaluation,xgboost,mae,center,3,10,19,2000,42,-9.055185566753804e-06,-2.3086094076825742e-05,4.189380646980065e-05,
fold-002,evaluation,xgboost,reinforce,zero,3,10,19,2000,42,2.7285826013510214e-07,-3.6136555510718406e-07,6.392669762146312e-07,
fold-002,evaluation,xgboost,reinforce,parent,3,10,19,2000,42,-9.055185566753804e-06,-2.3086094076825742e-05,4.189380646980065e-05,
fold-002,evaluation,xgboost,reinforce,initial_policy,3,10,19,2000,42,0.0,0.0,0.0,
fold-002,evaluation,xgboost,reinforce,center,3,10,19,2000,42,-9.055185566753804e-06,-2.3086094076825742e-05,4.189380646980065e-05,
fold-002,evaluation,xgboost,xgboost,zero,3,10,19,2000,42,9.328043826888907e-06,-4.189380646980065e-05,2.344956189262165e-05,
fold-002,evaluation,dlinear,expected,zero,3,20,19,2000,42,0.0008018643760243166,,,Se necesitan más sesiones que la longitud del bloque
fold-002,evaluation,dlinear,expected,parent,3,20,19,2000,42,0.00014875498858387515,,,Se necesitan más sesiones que la longitud del bloque
fold-002,evaluation,dlinear,expected,initial_policy,3,20,19,2000,42,0.0,,,Se necesitan más sesiones que la longitud del bloque
fold-002,evaluation,dlinear,expected,center,3,20,19,2000,42,0.00014875498858387515,,,Se necesitan más sesiones que la longitud del bloque
fold-002,evaluation,dlinear,klpo_exact,zero,3,20,19,2000,42,0.0008018643760243166,,,Se necesitan más sesiones que la longitud del bloque
fold-002,evaluation,dlinear,klpo_exact,parent,3,20,19,2000,42,0.00014875498858387515,,,Se necesitan más sesiones que la longitud del bloque
fold-002,evaluation,dlinear,klpo_exact,initial_policy,3,20,19,2000,42,0.0,,,Se necesitan más sesiones que la longitud del bloque
fold-002,evaluation,dlinear,klpo_exact,center,3,20,19,2000,42,0.00014875498858387515,,,Se necesitan más sesiones que la longitud del bloque
fold-002,evaluation,dlinear,klpo_full,zero,3,20,19,2000,42,0.0008018643760243166,,,Se necesitan más sesiones que la longitud del bloque
fold-002,evaluation,dlinear,klpo_full,parent,3,20,19,2000,42,0.00014875498858387515,,,Se necesitan más sesiones que la longitud del bloque
fold-002,evaluation,dlinear,klpo_full,initial_policy,3,20,19,2000,42,0.0,,,Se necesitan más sesiones que la longitud del bloque
fold-002,evaluation,dlinear,klpo_full,center,3,20,19,2000,42,0.00014875498858387515,,,Se necesitan más sesiones que la longitud del bloque
fold-002,evaluation,dlinear,klpo_mc,zero,3,20,19,2000,42,0.0008018643760243166,,,Se necesitan más sesiones que la longitud del bloque
fold-002,evaluation,dlinear,klpo_mc,parent,3,20,19,2000,42,0.00014875498858387515,,,Se necesitan más sesiones que la longitud del bloque
fold-002,evaluation,dlinear,klpo_mc,initial_policy,3,20,19,2000,42,0.0,,,Se necesitan más sesiones que la longitud del bloque
fold-002,evaluation,dlinear,klpo_mc,center,3,20,19,2000,42,0.00014875498858387515,,,Se necesitan más sesiones que la longitud del bloque
fold-002,evaluation,dlinear,mae,zero,3,20,19,2000,42,0.0008018643760243166,,,Se necesitan más sesiones que la longitud del bloque
fold-002,evaluation,dlinear,mae,parent,3,20,19,2000,42,0.00014875498858387515,,,Se necesitan más sesiones que la longitud del bloque
fold-002,evaluation,dlinear,mae,initial_policy,3,20,19,2000,42,0.0,,,Se necesitan más sesiones que la longitud del bloque
fold-002,evaluation,dlinear,mae,center,3,20,19,2000,42,0.00014875498858387515,,,Se necesitan más sesiones que la longitud del bloque
fold-002,evaluation,dlinear,neural_mae,zero,3,20,19,2000,42,-7.802853879596425e-06,,,Se necesitan más sesiones que la longitud del bloque
fold-002,evaluation,dlinear,neural_mae,parent,3,20,19,2000,42,-0.0006609122413200379,,,Se necesitan más sesiones que la longitud del bloque
fold-002,evaluation,dlinear,neural_mae,initial_policy,3,20,19,2000,42,-0.0008096672299039131,,,Se necesitan más sesiones que la longitud del bloque
fold-002,evaluation,dlinear,neural_mae,center,3,20,19,2000,42,-6.326022179872551e-06,,,Se necesitan más sesiones que la longitud del bloque
fold-002,evaluation,dlinear,neural_mse,zero,3,20,19,2000,42,4.53992726340782e-06,,,Se necesitan más sesiones que la longitud del bloque
fold-002,evaluation,dlinear,neural_mse,parent,3,20,19,2000,42,-0.0006485694601770337,,,Se necesitan más sesiones que la longitud del bloque
fold-002,evaluation,dlinear,neural_mse,initial_policy,3,20,19,2000,42,-0.0007973244487609088,,,Se necesitan más sesiones que la longitud del bloque
fold-002,evaluation,dlinear,neural_mse,center,3,20,19,2000,42,-6.203625840895684e-06,,,Se necesitan más sesiones que la longitud del bloque
fold-002,evaluation,dlinear,reference,zero,3,20,19,2000,42,0.0009575284033596435,,,Se necesitan más sesiones que la longitud del bloque
fold-002,evaluation,dlinear,reference_mae,zero,3,20,19,2000,42,0.0005480753838809369,,,Se necesitan más sesiones que la longitud del bloque
fold-002,evaluation,dlinear,reference_mae,parent,3,20,19,2000,42,-0.0004094530194787069,,,Se necesitan más sesiones que la longitud del bloque
fold-002,evaluation,dlinear,reference_mse,zero,3,20,19,2000,42,0.0006256606963363577,,,Se necesitan más sesiones que la longitud del bloque
fold-002,evaluation,dlinear,reference_mse,parent,3,20,19,2000,42,-0.000331867707023286,,,Se necesitan más sesiones que la longitud del bloque
fold-002,evaluation,dlinear,reinforce,zero,3,20,19,2000,42,0.0008018643760243166,,,Se necesitan más sesiones que la longitud del bloque
fold-002,evaluation,dlinear,reinforce,parent,3,20,19,2000,42,0.00014875498858387515,,,Se necesitan más sesiones que la longitud del bloque
fold-002,evaluation,dlinear,reinforce,initial_policy,3,20,19,2000,42,0.0,,,Se necesitan más sesiones que la longitud del bloque
fold-002,evaluation,dlinear,reinforce,center,3,20,19,2000,42,0.00014875498858387515,,,Se necesitan más sesiones que la longitud del bloque
fold-002,evaluation,gru,expected,zero,3,20,19,2000,42,0.0007112047497052096,,,Se necesitan más sesiones que la longitud del bloque
fold-002,evaluation,gru,expected,parent,3,20,19,2000,42,0.00018421806408205443,,,Se necesitan más sesiones que la longitud del bloque
fold-002,evaluation,gru,expected,initial_policy,3,20,19,2000,42,0.0,,,Se necesitan más sesiones que la longitud del bloque
fold-002,evaluation,gru,expected,center,3,20,19,2000,42,0.00018421806408205443,,,Se necesitan más sesiones que la longitud del bloque
fold-002,evaluation,gru,klpo_exact,zero,3,20,19,2000,42,0.0007112047497052096,,,Se necesitan más sesiones que la longitud del bloque
fold-002,evaluation,gru,klpo_exact,parent,3,20,19,2000,42,0.00018421806408205443,,,Se necesitan más sesiones que la longitud del bloque
fold-002,evaluation,gru,klpo_exact,initial_policy,3,20,19,2000,42,0.0,,,Se necesitan más sesiones que la longitud del bloque
fold-002,evaluation,gru,klpo_exact,center,3,20,19,2000,42,0.00018421806408205443,,,Se necesitan más sesiones que la longitud del bloque
fold-002,evaluation,gru,klpo_full,zero,3,20,19,2000,42,0.0007112047497052096,,,Se necesitan más sesiones que la longitud del bloque
fold-002,evaluation,gru,klpo_full,parent,3,20,19,2000,42,0.00018421806408205443,,,Se necesitan más sesiones que la longitud del bloque
fold-002,evaluation,gru,klpo_full,initial_policy,3,20,19,2000,42,0.0,,,Se necesitan más sesiones que la longitud del bloque
fold-002,evaluation,gru,klpo_full,center,3,20,19,2000,42,0.00018421806408205443,,,Se necesitan más sesiones que la longitud del bloque
fold-002,evaluation,gru,klpo_mc,zero,3,20,19,2000,42,0.0007112047497052096,,,Se necesitan más sesiones que la longitud del bloque
fold-002,evaluation,gru,klpo_mc,parent,3,20,19,2000,42,0.00018421806408205443,,,Se necesitan más sesiones que la longitud del bloque
fold-002,evaluation,gru,klpo_mc,initial_policy,3,20,19,2000,42,0.0,,,Se necesitan más sesiones que la longitud del bloque
fold-002,evaluation,gru,klpo_mc,center,3,20,19,2000,42,0.00018421806408205443,,,Se necesitan más sesiones que la longitud del bloque
fold-002,evaluation,gru,mae,zero,3,20,19,2000,42,0.0007112047497052096,,,Se necesitan más sesiones que la longitud del bloque
fold-002,evaluation,gru,mae,parent,3,20,19,2000,42,0.00018421806408205443,,,Se necesitan más sesiones que la longitud del bloque
fold-002,evaluation,gru,mae,initial_policy,3,20,19,2000,42,0.0,,,Se necesitan más sesiones que la longitud del bloque
fold-002,evaluation,gru,mae,center,3,20,19,2000,42,0.00018421806408205443,,,Se necesitan más sesiones que la longitud del bloque
fold-002,evaluation,gru,neural_mae,zero,3,20,19,2000,42,-4.357726265867776e-06,,,Se necesitan más sesiones que la longitud del bloque
fold-002,evaluation,gru,neural_mae,parent,3,20,19,2000,42,-0.0005313444118890229,,,Se necesitan más sesiones que la longitud del bloque
fold-002,evaluation,gru,neural_mae,initial_policy,3,20,19,2000,42,-0.0007155624759710773,,,Se necesitan más sesiones que la longitud del bloque
fold-002,evaluation,gru,neural_mae,center,3,20,19,2000,42,-1.5910936491364911e-06,,,Se necesitan más sesiones que la longitud del bloque
fold-002,evaluation,gru,neural_mse,zero,3,20,19,2000,42,8.454069503694676e-07,,,Se necesitan más sesiones que la longitud del bloque
fold-002,evaluation,gru,neural_mse,parent,3,20,19,2000,42,-0.0005261412786727856,,,Se necesitan más sesiones que la longitud del bloque
fold-002,evaluation,gru,neural_mse,initial_policy,3,20,19,2000,42,-0.0007103593427548401,,,Se necesitan más sesiones que la longitud del bloque
fold-002,evaluation,gru,neural_mse,center,3,20,19,2000,42,2.885193666616081e-06,,,Se necesitan más sesiones que la longitud del bloque
fold-002,evaluation,gru,reference,zero,3,20,19,2000,42,0.0009858903423395132,,,Se necesitan más sesiones que la longitud del bloque
fold-002,evaluation,gru,reference_mae,zero,3,20,19,2000,42,0.00040666392376371947,,,Se necesitan más sesiones que la longitud del bloque
fold-002,evaluation,gru,reference_mae,parent,3,20,19,2000,42,-0.0005792264185757942,,,Se necesitan más sesiones que la longitud del bloque
fold-002,evaluation,gru,reference_mse,zero,3,20,19,2000,42,0.001080147124755843,,,Se necesitan más sesiones que la longitud del bloque
fold-002,evaluation,gru,reference_mse,parent,3,20,19,2000,42,9.425678241632953e-05,,,Se necesitan más sesiones que la longitud del bloque
fold-002,evaluation,gru,reinforce,zero,3,20,19,2000,42,0.0007112047497052096,,,Se necesitan más sesiones que la longitud del bloque
fold-002,evaluation,gru,reinforce,parent,3,20,19,2000,42,0.00018421806408205443,,,Se necesitan más sesiones que la longitud del bloque
fold-002,evaluation,gru,reinforce,initial_policy,3,20,19,2000,42,0.0,,,Se necesitan más sesiones que la longitud del bloque
fold-002,evaluation,gru,reinforce,center,3,20,19,2000,42,0.00018421806408205443,,,Se necesitan más sesiones que la longitud del bloque
fold-002,evaluation,lstm,expected,zero,3,20,19,2000,42,0.0009025815544745294,,,Se necesitan más sesiones que la longitud del bloque
fold-002,evaluation,lstm,expected,parent,3,20,19,2000,42,0.0004114922710004093,,,Se necesitan más sesiones que la longitud del bloque
fold-002,evaluation,lstm,expected,initial_policy,3,20,19,2000,42,0.0002763880894016076,,,Se necesitan más sesiones que la longitud del bloque
fold-002,evaluation,lstm,expected,center,3,20,19,2000,42,0.00011447468341898013,,,Se necesitan más sesiones que la longitud del bloque
fold-002,evaluation,lstm,klpo_exact,zero,3,20,19,2000,42,0.0006261934650729216,,,Se necesitan más sesiones que la longitud del bloque
fold-002,evaluation,lstm,klpo_exact,parent,3,20,19,2000,42,0.0001351041815988017,,,Se necesitan más sesiones que la longitud del bloque
fold-002,evaluation,lstm,klpo_exact,initial_policy,3,20,19,2000,42,0.0,,,Se necesitan más sesiones que la longitud del bloque
fold-002,evaluation,lstm,klpo_exact,center,3,20,19,2000,42,0.0001351041815988017,,,Se necesitan más sesiones que la longitud del bloque
fold-002,evaluation,lstm,klpo_full,zero,3,20,19,2000,42,0.0006261934650729216,,,Se necesitan más sesiones que la longitud del bloque
fold-002,evaluation,lstm,klpo_full,parent,3,20,19,2000,42,0.0001351041815988017,,,Se necesitan más sesiones que la longitud del bloque
fold-002,evaluation,lstm,klpo_full,initial_policy,3,20,19,2000,42,0.0,,,Se necesitan más sesiones que la longitud del bloque
fold-002,evaluation,lstm,klpo_full,center,3,20,19,2000,42,0.0001351041815988017,,,Se necesitan más sesiones que la longitud del bloque
fold-002,evaluation,lstm,klpo_mc,zero,3,20,19,2000,42,0.0006261934650729216,,,Se necesitan más sesiones que la longitud del bloque
fold-002,evaluation,lstm,klpo_mc,parent,3,20,19,2000,42,0.0001351041815988017,,,Se necesitan más sesiones que la longitud del bloque
fold-002,evaluation,lstm,klpo_mc,initial_policy,3,20,19,2000,42,0.0,,,Se necesitan más sesiones que la longitud del bloque
fold-002,evaluation,lstm,klpo_mc,center,3,20,19,2000,42,0.0001351041815988017,,,Se necesitan más sesiones que la longitud del bloque
fold-002,evaluation,lstm,mae,zero,3,20,19,2000,42,0.001019571211087333,,,Se necesitan más sesiones que la longitud del bloque
fold-002,evaluation,lstm,mae,parent,3,20,19,2000,42,0.0005284819276132134,,,Se necesitan más sesiones que la longitud del bloque
fold-002,evaluation,lstm,mae,initial_policy,3,20,19,2000,42,0.00039337774601441163,,,Se necesitan más sesiones que la longitud del bloque
fold-002,evaluation,lstm,mae,center,3,20,19,2000,42,8.900439800749016e-05,,,Se necesitan más sesiones que la longitud del bloque
fold-002,evaluation,lstm,neural_mae,zero,3,20,19,2000,42,6.822087039772763e-07,,,Se necesitan más sesiones que la longitud del bloque
fold-002,evaluation,lstm,neural_mae,parent,3,20,19,2000,42,-0.0004904070747701427,,,Se necesitan más sesiones que la longitud del bloque
fold-002,evaluation,lstm,neural_mae,initial_policy,3,20,19,2000,42,-0.0006255112563689443,,,Se necesitan más sesiones que la longitud del bloque
fold-002,evaluation,lstm,neural_mae,center,3,20,19,2000,42,-3.043073842766803e-05,,,Se necesitan más sesiones que la longitud del bloque
fold-002,evaluation,lstm,neural_mse,zero,3,20,19,2000,42,1.7392694740782477e-06,,,Se necesitan más sesiones que la longitud del bloque
fold-002,evaluation,lstm,neural_mse,parent,3,20,19,2000,42,-0.0004893500140000416,,,Se necesitan más sesiones que la longitud del bloque
fold-002,evaluation,lstm,neural_mse,initial_policy,3,20,19,2000,42,-0.0006244541955988434,,,Se necesitan más sesiones que la longitud del bloque
fold-002,evaluation,lstm,neural_mse,center,3,20,19,2000,42,-5.2821838916202265e-06,,,Se necesitan más sesiones que la longitud del bloque
fold-002,evaluation,lstm,reference,zero,3,20,19,2000,42,0.000779844567295967,,,Se necesitan más sesiones que la longitud del bloque
fold-002,evaluation,lstm,reference_mae,zero,3,20,19,2000,42,0.0004760904003126786,,,Se necesitan más sesiones que la longitud del bloque
fold-002,evaluation,lstm,reference_mae,parent,3,20,19,2000,42,-0.00030375416698328825,,,Se necesitan más sesiones que la longitud del bloque
fold-002,evaluation,lstm,reference_mse,zero,3,20,19,2000,42,0.0005929651044274836,,,Se necesitan más sesiones que la longitud del bloque
fold-002,evaluation,lstm,reference_mse,parent,3,20,19,2000,42,-0.00018687946286848322,,,Se necesitan más sesiones que la longitud del bloque
fold-002,evaluation,lstm,reinforce,zero,3,20,19,2000,42,0.0006261934650729216,,,Se necesitan más sesiones que la longitud del bloque
fold-002,evaluation,lstm,reinforce,parent,3,20,19,2000,42,0.0001351041815988017,,,Se necesitan más sesiones que la longitud del bloque
fold-002,evaluation,lstm,reinforce,initial_policy,3,20,19,2000,42,0.0,,,Se necesitan más sesiones que la longitud del bloque
fold-002,evaluation,lstm,reinforce,center,3,20,19,2000,42,0.0001351041815988017,,,Se necesitan más sesiones que la longitud del bloque
fold-002,evaluation,ridge,expected,zero,3,20,19,2000,42,0.0523600528783277,,,Se necesitan más sesiones que la longitud del bloque
fold-002,evaluation,ridge,expected,parent,3,20,19,2000,42,-0.13036819171157246,,,Se necesitan más sesiones que la longitud del bloque
fold-002,evaluation,ridge,expected,initial_policy,3,20,19,2000,42,0.0,,,Se necesitan más sesiones que la longitud del bloque
fold-002,evaluation,ridge,expected,center,3,20,19,2000,42,-0.09068826877432787,,,Se necesitan más sesiones que la longitud del bloque
fold-002,evaluation,ridge,klpo_exact,zero,3,20,19,2000,42,0.002473866449456072,,,Se necesitan más sesiones que la longitud del bloque
fold-002,evaluation,ridge,klpo_exact,parent,3,20,19,2000,42,-0.18025437814044407,,,Se necesitan más sesiones que la longitud del bloque
fold-002,evaluation,ridge,klpo_exact,initial_policy,3,20,19,2000,42,-0.04988618642887162,,,Se necesitan más sesiones que la longitud del bloque
fold-002,evaluation,ridge,klpo_exact,center,3,20,19,2000,42,8.346325098639203e-05,,,Se necesitan más sesiones que la longitud del bloque
fold-002,evaluation,ridge,klpo_full,zero,3,20,19,2000,42,0.02825240441129209,,,Se necesitan más sesiones que la longitud del bloque
fold-002,evaluation,ridge,klpo_full,parent,3,20,19,2000,42,-0.15447584017860805,,,Se necesitan más sesiones que la longitud del bloque
fold-002,evaluation,ridge,klpo_full,initial_policy,3,20,19,2000,42,-0.02410764846703561,,,Se necesitan más sesiones que la longitud del bloque
fold-002,evaluation,ridge,klpo_full,center,3,20,19,2000,42,-0.0012958027146548693,,,Se necesitan más sesiones que la longitud del bloque
fold-002,evaluation,ridge,klpo_mc,zero,3,20,19,2000,42,0.02808859388137601,,,Se necesitan más sesiones que la longitud del bloque
fold-002,evaluation,ridge,klpo_mc,parent,3,20,19,2000,42,-0.15463965070852415,,,Se necesitan más sesiones que la longitud del bloque
fold-002,evaluation,ridge,klpo_mc,initial_policy,3,20,19,2000,42,-0.02427145899695169,,,Se necesitan más sesiones que la longitud del bloque
fold-002,evaluation,ridge,klpo_mc,center,3,20,19,2000,42,-0.0012745491363610744,,,Se necesitan más sesiones que la longitud del bloque
fold-002,evaluation,ridge,mae,zero,3,20,19,2000,42,0.0523600528783277,,,Se necesitan más sesiones que la longitud del bloque
fold-002,evaluation,ridge,mae,parent,3,20,19,2000,42,-0.13036819171157246,,,Se necesitan más sesiones que la longitud del bloque
fold-002,evaluation,ridge,mae,initial_policy,3,20,19,2000,42,0.0,,,Se necesitan más sesiones que la longitud del bloque
fold-002,evaluation,ridge,mae,center,3,20,19,2000,42,-0.07877372059070549,,,Se necesitan más sesiones que la longitud del bloque
fold-002,evaluation,ridge,reinforce,zero,3,20,19,2000,42,0.05235982507490276,,,Se necesitan más sesiones que la longitud del bloque
fold-002,evaluation,ridge,reinforce,parent,3,20,19,2000,42,-0.1303684195149974,,,Se necesitan más sesiones que la longitud del bloque
fold-002,evaluation,ridge,reinforce,initial_policy,3,20,19,2000,42,-2.2780342493142056e-07,,,Se necesitan más sesiones que la longitud del bloque
fold-002,evaluation,ridge,reinforce,center,3,20,19,2000,42,-0.09081960688948577,,,Se necesitan más sesiones que la longitud del bloque
fold-002,evaluation,ridge,ridge,zero,1,20,19,2000,42,0.18272824458990014,,,Se necesitan más sesiones que la longitud del bloque
fold-002,evaluation,rnn,expected,zero,3,20,19,2000,42,0.0007777131469826481,,,Se necesitan más sesiones que la longitud del bloque
fold-002,evaluation,rnn,expected,parent,3,20,19,2000,42,9.415415223724792e-05,,,Se necesitan más sesiones que la longitud del bloque
fold-002,evaluation,rnn,expected,initial_policy,3,20,19,2000,42,0.0,,,Se necesitan más sesiones que la longitud del bloque
fold-002,evaluation,rnn,expected,center,3,20,19,2000,42,9.415415223724792e-05,,,Se necesitan más sesiones que la longitud del bloque
fold-002,evaluation,rnn,klpo_exact,zero,3,20,19,2000,42,0.0007777131469826481,,,Se necesitan más sesiones que la longitud del bloque
fold-002,evaluation,rnn,klpo_exact,parent,3,20,19,2000,42,9.415415223724792e-05,,,Se necesitan más sesiones que la longitud del bloque
fold-002,evaluation,rnn,klpo_exact,initial_policy,3,20,19,2000,42,0.0,,,Se necesitan más sesiones que la longitud del bloque
fold-002,evaluation,rnn,klpo_exact,center,3,20,19,2000,42,9.415415223724792e-05,,,Se necesitan más sesiones que la longitud del bloque
fold-002,evaluation,rnn,klpo_full,zero,3,20,19,2000,42,0.0007777131469826481,,,Se necesitan más sesiones que la longitud del bloque
fold-002,evaluation,rnn,klpo_full,parent,3,20,19,2000,42,9.415415223724792e-05,,,Se necesitan más sesiones que la longitud del bloque
fold-002,evaluation,rnn,klpo_full,initial_policy,3,20,19,2000,42,0.0,,,Se necesitan más sesiones que la longitud del bloque
fold-002,evaluation,rnn,klpo_full,center,3,20,19,2000,42,9.415415223724792e-05,,,Se necesitan más sesiones que la longitud del bloque
fold-002,evaluation,rnn,klpo_mc,zero,3,20,19,2000,42,0.0007777131469826481,,,Se necesitan más sesiones que la longitud del bloque
fold-002,evaluation,rnn,klpo_mc,parent,3,20,19,2000,42,9.415415223724792e-05,,,Se necesitan más sesiones que la longitud del bloque
fold-002,evaluation,rnn,klpo_mc,initial_policy,3,20,19,2000,42,0.0,,,Se necesitan más sesiones que la longitud del bloque
fold-002,evaluation,rnn,klpo_mc,center,3,20,19,2000,42,9.415415223724792e-05,,,Se necesitan más sesiones que la longitud del bloque
fold-002,evaluation,rnn,mae,zero,3,20,19,2000,42,0.0007777131469826481,,,Se necesitan más sesiones que la longitud del bloque
fold-002,evaluation,rnn,mae,parent,3,20,19,2000,42,9.415415223724792e-05,,,Se necesitan más sesiones que la longitud del bloque
fold-002,evaluation,rnn,mae,initial_policy,3,20,19,2000,42,0.0,,,Se necesitan más sesiones que la longitud del bloque
fold-002,evaluation,rnn,mae,center,3,20,19,2000,42,9.415415223724792e-05,,,Se necesitan más sesiones que la longitud del bloque
fold-002,evaluation,rnn,neural_mae,zero,3,20,19,2000,42,1.2339562298246898e-05,,,Se necesitan más sesiones que la longitud del bloque
fold-002,evaluation,rnn,neural_mae,parent,3,20,19,2000,42,-0.0006712194324471533,,,Se necesitan más sesiones que la longitud del bloque
fold-002,evaluation,rnn,neural_mae,initial_policy,3,20,19,2000,42,-0.0007653735846844012,,,Se necesitan más sesiones que la longitud del bloque
fold-002,evaluation,rnn,neural_mae,center,3,20,19,2000,42,-3.70254015491776e-05,,,Se necesitan más sesiones que la longitud del bloque
fold-002,evaluation,rnn,neural_mse,zero,3,20,19,2000,42,2.5335267977146828e-05,,,Se necesitan más sesiones que la longitud del bloque
fold-002,evaluation,rnn,neural_mse,parent,3,20,19,2000,42,-0.0006582237267682534,,,Se necesitan más sesiones que la longitud del bloque
fold-002,evaluation,rnn,neural_mse,initial_policy,3,20,19,2000,42,-0.0007523778790055013,,,Se necesitan más sesiones que la longitud del bloque
fold-002,evaluation,rnn,neural_mse,center,3,20,19,2000,42,-3.0664778099476354e-05,,,Se necesitan más sesiones que la longitud del bloque
fold-002,evaluation,rnn,reference,zero,3,20,19,2000,42,0.0006181935759603071,,,Se necesitan más sesiones que la longitud del bloque
fold-002,evaluation,rnn,reference_mae,zero,3,20,19,2000,42,0.0002624571669025923,,,Se necesitan más sesiones que la longitud del bloque
fold-002,evaluation,rnn,reference_mae,parent,3,20,19,2000,42,-0.00035573640905771467,,,Se necesitan más sesiones que la longitud del bloque
fold-002,evaluation,rnn,reference_mse,zero,3,20,19,2000,42,0.000528232035547365,,,Se necesitan más sesiones que la longitud del bloque
fold-002,evaluation,rnn,reference_mse,parent,3,20,19,2000,42,-8.996154041294198e-05,,,Se necesitan más sesiones que la longitud del bloque
fold-002,evaluation,rnn,reinforce,zero,3,20,19,2000,42,0.0007777131469826481,,,Se necesitan más sesiones que la longitud del bloque
fold-002,evaluation,rnn,reinforce,parent,3,20,19,2000,42,9.415415223724792e-05,,,Se necesitan más sesiones que la longitud del bloque
fold-002,evaluation,rnn,reinforce,initial_policy,3,20,19,2000,42,0.0,,,Se necesitan más sesiones que la longitud del bloque
fold-002,evaluation,rnn,reinforce,center,3,20,19,2000,42,9.415415223724792e-05,,,Se necesitan más sesiones que la longitud del bloque
fold-002,evaluation,xgboost,expected,zero,3,20,19,2000,42,2.7285826013510214e-07,,,Se necesitan más sesiones que la longitud del bloque
fold-002,evaluation,xgboost,expected,parent,3,20,19,2000,42,-9.055185566753804e-06,,,Se necesitan más sesiones que la longitud del bloque
fold-002,evaluation,xgboost,expected,initial_policy,3,20,19,2000,42,0.0,,,Se necesitan más sesiones que la longitud del bloque
fold-002,evaluation,xgboost,expected,center,3,20,19,2000,42,-9.055185566753804e-06,,,Se necesitan más sesiones que la longitud del bloque
fold-002,evaluation,xgboost,klpo_exact,zero,3,20,19,2000,42,2.7285826013510214e-07,,,Se necesitan más sesiones que la longitud del bloque
fold-002,evaluation,xgboost,klpo_exact,parent,3,20,19,2000,42,-9.055185566753804e-06,,,Se necesitan más sesiones que la longitud del bloque
fold-002,evaluation,xgboost,klpo_exact,initial_policy,3,20,19,2000,42,0.0,,,Se necesitan más sesiones que la longitud del bloque
fold-002,evaluation,xgboost,klpo_exact,center,3,20,19,2000,42,-9.055185566753804e-06,,,Se necesitan más sesiones que la longitud del bloque
fold-002,evaluation,xgboost,klpo_full,zero,3,20,19,2000,42,2.7285826013510214e-07,,,Se necesitan más sesiones que la longitud del bloque
fold-002,evaluation,xgboost,klpo_full,parent,3,20,19,2000,42,-9.055185566753804e-06,,,Se necesitan más sesiones que la longitud del bloque
fold-002,evaluation,xgboost,klpo_full,initial_policy,3,20,19,2000,42,0.0,,,Se necesitan más sesiones que la longitud del bloque
fold-002,evaluation,xgboost,klpo_full,center,3,20,19,2000,42,-9.055185566753804e-06,,,Se necesitan más sesiones que la longitud del bloque
fold-002,evaluation,xgboost,klpo_mc,zero,3,20,19,2000,42,2.7285826013510214e-07,,,Se necesitan más sesiones que la longitud del bloque
fold-002,evaluation,xgboost,klpo_mc,parent,3,20,19,2000,42,-9.055185566753804e-06,,,Se necesitan más sesiones que la longitud del bloque
fold-002,evaluation,xgboost,klpo_mc,initial_policy,3,20,19,2000,42,0.0,,,Se necesitan más sesiones que la longitud del bloque
fold-002,evaluation,xgboost,klpo_mc,center,3,20,19,2000,42,-9.055185566753804e-06,,,Se necesitan más sesiones que la longitud del bloque
fold-002,evaluation,xgboost,mae,zero,3,20,19,2000,42,2.7285826013510214e-07,,,Se necesitan más sesiones que la longitud del bloque
fold-002,evaluation,xgboost,mae,parent,3,20,19,2000,42,-9.055185566753804e-06,,,Se necesitan más sesiones que la longitud del bloque
fold-002,evaluation,xgboost,mae,initial_policy,3,20,19,2000,42,0.0,,,Se necesitan más sesiones que la longitud del bloque
fold-002,evaluation,xgboost,mae,center,3,20,19,2000,42,-9.055185566753804e-06,,,Se necesitan más sesiones que la longitud del bloque
fold-002,evaluation,xgboost,reinforce,zero,3,20,19,2000,42,2.7285826013510214e-07,,,Se necesitan más sesiones que la longitud del bloque
fold-002,evaluation,xgboost,reinforce,parent,3,20,19,2000,42,-9.055185566753804e-06,,,Se necesitan más sesiones que la longitud del bloque
fold-002,evaluation,xgboost,reinforce,initial_policy,3,20,19,2000,42,0.0,,,Se necesitan más sesiones que la longitud del bloque
fold-002,evaluation,xgboost,reinforce,center,3,20,19,2000,42,-9.055185566753804e-06,,,Se necesitan más sesiones que la longitud del bloque
fold-002,evaluation,xgboost,xgboost,zero,3,20,19,2000,42,9.328043826888907e-06,,,Se necesitan más sesiones que la longitud del bloque
fold-003,calibration,dlinear,expected,zero,3,1,19,2000,42,0.000132473033713178,-0.00033266892247523356,0.0005493632461722243,
fold-003,calibration,dlinear,expected,parent,3,1,19,2000,42,0.00011098718322498872,3.0514149101230897e-05,0.00018691677544557851,
fold-003,calibration,dlinear,expected,initial_policy,3,1,19,2000,42,0.0,0.0,0.0,
fold-003,calibration,dlinear,expected,center,3,1,19,2000,42,0.00011098718322498872,3.0514149101230897e-05,0.00018691677544557851,
fold-003,calibration,dlinear,klpo_exact,zero,3,1,19,2000,42,0.000132473033713178,-0.00033266892247523356,0.0005493632461722243,
fold-003,calibration,dlinear,klpo_exact,parent,3,1,19,2000,42,0.00011098718322498872,3.0514149101230897e-05,0.00018691677544557851,
fold-003,calibration,dlinear,klpo_exact,initial_policy,3,1,19,2000,42,0.0,0.0,0.0,
fold-003,calibration,dlinear,klpo_exact,center,3,1,19,2000,42,0.00011098718322498872,3.0514149101230897e-05,0.00018691677544557851,
fold-003,calibration,dlinear,klpo_full,zero,3,1,19,2000,42,0.000132473033713178,-0.00033266892247523356,0.0005493632461722243,
fold-003,calibration,dlinear,klpo_full,parent,3,1,19,2000,42,0.00011098718322498872,3.0514149101230897e-05,0.00018691677544557851,
fold-003,calibration,dlinear,klpo_full,initial_policy,3,1,19,2000,42,0.0,0.0,0.0,
fold-003,calibration,dlinear,klpo_full,center,3,1,19,2000,42,0.00011098718322498872,3.0514149101230897e-05,0.00018691677544557851,
fold-003,calibration,dlinear,klpo_mc,zero,3,1,19,2000,42,0.000132473033713178,-0.00033266892247523356,0.0005493632461722243,
fold-003,calibration,dlinear,klpo_mc,parent,3,1,19,2000,42,0.00011098718322498872,3.0514149101230897e-05,0.00018691677544557851,
fold-003,calibration,dlinear,klpo_mc,initial_policy,3,1,19,2000,42,0.0,0.0,0.0,
fold-003,calibration,dlinear,klpo_mc,center,3,1,19,2000,42,0.00011098718322498872,3.0514149101230897e-05,0.00018691677544557851,
fold-003,calibration,dlinear,mae,zero,3,1,19,2000,42,0.000132473033713178,-0.00033266892247523356,0.0005493632461722243,
fold-003,calibration,dlinear,mae,parent,3,1,19,2000,42,0.00011098718322498872,3.0514149101230897e-05,0.00018691677544557851,
fold-003,calibration,dlinear,mae,initial_policy,3,1,19,2000,42,0.0,0.0,0.0,
fold-003,calibration,dlinear,mae,center,3,1,19,2000,42,0.00011098718322498872,3.0514149101230897e-05,0.00018691677544557851,
fold-003,calibration,dlinear,neural_mae,zero,3,1,19,2000,42,-7.704473937606273e-06,-4.4037116033501335e-05,2.1449613650614156e-05,
fold-003,calibration,dlinear,neural_mae,parent,3,1,19,2000,42,-2.9190324425795558e-05,-0.0003984206112173718,0.0003730672325261753,
fold-003,calibration,dlinear,neural_mae,initial_policy,3,1,19,2000,42,-0.00014017750765078427,-0.0005375487885222699,0.00029651717877749324,
fold-003,calibration,dlinear,neural_mae,center,3,1,19,2000,42,-4.337246216277428e-05,-0.00015884656285684715,7.565493750820688e-05,
fold-003,calibration,dlinear,neural_mse,zero,3,1,19,2000,42,5.179137350734114e-06,-2.7595982499558688e-06,1.5247070383917129e-05,
fold-003,calibration,dlinear,neural_mse,parent,3,1,19,2000,42,-1.6306713137455168e-05,-0.00040086334803492656,0.0004080084475481085,
fold-003,calibration,dlinear,neural_mse,initial_policy,3,1,19,2000,42,-0.00012729389636244388,-0.0005396793097485129,0.00033255812391792496,
fold-003,calibration,dlinear,neural_mse,center,3,1,19,2000,42,1.4278683914522025e-05,-6.998253377116603e-05,0.0001218463362839929,
fold-003,calibration,dlinear,reference,zero,3,1,19,2000,42,0.00021242962875406746,-0.00018042407871516396,0.0005956629270666283,
fold-003,calibration,dlinear,reference_mae,zero,3,1,19,2000,42,0.00011298727767499791,-0.00019631200251258796,0.00041758899296559504,
fold-003,calibration,dlinear,reference_mae,parent,3,1,19,2000,42,-9.94423510790698e-05,-0.0002657159744566452,5.6885911839304816e-05,
fold-003,calibration,dlinear,reference_mse,zero,3,1,19,2000,42,0.0001760816309436681,-0.00018591159389661814,0.000535371687277783,
fold-003,calibration,dlinear,reference_mse,parent,3,1,19,2000,42,-3.634799781039962e-05,-7.510082154815669e-05,3.026138418166622e-06,
fold-003,calibration,dlinear,reinforce,zero,3,1,19,2000,42,0.000132473033713178,-0.00033266892247523356,0.0005493632461722243,
fold-003,calibration,dlinear,reinforce,parent,3,1,19,2000,42,0.00011098718322498872,3.0514149101230897e-05,0.00018691677544557851,
fold-003,calibration,dlinear,reinforce,initial_policy,3,1,19,2000,42,0.0,0.0,0.0,
fold-003,calibration,dlinear,reinforce,center,3,1,19,2000,42,0.00011098718322498872,3.0514149101230897e-05,0.00018691677544557851,
fold-003,calibration,gru,expected,zero,3,1,19,2000,42,0.000517709703564513,-3.2612868392953295e-05,0.0011151621362251352,
fold-003,calibration,gru,expected,parent,3,1,19,2000,42,0.00014867274422745058,3.232021246273192e-05,0.0002635385836450059,
fold-003,calibration,gru,expected,initial_policy,3,1,19,2000,42,0.0,0.0,0.0,
fold-003,calibration,gru,expected,center,3,1,19,2000,42,0.00014867274422745058,3.232021246273192e-05,0.0002635385836450059,
fold-003,calibration,gru,klpo_exact,zero,3,1,19,2000,42,0.000517709703564513,-3.2612868392953295e-05,0.0011151621362251352,
fold-003,calibration,gru,klpo_exact,parent,3,1,19,2000,42,0.00014867274422745058,3.232021246273192e-05,0.0002635385836450059,
fold-003,calibration,gru,klpo_exact,initial_policy,3,1,19,2000,42,0.0,0.0,0.0,
fold-003,calibration,gru,klpo_exact,center,3,1,19,2000,42,0.00014867274422745058,3.232021246273192e-05,0.0002635385836450059,
fold-003,calibration,gru,klpo_full,zero,3,1,19,2000,42,0.000517709703564513,-3.2612868392953295e-05,0.0011151621362251352,
fold-003,calibration,gru,klpo_full,parent,3,1,19,2000,42,0.00014867274422745058,3.232021246273192e-05,0.0002635385836450059,
fold-003,calibration,gru,klpo_full,initial_policy,3,1,19,2000,42,0.0,0.0,0.0,
fold-003,calibration,gru,klpo_full,center,3,1,19,2000,42,0.00014867274422745058,3.232021246273192e-05,0.0002635385836450059,
fold-003,calibration,gru,klpo_mc,zero,3,1,19,2000,42,0.000517709703564513,-3.2612868392953295e-05,0.0011151621362251352,
fold-003,calibration,gru,klpo_mc,parent,3,1,19,2000,42,0.00014867274422745058,3.232021246273192e-05,0.0002635385836450059,
fold-003,calibration,gru,klpo_mc,initial_policy,3,1,19,2000,42,0.0,0.0,0.0,
fold-003,calibration,gru,klpo_mc,center,3,1,19,2000,42,0.00014867274422745058,3.232021246273192e-05,0.0002635385836450059,
fold-003,calibration,gru,mae,zero,3,1,19,2000,42,0.000517709703564513,-3.2612868392953295e-05,0.0011151621362251352,
fold-003,calibration,gru,mae,parent,3,1,19,2000,42,0.00014867274422745058,3.232021246273192e-05,0.0002635385836450059,
fold-003,calibration,gru,mae,initial_policy,3,1,19,2000,42,0.0,0.0,0.0,
fold-003,calibration,gru,mae,center,3,1,19,2000,42,0.00014867274422745058,3.232021246273192e-05,0.0002635385836450059,
fold-003,calibration,gru,neural_mae,zero,3,1,19,2000,42,1.9029235114485166e-05,2.13815900343535e-06,4.764467378684601e-05,
fold-003,calibration,gru,neural_mae,parent,3,1,19,2000,42,-0.00035000772422257714,-0.0008847078537292493,0.0001573183632022815,
fold-003,calibration,gru,neural_mae,initial_policy,3,1,19,2000,42,-0.0004986804684500277,-0.0010884660517002577,5.016736399123779e-05,
fold-003,calibration,gru,neural_mae,center,3,1,19,2000,42,-5.29332768049764e-05,-0.00011743315268164165,1.2036026748169909e-05,
fold-003,calibration,gru,neural_mse,zero,3,1,19,2000,42,9.611171745778613e-06,-1.0220850731662097e-05,2.5128816654226784e-05,
fold-003,calibration,gru,neural_mse,parent,3,1,19,2000,42,-0.0003594257875912837,-0.0008965637938786931,0.0001477423454632599,
fold-003,calibration,gru,neural_mse,initial_policy,3,1,19,2000,42,-0.0005080985318187342,-0.001102043192492089,3.173874340826332e-05,
fold-003,calibration,gru,neural_mse,center,3,1,19,2000,42,-5.7410595049460885e-05,-0.00014055239405925816,3.067884910429411e-05,
fold-003,calibration,gru,reference,zero,3,1,19,2000,42,0.0002980391190563447,-0.00018306269877338977,0.0007591458800030647,
fold-003,calibration,gru,reference_mae,zero,3,1,19,2000,42,0.00021907893363817647,-0.00019908413876689205,0.0006191883644404232,
fold-003,calibration,gru,reference_mae,parent,3,1,19,2000,42,-7.896018541816794e-05,-0.00024769078745759437,6.699398267809779e-05,
fold-003,calibration,gru,reference_mse,zero,3,1,19,2000,42,0.0002320973745252604,-0.00021523665841523683,0.0006577407199109703,
fold-003,calibration,gru,reference_mse,parent,3,1,19,2000,42,-6.5941744531084e-05,-0.00016806623069498712,1.715449785889083e-05,
fold-003,calibration,gru,reinforce,zero,3,1,19,2000,42,0.000517709703564513,-3.2612868392953295e-05,0.0011151621362251352,
fold-003,calibration,gru,reinforce,parent,3,1,19,2000,42,0.00014867274422745058,3.232021246273192e-05,0.0002635385836450059,
fold-003,calibration,gru,reinforce,initial_policy,3,1,19,2000,42,0.0,0.0,0.0,
fold-003,calibration,gru,reinforce,center,3,1,19,2000,42,0.00014867274422745058,3.232021246273192e-05,0.0002635385836450059,
fold-003,calibration,lstm,expected,zero,3,1,19,2000,42,0.0006047032798529037,0.00017608268930934722,0.0010698444146020616,
fold-003,calibration,lstm,expected,parent,3,1,19,2000,42,0.0003795816343778161,0.00021121194832339802,0.0005243106367950229,
fold-003,calibration,lstm,expected,initial_policy,3,1,19,2000,42,0.0002846455884105207,0.00015007425788808284,0.0004074579669124748,
fold-003,calibration,lstm,expected,center,3,1,19,2000,42,9.194514658416164e-05,4.511559108265854e-05,0.0001424236730531024,
fold-003,calibration,lstm,klpo_exact,zero,3,1,19,2000,42,0.000320057691442383,-0.0001407636679958156,0.0007717880578850434,
fold-003,calibration,lstm,klpo_exact,parent,3,1,19,2000,42,9.493604596729536e-05,2.353023828811435e-05,0.0001686267615121073,
fold-003,calibration,lstm,klpo_exact,initial_policy,3,1,19,2000,42,0.0,0.0,0.0,
fold-003,calibration,lstm,klpo_exact,center,3,1,19,2000,42,9.493604596729536e-05,2.353023828811435e-05,0.0001686267615121073,
fold-003,calibration,lstm,klpo_full,zero,3,1,19,2000,42,0.000320057691442383,-0.0001407636679958156,0.0007717880578850434,
fold-003,calibration,lstm,klpo_full,parent,3,1,19,2000,42,9.493604596729536e-05,2.353023828811435e-05,0.0001686267615121073,
fold-003,calibration,lstm,klpo_full,initial_policy,3,1,19,2000,42,0.0,0.0,0.0,
fold-003,calibration,lstm,klpo_full,center,3,1,19,2000,42,9.493604596729536e-05,2.353023828811435e-05,0.0001686267615121073,
fold-003,calibration,lstm,klpo_mc,zero,3,1,19,2000,42,0.000320057691442383,-0.0001407636679958156,0.0007717880578850434,
fold-003,calibration,lstm,klpo_mc,parent,3,1,19,2000,42,9.493604596729536e-05,2.353023828811435e-05,0.0001686267615121073,
fold-003,calibration,lstm,klpo_mc,initial_policy,3,1,19,2000,42,0.0,0.0,0.0,
fold-003,calibration,lstm,klpo_mc,center,3,1,19,2000,42,9.493604596729536e-05,2.353023828811435e-05,0.0001686267615121073,
fold-003,calibration,lstm,mae,zero,3,1,19,2000,42,0.0005499464489009748,8.741740046583662e-05,0.0010434181956067608,
fold-003,calibration,lstm,mae,parent,3,1,19,2000,42,0.0003248248034258871,0.00015046773745458592,0.00048153041809995367,
fold-003,calibration,lstm,mae,initial_policy,3,1,19,2000,42,0.00022988875745859173,9.624950153747234e-05,0.00036039500063051686,
fold-003,calibration,lstm,mae,center,3,1,19,2000,42,9.188778594102646e-05,5.5002724648184855e-05,0.00013208433690250438,
fold-003,calibration,lstm,neural_mae,zero,3,1,19,2000,42,0.00011653274198807804,-3.4613288547759785e-05,0.00027823472608279716,
fold-003,calibration,lstm,neural_mae,parent,3,1,19,2000,42,-0.00010858890348700964,-0.0005625991913408932,0.0003298143382784012,
fold-003,calibration,lstm,neural_mae,initial_policy,3,1,19,2000,42,-0.00020352494945430498,-0.0006918664253418744,0.0002462994587541478,
fold-003,calibration,lstm,neural_mae,center,3,1,19,2000,42,3.233070357563307e-05,-5.8190151124569785e-05,0.00011806375698333184,
fold-003,calibration,lstm,neural_mse,zero,3,1,19,2000,42,9.79035954066776e-05,-1.245723032431488e-06,0.00019900098400161604,
fold-003,calibration,lstm,neural_mse,parent,3,1,19,2000,42,-0.00012721805006841007,-0.0004929694602300637,0.00027014355665120514,
fold-003,calibration,lstm,neural_mse,initial_policy,3,1,19,2000,42,-0.00022215409603570542,-0.0006129253380328455,0.0001801597450414083,
fold-003,calibration,lstm,neural_mse,center,3,1,19,2000,42,3.096097984287507e-05,-2.1881180079426932e-05,8.370505120814802e-05,
fold-003,calibration,lstm,reference,zero,3,1,19,2000,42,0.0003018399801533648,-6.660221835403006e-05,0.0006934877389912505,
fold-003,calibration,lstm,reference_mae,zero,3,1,19,2000,42,0.0002816696926359343,-7.482414800738994e-05,0.000655383353656853,
fold-003,calibration,lstm,reference_mae,parent,3,1,19,2000,42,-2.0170287517430645e-05,-5.315215122431173e-05,1.0112028208648893e-05,
fold-003,calibration,lstm,reference_mse,zero,3,1,19,2000,42,0.0003018399801533649,-6.66022183540299e-05,0.0006934877389912505,
fold-003,calibration,lstm,reference_mse,parent,3,1,19,2000,42,0.0,0.0,0.0,
fold-003,calibration,lstm,reinforce,zero,3,1,19,2000,42,0.00045578166125243203,1.1379447022355234e-05,0.0009092696364099367,
fold-003,calibration,lstm,reinforce,parent,3,1,19,2000,42,0.00023066001577734437,0.00010863007620971422,0.00033834231019818164,
fold-003,calibration,lstm,reinforce,initial_policy,3,1,19,2000,42,0.00013572396981004903,5.286562796457036e-05,0.00022126108367814088,
fold-003,calibration,lstm,reinforce,center,3,1,19,2000,42,0.0001022621425699961,4.817618321683403e-05,0.00016120413955566666,
fold-003,calibration,ridge,expected,zero,3,1,19,2000,42,0.01162055412633714,0.006973822773837438,0.016605398185041715,
fold-003,calibration,ridge,expected,parent,3,1,19,2000,42,-0.002197054021575179,-0.003976056605711906,-0.0006608163142953631,
fold-003,calibration,ridge,expected,initial_policy,3,1,19,2000,42,-0.0018126506488575645,-0.003163388768865719,-0.0006218633120444278,
fold-003,calibration,ridge,expected,center,3,1,19,2000,42,-9.968867807682011e-05,-0.00027002385450151906,3.3827787342549956e-05,
fold-003,calibration,ridge,klpo_exact,zero,3,1,19,2000,42,0.0010413072218917088,0.0006199156122058784,0.001398360926014631,
fold-003,calibration,ridge,klpo_exact,parent,3,1,19,2000,42,-0.012776300926020612,-0.019620163277821016,-0.0067160914223957655,
fold-003,calibration,ridge,klpo_exact,initial_policy,3,1,19,2000,42,-0.012391897553302996,-0.01889005926812842,-0.006618691196201087,
fold-003,calibration,ridge,klpo_exact,center,3,1,19,2000,42,0.0001067911976528568,8.018053238794457e-05,0.00013533699297648503,
fold-003,calibration,ridge,klpo_full,zero,3,1,19,2000,42,0.001913221638938792,0.0014563941867153797,0.0024499006132080066,
fold-003,calibration,ridge,klpo_full,parent,3,1,19,2000,42,-0.011904386508973531,-0.018351314670071926,-0.0061258676678432235,
fold-003,calibration,ridge,klpo_full,initial_policy,3,1,19,2000,42,-0.011519983136255914,-0.017665764235208065,-0.005987879677924262,
fold-003,calibration,ridge,klpo_full,center,3,1,19,2000,42,8.414446172547903e-05,6.95140942956917e-05,0.00010022682413114341,
fold-003,calibration,ridge,klpo_mc,zero,3,1,19,2000,42,0.0019509419963515055,0.0014966713787152486,0.0024819137875208884,
fold-003,calibration,ridge,klpo_mc,parent,3,1,19,2000,42,-0.011866666151560812,-0.018308811094598264,-0.006133694353106696,
fold-003,calibration,ridge,klpo_mc,initial_policy,3,1,19,2000,42,-0.011482262778843198,-0.017559470570679376,-0.006032841590434218,
fold-003,calibration,ridge,klpo_mc,center,3,1,19,2000,42,8.04527550714116e-05,6.529454291390089e-05,9.715493602547749e-05,
fold-003,calibration,ridge,mae,zero,3,1,19,2000,42,0.010356357737183759,0.006226853879657546,0.014872119587751524,
fold-003,calibration,ridge,mae,parent,3,1,19,2000,42,-0.00346125041072856,-0.005697192078196972,-0.0015250665259431769,
fold-003,calibration,ridge,mae,initial_policy,3,1,19,2000,42,-0.0030768470380109466,-0.0049171718771677,-0.001450503279098678,
fold-003,calibration,ridge,mae,center,3,1,19,2000,42,-2.157012892341662e-05,-0.00010977746422144753,5.524604474857619e-05,
fold-003,calibration,ridge,reinforce,zero,3,1,19,2000,42,0.011571713931775173,0.006861107066640531,0.01662545560863457,
fold-003,calibration,ridge,reinforce,parent,3,1,19,2000,42,-0.002245894216137145,-0.003870501009347051,-0.0008058171248743446,
fold-003,calibration,ridge,reinforce,initial_policy,3,1,19,2000,42,-0.0018614908434195316,-0.0030842181733364816,-0.0007425480025519349,
fold-003,calibration,ridge,reinforce,center,3,1,19,2000,42,-0.00013363910707962944,-0.0003323697588948478,1.6193075644597573e-05,
fold-003,calibration,ridge,ridge,zero,1,1,19,2000,42,0.013817608147912318,0.007807727345804273,0.02047815853303815,
fold-003,calibration,rnn,expected,zero,3,1,19,2000,42,0.000569477690434432,-8.647273438459718e-05,0.0013621562653673136,
fold-003,calibration,rnn,expected,parent,3,1,19,2000,42,4.048877640987379e-05,-8.046036863457966e-05,0.00015995590757206834,
fold-003,calibration,rnn,expected,initial_policy,3,1,19,2000,42,0.0,0.0,0.0,
fold-003,calibration,rnn,expected,center,3,1,19,2000,42,4.048877640987379e-05,-8.046036863457966e-05,0.00015995590757206834,
fold-003,calibration,rnn,klpo_exact,zero,3,1,19,2000,42,0.000569477690434432,-8.647273438459718e-05,0.0013621562653673136,
fold-003,calibration,rnn,klpo_exact,parent,3,1,19,2000,42,4.048877640987379e-05,-8.046036863457966e-05,0.00015995590757206834,
fold-003,calibration,rnn,klpo_exact,initial_policy,3,1,19,2000,42,0.0,0.0,0.0,
fold-003,calibration,rnn,klpo_exact,center,3,1,19,2000,42,4.048877640987379e-05,-8.046036863457966e-05,0.00015995590757206834,
fold-003,calibration,rnn,klpo_full,zero,3,1,19,2000,42,0.000569477690434432,-8.647273438459718e-05,0.0013621562653673136,
fold-003,calibration,rnn,klpo_full,parent,3,1,19,2000,42,4.048877640987379e-05,-8.046036863457966e-05,0.00015995590757206834,
fold-003,calibration,rnn,klpo_full,initial_policy,3,1,19,2000,42,0.0,0.0,0.0,
fold-003,calibration,rnn,klpo_full,center,3,1,19,2000,42,4.048877640987379e-05,-8.046036863457966e-05,0.00015995590757206834,
fold-003,calibration,rnn,klpo_mc,zero,3,1,19,2000,42,0.000569477690434432,-8.647273438459718e-05,0.0013621562653673136,
fold-003,calibration,rnn,klpo_mc,parent,3,1,19,2000,42,4.048877640987379e-05,-8.046036863457966e-05,0.00015995590757206834,
fold-003,calibration,rnn,klpo_mc,initial_policy,3,1,19,2000,42,0.0,0.0,0.0,
fold-003,calibration,rnn,klpo_mc,center,3,1,19,2000,42,4.048877640987379e-05,-8.046036863457966e-05,0.00015995590757206834,
fold-003,calibration,rnn,mae,zero,3,1,19,2000,42,0.000569477690434432,-8.647273438459718e-05,0.0013621562653673136,
fold-003,calibration,rnn,mae,parent,3,1,19,2000,42,4.048877640987379e-05,-8.046036863457966e-05,0.00015995590757206834,
fold-003,calibration,rnn,mae,initial_policy,3,1,19,2000,42,0.0,0.0,0.0,
fold-003,calibration,rnn,mae,center,3,1,19,2000,42,4.048877640987379e-05,-8.046036863457966e-05,0.00015995590757206834,
fold-003,calibration,rnn,neural_mae,zero,3,1,19,2000,42,5.159008921783645e-05,-1.541529093532422e-06,0.0001396459197942812,
fold-003,calibration,rnn,neural_mae,parent,3,1,19,2000,42,-0.00047739882480672175,-0.0011889634963241124,0.00012358171826825135,
fold-003,calibration,rnn,neural_mae,initial_policy,3,1,19,2000,42,-0.0005178876012165956,-0.0012446749596956774,8.967737693405516e-05,
fold-003,calibration,rnn,neural_mae,center,3,1,19,2000,42,-2.0306293413166202e-05,-0.00014039168594897006,9.265820356156659e-05,
fold-003,calibration,rnn,neural_mse,zero,3,1,19,2000,42,1.3435518572731412e-05,1.6033900382234414e-06,2.939228097325e-05,
fold-003,calibration,rnn,neural_mse,parent,3,1,19,2000,42,-0.0005155533954518269,-0.0012914832600790227,0.00012455912901551553,
fold-003,calibration,rnn,neural_mse,initial_policy,3,1,19,2000,42,-0.0005560421718617006,-0.001335557823998718,9.200620699992852e-05,
fold-003,calibration,rnn,neural_mse,center,3,1,19,2000,42,-2.9618134599741427e-05,-0.00011642973168216513,6.441107727956484e-05,
fold-003,calibration,rnn,reference,zero,3,1,19,2000,42,0.0002688093446995817,-0.0002123528233005047,0.0007462740331055478,
fold-003,calibration,rnn,reference_mae,zero,3,1,19,2000,42,0.00016694796536441476,-0.00020075810339805034,0.0005545539852619978,
fold-003,calibration,rnn,reference_mae,parent,3,1,19,2000,42,-0.00010186137933516714,-0.0002541228167562986,4.8962959710504775e-05,
fold-003,calibration,rnn,reference_mse,zero,3,1,19,2000,42,0.0002688093446995819,-0.0002123528233005045,0.0007462740331055484,
fold-003,calibration,rnn,reference_mse,parent,3,1,19,2000,42,0.0,0.0,0.0,
fold-003,calibration,rnn,reinforce,zero,3,1,19,2000,42,0.000569477690434432,-8.647273438459718e-05,0.0013621562653673136,
fold-003,calibration,rnn,reinforce,parent,3,1,19,2000,42,4.048877640987379e-05,-8.046036863457966e-05,0.00015995590757206834,
fold-003,calibration,rnn,reinforce,initial_policy,3,1,19,2000,42,0.0,0.0,0.0,
fold-003,calibration,rnn,reinforce,center,3,1,19,2000,42,4.048877640987379e-05,-8.046036863457966e-05,0.00015995590757206834,
fold-003,calibration,xgboost,expected,zero,3,1,19,2000,42,3.067174334684353e-07,0.0,9.20152300405306e-07,
fold-003,calibration,xgboost,expected,parent,3,1,19,2000,42,8.298957482428937e-05,1.068606859339713e-05,0.00017096348248767126,
fold-003,calibration,xgboost,expected,initial_policy,3,1,19,2000,42,0.0,0.0,0.0,
fold-003,calibration,xgboost,expected,center,3,1,19,2000,42,8.298957482428937e-05,1.068606859339713e-05,0.00017096348248767126,
fold-003,calibration,xgboost,klpo_exact,zero,3,1,19,2000,42,3.067174334684353e-07,0.0,9.20152300405306e-07,
fold-003,calibration,xgboost,klpo_exact,parent,3,1,19,2000,42,8.298957482428937e-05,1.068606859339713e-05,0.00017096348248767126,
fold-003,calibration,xgboost,klpo_exact,initial_policy,3,1,19,2000,42,0.0,0.0,0.0,
fold-003,calibration,xgboost,klpo_exact,center,3,1,19,2000,42,8.298957482428937e-05,1.068606859339713e-05,0.00017096348248767126,
fold-003,calibration,xgboost,klpo_full,zero,3,1,19,2000,42,3.067174334684353e-07,0.0,9.20152300405306e-07,
fold-003,calibration,xgboost,klpo_full,parent,3,1,19,2000,42,8.298957482428937e-05,1.068606859339713e-05,0.00017096348248767126,
fold-003,calibration,xgboost,klpo_full,initial_policy,3,1,19,2000,42,0.0,0.0,0.0,
fold-003,calibration,xgboost,klpo_full,center,3,1,19,2000,42,8.298957482428937e-05,1.068606859339713e-05,0.00017096348248767126,
fold-003,calibration,xgboost,klpo_mc,zero,3,1,19,2000,42,3.067174334684353e-07,0.0,9.20152300405306e-07,
fold-003,calibration,xgboost,klpo_mc,parent,3,1,19,2000,42,8.298957482428937e-05,1.068606859339713e-05,0.00017096348248767126,
fold-003,calibration,xgboost,klpo_mc,initial_policy,3,1,19,2000,42,0.0,0.0,0.0,
fold-003,calibration,xgboost,klpo_mc,center,3,1,19,2000,42,8.298957482428937e-05,1.068606859339713e-05,0.00017096348248767126,
fold-003,calibration,xgboost,mae,zero,3,1,19,2000,42,3.067174334684353e-07,0.0,9.20152300405306e-07,
fold-003,calibration,xgboost,mae,parent,3,1,19,2000,42,8.298957482428937e-05,1.068606859339713e-05,0.00017096348248767126,
fold-003,calibration,xgboost,mae,initial_policy,3,1,19,2000,42,0.0,0.0,0.0,
fold-003,calibration,xgboost,mae,center,3,1,19,2000,42,8.298957482428937e-05,1.068606859339713e-05,0.00017096348248767126,
fold-003,calibration,xgboost,reinforce,zero,3,1,19,2000,42,3.067174334684353e-07,0.0,9.20152300405306e-07,
fold-003,calibration,xgboost,reinforce,parent,3,1,19,2000,42,8.298957482428937e-05,1.068606859339713e-05,0.00017096348248767126,
fold-003,calibration,xgboost,reinforce,initial_policy,3,1,19,2000,42,0.0,0.0,0.0,
fold-003,calibration,xgboost,reinforce,center,3,1,19,2000,42,8.298957482428937e-05,1.068606859339713e-05,0.00017096348248767126,
fold-003,calibration,xgboost,xgboost,zero,3,1,19,2000,42,-8.268285739082093e-05,-0.00017053726235130836,-1.0244493511132175e-05,
fold-003,calibration,dlinear,expected,zero,3,5,19,2000,42,0.000132473033713178,-0.00032518579940603033,0.0004933581094177721,
fold-003,calibration,dlinear,expected,parent,3,5,19,2000,42,0.00011098718322498872,5.735104605033919e-05,0.00017311670688745774,
fold-003,calibration,dlinear,expected,initial_policy,3,5,19,2000,42,0.0,0.0,0.0,
fold-003,calibration,dlinear,expected,center,3,5,19,2000,42,0.00011098718322498872,5.735104605033919e-05,0.00017311670688745774,
fold-003,calibration,dlinear,klpo_exact,zero,3,5,19,2000,42,0.000132473033713178,-0.00032518579940603033,0.0004933581094177721,
fold-003,calibration,dlinear,klpo_exact,parent,3,5,19,2000,42,0.00011098718322498872,5.735104605033919e-05,0.00017311670688745774,
fold-003,calibration,dlinear,klpo_exact,initial_policy,3,5,19,2000,42,0.0,0.0,0.0,
fold-003,calibration,dlinear,klpo_exact,center,3,5,19,2000,42,0.00011098718322498872,5.735104605033919e-05,0.00017311670688745774,
fold-003,calibration,dlinear,klpo_full,zero,3,5,19,2000,42,0.000132473033713178,-0.00032518579940603033,0.0004933581094177721,
fold-003,calibration,dlinear,klpo_full,parent,3,5,19,2000,42,0.00011098718322498872,5.735104605033919e-05,0.00017311670688745774,
fold-003,calibration,dlinear,klpo_full,initial_policy,3,5,19,2000,42,0.0,0.0,0.0,
fold-003,calibration,dlinear,klpo_full,center,3,5,19,2000,42,0.00011098718322498872,5.735104605033919e-05,0.00017311670688745774,
fold-003,calibration,dlinear,klpo_mc,zero,3,5,19,2000,42,0.000132473033713178,-0.00032518579940603033,0.0004933581094177721,
fold-003,calibration,dlinear,klpo_mc,parent,3,5,19,2000,42,0.00011098718322498872,5.735104605033919e-05,0.00017311670688745774,
fold-003,calibration,dlinear,klpo_mc,initial_policy,3,5,19,2000,42,0.0,0.0,0.0,
fold-003,calibration,dlinear,klpo_mc,center,3,5,19,2000,42,0.00011098718322498872,5.735104605033919e-05,0.00017311670688745774,
fold-003,calibration,dlinear,mae,zero,3,5,19,2000,42,0.000132473033713178,-0.00032518579940603033,0.0004933581094177721,
fold-003,calibration,dlinear,mae,parent,3,5,19,2000,42,0.00011098718322498872,5.735104605033919e-05,0.00017311670688745774,
fold-003,calibration,dlinear,mae,initial_policy,3,5,19,2000,42,0.0,0.0,0.0,
fold-003,calibration,dlinear,mae,center,3,5,19,2000,42,0.00011098718322498872,5.735104605033919e-05,0.00017311670688745774,
fold-003,calibration,dlinear,neural_mae,zero,3,5,19,2000,42,-7.704473937606273e-06,-4.2912730111876093e-05,9.771611176547926e-06,
fold-003,calibration,dlinear,neural_mae,parent,3,5,19,2000,42,-2.9190324425795558e-05,-0.00032915343616602143,0.0003995797690173653,
fold-003,calibration,dlinear,neural_mae,initial_policy,3,5,19,2000,42,-0.00014017750765078427,-0.0004890435965150689,0.0003057164109828112,
fold-003,calibration,dlinear,neural_mae,center,3,5,19,2000,42,-4.337246216277428e-05,-0.00012940658206041754,7.624895174364637e-05,
fold-003,calibration,dlinear,neural_mse,zero,3,5,19,2000,42,5.179137350734114e-06,7.266224069427548e-07,1.2854510933043186e-05,
fold-003,calibration,dlinear,neural_mse,parent,3,5,19,2000,42,-1.6306713137455168e-05,-0.00033660927147339024,0.0004321088269720178,
fold-003,calibration,dlinear,neural_mse,initial_policy,3,5,19,2000,42,-0.00012729389636244388,-0.0004908848599982811,0.000330691903633945,
fold-003,calibration,dlinear,neural_mse,center,3,5,19,2000,42,1.4278683914522025e-05,-3.3637784864697495e-05,8.629508483471728e-05,
fold-003,calibration,dlinear,reference,zero,3,5,19,2000,42,0.00021242962875406746,-4.0336143804331705e-05,0.0004443467913454247,
fold-003,calibration,dlinear,reference_mae,zero,3,5,19,2000,42,0.00011298727767499791,-3.5914559967019174e-05,0.00026033320032193885,
fold-003,calibration,dlinear,reference_mae,parent,3,5,19,2000,42,-9.94423510790698e-05,-0.00019779489256271994,2.9605692361355096e-05,
fold-003,calibration,dlinear,reference_mse,zero,3,5,19,2000,42,0.0001760816309436681,-6.585001930445314e-05,0.00040665540704621923,
fold-003,calibration,dlinear,reference_mse,parent,3,5,19,2000,42,-3.634799781039962e-05,-4.8152357276263766e-05,-1.436150725065199e-05,
fold-003,calibration,dlinear,reinforce,zero,3,5,19,2000,42,0.000132473033713178,-0.00032518579940603033,0.0004933581094177721,
fold-003,calibration,dlinear,reinforce,parent,3,5,19,2000,42,0.00011098718322498872,5.735104605033919e-05,0.00017311670688745774,
fold-003,calibration,dlinear,reinforce,initial_policy,3,5,19,2000,42,0.0,0.0,0.0,
fold-003,calibration,dlinear,reinforce,center,3,5,19,2000,42,0.00011098718322498872,5.735104605033919e-05,0.00017311670688745774,
fold-003,calibration,gru,expected,zero,3,5,19,2000,42,0.000517709703564513,0.0002791810848410944,0.0008228472477647726,
fold-003,calibration,gru,expected,parent,3,5,19,2000,42,0.00014867274422745058,1.3024606334728373e-05,0.00023004063094384623,
fold-003,calibration,gru,expected,initial_policy,3,5,19,2000,42,0.0,0.0,0.0,
fold-003,calibration,gru,expected,center,3,5,19,2000,42,0.00014867274422745058,1.3024606334728373e-05,0.00023004063094384623,
fold-003,calibration,gru,klpo_exact,zero,3,5,19,2000,42,0.000517709703564513,0.0002791810848410944,0.0008228472477647726,
fold-003,calibration,gru,klpo_exact,parent,3,5,19,2000,42,0.00014867274422745058,1.3024606334728373e-05,0.00023004063094384623,
fold-003,calibration,gru,klpo_exact,initial_policy,3,5,19,2000,42,0.0,0.0,0.0,
fold-003,calibration,gru,klpo_exact,center,3,5,19,2000,42,0.00014867274422745058,1.3024606334728373e-05,0.00023004063094384623,
fold-003,calibration,gru,klpo_full,zero,3,5,19,2000,42,0.000517709703564513,0.0002791810848410944,0.0008228472477647726,
fold-003,calibration,gru,klpo_full,parent,3,5,19,2000,42,0.00014867274422745058,1.3024606334728373e-05,0.00023004063094384623,
fold-003,calibration,gru,klpo_full,initial_policy,3,5,19,2000,42,0.0,0.0,0.0,
fold-003,calibration,gru,klpo_full,center,3,5,19,2000,42,0.00014867274422745058,1.3024606334728373e-05,0.00023004063094384623,
fold-003,calibration,gru,klpo_mc,zero,3,5,19,2000,42,0.000517709703564513,0.0002791810848410944,0.0008228472477647726,
fold-003,calibration,gru,klpo_mc,parent,3,5,19,2000,42,0.00014867274422745058,1.3024606334728373e-05,0.00023004063094384623,
fold-003,calibration,gru,klpo_mc,initial_policy,3,5,19,2000,42,0.0,0.0,0.0,
fold-003,calibration,gru,klpo_mc,center,3,5,19,2000,42,0.00014867274422745058,1.3024606334728373e-05,0.00023004063094384623,
fold-003,calibration,gru,mae,zero,3,5,19,2000,42,0.000517709703564513,0.0002791810848410944,0.0008228472477647726,
fold-003,calibration,gru,mae,parent,3,5,19,2000,42,0.00014867274422745058,1.3024606334728373e-05,0.00023004063094384623,
fold-003,calibration,gru,mae,initial_policy,3,5,19,2000,42,0.0,0.0,0.0,
fold-003,calibration,gru,mae,center,3,5,19,2000,42,0.00014867274422745058,1.3024606334728373e-05,0.00023004063094384623,
fold-003,calibration,gru,neural_mae,zero,3,5,19,2000,42,1.9029235114485166e-05,6.050556910085088e-06,4.406767352621336e-05,
fold-003,calibration,gru,neural_mae,parent,3,5,19,2000,42,-0.00035000772422257714,-0.000679886952592619,-0.0001863925067055287,
fold-003,calibration,gru,neural_mae,initial_policy,3,5,19,2000,42,-0.0004986804684500277,-0.0008011218647176174,-0.0002628584864199234,
fold-003,calibration,gru,neural_mae,center,3,5,19,2000,42,-5.29332768049764e-05,-0.00010817780895821899,-3.774397957637476e-05,
fold-003,calibration,gru,neural_mse,zero,3,5,19,2000,42,9.611171745778613e-06,-3.9797114229218415e-06,2.579535760277632e-05,
fold-003,calibration,gru,neural_mse,parent,3,5,19,2000,42,-0.0003594257875912837,-0.0006852924116368269,-0.0001899349663072606,
fold-003,calibration,gru,neural_mse,initial_policy,3,5,19,2000,42,-0.0005080985318187342,-0.0008073625621768659,-0.0002577919375766523,
fold-003,calibration,gru,neural_mse,center,3,5,19,2000,42,-5.7410595049460885e-05,-0.00013961152603180147,1.725363881221613e-05,
fold-003,calibration,gru,reference,zero,3,5,19,2000,42,0.0002980391190563447,8.406634759939735e-05,0.0005770219032361491,
fold-003,calibration,gru,reference_mae,zero,3,5,19,2000,42,0.00021907893363817647,-8.055996873782102e-06,0.00047756422997390183,
fold-003,calibration,gru,reference_mae,parent,3,5,19,2000,42,-7.896018541816794e-05,-0.00020898129431656386,-9.327474520933115e-06,
fold-003,calibration,gru,reference_mse,zero,3,5,19,2000,42,0.0002320973745252604,-9.46897624890713e-06,0.0004911278859838011,
fold-003,calibration,gru,reference_mse,parent,3,5,19,2000,42,-6.5941744531084e-05,-0.00014370813201925527,-2.804601616057435e-05,
fold-003,calibration,gru,reinforce,zero,3,5,19,2000,42,0.000517709703564513,0.0002791810848410944,0.0008228472477647726,
fold-003,calibration,gru,reinforce,parent,3,5,19,2000,42,0.00014867274422745058,1.3024606334728373e-05,0.00023004063094384623,
fold-003,calibration,gru,reinforce,initial_policy,3,5,19,2000,42,0.0,0.0,0.0,
fold-003,calibration,gru,reinforce,center,3,5,19,2000,42,0.00014867274422745058,1.3024606334728373e-05,0.00023004063094384623,
fold-003,calibration,lstm,expected,zero,3,5,19,2000,42,0.0006047032798529037,0.00032763482774653547,0.0008985337543344872,
fold-003,calibration,lstm,expected,parent,3,5,19,2000,42,0.0003795816343778161,0.00031121169173540863,0.0005100267005164282,
fold-003,calibration,lstm,expected,initial_policy,3,5,19,2000,42,0.0002846455884105207,0.00023231111090129855,0.00041104386910984956,
fold-003,calibration,lstm,expected,center,3,5,19,2000,42,9.194514658416164e-05,2.2032786426866796e-05,0.00015720043163490178,
fold-003,calibration,lstm,klpo_exact,zero,3,5,19,2000,42,0.000320057691442383,-2.6422615652274007e-06,0.0005831441070749501,
fold-003,calibration,lstm,klpo_exact,parent,3,5,19,2000,42,9.493604596729536e-05,1.860951955421128e-05,0.00018930060157933013,
fold-003,calibration,lstm,klpo_exact,initial_policy,3,5,19,2000,42,0.0,0.0,0.0,
fold-003,calibration,lstm,klpo_exact,center,3,5,19,2000,42,9.493604596729536e-05,1.860951955421128e-05,0.00018930060157933013,
fold-003,calibration,lstm,klpo_full,zero,3,5,19,2000,42,0.000320057691442383,-2.6422615652274007e-06,0.0005831441070749501,
fold-003,calibration,lstm,klpo_full,parent,3,5,19,2000,42,9.493604596729536e-05,1.860951955421128e-05,0.00018930060157933013,
fold-003,calibration,lstm,klpo_full,initial_policy,3,5,19,2000,42,0.0,0.0,0.0,
fold-003,calibration,lstm,klpo_full,center,3,5,19,2000,42,9.493604596729536e-05,1.860951955421128e-05,0.00018930060157933013,
fold-003,calibration,lstm,klpo_mc,zero,3,5,19,2000,42,0.000320057691442383,-2.6422615652274007e-06,0.0005831441070749501,
fold-003,calibration,lstm,klpo_mc,parent,3,5,19,2000,42,9.493604596729536e-05,1.860951955421128e-05,0.00018930060157933013,
fold-003,calibration,lstm,klpo_mc,initial_policy,3,5,19,2000,42,0.0,0.0,0.0,
fold-003,calibration,lstm,klpo_mc,center,3,5,19,2000,42,9.493604596729536e-05,1.860951955421128e-05,0.00018930060157933013,
fold-003,calibration,lstm,mae,zero,3,5,19,2000,42,0.0005499464489009748,0.00021196841705254616,0.0008685672741336748,
fold-003,calibration,lstm,mae,parent,3,5,19,2000,42,0.0003248248034258871,0.0002298202236675683,0.00046892370899419576,
fold-003,calibration,lstm,mae,initial_policy,3,5,19,2000,42,0.00022988875745859173,0.00018019599350615996,0.0003411302441441213,
fold-003,calibration,lstm,mae,center,3,5,19,2000,42,9.188778594102646e-05,4.851315904480511e-05,0.00014452547731737888,
fold-003,calibration,lstm,neural_mae,zero,3,5,19,2000,42,0.00011653274198807804,-7.173007961431817e-05,0.00028496348257788597,
fold-003,calibration,lstm,neural_mae,parent,3,5,19,2000,42,-0.00010858890348700964,-0.0003977408104413416,0.00017054829955269314,
fold-003,calibration,lstm,neural_mae,initial_policy,3,5,19,2000,42,-0.00020352494945430498,-0.0004891651275728634,9.429557171282518e-05,
fold-003,calibration,lstm,neural_mae,center,3,5,19,2000,42,3.233070357563307e-05,-1.731683971189382e-05,0.00010782413954575444,
fold-003,calibration,lstm,neural_mse,zero,3,5,19,2000,42,9.79035954066776e-05,3.3349423647192124e-05,0.0001842238389707436,
fold-003,calibration,lstm,neural_mse,parent,3,5,19,2000,42,-0.00012721805006841007,-0.00028800614504950745,7.977859883864602e-05,
fold-003,calibration,lstm,neural_mse,initial_policy,3,5,19,2000,42,-0.00022215409603570542,-0.0004554835791108413,4.896869406616526e-05,
fold-003,calibration,lstm,neural_mse,center,3,5,19,2000,42,3.096097984287507e-05,-8.72405420662756e-06,8.223196506780892e-05,
fold-003,calibration,lstm,reference,zero,3,5,19,2000,42,0.0003018399801533648,4.867170773802024e-05,0.0005259755750755145,
fold-003,calibration,lstm,reference_mae,zero,3,5,19,2000,42,0.0002816696926359343,4.1627062418497366e-05,0.0005012074635888615,
fold-003,calibration,lstm,reference_mae,parent,3,5,19,2000,42,-2.0170287517430645e-05,-4.0356319242658585e-05,3.2852205604235334e-06,
fold-003,calibration,lstm,reference_mse,zero,3,5,19,2000,42,0.0003018399801533649,4.867170773802031e-05,0.000525975575075514,
fold-003,calibration,lstm,reference_mse,parent,3,5,19,2000,42,0.0,0.0,0.0,
fold-003,calibration,lstm,reinforce,zero,3,5,19,2000,42,0.00045578166125243203,0.00017404908616966977,0.0007299563660952482,
fold-003,calibration,lstm,reinforce,parent,3,5,19,2000,42,0.00023066001577734437,0.00017065566826616777,0.00034426747408787745,
fold-003,calibration,lstm,reinforce,initial_policy,3,5,19,2000,42,0.00013572396981004903,7.514998008779083e-05,0.0002581651626119142,
fold-003,calibration,lstm,reinforce,center,3,5,19,2000,42,0.0001022621425699961,3.062323542231751e-05,0.00018735334747680402,
fold-003,calibration,ridge,expected,zero,3,5,19,2000,42,0.01162055412633714,0.006462507655210698,0.014461172465564918,
fold-003,calibration,ridge,expected,parent,3,5,19,2000,42,-0.002197054021575179,-0.0034096729678126055,-0.00042327466217716126,
fold-003,calibration,ridge,expected,initial_policy,3,5,19,2000,42,-0.0018126506488575645,-0.0026359768278130455,-0.00045576128894912873,
fold-003,calibration,ridge,expected,center,3,5,19,2000,42,-9.968867807682011e-05,-0.0002172558906101633,5.400785091305727e-05,
fold-003,calibration,ridge,klpo_exact,zero,3,5,19,2000,42,0.0010413072218917088,0.0007591979039146256,0.0014771609510711133,
fold-003,calibration,ridge,klpo_exact,parent,3,5,19,2000,42,-0.012776300926020612,-0.016584251475912325,-0.006061431831055162,
fold-003,calibration,ridge,klpo_exact,initial_policy,3,5,19,2000,42,-0.012391897553302996,-0.016026894407311688,-0.006018668118437157,
fold-003,calibration,ridge,klpo_exact,center,3,5,19,2000,42,0.0001067911976528568,8.621590454802379e-05,0.00013422730527559801,
fold-003,calibration,ridge,klpo_full,zero,3,5,19,2000,42,0.001913221638938792,0.001532639962341132,0.002633629088787568,
fold-003,calibration,ridge,klpo_full,parent,3,5,19,2000,42,-0.011904386508973531,-0.015374197766146333,-0.005360044111933497,
fold-003,calibration,ridge,klpo_full,initial_policy,3,5,19,2000,42,-0.011519983136255914,-0.014712902846931579,-0.005373342382068183,
fold-003,calibration,ridge,klpo_full,center,3,5,19,2000,42,8.414446172547903e-05,7.303944119153372e-05,0.00010070276307608311,
fold-003,calibration,ridge,klpo_mc,zero,3,5,19,2000,42,0.0019509419963515055,0.0015470272027853958,0.002693986378290002,
fold-003,calibration,ridge,klpo_mc,parent,3,5,19,2000,42,-0.011866666151560812,-0.0152775555541129,-0.005449527362646095,
fold-003,calibration,ridge,klpo_mc,initial_policy,3,5,19,2000,42,-0.011482262778843198,-0.014613710066823861,-0.005452101005575923,
fold-003,calibration,ridge,klpo_mc,center,3,5,19,2000,42,8.04527550714116e-05,6.406935625626792e-05,0.00010190485229143356,
fold-003,calibration,ridge,mae,zero,3,5,19,2000,42,0.010356357737183759,0.0057938437265537684,0.012919757639724116,
fold-003,calibration,ridge,mae,parent,3,5,19,2000,42,-0.00346125041072856,-0.004827426963185153,-0.0012037988475595831,
fold-003,calibration,ridge,mae,initial_policy,3,5,19,2000,42,-0.0030768470380109466,-0.004128200747219622,-0.0012128736892718839,
fold-003,calibration,ridge,mae,center,3,5,19,2000,42,-2.157012892341662e-05,-7.796873226052723e-05,8.282125452116953e-05,
fold-003,calibration,ridge,reinforce,zero,3,5,19,2000,42,0.011571713931775173,0.006366670181892394,0.014470739848898094,
fold-003,calibration,ridge,reinforce,parent,3,5,19,2000,42,-0.002245894216137145,-0.0032485965482072685,-0.0006488426497937346,
fold-003,calibration,ridge,reinforce,initial_policy,3,5,19,2000,42,-0.0018614908434195316,-0.002591224330114006,-0.000654331836146493,
fold-003,calibration,ridge,reinforce,center,3,5,19,2000,42,-0.00013363910707962944,-0.0002525004289783428,3.2452519141820055e-05,
fold-003,calibration,ridge,ridge,zero,1,5,19,2000,42,0.013817608147912318,0.007106415945649506,0.017537864864047955,
fold-003,calibration,rnn,expected,zero,3,5,19,2000,42,0.000569477690434432,5.5821997017609585e-05,0.0012495590859742504,
fold-003,calibration,rnn,expected,parent,3,5,19,2000,42,4.048877640987379e-05,-0.0001084554743843872,0.00014980813092207602,
fold-003,calibration,rnn,expected,initial_policy,3,5,19,2000,42,0.0,0.0,0.0,
fold-003,calibration,rnn,expected,center,3,5,19,2000,42,4.048877640987379e-05,-0.0001084554743843872,0.00014980813092207602,
fold-003,calibration,rnn,klpo_exact,zero,3,5,19,2000,42,0.000569477690434432,5.5821997017609585e-05,0.0012495590859742504,
fold-003,calibration,rnn,klpo_exact,parent,3,5,19,2000,42,4.048877640987379e-05,-0.0001084554743843872,0.00014980813092207602,
fold-003,calibration,rnn,klpo_exact,initial_policy,3,5,19,2000,42,0.0,0.0,0.0,
fold-003,calibration,rnn,klpo_exact,center,3,5,19,2000,42,4.048877640987379e-05,-0.0001084554743843872,0.00014980813092207602,
fold-003,calibration,rnn,klpo_full,zero,3,5,19,2000,42,0.000569477690434432,5.5821997017609585e-05,0.0012495590859742504,
fold-003,calibration,rnn,klpo_full,parent,3,5,19,2000,42,4.048877640987379e-05,-0.0001084554743843872,0.00014980813092207602,
fold-003,calibration,rnn,klpo_full,initial_policy,3,5,19,2000,42,0.0,0.0,0.0,
fold-003,calibration,rnn,klpo_full,center,3,5,19,2000,42,4.048877640987379e-05,-0.0001084554743843872,0.00014980813092207602,
fold-003,calibration,rnn,klpo_mc,zero,3,5,19,2000,42,0.000569477690434432,5.5821997017609585e-05,0.0012495590859742504,
fold-003,calibration,rnn,klpo_mc,parent,3,5,19,2000,42,4.048877640987379e-05,-0.0001084554743843872,0.00014980813092207602,
fold-003,calibration,rnn,klpo_mc,initial_policy,3,5,19,2000,42,0.0,0.0,0.0,
fold-003,calibration,rnn,klpo_mc,center,3,5,19,2000,42,4.048877640987379e-05,-0.0001084554743843872,0.00014980813092207602,
fold-003,calibration,rnn,mae,zero,3,5,19,2000,42,0.000569477690434432,5.5821997017609585e-05,0.0012495590859742504,
fold-003,calibration,rnn,mae,parent,3,5,19,2000,42,4.048877640987379e-05,-0.0001084554743843872,0.00014980813092207602,
fold-003,calibration,rnn,mae,initial_policy,3,5,19,2000,42,0.0,0.0,0.0,
fold-003,calibration,rnn,mae,center,3,5,19,2000,42,4.048877640987379e-05,-0.0001084554743843872,0.00014980813092207602,
fold-003,calibration,rnn,neural_mae,zero,3,5,19,2000,42,5.159008921783645e-05,-1.3125360326316824e-06,0.00013947169078995592,
fold-003,calibration,rnn,neural_mae,parent,3,5,19,2000,42,-0.00047739882480672175,-0.0010704599355593311,-7.257550703017678e-05,
fold-003,calibration,rnn,neural_mae,initial_policy,3,5,19,2000,42,-0.0005178876012165956,-0.0011276941018765006,-3.9186396328934624e-05,
fold-003,calibration,rnn,neural_mae,center,3,5,19,2000,42,-2.0306293413166202e-05,-0.00011943064970255056,0.00010302820427639397,
fold-003,calibration,rnn,neural_mse,zero,3,5,19,2000,42,1.3435518572731412e-05,2.339239709673698e-06,2.968060265714206e-05,
fold-003,calibration,rnn,neural_mse,parent,3,5,19,2000,42,-0.0005155533954518269,-0.0011776501967830466,-7.601701522096621e-05,
fold-003,calibration,rnn,neural_mse,initial_policy,3,5,19,2000,42,-0.0005560421718617006,-0.0012206432642680174,-4.752367960497759e-05,
fold-003,calibration,rnn,neural_mse,center,3,5,19,2000,42,-2.9618134599741427e-05,-9.058899071722857e-05,6.0251867944101305e-05,
fold-003,calibration,rnn,reference,zero,3,5,19,2000,42,0.0002688093446995817,2.453041920630791e-05,0.000560025803666838,
fold-003,calibration,rnn,reference_mae,zero,3,5,19,2000,42,0.00016694796536441476,-1.2238647944361015e-06,0.000398583128392737,
fold-003,calibration,rnn,reference_mae,parent,3,5,19,2000,42,-0.00010186137933516714,-0.0001731062760230448,-1.1988652455390155e-05,
fold-003,calibration,rnn,reference_mse,zero,3,5,19,2000,42,0.0002688093446995819,2.4530419206308186e-05,0.0005600258036668383,
fold-003,calibration,rnn,reference_mse,parent,3,5,19,2000,42,0.0,0.0,0.0,
fold-003,calibration,rnn,reinforce,zero,3,5,19,2000,42,0.000569477690434432,5.5821997017609585e-05,0.0012495590859742504,
fold-003,calibration,rnn,reinforce,parent,3,5,19,2000,42,4.048877640987379e-05,-0.0001084554743843872,0.00014980813092207602,
fold-003,calibration,rnn,reinforce,initial_policy,3,5,19,2000,42,0.0,0.0,0.0,
fold-003,calibration,rnn,reinforce,center,3,5,19,2000,42,4.048877640987379e-05,-0.0001084554743843872,0.00014980813092207602,
fold-003,calibration,xgboost,expected,zero,3,5,19,2000,42,3.067174334684353e-07,0.0,9.20152300405306e-07,
fold-003,calibration,xgboost,expected,parent,3,5,19,2000,42,8.298957482428937e-05,3.276604930940757e-05,0.00017404925703971545,
fold-003,calibration,xgboost,expected,initial_policy,3,5,19,2000,42,0.0,0.0,0.0,
fold-003,calibration,xgboost,expected,center,3,5,19,2000,42,8.298957482428937e-05,3.276604930940757e-05,0.00017404925703971545,
fold-003,calibration,xgboost,klpo_exact,zero,3,5,19,2000,42,3.067174334684353e-07,0.0,9.20152300405306e-07,
fold-003,calibration,xgboost,klpo_exact,parent,3,5,19,2000,42,8.298957482428937e-05,3.276604930940757e-05,0.00017404925703971545,
fold-003,calibration,xgboost,klpo_exact,initial_policy,3,5,19,2000,42,0.0,0.0,0.0,
fold-003,calibration,xgboost,klpo_exact,center,3,5,19,2000,42,8.298957482428937e-05,3.276604930940757e-05,0.00017404925703971545,
fold-003,calibration,xgboost,klpo_full,zero,3,5,19,2000,42,3.067174334684353e-07,0.0,9.20152300405306e-07,
fold-003,calibration,xgboost,klpo_full,parent,3,5,19,2000,42,8.298957482428937e-05,3.276604930940757e-05,0.00017404925703971545,
fold-003,calibration,xgboost,klpo_full,initial_policy,3,5,19,2000,42,0.0,0.0,0.0,
fold-003,calibration,xgboost,klpo_full,center,3,5,19,2000,42,8.298957482428937e-05,3.276604930940757e-05,0.00017404925703971545,
fold-003,calibration,xgboost,klpo_mc,zero,3,5,19,2000,42,3.067174334684353e-07,0.0,9.20152300405306e-07,
fold-003,calibration,xgboost,klpo_mc,parent,3,5,19,2000,42,8.298957482428937e-05,3.276604930940757e-05,0.00017404925703971545,
fold-003,calibration,xgboost,klpo_mc,initial_policy,3,5,19,2000,42,0.0,0.0,0.0,
fold-003,calibration,xgboost,klpo_mc,center,3,5,19,2000,42,8.298957482428937e-05,3.276604930940757e-05,0.00017404925703971545,
fold-003,calibration,xgboost,mae,zero,3,5,19,2000,42,3.067174334684353e-07,0.0,9.20152300405306e-07,
fold-003,calibration,xgboost,mae,parent,3,5,19,2000,42,8.298957482428937e-05,3.276604930940757e-05,0.00017404925703971545,
fold-003,calibration,xgboost,mae,initial_policy,3,5,19,2000,42,0.0,0.0,0.0,
fold-003,calibration,xgboost,mae,center,3,5,19,2000,42,8.298957482428937e-05,3.276604930940757e-05,0.00017404925703971545,
fold-003,calibration,xgboost,reinforce,zero,3,5,19,2000,42,3.067174334684353e-07,0.0,9.20152300405306e-07,
fold-003,calibration,xgboost,reinforce,parent,3,5,19,2000,42,8.298957482428937e-05,3.276604930940757e-05,0.00017404925703971545,
fold-003,calibration,xgboost,reinforce,initial_policy,3,5,19,2000,42,0.0,0.0,0.0,
fold-003,calibration,xgboost,reinforce,center,3,5,19,2000,42,8.298957482428937e-05,3.276604930940757e-05,0.00017404925703971545,
fold-003,calibration,xgboost,xgboost,zero,3,5,19,2000,42,-8.268285739082093e-05,-0.0001731291047393102,-3.276604930940757e-05,
fold-003,calibration,dlinear,expected,zero,3,10,19,2000,42,0.000132473033713178,-0.00026819870699320723,0.00042228023026375324,
fold-003,calibration,dlinear,expected,parent,3,10,19,2000,42,0.00011098718322498872,7.823582268625634e-05,0.00014569353485262217,
fold-003,calibration,dlinear,expected,initial_policy,3,10,19,2000,42,0.0,0.0,0.0,
fold-003,calibration,dlinear,expected,center,3,10,19,2000,42,0.00011098718322498872,7.823582268625634e-05,0.00014569353485262217,
fold-003,calibration,dlinear,klpo_exact,zero,3,10,19,2000,42,0.000132473033713178,-0.00026819870699320723,0.00042228023026375324,
fold-003,calibration,dlinear,klpo_exact,parent,3,10,19,2000,42,0.00011098718322498872,7.823582268625634e-05,0.00014569353485262217,
fold-003,calibration,dlinear,klpo_exact,initial_policy,3,10,19,2000,42,0.0,0.0,0.0,
fold-003,calibration,dlinear,klpo_exact,center,3,10,19,2000,42,0.00011098718322498872,7.823582268625634e-05,0.00014569353485262217,
fold-003,calibration,dlinear,klpo_full,zero,3,10,19,2000,42,0.000132473033713178,-0.00026819870699320723,0.00042228023026375324,
fold-003,calibration,dlinear,klpo_full,parent,3,10,19,2000,42,0.00011098718322498872,7.823582268625634e-05,0.00014569353485262217,
fold-003,calibration,dlinear,klpo_full,initial_policy,3,10,19,2000,42,0.0,0.0,0.0,
fold-003,calibration,dlinear,klpo_full,center,3,10,19,2000,42,0.00011098718322498872,7.823582268625634e-05,0.00014569353485262217,
fold-003,calibration,dlinear,klpo_mc,zero,3,10,19,2000,42,0.000132473033713178,-0.00026819870699320723,0.00042228023026375324,
fold-003,calibration,dlinear,klpo_mc,parent,3,10,19,2000,42,0.00011098718322498872,7.823582268625634e-05,0.00014569353485262217,
fold-003,calibration,dlinear,klpo_mc,initial_policy,3,10,19,2000,42,0.0,0.0,0.0,
fold-003,calibration,dlinear,klpo_mc,center,3,10,19,2000,42,0.00011098718322498872,7.823582268625634e-05,0.00014569353485262217,
fold-003,calibration,dlinear,mae,zero,3,10,19,2000,42,0.000132473033713178,-0.00026819870699320723,0.00042228023026375324,
fold-003,calibration,dlinear,mae,parent,3,10,19,2000,42,0.00011098718322498872,7.823582268625634e-05,0.00014569353485262217,
fold-003,calibration,dlinear,mae,initial_policy,3,10,19,2000,42,0.0,0.0,0.0,
fold-003,calibration,dlinear,mae,center,3,10,19,2000,42,0.00011098718322498872,7.823582268625634e-05,0.00014569353485262217,
fold-003,calibration,dlinear,neural_mae,zero,3,10,19,2000,42,-7.704473937606273e-06,-2.9305576405397026e-05,8.015809312667791e-06,
fold-003,calibration,dlinear,neural_mae,parent,3,10,19,2000,42,-2.9190324425795558e-05,-0.0002636172874166449,0.0003387376557522162,
fold-003,calibration,dlinear,neural_mae,initial_policy,3,10,19,2000,42,-0.00014017750765078427,-0.00041740665529757455,0.0002423419296088105,
fold-003,calibration,dlinear,neural_mae,center,3,10,19,2000,42,-4.337246216277428e-05,-6.299733171448367e-05,4.6413918066926474e-05,
fold-003,calibration,dlinear,neural_mse,zero,3,10,19,2000,42,5.179137350734114e-06,6.22790398441885e-07,9.510623996642406e-06,
fold-003,calibration,dlinear,neural_mse,parent,3,10,19,2000,42,-1.6306713137455168e-05,-0.00026739927727549134,0.000368643504077885,
fold-003,calibration,dlinear,neural_mse,initial_policy,3,10,19,2000,42,-0.00012729389636244388,-0.00042050964672015124,0.0002755587293439404,
fold-003,calibration,dlinear,neural_mse,center,3,10,19,2000,42,1.4278683914522025e-05,-2.4728517660708147e-05,7.134192142711094e-05,
fold-003,calibration,dlinear,reference,zero,3,10,19,2000,42,0.00021242962875406746,2.6024119001322912e-05,0.00029070790375201845,
fold-003,calibration,dlinear,reference_mae,zero,3,10,19,2000,42,0.00011298727767499791,-4.477977024582846e-06,0.00020176634059130793,
fold-003,calibration,dlinear,reference_mae,parent,3,10,19,2000,42,-9.94423510790698e-05,-9.944235107906979e-05,-2.68657721933475e-07,
fold-003,calibration,dlinear,reference_mse,zero,3,10,19,2000,42,0.0001760816309436681,-5.36017246997774e-07,0.0002478940380778179,
fold-003,calibration,dlinear,reference_mse,parent,3,10,19,2000,42,-3.634799781039962e-05,-4.288879086841687e-05,-1.6684997972651334e-05,
fold-003,calibration,dlinear,reinforce,zero,3,10,19,2000,42,0.000132473033713178,-0.00026819870699320723,0.00042228023026375324,
fold-003,calibration,dlinear,reinforce,parent,3,10,19,2000,42,0.00011098718322498872,7.823582268625634e-05,0.00014569353485262217,
fold-003,calibration,dlinear,reinforce,initial_policy,3,10,19,2000,42,0.0,0.0,0.0,
fold-003,calibration,dlinear,reinforce,center,3,10,19,2000,42,0.00011098718322498872,7.823582268625634e-05,0.00014569353485262217,
fold-003,calibration,gru,expected,zero,3,10,19,2000,42,0.000517709703564513,0.0003356880660342488,0.0008030201469747275,
fold-003,calibration,gru,expected,parent,3,10,19,2000,42,0.00014867274422745058,4.733051498235823e-05,0.00019140119233407578,
fold-003,calibration,gru,expected,initial_policy,3,10,19,2000,42,0.0,0.0,0.0,
fold-003,calibration,gru,expected,center,3,10,19,2000,42,0.00014867274422745058,4.733051498235823e-05,0.00019140119233407578,
fold-003,calibration,gru,klpo_exact,zero,3,10,19,2000,42,0.000517709703564513,0.0003356880660342488,0.0008030201469747275,
fold-003,calibration,gru,klpo_exact,parent,3,10,19,2000,42,0.00014867274422745058,4.733051498235823e-05,0.00019140119233407578,
fold-003,calibration,gru,klpo_exact,initial_policy,3,10,19,2000,42,0.0,0.0,0.0,
fold-003,calibration,gru,klpo_exact,center,3,10,19,2000,42,0.00014867274422745058,4.733051498235823e-05,0.00019140119233407578,
fold-003,calibration,gru,klpo_full,zero,3,10,19,2000,42,0.000517709703564513,0.0003356880660342488,0.0008030201469747275,
fold-003,calibration,gru,klpo_full,parent,3,10,19,2000,42,0.00014867274422745058,4.733051498235823e-05,0.00019140119233407578,
fold-003,calibration,gru,klpo_full,initial_policy,3,10,19,2000,42,0.0,0.0,0.0,
fold-003,calibration,gru,klpo_full,center,3,10,19,2000,42,0.00014867274422745058,4.733051498235823e-05,0.00019140119233407578,
fold-003,calibration,gru,klpo_mc,zero,3,10,19,2000,42,0.000517709703564513,0.0003356880660342488,0.0008030201469747275,
fold-003,calibration,gru,klpo_mc,parent,3,10,19,2000,42,0.00014867274422745058,4.733051498235823e-05,0.00019140119233407578,
fold-003,calibration,gru,klpo_mc,initial_policy,3,10,19,2000,42,0.0,0.0,0.0,
fold-003,calibration,gru,klpo_mc,center,3,10,19,2000,42,0.00014867274422745058,4.733051498235823e-05,0.00019140119233407578,
fold-003,calibration,gru,mae,zero,3,10,19,2000,42,0.000517709703564513,0.0003356880660342488,0.0008030201469747275,
fold-003,calibration,gru,mae,parent,3,10,19,2000,42,0.00014867274422745058,4.733051498235823e-05,0.00019140119233407578,
fold-003,calibration,gru,mae,initial_policy,3,10,19,2000,42,0.0,0.0,0.0,
fold-003,calibration,gru,mae,center,3,10,19,2000,42,0.00014867274422745058,4.733051498235823e-05,0.00019140119233407578,
fold-003,calibration,gru,neural_mae,zero,3,10,19,2000,42,1.9029235114485166e-05,6.274813793346133e-06,3.2349875337144556e-05,
fold-003,calibration,gru,neural_mae,parent,3,10,19,2000,42,-0.00035000772422257714,-0.0006644522330537458,-0.00020526649298144346,
fold-003,calibration,gru,neural_mae,initial_policy,3,10,19,2000,42,-0.0004986804684500277,-0.0007964713354142134,-0.000327909600926984,
fold-003,calibration,gru,neural_mae,center,3,10,19,2000,42,-5.29332768049764e-05,-9.957940284015108e-05,-4.891562589889381e-05,
fold-003,calibration,gru,neural_mse,zero,3,10,19,2000,42,9.611171745778613e-06,-9.785556612138411e-07,2.3062353269656702e-05,
fold-003,calibration,gru,neural_mse,parent,3,10,19,2000,42,-0.0003594257875912837,-0.0006539978612386608,-0.00022952059034234422,
fold-003,calibration,gru,neural_mse,initial_policy,3,10,19,2000,42,-0.0005080985318187342,-0.000780653946415183,-0.0003149708723978814,
fold-003,calibration,gru,neural_mse,center,3,10,19,2000,42,-5.7410595049460885e-05,-0.0001187022075858128,8.770518615539181e-06,
fold-003,calibration,gru,reference,zero,3,10,19,2000,42,0.0002980391190563447,0.00011619784298421605,0.0005592962383937558,
fold-003,calibration,gru,reference_mae,zero,3,10,19,2000,42,0.00021907893363817647,3.9721165591053444e-05,0.0004512475060572973,
fold-003,calibration,gru,reference_mae,parent,3,10,19,2000,42,-7.896018541816794e-05,-0.0001697111008432677,-6.432801639919899e-05,
fold-003,calibration,gru,reference_mse,zero,3,10,19,2000,42,0.0002320973745252604,5.282050777495871e-05,0.00048710335791128775,
fold-003,calibration,gru,reference_mse,parent,3,10,19,2000,42,-6.5941744531084e-05,-0.00013329560623142624,-5.613183165841604e-05,
fold-003,calibration,gru,reinforce,zero,3,10,19,2000,42,0.000517709703564513,0.0003356880660342488,0.0008030201469747275,
fold-003,calibration,gru,reinforce,parent,3,10,19,2000,42,0.00014867274422745058,4.733051498235823e-05,0.00019140119233407578,
fold-003,calibration,gru,reinforce,initial_policy,3,10,19,2000,42,0.0,0.0,0.0,
fold-003,calibration,gru,reinforce,center,3,10,19,2000,42,0.00014867274422745058,4.733051498235823e-05,0.00019140119233407578,
fold-003,calibration,lstm,expected,zero,3,10,19,2000,42,0.0006047032798529037,0.00041114719698290926,0.0007842722491987796,
fold-003,calibration,lstm,expected,parent,3,10,19,2000,42,0.0003795816343778161,0.0003366342835687831,0.0004528428998988188,
fold-003,calibration,lstm,expected,initial_policy,3,10,19,2000,42,0.0002846455884105207,0.00025649418701899536,0.00038359832356728334,
fold-003,calibration,lstm,expected,center,3,10,19,2000,42,9.194514658416164e-05,3.308663317707306e-05,0.00012260861246356992,
fold-003,calibration,lstm,klpo_exact,zero,3,10,19,2000,42,0.000320057691442383,0.00010986962149109095,0.000501628600246493,
fold-003,calibration,lstm,klpo_exact,parent,3,10,19,2000,42,9.493604596729536e-05,2.357846468983793e-05,0.00015252269652195357,
fold-003,calibration,lstm,klpo_exact,initial_policy,3,10,19,2000,42,0.0,0.0,0.0,
fold-003,calibration,lstm,klpo_exact,center,3,10,19,2000,42,9.493604596729536e-05,2.357846468983793e-05,0.00015252269652195357,
fold-003,calibration,lstm,klpo_full,zero,3,10,19,2000,42,0.000320057691442383,0.00010986962149109095,0.000501628600246493,
fold-003,calibration,lstm,klpo_full,parent,3,10,19,2000,42,9.493604596729536e-05,2.357846468983793e-05,0.00015252269652195357,
fold-003,calibration,lstm,klpo_full,initial_policy,3,10,19,2000,42,0.0,0.0,0.0,
fold-003,calibration,lstm,klpo_full,center,3,10,19,2000,42,9.493604596729536e-05,2.357846468983793e-05,0.00015252269652195357,
fold-003,calibration,lstm,klpo_mc,zero,3,10,19,2000,42,0.000320057691442383,0.00010986962149109095,0.000501628600246493,
fold-003,calibration,lstm,klpo_mc,parent,3,10,19,2000,42,9.493604596729536e-05,2.357846468983793e-05,0.00015252269652195357,
fold-003,calibration,lstm,klpo_mc,initial_policy,3,10,19,2000,42,0.0,0.0,0.0,
fold-003,calibration,lstm,klpo_mc,center,3,10,19,2000,42,9.493604596729536e-05,2.357846468983793e-05,0.00015252269652195357,
fold-003,calibration,lstm,mae,zero,3,10,19,2000,42,0.0005499464489009748,0.00032382952421482745,0.0007419944742980156,
fold-003,calibration,lstm,mae,parent,3,10,19,2000,42,0.0003248248034258871,0.00025485194808726246,0.00039516244171057844,
fold-003,calibration,lstm,mae,initial_policy,3,10,19,2000,42,0.00022988875745859173,0.00019962360288305187,0.00029272540310461585,
fold-003,calibration,lstm,mae,center,3,10,19,2000,42,9.188778594102646e-05,5.7928195185485957e-05,0.00011174484914283524,
fold-003,calibration,lstm,neural_mae,zero,3,10,19,2000,42,0.00011653274198807804,-2.8259278051818097e-05,0.00023776391484398469,
fold-003,calibration,lstm,neural_mae,parent,3,10,19,2000,42,-0.00010858890348700964,-0.0002325992270862525,0.00014202747172642303,
fold-003,calibration,lstm,neural_mae,initial_policy,3,10,19,2000,42,-0.00020352494945430498,-0.0003113252083123917,5.3851419685162304e-05,
fold-003,calibration,lstm,neural_mae,center,3,10,19,2000,42,3.233070357563307e-05,2.298951553080885e-05,0.00010265537213139516,
fold-003,calibration,lstm,neural_mse,zero,3,10,19,2000,42,9.79035954066776e-05,5.8197267317529276e-05,0.00013314498626700068,
fold-003,calibration,lstm,neural_mse,parent,3,10,19,2000,42,-0.00012721805006841007,-0.0002450304951823784,5.103779032031973e-05,
fold-003,calibration,lstm,neural_mse,initial_policy,3,10,19,2000,42,-0.00022215409603570542,-0.00038926838705315836,1.0087274911476269e-05,
fold-003,calibration,lstm,neural_mse,center,3,10,19,2000,42,3.096097984287507e-05,1.8846531352129504e-05,7.4727278825166e-05,
fold-003,calibration,lstm,reference,zero,3,10,19,2000,42,0.0003018399801533648,0.00011364577762736193,0.0003507168772721468,
fold-003,calibration,lstm,reference_mae,zero,3,10,19,2000,42,0.0002816696926359343,9.217602296937359e-05,0.0003318905970742469,
fold-003,calibration,lstm,reference_mae,parent,3,10,19,2000,42,-2.0170287517430645e-05,-2.8326117711705447e-05,-7.330565427545719e-06,
fold-003,calibration,lstm,reference_mse,zero,3,10,19,2000,42,0.0003018399801533649,0.00011364577762736257,0.0003507168772721475,
fold-003,calibration,lstm,reference_mse,parent,3,10,19,2000,42,0.0,0.0,0.0,
fold-003,calibration,lstm,reinforce,zero,3,10,19,2000,42,0.00045578166125243203,0.0002588843096091539,0.0006032185079084282,
fold-003,calibration,lstm,reinforce,parent,3,10,19,2000,42,0.00023066001577734437,0.00020270448055680987,0.0002764846010455841,
fold-003,calibration,lstm,reinforce,initial_policy,3,10,19,2000,42,0.00013572396981004903,8.624886741597404e-05,0.00021972267977012893,
fold-003,calibration,lstm,reinforce,center,3,10,19,2000,42,0.0001022621425699961,3.463614838806936e-05,0.0001515004468596837,
fold-003,calibration,ridge,expected,zero,3,10,19,2000,42,0.01162055412633714,0.00936706233164942,0.012722773175983115,
fold-003,calibration,ridge,expected,parent,3,10,19,2000,42,-0.002197054021575179,-0.003082978561259752,-0.0011571453095031766,
fold-003,calibration,ridge,expected,initial_policy,3,10,19,2000,42,-0.0018126506488575645,-0.0024020212204938236,-0.001152360955718497,
fold-003,calibration,ridge,expected,center,3,10,19,2000,42,-9.968867807682011e-05,-0.0001832380407253064,3.7952388929149295e-05,
fold-003,calibration,ridge,klpo_exact,zero,3,10,19,2000,42,0.0010413072218917088,0.0007374987637838732,0.0014156591766050983,
fold-003,calibration,ridge,klpo_exact,parent,3,10,19,2000,42,-0.012776300926020612,-0.014571910951946702,-0.009389031677511955,
fold-003,calibration,ridge,klpo_exact,initial_policy,3,10,19,2000,42,-0.012391897553302996,-0.01417942493144725,-0.009376250800096433,
fold-003,calibration,ridge,klpo_exact,center,3,10,19,2000,42,0.0001067911976528568,9.139222774655388e-05,0.00011822099711043369,
fold-003,calibration,ridge,klpo_full,zero,3,10,19,2000,42,0.001913221638938792,0.0019132216389387915,0.0023556387675689855,
fold-003,calibration,ridge,klpo_full,parent,3,10,19,2000,42,-0.011904386508973531,-0.013526412551461912,-0.008267553376353978,
fold-003,calibration,ridge,klpo_full,initial_policy,3,10,19,2000,42,-0.011519983136255914,-0.013133926530962462,-0.008254772498938452,
fold-003,calibration,ridge,klpo_full,center,3,10,19,2000,42,8.414446172547903e-05,7.879655756072469e-05,9.772707235281172e-05,
fold-003,calibration,ridge,klpo_mc,zero,3,10,19,2000,42,0.0019509419963515055,0.0019287218047548186,0.0023594566980952793,
fold-003,calibration,ridge,klpo_mc,parent,3,10,19,2000,42,-0.011866666151560812,-0.013478217511439673,-0.008283955055861283,
fold-003,calibration,ridge,klpo_mc,initial_policy,3,10,19,2000,42,-0.011482262778843198,-0.013085731490940219,-0.008271174178445757,
fold-003,calibration,ridge,klpo_mc,center,3,10,19,2000,42,8.04527550714116e-05,6.427213079560232e-05,9.640532006642736e-05,
fold-003,calibration,ridge,mae,zero,3,10,19,2000,42,0.010356357737183759,0.008329261739909966,0.011383258407012903,
fold-003,calibration,ridge,mae,parent,3,10,19,2000,42,-0.00346125041072856,-0.004334895836435114,-0.002213123768377218,
fold-003,calibration,ridge,mae,initial_policy,3,10,19,2000,42,-0.0030768470380109466,-0.003653938495669186,-0.002200124314990806,
fold-003,calibration,ridge,mae,center,3,10,19,2000,42,-2.157012892341662e-05,-3.66583452654563e-05,5.6844476916093483e-05,
fold-003,calibration,ridge,reinforce,zero,3,10,19,2000,42,0.011571713931775173,0.009211577180338241,0.012797397192269962,
fold-003,calibration,ridge,reinforce,parent,3,10,19,2000,42,-0.002245894216137145,-0.0029141927501225118,-0.0013337901946707234,
fold-003,calibration,ridge,reinforce,initial_policy,3,10,19,2000,42,-0.0018614908434195316,-0.002233235409356582,-0.0013203579567515082,
fold-003,calibration,ridge,reinforce,center,3,10,19,2000,42,-0.00013363910707962944,-0.00022346319203970038,1.4747211490115156e-05,
fold-003,calibration,ridge,ridge,zero,1,10,19,2000,42,0.013817608147912318,0.01053220416478344,0.015626037705868623,
fold-003,calibration,rnn,expected,zero,3,10,19,2000,42,0.000569477690434432,8.569730664866805e-05,0.0008276214543144844,
fold-003,calibration,rnn,expected,parent,3,10,19,2000,42,4.048877640987379e-05,-0.00010500418953345665,5.8469625697970824e-05,
fold-003,calibration,rnn,expected,initial_policy,3,10,19,2000,42,0.0,0.0,0.0,
fold-003,calibration,rnn,expected,center,3,10,19,2000,42,4.048877640987379e-05,-0.00010500418953345665,5.8469625697970824e-05,
fold-003,calibration,rnn,klpo_exact,zero,3,10,19,2000,42,0.000569477690434432,8.569730664866805e-05,0.0008276214543144844,
fold-003,calibration,rnn,klpo_exact,parent,3,10,19,2000,42,4.048877640987379e-05,-0.00010500418953345665,5.8469625697970824e-05,
fold-003,calibration,rnn,klpo_exact,initial_policy,3,10,19,2000,42,0.0,0.0,0.0,
fold-003,calibration,rnn,klpo_exact,center,3,10,19,2000,42,4.048877640987379e-05,-0.00010500418953345665,5.8469625697970824e-05,
fold-003,calibration,rnn,klpo_full,zero,3,10,19,2000,42,0.000569477690434432,8.569730664866805e-05,0.0008276214543144844,
fold-003,calibration,rnn,klpo_full,parent,3,10,19,2000,42,4.048877640987379e-05,-0.00010500418953345665,5.8469625697970824e-05,
fold-003,calibration,rnn,klpo_full,initial_policy,3,10,19,2000,42,0.0,0.0,0.0,
fold-003,calibration,rnn,klpo_full,center,3,10,19,2000,42,4.048877640987379e-05,-0.00010500418953345665,5.8469625697970824e-05,
fold-003,calibration,rnn,klpo_mc,zero,3,10,19,2000,42,0.000569477690434432,8.569730664866805e-05,0.0008276214543144844,
fold-003,calibration,rnn,klpo_mc,parent,3,10,19,2000,42,4.048877640987379e-05,-0.00010500418953345665,5.8469625697970824e-05,
fold-003,calibration,rnn,klpo_mc,initial_policy,3,10,19,2000,42,0.0,0.0,0.0,
fold-003,calibration,rnn,klpo_mc,center,3,10,19,2000,42,4.048877640987379e-05,-0.00010500418953345665,5.8469625697970824e-05,
fold-003,calibration,rnn,mae,zero,3,10,19,2000,42,0.000569477690434432,8.569730664866805e-05,0.0008276214543144844,
fold-003,calibration,rnn,mae,parent,3,10,19,2000,42,4.048877640987379e-05,-0.00010500418953345665,5.8469625697970824e-05,
fold-003,calibration,rnn,mae,initial_policy,3,10,19,2000,42,0.0,0.0,0.0,
fold-003,calibration,rnn,mae,center,3,10,19,2000,42,4.048877640987379e-05,-0.00010500418953345665,5.8469625697970824e-05,
fold-003,calibration,rnn,neural_mae,zero,3,10,19,2000,42,5.159008921783645e-05,-1.1910046887539383e-06,0.00010448623942114094,
fold-003,calibration,rnn,neural_mae,parent,3,10,19,2000,42,-0.00047739882480672175,-0.0007645629590824889,-8.535343510630734e-05,
fold-003,calibration,rnn,neural_mae,initial_policy,3,10,19,2000,42,-0.0005178876012165956,-0.000723305742600518,-6.938602471359188e-05,
fold-003,calibration,rnn,neural_mae,center,3,10,19,2000,42,-2.0306293413166202e-05,-7.912729583894418e-05,8.01571880676742e-05,
fold-003,calibration,rnn,neural_mse,zero,3,10,19,2000,42,1.3435518572731412e-05,1.9710800211062517e-06,2.403629122807577e-05,
fold-003,calibration,rnn,neural_mse,parent,3,10,19,2000,42,-0.0005155533954518269,-0.0008458155224094115,-8.198305865863937e-05,
fold-003,calibration,rnn,neural_mse,initial_policy,3,10,19,2000,42,-0.0005560421718617006,-0.0008045583059274404,-7.76638603320336e-05,
fold-003,calibration,rnn,neural_mse,center,3,10,19,2000,42,-2.9618134599741427e-05,-5.9973727233358585e-05,5.515520136001755e-05,
fold-003,calibration,rnn,reference,zero,3,10,19,2000,42,0.0002688093446995817,3.394425930117075e-05,0.00037295167961532224,
fold-003,calibration,rnn,reference_mae,zero,3,10,19,2000,42,0.00016694796536441476,7.785432042374935e-06,0.0002619514423747891,
fold-003,calibration,rnn,reference_mae,parent,3,10,19,2000,42,-0.00010186137933516714,-0.0001221269869180585,-2.7324892936722723e-05,
fold-003,calibration,rnn,reference_mse,zero,3,10,19,2000,42,0.0002688093446995819,3.3944259301170575e-05,0.00037295167961532246,
fold-003,calibration,rnn,reference_mse,parent,3,10,19,2000,42,0.0,0.0,0.0,
fold-003,calibration,rnn,reinforce,zero,3,10,19,2000,42,0.000569477690434432,8.569730664866805e-05,0.0008276214543144844,
fold-003,calibration,rnn,reinforce,parent,3,10,19,2000,42,4.048877640987379e-05,-0.00010500418953345665,5.8469625697970824e-05,
fold-003,calibration,rnn,reinforce,initial_policy,3,10,19,2000,42,0.0,0.0,0.0,
fold-003,calibration,rnn,reinforce,center,3,10,19,2000,42,4.048877640987379e-05,-0.00010500418953345665,5.8469625697970824e-05,
fold-003,calibration,xgboost,expected,zero,3,10,19,2000,42,3.067174334684353e-07,0.0,6.134348669368706e-07,
fold-003,calibration,xgboost,expected,parent,3,10,19,2000,42,8.298957482428937e-05,4.1418538998551137e-05,0.00016684224593051754,
fold-003,calibration,xgboost,expected,initial_policy,3,10,19,2000,42,0.0,0.0,0.0,
fold-003,calibration,xgboost,expected,center,3,10,19,2000,42,8.298957482428937e-05,4.1418538998551137e-05,0.00016684224593051754,
fold-003,calibration,xgboost,klpo_exact,zero,3,10,19,2000,42,3.067174334684353e-07,0.0,6.134348669368706e-07,
fold-003,calibration,xgboost,klpo_exact,parent,3,10,19,2000,42,8.298957482428937e-05,4.1418538998551137e-05,0.00016684224593051754,
fold-003,calibration,xgboost,klpo_exact,initial_policy,3,10,19,2000,42,0.0,0.0,0.0,
fold-003,calibration,xgboost,klpo_exact,center,3,10,19,2000,42,8.298957482428937e-05,4.1418538998551137e-05,0.00016684224593051754,
fold-003,calibration,xgboost,klpo_full,zero,3,10,19,2000,42,3.067174334684353e-07,0.0,6.134348669368706e-07,
fold-003,calibration,xgboost,klpo_full,parent,3,10,19,2000,42,8.298957482428937e-05,4.1418538998551137e-05,0.00016684224593051754,
fold-003,calibration,xgboost,klpo_full,initial_policy,3,10,19,2000,42,0.0,0.0,0.0,
fold-003,calibration,xgboost,klpo_full,center,3,10,19,2000,42,8.298957482428937e-05,4.1418538998551137e-05,0.00016684224593051754,
fold-003,calibration,xgboost,klpo_mc,zero,3,10,19,2000,42,3.067174334684353e-07,0.0,6.134348669368706e-07,
fold-003,calibration,xgboost,klpo_mc,parent,3,10,19,2000,42,8.298957482428937e-05,4.1418538998551137e-05,0.00016684224593051754,
fold-003,calibration,xgboost,klpo_mc,initial_policy,3,10,19,2000,42,0.0,0.0,0.0,
fold-003,calibration,xgboost,klpo_mc,center,3,10,19,2000,42,8.298957482428937e-05,4.1418538998551137e-05,0.00016684224593051754,
fold-003,calibration,xgboost,mae,zero,3,10,19,2000,42,3.067174334684353e-07,0.0,6.134348669368706e-07,
fold-003,calibration,xgboost,mae,parent,3,10,19,2000,42,8.298957482428937e-05,4.1418538998551137e-05,0.00016684224593051754,
fold-003,calibration,xgboost,mae,initial_policy,3,10,19,2000,42,0.0,0.0,0.0,
fold-003,calibration,xgboost,mae,center,3,10,19,2000,42,8.298957482428937e-05,4.1418538998551137e-05,0.00016684224593051754,
fold-003,calibration,xgboost,reinforce,zero,3,10,19,2000,42,3.067174334684353e-07,0.0,6.134348669368706e-07,
fold-003,calibration,xgboost,reinforce,parent,3,10,19,2000,42,8.298957482428937e-05,4.1418538998551137e-05,0.00016684224593051754,
fold-003,calibration,xgboost,reinforce,initial_policy,3,10,19,2000,42,0.0,0.0,0.0,
fold-003,calibration,xgboost,reinforce,center,3,10,19,2000,42,8.298957482428937e-05,4.1418538998551137e-05,0.00016684224593051754,
fold-003,calibration,xgboost,xgboost,zero,3,10,19,2000,42,-8.268285739082093e-05,-0.00016622881106358067,-4.1418538998551137e-05,
fold-003,calibration,dlinear,expected,zero,3,20,19,2000,42,0.000132473033713178,,,Se necesitan más sesiones que la longitud del bloque
fold-003,calibration,dlinear,expected,parent,3,20,19,2000,42,0.00011098718322498872,,,Se necesitan más sesiones que la longitud del bloque
fold-003,calibration,dlinear,expected,initial_policy,3,20,19,2000,42,0.0,,,Se necesitan más sesiones que la longitud del bloque
fold-003,calibration,dlinear,expected,center,3,20,19,2000,42,0.00011098718322498872,,,Se necesitan más sesiones que la longitud del bloque
fold-003,calibration,dlinear,klpo_exact,zero,3,20,19,2000,42,0.000132473033713178,,,Se necesitan más sesiones que la longitud del bloque
fold-003,calibration,dlinear,klpo_exact,parent,3,20,19,2000,42,0.00011098718322498872,,,Se necesitan más sesiones que la longitud del bloque
fold-003,calibration,dlinear,klpo_exact,initial_policy,3,20,19,2000,42,0.0,,,Se necesitan más sesiones que la longitud del bloque
fold-003,calibration,dlinear,klpo_exact,center,3,20,19,2000,42,0.00011098718322498872,,,Se necesitan más sesiones que la longitud del bloque
fold-003,calibration,dlinear,klpo_full,zero,3,20,19,2000,42,0.000132473033713178,,,Se necesitan más sesiones que la longitud del bloque
fold-003,calibration,dlinear,klpo_full,parent,3,20,19,2000,42,0.00011098718322498872,,,Se necesitan más sesiones que la longitud del bloque
fold-003,calibration,dlinear,klpo_full,initial_policy,3,20,19,2000,42,0.0,,,Se necesitan más sesiones que la longitud del bloque
fold-003,calibration,dlinear,klpo_full,center,3,20,19,2000,42,0.00011098718322498872,,,Se necesitan más sesiones que la longitud del bloque
fold-003,calibration,dlinear,klpo_mc,zero,3,20,19,2000,42,0.000132473033713178,,,Se necesitan más sesiones que la longitud del bloque
fold-003,calibration,dlinear,klpo_mc,parent,3,20,19,2000,42,0.00011098718322498872,,,Se necesitan más sesiones que la longitud del bloque
fold-003,calibration,dlinear,klpo_mc,initial_policy,3,20,19,2000,42,0.0,,,Se necesitan más sesiones que la longitud del bloque
fold-003,calibration,dlinear,klpo_mc,center,3,20,19,2000,42,0.00011098718322498872,,,Se necesitan más sesiones que la longitud del bloque
fold-003,calibration,dlinear,mae,zero,3,20,19,2000,42,0.000132473033713178,,,Se necesitan más sesiones que la longitud del bloque
fold-003,calibration,dlinear,mae,parent,3,20,19,2000,42,0.00011098718322498872,,,Se necesitan más sesiones que la longitud del bloque
fold-003,calibration,dlinear,mae,initial_policy,3,20,19,2000,42,0.0,,,Se necesitan más sesiones que la longitud del bloque
fold-003,calibration,dlinear,mae,center,3,20,19,2000,42,0.00011098718322498872,,,Se necesitan más sesiones que la longitud del bloque
fold-003,calibration,dlinear,neural_mae,zero,3,20,19,2000,42,-7.704473937606273e-06,,,Se necesitan más sesiones que la longitud del bloque
fold-003,calibration,dlinear,neural_mae,parent,3,20,19,2000,42,-2.9190324425795558e-05,,,Se necesitan más sesiones que la longitud del bloque
fold-003,calibration,dlinear,neural_mae,initial_policy,3,20,19,2000,42,-0.00014017750765078427,,,Se necesitan más sesiones que la longitud del bloque
fold-003,calibration,dlinear,neural_mae,center,3,20,19,2000,42,-4.337246216277428e-05,,,Se necesitan más sesiones que la longitud del bloque
fold-003,calibration,dlinear,neural_mse,zero,3,20,19,2000,42,5.179137350734114e-06,,,Se necesitan más sesiones que la longitud del bloque
fold-003,calibration,dlinear,neural_mse,parent,3,20,19,2000,42,-1.6306713137455168e-05,,,Se necesitan más sesiones que la longitud del bloque
fold-003,calibration,dlinear,neural_mse,initial_policy,3,20,19,2000,42,-0.00012729389636244388,,,Se necesitan más sesiones que la longitud del bloque
fold-003,calibration,dlinear,neural_mse,center,3,20,19,2000,42,1.4278683914522025e-05,,,Se necesitan más sesiones que la longitud del bloque
fold-003,calibration,dlinear,reference,zero,3,20,19,2000,42,0.00021242962875406746,,,Se necesitan más sesiones que la longitud del bloque
fold-003,calibration,dlinear,reference_mae,zero,3,20,19,2000,42,0.00011298727767499791,,,Se necesitan más sesiones que la longitud del bloque
fold-003,calibration,dlinear,reference_mae,parent,3,20,19,2000,42,-9.94423510790698e-05,,,Se necesitan más sesiones que la longitud del bloque
fold-003,calibration,dlinear,reference_mse,zero,3,20,19,2000,42,0.0001760816309436681,,,Se necesitan más sesiones que la longitud del bloque
fold-003,calibration,dlinear,reference_mse,parent,3,20,19,2000,42,-3.634799781039962e-05,,,Se necesitan más sesiones que la longitud del bloque
fold-003,calibration,dlinear,reinforce,zero,3,20,19,2000,42,0.000132473033713178,,,Se necesitan más sesiones que la longitud del bloque
fold-003,calibration,dlinear,reinforce,parent,3,20,19,2000,42,0.00011098718322498872,,,Se necesitan más sesiones que la longitud del bloque
fold-003,calibration,dlinear,reinforce,initial_policy,3,20,19,2000,42,0.0,,,Se necesitan más sesiones que la longitud del bloque
fold-003,calibration,dlinear,reinforce,center,3,20,19,2000,42,0.00011098718322498872,,,Se necesitan más sesiones que la longitud del bloque
fold-003,calibration,gru,expected,zero,3,20,19,2000,42,0.000517709703564513,,,Se necesitan más sesiones que la longitud del bloque
fold-003,calibration,gru,expected,parent,3,20,19,2000,42,0.00014867274422745058,,,Se necesitan más sesiones que la longitud del bloque
fold-003,calibration,gru,expected,initial_policy,3,20,19,2000,42,0.0,,,Se necesitan más sesiones que la longitud del bloque
fold-003,calibration,gru,expected,center,3,20,19,2000,42,0.00014867274422745058,,,Se necesitan más sesiones que la longitud del bloque
fold-003,calibration,gru,klpo_exact,zero,3,20,19,2000,42,0.000517709703564513,,,Se necesitan más sesiones que la longitud del bloque
fold-003,calibration,gru,klpo_exact,parent,3,20,19,2000,42,0.00014867274422745058,,,Se necesitan más sesiones que la longitud del bloque
fold-003,calibration,gru,klpo_exact,initial_policy,3,20,19,2000,42,0.0,,,Se necesitan más sesiones que la longitud del bloque
fold-003,calibration,gru,klpo_exact,center,3,20,19,2000,42,0.00014867274422745058,,,Se necesitan más sesiones que la longitud del bloque
fold-003,calibration,gru,klpo_full,zero,3,20,19,2000,42,0.000517709703564513,,,Se necesitan más sesiones que la longitud del bloque
fold-003,calibration,gru,klpo_full,parent,3,20,19,2000,42,0.00014867274422745058,,,Se necesitan más sesiones que la longitud del bloque
fold-003,calibration,gru,klpo_full,initial_policy,3,20,19,2000,42,0.0,,,Se necesitan más sesiones que la longitud del bloque
fold-003,calibration,gru,klpo_full,center,3,20,19,2000,42,0.00014867274422745058,,,Se necesitan más sesiones que la longitud del bloque
fold-003,calibration,gru,klpo_mc,zero,3,20,19,2000,42,0.000517709703564513,,,Se necesitan más sesiones que la longitud del bloque
fold-003,calibration,gru,klpo_mc,parent,3,20,19,2000,42,0.00014867274422745058,,,Se necesitan más sesiones que la longitud del bloque
fold-003,calibration,gru,klpo_mc,initial_policy,3,20,19,2000,42,0.0,,,Se necesitan más sesiones que la longitud del bloque
fold-003,calibration,gru,klpo_mc,center,3,20,19,2000,42,0.00014867274422745058,,,Se necesitan más sesiones que la longitud del bloque
fold-003,calibration,gru,mae,zero,3,20,19,2000,42,0.000517709703564513,,,Se necesitan más sesiones que la longitud del bloque
fold-003,calibration,gru,mae,parent,3,20,19,2000,42,0.00014867274422745058,,,Se necesitan más sesiones que la longitud del bloque
fold-003,calibration,gru,mae,initial_policy,3,20,19,2000,42,0.0,,,Se necesitan más sesiones que la longitud del bloque
fold-003,calibration,gru,mae,center,3,20,19,2000,42,0.00014867274422745058,,,Se necesitan más sesiones que la longitud del bloque
fold-003,calibration,gru,neural_mae,zero,3,20,19,2000,42,1.9029235114485166e-05,,,Se necesitan más sesiones que la longitud del bloque
fold-003,calibration,gru,neural_mae,parent,3,20,19,2000,42,-0.00035000772422257714,,,Se necesitan más sesiones que la longitud del bloque
fold-003,calibration,gru,neural_mae,initial_policy,3,20,19,2000,42,-0.0004986804684500277,,,Se necesitan más sesiones que la longitud del bloque
fold-003,calibration,gru,neural_mae,center,3,20,19,2000,42,-5.29332768049764e-05,,,Se necesitan más sesiones que la longitud del bloque
fold-003,calibration,gru,neural_mse,zero,3,20,19,2000,42,9.611171745778613e-06,,,Se necesitan más sesiones que la longitud del bloque
fold-003,calibration,gru,neural_mse,parent,3,20,19,2000,42,-0.0003594257875912837,,,Se necesitan más sesiones que la longitud del bloque
fold-003,calibration,gru,neural_mse,initial_policy,3,20,19,2000,42,-0.0005080985318187342,,,Se necesitan más sesiones que la longitud del bloque
fold-003,calibration,gru,neural_mse,center,3,20,19,2000,42,-5.7410595049460885e-05,,,Se necesitan más sesiones que la longitud del bloque
fold-003,calibration,gru,reference,zero,3,20,19,2000,42,0.0002980391190563447,,,Se necesitan más sesiones que la longitud del bloque
fold-003,calibration,gru,reference_mae,zero,3,20,19,2000,42,0.00021907893363817647,,,Se necesitan más sesiones que la longitud del bloque
fold-003,calibration,gru,reference_mae,parent,3,20,19,2000,42,-7.896018541816794e-05,,,Se necesitan más sesiones que la longitud del bloque
fold-003,calibration,gru,reference_mse,zero,3,20,19,2000,42,0.0002320973745252604,,,Se necesitan más sesiones que la longitud del bloque
fold-003,calibration,gru,reference_mse,parent,3,20,19,2000,42,-6.5941744531084e-05,,,Se necesitan más sesiones que la longitud del bloque
fold-003,calibration,gru,reinforce,zero,3,20,19,2000,42,0.000517709703564513,,,Se necesitan más sesiones que la longitud del bloque
fold-003,calibration,gru,reinforce,parent,3,20,19,2000,42,0.00014867274422745058,,,Se necesitan más sesiones que la longitud del bloque
fold-003,calibration,gru,reinforce,initial_policy,3,20,19,2000,42,0.0,,,Se necesitan más sesiones que la longitud del bloque
fold-003,calibration,gru,reinforce,center,3,20,19,2000,42,0.00014867274422745058,,,Se necesitan más sesiones que la longitud del bloque
fold-003,calibration,lstm,expected,zero,3,20,19,2000,42,0.0006047032798529037,,,Se necesitan más sesiones que la longitud del bloque
fold-003,calibration,lstm,expected,parent,3,20,19,2000,42,0.0003795816343778161,,,Se necesitan más sesiones que la longitud del bloque
fold-003,calibration,lstm,expected,initial_policy,3,20,19,2000,42,0.0002846455884105207,,,Se necesitan más sesiones que la longitud del bloque
fold-003,calibration,lstm,expected,center,3,20,19,2000,42,9.194514658416164e-05,,,Se necesitan más sesiones que la longitud del bloque
fold-003,calibration,lstm,klpo_exact,zero,3,20,19,2000,42,0.000320057691442383,,,Se necesitan más sesiones que la longitud del bloque
fold-003,calibration,lstm,klpo_exact,parent,3,20,19,2000,42,9.493604596729536e-05,,,Se necesitan más sesiones que la longitud del bloque
fold-003,calibration,lstm,klpo_exact,initial_policy,3,20,19,2000,42,0.0,,,Se necesitan más sesiones que la longitud del bloque
fold-003,calibration,lstm,klpo_exact,center,3,20,19,2000,42,9.493604596729536e-05,,,Se necesitan más sesiones que la longitud del bloque
fold-003,calibration,lstm,klpo_full,zero,3,20,19,2000,42,0.000320057691442383,,,Se necesitan más sesiones que la longitud del bloque
fold-003,calibration,lstm,klpo_full,parent,3,20,19,2000,42,9.493604596729536e-05,,,Se necesitan más sesiones que la longitud del bloque
fold-003,calibration,lstm,klpo_full,initial_policy,3,20,19,2000,42,0.0,,,Se necesitan más sesiones que la longitud del bloque
fold-003,calibration,lstm,klpo_full,center,3,20,19,2000,42,9.493604596729536e-05,,,Se necesitan más sesiones que la longitud del bloque
fold-003,calibration,lstm,klpo_mc,zero,3,20,19,2000,42,0.000320057691442383,,,Se necesitan más sesiones que la longitud del bloque
fold-003,calibration,lstm,klpo_mc,parent,3,20,19,2000,42,9.493604596729536e-05,,,Se necesitan más sesiones que la longitud del bloque
fold-003,calibration,lstm,klpo_mc,initial_policy,3,20,19,2000,42,0.0,,,Se necesitan más sesiones que la longitud del bloque
fold-003,calibration,lstm,klpo_mc,center,3,20,19,2000,42,9.493604596729536e-05,,,Se necesitan más sesiones que la longitud del bloque
fold-003,calibration,lstm,mae,zero,3,20,19,2000,42,0.0005499464489009748,,,Se necesitan más sesiones que la longitud del bloque
fold-003,calibration,lstm,mae,parent,3,20,19,2000,42,0.0003248248034258871,,,Se necesitan más sesiones que la longitud del bloque
fold-003,calibration,lstm,mae,initial_policy,3,20,19,2000,42,0.00022988875745859173,,,Se necesitan más sesiones que la longitud del bloque
fold-003,calibration,lstm,mae,center,3,20,19,2000,42,9.188778594102646e-05,,,Se necesitan más sesiones que la longitud del bloque
fold-003,calibration,lstm,neural_mae,zero,3,20,19,2000,42,0.00011653274198807804,,,Se necesitan más sesiones que la longitud del bloque
fold-003,calibration,lstm,neural_mae,parent,3,20,19,2000,42,-0.00010858890348700964,,,Se necesitan más sesiones que la longitud del bloque
fold-003,calibration,lstm,neural_mae,initial_policy,3,20,19,2000,42,-0.00020352494945430498,,,Se necesitan más sesiones que la longitud del bloque
fold-003,calibration,lstm,neural_mae,center,3,20,19,2000,42,3.233070357563307e-05,,,Se necesitan más sesiones que la longitud del bloque
fold-003,calibration,lstm,neural_mse,zero,3,20,19,2000,42,9.79035954066776e-05,,,Se necesitan más sesiones que la longitud del bloque
fold-003,calibration,lstm,neural_mse,parent,3,20,19,2000,42,-0.00012721805006841007,,,Se necesitan más sesiones que la longitud del bloque
fold-003,calibration,lstm,neural_mse,initial_policy,3,20,19,2000,42,-0.00022215409603570542,,,Se necesitan más sesiones que la longitud del bloque
fold-003,calibration,lstm,neural_mse,center,3,20,19,2000,42,3.096097984287507e-05,,,Se necesitan más sesiones que la longitud del bloque
fold-003,calibration,lstm,reference,zero,3,20,19,2000,42,0.0003018399801533648,,,Se necesitan más sesiones que la longitud del bloque
fold-003,calibration,lstm,reference_mae,zero,3,20,19,2000,42,0.0002816696926359343,,,Se necesitan más sesiones que la longitud del bloque
fold-003,calibration,lstm,reference_mae,parent,3,20,19,2000,42,-2.0170287517430645e-05,,,Se necesitan más sesiones que la longitud del bloque
fold-003,calibration,lstm,reference_mse,zero,3,20,19,2000,42,0.0003018399801533649,,,Se necesitan más sesiones que la longitud del bloque
fold-003,calibration,lstm,reference_mse,parent,3,20,19,2000,42,0.0,,,Se necesitan más sesiones que la longitud del bloque
fold-003,calibration,lstm,reinforce,zero,3,20,19,2000,42,0.00045578166125243203,,,Se necesitan más sesiones que la longitud del bloque
fold-003,calibration,lstm,reinforce,parent,3,20,19,2000,42,0.00023066001577734437,,,Se necesitan más sesiones que la longitud del bloque
fold-003,calibration,lstm,reinforce,initial_policy,3,20,19,2000,42,0.00013572396981004903,,,Se necesitan más sesiones que la longitud del bloque
fold-003,calibration,lstm,reinforce,center,3,20,19,2000,42,0.0001022621425699961,,,Se necesitan más sesiones que la longitud del bloque
fold-003,calibration,ridge,expected,zero,3,20,19,2000,42,0.01162055412633714,,,Se necesitan más sesiones que la longitud del bloque
fold-003,calibration,ridge,expected,parent,3,20,19,2000,42,-0.002197054021575179,,,Se necesitan más sesiones que la longitud del bloque
fold-003,calibration,ridge,expected,initial_policy,3,20,19,2000,42,-0.0018126506488575645,,,Se necesitan más sesiones que la longitud del bloque
fold-003,calibration,ridge,expected,center,3,20,19,2000,42,-9.968867807682011e-05,,,Se necesitan más sesiones que la longitud del bloque
fold-003,calibration,ridge,klpo_exact,zero,3,20,19,2000,42,0.0010413072218917088,,,Se necesitan más sesiones que la longitud del bloque
fold-003,calibration,ridge,klpo_exact,parent,3,20,19,2000,42,-0.012776300926020612,,,Se necesitan más sesiones que la longitud del bloque
fold-003,calibration,ridge,klpo_exact,initial_policy,3,20,19,2000,42,-0.012391897553302996,,,Se necesitan más sesiones que la longitud del bloque
fold-003,calibration,ridge,klpo_exact,center,3,20,19,2000,42,0.0001067911976528568,,,Se necesitan más sesiones que la longitud del bloque
fold-003,calibration,ridge,klpo_full,zero,3,20,19,2000,42,0.001913221638938792,,,Se necesitan más sesiones que la longitud del bloque
fold-003,calibration,ridge,klpo_full,parent,3,20,19,2000,42,-0.011904386508973531,,,Se necesitan más sesiones que la longitud del bloque
fold-003,calibration,ridge,klpo_full,initial_policy,3,20,19,2000,42,-0.011519983136255914,,,Se necesitan más sesiones que la longitud del bloque
fold-003,calibration,ridge,klpo_full,center,3,20,19,2000,42,8.414446172547903e-05,,,Se necesitan más sesiones que la longitud del bloque
fold-003,calibration,ridge,klpo_mc,zero,3,20,19,2000,42,0.0019509419963515055,,,Se necesitan más sesiones que la longitud del bloque
fold-003,calibration,ridge,klpo_mc,parent,3,20,19,2000,42,-0.011866666151560812,,,Se necesitan más sesiones que la longitud del bloque
fold-003,calibration,ridge,klpo_mc,initial_policy,3,20,19,2000,42,-0.011482262778843198,,,Se necesitan más sesiones que la longitud del bloque
fold-003,calibration,ridge,klpo_mc,center,3,20,19,2000,42,8.04527550714116e-05,,,Se necesitan más sesiones que la longitud del bloque
fold-003,calibration,ridge,mae,zero,3,20,19,2000,42,0.010356357737183759,,,Se necesitan más sesiones que la longitud del bloque
fold-003,calibration,ridge,mae,parent,3,20,19,2000,42,-0.00346125041072856,,,Se necesitan más sesiones que la longitud del bloque
fold-003,calibration,ridge,mae,initial_policy,3,20,19,2000,42,-0.0030768470380109466,,,Se necesitan más sesiones que la longitud del bloque
fold-003,calibration,ridge,mae,center,3,20,19,2000,42,-2.157012892341662e-05,,,Se necesitan más sesiones que la longitud del bloque
fold-003,calibration,ridge,reinforce,zero,3,20,19,2000,42,0.011571713931775173,,,Se necesitan más sesiones que la longitud del bloque
fold-003,calibration,ridge,reinforce,parent,3,20,19,2000,42,-0.002245894216137145,,,Se necesitan más sesiones que la longitud del bloque
fold-003,calibration,ridge,reinforce,initial_policy,3,20,19,2000,42,-0.0018614908434195316,,,Se necesitan más sesiones que la longitud del bloque
fold-003,calibration,ridge,reinforce,center,3,20,19,2000,42,-0.00013363910707962944,,,Se necesitan más sesiones que la longitud del bloque
fold-003,calibration,ridge,ridge,zero,1,20,19,2000,42,0.013817608147912318,,,Se necesitan más sesiones que la longitud del bloque
fold-003,calibration,rnn,expected,zero,3,20,19,2000,42,0.000569477690434432,,,Se necesitan más sesiones que la longitud del bloque
fold-003,calibration,rnn,expected,parent,3,20,19,2000,42,4.048877640987379e-05,,,Se necesitan más sesiones que la longitud del bloque
fold-003,calibration,rnn,expected,initial_policy,3,20,19,2000,42,0.0,,,Se necesitan más sesiones que la longitud del bloque
fold-003,calibration,rnn,expected,center,3,20,19,2000,42,4.048877640987379e-05,,,Se necesitan más sesiones que la longitud del bloque
fold-003,calibration,rnn,klpo_exact,zero,3,20,19,2000,42,0.000569477690434432,,,Se necesitan más sesiones que la longitud del bloque
fold-003,calibration,rnn,klpo_exact,parent,3,20,19,2000,42,4.048877640987379e-05,,,Se necesitan más sesiones que la longitud del bloque
fold-003,calibration,rnn,klpo_exact,initial_policy,3,20,19,2000,42,0.0,,,Se necesitan más sesiones que la longitud del bloque
fold-003,calibration,rnn,klpo_exact,center,3,20,19,2000,42,4.048877640987379e-05,,,Se necesitan más sesiones que la longitud del bloque
fold-003,calibration,rnn,klpo_full,zero,3,20,19,2000,42,0.000569477690434432,,,Se necesitan más sesiones que la longitud del bloque
fold-003,calibration,rnn,klpo_full,parent,3,20,19,2000,42,4.048877640987379e-05,,,Se necesitan más sesiones que la longitud del bloque
fold-003,calibration,rnn,klpo_full,initial_policy,3,20,19,2000,42,0.0,,,Se necesitan más sesiones que la longitud del bloque
fold-003,calibration,rnn,klpo_full,center,3,20,19,2000,42,4.048877640987379e-05,,,Se necesitan más sesiones que la longitud del bloque
fold-003,calibration,rnn,klpo_mc,zero,3,20,19,2000,42,0.000569477690434432,,,Se necesitan más sesiones que la longitud del bloque
fold-003,calibration,rnn,klpo_mc,parent,3,20,19,2000,42,4.048877640987379e-05,,,Se necesitan más sesiones que la longitud del bloque
fold-003,calibration,rnn,klpo_mc,initial_policy,3,20,19,2000,42,0.0,,,Se necesitan más sesiones que la longitud del bloque
fold-003,calibration,rnn,klpo_mc,center,3,20,19,2000,42,4.048877640987379e-05,,,Se necesitan más sesiones que la longitud del bloque
fold-003,calibration,rnn,mae,zero,3,20,19,2000,42,0.000569477690434432,,,Se necesitan más sesiones que la longitud del bloque
fold-003,calibration,rnn,mae,parent,3,20,19,2000,42,4.048877640987379e-05,,,Se necesitan más sesiones que la longitud del bloque
fold-003,calibration,rnn,mae,initial_policy,3,20,19,2000,42,0.0,,,Se necesitan más sesiones que la longitud del bloque
fold-003,calibration,rnn,mae,center,3,20,19,2000,42,4.048877640987379e-05,,,Se necesitan más sesiones que la longitud del bloque
fold-003,calibration,rnn,neural_mae,zero,3,20,19,2000,42,5.159008921783645e-05,,,Se necesitan más sesiones que la longitud del bloque
fold-003,calibration,rnn,neural_mae,parent,3,20,19,2000,42,-0.00047739882480672175,,,Se necesitan más sesiones que la longitud del bloque
fold-003,calibration,rnn,neural_mae,initial_policy,3,20,19,2000,42,-0.0005178876012165956,,,Se necesitan más sesiones que la longitud del bloque
fold-003,calibration,rnn,neural_mae,center,3,20,19,2000,42,-2.0306293413166202e-05,,,Se necesitan más sesiones que la longitud del bloque
fold-003,calibration,rnn,neural_mse,zero,3,20,19,2000,42,1.3435518572731412e-05,,,Se necesitan más sesiones que la longitud del bloque
fold-003,calibration,rnn,neural_mse,parent,3,20,19,2000,42,-0.0005155533954518269,,,Se necesitan más sesiones que la longitud del bloque
fold-003,calibration,rnn,neural_mse,initial_policy,3,20,19,2000,42,-0.0005560421718617006,,,Se necesitan más sesiones que la longitud del bloque
fold-003,calibration,rnn,neural_mse,center,3,20,19,2000,42,-2.9618134599741427e-05,,,Se necesitan más sesiones que la longitud del bloque
fold-003,calibration,rnn,reference,zero,3,20,19,2000,42,0.0002688093446995817,,,Se necesitan más sesiones que la longitud del bloque
fold-003,calibration,rnn,reference_mae,zero,3,20,19,2000,42,0.00016694796536441476,,,Se necesitan más sesiones que la longitud del bloque
fold-003,calibration,rnn,reference_mae,parent,3,20,19,2000,42,-0.00010186137933516714,,,Se necesitan más sesiones que la longitud del bloque
fold-003,calibration,rnn,reference_mse,zero,3,20,19,2000,42,0.0002688093446995819,,,Se necesitan más sesiones que la longitud del bloque
fold-003,calibration,rnn,reference_mse,parent,3,20,19,2000,42,0.0,,,Se necesitan más sesiones que la longitud del bloque
fold-003,calibration,rnn,reinforce,zero,3,20,19,2000,42,0.000569477690434432,,,Se necesitan más sesiones que la longitud del bloque
fold-003,calibration,rnn,reinforce,parent,3,20,19,2000,42,4.048877640987379e-05,,,Se necesitan más sesiones que la longitud del bloque
fold-003,calibration,rnn,reinforce,initial_policy,3,20,19,2000,42,0.0,,,Se necesitan más sesiones que la longitud del bloque
fold-003,calibration,rnn,reinforce,center,3,20,19,2000,42,4.048877640987379e-05,,,Se necesitan más sesiones que la longitud del bloque
fold-003,calibration,xgboost,expected,zero,3,20,19,2000,42,3.067174334684353e-07,,,Se necesitan más sesiones que la longitud del bloque
fold-003,calibration,xgboost,expected,parent,3,20,19,2000,42,8.298957482428937e-05,,,Se necesitan más sesiones que la longitud del bloque
fold-003,calibration,xgboost,expected,initial_policy,3,20,19,2000,42,0.0,,,Se necesitan más sesiones que la longitud del bloque
fold-003,calibration,xgboost,expected,center,3,20,19,2000,42,8.298957482428937e-05,,,Se necesitan más sesiones que la longitud del bloque
fold-003,calibration,xgboost,klpo_exact,zero,3,20,19,2000,42,3.067174334684353e-07,,,Se necesitan más sesiones que la longitud del bloque
fold-003,calibration,xgboost,klpo_exact,parent,3,20,19,2000,42,8.298957482428937e-05,,,Se necesitan más sesiones que la longitud del bloque
fold-003,calibration,xgboost,klpo_exact,initial_policy,3,20,19,2000,42,0.0,,,Se necesitan más sesiones que la longitud del bloque
fold-003,calibration,xgboost,klpo_exact,center,3,20,19,2000,42,8.298957482428937e-05,,,Se necesitan más sesiones que la longitud del bloque
fold-003,calibration,xgboost,klpo_full,zero,3,20,19,2000,42,3.067174334684353e-07,,,Se necesitan más sesiones que la longitud del bloque
fold-003,calibration,xgboost,klpo_full,parent,3,20,19,2000,42,8.298957482428937e-05,,,Se necesitan más sesiones que la longitud del bloque
fold-003,calibration,xgboost,klpo_full,initial_policy,3,20,19,2000,42,0.0,,,Se necesitan más sesiones que la longitud del bloque
fold-003,calibration,xgboost,klpo_full,center,3,20,19,2000,42,8.298957482428937e-05,,,Se necesitan más sesiones que la longitud del bloque
fold-003,calibration,xgboost,klpo_mc,zero,3,20,19,2000,42,3.067174334684353e-07,,,Se necesitan más sesiones que la longitud del bloque
fold-003,calibration,xgboost,klpo_mc,parent,3,20,19,2000,42,8.298957482428937e-05,,,Se necesitan más sesiones que la longitud del bloque
fold-003,calibration,xgboost,klpo_mc,initial_policy,3,20,19,2000,42,0.0,,,Se necesitan más sesiones que la longitud del bloque
fold-003,calibration,xgboost,klpo_mc,center,3,20,19,2000,42,8.298957482428937e-05,,,Se necesitan más sesiones que la longitud del bloque
fold-003,calibration,xgboost,mae,zero,3,20,19,2000,42,3.067174334684353e-07,,,Se necesitan más sesiones que la longitud del bloque
fold-003,calibration,xgboost,mae,parent,3,20,19,2000,42,8.298957482428937e-05,,,Se necesitan más sesiones que la longitud del bloque
fold-003,calibration,xgboost,mae,initial_policy,3,20,19,2000,42,0.0,,,Se necesitan más sesiones que la longitud del bloque
fold-003,calibration,xgboost,mae,center,3,20,19,2000,42,8.298957482428937e-05,,,Se necesitan más sesiones que la longitud del bloque
fold-003,calibration,xgboost,reinforce,zero,3,20,19,2000,42,3.067174334684353e-07,,,Se necesitan más sesiones que la longitud del bloque
fold-003,calibration,xgboost,reinforce,parent,3,20,19,2000,42,8.298957482428937e-05,,,Se necesitan más sesiones que la longitud del bloque
fold-003,calibration,xgboost,reinforce,initial_policy,3,20,19,2000,42,0.0,,,Se necesitan más sesiones que la longitud del bloque
fold-003,calibration,xgboost,reinforce,center,3,20,19,2000,42,8.298957482428937e-05,,,Se necesitan más sesiones que la longitud del bloque
fold-003,calibration,xgboost,xgboost,zero,3,20,19,2000,42,-8.268285739082093e-05,,,Se necesitan más sesiones que la longitud del bloque
fold-003,evaluation,dlinear,expected,zero,3,1,11,2000,42,0.0012474523373936985,0.00011779022984057635,0.002716235313587436,
fold-003,evaluation,dlinear,expected,parent,3,1,11,2000,42,8.09659482357881e-05,-4.052273501936195e-05,0.00020964960178102278,
fold-003,evaluation,dlinear,expected,initial_policy,3,1,11,2000,42,0.0,0.0,0.0,
fold-003,evaluation,dlinear,expected,center,3,1,11,2000,42,8.09659482357881e-05,-4.052273501936195e-05,0.00020964960178102278,
fold-003,evaluation,dlinear,klpo_exact,zero,3,1,11,2000,42,0.0012474523373936985,0.00011779022984057635,0.002716235313587436,
fold-003,evaluation,dlinear,klpo_exact,parent,3,1,11,2000,42,8.09659482357881e-05,-4.052273501936195e-05,0.00020964960178102278,
fold-003,evaluation,dlinear,klpo_exact,initial_policy,3,1,11,2000,42,0.0,0.0,0.0,
fold-003,evaluation,dlinear,klpo_exact,center,3,1,11,2000,42,8.09659482357881e-05,-4.052273501936195e-05,0.00020964960178102278,
fold-003,evaluation,dlinear,klpo_full,zero,3,1,11,2000,42,0.0012474523373936985,0.00011779022984057635,0.002716235313587436,
fold-003,evaluation,dlinear,klpo_full,parent,3,1,11,2000,42,8.09659482357881e-05,-4.052273501936195e-05,0.00020964960178102278,
fold-003,evaluation,dlinear,klpo_full,initial_policy,3,1,11,2000,42,0.0,0.0,0.0,
fold-003,evaluation,dlinear,klpo_full,center,3,1,11,2000,42,8.09659482357881e-05,-4.052273501936195e-05,0.00020964960178102278,
fold-003,evaluation,dlinear,klpo_mc,zero,3,1,11,2000,42,0.0012474523373936985,0.00011779022984057635,0.002716235313587436,
fold-003,evaluation,dlinear,klpo_mc,parent,3,1,11,2000,42,8.09659482357881e-05,-4.052273501936195e-05,0.00020964960178102278,
fold-003,evaluation,dlinear,klpo_mc,initial_policy,3,1,11,2000,42,0.0,0.0,0.0,
fold-003,evaluation,dlinear,klpo_mc,center,3,1,11,2000,42,8.09659482357881e-05,-4.052273501936195e-05,0.00020964960178102278,
fold-003,evaluation,dlinear,mae,zero,3,1,11,2000,42,0.0012474523373936985,0.00011779022984057635,0.002716235313587436,
fold-003,evaluation,dlinear,mae,parent,3,1,11,2000,42,8.09659482357881e-05,-4.052273501936195e-05,0.00020964960178102278,
fold-003,evaluation,dlinear,mae,initial_policy,3,1,11,2000,42,0.0,0.0,0.0,
fold-003,evaluation,dlinear,mae,center,3,1,11,2000,42,8.09659482357881e-05,-4.052273501936195e-05,0.00020964960178102278,
fold-003,evaluation,dlinear,neural_mae,zero,3,1,11,2000,42,0.00018708166358328987,1.393113387829853e-05,0.0004501838078115785,
fold-003,evaluation,dlinear,neural_mae,parent,3,1,11,2000,42,-0.0009794047255746207,-0.0020901187303446803,-0.00012487843411607515,
fold-003,evaluation,dlinear,neural_mae,initial_policy,3,1,11,2000,42,-0.0010603706738104087,-0.0022998790395142446,-0.00010616721245240048,
fold-003,evaluation,dlinear,neural_mae,center,3,1,11,2000,42,-0.00010696242038166167,-0.00024292856529050131,6.786303973343561e-05,
fold-003,evaluation,dlinear,neural_mse,zero,3,1,11,2000,42,5.746271576314643e-05,1.4653192351479487e-06,0.0001654808354074927,
fold-003,evaluation,dlinear,neural_mse,parent,3,1,11,2000,42,-0.001109023673394764,-0.0023723235641371753,-0.00013529248507711613,
fold-003,evaluation,dlinear,neural_mse,initial_policy,3,1,11,2000,42,-0.0011899896216305522,-0.0025653730598705488,-0.00011234697176563221,
fold-003,evaluation,dlinear,neural_mse,center,3,1,11,2000,42,-0.00012326681877435563,-0.0002044310995627357,-5.560107787503808e-05,
fold-003,evaluation,dlinear,reference,zero,3,1,11,2000,42,0.0015155468994110953,0.0004290455154650352,0.0030577264420184615,
fold-003,evaluation,dlinear,reference_mae,zero,3,1,11,2000,42,0.0009609016472299145,0.0002241094023744711,0.0019474202998778054,
fold-003,evaluation,dlinear,reference_mae,parent,3,1,11,2000,42,-0.0005546452521811803,-0.0011640744156175351,-0.00014802375677584582,
fold-003,evaluation,dlinear,reference_mse,zero,3,1,11,2000,42,0.0013928533762912053,0.00035418692152790936,0.0028408888621099517,
fold-003,evaluation,dlinear,reference_mse,parent,3,1,11,2000,42,-0.00012269352311988953,-0.0002457966093913836,-2.112025728909242e-05,
fold-003,evaluation,dlinear,reinforce,zero,3,1,11,2000,42,0.0012474523373936985,0.00011779022984057635,0.002716235313587436,
fold-003,evaluation,dlinear,reinforce,parent,3,1,11,2000,42,8.09659482357881e-05,-4.052273501936195e-05,0.00020964960178102278,
fold-003,evaluation,dlinear,reinforce,initial_policy,3,1,11,2000,42,0.0,0.0,0.0,
fold-003,evaluation,dlinear,reinforce,center,3,1,11,2000,42,8.09659482357881e-05,-4.052273501936195e-05,0.00020964960178102278,
fold-003,evaluation,gru,expected,zero,3,1,11,2000,42,0.0009189900346825087,0.00031367849208448065,0.0016133244613694374,
fold-003,evaluation,gru,expected,parent,3,1,11,2000,42,0.00014097059981029301,-4.0268131928124256e-05,0.00028739639198058144,
fold-003,evaluation,gru,expected,initial_policy,3,1,11,2000,42,0.0,0.0,0.0,
fold-003,evaluation,gru,expected,center,3,1,11,2000,42,0.00014097059981029301,-4.0268131928124256e-05,0.00028739639198058144,
fold-003,evaluation,gru,klpo_exact,zero,3,1,11,2000,42,0.0009189900346825087,0.00031367849208448065,0.0016133244613694374,
fold-003,evaluation,gru,klpo_exact,parent,3,1,11,2000,42,0.00014097059981029301,-4.0268131928124256e-05,0.00028739639198058144,
fold-003,evaluation,gru,klpo_exact,initial_policy,3,1,11,2000,42,0.0,0.0,0.0,
fold-003,evaluation,gru,klpo_exact,center,3,1,11,2000,42,0.00014097059981029301,-4.0268131928124256e-05,0.00028739639198058144,
fold-003,evaluation,gru,klpo_full,zero,3,1,11,2000,42,0.0009189900346825087,0.00031367849208448065,0.0016133244613694374,
fold-003,evaluation,gru,klpo_full,parent,3,1,11,2000,42,0.00014097059981029301,-4.0268131928124256e-05,0.00028739639198058144,
fold-003,evaluation,gru,klpo_full,initial_policy,3,1,11,2000,42,0.0,0.0,0.0,
fold-003,evaluation,gru,klpo_full,center,3,1,11,2000,42,0.00014097059981029301,-4.0268131928124256e-05,0.00028739639198058144,
fold-003,evaluation,gru,klpo_mc,zero,3,1,11,2000,42,0.0009189900346825087,0.00031367849208448065,0.0016133244613694374,
fold-003,evaluation,gru,klpo_mc,parent,3,1,11,2000,42,0.00014097059981029301,-4.0268131928124256e-05,0.00028739639198058144,
fold-003,evaluation,gru,klpo_mc,initial_policy,3,1,11,2000,42,0.0,0.0,0.0,
fold-003,evaluation,gru,klpo_mc,center,3,1,11,2000,42,0.00014097059981029301,-4.0268131928124256e-05,0.00028739639198058144,
fold-003,evaluation,gru,mae,zero,3,1,11,2000,42,0.0009189900346825087,0.00031367849208448065,0.0016133244613694374,
fold-003,evaluation,gru,mae,parent,3,1,11,2000,42,0.00014097059981029301,-4.0268131928124256e-05,0.00028739639198058144,
fold-003,evaluation,gru,mae,initial_policy,3,1,11,2000,42,0.0,0.0,0.0,
fold-003,evaluation,gru,mae,center,3,1,11,2000,42,0.00014097059981029301,-4.0268131928124256e-05,0.00028739639198058144,
fold-003,evaluation,gru,neural_mae,zero,3,1,11,2000,42,7.495332667692028e-05,-1.7842526479423093e-05,0.00022820346530422588,
fold-003,evaluation,gru,neural_mae,parent,3,1,11,2000,42,-0.0007030661081952953,-0.001263990252120671,-0.00020469970774546933,
fold-003,evaluation,gru,neural_mae,initial_policy,3,1,11,2000,42,-0.0008440367080055883,-0.0014042068103291858,-0.00032432266461336417,
fold-003,evaluation,gru,neural_mae,center,3,1,11,2000,42,-5.508136019759641e-05,-0.00015347074596804906,9.323687975338695e-05,
fold-003,evaluation,gru,neural_mse,zero,3,1,11,2000,42,0.0001007227159665153,3.8821169277744816e-05,0.00018064263577233838,
fold-003,evaluation,gru,neural_mse,parent,3,1,11,2000,42,-0.0006772967189057004,-0.0013077829038922546,-0.00013282969509124926,
fold-003,evaluation,gru,neural_mse,initial_policy,3,1,11,2000,42,-0.0008182673187159934,-0.0014535946780499832,-0.00024699621570576,
fold-003,evaluation,gru,neural_mse,center,3,1,11,2000,42,-0.00016588681620401019,-0.00031150259024404544,-1.0584061566537471e-05,
fold-003,evaluation,gru,reference,zero,3,1,11,2000,42,0.0009283514314736067,0.0004066800901503948,0.0016437174694691721,
fold-003,evaluation,gru,reference_mae,zero,3,1,11,2000,42,0.0007952067500846409,0.00036958904427443473,0.0013218774406447784,
fold-003,evaluation,gru,reference_mae,parent,3,1,11,2000,42,-0.0001331446813889659,-0.0003531001172460023,-3.714208755536461e-06,
fold-003,evaluation,gru,reference_mse,zero,3,1,11,2000,42,0.000946881631929523,0.00042881308516651864,0.0016011432283909756,
fold-003,evaluation,gru,reference_mse,parent,3,1,11,2000,42,1.8530200455916257e-05,-0.00010736982168144266,0.00014354834177427526,
fold-003,evaluation,gru,reinforce,zero,3,1,11,2000,42,0.0009189900346825087,0.00031367849208448065,0.0016133244613694374,
fold-003,evaluation,gru,reinforce,parent,3,1,11,2000,42,0.00014097059981029301,-4.0268131928124256e-05,0.00028739639198058144,
fold-003,evaluation,gru,reinforce,initial_policy,3,1,11,2000,42,0.0,0.0,0.0,
fold-003,evaluation,gru,reinforce,center,3,1,11,2000,42,0.00014097059981029301,-4.0268131928124256e-05,0.00028739639198058144,
fold-003,evaluation,lstm,expected,zero,3,1,11,2000,42,0.0011568880260605177,0.0002522695798667767,0.0022590464562703334,
fold-003,evaluation,lstm,expected,parent,3,1,11,2000,42,0.00012049369565219724,-3.3483470216981843e-06,0.00024477788933282874,
fold-003,evaluation,lstm,expected,initial_policy,3,1,11,2000,42,6.794380746276782e-05,-9.892251320931315e-06,0.00014916411350611073,
fold-003,evaluation,lstm,expected,center,3,1,11,2000,42,5.7823488032050466e-05,-3.304731490191731e-05,0.0001349484234433633,
fold-003,evaluation,lstm,klpo_exact,zero,3,1,11,2000,42,0.0010889442185977498,0.00018634248482018545,0.0021978357206924055,
fold-003,evaluation,lstm,klpo_exact,parent,3,1,11,2000,42,5.254988818942942e-05,-9.500864146208329e-05,0.00019425393288029894,
fold-003,evaluation,lstm,klpo_exact,initial_policy,3,1,11,2000,42,0.0,0.0,0.0,
fold-003,evaluation,lstm,klpo_exact,center,3,1,11,2000,42,5.254988818942942e-05,-9.500864146208329e-05,0.00019425393288029894,
fold-003,evaluation,lstm,klpo_full,zero,3,1,11,2000,42,0.0010889442185977498,0.00018634248482018545,0.0021978357206924055,
fold-003,evaluation,lstm,klpo_full,parent,3,1,11,2000,42,5.254988818942942e-05,-9.500864146208329e-05,0.00019425393288029894,
fold-003,evaluation,lstm,klpo_full,initial_policy,3,1,11,2000,42,0.0,0.0,0.0,
fold-003,evaluation,lstm,klpo_full,center,3,1,11,2000,42,5.254988818942942e-05,-9.500864146208329e-05,0.00019425393288029894,
fold-003,evaluation,lstm,klpo_mc,zero,3,1,11,2000,42,0.0010889442185977498,0.00018634248482018545,0.0021978357206924055,
fold-003,evaluation,lstm,klpo_mc,parent,3,1,11,2000,42,5.254988818942942e-05,-9.500864146208329e-05,0.00019425393288029894,
fold-003,evaluation,lstm,klpo_mc,initial_policy,3,1,11,2000,42,0.0,0.0,0.0,
fold-003,evaluation,lstm,klpo_mc,center,3,1,11,2000,42,5.254988818942942e-05,-9.500864146208329e-05,0.00019425393288029894,
fold-003,evaluation,lstm,mae,zero,3,1,11,2000,42,0.0011882994307168741,0.0003293682325061152,0.0023094636931354972,
fold-003,evaluation,lstm,mae,parent,3,1,11,2000,42,0.00015190510030855376,8.62364699239168e-06,0.0002756710057271526,
fold-003,evaluation,lstm,mae,initial_policy,3,1,11,2000,42,9.935521211912434e-05,-0.00015060474146293612,0.0002905319232063332,
fold-003,evaluation,lstm,mae,center,3,1,11,2000,42,6.951646366023921e-05,-7.045803354996466e-06,0.00014692873544397376,
fold-003,evaluation,lstm,neural_mae,zero,3,1,11,2000,42,0.0003750126939760734,7.363694224521582e-05,0.0008500513473134446,
fold-003,evaluation,lstm,neural_mae,parent,3,1,11,2000,42,-0.000661381636432247,-0.0014120202977228376,-2.7763148783840122e-05,
fold-003,evaluation,lstm,neural_mae,initial_policy,3,1,11,2000,42,-0.0007139315246216765,-0.0014667052818071167,-8.63921147487062e-05,
fold-003,evaluation,lstm,neural_mae,center,3,1,11,2000,42,-2.010318342771589e-05,-0.00014247524550692063,0.00011979252210274326,
fold-003,evaluation,lstm,neural_mse,zero,3,1,11,2000,42,0.00023483196727150442,9.886496232598772e-05,0.0004365420081872343,
fold-003,evaluation,lstm,neural_mse,parent,3,1,11,2000,42,-0.0008015623631368161,-0.0018271077106052683,3.504992425076698e-05,
fold-003,evaluation,lstm,neural_mse,initial_policy,3,1,11,2000,42,-0.0008541122513262455,-0.0018613104689411246,5.476633567839922e-06,
fold-003,evaluation,lstm,neural_mse,center,3,1,11,2000,42,-4.159393240383671e-05,-0.0001325964712600974,2.870052201655107e-05,
fold-003,evaluation,lstm,reference,zero,3,1,11,2000,42,0.0008480096138668397,0.00024744313326822336,0.0015753342965482981,
fold-003,evaluation,lstm,reference_mae,zero,3,1,11,2000,42,0.0008832990353489698,0.0002269314527900517,0.001684088713947111,
fold-003,evaluation,lstm,reference_mae,parent,3,1,11,2000,42,3.5289421482130034e-05,-2.7669729658126405e-05,0.00010840885807951099,
fold-003,evaluation,lstm,reference_mse,zero,3,1,11,2000,42,0.0008480096138668397,0.00024744313326822336,0.0015753342965482981,
fold-003,evaluation,lstm,reference_mse,parent,3,1,11,2000,42,0.0,0.0,0.0,
fold-003,evaluation,lstm,reinforce,zero,3,1,11,2000,42,0.0011075474740268939,0.00019446363267057917,0.002193488283880929,
fold-003,evaluation,lstm,reinforce,parent,3,1,11,2000,42,7.115314361857342e-05,-9.959697928502032e-05,0.0002376482246357245,
fold-003,evaluation,lstm,reinforce,initial_policy,3,1,11,2000,42,1.860325542914399e-05,-2.97888645772504e-05,6.393204969781909e-05,
fold-003,evaluation,lstm,reinforce,center,3,1,11,2000,42,4.944939153645337e-05,-7.111340517507965e-05,0.00014863865282076748,
fold-003,evaluation,ridge,expected,zero,3,1,11,2000,42,0.04570688588068124,0.032850455313520883,0.054972855687621225,
fold-003,evaluation,ridge,expected,parent,3,1,11,2000,42,-0.060190676089360566,-0.09376892061920779,-0.03122416688606949,
fold-003,evaluation,ridge,expected,initial_policy,3,1,11,2000,42,-0.0031724153617003845,-0.005745844314621211,-0.0010015461671834748,
fold-003,evaluation,ridge,expected,center,3,1,11,2000,42,-0.03246495304988237,-0.05751634606117438,-0.011730268591889094,
fold-003,evaluation,ridge,klpo_exact,zero,3,1,11,2000,42,0.0013803838019197242,0.0009545960533458865,0.001776047652304292,
fold-003,evaluation,ridge,klpo_exact,parent,3,1,11,2000,42,-0.10451717816812209,-0.14465165197706747,-0.06586750004964274,
fold-003,evaluation,ridge,klpo_exact,initial_policy,3,1,11,2000,42,-0.047498917440461905,-0.054863276429456424,-0.03627712882940106,
fold-003,evaluation,ridge,klpo_exact,center,3,1,11,2000,42,9.640983460131904e-05,7.242136723207826e-05,0.00011942068558633163,
fold-003,evaluation,ridge,klpo_full,zero,3,1,11,2000,42,0.015667379670000193,0.008772886204357538,0.023125504698293255,
fold-003,evaluation,ridge,klpo_full,parent,3,1,11,2000,42,-0.0902301823000416,-0.12348163864824373,-0.05812631373664824,
fold-003,evaluation,ridge,klpo_full,initial_policy,3,1,11,2000,42,-0.03321192157238143,-0.039358141249379704,-0.025764724868328304,
fold-003,evaluation,ridge,klpo_full,center,3,1,11,2000,42,-0.00027391037865145317,-0.0006484809759935725,8.056479877846872e-06,
fold-003,evaluation,ridge,klpo_mc,zero,3,1,11,2000,42,0.015474967770926988,0.008598662036037156,0.022952534585916447,
fold-003,evaluation,ridge,klpo_mc,parent,3,1,11,2000,42,-0.0904225941991148,-0.1236276861790161,-0.058262311713626655,
fold-003,evaluation,ridge,klpo_mc,initial_policy,3,1,11,2000,42,-0.03340433347145464,-0.03957349184787818,-0.025908586035588755,
fold-003,evaluation,ridge,klpo_mc,center,3,1,11,2000,42,-0.0002840507632424199,-0.0006586721014643811,1.3549296354965633e-07,
fold-003,evaluation,ridge,mae,zero,3,1,11,2000,42,0.04465185431593742,0.031392089854775304,0.05430295124148869,
fold-003,evaluation,ridge,mae,parent,3,1,11,2000,42,-0.06124570765410439,-0.094205606787944,-0.03280858547569201,
fold-003,evaluation,ridge,mae,initial_policy,3,1,11,2000,42,-0.004227446926444205,-0.0073616758609615284,-0.0014277953428805292,
fold-003,evaluation,ridge,mae,center,3,1,11,2000,42,-0.02724423096757372,-0.0492711704142029,-0.009134917232751352,
fold-003,evaluation,ridge,reinforce,zero,3,1,11,2000,42,0.045840595898489794,0.03299480045642663,0.05518491916347379,
fold-003,evaluation,ridge,reinforce,parent,3,1,11,2000,42,-0.060056966071552004,-0.0936234819205105,-0.031227875935971355,
fold-003,evaluation,ridge,reinforce,initial_policy,3,1,11,2000,42,-0.003038705343891827,-0.005599747262100618,-0.0008553404978469105,
fold-003,evaluation,ridge,reinforce,center,3,1,11,2000,42,-0.033275083460354286,-0.058922718359626584,-0.011976717907885692,
fold-003,evaluation,ridge,ridge,zero,1,1,11,2000,42,0.10589756197004178,0.06684263695286284,0.14619230787499068,
fold-003,evaluation,rnn,expected,zero,3,1,11,2000,42,0.0011383937881973656,0.00023409861683533422,0.0022780358516065386,
fold-003,evaluation,rnn,expected,parent,3,1,11,2000,42,8.919927792098802e-05,-0.00010152207608912314,0.0002934008921739257,
fold-003,evaluation,rnn,expected,initial_policy,3,1,11,2000,42,0.0,0.0,0.0,
fold-003,evaluation,rnn,expected,center,3,1,11,2000,42,8.919927792098802e-05,-0.00010152207608912314,0.0002934008921739257,
fold-003,evaluation,rnn,klpo_exact,zero,3,1,11,2000,42,0.0011383937881973656,0.00023409861683533422,0.0022780358516065386,
fold-003,evaluation,rnn,klpo_exact,parent,3,1,11,2000,42,8.919927792098802e-05,-0.00010152207608912314,0.0002934008921739257,
fold-003,evaluation,rnn,klpo_exact,initial_policy,3,1,11,2000,42,0.0,0.0,0.0,
fold-003,evaluation,rnn,klpo_exact,center,3,1,11,2000,42,8.919927792098802e-05,-0.00010152207608912314,0.0002934008921739257,
fold-003,evaluation,rnn,klpo_full,zero,3,1,11,2000,42,0.0011383937881973656,0.00023409861683533422,0.0022780358516065386,
fold-003,evaluation,rnn,klpo_full,parent,3,1,11,2000,42,8.919927792098802e-05,-0.00010152207608912314,0.0002934008921739257,
fold-003,evaluation,rnn,klpo_full,initial_policy,3,1,11,2000,42,0.0,0.0,0.0,
fold-003,evaluation,rnn,klpo_full,center,3,1,11,2000,42,8.919927792098802e-05,-0.00010152207608912314,0.0002934008921739257,
fold-003,evaluation,rnn,klpo_mc,zero,3,1,11,2000,42,0.0011383937881973656,0.00023409861683533422,0.0022780358516065386,
fold-003,evaluation,rnn,klpo_mc,parent,3,1,11,2000,42,8.919927792098802e-05,-0.00010152207608912314,0.0002934008921739257,
fold-003,evaluation,rnn,klpo_mc,initial_policy,3,1,11,2000,42,0.0,0.0,0.0,
fold-003,evaluation,rnn,klpo_mc,center,3,1,11,2000,42,8.919927792098802e-05,-0.00010152207608912314,0.0002934008921739257,
fold-003,evaluation,rnn,mae,zero,3,1,11,2000,42,0.0011383937881973656,0.00023409861683533422,0.0022780358516065386,
fold-003,evaluation,rnn,mae,parent,3,1,11,2000,42,8.919927792098802e-05,-0.00010152207608912314,0.0002934008921739257,
fold-003,evaluation,rnn,mae,initial_policy,3,1,11,2000,42,0.0,0.0,0.0,
fold-003,evaluation,rnn,mae,center,3,1,11,2000,42,8.919927792098802e-05,-0.00010152207608912314,0.0002934008921739257,
fold-003,evaluation,rnn,neural_mae,zero,3,1,11,2000,42,1.5758002638690116e-05,1.747896715905118e-06,3.6574382176372444e-05,
fold-003,evaluation,rnn,neural_mae,parent,3,1,11,2000,42,-0.0010334365076376873,-0.002288637283302932,-6.759217817223845e-05,
fold-003,evaluation,rnn,neural_mae,initial_policy,3,1,11,2000,42,-0.0011226357855586755,-0.0022448646147862333,-0.00023102426392244008,
fold-003,evaluation,rnn,neural_mae,center,3,1,11,2000,42,-0.00018909186492552306,-0.00041827779144053506,5.359915636380611e-05,
fold-003,evaluation,rnn,neural_mse,zero,3,1,11,2000,42,1.4446682026308092e-05,6.190491080217234e-07,3.7093696319165466e-05,
fold-003,evaluation,rnn,neural_mse,parent,3,1,11,2000,42,-0.0010347478282500694,-0.002294554441873014,-6.671904443402118e-05,
fold-003,evaluation,rnn,neural_mse,initial_policy,3,1,11,2000,42,-0.0011239471061710573,-0.0022522349777536524,-0.0002275687993449684,
fold-003,evaluation,rnn,neural_mse,center,3,1,11,2000,42,-0.00011819819318760377,-0.0002976260763533735,7.40485206964345e-05,
fold-003,evaluation,rnn,reference,zero,3,1,11,2000,42,0.0009400214079440087,0.00026071910641006736,0.001748660466132316,
fold-003,evaluation,rnn,reference_mae,zero,3,1,11,2000,42,0.0006667751842392947,0.0001252608306499761,0.0012855486766409651,
fold-003,evaluation,rnn,reference_mae,parent,3,1,11,2000,42,-0.00027324622370471403,-0.0005193466822923529,-7.027428329161503e-05,
fold-003,evaluation,rnn,reference_mse,zero,3,1,11,2000,42,0.0009400214079440087,0.00026071910641006736,0.001748660466132316,
fold-003,evaluation,rnn,reference_mse,parent,3,1,11,2000,42,0.0,0.0,0.0,
fold-003,evaluation,rnn,reinforce,zero,3,1,11,2000,42,0.0011383937881973656,0.00023409861683533422,0.0022780358516065386,
fold-003,evaluation,rnn,reinforce,parent,3,1,11,2000,42,8.919927792098802e-05,-0.00010152207608912314,0.0002934008921739257,
fold-003,evaluation,rnn,reinforce,initial_policy,3,1,11,2000,42,0.0,0.0,0.0,
fold-003,evaluation,rnn,reinforce,center,3,1,11,2000,42,8.919927792098802e-05,-0.00010152207608912314,0.0002934008921739257,
fold-003,evaluation,xgboost,expected,zero,3,1,11,2000,42,1.0146803747195712e-05,-1.1959488670693656e-09,2.469974174471949e-05,
fold-003,evaluation,xgboost,expected,parent,3,1,11,2000,42,-0.00017109142375697738,-0.0003425338288641285,1.4415745739891392e-05,
fold-003,evaluation,xgboost,expected,initial_policy,3,1,11,2000,42,0.0,0.0,0.0,
fold-003,evaluation,xgboost,expected,center,3,1,11,2000,42,-0.00017109142375697738,-0.0003425338288641285,1.4415745739891392e-05,
fold-003,evaluation,xgboost,klpo_exact,zero,3,1,11,2000,42,1.0146803747195712e-05,-1.1959488670693656e-09,2.469974174471949e-05,
fold-003,evaluation,xgboost,klpo_exact,parent,3,1,11,2000,42,-0.00017109142375697738,-0.0003425338288641285,1.4415745739891392e-05,
fold-003,evaluation,xgboost,klpo_exact,initial_policy,3,1,11,2000,42,0.0,0.0,0.0,
fold-003,evaluation,xgboost,klpo_exact,center,3,1,11,2000,42,-0.00017109142375697738,-0.0003425338288641285,1.4415745739891392e-05,
fold-003,evaluation,xgboost,klpo_full,zero,3,1,11,2000,42,1.0146803747195712e-05,-1.1959488670693656e-09,2.469974174471949e-05,
fold-003,evaluation,xgboost,klpo_full,parent,3,1,11,2000,42,-0.00017109142375697738,-0.0003425338288641285,1.4415745739891392e-05,
fold-003,evaluation,xgboost,klpo_full,initial_policy,3,1,11,2000,42,0.0,0.0,0.0,
fold-003,evaluation,xgboost,klpo_full,center,3,1,11,2000,42,-0.00017109142375697738,-0.0003425338288641285,1.4415745739891392e-05,
fold-003,evaluation,xgboost,klpo_mc,zero,3,1,11,2000,42,1.0146803747195712e-05,-1.1959488670693656e-09,2.469974174471949e-05,
fold-003,evaluation,xgboost,klpo_mc,parent,3,1,11,2000,42,-0.00017109142375697738,-0.0003425338288641285,1.4415745739891392e-05,
fold-003,evaluation,xgboost,klpo_mc,initial_policy,3,1,11,2000,42,0.0,0.0,0.0,
fold-003,evaluation,xgboost,klpo_mc,center,3,1,11,2000,42,-0.00017109142375697738,-0.0003425338288641285,1.4415745739891392e-05,
fold-003,evaluation,xgboost,mae,zero,3,1,11,2000,42,1.0146803747195712e-05,-1.1959488670693656e-09,2.469974174471949e-05,
fold-003,evaluation,xgboost,mae,parent,3,1,11,2000,42,-0.00017109142375697738,-0.0003425338288641285,1.4415745739891392e-05,
fold-003,evaluation,xgboost,mae,initial_policy,3,1,11,2000,42,0.0,0.0,0.0,
fold-003,evaluation,xgboost,mae,center,3,1,11,2000,42,-0.00017109142375697738,-0.0003425338288641285,1.4415745739891392e-05,
fold-003,evaluation,xgboost,reinforce,zero,3,1,11,2000,42,1.0146803747195712e-05,-1.1959488670693656e-09,2.469974174471949e-05,
fold-003,evaluation,xgboost,reinforce,parent,3,1,11,2000,42,-0.00017109142375697738,-0.0003425338288641285,1.4415745739891392e-05,
fold-003,evaluation,xgboost,reinforce,initial_policy,3,1,11,2000,42,0.0,0.0,0.0,
fold-003,evaluation,xgboost,reinforce,center,3,1,11,2000,42,-0.00017109142375697738,-0.0003425338288641285,1.4415745739891392e-05,
fold-003,evaluation,xgboost,xgboost,zero,3,1,11,2000,42,0.0001812382275041731,-1.2369143630136562e-05,0.00035831467300697934,
fold-003,evaluation,dlinear,expected,zero,3,5,11,2000,42,0.0012474523373936985,0.00010922800789941365,0.0017688493757236003,
fold-003,evaluation,dlinear,expected,parent,3,5,11,2000,42,8.09659482357881e-05,-2.2702769905436666e-05,0.00015826809958887887,
fold-003,evaluation,dlinear,expected,initial_policy,3,5,11,2000,42,0.0,0.0,0.0,
fold-003,evaluation,dlinear,expected,center,3,5,11,2000,42,8.09659482357881e-05,-2.2702769905436666e-05,0.00015826809958887887,
fold-003,evaluation,dlinear,klpo_exact,zero,3,5,11,2000,42,0.0012474523373936985,0.00010922800789941365,0.0017688493757236003,
fold-003,evaluation,dlinear,klpo_exact,parent,3,5,11,2000,42,8.09659482357881e-05,-2.2702769905436666e-05,0.00015826809958887887,
fold-003,evaluation,dlinear,klpo_exact,initial_policy,3,5,11,2000,42,0.0,0.0,0.0,
fold-003,evaluation,dlinear,klpo_exact,center,3,5,11,2000,42,8.09659482357881e-05,-2.2702769905436666e-05,0.00015826809958887887,
fold-003,evaluation,dlinear,klpo_full,zero,3,5,11,2000,42,0.0012474523373936985,0.00010922800789941365,0.0017688493757236003,
fold-003,evaluation,dlinear,klpo_full,parent,3,5,11,2000,42,8.09659482357881e-05,-2.2702769905436666e-05,0.00015826809958887887,
fold-003,evaluation,dlinear,klpo_full,initial_policy,3,5,11,2000,42,0.0,0.0,0.0,
fold-003,evaluation,dlinear,klpo_full,center,3,5,11,2000,42,8.09659482357881e-05,-2.2702769905436666e-05,0.00015826809958887887,
fold-003,evaluation,dlinear,klpo_mc,zero,3,5,11,2000,42,0.0012474523373936985,0.00010922800789941365,0.0017688493757236003,
fold-003,evaluation,dlinear,klpo_mc,parent,3,5,11,2000,42,8.09659482357881e-05,-2.2702769905436666e-05,0.00015826809958887887,
fold-003,evaluation,dlinear,klpo_mc,initial_policy,3,5,11,2000,42,0.0,0.0,0.0,
fold-003,evaluation,dlinear,klpo_mc,center,3,5,11,2000,42,8.09659482357881e-05,-2.2702769905436666e-05,0.00015826809958887887,
fold-003,evaluation,dlinear,mae,zero,3,5,11,2000,42,0.0012474523373936985,0.00010922800789941365,0.0017688493757236003,
fold-003,evaluation,dlinear,mae,parent,3,5,11,2000,42,8.09659482357881e-05,-2.2702769905436666e-05,0.00015826809958887887,
fold-003,evaluation,dlinear,mae,initial_policy,3,5,11,2000,42,0.0,0.0,0.0,
fold-003,evaluation,dlinear,mae,center,3,5,11,2000,42,8.09659482357881e-05,-2.2702769905436666e-05,0.00015826809958887887,
fold-003,evaluation,dlinear,neural_mae,zero,3,5,11,2000,42,0.00018708166358328987,6.920665204488779e-06,0.00028036791151111936,
fold-003,evaluation,dlinear,neural_mae,parent,3,5,11,2000,42,-0.0009794047255746207,-0.0013601730928609922,-0.00010206081838439035,
fold-003,evaluation,dlinear,neural_mae,initial_policy,3,5,11,2000,42,-0.0010603706738104087,-0.0015252464831557165,-9.701668538569008e-05,
fold-003,evaluation,dlinear,neural_mae,center,3,5,11,2000,42,-0.00010696242038166167,-0.00017810086955813084,4.149188552760695e-06,
fold-003,evaluation,dlinear,neural_mse,zero,3,5,11,2000,42,5.746271576314643e-05,1.0576268722242836e-06,0.00011105476253248423,
fold-003,evaluation,dlinear,neural_mse,parent,3,5,11,2000,42,-0.001109023673394764,-0.0015491208694795363,-0.00011087993283172675,
fold-003,evaluation,dlinear,neural_mse,initial_policy,3,5,11,2000,42,-0.0011899896216305522,-0.0017141942597742605,-0.000104030615548568,
fold-003,evaluation,dlinear,neural_mse,center,3,5,11,2000,42,-0.00012326681877435563,-0.00015340990750258243,-6.24987502885696e-05,
fold-003,evaluation,dlinear,reference,zero,3,5,11,2000,42,0.0015155468994110953,0.0005422353464290463,0.0021271120520849787,
fold-003,evaluation,dlinear,reference_mae,zero,3,5,11,2000,42,0.0009609016472299145,0.0002787005123694129,0.001397800219765265,
fold-003,evaluation,dlinear,reference_mae,parent,3,5,11,2000,42,-0.0005546452521811803,-0.0007864786222305059,-0.00024130687949409953,
fold-003,evaluation,dlinear,reference_mse,zero,3,5,11,2000,42,0.0013928533762912053,0.0004658733896143921,0.0019961321563129767,
fold-003,evaluation,dlinear,reference_mse,parent,3,5,11,2000,42,-0.00012269352311988953,-0.00016538668395983306,-5.2563050735403513e-05,
fold-003,evaluation,dlinear,reinforce,zero,3,5,11,2000,42,0.0012474523373936985,0.00010922800789941365,0.0017688493757236003,
fold-003,evaluation,dlinear,reinforce,parent,3,5,11,2000,42,8.09659482357881e-05,-2.2702769905436666e-05,0.00015826809958887887,
fold-003,evaluation,dlinear,reinforce,initial_policy,3,5,11,2000,42,0.0,0.0,0.0,
fold-003,evaluation,dlinear,reinforce,center,3,5,11,2000,42,8.09659482357881e-05,-2.2702769905436666e-05,0.00015826809958887887,
fold-003,evaluation,gru,expected,zero,3,5,11,2000,42,0.0009189900346825087,0.0005245876986884116,0.0012615409808293056,
fold-003,evaluation,gru,expected,parent,3,5,11,2000,42,0.00014097059981029301,4.5273263891140004e-05,0.00022142294866667978,
fold-003,evaluation,gru,expected,initial_policy,3,5,11,2000,42,0.0,0.0,0.0,
fold-003,evaluation,gru,expected,center,3,5,11,2000,42,0.00014097059981029301,4.5273263891140004e-05,0.00022142294866667978,
fold-003,evaluation,gru,klpo_exact,zero,3,5,11,2000,42,0.0009189900346825087,0.0005245876986884116,0.0012615409808293056,
fold-003,evaluation,gru,klpo_exact,parent,3,5,11,2000,42,0.00014097059981029301,4.5273263891140004e-05,0.00022142294866667978,
fold-003,evaluation,gru,klpo_exact,initial_policy,3,5,11,2000,42,0.0,0.0,0.0,
fold-003,evaluation,gru,klpo_exact,center,3,5,11,2000,42,0.00014097059981029301,4.5273263891140004e-05,0.00022142294866667978,
fold-003,evaluation,gru,klpo_full,zero,3,5,11,2000,42,0.0009189900346825087,0.0005245876986884116,0.0012615409808293056,
fold-003,evaluation,gru,klpo_full,parent,3,5,11,2000,42,0.00014097059981029301,4.5273263891140004e-05,0.00022142294866667978,
fold-003,evaluation,gru,klpo_full,initial_policy,3,5,11,2000,42,0.0,0.0,0.0,
fold-003,evaluation,gru,klpo_full,center,3,5,11,2000,42,0.00014097059981029301,4.5273263891140004e-05,0.00022142294866667978,
fold-003,evaluation,gru,klpo_mc,zero,3,5,11,2000,42,0.0009189900346825087,0.0005245876986884116,0.0012615409808293056,
fold-003,evaluation,gru,klpo_mc,parent,3,5,11,2000,42,0.00014097059981029301,4.5273263891140004e-05,0.00022142294866667978,
fold-003,evaluation,gru,klpo_mc,initial_policy,3,5,11,2000,42,0.0,0.0,0.0,
fold-003,evaluation,gru,klpo_mc,center,3,5,11,2000,42,0.00014097059981029301,4.5273263891140004e-05,0.00022142294866667978,
fold-003,evaluation,gru,mae,zero,3,5,11,2000,42,0.0009189900346825087,0.0005245876986884116,0.0012615409808293056,
fold-003,evaluation,gru,mae,parent,3,5,11,2000,42,0.00014097059981029301,4.5273263891140004e-05,0.00022142294866667978,
fold-003,evaluation,gru,mae,initial_policy,3,5,11,2000,42,0.0,0.0,0.0,
fold-003,evaluation,gru,mae,center,3,5,11,2000,42,0.00014097059981029301,4.5273263891140004e-05,0.00022142294866667978,
fold-003,evaluation,gru,neural_mae,zero,3,5,11,2000,42,7.495332667692028e-05,-1.0855822597591013e-05,0.0001444836806646426,
fold-003,evaluation,gru,neural_mae,parent,3,5,11,2000,42,-0.0007030661081952953,-0.0010426668993380101,-0.000322740795105828,
fold-003,evaluation,gru,neural_mae,initial_policy,3,5,11,2000,42,-0.0008440367080055883,-0.0011720907404806538,-0.0005354435212860026,
fold-003,evaluation,gru,neural_mae,center,3,5,11,2000,42,-5.508136019759641e-05,-0.00016307952334504406,4.970358212162417e-05,
fold-003,evaluation,gru,neural_mse,zero,3,5,11,2000,42,0.0001007227159665153,4.8638884509439966e-05,0.00012648905693779254,
fold-003,evaluation,gru,neural_mse,parent,3,5,11,2000,42,-0.0006772967189057004,-0.0010177399880648337,-0.000263246087998797,
fold-003,evaluation,gru,neural_mse,initial_policy,3,5,11,2000,42,-0.0008182673187159934,-0.0011381432667296298,-0.000483628183755328,
fold-003,evaluation,gru,neural_mse,center,3,5,11,2000,42,-0.00016588681620401019,-0.0002962220349103011,-2.123686692001139e-05,
fold-003,evaluation,gru,reference,zero,3,5,11,2000,42,0.0009283514314736067,0.00040046987472574093,0.0012521856390927137,
fold-003,evaluation,gru,reference_mae,zero,3,5,11,2000,42,0.0007952067500846409,0.00038986522624652985,0.001060208542811376,
fold-003,evaluation,gru,reference_mae,parent,3,5,11,2000,42,-0.0001331446813889659,-0.00022558904841520872,-6.036527792201041e-07,
fold-003,evaluation,gru,reference_mse,zero,3,5,11,2000,42,0.000946881631929523,0.0004894404894345049,0.0012618518967950894,
fold-003,evaluation,gru,reference_mse,parent,3,5,11,2000,42,1.8530200455916257e-05,-3.3726170544579444e-05,0.00017254655937491624,
fold-003,evaluation,gru,reinforce,zero,3,5,11,2000,42,0.0009189900346825087,0.0005245876986884116,0.0012615409808293056,
fold-003,evaluation,gru,reinforce,parent,3,5,11,2000,42,0.00014097059981029301,4.5273263891140004e-05,0.00022142294866667978,
fold-003,evaluation,gru,reinforce,initial_policy,3,5,11,2000,42,0.0,0.0,0.0,
fold-003,evaluation,gru,reinforce,center,3,5,11,2000,42,0.00014097059981029301,4.5273263891140004e-05,0.00022142294866667978,
fold-003,evaluation,lstm,expected,zero,3,5,11,2000,42,0.0011568880260605177,0.00014444950296569063,0.0017222986039340628,
fold-003,evaluation,lstm,expected,parent,3,5,11,2000,42,0.00012049369565219724,1.0664296258858711e-05,0.00017550171620705885,
fold-003,evaluation,lstm,expected,initial_policy,3,5,11,2000,42,6.794380746276782e-05,1.6673509608456163e-05,0.00010264540051668106,
fold-003,evaluation,lstm,expected,center,3,5,11,2000,42,5.7823488032050466e-05,7.07690394143634e-06,7.305860325928319e-05,
fold-003,evaluation,lstm,klpo_exact,zero,3,5,11,2000,42,0.0010889442185977498,5.128391074151864e-05,0.0016755314109812862,
fold-003,evaluation,lstm,klpo_exact,parent,3,5,11,2000,42,5.254988818942942e-05,-3.9792364563067215e-05,9.409266145573284e-05,
fold-003,evaluation,lstm,klpo_exact,initial_policy,3,5,11,2000,42,0.0,0.0,0.0,
fold-003,evaluation,lstm,klpo_exact,center,3,5,11,2000,42,5.254988818942942e-05,-3.9792364563067215e-05,9.409266145573284e-05,
fold-003,evaluation,lstm,klpo_full,zero,3,5,11,2000,42,0.0010889442185977498,5.128391074151864e-05,0.0016755314109812862,
fold-003,evaluation,lstm,klpo_full,parent,3,5,11,2000,42,5.254988818942942e-05,-3.9792364563067215e-05,9.409266145573284e-05,
fold-003,evaluation,lstm,klpo_full,initial_policy,3,5,11,2000,42,0.0,0.0,0.0,
fold-003,evaluation,lstm,klpo_full,center,3,5,11,2000,42,5.254988818942942e-05,-3.9792364563067215e-05,9.409266145573284e-05,
fold-003,evaluation,lstm,klpo_mc,zero,3,5,11,2000,42,0.0010889442185977498,5.128391074151864e-05,0.0016755314109812862,
fold-003,evaluation,lstm,klpo_mc,parent,3,5,11,2000,42,5.254988818942942e-05,-3.9792364563067215e-05,9.409266145573284e-05,
fold-003,evaluation,lstm,klpo_mc,initial_policy,3,5,11,2000,42,0.0,0.0,0.0,
fold-003,evaluation,lstm,klpo_mc,center,3,5,11,2000,42,5.254988818942942e-05,-3.9792364563067215e-05,9.409266145573284e-05,
fold-003,evaluation,lstm,mae,zero,3,5,11,2000,42,0.0011882994307168741,0.00024062233961245463,0.001795768874842435,
fold-003,evaluation,lstm,mae,parent,3,5,11,2000,42,0.00015190510030855376,9.073826092515782e-05,0.00023116702815907238,
fold-003,evaluation,lstm,mae,initial_policy,3,5,11,2000,42,9.935521211912434e-05,-7.502429387778324e-06,0.00023768292364982404,
fold-003,evaluation,lstm,mae,center,3,5,11,2000,42,6.951646366023921e-05,2.1922179418882984e-05,8.692144873072863e-05,
fold-003,evaluation,lstm,neural_mae,zero,3,5,11,2000,42,0.0003750126939760734,3.7073011469469474e-05,0.0006431891182029625,
fold-003,evaluation,lstm,neural_mae,parent,3,5,11,2000,42,-0.000661381636432247,-0.0010672755239857909,1.0577790494384214e-05,
fold-003,evaluation,lstm,neural_mae,initial_policy,3,5,11,2000,42,-0.0007139315246216765,-0.0010865388788643842,-7.772387336967853e-06,
fold-003,evaluation,lstm,neural_mae,center,3,5,11,2000,42,-2.010318342771589e-05,-4.9099582396884786e-05,0.00010862630335122379,
fold-003,evaluation,lstm,neural_mse,zero,3,5,11,2000,42,0.00023483196727150442,0.00011639928218870674,0.0003580997970138085,
fold-003,evaluation,lstm,neural_mse,parent,3,5,11,2000,42,-0.0008015623631368161,-0.0013338904684916518,0.00010378439989048617,
fold-003,evaluation,lstm,neural_mse,initial_policy,3,5,11,2000,42,-0.0008541122513262455,-0.0013531538233702454,8.348197137069218e-05,
fold-003,evaluation,lstm,neural_mse,center,3,5,11,2000,42,-4.159393240383671e-05,-8.981264340801644e-05,-2.9502410193976066e-06,
fold-003,evaluation,lstm,reference,zero,3,5,11,2000,42,0.0008480096138668397,0.00014954769309238953,0.001304206127706117,
fold-003,evaluation,lstm,reference_mae,zero,3,5,11,2000,42,0.0008832990353489698,0.00012020924393831374,0.0013808547418976702,
fold-003,evaluation,lstm,reference_mae,parent,3,5,11,2000,42,3.5289421482130034e-05,-2.4973431381140193e-05,7.620316464997728e-05,
fold-003,evaluation,lstm,reference_mse,zero,3,5,11,2000,42,0.0008480096138668397,0.00014954769309238953,0.001304206127706117,
fold-003,evaluation,lstm,reference_mse,parent,3,5,11,2000,42,0.0,0.0,0.0,
fold-003,evaluation,lstm,reinforce,zero,3,5,11,2000,42,0.0011075474740268939,5.4300881251356006e-05,0.0016687327496669989,
fold-003,evaluation,lstm,reinforce,parent,3,5,11,2000,42,7.115314361857342e-05,-5.459176738526576e-05,0.00011354918549333412,
fold-003,evaluation,lstm,reinforce,initial_policy,3,5,11,2000,42,1.860325542914399e-05,-1.95783103448452e-05,2.4741618808535506e-05,
fold-003,evaluation,lstm,reinforce,center,3,5,11,2000,42,4.944939153645337e-05,-2.997969962727063e-05,7.045503029374846e-05,
fold-003,evaluation,ridge,expected,zero,3,5,11,2000,42,0.04570688588068124,0.039686710836693576,0.05141551565419208,
fold-003,evaluation,ridge,expected,parent,3,5,11,2000,42,-0.060190676089360566,-0.07208526123300647,-0.03642483495909834,
fold-003,evaluation,ridge,expected,initial_policy,3,5,11,2000,42,-0.0031724153617003845,-0.004296852690231189,-0.001925980065069176,
fold-003,evaluation,ridge,expected,center,3,5,11,2000,42,-0.03246495304988237,-0.04077299938478071,-0.0143627318434788,
fold-003,evaluation,ridge,klpo_exact,zero,3,5,11,2000,42,0.0013803838019197242,0.0009299485889103443,0.001578102941886315,
fold-003,evaluation,ridge,klpo_exact,parent,3,5,11,2000,42,-0.10451717816812209,-0.12108464461227625,-0.07669887350817073,
fold-003,evaluation,ridge,klpo_exact,initial_policy,3,5,11,2000,42,-0.047498917440461905,-0.05264175893083723,-0.04217738786750139,
fold-003,evaluation,ridge,klpo_exact,center,3,5,11,2000,42,9.640983460131904e-05,7.045248158634835e-05,9.879381268844017e-05,
fold-003,evaluation,ridge,klpo_full,zero,3,5,11,2000,42,0.015667379670000193,0.009875930885567942,0.018727561403190766,
fold-003,evaluation,ridge,klpo_full,parent,3,5,11,2000,42,-0.0902301823000416,-0.10403999013447413,-0.06749949778820682,
fold-003,evaluation,ridge,klpo_full,initial_policy,3,5,11,2000,42,-0.03321192157238143,-0.04086815707930564,-0.0316147617158306,
fold-003,evaluation,ridge,klpo_full,center,3,5,11,2000,42,-0.00027391037865145317,-0.0004020806622608097,-2.9655512746382928e-06,
fold-003,evaluation,ridge,klpo_mc,zero,3,5,11,2000,42,0.015474967770926988,0.009694589861923824,0.018523718917853232,
fold-003,evaluation,ridge,klpo_mc,parent,3,5,11,2000,42,-0.0904225941991148,-0.10423994505710646,-0.06770141028649228,
fold-003,evaluation,ridge,klpo_mc,initial_policy,3,5,11,2000,42,-0.03340433347145464,-0.041087100369486505,-0.031753537340287054,
fold-003,evaluation,ridge,klpo_mc,center,3,5,11,2000,42,-0.0002840507632424199,-0.00040761742900596263,-1.6109175529427427e-05,
fold-003,evaluation,ridge,mae,zero,3,5,11,2000,42,0.04465185431593742,0.038557305414892655,0.05020452141788968,
fold-003,evaluation,ridge,mae,parent,3,5,11,2000,42,-0.06124570765410439,-0.07321284708195626,-0.037530196011162614,
fold-003,evaluation,ridge,mae,initial_policy,3,5,11,2000,42,-0.004227446926444205,-0.0059796047577805695,-0.0030030151486071127,
fold-003,evaluation,ridge,mae,center,3,5,11,2000,42,-0.02724423096757372,-0.03474327107201593,-0.010865093562268635,
fold-003,evaluation,ridge,reinforce,zero,3,5,11,2000,42,0.045840595898489794,0.03982264623720514,0.05152283762855592,
fold-003,evaluation,ridge,reinforce,parent,3,5,11,2000,42,-0.060056966071552004,-0.07196840175201524,-0.036288147040176785,
fold-003,evaluation,ridge,reinforce,initial_policy,3,5,11,2000,42,-0.003038705343891827,-0.0040636436614354616,-0.0016917254223009347,
fold-003,evaluation,ridge,reinforce,center,3,5,11,2000,42,-0.033275083460354286,-0.04169971032054164,-0.01485837318865659,
fold-003,evaluation,ridge,ridge,zero,1,5,11,2000,42,0.10589756197004178,0.07784526629709342,0.12263401023673945,
fold-003,evaluation,rnn,expected,zero,3,5,11,2000,42,0.0011383937881973656,0.00017092770515679043,0.0016954323504369193,
fold-003,evaluation,rnn,expected,parent,3,5,11,2000,42,8.919927792098802e-05,-3.942019777478148e-05,0.0001990777677148688,
fold-003,evaluation,rnn,expected,initial_policy,3,5,11,2000,42,0.0,0.0,0.0,
fold-003,evaluation,rnn,expected,center,3,5,11,2000,42,8.919927792098802e-05,-3.942019777478148e-05,0.0001990777677148688,
fold-003,evaluation,rnn,klpo_exact,zero,3,5,11,2000,42,0.0011383937881973656,0.00017092770515679043,0.0016954323504369193,
fold-003,evaluation,rnn,klpo_exact,parent,3,5,11,2000,42,8.919927792098802e-05,-3.942019777478148e-05,0.0001990777677148688,
fold-003,evaluation,rnn,klpo_exact,initial_policy,3,5,11,2000,42,0.0,0.0,0.0,
fold-003,evaluation,rnn,klpo_exact,center,3,5,11,2000,42,8.919927792098802e-05,-3.942019777478148e-05,0.0001990777677148688,
fold-003,evaluation,rnn,klpo_full,zero,3,5,11,2000,42,0.0011383937881973656,0.00017092770515679043,0.0016954323504369193,
fold-003,evaluation,rnn,klpo_full,parent,3,5,11,2000,42,8.919927792098802e-05,-3.942019777478148e-05,0.0001990777677148688,
fold-003,evaluation,rnn,klpo_full,initial_policy,3,5,11,2000,42,0.0,0.0,0.0,
fold-003,evaluation,rnn,klpo_full,center,3,5,11,2000,42,8.919927792098802e-05,-3.942019777478148e-05,0.0001990777677148688,
fold-003,evaluation,rnn,klpo_mc,zero,3,5,11,2000,42,0.0011383937881973656,0.00017092770515679043,0.0016954323504369193,
fold-003,evaluation,rnn,klpo_mc,parent,3,5,11,2000,42,8.919927792098802e-05,-3.942019777478148e-05,0.0001990777677148688,
fold-003,evaluation,rnn,klpo_mc,initial_policy,3,5,11,2000,42,0.0,0.0,0.0,
fold-003,evaluation,rnn,klpo_mc,center,3,5,11,2000,42,8.919927792098802e-05,-3.942019777478148e-05,0.0001990777677148688,
fold-003,evaluation,rnn,mae,zero,3,5,11,2000,42,0.0011383937881973656,0.00017092770515679043,0.0016954323504369193,
fold-003,evaluation,rnn,mae,parent,3,5,11,2000,42,8.919927792098802e-05,-3.942019777478148e-05,0.0001990777677148688,
fold-003,evaluation,rnn,mae,initial_policy,3,5,11,2000,42,0.0,0.0,0.0,
fold-003,evaluation,rnn,mae,center,3,5,11,2000,42,8.919927792098802e-05,-3.942019777478148e-05,0.0001990777677148688,
fold-003,evaluation,rnn,neural_mae,zero,3,5,11,2000,42,1.5758002638690116e-05,2.9401471980055658e-06,2.5789348851302822e-05,
fold-003,evaluation,rnn,neural_mae,parent,3,5,11,2000,42,-0.0010334365076376873,-0.001634596550487336,-3.1814133484371076e-05,
fold-003,evaluation,rnn,neural_mae,initial_policy,3,5,11,2000,42,-0.0011226357855586755,-0.0016698238122645854,-0.00016908140354074288,
fold-003,evaluation,rnn,neural_mae,center,3,5,11,2000,42,-0.00018909186492552306,-0.00029889814079802956,3.990749192703147e-05,
fold-003,evaluation,rnn,neural_mse,zero,3,5,11,2000,42,1.4446682026308092e-05,3.616654091859279e-06,2.4710341761136663e-05,
fold-003,evaluation,rnn,neural_mse,parent,3,5,11,2000,42,-0.0010347478282500694,-0.0016449360027977105,-3.0147619518964308e-05,
fold-003,evaluation,rnn,neural_mse,initial_policy,3,5,11,2000,42,-0.0011239471061710573,-0.0016801632645749602,-0.00016585190458987442,
fold-003,evaluation,rnn,neural_mse,center,3,5,11,2000,42,-0.00011819819318760377,-0.0002146814128636855,3.747922544031018e-05,
fold-003,evaluation,rnn,reference,zero,3,5,11,2000,42,0.0009400214079440087,0.00039968827125099626,0.001415679727099203,
fold-003,evaluation,rnn,reference_mae,zero,3,5,11,2000,42,0.0006667751842392947,0.0001835866753365535,0.0010679215136846052,
fold-003,evaluation,rnn,reference_mae,parent,3,5,11,2000,42,-0.00027324622370471403,-0.00039034271718707547,-0.00017684654829326063,
fold-003,evaluation,rnn,reference_mse,zero,3,5,11,2000,42,0.0009400214079440087,0.00039968827125099626,0.001415679727099203,
fold-003,evaluation,rnn,reference_mse,parent,3,5,11,2000,42,0.0,0.0,0.0,
fold-003,evaluation,rnn,reinforce,zero,3,5,11,2000,42,0.0011383937881973656,0.00017092770515679043,0.0016954323504369193,
fold-003,evaluation,rnn,reinforce,parent,3,5,11,2000,42,8.919927792098802e-05,-3.942019777478148e-05,0.0001990777677148688,
fold-003,evaluation,rnn,reinforce,initial_policy,3,5,11,2000,42,0.0,0.0,0.0,
fold-003,evaluation,rnn,reinforce,center,3,5,11,2000,42,8.919927792098802e-05,-3.942019777478148e-05,0.0001990777677148688,
fold-003,evaluation,xgboost,expected,zero,3,5,11,2000,42,1.0146803747195712e-05,3.523103394553561e-06,1.749502967798177e-05,
fold-003,evaluation,xgboost,expected,parent,3,5,11,2000,42,-0.00017109142375697738,-0.0003013042966489512,3.681216614138508e-05,
fold-003,evaluation,xgboost,expected,initial_policy,3,5,11,2000,42,0.0,0.0,0.0,
fold-003,evaluation,xgboost,expected,center,3,5,11,2000,42,-0.00017109142375697738,-0.0003013042966489512,3.681216614138508e-05,
fold-003,evaluation,xgboost,klpo_exact,zero,3,5,11,2000,42,1.0146803747195712e-05,3.523103394553561e-06,1.749502967798177e-05,
fold-003,evaluation,xgboost,klpo_exact,parent,3,5,11,2000,42,-0.00017109142375697738,-0.0003013042966489512,3.681216614138508e-05,
fold-003,evaluation,xgboost,klpo_exact,initial_policy,3,5,11,2000,42,0.0,0.0,0.0,
fold-003,evaluation,xgboost,klpo_exact,center,3,5,11,2000,42,-0.00017109142375697738,-0.0003013042966489512,3.681216614138508e-05,
fold-003,evaluation,xgboost,klpo_full,zero,3,5,11,2000,42,1.0146803747195712e-05,3.523103394553561e-06,1.749502967798177e-05,
fold-003,evaluation,xgboost,klpo_full,parent,3,5,11,2000,42,-0.00017109142375697738,-0.0003013042966489512,3.681216614138508e-05,
fold-003,evaluation,xgboost,klpo_full,initial_policy,3,5,11,2000,42,0.0,0.0,0.0,
fold-003,evaluation,xgboost,klpo_full,center,3,5,11,2000,42,-0.00017109142375697738,-0.0003013042966489512,3.681216614138508e-05,
fold-003,evaluation,xgboost,klpo_mc,zero,3,5,11,2000,42,1.0146803747195712e-05,3.523103394553561e-06,1.749502967798177e-05,
fold-003,evaluation,xgboost,klpo_mc,parent,3,5,11,2000,42,-0.00017109142375697738,-0.0003013042966489512,3.681216614138508e-05,
fold-003,evaluation,xgboost,klpo_mc,initial_policy,3,5,11,2000,42,0.0,0.0,0.0,
fold-003,evaluation,xgboost,klpo_mc,center,3,5,11,2000,42,-0.00017109142375697738,-0.0003013042966489512,3.681216614138508e-05,
fold-003,evaluation,xgboost,mae,zero,3,5,11,2000,42,1.0146803747195712e-05,3.523103394553561e-06,1.749502967798177e-05,
fold-003,evaluation,xgboost,mae,parent,3,5,11,2000,42,-0.00017109142375697738,-0.0003013042966489512,3.681216614138508e-05,
fold-003,evaluation,xgboost,mae,initial_policy,3,5,11,2000,42,0.0,0.0,0.0,
fold-003,evaluation,xgboost,mae,center,3,5,11,2000,42,-0.00017109142375697738,-0.0003013042966489512,3.681216614138508e-05,
fold-003,evaluation,xgboost,reinforce,zero,3,5,11,2000,42,1.0146803747195712e-05,3.523103394553561e-06,1.749502967798177e-05,
fold-003,evaluation,xgboost,reinforce,parent,3,5,11,2000,42,-0.00017109142375697738,-0.0003013042966489512,3.681216614138508e-05,
fold-003,evaluation,xgboost,reinforce,initial_policy,3,5,11,2000,42,0.0,0.0,0.0,
fold-003,evaluation,xgboost,reinforce,center,3,5,11,2000,42,-0.00017109142375697738,-0.0003013042966489512,3.681216614138508e-05,
fold-003,evaluation,xgboost,xgboost,zero,3,5,11,2000,42,0.0001812382275041731,-3.1119334599200206e-05,0.0003189148471043453,
fold-003,evaluation,dlinear,expected,zero,3,10,11,2000,42,0.0012474523373936985,0.0006285863755914954,0.0018770693049847424,
fold-003,evaluation,dlinear,expected,parent,3,10,11,2000,42,8.09659482357881e-05,3.527578254209727e-05,0.00013526241225376393,
fold-003,evaluation,dlinear,expected,initial_policy,3,10,11,2000,42,0.0,0.0,0.0,
fold-003,evaluation,dlinear,expected,center,3,10,11,2000,42,8.09659482357881e-05,3.527578254209727e-05,0.00013526241225376393,
fold-003,evaluation,dlinear,klpo_exact,zero,3,10,11,2000,42,0.0012474523373936985,0.0006285863755914954,0.0018770693049847424,
fold-003,evaluation,dlinear,klpo_exact,parent,3,10,11,2000,42,8.09659482357881e-05,3.527578254209727e-05,0.00013526241225376393,
fold-003,evaluation,dlinear,klpo_exact,initial_policy,3,10,11,2000,42,0.0,0.0,0.0,
fold-003,evaluation,dlinear,klpo_exact,center,3,10,11,2000,42,8.09659482357881e-05,3.527578254209727e-05,0.00013526241225376393,
fold-003,evaluation,dlinear,klpo_full,zero,3,10,11,2000,42,0.0012474523373936985,0.0006285863755914954,0.0018770693049847424,
fold-003,evaluation,dlinear,klpo_full,parent,3,10,11,2000,42,8.09659482357881e-05,3.527578254209727e-05,0.00013526241225376393,
fold-003,evaluation,dlinear,klpo_full,initial_policy,3,10,11,2000,42,0.0,0.0,0.0,
fold-003,evaluation,dlinear,klpo_full,center,3,10,11,2000,42,8.09659482357881e-05,3.527578254209727e-05,0.00013526241225376393,
fold-003,evaluation,dlinear,klpo_mc,zero,3,10,11,2000,42,0.0012474523373936985,0.0006285863755914954,0.0018770693049847424,
fold-003,evaluation,dlinear,klpo_mc,parent,3,10,11,2000,42,8.09659482357881e-05,3.527578254209727e-05,0.00013526241225376393,
fold-003,evaluation,dlinear,klpo_mc,initial_policy,3,10,11,2000,42,0.0,0.0,0.0,
fold-003,evaluation,dlinear,klpo_mc,center,3,10,11,2000,42,8.09659482357881e-05,3.527578254209727e-05,0.00013526241225376393,
fold-003,evaluation,dlinear,mae,zero,3,10,11,2000,42,0.0012474523373936985,0.0006285863755914954,0.0018770693049847424,
fold-003,evaluation,dlinear,mae,parent,3,10,11,2000,42,8.09659482357881e-05,3.527578254209727e-05,0.00013526241225376393,
fold-003,evaluation,dlinear,mae,initial_policy,3,10,11,2000,42,0.0,0.0,0.0,
fold-003,evaluation,dlinear,mae,center,3,10,11,2000,42,8.09659482357881e-05,3.527578254209727e-05,0.00013526241225376393,
fold-003,evaluation,dlinear,neural_mae,zero,3,10,11,2000,42,0.00018708166358328987,7.552097067949607e-05,0.0002965505270853756,
fold-003,evaluation,dlinear,neural_mae,parent,3,10,11,2000,42,-0.0009794047255746207,-0.0014452563656456028,-0.000517789622369902,
fold-003,evaluation,dlinear,neural_mae,initial_policy,3,10,11,2000,42,-0.0010603706738104087,-0.001580518777899367,-0.0005530654049119994,
fold-003,evaluation,dlinear,neural_mae,center,3,10,11,2000,42,-0.00010696242038166167,-0.00010696242038166167,-2.1284490106451044e-05,
fold-003,evaluation,dlinear,neural_mse,zero,3,10,11,2000,42,5.746271576314643e-05,3.865119184997564e-06,0.00010975851240543408,
fold-003,evaluation,dlinear,neural_mse,parent,3,10,11,2000,42,-0.001109023673394764,-0.0016320483803255444,-0.0005894454738644006,
fold-003,evaluation,dlinear,neural_mse,initial_policy,3,10,11,2000,42,-0.0011899896216305522,-0.0017673107925793084,-0.0006247212564064979,
fold-003,evaluation,dlinear,neural_mse,center,3,10,11,2000,42,-0.00012326681877435563,-0.00015620714790793547,-9.711195949006532e-05,
fold-003,evaluation,dlinear,reference,zero,3,10,11,2000,42,0.0015155468994110953,0.0007335338336627721,0.002209164233628846,
fold-003,evaluation,dlinear,reference_mae,zero,3,10,11,2000,42,0.0009609016472299145,0.0004926204823981726,0.001397800219765265,
fold-003,evaluation,dlinear,reference_mae,parent,3,10,11,2000,42,-0.0005546452521811803,-0.0008113640138635798,-0.0002409133512645993,
fold-003,evaluation,dlinear,reference_mse,zero,3,10,11,2000,42,0.0013928533762912053,0.0006803635868796492,0.002048789488067827,
fold-003,evaluation,dlinear,reference_mse,parent,3,10,11,2000,42,-0.00012269352311988953,-0.00016037474556101797,-5.317024678312261e-05,
fold-003,evaluation,dlinear,reinforce,zero,3,10,11,2000,42,0.0012474523373936985,0.0006285863755914954,0.0018770693049847424,
fold-003,evaluation,dlinear,reinforce,parent,3,10,11,2000,42,8.09659482357881e-05,3.527578254209727e-05,0.00013526241225376393,
fold-003,evaluation,dlinear,reinforce,initial_policy,3,10,11,2000,42,0.0,0.0,0.0,
fold-003,evaluation,dlinear,reinforce,center,3,10,11,2000,42,8.09659482357881e-05,3.527578254209727e-05,0.00013526241225376393,
fold-003,evaluation,gru,expected,zero,3,10,11,2000,42,0.0009189900346825087,0.0005660380269981976,0.0012615409808293056,
fold-003,evaluation,gru,expected,parent,3,10,11,2000,42,0.00014097059981029301,0.00014097059981029301,0.00017310574670873565,
fold-003,evaluation,gru,expected,initial_policy,3,10,11,2000,42,0.0,0.0,0.0,
fold-003,evaluation,gru,expected,center,3,10,11,2000,42,0.00014097059981029301,0.00014097059981029301,0.00017310574670873565,
fold-003,evaluation,gru,klpo_exact,zero,3,10,11,2000,42,0.0009189900346825087,0.0005660380269981976,0.0012615409808293056,
fold-003,evaluation,gru,klpo_exact,parent,3,10,11,2000,42,0.00014097059981029301,0.00014097059981029301,0.00017310574670873565,
fold-003,evaluation,gru,klpo_exact,initial_policy,3,10,11,2000,42,0.0,0.0,0.0,
fold-003,evaluation,gru,klpo_exact,center,3,10,11,2000,42,0.00014097059981029301,0.00014097059981029301,0.00017310574670873565,
fold-003,evaluation,gru,klpo_full,zero,3,10,11,2000,42,0.0009189900346825087,0.0005660380269981976,0.0012615409808293056,
fold-003,evaluation,gru,klpo_full,parent,3,10,11,2000,42,0.00014097059981029301,0.00014097059981029301,0.00017310574670873565,
fold-003,evaluation,gru,klpo_full,initial_policy,3,10,11,2000,42,0.0,0.0,0.0,
fold-003,evaluation,gru,klpo_full,center,3,10,11,2000,42,0.00014097059981029301,0.00014097059981029301,0.00017310574670873565,
fold-003,evaluation,gru,klpo_mc,zero,3,10,11,2000,42,0.0009189900346825087,0.0005660380269981976,0.0012615409808293056,
fold-003,evaluation,gru,klpo_mc,parent,3,10,11,2000,42,0.00014097059981029301,0.00014097059981029301,0.00017310574670873565,
fold-003,evaluation,gru,klpo_mc,initial_policy,3,10,11,2000,42,0.0,0.0,0.0,
fold-003,evaluation,gru,klpo_mc,center,3,10,11,2000,42,0.00014097059981029301,0.00014097059981029301,0.00017310574670873565,
fold-003,evaluation,gru,mae,zero,3,10,11,2000,42,0.0009189900346825087,0.0005660380269981976,0.0012615409808293056,
fold-003,evaluation,gru,mae,parent,3,10,11,2000,42,0.00014097059981029301,0.00014097059981029301,0.00017310574670873565,
fold-003,evaluation,gru,mae,initial_policy,3,10,11,2000,42,0.0,0.0,0.0,
fold-003,evaluation,gru,mae,center,3,10,11,2000,42,0.00014097059981029301,0.00014097059981029301,0.00017310574670873565,
fold-003,evaluation,gru,neural_mae,zero,3,10,11,2000,42,7.495332667692028e-05,-6.726968910351558e-06,0.00014668549433228102,
fold-003,evaluation,gru,neural_mae,parent,3,10,11,2000,42,-0.0007030661081952953,-0.0009643520039262568,-0.0004091921319602883,
fold-003,evaluation,gru,neural_mae,initial_policy,3,10,11,2000,42,-0.0008440367080055883,-0.0011148554864970248,-0.0005727649959085491,
fold-003,evaluation,gru,neural_mae,center,3,10,11,2000,42,-5.508136019759641e-05,-5.508136019759641e-05,6.75161001279444e-06,
fold-003,evaluation,gru,neural_mse,zero,3,10,11,2000,42,0.0001007227159665153,6.227449406365877e-05,0.00012619894172854129,
fold-003,evaluation,gru,neural_mse,parent,3,10,11,2000,42,-0.0006772967189057004,-0.0009848385565299964,-0.000340190668986278,
fold-003,evaluation,gru,neural_mse,initial_policy,3,10,11,2000,42,-0.0008182673187159934,-0.0011353420391007642,-0.0005037635329345389,
fold-003,evaluation,gru,neural_mse,center,3,10,11,2000,42,-0.00016588681620401019,-0.0001957354749633027,-8.507644872388496e-05,
fold-003,evaluation,gru,reference,zero,3,10,11,2000,42,0.0009283514314736067,0.0006297292599192128,0.0012727872589451377,
fold-003,evaluation,gru,reference_mae,zero,3,10,11,2000,42,0.0007952067500846409,0.0006088081569210189,0.0010453638737615773,
fold-003,evaluation,gru,reference_mae,parent,3,10,11,2000,42,-0.0001331446813889659,-0.00022742338518356057,-2.0921102998193757e-05,
fold-003,evaluation,gru,reference_mse,zero,3,10,11,2000,42,0.000946881631929523,0.0007018205899068596,0.0012618518967950894,
fold-003,evaluation,gru,reference_mse,parent,3,10,11,2000,42,1.8530200455916257e-05,-1.0935362150048388e-05,7.209132998764687e-05,
fold-003,evaluation,gru,reinforce,zero,3,10,11,2000,42,0.0009189900346825087,0.0005660380269981976,0.0012615409808293056,
fold-003,evaluation,gru,reinforce,parent,3,10,11,2000,42,0.00014097059981029301,0.00014097059981029301,0.00017310574670873565,
fold-003,evaluation,gru,reinforce,initial_policy,3,10,11,2000,42,0.0,0.0,0.0,
fold-003,evaluation,gru,reinforce,center,3,10,11,2000,42,0.00014097059981029301,0.00014097059981029301,0.00017310574670873565,
fold-003,evaluation,lstm,expected,zero,3,10,11,2000,42,0.0011568880260605177,0.0008476700332828316,0.0014275212811422496,
fold-003,evaluation,lstm,expected,parent,3,10,11,2000,42,0.00012049369565219724,8.482128434158303e-05,0.00012869627340135925,
fold-003,evaluation,lstm,expected,initial_policy,3,10,11,2000,42,6.794380746276782e-05,3.190107651223001e-05,6.794380746276782e-05,
fold-003,evaluation,lstm,expected,center,3,10,11,2000,42,5.7823488032050466e-05,4.319673519550651e-05,6.261357120108204e-05,
fold-003,evaluation,lstm,klpo_exact,zero,3,10,11,2000,42,0.0010889442185977498,0.0007848588510314719,0.0013904875794186115,
fold-003,evaluation,lstm,klpo_exact,parent,3,10,11,2000,42,5.254988818942942e-05,2.2010102090223293e-05,9.166257167772118e-05,
fold-003,evaluation,lstm,klpo_exact,initial_policy,3,10,11,2000,42,0.0,0.0,0.0,
fold-003,evaluation,lstm,klpo_exact,center,3,10,11,2000,42,5.254988818942942e-05,2.2010102090223293e-05,9.166257167772118e-05,
fold-003,evaluation,lstm,klpo_full,zero,3,10,11,2000,42,0.0010889442185977498,0.0007848588510314719,0.0013904875794186115,
fold-003,evaluation,lstm,klpo_full,parent,3,10,11,2000,42,5.254988818942942e-05,2.2010102090223293e-05,9.166257167772118e-05,
fold-003,evaluation,lstm,klpo_full,initial_policy,3,10,11,2000,42,0.0,0.0,0.0,
fold-003,evaluation,lstm,klpo_full,center,3,10,11,2000,42,5.254988818942942e-05,2.2010102090223293e-05,9.166257167772118e-05,
fold-003,evaluation,lstm,klpo_mc,zero,3,10,11,2000,42,0.0010889442185977498,0.0007848588510314719,0.0013904875794186115,
fold-003,evaluation,lstm,klpo_mc,parent,3,10,11,2000,42,5.254988818942942e-05,2.2010102090223293e-05,9.166257167772118e-05,
fold-003,evaluation,lstm,klpo_mc,initial_policy,3,10,11,2000,42,0.0,0.0,0.0,
fold-003,evaluation,lstm,klpo_mc,center,3,10,11,2000,42,5.254988818942942e-05,2.2010102090223293e-05,9.166257167772118e-05,
fold-003,evaluation,lstm,mae,zero,3,10,11,2000,42,0.0011882994307168741,0.0009950720625031462,0.001382985150030833,
fold-003,evaluation,lstm,mae,parent,3,10,11,2000,42,0.00015190510030855376,8.416014228994287e-05,0.00023222331356189738,
fold-003,evaluation,lstm,mae,initial_policy,3,10,11,2000,42,9.935521211912434e-05,-7.502429387778324e-06,0.00021021321147167413,
fold-003,evaluation,lstm,mae,center,3,10,11,2000,42,6.951646366023921e-05,4.126537969988825e-05,7.613208731014609e-05,
fold-003,evaluation,lstm,neural_mae,zero,3,10,11,2000,42,0.0003750126939760734,0.00034898606116518297,0.000398773116225504,
fold-003,evaluation,lstm,neural_mae,parent,3,10,11,2000,42,-0.000661381636432247,-0.0009000518915153863,-0.00041386268777606573,
fold-003,evaluation,lstm,neural_mae,initial_policy,3,10,11,2000,42,-0.0007139315246216765,-0.0009917144631931072,-0.00043587278986628904,
fold-003,evaluation,lstm,neural_mae,center,3,10,11,2000,42,-2.010318342771589e-05,-2.5451276395454227e-05,3.289522110121637e-05,
fold-003,evaluation,lstm,neural_mse,zero,3,10,11,2000,42,0.00023483196727150442,0.0002225578666367633,0.0002623922277867606,
fold-003,evaluation,lstm,neural_mse,parent,3,10,11,2000,42,-0.0008015623631368161,-0.001076267141104127,-0.0005004565211544881,
fold-003,evaluation,lstm,neural_mse,initial_policy,3,10,11,2000,42,-0.0008541122513262455,-0.0011679297127818481,-0.0005224666232447113,
fold-003,evaluation,lstm,neural_mse,center,3,10,11,2000,42,-4.159393240383671e-05,-8.07710879857593e-05,-4.159393240383671e-05,
fold-003,evaluation,lstm,reference,zero,3,10,11,2000,42,0.0008480096138668397,0.0005953980786155144,0.0010632627162738915,
fold-003,evaluation,lstm,reference_mae,zero,3,10,11,2000,42,0.0008832990353489698,0.0005990921303398023,0.001118038892740968,
fold-003,evaluation,lstm,reference_mae,parent,3,10,11,2000,42,3.5289421482130034e-05,3.6940517242878427e-06,5.477617646707651e-05,
fold-003,evaluation,lstm,reference_mse,zero,3,10,11,2000,42,0.0008480096138668397,0.0005953980786155144,0.0010632627162738915,
fold-003,evaluation,lstm,reference_mse,parent,3,10,11,2000,42,0.0,0.0,0.0,
fold-003,evaluation,lstm,reinforce,zero,3,10,11,2000,42,0.0011075474740268939,0.0007819035711966671,0.0014086989879063597,
fold-003,evaluation,lstm,reinforce,parent,3,10,11,2000,42,7.115314361857342e-05,1.9054822255418468e-05,0.00010987398016546952,
fold-003,evaluation,lstm,reinforce,initial_policy,3,10,11,2000,42,1.860325542914399e-05,-3.3471267762004684e-06,1.860325542914399e-05,
fold-003,evaluation,lstm,reinforce,center,3,10,11,2000,42,4.944939153645337e-05,3.5718989695247236e-05,6.439153069721122e-05,
fold-003,evaluation,ridge,expected,zero,3,10,11,2000,42,0.04570688588068124,0.03998576771116522,0.045706885880681246,
fold-003,evaluation,ridge,expected,parent,3,10,11,2000,42,-0.060190676089360566,-0.06019067608936056,-0.04455286384599558,
fold-003,evaluation,ridge,expected,initial_policy,3,10,11,2000,42,-0.0031724153617003845,-0.0041872050410511966,-0.0025595334506966568,
fold-003,evaluation,ridge,expected,center,3,10,11,2000,42,-0.03246495304988237,-0.03246495304988237,-0.021568740924234917,
fold-003,evaluation,ridge,klpo_exact,zero,3,10,11,2000,42,0.0013803838019197242,0.0012058339535241343,0.0013959239419033482,
fold-003,evaluation,ridge,klpo_exact,parent,3,10,11,2000,42,-0.10451717816812209,-0.10451717816812209,-0.08331725746365305,
fold-003,evaluation,ridge,klpo_exact,initial_policy,3,10,11,2000,42,-0.047498917440461905,-0.047498917440461905,-0.04233871674770494,
fold-003,evaluation,ridge,klpo_exact,center,3,10,11,2000,42,9.640983460131904e-05,9.16457123329796e-05,9.836309726278541e-05,
fold-003,evaluation,ridge,klpo_full,zero,3,10,11,2000,42,0.015667379670000193,0.011856508049018664,0.015667379670000193,
fold-003,evaluation,ridge,klpo_full,parent,3,10,11,2000,42,-0.0902301823000416,-0.09023018230004161,-0.07268212350814213,
fold-003,evaluation,ridge,klpo_full,initial_policy,3,10,11,2000,42,-0.03321192157238143,-0.034064384215029116,-0.030851120149546347,
fold-003,evaluation,ridge,klpo_full,center,3,10,11,2000,42,-0.00027391037865145317,-0.00027391037865145317,-0.0001124219632892623,
fold-003,evaluation,ridge,klpo_mc,zero,3,10,11,2000,42,0.015474967770926988,0.011677430975148416,0.015474967770926988,
fold-003,evaluation,ridge,klpo_mc,parent,3,10,11,2000,42,-0.0904225941991148,-0.09042259419911482,-0.07286120058201238,
fold-003,evaluation,ridge,klpo_mc,initial_policy,3,10,11,2000,42,-0.03340433347145464,-0.03428957316110839,-0.030997420176410526,
fold-003,evaluation,ridge,klpo_mc,center,3,10,11,2000,42,-0.0002840507632424199,-0.0002840507632424199,-0.00012014303775509541,
fold-003,evaluation,ridge,mae,zero,3,10,11,2000,42,0.04465185431593742,0.03888824190052525,0.04465185431593743,
fold-003,evaluation,ridge,mae,parent,3,10,11,2000,42,-0.06124570765410439,-0.061245707654104385,-0.045650389656635565,
fold-003,evaluation,ridge,mae,initial_policy,3,10,11,2000,42,-0.004227446926444205,-0.005439225544909622,-0.00346007032222203,
fold-003,evaluation,ridge,mae,center,3,10,11,2000,42,-0.02724423096757372,-0.02724423096757372,-0.017598794062258352,
fold-003,evaluation,ridge,reinforce,zero,3,10,11,2000,42,0.045840595898489794,0.04012319123036705,0.0458405958984898,
fold-003,evaluation,ridge,reinforce,parent,3,10,11,2000,42,-0.060056966071552004,-0.060056966071552004,-0.04441544032679376,
fold-003,evaluation,ridge,reinforce,initial_policy,3,10,11,2000,42,-0.003038705343891827,-0.0040390555038154795,-0.002436549450921995,
fold-003,evaluation,ridge,reinforce,center,3,10,11,2000,42,-0.033275083460354286,-0.03327508346035429,-0.022149095206604793,
fold-003,evaluation,ridge,ridge,zero,1,10,11,2000,42,0.10589756197004178,0.0845386315571608,0.1058975619700418,
fold-003,evaluation,rnn,expected,zero,3,10,11,2000,42,0.0011383937881973656,0.0006614983330095309,0.0016140524715641403,
fold-003,evaluation,rnn,expected,parent,3,10,11,2000,42,8.919927792098802e-05,2.187592782207055e-05,0.00020801821268323452,
fold-003,evaluation,rnn,expected,initial_policy,3,10,11,2000,42,0.0,0.0,0.0,
fold-003,evaluation,rnn,expected,center,3,10,11,2000,42,8.919927792098802e-05,2.187592782207055e-05,0.00020801821268323452,
fold-003,evaluation,rnn,klpo_exact,zero,3,10,11,2000,42,0.0011383937881973656,0.0006614983330095309,0.0016140524715641403,
fold-003,evaluation,rnn,klpo_exact,parent,3,10,11,2000,42,8.919927792098802e-05,2.187592782207055e-05,0.00020801821268323452,
fold-003,evaluation,rnn,klpo_exact,initial_policy,3,10,11,2000,42,0.0,0.0,0.0,
fold-003,evaluation,rnn,klpo_exact,center,3,10,11,2000,42,8.919927792098802e-05,2.187592782207055e-05,0.00020801821268323452,
fold-003,evaluation,rnn,klpo_full,zero,3,10,11,2000,42,0.0011383937881973656,0.0006614983330095309,0.0016140524715641403,
fold-003,evaluation,rnn,klpo_full,parent,3,10,11,2000,42,8.919927792098802e-05,2.187592782207055e-05,0.00020801821268323452,
fold-003,evaluation,rnn,klpo_full,initial_policy,3,10,11,2000,42,0.0,0.0,0.0,
fold-003,evaluation,rnn,klpo_full,center,3,10,11,2000,42,8.919927792098802e-05,2.187592782207055e-05,0.00020801821268323452,
fold-003,evaluation,rnn,klpo_mc,zero,3,10,11,2000,42,0.0011383937881973656,0.0006614983330095309,0.0016140524715641403,
fold-003,evaluation,rnn,klpo_mc,parent,3,10,11,2000,42,8.919927792098802e-05,2.187592782207055e-05,0.00020801821268323452,
fold-003,evaluation,rnn,klpo_mc,initial_policy,3,10,11,2000,42,0.0,0.0,0.0,
fold-003,evaluation,rnn,klpo_mc,center,3,10,11,2000,42,8.919927792098802e-05,2.187592782207055e-05,0.00020801821268323452,
fold-003,evaluation,rnn,mae,zero,3,10,11,2000,42,0.0011383937881973656,0.0006614983330095309,0.0016140524715641403,
fold-003,evaluation,rnn,mae,parent,3,10,11,2000,42,8.919927792098802e-05,2.187592782207055e-05,0.00020801821268323452,
fold-003,evaluation,rnn,mae,initial_policy,3,10,11,2000,42,0.0,0.0,0.0,
fold-003,evaluation,rnn,mae,center,3,10,11,2000,42,8.919927792098802e-05,2.187592782207055e-05,0.00020801821268323452,
fold-003,evaluation,rnn,neural_mae,zero,3,10,11,2000,42,1.5758002638690116e-05,1.1015227194905046e-05,2.0312648479978125e-05,
fold-003,evaluation,rnn,neural_mae,parent,3,10,11,2000,42,-0.0010334365076376873,-0.0015718638952620916,-0.0004424648931313914,
fold-003,evaluation,rnn,neural_mae,initial_policy,3,10,11,2000,42,-0.0011226357855586755,-0.0015937398230841623,-0.0006504831058146259,
fold-003,evaluation,rnn,neural_mae,center,3,10,11,2000,42,-0.00018909186492552306,-0.0002580654671412971,-4.369151447837665e-05,
fold-003,evaluation,rnn,neural_mse,zero,3,10,11,2000,42,1.4446682026308092e-05,2.7590630363154983e-06,2.5168854940316584e-05,
fold-003,evaluation,rnn,neural_mse,parent,3,10,11,2000,42,-0.0010347478282500694,-0.001567007688801753,-0.00045072105728998093,
fold-003,evaluation,rnn,neural_mse,initial_policy,3,10,11,2000,42,-0.0011239471061710573,-0.0015888836166238238,-0.0006587392699732154,
fold-003,evaluation,rnn,neural_mse,center,3,10,11,2000,42,-0.00011819819318760377,-0.0001800592205284863,-1.8870584150776699e-06,
fold-003,evaluation,rnn,reference,zero,3,10,11,2000,42,0.0009400214079440087,0.0005342651425503638,0.001292113665880959,
fold-003,evaluation,rnn,reference_mae,zero,3,10,11,2000,42,0.0006667751842392947,0.00034818460056569453,0.000926717540252372,
fold-003,evaluation,rnn,reference_mae,parent,3,10,11,2000,42,-0.00027324622370471403,-0.00036539612562858705,-0.0001860805419846692,
fold-003,evaluation,rnn,reference_mse,zero,3,10,11,2000,42,0.0009400214079440087,0.0005342651425503638,0.001292113665880959,
fold-003,evaluation,rnn,reference_mse,parent,3,10,11,2000,42,0.0,0.0,0.0,
fold-003,evaluation,rnn,reinforce,zero,3,10,11,2000,42,0.0011383937881973656,0.0006614983330095309,0.0016140524715641403,
fold-003,evaluation,rnn,reinforce,parent,3,10,11,2000,42,8.919927792098802e-05,2.187592782207055e-05,0.00020801821268323452,
fold-003,evaluation,rnn,reinforce,initial_policy,3,10,11,2000,42,0.0,0.0,0.0,
fold-003,evaluation,rnn,reinforce,center,3,10,11,2000,42,8.919927792098802e-05,2.187592782207055e-05,0.00020801821268323452,
fold-003,evaluation,xgboost,expected,zero,3,10,11,2000,42,1.0146803747195712e-05,1.0098965792512935e-05,1.0146803747195712e-05,
fold-003,evaluation,xgboost,expected,parent,3,10,11,2000,42,-0.00017109142375697738,-0.0002170152954378899,-7.537423257171666e-05,
fold-003,evaluation,xgboost,expected,initial_policy,3,10,11,2000,42,0.0,0.0,0.0,
fold-003,evaluation,xgboost,expected,center,3,10,11,2000,42,-0.00017109142375697738,-0.0002170152954378899,-7.537423257171666e-05,
fold-003,evaluation,xgboost,klpo_exact,zero,3,10,11,2000,42,1.0146803747195712e-05,1.0098965792512935e-05,1.0146803747195712e-05,
fold-003,evaluation,xgboost,klpo_exact,parent,3,10,11,2000,42,-0.00017109142375697738,-0.0002170152954378899,-7.537423257171666e-05,
fold-003,evaluation,xgboost,klpo_exact,initial_policy,3,10,11,2000,42,0.0,0.0,0.0,
fold-003,evaluation,xgboost,klpo_exact,center,3,10,11,2000,42,-0.00017109142375697738,-0.0002170152954378899,-7.537423257171666e-05,
fold-003,evaluation,xgboost,klpo_full,zero,3,10,11,2000,42,1.0146803747195712e-05,1.0098965792512935e-05,1.0146803747195712e-05,
fold-003,evaluation,xgboost,klpo_full,parent,3,10,11,2000,42,-0.00017109142375697738,-0.0002170152954378899,-7.537423257171666e-05,
fold-003,evaluation,xgboost,klpo_full,initial_policy,3,10,11,2000,42,0.0,0.0,0.0,
fold-003,evaluation,xgboost,klpo_full,center,3,10,11,2000,42,-0.00017109142375697738,-0.0002170152954378899,-7.537423257171666e-05,
fold-003,evaluation,xgboost,klpo_mc,zero,3,10,11,2000,42,1.0146803747195712e-05,1.0098965792512935e-05,1.0146803747195712e-05,
fold-003,evaluation,xgboost,klpo_mc,parent,3,10,11,2000,42,-0.00017109142375697738,-0.0002170152954378899,-7.537423257171666e-05,
fold-003,evaluation,xgboost,klpo_mc,initial_policy,3,10,11,2000,42,0.0,0.0,0.0,
fold-003,evaluation,xgboost,klpo_mc,center,3,10,11,2000,42,-0.00017109142375697738,-0.0002170152954378899,-7.537423257171666e-05,
fold-003,evaluation,xgboost,mae,zero,3,10,11,2000,42,1.0146803747195712e-05,1.0098965792512935e-05,1.0146803747195712e-05,
fold-003,evaluation,xgboost,mae,parent,3,10,11,2000,42,-0.00017109142375697738,-0.0002170152954378899,-7.537423257171666e-05,
fold-003,evaluation,xgboost,mae,initial_policy,3,10,11,2000,42,0.0,0.0,0.0,
fold-003,evaluation,xgboost,mae,center,3,10,11,2000,42,-0.00017109142375697738,-0.0002170152954378899,-7.537423257171666e-05,
fold-003,evaluation,xgboost,reinforce,zero,3,10,11,2000,42,1.0146803747195712e-05,1.0098965792512935e-05,1.0146803747195712e-05,
fold-003,evaluation,xgboost,reinforce,parent,3,10,11,2000,42,-0.00017109142375697738,-0.0002170152954378899,-7.537423257171666e-05,
fold-003,evaluation,xgboost,reinforce,initial_policy,3,10,11,2000,42,0.0,0.0,0.0,
fold-003,evaluation,xgboost,reinforce,center,3,10,11,2000,42,-0.00017109142375697738,-0.0002170152954378899,-7.537423257171666e-05,
fold-003,evaluation,xgboost,xgboost,zero,3,10,11,2000,42,0.0001812382275041731,8.547319836422961e-05,0.00022716209918508562,
fold-003,evaluation,dlinear,expected,zero,3,20,11,2000,42,0.0012474523373936985,,,Se necesitan más sesiones que la longitud del bloque
fold-003,evaluation,dlinear,expected,parent,3,20,11,2000,42,8.09659482357881e-05,,,Se necesitan más sesiones que la longitud del bloque
fold-003,evaluation,dlinear,expected,initial_policy,3,20,11,2000,42,0.0,,,Se necesitan más sesiones que la longitud del bloque
fold-003,evaluation,dlinear,expected,center,3,20,11,2000,42,8.09659482357881e-05,,,Se necesitan más sesiones que la longitud del bloque
fold-003,evaluation,dlinear,klpo_exact,zero,3,20,11,2000,42,0.0012474523373936985,,,Se necesitan más sesiones que la longitud del bloque
fold-003,evaluation,dlinear,klpo_exact,parent,3,20,11,2000,42,8.09659482357881e-05,,,Se necesitan más sesiones que la longitud del bloque
fold-003,evaluation,dlinear,klpo_exact,initial_policy,3,20,11,2000,42,0.0,,,Se necesitan más sesiones que la longitud del bloque
fold-003,evaluation,dlinear,klpo_exact,center,3,20,11,2000,42,8.09659482357881e-05,,,Se necesitan más sesiones que la longitud del bloque
fold-003,evaluation,dlinear,klpo_full,zero,3,20,11,2000,42,0.0012474523373936985,,,Se necesitan más sesiones que la longitud del bloque
fold-003,evaluation,dlinear,klpo_full,parent,3,20,11,2000,42,8.09659482357881e-05,,,Se necesitan más sesiones que la longitud del bloque
fold-003,evaluation,dlinear,klpo_full,initial_policy,3,20,11,2000,42,0.0,,,Se necesitan más sesiones que la longitud del bloque
fold-003,evaluation,dlinear,klpo_full,center,3,20,11,2000,42,8.09659482357881e-05,,,Se necesitan más sesiones que la longitud del bloque
fold-003,evaluation,dlinear,klpo_mc,zero,3,20,11,2000,42,0.0012474523373936985,,,Se necesitan más sesiones que la longitud del bloque
fold-003,evaluation,dlinear,klpo_mc,parent,3,20,11,2000,42,8.09659482357881e-05,,,Se necesitan más sesiones que la longitud del bloque
fold-003,evaluation,dlinear,klpo_mc,initial_policy,3,20,11,2000,42,0.0,,,Se necesitan más sesiones que la longitud del bloque
fold-003,evaluation,dlinear,klpo_mc,center,3,20,11,2000,42,8.09659482357881e-05,,,Se necesitan más sesiones que la longitud del bloque
fold-003,evaluation,dlinear,mae,zero,3,20,11,2000,42,0.0012474523373936985,,,Se necesitan más sesiones que la longitud del bloque
fold-003,evaluation,dlinear,mae,parent,3,20,11,2000,42,8.09659482357881e-05,,,Se necesitan más sesiones que la longitud del bloque
fold-003,evaluation,dlinear,mae,initial_policy,3,20,11,2000,42,0.0,,,Se necesitan más sesiones que la longitud del bloque
fold-003,evaluation,dlinear,mae,center,3,20,11,2000,42,8.09659482357881e-05,,,Se necesitan más sesiones que la longitud del bloque
fold-003,evaluation,dlinear,neural_mae,zero,3,20,11,2000,42,0.00018708166358328987,,,Se necesitan más sesiones que la longitud del bloque
fold-003,evaluation,dlinear,neural_mae,parent,3,20,11,2000,42,-0.0009794047255746207,,,Se necesitan más sesiones que la longitud del bloque
fold-003,evaluation,dlinear,neural_mae,initial_policy,3,20,11,2000,42,-0.0010603706738104087,,,Se necesitan más sesiones que la longitud del bloque
fold-003,evaluation,dlinear,neural_mae,center,3,20,11,2000,42,-0.00010696242038166167,,,Se necesitan más sesiones que la longitud del bloque
fold-003,evaluation,dlinear,neural_mse,zero,3,20,11,2000,42,5.746271576314643e-05,,,Se necesitan más sesiones que la longitud del bloque
fold-003,evaluation,dlinear,neural_mse,parent,3,20,11,2000,42,-0.001109023673394764,,,Se necesitan más sesiones que la longitud del bloque
fold-003,evaluation,dlinear,neural_mse,initial_policy,3,20,11,2000,42,-0.0011899896216305522,,,Se necesitan más sesiones que la longitud del bloque
fold-003,evaluation,dlinear,neural_mse,center,3,20,11,2000,42,-0.00012326681877435563,,,Se necesitan más sesiones que la longitud del bloque
fold-003,evaluation,dlinear,reference,zero,3,20,11,2000,42,0.0015155468994110953,,,Se necesitan más sesiones que la longitud del bloque
fold-003,evaluation,dlinear,reference_mae,zero,3,20,11,2000,42,0.0009609016472299145,,,Se necesitan más sesiones que la longitud del bloque
fold-003,evaluation,dlinear,reference_mae,parent,3,20,11,2000,42,-0.0005546452521811803,,,Se necesitan más sesiones que la longitud del bloque
fold-003,evaluation,dlinear,reference_mse,zero,3,20,11,2000,42,0.0013928533762912053,,,Se necesitan más sesiones que la longitud del bloque
fold-003,evaluation,dlinear,reference_mse,parent,3,20,11,2000,42,-0.00012269352311988953,,,Se necesitan más sesiones que la longitud del bloque
fold-003,evaluation,dlinear,reinforce,zero,3,20,11,2000,42,0.0012474523373936985,,,Se necesitan más sesiones que la longitud del bloque
fold-003,evaluation,dlinear,reinforce,parent,3,20,11,2000,42,8.09659482357881e-05,,,Se necesitan más sesiones que la longitud del bloque
fold-003,evaluation,dlinear,reinforce,initial_policy,3,20,11,2000,42,0.0,,,Se necesitan más sesiones que la longitud del bloque
fold-003,evaluation,dlinear,reinforce,center,3,20,11,2000,42,8.09659482357881e-05,,,Se necesitan más sesiones que la longitud del bloque
fold-003,evaluation,gru,expected,zero,3,20,11,2000,42,0.0009189900346825087,,,Se necesitan más sesiones que la longitud del bloque
fold-003,evaluation,gru,expected,parent,3,20,11,2000,42,0.00014097059981029301,,,Se necesitan más sesiones que la longitud del bloque
fold-003,evaluation,gru,expected,initial_policy,3,20,11,2000,42,0.0,,,Se necesitan más sesiones que la longitud del bloque
fold-003,evaluation,gru,expected,center,3,20,11,2000,42,0.00014097059981029301,,,Se necesitan más sesiones que la longitud del bloque
fold-003,evaluation,gru,klpo_exact,zero,3,20,11,2000,42,0.0009189900346825087,,,Se necesitan más sesiones que la longitud del bloque
fold-003,evaluation,gru,klpo_exact,parent,3,20,11,2000,42,0.00014097059981029301,,,Se necesitan más sesiones que la longitud del bloque
fold-003,evaluation,gru,klpo_exact,initial_policy,3,20,11,2000,42,0.0,,,Se necesitan más sesiones que la longitud del bloque
fold-003,evaluation,gru,klpo_exact,center,3,20,11,2000,42,0.00014097059981029301,,,Se necesitan más sesiones que la longitud del bloque
fold-003,evaluation,gru,klpo_full,zero,3,20,11,2000,42,0.0009189900346825087,,,Se necesitan más sesiones que la longitud del bloque
fold-003,evaluation,gru,klpo_full,parent,3,20,11,2000,42,0.00014097059981029301,,,Se necesitan más sesiones que la longitud del bloque
fold-003,evaluation,gru,klpo_full,initial_policy,3,20,11,2000,42,0.0,,,Se necesitan más sesiones que la longitud del bloque
fold-003,evaluation,gru,klpo_full,center,3,20,11,2000,42,0.00014097059981029301,,,Se necesitan más sesiones que la longitud del bloque
fold-003,evaluation,gru,klpo_mc,zero,3,20,11,2000,42,0.0009189900346825087,,,Se necesitan más sesiones que la longitud del bloque
fold-003,evaluation,gru,klpo_mc,parent,3,20,11,2000,42,0.00014097059981029301,,,Se necesitan más sesiones que la longitud del bloque
fold-003,evaluation,gru,klpo_mc,initial_policy,3,20,11,2000,42,0.0,,,Se necesitan más sesiones que la longitud del bloque
fold-003,evaluation,gru,klpo_mc,center,3,20,11,2000,42,0.00014097059981029301,,,Se necesitan más sesiones que la longitud del bloque
fold-003,evaluation,gru,mae,zero,3,20,11,2000,42,0.0009189900346825087,,,Se necesitan más sesiones que la longitud del bloque
fold-003,evaluation,gru,mae,parent,3,20,11,2000,42,0.00014097059981029301,,,Se necesitan más sesiones que la longitud del bloque
fold-003,evaluation,gru,mae,initial_policy,3,20,11,2000,42,0.0,,,Se necesitan más sesiones que la longitud del bloque
fold-003,evaluation,gru,mae,center,3,20,11,2000,42,0.00014097059981029301,,,Se necesitan más sesiones que la longitud del bloque
fold-003,evaluation,gru,neural_mae,zero,3,20,11,2000,42,7.495332667692028e-05,,,Se necesitan más sesiones que la longitud del bloque
fold-003,evaluation,gru,neural_mae,parent,3,20,11,2000,42,-0.0007030661081952953,,,Se necesitan más sesiones que la longitud del bloque
fold-003,evaluation,gru,neural_mae,initial_policy,3,20,11,2000,42,-0.0008440367080055883,,,Se necesitan más sesiones que la longitud del bloque
fold-003,evaluation,gru,neural_mae,center,3,20,11,2000,42,-5.508136019759641e-05,,,Se necesitan más sesiones que la longitud del bloque
fold-003,evaluation,gru,neural_mse,zero,3,20,11,2000,42,0.0001007227159665153,,,Se necesitan más sesiones que la longitud del bloque
fold-003,evaluation,gru,neural_mse,parent,3,20,11,2000,42,-0.0006772967189057004,,,Se necesitan más sesiones que la longitud del bloque
fold-003,evaluation,gru,neural_mse,initial_policy,3,20,11,2000,42,-0.0008182673187159934,,,Se necesitan más sesiones que la longitud del bloque
fold-003,evaluation,gru,neural_mse,center,3,20,11,2000,42,-0.00016588681620401019,,,Se necesitan más sesiones que la longitud del bloque
fold-003,evaluation,gru,reference,zero,3,20,11,2000,42,0.0009283514314736067,,,Se necesitan más sesiones que la longitud del bloque
fold-003,evaluation,gru,reference_mae,zero,3,20,11,2000,42,0.0007952067500846409,,,Se necesitan más sesiones que la longitud del bloque
fold-003,evaluation,gru,reference_mae,parent,3,20,11,2000,42,-0.0001331446813889659,,,Se necesitan más sesiones que la longitud del bloque
fold-003,evaluation,gru,reference_mse,zero,3,20,11,2000,42,0.000946881631929523,,,Se necesitan más sesiones que la longitud del bloque
fold-003,evaluation,gru,reference_mse,parent,3,20,11,2000,42,1.8530200455916257e-05,,,Se necesitan más sesiones que la longitud del bloque
fold-003,evaluation,gru,reinforce,zero,3,20,11,2000,42,0.0009189900346825087,,,Se necesitan más sesiones que la longitud del bloque
fold-003,evaluation,gru,reinforce,parent,3,20,11,2000,42,0.00014097059981029301,,,Se necesitan más sesiones que la longitud del bloque
fold-003,evaluation,gru,reinforce,initial_policy,3,20,11,2000,42,0.0,,,Se necesitan más sesiones que la longitud del bloque
fold-003,evaluation,gru,reinforce,center,3,20,11,2000,42,0.00014097059981029301,,,Se necesitan más sesiones que la longitud del bloque
fold-003,evaluation,lstm,expected,zero,3,20,11,2000,42,0.0011568880260605177,,,Se necesitan más sesiones que la longitud del bloque
fold-003,evaluation,lstm,expected,parent,3,20,11,2000,42,0.00012049369565219724,,,Se necesitan más sesiones que la longitud del bloque
fold-003,evaluation,lstm,expected,initial_policy,3,20,11,2000,42,6.794380746276782e-05,,,Se necesitan más sesiones que la longitud del bloque
fold-003,evaluation,lstm,expected,center,3,20,11,2000,42,5.7823488032050466e-05,,,Se necesitan más sesiones que la longitud del bloque
fold-003,evaluation,lstm,klpo_exact,zero,3,20,11,2000,42,0.0010889442185977498,,,Se necesitan más sesiones que la longitud del bloque
fold-003,evaluation,lstm,klpo_exact,parent,3,20,11,2000,42,5.254988818942942e-05,,,Se necesitan más sesiones que la longitud del bloque
fold-003,evaluation,lstm,klpo_exact,initial_policy,3,20,11,2000,42,0.0,,,Se necesitan más sesiones que la longitud del bloque
fold-003,evaluation,lstm,klpo_exact,center,3,20,11,2000,42,5.254988818942942e-05,,,Se necesitan más sesiones que la longitud del bloque
fold-003,evaluation,lstm,klpo_full,zero,3,20,11,2000,42,0.0010889442185977498,,,Se necesitan más sesiones que la longitud del bloque
fold-003,evaluation,lstm,klpo_full,parent,3,20,11,2000,42,5.254988818942942e-05,,,Se necesitan más sesiones que la longitud del bloque
fold-003,evaluation,lstm,klpo_full,initial_policy,3,20,11,2000,42,0.0,,,Se necesitan más sesiones que la longitud del bloque
fold-003,evaluation,lstm,klpo_full,center,3,20,11,2000,42,5.254988818942942e-05,,,Se necesitan más sesiones que la longitud del bloque
fold-003,evaluation,lstm,klpo_mc,zero,3,20,11,2000,42,0.0010889442185977498,,,Se necesitan más sesiones que la longitud del bloque
fold-003,evaluation,lstm,klpo_mc,parent,3,20,11,2000,42,5.254988818942942e-05,,,Se necesitan más sesiones que la longitud del bloque
fold-003,evaluation,lstm,klpo_mc,initial_policy,3,20,11,2000,42,0.0,,,Se necesitan más sesiones que la longitud del bloque
fold-003,evaluation,lstm,klpo_mc,center,3,20,11,2000,42,5.254988818942942e-05,,,Se necesitan más sesiones que la longitud del bloque
fold-003,evaluation,lstm,mae,zero,3,20,11,2000,42,0.0011882994307168741,,,Se necesitan más sesiones que la longitud del bloque
fold-003,evaluation,lstm,mae,parent,3,20,11,2000,42,0.00015190510030855376,,,Se necesitan más sesiones que la longitud del bloque
fold-003,evaluation,lstm,mae,initial_policy,3,20,11,2000,42,9.935521211912434e-05,,,Se necesitan más sesiones que la longitud del bloque
fold-003,evaluation,lstm,mae,center,3,20,11,2000,42,6.951646366023921e-05,,,Se necesitan más sesiones que la longitud del bloque
fold-003,evaluation,lstm,neural_mae,zero,3,20,11,2000,42,0.0003750126939760734,,,Se necesitan más sesiones que la longitud del bloque
fold-003,evaluation,lstm,neural_mae,parent,3,20,11,2000,42,-0.000661381636432247,,,Se necesitan más sesiones que la longitud del bloque
fold-003,evaluation,lstm,neural_mae,initial_policy,3,20,11,2000,42,-0.0007139315246216765,,,Se necesitan más sesiones que la longitud del bloque
fold-003,evaluation,lstm,neural_mae,center,3,20,11,2000,42,-2.010318342771589e-05,,,Se necesitan más sesiones que la longitud del bloque
fold-003,evaluation,lstm,neural_mse,zero,3,20,11,2000,42,0.00023483196727150442,,,Se necesitan más sesiones que la longitud del bloque
fold-003,evaluation,lstm,neural_mse,parent,3,20,11,2000,42,-0.0008015623631368161,,,Se necesitan más sesiones que la longitud del bloque
fold-003,evaluation,lstm,neural_mse,initial_policy,3,20,11,2000,42,-0.0008541122513262455,,,Se necesitan más sesiones que la longitud del bloque
fold-003,evaluation,lstm,neural_mse,center,3,20,11,2000,42,-4.159393240383671e-05,,,Se necesitan más sesiones que la longitud del bloque
fold-003,evaluation,lstm,reference,zero,3,20,11,2000,42,0.0008480096138668397,,,Se necesitan más sesiones que la longitud del bloque
fold-003,evaluation,lstm,reference_mae,zero,3,20,11,2000,42,0.0008832990353489698,,,Se necesitan más sesiones que la longitud del bloque
fold-003,evaluation,lstm,reference_mae,parent,3,20,11,2000,42,3.5289421482130034e-05,,,Se necesitan más sesiones que la longitud del bloque
fold-003,evaluation,lstm,reference_mse,zero,3,20,11,2000,42,0.0008480096138668397,,,Se necesitan más sesiones que la longitud del bloque
fold-003,evaluation,lstm,reference_mse,parent,3,20,11,2000,42,0.0,,,Se necesitan más sesiones que la longitud del bloque
fold-003,evaluation,lstm,reinforce,zero,3,20,11,2000,42,0.0011075474740268939,,,Se necesitan más sesiones que la longitud del bloque
fold-003,evaluation,lstm,reinforce,parent,3,20,11,2000,42,7.115314361857342e-05,,,Se necesitan más sesiones que la longitud del bloque
fold-003,evaluation,lstm,reinforce,initial_policy,3,20,11,2000,42,1.860325542914399e-05,,,Se necesitan más sesiones que la longitud del bloque
fold-003,evaluation,lstm,reinforce,center,3,20,11,2000,42,4.944939153645337e-05,,,Se necesitan más sesiones que la longitud del bloque
fold-003,evaluation,ridge,expected,zero,3,20,11,2000,42,0.04570688588068124,,,Se necesitan más sesiones que la longitud del bloque
fold-003,evaluation,ridge,expected,parent,3,20,11,2000,42,-0.060190676089360566,,,Se necesitan más sesiones que la longitud del bloque
fold-003,evaluation,ridge,expected,initial_policy,3,20,11,2000,42,-0.0031724153617003845,,,Se necesitan más sesiones que la longitud del bloque
fold-003,evaluation,ridge,expected,center,3,20,11,2000,42,-0.03246495304988237,,,Se necesitan más sesiones que la longitud del bloque
fold-003,evaluation,ridge,klpo_exact,zero,3,20,11,2000,42,0.0013803838019197242,,,Se necesitan más sesiones que la longitud del bloque
fold-003,evaluation,ridge,klpo_exact,parent,3,20,11,2000,42,-0.10451717816812209,,,Se necesitan más sesiones que la longitud del bloque
fold-003,evaluation,ridge,klpo_exact,initial_policy,3,20,11,2000,42,-0.047498917440461905,,,Se necesitan más sesiones que la longitud del bloque
fold-003,evaluation,ridge,klpo_exact,center,3,20,11,2000,42,9.640983460131904e-05,,,Se necesitan más sesiones que la longitud del bloque
fold-003,evaluation,ridge,klpo_full,zero,3,20,11,2000,42,0.015667379670000193,,,Se necesitan más sesiones que la longitud del bloque
fold-003,evaluation,ridge,klpo_full,parent,3,20,11,2000,42,-0.0902301823000416,,,Se necesitan más sesiones que la longitud del bloque
fold-003,evaluation,ridge,klpo_full,initial_policy,3,20,11,2000,42,-0.03321192157238143,,,Se necesitan más sesiones que la longitud del bloque
fold-003,evaluation,ridge,klpo_full,center,3,20,11,2000,42,-0.00027391037865145317,,,Se necesitan más sesiones que la longitud del bloque
fold-003,evaluation,ridge,klpo_mc,zero,3,20,11,2000,42,0.015474967770926988,,,Se necesitan más sesiones que la longitud del bloque
fold-003,evaluation,ridge,klpo_mc,parent,3,20,11,2000,42,-0.0904225941991148,,,Se necesitan más sesiones que la longitud del bloque
fold-003,evaluation,ridge,klpo_mc,initial_policy,3,20,11,2000,42,-0.03340433347145464,,,Se necesitan más sesiones que la longitud del bloque
fold-003,evaluation,ridge,klpo_mc,center,3,20,11,2000,42,-0.0002840507632424199,,,Se necesitan más sesiones que la longitud del bloque
fold-003,evaluation,ridge,mae,zero,3,20,11,2000,42,0.04465185431593742,,,Se necesitan más sesiones que la longitud del bloque
fold-003,evaluation,ridge,mae,parent,3,20,11,2000,42,-0.06124570765410439,,,Se necesitan más sesiones que la longitud del bloque
fold-003,evaluation,ridge,mae,initial_policy,3,20,11,2000,42,-0.004227446926444205,,,Se necesitan más sesiones que la longitud del bloque
fold-003,evaluation,ridge,mae,center,3,20,11,2000,42,-0.02724423096757372,,,Se necesitan más sesiones que la longitud del bloque
fold-003,evaluation,ridge,reinforce,zero,3,20,11,2000,42,0.045840595898489794,,,Se necesitan más sesiones que la longitud del bloque
fold-003,evaluation,ridge,reinforce,parent,3,20,11,2000,42,-0.060056966071552004,,,Se necesitan más sesiones que la longitud del bloque
fold-003,evaluation,ridge,reinforce,initial_policy,3,20,11,2000,42,-0.003038705343891827,,,Se necesitan más sesiones que la longitud del bloque
fold-003,evaluation,ridge,reinforce,center,3,20,11,2000,42,-0.033275083460354286,,,Se necesitan más sesiones que la longitud del bloque
fold-003,evaluation,ridge,ridge,zero,1,20,11,2000,42,0.10589756197004178,,,Se necesitan más sesiones que la longitud del bloque
fold-003,evaluation,rnn,expected,zero,3,20,11,2000,42,0.0011383937881973656,,,Se necesitan más sesiones que la longitud del bloque
fold-003,evaluation,rnn,expected,parent,3,20,11,2000,42,8.919927792098802e-05,,,Se necesitan más sesiones que la longitud del bloque
fold-003,evaluation,rnn,expected,initial_policy,3,20,11,2000,42,0.0,,,Se necesitan más sesiones que la longitud del bloque
fold-003,evaluation,rnn,expected,center,3,20,11,2000,42,8.919927792098802e-05,,,Se necesitan más sesiones que la longitud del bloque
fold-003,evaluation,rnn,klpo_exact,zero,3,20,11,2000,42,0.0011383937881973656,,,Se necesitan más sesiones que la longitud del bloque
fold-003,evaluation,rnn,klpo_exact,parent,3,20,11,2000,42,8.919927792098802e-05,,,Se necesitan más sesiones que la longitud del bloque
fold-003,evaluation,rnn,klpo_exact,initial_policy,3,20,11,2000,42,0.0,,,Se necesitan más sesiones que la longitud del bloque
fold-003,evaluation,rnn,klpo_exact,center,3,20,11,2000,42,8.919927792098802e-05,,,Se necesitan más sesiones que la longitud del bloque
fold-003,evaluation,rnn,klpo_full,zero,3,20,11,2000,42,0.0011383937881973656,,,Se necesitan más sesiones que la longitud del bloque
fold-003,evaluation,rnn,klpo_full,parent,3,20,11,2000,42,8.919927792098802e-05,,,Se necesitan más sesiones que la longitud del bloque
fold-003,evaluation,rnn,klpo_full,initial_policy,3,20,11,2000,42,0.0,,,Se necesitan más sesiones que la longitud del bloque
fold-003,evaluation,rnn,klpo_full,center,3,20,11,2000,42,8.919927792098802e-05,,,Se necesitan más sesiones que la longitud del bloque
fold-003,evaluation,rnn,klpo_mc,zero,3,20,11,2000,42,0.0011383937881973656,,,Se necesitan más sesiones que la longitud del bloque
fold-003,evaluation,rnn,klpo_mc,parent,3,20,11,2000,42,8.919927792098802e-05,,,Se necesitan más sesiones que la longitud del bloque
fold-003,evaluation,rnn,klpo_mc,initial_policy,3,20,11,2000,42,0.0,,,Se necesitan más sesiones que la longitud del bloque
fold-003,evaluation,rnn,klpo_mc,center,3,20,11,2000,42,8.919927792098802e-05,,,Se necesitan más sesiones que la longitud del bloque
fold-003,evaluation,rnn,mae,zero,3,20,11,2000,42,0.0011383937881973656,,,Se necesitan más sesiones que la longitud del bloque
fold-003,evaluation,rnn,mae,parent,3,20,11,2000,42,8.919927792098802e-05,,,Se necesitan más sesiones que la longitud del bloque
fold-003,evaluation,rnn,mae,initial_policy,3,20,11,2000,42,0.0,,,Se necesitan más sesiones que la longitud del bloque
fold-003,evaluation,rnn,mae,center,3,20,11,2000,42,8.919927792098802e-05,,,Se necesitan más sesiones que la longitud del bloque
fold-003,evaluation,rnn,neural_mae,zero,3,20,11,2000,42,1.5758002638690116e-05,,,Se necesitan más sesiones que la longitud del bloque
fold-003,evaluation,rnn,neural_mae,parent,3,20,11,2000,42,-0.0010334365076376873,,,Se necesitan más sesiones que la longitud del bloque
fold-003,evaluation,rnn,neural_mae,initial_policy,3,20,11,2000,42,-0.0011226357855586755,,,Se necesitan más sesiones que la longitud del bloque
fold-003,evaluation,rnn,neural_mae,center,3,20,11,2000,42,-0.00018909186492552306,,,Se necesitan más sesiones que la longitud del bloque
fold-003,evaluation,rnn,neural_mse,zero,3,20,11,2000,42,1.4446682026308092e-05,,,Se necesitan más sesiones que la longitud del bloque
fold-003,evaluation,rnn,neural_mse,parent,3,20,11,2000,42,-0.0010347478282500694,,,Se necesitan más sesiones que la longitud del bloque
fold-003,evaluation,rnn,neural_mse,initial_policy,3,20,11,2000,42,-0.0011239471061710573,,,Se necesitan más sesiones que la longitud del bloque
fold-003,evaluation,rnn,neural_mse,center,3,20,11,2000,42,-0.00011819819318760377,,,Se necesitan más sesiones que la longitud del bloque
fold-003,evaluation,rnn,reference,zero,3,20,11,2000,42,0.0009400214079440087,,,Se necesitan más sesiones que la longitud del bloque
fold-003,evaluation,rnn,reference_mae,zero,3,20,11,2000,42,0.0006667751842392947,,,Se necesitan más sesiones que la longitud del bloque
fold-003,evaluation,rnn,reference_mae,parent,3,20,11,2000,42,-0.00027324622370471403,,,Se necesitan más sesiones que la longitud del bloque
fold-003,evaluation,rnn,reference_mse,zero,3,20,11,2000,42,0.0009400214079440087,,,Se necesitan más sesiones que la longitud del bloque
fold-003,evaluation,rnn,reference_mse,parent,3,20,11,2000,42,0.0,,,Se necesitan más sesiones que la longitud del bloque
fold-003,evaluation,rnn,reinforce,zero,3,20,11,2000,42,0.0011383937881973656,,,Se necesitan más sesiones que la longitud del bloque
fold-003,evaluation,rnn,reinforce,parent,3,20,11,2000,42,8.919927792098802e-05,,,Se necesitan más sesiones que la longitud del bloque
fold-003,evaluation,rnn,reinforce,initial_policy,3,20,11,2000,42,0.0,,,Se necesitan más sesiones que la longitud del bloque
fold-003,evaluation,rnn,reinforce,center,3,20,11,2000,42,8.919927792098802e-05,,,Se necesitan más sesiones que la longitud del bloque
fold-003,evaluation,xgboost,expected,zero,3,20,11,2000,42,1.0146803747195712e-05,,,Se necesitan más sesiones que la longitud del bloque
fold-003,evaluation,xgboost,expected,parent,3,20,11,2000,42,-0.00017109142375697738,,,Se necesitan más sesiones que la longitud del bloque
fold-003,evaluation,xgboost,expected,initial_policy,3,20,11,2000,42,0.0,,,Se necesitan más sesiones que la longitud del bloque
fold-003,evaluation,xgboost,expected,center,3,20,11,2000,42,-0.00017109142375697738,,,Se necesitan más sesiones que la longitud del bloque
fold-003,evaluation,xgboost,klpo_exact,zero,3,20,11,2000,42,1.0146803747195712e-05,,,Se necesitan más sesiones que la longitud del bloque
fold-003,evaluation,xgboost,klpo_exact,parent,3,20,11,2000,42,-0.00017109142375697738,,,Se necesitan más sesiones que la longitud del bloque
fold-003,evaluation,xgboost,klpo_exact,initial_policy,3,20,11,2000,42,0.0,,,Se necesitan más sesiones que la longitud del bloque
fold-003,evaluation,xgboost,klpo_exact,center,3,20,11,2000,42,-0.00017109142375697738,,,Se necesitan más sesiones que la longitud del bloque
fold-003,evaluation,xgboost,klpo_full,zero,3,20,11,2000,42,1.0146803747195712e-05,,,Se necesitan más sesiones que la longitud del bloque
fold-003,evaluation,xgboost,klpo_full,parent,3,20,11,2000,42,-0.00017109142375697738,,,Se necesitan más sesiones que la longitud del bloque
fold-003,evaluation,xgboost,klpo_full,initial_policy,3,20,11,2000,42,0.0,,,Se necesitan más sesiones que la longitud del bloque
fold-003,evaluation,xgboost,klpo_full,center,3,20,11,2000,42,-0.00017109142375697738,,,Se necesitan más sesiones que la longitud del bloque
fold-003,evaluation,xgboost,klpo_mc,zero,3,20,11,2000,42,1.0146803747195712e-05,,,Se necesitan más sesiones que la longitud del bloque
fold-003,evaluation,xgboost,klpo_mc,parent,3,20,11,2000,42,-0.00017109142375697738,,,Se necesitan más sesiones que la longitud del bloque
fold-003,evaluation,xgboost,klpo_mc,initial_policy,3,20,11,2000,42,0.0,,,Se necesitan más sesiones que la longitud del bloque
fold-003,evaluation,xgboost,klpo_mc,center,3,20,11,2000,42,-0.00017109142375697738,,,Se necesitan más sesiones que la longitud del bloque
fold-003,evaluation,xgboost,mae,zero,3,20,11,2000,42,1.0146803747195712e-05,,,Se necesitan más sesiones que la longitud del bloque
fold-003,evaluation,xgboost,mae,parent,3,20,11,2000,42,-0.00017109142375697738,,,Se necesitan más sesiones que la longitud del bloque
fold-003,evaluation,xgboost,mae,initial_policy,3,20,11,2000,42,0.0,,,Se necesitan más sesiones que la longitud del bloque
fold-003,evaluation,xgboost,mae,center,3,20,11,2000,42,-0.00017109142375697738,,,Se necesitan más sesiones que la longitud del bloque
fold-003,evaluation,xgboost,reinforce,zero,3,20,11,2000,42,1.0146803747195712e-05,,,Se necesitan más sesiones que la longitud del bloque
fold-003,evaluation,xgboost,reinforce,parent,3,20,11,2000,42,-0.00017109142375697738,,,Se necesitan más sesiones que la longitud del bloque
fold-003,evaluation,xgboost,reinforce,initial_policy,3,20,11,2000,42,0.0,,,Se necesitan más sesiones que la longitud del bloque
fold-003,evaluation,xgboost,reinforce,center,3,20,11,2000,42,-0.00017109142375697738,,,Se necesitan más sesiones que la longitud del bloque
fold-003,evaluation,xgboost,xgboost,zero,3,20,11,2000,42,0.0001812382275041731,,,Se necesitan más sesiones que la longitud del bloque
