run_id,kind,stage,seed,loss,learning_rate,epoch,train_mae_during_updates,validation_mae_after_epoch,train_mse_during_updates,validation_mse_after_epoch
rnn-mse-0.0001-s42,rnn,base,42,mse,0.0001,1,0.43643842339515687,0.20346043467521668,0.22141877114772796,0.08132142603397369
rnn-mse-0.0001-s42,rnn,base,42,mse,0.0001,2,0.21811961084604264,0.1460852313041687,0.0772688081022352,0.03563094347715378
rnn-mse-0.0001-s42,rnn,base,42,mse,0.0001,3,0.14128218665719033,0.1881658887863159,0.02981813477817923,0.04117460064589977
rnn-mse-0.0001-s42,rnn,base,42,mse,0.0001,4,0.15404579043388367,0.21375655591487885,0.027005904540419578,0.053036263957619664
rnn-mse-0.0001-s42,rnn,base,42,mse,0.0001,5,0.15661224871873855,0.2069673052430153,0.03097498957067728,0.05130785584449768
rnn-mse-0.0001-s42,rnn,base,42,mse,0.0001,6,0.14575343132019042,0.1803872862458229,0.02777057243511081,0.039028335958719254
rnn-mse-0.0001-s42,rnn,base,42,mse,0.0001,7,0.12565106749534607,0.14616237103939056,0.02000551987439394,0.025463058706372978
rnn-mse-0.0001-s42,rnn,base,42,mse,0.0001,8,0.1019515223801136,0.1135469126701355,0.012963461130857468,0.015867056045681237
rnn-mse-0.0001-s42,rnn,base,42,mse,0.0001,9,0.0805503074079752,0.08821588188409805,0.008543114096391946,0.010549946166574955
rnn-mse-0.0001-s42,rnn,base,42,mse,0.0001,10,0.06618846654891967,0.07441982254385948,0.005928833654616028,0.007808391842991114
rnn-mse-0.0001-s42,rnn,base,42,mse,0.0001,11,0.05441594459116459,0.06703801184892655,0.004005533410236239,0.006318096015602351
rnn-mse-0.0001-s42,rnn,base,42,mse,0.0001,12,0.042675365880131724,0.06296371281147004,0.0025091281509958207,0.0055627471115440134
rnn-mse-0.0001-s42,rnn,base,42,mse,0.0001,13,0.03325930461287498,0.06043431550264358,0.0016043490497395397,0.005211814953945577
rnn-mse-0.0001-s42,rnn,base,42,mse,0.0001,14,0.027732443064451218,0.05771357163786888,0.0012153954245150088,0.004853086716029793
rnn-mse-0.0001-s42,rnn,base,42,mse,0.0001,15,0.02527870610356331,0.05379430912435055,0.0010339411848690361,0.0042608522390946745
rnn-mse-0.0001-s42,rnn,base,42,mse,0.0001,16,0.023232046887278555,0.04887930527329445,0.0008700985577888787,0.00354329664260149
rnn-mse-0.0001-s42,rnn,base,42,mse,0.0001,17,0.021643177419900895,0.04447364784777164,0.0007344615063630044,0.0029334514844231306
rnn-mse-0.0001-s42,rnn,base,42,mse,0.0001,18,0.020838861539959907,0.041583603098988536,0.00066584866726771,0.0025548234139569103
rnn-mse-0.0001-s42,rnn,base,42,mse,0.0001,19,0.02061109319329262,0.0403326141834259,0.0006395933742169291,0.00239630168187432
rnn-mse-0.0001-s42,rnn,base,42,mse,0.0001,20,0.020308075472712517,0.04030161775648594,0.0006201210431754589,0.0023859729594551027
rnn-mse-0.0001-s42,rnn,base,42,mse,0.0001,21,0.01986655965447426,0.040909566730260846,0.0006005738512612879,0.002435165252536535
rnn-mse-0.0001-s42,rnn,base,42,mse,0.0001,22,0.019442403689026833,0.041336280331015586,0.0005834159208461642,0.0024697475507855417
rnn-mse-0.0001-s42,rnn,base,42,mse,0.0001,23,0.019102118164300918,0.041337609365582464,0.0005666174518410116,0.002461749789072201
rnn-mse-0.0001-s42,rnn,base,42,mse,0.0001,24,0.01881510466337204,0.04109072782099247,0.0005495878343936056,0.002428816385800019
rnn-mse-0.0001-s42,rnn,base,42,mse,0.0001,25,0.01855391524732113,0.040883554071187975,0.0005341203359421343,0.0024016239831689745
rnn-mse-0.0001-s42,rnn,base,42,mse,0.0001,26,0.018289175629615784,0.040874513387680056,0.00052040551090613,0.002395950424252078
rnn-mse-0.0001-s42,rnn,base,42,mse,0.0001,27,0.018011219799518585,0.04102851428091526,0.000507584901060909,0.002407472903141752
rnn-mse-0.0001-s42,rnn,base,42,mse,0.0001,28,0.01776010077446699,0.041197465583682064,0.0004956213000696152,0.0024204817065037786
rnn-mse-0.0001-s42,rnn,base,42,mse,0.0001,29,0.017532122693955897,0.041259586662054065,0.0004846672003623098,0.0024219051375985144
rnn-mse-0.0001-s42,rnn,base,42,mse,0.0001,30,0.017314167134463786,0.041184362545609476,0.00047447336255572735,0.0024083861359395086
rnn-mse-0.0001-s43,rnn,base,43,mse,0.0001,1,0.13705672323703766,0.060767378211021426,0.021792440116405486,0.004369776453822851
rnn-mse-0.0001-s43,rnn,base,43,mse,0.0001,2,0.04944018833339214,0.08561976507306099,0.00351085786242038,0.009558084439486265
rnn-mse-0.0001-s43,rnn,base,43,mse,0.0001,3,0.08299249932169914,0.08442579954862595,0.009350505517795682,0.00900431115180254
rnn-mse-0.0001-s43,rnn,base,43,mse,0.0001,4,0.0708723209798336,0.04555096656084061,0.007005559012759477,0.003389090672135353
rnn-mse-0.0001-s43,rnn,base,43,mse,0.0001,5,0.051001489907503125,0.03871184572577477,0.003723175183404237,0.0017867655307054519
rnn-mse-0.0001-s43,rnn,base,43,mse,0.0001,6,0.041008657589554784,0.036172618865966795,0.00270496248267591,0.0015289723686873914
rnn-mse-0.0001-s43,rnn,base,43,mse,0.0001,7,0.030607638880610466,0.028146009221673013,0.0015567732392810286,0.0010307213058695197
rnn-mse-0.0001-s43,rnn,base,43,mse,0.0001,8,0.02329977210611105,0.027971575409173964,0.0009714376181364059,0.0011825225700158625
rnn-mse-0.0001-s43,rnn,base,43,mse,0.0001,9,0.02426517605781555,0.027078861966729165,0.0010748110245913268,0.0010851972503587604
rnn-mse-0.0001-s43,rnn,base,43,mse,0.0001,10,0.022116373106837273,0.022418426051735878,0.0008989079622551798,0.0006745044607669115
rnn-mse-0.0001-s43,rnn,base,43,mse,0.0001,11,0.021460095420479774,0.02096633434295654,0.0007721725443843753,0.000545009016059339
rnn-mse-0.0001-s43,rnn,base,43,mse,0.0001,12,0.02268269769847393,0.020053241401910782,0.0007971556973643601,0.0005104327690787613
rnn-mse-0.0001-s43,rnn,base,43,mse,0.0001,13,0.02186465747654438,0.020037086904048918,0.0007500826031900942,0.0005327207851223648
rnn-mse-0.0001-s43,rnn,base,43,mse,0.0001,14,0.020505517721176147,0.020210679545998575,0.0007073800545185805,0.0005540187982842326
rnn-mse-0.0001-s43,rnn,base,43,mse,0.0001,15,0.019611598551273347,0.019344422817230224,0.0006609882751945406,0.0005007395311258734
rnn-mse-0.0001-s43,rnn,base,43,mse,0.0001,16,0.019288088008761407,0.018555479273200035,0.0006286057468969375,0.00046089074108749626
rnn-mse-0.0001-s43,rnn,base,43,mse,0.0001,17,0.019190689735114574,0.018364911302924156,0.0006110990711022168,0.00045553018571808934
rnn-mse-0.0001-s43,rnn,base,43,mse,0.0001,18,0.018627578392624855,0.018514713048934938,0.000583966594422236,0.0004669574135914445
rnn-mse-0.0001-s43,rnn,base,43,mse,0.0001,19,0.018141835182905196,0.018283644393086433,0.0005603456986136735,0.00045965181197971106
rnn-mse-0.0001-s43,rnn,base,43,mse,0.0001,20,0.017800880409777165,0.017702767923474312,0.0005387842189520598,0.00043212258024141195
rnn-mse-0.0001-s43,rnn,base,43,mse,0.0001,21,0.01755292359739542,0.017228974550962447,0.0005192118580453098,0.0004124979698099196
rnn-mse-0.0001-s43,rnn,base,43,mse,0.0001,22,0.01729685813188553,0.01698093593120575,0.0004997649666620418,0.00040495520690456035
rnn-mse-0.0001-s43,rnn,base,43,mse,0.0001,23,0.016991212218999862,0.016701726913452147,0.000480845954734832,0.00039652205538004637
rnn-mse-0.0001-s43,rnn,base,43,mse,0.0001,24,0.01670180484652519,0.016286411806941032,0.00046308508317451926,0.00038115753326565025
rnn-mse-0.0001-s43,rnn,base,43,mse,0.0001,25,0.01644661258906126,0.015978401824831963,0.0004464520665351301,0.0003675958188250661
rnn-mse-0.0001-s43,rnn,base,43,mse,0.0001,26,0.016185183078050613,0.01575474292039871,0.00043081691255792977,0.00035973591031506657
rnn-mse-0.0001-s43,rnn,base,43,mse,0.0001,27,0.01589809563010931,0.015550573021173478,0.0004158660536631942,0.0003528287005610764
rnn-mse-0.0001-s43,rnn,base,43,mse,0.0001,28,0.01562599781900644,0.015346071496605874,0.0004017959494376555,0.0003440812905319035
rnn-mse-0.0001-s43,rnn,base,43,mse,0.0001,29,0.015401577018201352,0.015150946974754333,0.00038864207454025745,0.0003362320293672383
rnn-mse-0.0001-s43,rnn,base,43,mse,0.0001,30,0.015176968276500702,0.014972616657614709,0.0003762354434002191,0.000330324110109359
rnn-mse-0.0001-s44,rnn,base,44,mse,0.0001,1,0.05833743661642075,0.05528095781803131,0.005175943160429597,0.003425962794572115
rnn-mse-0.0001-s44,rnn,base,44,mse,0.0001,2,0.047293826937675476,0.034290027543902396,0.0035034476546570658,0.0026509425789117812
rnn-mse-0.0001-s44,rnn,base,44,mse,0.0001,3,0.04048179537057876,0.04615671932697296,0.0028189031523652374,0.0026430247351527216
rnn-mse-0.0001-s44,rnn,base,44,mse,0.0001,4,0.040254709869623186,0.043529657423496244,0.0023981132777407765,0.0024924557562917473
rnn-mse-0.0001-s44,rnn,base,44,mse,0.0001,5,0.03409398980438709,0.0333597681671381,0.0018549427855759858,0.0023427660344168544
rnn-mse-0.0001-s44,rnn,base,44,mse,0.0001,6,0.030389880761504173,0.034817783534526824,0.0017551323748193682,0.002111179819330573
rnn-mse-0.0001-s44,rnn,base,44,mse,0.0001,7,0.0288986224681139,0.034850497990846635,0.0014848142862319946,0.001980916247703135
rnn-mse-0.0001-s44,rnn,base,44,mse,0.0001,8,0.025888077542185785,0.030532888397574426,0.0012295975582674145,0.0019048021058551967
rnn-mse-0.0001-s44,rnn,base,44,mse,0.0001,9,0.024853946641087532,0.03026913456618786,0.0011722866562195121,0.001711137485690415
rnn-mse-0.0001-s44,rnn,base,44,mse,0.0001,10,0.023351527750492096,0.02993453875184059,0.0010234120185486973,0.0015927379764616488
rnn-mse-0.0001-s44,rnn,base,44,mse,0.0001,11,0.02256821431219578,0.028364188522100448,0.0009179657907225191,0.0015420775464735925
rnn-mse-0.0001-s44,rnn,base,44,mse,0.0001,12,0.02185196653008461,0.028446645736694337,0.000854096352122724,0.0014443424018099904
rnn-mse-0.0001-s44,rnn,base,44,mse,0.0001,13,0.021143798157572745,0.027949817180633545,0.0007741847424767911,0.0013995397207327187
rnn-mse-0.0001-s44,rnn,base,44,mse,0.0001,14,0.020467215776443483,0.0274609462171793,0.0007118161884136498,0.001370730309281498
rnn-mse-0.0001-s44,rnn,base,44,mse,0.0001,15,0.01989953815937042,0.027653403133153915,0.00065904357470572,0.0013294043694622815
rnn-mse-0.0001-s44,rnn,base,44,mse,0.0001,16,0.019287793710827828,0.02723568193614483,0.0006048164679668844,0.0013135952618904413
rnn-mse-0.0001-s44,rnn,base,44,mse,0.0001,17,0.018717289343476294,0.02737164534628391,0.0005643534241244197,0.0012893219781108202
rnn-mse-0.0001-s44,rnn,base,44,mse,0.0001,18,0.018203075043857098,0.027384546101093293,0.0005244547442998737,0.0012716436828486622
rnn-mse-0.0001-s44,rnn,base,44,mse,0.0001,19,0.017636428028345107,0.027319097071886064,0.0004898683400824666,0.0012582374876365066
rnn-mse-0.0001-s44,rnn,base,44,mse,0.0001,20,0.017185134440660478,0.027390826046466827,0.0004607235488947481,0.0012414294807240366
rnn-mse-0.0001-s44,rnn,base,44,mse,0.0001,21,0.016717486456036566,0.02725884862244129,0.0004333889519330114,0.001229904603678733
rnn-mse-0.0001-s44,rnn,base,44,mse,0.0001,22,0.016294913925230504,0.027229799032211302,0.0004105995933059603,0.0012150982953608037
rnn-mse-0.0001-s44,rnn,base,44,mse,0.0001,23,0.01594628132879734,0.027110071256756782,0.00038959276280365885,0.0012028149073012174
rnn-mse-0.0001-s44,rnn,base,44,mse,0.0001,24,0.015603620558977127,0.02701867379248142,0.0003713997837621719,0.001189737169770524
rnn-mse-0.0001-s44,rnn,base,44,mse,0.0001,25,0.01529206484556198,0.026919970884919167,0.0003551096509909257,0.0011773847450967877
rnn-mse-0.0001-s44,rnn,base,44,mse,0.0001,26,0.014983894675970078,0.026807559579610826,0.00034050990943796934,0.0011659815872553736
rnn-mse-0.0001-s44,rnn,base,44,mse,0.0001,27,0.014707802794873714,0.02671094097197056,0.00032752590195741507,0.0011546946922317148
rnn-mse-0.0001-s44,rnn,base,44,mse,0.0001,28,0.014435491524636745,0.026593478992581368,0.0003156921186018735,0.0011447466525714844
rnn-mse-0.0001-s44,rnn,base,44,mse,0.0001,29,0.014181710593402386,0.02649474035948515,0.0003050466737477109,0.001134863761253655
rnn-mse-0.0001-s44,rnn,base,44,mse,0.0001,30,0.013931592740118504,0.02638343397527933,0.00029524329875130206,0.0011261481756810099
rnn-mse-0.001-s42,rnn,base,42,mse,0.001,1,0.16119707524776458,0.34413072884082796,0.036080127395689485,0.13721471786499023
rnn-mse-0.001-s42,rnn,base,42,mse,0.001,2,0.20580955147743224,0.08901948273181916,0.0690806427039206,0.011435560211539268
rnn-mse-0.001-s42,rnn,base,42,mse,0.001,3,0.10380935147404671,0.05582223013043404,0.01843174173263833,0.0050477835163474085
rnn-mse-0.001-s42,rnn,base,42,mse,0.001,4,0.10021539404988289,0.04572138369083405,0.01927014152170159,0.003355282824486494
rnn-mse-0.001-s42,rnn,base,42,mse,0.001,5,0.04411744028329849,0.07205413430929183,0.002527745976112783,0.00629370629787445
rnn-mse-0.001-s42,rnn,base,42,mse,0.001,6,0.06015932410955429,0.031124907732009887,0.0044386313995346425,0.0013505941908806562
rnn-mse-0.001-s42,rnn,base,42,mse,0.001,7,0.026581545174121857,0.0487628660351038,0.0010243553668260574,0.002949878496583551
rnn-mse-0.001-s42,rnn,base,42,mse,0.001,8,0.037983155064284804,0.020025359839200972,0.002185116644250229,0.0007042042957618832
rnn-mse-0.001-s42,rnn,base,42,mse,0.001,9,0.027604035288095474,0.028774167746305465,0.001080121728591621,0.0012244777102023363
rnn-mse-0.001-s42,rnn,base,42,mse,0.001,10,0.017509252205491065,0.013661074638366699,0.0005878142372239381,0.00029277901048772035
rnn-mse-0.001-s42,rnn,base,42,mse,0.001,11,0.021670927293598652,0.01401856292039156,0.0007362926960922777,0.00029180673882365225
rnn-mse-0.001-s42,rnn,base,42,mse,0.001,12,0.015110423602163792,0.01660422667860985,0.0004106262233108282,0.0004863154515624046
rnn-mse-0.001-s42,rnn,base,42,mse,0.001,13,0.016108240559697153,0.014681387171149253,0.0004867105162702501,0.00042460453463718297
rnn-mse-0.001-s42,rnn,base,42,mse,0.001,14,0.013854974880814552,0.01745341382920742,0.0003530550806317478,0.00044592107413336633
rnn-mse-0.001-s42,rnn,base,42,mse,0.001,15,0.015117414854466915,0.01494003988802433,0.0003692081605549902,0.0004265473992563784
rnn-mse-0.001-s42,rnn,base,42,mse,0.001,16,0.013721993938088418,0.014358319118618965,0.00033331744780298325,0.00042580210836604235
rnn-mse-0.001-s42,rnn,base,42,mse,0.001,17,0.012700271792709827,0.014325493797659874,0.00029667866474483164,0.0003676951420493424
rnn-mse-0.001-s42,rnn,base,42,mse,0.001,18,0.01314267162233591,0.01379851095378399,0.00029176768730394543,0.00035595295717939736
rnn-mse-0.001-s42,rnn,base,42,mse,0.001,19,0.012401260063052177,0.013799545019865037,0.00027371887117624285,0.0003746552090160549
rnn-mse-0.001-s42,rnn,base,42,mse,0.001,20,0.012082974240183831,0.014720135033130646,0.00026447873970028015,0.00038412868045270446
rnn-mse-0.001-s42,rnn,base,42,mse,0.001,21,0.012148245889693498,0.015014707893133163,0.0002542934031225741,0.0003933302080258727
rnn-mse-0.001-s42,rnn,base,42,mse,0.001,22,0.011963690724223852,0.01461442455649376,0.0002465860263328068,0.0003908788040280342
rnn-mse-0.001-s42,rnn,base,42,mse,0.001,23,0.011692892853170633,0.01489720918238163,0.00023877022904343902,0.000384445006493479
rnn-mse-0.001-s42,rnn,base,42,mse,0.001,24,0.011584778409451246,0.014711660891771316,0.00023274233390111477,0.000377177803311497
rnn-mse-0.001-s42,rnn,base,42,mse,0.001,25,0.011415429972112178,0.014618316367268562,0.00022677209926769137,0.0003764452179893851
rnn-mse-0.001-s42,rnn,base,42,mse,0.001,26,0.011273373570293187,0.015024462714791298,0.0002222856055595912,0.00038247688906267285
rnn-mse-0.001-s42,rnn,base,42,mse,0.001,27,0.0111826884560287,0.015019870698451995,0.00021759460942121222,0.0003835145384073257
rnn-mse-0.001-s42,rnn,base,42,mse,0.001,28,0.011063567548990249,0.015069098249077796,0.00021360409009503202,0.0003832926577888429
rnn-mse-0.001-s42,rnn,base,42,mse,0.001,29,0.010949121508747339,0.015183480829000473,0.00021006635579396972,0.0003823595540598035
rnn-mse-0.001-s42,rnn,base,42,mse,0.001,30,0.010844728816300631,0.015106096267700195,0.00020646604534704238,0.00037984946509823204
rnn-mse-0.001-s43,rnn,base,43,mse,0.001,1,0.15061909817159175,0.11606649190187454,0.032858696137554946,0.015929219163954258
rnn-mse-0.001-s43,rnn,base,43,mse,0.001,2,0.12689913660287858,0.06560492813587189,0.01829721573740244,0.005834853444248438
rnn-mse-0.001-s43,rnn,base,43,mse,0.001,3,0.09707592390477657,0.031097290217876435,0.013948947540484369,0.0014319153688848018
rnn-mse-0.001-s43,rnn,base,43,mse,0.001,4,0.06087969206273556,0.056682678759098055,0.006257238041143864,0.003920724671334028
rnn-mse-0.001-s43,rnn,base,43,mse,0.001,5,0.026947778090834616,0.03167520478367805,0.0011583290761336684,0.001285841572098434
rnn-mse-0.001-s43,rnn,base,43,mse,0.001,6,0.04034654051065445,0.011799062639474868,0.0020766864297911527,0.00021269617020152509
rnn-mse-0.001-s43,rnn,base,43,mse,0.001,7,0.023590738698840142,0.037436233907938,0.0008269012731034308,0.0016143633425235748
rnn-mse-0.001-s43,rnn,base,43,mse,0.001,8,0.021551574394106866,0.01025295339524746,0.0007292499241884798,0.00018876994960010052
rnn-mse-0.001-s43,rnn,base,43,mse,0.001,9,0.021395736373960972,0.012651651874184608,0.0006453140696976334,0.00025154702016152444
rnn-mse-0.001-s43,rnn,base,43,mse,0.001,10,0.015566263720393181,0.01707554206252098,0.00038507728313561527,0.0004937165533192456
rnn-mse-0.001-s43,rnn,base,43,mse,0.001,11,0.0153474697843194,0.011393544524908065,0.00039770755101926626,0.000258953629527241
rnn-mse-0.001-s43,rnn,base,43,mse,0.001,12,0.014585392735898494,0.010977686047554017,0.0003322126780403778,0.00022895959788002073
rnn-mse-0.001-s43,rnn,base,43,mse,0.001,13,0.013312972895801068,0.012008175626397133,0.00029537611117120833,0.0002876563067547977
rnn-mse-0.001-s43,rnn,base,43,mse,0.001,14,0.012675496749579906,0.01121558889746666,0.00028947854589205234,0.00024170162389054893
rnn-mse-0.001-s43,rnn,base,43,mse,0.001,15,0.01264607384800911,0.010534369349479676,0.00027434215589892117,0.00020949116558767854
rnn-mse-0.001-s43,rnn,base,43,mse,0.001,16,0.012033683247864246,0.011283082365989685,0.0002526436990592629,0.00024463996058329937
rnn-mse-0.001-s43,rnn,base,43,mse,0.001,17,0.011844215355813504,0.010911348834633827,0.00025210507301380857,0.00023248926270753146
rnn-mse-0.001-s43,rnn,base,43,mse,0.001,18,0.011873908713459969,0.010789736062288285,0.0002446322323521599,0.00022931971005164087
rnn-mse-0.001-s43,rnn,base,43,mse,0.001,19,0.01164389904588461,0.011175208017230034,0.00023654536344110965,0.0002429562690667808
rnn-mse-0.001-s43,rnn,base,43,mse,0.001,20,0.011439822893589736,0.011176320239901543,0.00023237571003846823,0.00023873318452388048
rnn-mse-0.001-s43,rnn,base,43,mse,0.001,21,0.011433041840791702,0.011362086609005928,0.00022827410139143468,0.0002414445613976568
rnn-mse-0.001-s43,rnn,base,43,mse,0.001,22,0.01127550434321165,0.011591149047017097,0.00022326609905576333,0.0002478697302285582
rnn-mse-0.001-s43,rnn,base,43,mse,0.001,23,0.011158455815166234,0.011698634475469588,0.00022034323919797316,0.0002512293611653149
rnn-mse-0.001-s43,rnn,base,43,mse,0.001,24,0.011093056853860616,0.011863091960549355,0.00021629232651321217,0.0002562453434802592
rnn-mse-0.001-s43,rnn,base,43,mse,0.001,25,0.011004637368023396,0.01196624182164669,0.0002132579596946016,0.00026047876686789093
rnn-mse-0.001-s43,rnn,base,43,mse,0.001,26,0.010939965303987265,0.012043835893273354,0.00021034580713603647,0.00026367621147073807
rnn-mse-0.001-s43,rnn,base,43,mse,0.001,27,0.010849403962492944,0.012137563601136207,0.00020711053512059152,0.000266336880158633
rnn-mse-0.001-s43,rnn,base,43,mse,0.001,28,0.010781366564333438,0.012229401469230652,0.00020457520731724798,0.00026993244886398316
rnn-mse-0.001-s43,rnn,base,43,mse,0.001,29,0.010710705071687698,0.012326581478118897,0.0002016973085119389,0.0002730040461756289
rnn-mse-0.001-s43,rnn,base,43,mse,0.001,30,0.010634517483413219,0.012474895939230918,0.00019914567092200742,0.0002769275160972029
rnn-mse-0.001-s44,rnn,base,44,mse,0.001,1,0.20812003761529924,0.15983262211084365,0.05943733840249479,0.03207789696753025
rnn-mse-0.001-s44,rnn,base,44,mse,0.001,2,0.17666618824005126,0.08457208096981049,0.04433636954054236,0.01128722608089447
rnn-mse-0.001-s44,rnn,base,44,mse,0.001,3,0.06546684131026267,0.11863316357135772,0.006412196438759565,0.021531422771513462
rnn-mse-0.001-s44,rnn,base,44,mse,0.001,4,0.07757195308804513,0.06673635706305504,0.008550818031653761,0.005573982652276754
rnn-mse-0.001-s44,rnn,base,44,mse,0.001,5,0.05876188725233078,0.052222154214978216,0.00452609802596271,0.0035038816276937723
rnn-mse-0.001-s44,rnn,base,44,mse,0.001,6,0.046560950577259064,0.04958375722169876,0.003216681256890297,0.004643671228550374
rnn-mse-0.001-s44,rnn,base,44,mse,0.001,7,0.030175738036632538,0.03274212583899498,0.0017359614372253417,0.0015111995581537484
rnn-mse-0.001-s44,rnn,base,44,mse,0.001,8,0.03312093280255794,0.02637269988656044,0.00147088214289397,0.0010489147086627782
rnn-mse-0.001-s44,rnn,base,44,mse,0.001,9,0.021867101639509202,0.0324841383844614,0.0008073738717939705,0.0017047252738848328
rnn-mse-0.001-s44,rnn,base,44,mse,0.001,10,0.02152472622692585,0.019913070574402808,0.0009091353858821094,0.0007306060031987727
rnn-mse-0.001-s44,rnn,base,44,mse,0.001,11,0.020672671124339105,0.019577540047466754,0.0007118874869775027,0.0006734143232461065
rnn-mse-0.001-s44,rnn,base,44,mse,0.001,12,0.016722661815583705,0.02414747804403305,0.0004926393245114014,0.0009846263867802918
rnn-mse-0.001-s44,rnn,base,44,mse,0.001,13,0.01656316202133894,0.021313456408679484,0.0004972134775016457,0.00071378153283149
rnn-mse-0.001-s44,rnn,base,44,mse,0.001,14,0.016160823032259942,0.02210841964930296,0.000420218805084005,0.0007468082569539547
rnn-mse-0.001-s44,rnn,base,44,mse,0.001,15,0.015203383564949036,0.022681846246123315,0.0003828143584541976,0.0008143527305219323
rnn-mse-0.001-s44,rnn,base,44,mse,0.001,16,0.014442182518541813,0.021949483677744866,0.00035060482332482934,0.000686861485010013
rnn-mse-0.001-s44,rnn,base,44,mse,0.001,17,0.014290025271475316,0.022013782039284707,0.0003324751858599484,0.0007164997281506657
rnn-mse-0.001-s44,rnn,base,44,mse,0.001,18,0.014116613194346428,0.021683862283825874,0.0003203504311386496,0.0006740210368297994
rnn-mse-0.001-s44,rnn,base,44,mse,0.001,19,0.013703201711177827,0.021469484269618987,0.00030785755661781876,0.0006368230492807925
rnn-mse-0.001-s44,rnn,base,44,mse,0.001,20,0.013604906015098095,0.021671921387314795,0.0002969451830722392,0.0006554610643070191
rnn-mse-0.001-s44,rnn,base,44,mse,0.001,21,0.01343852560967207,0.021557091623544692,0.0002897379134083167,0.0006253372703213245
rnn-mse-0.001-s44,rnn,base,44,mse,0.001,22,0.013291688077151776,0.021759372875094413,0.0002824478899128735,0.0006424954649992287
rnn-mse-0.001-s44,rnn,base,44,mse,0.001,23,0.01322437934577465,0.02168104872107506,0.00027504400350153446,0.0006323739618528634
rnn-mse-0.001-s44,rnn,base,44,mse,0.001,24,0.013025321811437608,0.02162978649139404,0.00026843716623261573,0.0006290002097375691
rnn-mse-0.001-s44,rnn,base,44,mse,0.001,25,0.012932761199772358,0.021494206935167313,0.00026147619500989095,0.0006213545019272715
rnn-mse-0.001-s44,rnn,base,44,mse,0.001,26,0.0127518679946661,0.02136259190738201,0.00025524128432152793,0.000612643143394962
rnn-mse-0.001-s44,rnn,base,44,mse,0.001,27,0.012607913091778755,0.021278698295354843,0.0002485347693436779,0.0006070554733742028
rnn-mse-0.001-s44,rnn,base,44,mse,0.001,28,0.0124131727963686,0.021233543530106546,0.000242212439479772,0.0006055949965957552
rnn-mse-0.001-s44,rnn,base,44,mse,0.001,29,0.012250778079032899,0.021148756742477418,0.0002355879289098084,0.0006001738691702485
rnn-mse-0.001-s44,rnn,base,44,mse,0.001,30,0.012035288475453853,0.02120815426111221,0.00022920388146303595,0.0006096916610840708
rnn-mae-0.0001-s42,rnn,base,42,mae,0.0001,1,0.43587177991867065,0.20108393907546998,0.220712910592556,0.07973507165908814
rnn-mae-0.0001-s42,rnn,base,42,mae,0.0001,2,0.20172861367464065,0.14653540432453155,0.06671606032177806,0.03482644245028496
rnn-mae-0.0001-s42,rnn,base,42,mae,0.0001,3,0.14607000797986985,0.1872451949119568,0.028418523934669794,0.04050671204924584
rnn-mae-0.0001-s42,rnn,base,42,mae,0.0001,4,0.15221045315265655,0.18673777103424072,0.026590441539883613,0.040558055564761164
rnn-mae-0.0001-s42,rnn,base,42,mae,0.0001,5,0.13770032823085784,0.16553124725818635,0.02322886250913143,0.0328879663720727
rnn-mae-0.0001-s42,rnn,base,42,mae,0.0001,6,0.11352888345718384,0.1339644032716751,0.016917168628424406,0.022392055131495
rnn-mae-0.0001-s42,rnn,base,42,mae,0.0001,7,0.08490264788269997,0.09726286575198173,0.010224495315924287,0.012765634646639228
rnn-mae-0.0001-s42,rnn,base,42,mae,0.0001,8,0.057048024237155916,0.06620322018861771,0.0049637156073004006,0.006778907361440361
rnn-mae-0.0001-s42,rnn,base,42,mae,0.0001,9,0.03677677102386952,0.04987651206552982,0.002065427403431386,0.0041694581252522765
rnn-mae-0.0001-s42,rnn,base,42,mae,0.0001,10,0.0313367635011673,0.040634564943611624,0.0013849753886461258,0.002720827431185171
rnn-mae-0.0001-s42,rnn,base,42,mae,0.0001,11,0.027987486124038695,0.032387745529413224,0.0011409386876039206,0.0015981106855906546
rnn-mae-0.0001-s42,rnn,base,42,mae,0.0001,12,0.02656068988144398,0.03100579060614109,0.0010713794617913663,0.001426859158091247
rnn-mae-0.0001-s42,rnn,base,42,mae,0.0001,13,0.02311897501349449,0.03844565808773041,0.0008167899679392577,0.0021658905793447048
rnn-mae-0.0001-s42,rnn,base,42,mae,0.0001,14,0.018820135667920113,0.04334376834332943,0.0005552642280235887,0.0026868803158868106
rnn-mae-0.0001-s42,rnn,base,42,mae,0.0001,15,0.018229913897812366,0.0428778050839901,0.0005296250397805125,0.002587002993095666
rnn-mae-0.0001-s42,rnn,base,42,mae,0.0001,16,0.016984175145626067,0.039475862458348276,0.0004702829115558416,0.0021655830671079455
rnn-mae-0.0001-s42,rnn,base,42,mae,0.0001,17,0.015170533023774625,0.033988022357225416,0.00040123156504705547,0.0015900360012892634
rnn-mae-0.0001-s42,rnn,base,42,mae,0.0001,18,0.014778741449117661,0.03573622718453407,0.00040055896097328513,0.0017286732734646648
rnn-mae-0.0001-s42,rnn,base,42,mae,0.0001,19,0.013851814344525338,0.03362840853631496,0.0003626462479587644,0.0015451353101525456
rnn-mae-0.0001-s42,rnn,base,42,mae,0.0001,20,0.013415449485182761,0.035769958272576334,0.0003468369191978127,0.0017438904906157404
rnn-mae-0.0001-s42,rnn,base,42,mae,0.0001,21,0.012966779246926307,0.03200707241892815,0.00032307529327226805,0.0014072339481208474
rnn-mae-0.0001-s42,rnn,base,42,mae,0.0001,22,0.012514038570225238,0.0343291974812746,0.0003204828535672277,0.0015935024386271835
rnn-mae-0.0001-s42,rnn,base,42,mae,0.0001,23,0.012587503530085087,0.028566916286945344,0.00030978458526078614,0.0011165084096137435
rnn-mae-0.0001-s42,rnn,base,42,mae,0.0001,24,0.012700100615620612,0.03544023975729942,0.00033662747737253087,0.0017088858014903962
rnn-mae-0.0001-s42,rnn,base,42,mae,0.0001,25,0.012403611838817597,0.030186680629849433,0.00028513678116723893,0.0012683872017078101
rnn-mae-0.0001-s42,rnn,base,42,mae,0.0001,26,0.01170581802725792,0.03223523311316967,0.0002942239749245346,0.001446693594334647
rnn-mae-0.0001-s42,rnn,base,42,mae,0.0001,27,0.011521738395094872,0.02991849459707737,0.00027012040081899615,0.0012460768653545528
rnn-mae-0.0001-s42,rnn,base,42,mae,0.0001,28,0.011262740381062031,0.03148516915738583,0.0002742600947385654,0.0013724581780843437
rnn-mae-0.0001-s42,rnn,base,42,mae,0.0001,29,0.011003323458135128,0.030239906758069993,0.0002592247139546089,0.001268694611499086
rnn-mae-0.0001-s42,rnn,base,42,mae,0.0001,30,0.01085400553420186,0.030797368213534355,0.0002563255897257477,0.0013173742720391601
rnn-mae-0.0001-s43,rnn,base,43,mae,0.0001,1,0.1365140676498413,0.059866122007369994,0.021639904752373696,0.004259108118712902
rnn-mae-0.0001-s43,rnn,base,43,mae,0.0001,2,0.05343652255833149,0.058981968536972997,0.0041347347781993445,0.005334873138926923
rnn-mae-0.0001-s43,rnn,base,43,mae,0.0001,3,0.06240828186273575,0.05479662239551544,0.005301278666593134,0.004493576341774315
rnn-mae-0.0001-s43,rnn,base,43,mae,0.0001,4,0.052125869691371916,0.03545533634722233,0.0039012878318317235,0.001960080217104405
rnn-mae-0.0001-s43,rnn,base,43,mae,0.0001,5,0.03568246439099312,0.03190628327429294,0.0020682818605564533,0.0012536292080767453
rnn-mae-0.0001-s43,rnn,base,43,mae,0.0001,6,0.02536834366619587,0.030108347162604333,0.0011093608802184463,0.0013991649122908712
rnn-mae-0.0001-s43,rnn,base,43,mae,0.0001,7,0.026195523887872697,0.02605406478047371,0.0012401958054397255,0.0010016794316470624
rnn-mae-0.0001-s43,rnn,base,43,mae,0.0001,8,0.02268530912697315,0.021809396892786027,0.0008702410152181983,0.0005921949888579547
rnn-mae-0.0001-s43,rnn,base,43,mae,0.0001,9,0.023363570496439934,0.022393722310662268,0.0008596748986747116,0.0006988260662183166
rnn-mae-0.0001-s43,rnn,base,43,mae,0.0001,10,0.020770355686545373,0.02129206754267216,0.0007511531410273164,0.0006161582842469216
rnn-mae-0.0001-s43,rnn,base,43,mae,0.0001,11,0.019525092840194703,0.02060074344277382,0.0006765760947018862,0.0005769094033166766
rnn-mae-0.0001-s43,rnn,base,43,mae,0.0001,12,0.01887530405074358,0.020453971177339554,0.0006434129463741556,0.0005793416709639132
rnn-mae-0.0001-s43,rnn,base,43,mae,0.0001,13,0.01812840923666954,0.01990420378744602,0.0006042046006768942,0.000544190970249474
rnn-mae-0.0001-s43,rnn,base,43,mae,0.0001,14,0.017330021411180497,0.018783003166317938,0.0005571587214944884,0.0004721561982296407
rnn-mae-0.0001-s43,rnn,base,43,mae,0.0001,15,0.016666004061698915,0.01830681063234806,0.0005203331762459129,0.0004471816215664148
rnn-mae-0.0001-s43,rnn,base,43,mae,0.0001,16,0.016118259541690348,0.017963857501745225,0.0004921280808048323,0.0004353247885592282
rnn-mae-0.0001-s43,rnn,base,43,mae,0.0001,17,0.015423001907765865,0.016606484204530716,0.00045706715900450945,0.0003748283488675952
rnn-mae-0.0001-s43,rnn,base,43,mae,0.0001,18,0.01494120005518198,0.016813914626836776,0.000427511497400701,0.0003871503402478993
rnn-mae-0.0001-s43,rnn,base,43,mae,0.0001,19,0.01449251938611269,0.015586327388882637,0.0004096906806807965,0.0003319540503434837
rnn-mae-0.0001-s43,rnn,base,43,mae,0.0001,20,0.013884524442255497,0.014927263036370278,0.0003760932944715023,0.00030781616689637306
rnn-mae-0.0001-s43,rnn,base,43,mae,0.0001,21,0.013564191199839115,0.013308007270097733,0.00035675853141583504,0.0002846661419607699
rnn-mae-0.0001-s43,rnn,base,43,mae,0.0001,22,0.013620381616055966,0.013212174475193024,0.0003368934878380969,0.00026895319344475864
rnn-mae-0.0001-s43,rnn,base,43,mae,0.0001,23,0.01277855522930622,0.013259705752134324,0.00031475835130549966,0.0002642415347509086
rnn-mae-0.0001-s43,rnn,base,43,mae,0.0001,24,0.01255582831799984,0.012740072384476662,0.0003087925724685192,0.0002634931495413184
rnn-mae-0.0001-s43,rnn,base,43,mae,0.0001,25,0.012427914515137672,0.012289452403783797,0.00029027817654423413,0.0002431974816136062
rnn-mae-0.0001-s43,rnn,base,43,mae,0.0001,26,0.012329035997390747,0.012108674496412277,0.00028895108262076973,0.0002490742318332195
rnn-mae-0.0001-s43,rnn,base,43,mae,0.0001,27,0.012602388300001622,0.017142873108386993,0.0002877479477319866,0.00043351453728973866
rnn-mae-0.0001-s43,rnn,base,43,mae,0.0001,28,0.014637999795377254,0.011895990297198296,0.00033407110895495863,0.0002373701217584312
rnn-mae-0.0001-s43,rnn,base,43,mae,0.0001,29,0.01306392289698124,0.012880708053708077,0.00028975117311347276,0.00024206783971749245
rnn-mae-0.0001-s43,rnn,base,43,mae,0.0001,30,0.014411352388560773,0.013035658672451973,0.000376491088536568,0.0002887177630327642
rnn-mae-0.0001-s44,rnn,base,44,mae,0.0001,1,0.060521753132343294,0.06691192060709,0.005520695494487882,0.0051094737835228445
rnn-mae-0.0001-s44,rnn,base,44,mae,0.0001,2,0.05139646902680397,0.033805878162384034,0.0038620809093117712,0.0027444418321829287
rnn-mae-0.0001-s44,rnn,base,44,mae,0.0001,3,0.04438684210181236,0.04129718601703644,0.003427819674834609,0.002388230576179922
rnn-mae-0.0001-s44,rnn,base,44,mae,0.0001,4,0.04012870118021965,0.04467650502920151,0.002434443193487823,0.002535783378407359
rnn-mae-0.0001-s44,rnn,base,44,mae,0.0001,5,0.03502079397439957,0.035386135801672935,0.0019732339307665823,0.0027302758977748452
rnn-mae-0.0001-s44,rnn,base,44,mae,0.0001,6,0.03517986834049225,0.03831866100430489,0.0022092228988185524,0.002204233156517148
rnn-mae-0.0001-s44,rnn,base,44,mae,0.0001,7,0.030316472798585892,0.03224213875830174,0.0015811547986231745,0.002148400726728141
rnn-mae-0.0001-s44,rnn,base,44,mae,0.0001,8,0.028751347213983536,0.030874026641249656,0.0015789433498866856,0.001967951864935458
rnn-mae-0.0001-s44,rnn,base,44,mae,0.0001,9,0.02582884393632412,0.03232345804572105,0.0013249164214357734,0.001757654994726181
rnn-mae-0.0001-s44,rnn,base,44,mae,0.0001,10,0.024446946382522584,0.029826036244630812,0.001155826635658741,0.0019071521959267556
rnn-mae-0.0001-s44,rnn,base,44,mae,0.0001,11,0.02362433709204197,0.03111106626689434,0.0011493784142658115,0.0015638308320194483
rnn-mae-0.0001-s44,rnn,base,44,mae,0.0001,12,0.022566744685173036,0.0275966689735651,0.0009704842930659651,0.0016088329744525253
rnn-mae-0.0001-s44,rnn,base,44,mae,0.0001,13,0.021364274993538858,0.027400245890021324,0.0009205548267345876,0.0014896455802954733
rnn-mae-0.0001-s44,rnn,base,44,mae,0.0001,14,0.020812658593058586,0.02756242997944355,0.0008169746317435056,0.0015756834764033556
rnn-mae-0.0001-s44,rnn,base,44,mae,0.0001,15,0.020358895137906074,0.02852961830794811,0.0008547136094421148,0.0013730393047444523
rnn-mae-0.0001-s44,rnn,base,44,mae,0.0001,16,0.019199852272868155,0.030262398645281793,0.0006865978299174458,0.0019499226042535157
rnn-mae-0.0001-s44,rnn,base,44,mae,0.0001,17,0.021898261457681655,0.03415178649127484,0.0009263664949685335,0.0015288339648395776
rnn-mae-0.0001-s44,rnn,base,44,mae,0.0001,18,0.021383855491876602,0.03076519466936588,0.0008004364382941276,0.002005284499609843
rnn-mae-0.0001-s44,rnn,base,44,mae,0.0001,19,0.02092558927834034,0.03339076586067677,0.0008363384287804366,0.0014994669798761605
rnn-mae-0.0001-s44,rnn,base,44,mae,0.0001,20,0.020304292812943457,0.029936873838305473,0.0006818456458859146,0.0018785382562782615
rnn-mae-0.0001-s44,rnn,base,44,mae,0.0001,21,0.020741081610322,0.03500016309320927,0.000797713571228087,0.001541460300795734
rnn-mae-0.0001-s44,rnn,base,44,mae,0.0001,22,0.022817561402916908,0.02964443787932396,0.0007845319225452841,0.0017723391239997
rnn-mae-0.0001-s44,rnn,base,44,mae,0.0001,23,0.020680717006325722,0.03223467007279396,0.0007748485601041466,0.0014085134444758295
rnn-mae-0.0001-s44,rnn,base,44,mae,0.0001,24,0.019956400990486144,0.028599486723542213,0.0006239985465072096,0.0015711129654664546
rnn-mae-0.0001-s44,rnn,base,44,mae,0.0001,25,0.019302507117390632,0.029196169823408127,0.0006876569124870003,0.0012906714761629701
rnn-mae-0.0001-s44,rnn,base,44,mae,0.0001,26,0.017419844493269922,0.02749026194214821,0.0004755010071676224,0.0012695080076809973
rnn-mae-0.0001-s44,rnn,base,44,mae,0.0001,27,0.016139347478747366,0.02738424263894558,0.0004896015976555646,0.0011800118221435695
rnn-mae-0.0001-s44,rnn,base,44,mae,0.0001,28,0.015343035385012627,0.025852636061608793,0.000392756616929546,0.0011248584813438355
rnn-mae-0.0001-s44,rnn,base,44,mae,0.0001,29,0.014449911564588547,0.02611809838563204,0.0004072103358339518,0.0010283787222579123
rnn-mae-0.0001-s44,rnn,base,44,mae,0.0001,30,0.014285476319491864,0.024438796564936638,0.00037528999091591687,0.0010199429118074477
rnn-mae-0.001-s42,rnn,base,42,mae,0.001,1,0.1394330896437168,0.44487746477127077,0.030899078166112304,0.21064846068620682
rnn-mae-0.001-s42,rnn,base,42,mae,0.001,2,0.41570059657096864,0.14455046087503434,0.18119892179965974,0.021665855795145034
rnn-mae-0.001-s42,rnn,base,42,mae,0.001,3,0.1251366227865219,0.12061916440725326,0.01806175506208092,0.014881424196064473
rnn-mae-0.001-s42,rnn,base,42,mae,0.001,4,0.09684956986457109,0.1223593419790268,0.012300255772424861,0.015231884866952896
rnn-mae-0.001-s42,rnn,base,42,mae,0.001,5,0.07978293001651764,0.03719975233078003,0.008246383140794932,0.0018774393107742072
rnn-mae-0.001-s42,rnn,base,42,mae,0.001,6,0.07540726326406003,0.03868053674697876,0.0076860178611241285,0.0024910250119864943
rnn-mae-0.001-s42,rnn,base,42,mae,0.001,7,0.01691812463104725,0.02372951038181782,0.0005080605740658938,0.0007203152077272534
rnn-mae-0.001-s42,rnn,base,42,mae,0.001,8,0.02133711725473404,0.051156154423952105,0.0007192118966486305,0.002856606738641858
rnn-mae-0.001-s42,rnn,base,42,mae,0.001,9,0.037870476767420766,0.013531761169433594,0.00214238571934402,0.00026008469169028106
rnn-mae-0.001-s42,rnn,base,42,mae,0.001,10,0.014957177825272084,0.020562990084290505,0.0003885117126628757,0.0006818368192762136
rnn-mae-0.001-s42,rnn,base,42,mae,0.001,11,0.028999806940555574,0.01846150144934654,0.0011423910968005658,0.0005638800119049847
rnn-mae-0.001-s42,rnn,base,42,mae,0.001,12,0.027872708812355994,0.022558061257004738,0.0009862535283900798,0.0006368272006511688
rnn-mae-0.001-s42,rnn,base,42,mae,0.001,13,0.02201041541993618,0.017756784707307814,0.0007398135494440794,0.000463117603212595
rnn-mae-0.001-s42,rnn,base,42,mae,0.001,14,0.0185336260125041,0.020990868359804155,0.0004943247564369813,0.0006807580729946494
rnn-mae-0.001-s42,rnn,base,42,mae,0.001,15,0.01983160376548767,0.020575154609978198,0.0005998790264129638,0.0005781422834843398
rnn-mae-0.001-s42,rnn,base,42,mae,0.001,16,0.031103083118796348,0.018108522593975065,0.0011960941832512618,0.00045075778150931
rnn-mae-0.001-s42,rnn,base,42,mae,0.001,17,0.02233208417892456,0.01867284666746855,0.0007228582922834903,0.0005015217151958496
rnn-mae-0.001-s42,rnn,base,42,mae,0.001,18,0.024190422147512436,0.015025719627737999,0.000758281524758786,0.0003923932649195194
rnn-mae-0.001-s42,rnn,base,42,mae,0.001,19,0.021732442453503607,0.013989541083574294,0.0006972736824536696,0.00037971652811393143
rnn-mae-0.001-s42,rnn,base,42,mae,0.001,20,0.02019670344889164,0.016248020976781845,0.0005575009738095105,0.0004074693680740893
rnn-mae-0.001-s42,rnn,base,42,mae,0.001,21,0.01797984801232815,0.018953434340655804,0.0004879796295426786,0.0005248864332679659
rnn-mae-0.001-s42,rnn,base,42,mae,0.001,22,0.02050994671881199,0.020793972983956337,0.0005655911576468497,0.0006073542544618249
rnn-mae-0.001-s42,rnn,base,42,mae,0.001,23,0.02014456279575825,0.018426679261028766,0.0005908997904043644,0.0005073359364178031
rnn-mae-0.001-s42,rnn,base,42,mae,0.001,24,0.02083314936608076,0.019973914921283722,0.0005796239187475294,0.0005649829329922796
rnn-mae-0.001-s42,rnn,base,42,mae,0.001,25,0.021039424836635588,0.016880487687885762,0.0006292223464697599,0.0004454856179654598
rnn-mae-0.001-s42,rnn,base,42,mae,0.001,26,0.02135288417339325,0.017316290512681007,0.0006061637541279197,0.0004312677611596882
rnn-mae-0.001-s42,rnn,base,42,mae,0.001,27,0.019134817644953728,0.015336614958941936,0.0005387859477195889,0.00038511212915182114
rnn-mae-0.001-s42,rnn,base,42,mae,0.001,28,0.01773571651428938,0.016725652441382407,0.0004351365729235113,0.0004239756311289966
rnn-mae-0.001-s42,rnn,base,42,mae,0.001,29,0.018009659089148044,0.01590366829186678,0.00048539488925598563,0.0004043864831328392
rnn-mae-0.001-s42,rnn,base,42,mae,0.001,30,0.018690398335456847,0.01847065217792988,0.00047453934093937277,0.0004732244275510311
rnn-mae-0.001-s43,rnn,base,43,mae,0.001,1,0.16926236748695372,0.06475971095263958,0.03340700641274452,0.006710626843851059
rnn-mae-0.001-s43,rnn,base,43,mae,0.001,2,0.07035371698439122,0.04565663695335388,0.0072598643600940704,0.003422071076929569
rnn-mae-0.001-s43,rnn,base,43,mae,0.001,3,0.0942802980542183,0.03122780330479145,0.013071905757533387,0.0011709423176944256
rnn-mae-0.001-s43,rnn,base,43,mae,0.001,4,0.04306860640645027,0.050466391146183016,0.002534321346320212,0.0029394476022571326
rnn-mae-0.001-s43,rnn,base,43,mae,0.001,5,0.06571573689579964,0.016204462870955467,0.005346958979498595,0.0005450527789071202
rnn-mae-0.001-s43,rnn,base,43,mae,0.001,6,0.053075904957950115,0.02251940742135048,0.0037677379208616913,0.0008476374717429281
rnn-mae-0.001-s43,rnn,base,43,mae,0.001,7,0.04503308460116386,0.02647592417895794,0.00269940875004977,0.0008481146511621773
rnn-mae-0.001-s43,rnn,base,43,mae,0.001,8,0.029610884562134742,0.021476466879248618,0.0011723063071258366,0.000689264782704413
rnn-mae-0.001-s43,rnn,base,43,mae,0.001,9,0.02738954536616802,0.0106036726385355,0.0010799305280670523,0.00021922859130427241
rnn-mae-0.001-s43,rnn,base,43,mae,0.001,10,0.021733378618955614,0.01293196715414524,0.0006731987639795988,0.00029299551504664124
rnn-mae-0.001-s43,rnn,base,43,mae,0.001,11,0.022248397581279278,0.01958337686955929,0.0007162065798183903,0.0005328694824129343
rnn-mae-0.001-s43,rnn,base,43,mae,0.001,12,0.020791109278798105,0.020013957396149636,0.000662711967015639,0.0004842666885815561
rnn-mae-0.001-s43,rnn,base,43,mae,0.001,13,0.020044404640793802,0.01962137445807457,0.0005463588167913258,0.0006120043573901058
rnn-mae-0.001-s43,rnn,base,43,mae,0.001,14,0.016669135168194772,0.02607055813074112,0.0004539425775874406,0.0008060740283690393
rnn-mae-0.001-s43,rnn,base,43,mae,0.001,15,0.02107122540473938,0.020949366316199303,0.0006153004360385239,0.0006635125121101737
rnn-mae-0.001-s43,rnn,base,43,mae,0.001,16,0.017986370995640755,0.021694242358207702,0.0005065790959633887,0.0005817818257492036
rnn-mae-0.001-s43,rnn,base,43,mae,0.001,17,0.019147096760571004,0.025533410161733626,0.0004931599483825267,0.0008372517162933946
rnn-mae-0.001-s43,rnn,base,43,mae,0.001,18,0.022215473651885986,0.02328528441488743,0.0007034807465970516,0.000649620380718261
rnn-mae-0.001-s43,rnn,base,43,mae,0.001,19,0.02624519430100918,0.01613388381898403,0.000875105446903035,0.00043561222730204463
rnn-mae-0.001-s43,rnn,base,43,mae,0.001,20,0.027989669889211654,0.013058244958519935,0.0010440277867019177,0.0003300468809902668
rnn-mae-0.001-s43,rnn,base,43,mae,0.001,21,0.023822684213519095,0.012114120498299599,0.0007394701358862221,0.00025637060520239174
rnn-mae-0.001-s43,rnn,base,43,mae,0.001,22,0.01735085267573595,0.0124036505818367,0.00044340096646919844,0.00028231140226125717
rnn-mae-0.001-s43,rnn,base,43,mae,0.001,23,0.02134442366659641,0.011317769512534142,0.0006240312708541751,0.00023687200504355133
rnn-mae-0.001-s43,rnn,base,43,mae,0.001,24,0.013914072699844838,0.018723100647330283,0.0003200027975253761,0.0004728292627260089
rnn-mae-0.001-s43,rnn,base,43,mae,0.001,25,0.016008498147130013,0.014033557996153832,0.0003625438956078142,0.0003920668875798583
rnn-mae-0.001-s43,rnn,base,43,mae,0.001,26,0.01372477039694786,0.02528918318450451,0.0003052482265047729,0.0008522682881448417
rnn-mae-0.001-s43,rnn,base,43,mae,0.001,27,0.019212239235639573,0.018623503372073174,0.0004962826147675514,0.0005471615493297577
rnn-mae-0.001-s43,rnn,base,43,mae,0.001,28,0.020502477139234542,0.016177968010306357,0.0005887154664378613,0.0003648546396289021
rnn-mae-0.001-s43,rnn,base,43,mae,0.001,29,0.021385575458407403,0.010945007652044297,0.0005834311654325574,0.00025157386204227805
rnn-mae-0.001-s43,rnn,base,43,mae,0.001,30,0.01823172830045223,0.012324473038315773,0.00048808871069923044,0.00028134258929640054
rnn-mae-0.001-s44,rnn,base,44,mae,0.001,1,0.20034518837928772,0.12937066614627837,0.061703126830980184,0.02816626451909542
rnn-mae-0.001-s44,rnn,base,44,mae,0.001,2,0.14938362650573253,0.10028999805450439,0.03501999475993216,0.012086418271064759
rnn-mae-0.001-s44,rnn,base,44,mae,0.001,3,0.09645304530858993,0.08828911826014518,0.011975255981087684,0.015619827806949616
rnn-mae-0.001-s44,rnn,base,44,mae,0.001,4,0.103171007335186,0.06654762715101242,0.016410425119102002,0.006783486828207969
rnn-mae-0.001-s44,rnn,base,44,mae,0.001,5,0.05763177126646042,0.057177078276872635,0.0043177510844543575,0.004429921628907323
rnn-mae-0.001-s44,rnn,base,44,mae,0.001,6,0.06079043447971344,0.03977670229971409,0.005262002849485725,0.0034488564683124424
rnn-mae-0.001-s44,rnn,base,44,mae,0.001,7,0.0348923834040761,0.029437983334064485,0.001959533989429474,0.001314328769221902
rnn-mae-0.001-s44,rnn,base,44,mae,0.001,8,0.022888407856225968,0.020105164162814618,0.0010128262627404183,0.000669720231089741
rnn-mae-0.001-s44,rnn,base,44,mae,0.001,9,0.026654210314154624,0.020839529223740102,0.0010396496392786503,0.0007901190815027804
rnn-mae-0.001-s44,rnn,base,44,mae,0.001,10,0.018465745262801647,0.03341544769704342,0.0006596028804779052,0.0014737781137228012
rnn-mae-0.001-s44,rnn,base,44,mae,0.001,11,0.021538424678146838,0.01977631129324436,0.0007150341145461426,0.0006092114152852446
rnn-mae-0.001-s44,rnn,base,44,mae,0.001,12,0.025218141824007036,0.04550068199634552,0.000859250035136938,0.0027739836741238833
rnn-mae-0.001-s44,rnn,base,44,mae,0.001,13,0.03860959783196449,0.0510387921333313,0.0019486324046738446,0.0038810959458351136
rnn-mae-0.001-s44,rnn,base,44,mae,0.001,14,0.042389211058616635,0.034204623773694036,0.0026471115939784794,0.0013734215823933483
rnn-mae-0.001-s44,rnn,base,44,mae,0.001,15,0.02317068539559841,0.021004240587353708,0.0007467721705324947,0.0006026464491151273
rnn-mae-0.001-s44,rnn,base,44,mae,0.001,16,0.017126007191836833,0.01701444685459137,0.0004397244221763685,0.00037438216037116945
rnn-mae-0.001-s44,rnn,base,44,mae,0.001,17,0.018614671379327773,0.015501836314797401,0.0005477428145240993,0.00035698820604011415
rnn-mae-0.001-s44,rnn,base,44,mae,0.001,18,0.01629469506442547,0.022043906450271607,0.0004199656017590314,0.0006542130908928812
rnn-mae-0.001-s44,rnn,base,44,mae,0.001,19,0.029239929094910622,0.029323266819119453,0.0012800790544133633,0.001399713223800063
rnn-mae-0.001-s44,rnn,base,44,mae,0.001,20,0.026137261465191842,0.035795588567852976,0.0011306575092021377,0.0016914554662071169
rnn-mae-0.001-s44,rnn,base,44,mae,0.001,21,0.022799711115658282,0.030233717039227486,0.0008446025138255208,0.0011523192247841507
rnn-mae-0.001-s44,rnn,base,44,mae,0.001,22,0.022336150147020818,0.016866817660629748,0.000682772183790803,0.0004316944314632565
rnn-mae-0.001-s44,rnn,base,44,mae,0.001,23,0.01866012215614319,0.04389290064573288,0.0004941152583342046,0.0021404861193150284
rnn-mae-0.001-s44,rnn,base,44,mae,0.001,24,0.03618953581899405,0.010278453156352042,0.0018468021648004652,0.00019156313152052462
rnn-mae-0.001-s44,rnn,base,44,mae,0.001,25,0.016502276994287968,0.02066370442509651,0.0004113767470698804,0.0006390783959068358
rnn-mae-0.001-s44,rnn,base,44,mae,0.001,26,0.012201794423162937,0.026350056529045107,0.00024531120725441725,0.000844242125749588
rnn-mae-0.001-s44,rnn,base,44,mae,0.001,27,0.01917691044509411,0.026900293081998827,0.0004923640168271959,0.001176582738989964
rnn-mae-0.001-s44,rnn,base,44,mae,0.001,28,0.022225718200206756,0.03205804258584976,0.0007695792592130601,0.0013410753291100263
rnn-mae-0.001-s44,rnn,base,44,mae,0.001,29,0.03011850155889988,0.018232349455356598,0.001306683148141019,0.0005290845595300197
rnn-mae-0.001-s44,rnn,base,44,mae,0.001,30,0.014759597554802894,0.02245985493063927,0.00030718874768354,0.0006438126903958619
rnn-huber-0.0001-s42,rnn,base,42,huber,0.0001,1,0.4358788847923279,0.20109458446502684,0.22072028517723083,0.07974198281764984
rnn-huber-0.0001-s42,rnn,base,42,huber,0.0001,2,0.20129027664661409,0.14717787086963655,0.06641222583130002,0.034937049597501754
rnn-huber-0.0001-s42,rnn,base,42,huber,0.0001,3,0.14629033133387565,0.18871180653572084,0.0282997622853145,0.041092418357729914
rnn-huber-0.0001-s42,rnn,base,42,huber,0.0001,4,0.15280518233776091,0.1883428493142128,0.02683092951774597,0.04131083738058806
rnn-huber-0.0001-s42,rnn,base,42,huber,0.0001,5,0.13837172091007233,0.16724848955869676,0.023579683713614942,0.03363643940538168
rnn-huber-0.0001-s42,rnn,base,42,huber,0.0001,6,0.11427870243787766,0.13591111093759536,0.017252198327332734,0.023081698268651963
rnn-huber-0.0001-s42,rnn,base,42,huber,0.0001,7,0.08567173033952713,0.09929429173469544,0.010490569332614542,0.013269260050728917
rnn-huber-0.0001-s42,rnn,base,42,huber,0.0001,8,0.0573802039027214,0.06773715980350971,0.005106288054957986,0.0070904482854530215
rnn-huber-0.0001-s42,rnn,base,42,huber,0.0001,9,0.03723922111093998,0.05084369041025639,0.0021530912723392247,0.004332795043010265
rnn-huber-0.0001-s42,rnn,base,42,huber,0.0001,10,0.031355269998311994,0.0406949507445097,0.0013974146684631705,0.002734981594840065
rnn-huber-0.0001-s42,rnn,base,42,huber,0.0001,11,0.02821817807853222,0.032525744065642355,0.0011598104145377874,0.0016037343768402935
rnn-huber-0.0001-s42,rnn,base,42,huber,0.0001,12,0.027254324033856393,0.03236958011984825,0.0011079014628194272,0.0015697310538962483
rnn-huber-0.0001-s42,rnn,base,42,huber,0.0001,13,0.02329752966761589,0.03921702526509762,0.0008213737746700644,0.0022720405890140683
rnn-huber-0.0001-s42,rnn,base,42,huber,0.0001,14,0.01890372708439827,0.04310888290405274,0.0005679615307599307,0.002680323530221358
rnn-huber-0.0001-s42,rnn,base,42,huber,0.0001,15,0.018365602008998394,0.04242569960653782,0.0005331273074261844,0.0025359419803135095
rnn-huber-0.0001-s42,rnn,base,42,huber,0.0001,16,0.016817152313888074,0.040810744017362593,0.00046218364732339976,0.0023165942332707347
rnn-huber-0.0001-s42,rnn,base,42,huber,0.0001,17,0.015388578549027443,0.03679515279829502,0.0004058588936459273,0.0018484630098100751
rnn-huber-0.0001-s42,rnn,base,42,huber,0.0001,18,0.01455684881657362,0.034473554491996766,0.00038648016925435513,0.0016076946747489273
rnn-huber-0.0001-s42,rnn,base,42,huber,0.0001,19,0.014292223006486892,0.03445699848234653,0.00037913271808065474,0.0016091584763489664
rnn-huber-0.0001-s42,rnn,base,42,huber,0.0001,20,0.013551149703562259,0.035236635208129884,0.0003452967561315745,0.0016939653339795768
rnn-huber-0.0001-s42,rnn,base,42,huber,0.0001,21,0.012934632785618305,0.03474028259515762,0.0003184555156622082,0.0016548329382203518
rnn-huber-0.0001-s42,rnn,base,42,huber,0.0001,22,0.012490272149443626,0.033099432215094565,0.00030299407080747187,0.0015080824645701796
rnn-huber-0.0001-s42,rnn,base,42,huber,0.0001,23,0.012221930176019668,0.03213464729487896,0.00029801233613397927,0.00142672868212685
rnn-huber-0.0001-s42,rnn,base,42,huber,0.0001,24,0.011949525400996207,0.032637219354510305,0.00028940025658812373,0.0014737198734655977
rnn-huber-0.0001-s42,rnn,base,42,huber,0.0001,25,0.011703688185662031,0.032241537496447564,0.0002742505865171552,0.0014392038842197508
rnn-huber-0.0001-s42,rnn,base,42,huber,0.0001,26,0.011491620913147926,0.031767236068844795,0.00026747576775960625,0.001398414452560246
rnn-huber-0.0001-s42,rnn,base,42,huber,0.0001,27,0.011295500118285418,0.03133325077593327,0.00026201586442766713,0.0013638724584598095
rnn-huber-0.0001-s42,rnn,base,42,huber,0.0001,28,0.011150515545159579,0.03193969607353211,0.0002567976654972881,0.0014220377313904464
rnn-huber-0.0001-s42,rnn,base,42,huber,0.0001,29,0.011000570468604564,0.031676289737224576,0.00024592479603597895,0.0014037419692613184
rnn-huber-0.0001-s42,rnn,base,42,huber,0.0001,30,0.010808770917356015,0.031406801119446756,0.0002403196587692946,0.00138598388643004
rnn-huber-0.0001-s43,rnn,base,43,huber,0.0001,1,0.13652230948209762,0.05987170040607452,0.021642359532415868,0.0042596709541976455
rnn-huber-0.0001-s43,rnn,base,43,huber,0.0001,2,0.053246669843792914,0.05967437878251076,0.004097833763808012,0.005417435779236257
rnn-huber-0.0001-s43,rnn,base,43,huber,0.0001,3,0.06281087696552276,0.05566516116261482,0.005368487408850342,0.004584759452845901
rnn-huber-0.0001-s43,rnn,base,43,huber,0.0001,4,0.05234578028321266,0.03533485323190689,0.00393962519010529,0.0019769105268642308
rnn-huber-0.0001-s43,rnn,base,43,huber,0.0001,5,0.03578054942190647,0.032079191654920576,0.002079303679056466,0.0012612666096538305
rnn-huber-0.0001-s43,rnn,base,43,huber,0.0001,6,0.025631006434559823,0.02869311198592186,0.0011102758115157485,0.0012464976240880788
rnn-huber-0.0001-s43,rnn,base,43,huber,0.0001,7,0.025225719809532164,0.025360996723175048,0.0011436413100454957,0.000916027391795069
rnn-huber-0.0001-s43,rnn,base,43,huber,0.0001,8,0.022827417030930518,0.021955184936523438,0.0008712586131878197,0.0005979773448780179
rnn-huber-0.0001-s43,rnn,base,43,huber,0.0001,9,0.023471998795866967,0.021894279569387436,0.000860631070099771,0.0006431657494977116
rnn-huber-0.0001-s43,rnn,base,43,huber,0.0001,10,0.020944887399673463,0.022023350670933722,0.0007627532992046327,0.0006794996233657003
rnn-huber-0.0001-s43,rnn,base,43,huber,0.0001,11,0.0192086648195982,0.020438358932733536,0.0006749929336365313,0.0005603343760594725
rnn-huber-0.0001-s43,rnn,base,43,huber,0.0001,12,0.018833451718091965,0.020944107323884964,0.0006386022665537894,0.0006124589126557112
rnn-huber-0.0001-s43,rnn,base,43,huber,0.0001,13,0.018262522295117378,0.020178197175264357,0.0006167978863231838,0.0005656229751184583
rnn-huber-0.0001-s43,rnn,base,43,huber,0.0001,14,0.01749965250492096,0.01907813087105751,0.000566227181116119,0.0004925806098617613
rnn-huber-0.0001-s43,rnn,base,43,huber,0.0001,15,0.01666136011481285,0.018637700378894805,0.0005182787281228229,0.0004718364798463881
rnn-huber-0.0001-s43,rnn,base,43,huber,0.0001,16,0.0160201458260417,0.017527252212166788,0.00048118780250661075,0.0004146925243549049
rnn-huber-0.0001-s43,rnn,base,43,huber,0.0001,17,0.015412325225770473,0.01710384286940098,0.00044593399506993593,0.0003993829758837819
rnn-huber-0.0001-s43,rnn,base,43,huber,0.0001,18,0.0149026146158576,0.016469556987285614,0.0004204547993140295,0.0003691241634078324
rnn-huber-0.0001-s43,rnn,base,43,huber,0.0001,19,0.014373823814094067,0.015900669917464257,0.00039333958993665875,0.0003448098571971059
rnn-huber-0.0001-s43,rnn,base,43,huber,0.0001,20,0.013920998759567737,0.015096200928092003,0.0003725234651938081,0.0003158838185481727
rnn-huber-0.0001-s43,rnn,base,43,huber,0.0001,21,0.013433644734323024,0.014392712265253066,0.00034686975996010003,0.0002961447392590344
rnn-huber-0.0001-s43,rnn,base,43,huber,0.0001,22,0.013165833801031113,0.013614548444747925,0.00032906743872445076,0.00028235792415216566
rnn-huber-0.0001-s43,rnn,base,43,huber,0.0001,23,0.01276672463864088,0.013085797801613808,0.00030828503076918423,0.00026974891778081656
rnn-huber-0.0001-s43,rnn,base,43,huber,0.0001,24,0.012633687071502208,0.012875895127654075,0.0002981312689371407,0.0002721000276505947
rnn-huber-0.0001-s43,rnn,base,43,huber,0.0001,25,0.012244613468647003,0.012488989233970642,0.00027877653774339707,0.0002570979273878038
rnn-huber-0.0001-s43,rnn,base,43,huber,0.0001,26,0.012094626389443874,0.012742053344845771,0.00027283719682600347,0.00027352380566298963
rnn-huber-0.0001-s43,rnn,base,43,huber,0.0001,27,0.011799600347876549,0.012574022486805916,0.0002567850140621886,0.0002663448150269687
rnn-huber-0.0001-s43,rnn,base,43,huber,0.0001,28,0.011578135192394257,0.012406649738550187,0.00024776366481091825,0.00025969373295083644
rnn-huber-0.0001-s43,rnn,base,43,huber,0.0001,29,0.011408152431249619,0.0132074486464262,0.00024122711911331863,0.00028033630223944783
rnn-huber-0.0001-s43,rnn,base,43,huber,0.0001,30,0.011218998394906522,0.013939055949449539,0.00023051146999932825,0.0002984227449633181
rnn-huber-0.0001-s44,rnn,base,44,huber,0.0001,1,0.05942734628915787,0.063347969353199,0.005335083557292819,0.004516540709882975
rnn-huber-0.0001-s44,rnn,base,44,huber,0.0001,2,0.05048695877194405,0.034231324903666975,0.0038048701360821726,0.0029279267718084158
rnn-huber-0.0001-s44,rnn,base,44,huber,0.0001,3,0.04419644549489021,0.04216088250279427,0.003389244410209358,0.0024004553724080325
rnn-huber-0.0001-s44,rnn,base,44,huber,0.0001,4,0.0400014191865921,0.04250658243894577,0.002404029038734734,0.002400866812095046
rnn-huber-0.0001-s44,rnn,base,44,huber,0.0001,5,0.03439200818538666,0.03469329334795475,0.001968343905173242,0.0026307408977299927
rnn-huber-0.0001-s44,rnn,base,44,huber,0.0001,6,0.03366870135068893,0.03758769541978836,0.0020815460477024315,0.002166350753977895
rnn-huber-0.0001-s44,rnn,base,44,huber,0.0001,7,0.028639904409646987,0.0325630559027195,0.001475098473019898,0.0022523406823165715
rnn-huber-0.0001-s44,rnn,base,44,huber,0.0001,8,0.028716341033577918,0.031996295377612116,0.0015800641383975744,0.0019004870718345047
rnn-huber-0.0001-s44,rnn,base,44,huber,0.0001,9,0.0245038490742445,0.02950014539062977,0.0011964369216002524,0.0018370272638276218
rnn-huber-0.0001-s44,rnn,base,44,huber,0.0001,10,0.02459476888179779,0.029315471202135086,0.0011959142750129104,0.0016188008384779096
rnn-huber-0.0001-s44,rnn,base,44,huber,0.0001,11,0.022602003067731857,0.028004778921604155,0.0010081611340865492,0.0015499377227388323
rnn-huber-0.0001-s44,rnn,base,44,huber,0.0001,12,0.022031917423009872,0.02743582382798195,0.0009610095003154129,0.0014803773979656398
rnn-huber-0.0001-s44,rnn,base,44,huber,0.0001,13,0.020601758360862733,0.026966916248202324,0.000847899925429374,0.001477293106727302
rnn-huber-0.0001-s44,rnn,base,44,huber,0.0001,14,0.01989811919629574,0.027119898200035096,0.0008144404157064856,0.0013911237567663193
rnn-huber-0.0001-s44,rnn,base,44,huber,0.0001,15,0.018878724426031113,0.026896031498908998,0.0007206693349871785,0.0014249814045615495
rnn-huber-0.0001-s44,rnn,base,44,huber,0.0001,16,0.018174871057271957,0.02721758596599102,0.0006942189414985478,0.0013252420770004391
rnn-huber-0.0001-s44,rnn,base,44,huber,0.0001,17,0.017541611939668654,0.02663718953728676,0.000621128740021959,0.0013422394229564815
rnn-huber-0.0001-s44,rnn,base,44,huber,0.0001,18,0.01676826272159815,0.026485769376158715,0.0005739555577747524,0.0012808596761897206
rnn-huber-0.0001-s44,rnn,base,44,huber,0.0001,19,0.016137539967894556,0.026622610837221145,0.0005378758709412068,0.0012110846082214266
rnn-huber-0.0001-s44,rnn,base,44,huber,0.0001,20,0.015512656047940254,0.02577523224055767,0.0004977973614586518,0.0011627379641868175
rnn-huber-0.0001-s44,rnn,base,44,huber,0.0001,21,0.015081899426877498,0.025334258042275907,0.00045714797452092173,0.0011507858033291995
rnn-huber-0.0001-s44,rnn,base,44,huber,0.0001,22,0.014668483659625054,0.025994366370141506,0.0004342743952292949,0.001099813876207918
rnn-huber-0.0001-s44,rnn,base,44,huber,0.0001,23,0.01431316789239645,0.026866548210382462,0.0004337214573752135,0.0010435278399381787
rnn-huber-0.0001-s44,rnn,base,44,huber,0.0001,24,0.014472179301083087,0.02437002707272768,0.0004213110049022362,0.0010331683210097254
rnn-huber-0.0001-s44,rnn,base,44,huber,0.0001,25,0.016393360495567322,0.026885017976164816,0.0004282819922082126,0.0012757733301259578
rnn-huber-0.0001-s44,rnn,base,44,huber,0.0001,26,0.016767870262265207,0.032335613295435904,0.00046079904423095285,0.0013631577347405254
rnn-huber-0.0001-s44,rnn,base,44,huber,0.0001,27,0.02041170671582222,0.028508319966495037,0.0006945585686480626,0.0011609984771348537
rnn-huber-0.0001-s44,rnn,base,44,huber,0.0001,28,0.01517492886632681,0.02729164756834507,0.00039768506831023843,0.0013099414389580487
rnn-huber-0.0001-s44,rnn,base,44,huber,0.0001,29,0.01900588758289814,0.027952785342931746,0.0005479639163240791,0.0011001767893321812
rnn-huber-0.0001-s44,rnn,base,44,huber,0.0001,30,0.013016017526388169,0.02615199316293001,0.00032199948036577554,0.0010284742736257613
rnn-huber-0.001-s42,rnn,base,42,huber,0.001,1,0.1359616056084633,0.45472053170204163,0.029992330982349814,0.2194152933359146
rnn-huber-0.001-s42,rnn,base,42,huber,0.001,2,0.4177893877029419,0.14036514788866042,0.18395339101552963,0.020515759587287904
rnn-huber-0.001-s42,rnn,base,42,huber,0.001,3,0.12870944738388063,0.12001024901866914,0.019150761212222277,0.014715251550078391
rnn-huber-0.001-s42,rnn,base,42,huber,0.001,4,0.08943088557571173,0.11215914577245713,0.01046490881126374,0.012855999395251274
rnn-huber-0.001-s42,rnn,base,42,huber,0.001,5,0.0717726331204176,0.04084722250699997,0.006705390778370202,0.002160980422049761
rnn-huber-0.001-s42,rnn,base,42,huber,0.001,6,0.04534851647913456,0.02002737857401371,0.0027210379019379618,0.0005939812923315913
rnn-huber-0.001-s42,rnn,base,42,huber,0.001,7,0.04645942747592926,0.012713378183543683,0.0025684245163574817,0.00025279734400101005
rnn-huber-0.001-s42,rnn,base,42,huber,0.001,8,0.019356833770871162,0.017473547831177712,0.0007078229915350676,0.00043476069811731576
rnn-huber-0.001-s42,rnn,base,42,huber,0.001,9,0.016299809515476226,0.015833376422524453,0.0004730186250526458,0.0004574984754435718
rnn-huber-0.001-s42,rnn,base,42,huber,0.001,10,0.022709062695503233,0.017797691822052,0.0007733517384622246,0.00048263293341733516
rnn-huber-0.001-s42,rnn,base,42,huber,0.001,11,0.027711817622184755,0.025659459978342056,0.0009754319209605456,0.000796785126440227
rnn-huber-0.001-s42,rnn,base,42,huber,0.001,12,0.025443556159734725,0.018692829720675944,0.0009490032796747982,0.000502380618127063
rnn-huber-0.001-s42,rnn,base,42,huber,0.001,13,0.021798174269497393,0.01908342942595482,0.0006469636282417923,0.0005741435848176479
rnn-huber-0.001-s42,rnn,base,42,huber,0.001,14,0.023425926081836225,0.015566359721124173,0.0008037649269681424,0.0004070081666577607
rnn-huber-0.001-s42,rnn,base,42,huber,0.001,15,0.025649127177894117,0.020002764835953712,0.0008607201743870974,0.0005120214726775885
rnn-huber-0.001-s42,rnn,base,42,huber,0.001,16,0.02072785161435604,0.018183175921440125,0.000648369500413537,0.0004929445881862193
rnn-huber-0.001-s42,rnn,base,42,huber,0.001,17,0.018394280783832075,0.019849436953663827,0.0004787379293702543,0.0005995666282251477
rnn-huber-0.001-s42,rnn,base,42,huber,0.001,18,0.017497459426522255,0.019277652986347676,0.000469358399277553,0.0005354669853113592
rnn-huber-0.001-s42,rnn,base,42,huber,0.001,19,0.020239224098622798,0.025479645282030106,0.0005529468820895999,0.0008173105726018548
rnn-huber-0.001-s42,rnn,base,42,huber,0.001,20,0.022914771735668183,0.02054852366447449,0.0007465716917067766,0.0006108088174369186
rnn-huber-0.001-s42,rnn,base,42,huber,0.001,21,0.022911348938941957,0.018297148942947386,0.0006844928720965981,0.0005177775048650802
rnn-huber-0.001-s42,rnn,base,42,huber,0.001,22,0.022540142200887202,0.01599929206073284,0.0007218812126666308,0.0004342629772145301
rnn-huber-0.001-s42,rnn,base,42,huber,0.001,23,0.021637406572699545,0.016586877480149267,0.0006173802074044942,0.0004014357808046043
rnn-huber-0.001-s42,rnn,base,42,huber,0.001,24,0.017805072665214538,0.016881140395998955,0.0004846108960919082,0.0004418738803360611
rnn-huber-0.001-s42,rnn,base,42,huber,0.001,25,0.017519930191338063,0.018849205374717713,0.0004222028946969658,0.0005304541462101042
rnn-huber-0.001-s42,rnn,base,42,huber,0.001,26,0.017090407945215703,0.019149235412478448,0.00044583409326151016,0.000542672984302044
rnn-huber-0.001-s42,rnn,base,42,huber,0.001,27,0.019507160410284996,0.020168364942073823,0.0005110930826049298,0.0005808339570648968
rnn-huber-0.001-s42,rnn,base,42,huber,0.001,28,0.019388263300061225,0.018361672163009643,0.0005475495359860361,0.0005148272158112377
rnn-huber-0.001-s42,rnn,base,42,huber,0.001,29,0.020404374785721303,0.01769294172525406,0.000545814196811989,0.0004749555396847427
rnn-huber-0.001-s42,rnn,base,42,huber,0.001,30,0.019309189543128012,0.016630948930978776,0.0005396421707700938,0.0004468452325090766
rnn-huber-0.001-s43,rnn,base,43,huber,0.001,1,0.16921062618494034,0.06472162164747715,0.03338601216673851,0.006707915842998773
rnn-huber-0.001-s43,rnn,base,43,huber,0.001,2,0.06842555701732636,0.04925605311989784,0.007037116633728147,0.0044644175842404364
rnn-huber-0.001-s43,rnn,base,43,huber,0.001,3,0.08141116369515658,0.04372637569904327,0.010537811939138919,0.0029823163151741026
rnn-huber-0.001-s43,rnn,base,43,huber,0.001,4,0.06400412172079087,0.0363562323153019,0.00471585444174707,0.001748716337606311
rnn-huber-0.001-s43,rnn,base,43,huber,0.001,5,0.07227384597063065,0.020147332325577735,0.006584247853606939,0.0004929156205616892
rnn-huber-0.001-s43,rnn,base,43,huber,0.001,6,0.03251753468066454,0.01573986418545246,0.0015351368405390532,0.00041700575035065414
rnn-huber-0.001-s43,rnn,base,43,huber,0.001,7,0.04679531063884497,0.017592483162879945,0.002952913485933095,0.0004180897260084748
rnn-huber-0.001-s43,rnn,base,43,huber,0.001,8,0.027052908949553967,0.013416473940014838,0.0010317983687855303,0.0003671671473421156
rnn-huber-0.001-s43,rnn,base,43,huber,0.001,9,0.029593178629875184,0.01034043423831463,0.0012447303859516978,0.00020968858967535198
rnn-huber-0.001-s43,rnn,base,43,huber,0.001,10,0.022850072011351585,0.01351073056459427,0.0007547854038421065,0.00031247440958395603
rnn-huber-0.001-s43,rnn,base,43,huber,0.001,11,0.024254425056278707,0.014235308542847634,0.0008323895919602365,0.00036215692060068247
rnn-huber-0.001-s43,rnn,base,43,huber,0.001,12,0.01937781311571598,0.022067120671272276,0.0005719960841815919,0.0005796455184463411
rnn-huber-0.001-s43,rnn,base,43,huber,0.001,13,0.02119431532919407,0.017838440611958505,0.0006055968638975173,0.0005175463436171413
rnn-huber-0.001-s43,rnn,base,43,huber,0.001,14,0.017534198053181172,0.023219990879297256,0.00047744543990120293,0.0006486536911688745
rnn-huber-0.001-s43,rnn,base,43,huber,0.001,15,0.019666048139333724,0.022134526818990707,0.0005303346726577729,0.0006779728177934885
rnn-huber-0.001-s43,rnn,base,43,huber,0.001,16,0.01904171295464039,0.02167885236442089,0.0005529414338525385,0.00058459926629439
rnn-huber-0.001-s43,rnn,base,43,huber,0.001,17,0.01925714984536171,0.022394655868411065,0.0005033385066781193,0.0006900028325617314
rnn-huber-0.001-s43,rnn,base,43,huber,0.001,18,0.02059426363557577,0.022097120359539986,0.0006089714413974434,0.0006014087796211243
rnn-huber-0.001-s43,rnn,base,43,huber,0.001,19,0.023059316724538804,0.01770250514149666,0.0006879626424051821,0.0004914051201194525
rnn-huber-0.001-s43,rnn,base,43,huber,0.001,20,0.024469753354787828,0.016911091357469557,0.0008093875716440379,0.00039318876690231264
rnn-huber-0.001-s43,rnn,base,43,huber,0.001,21,0.026407399214804173,0.010824389830231667,0.0008921816275687888,0.00021874685073271393
rnn-huber-0.001-s43,rnn,base,43,huber,0.001,22,0.018882350251078605,0.011636785045266152,0.0005224989319685847,0.0002658585994504392
rnn-huber-0.001-s43,rnn,base,43,huber,0.001,23,0.022220009937882423,0.011197480782866477,0.0006674507923889906,0.00023537906934507192
rnn-huber-0.001-s43,rnn,base,43,huber,0.001,24,0.0159323250874877,0.013524407744407654,0.0003935065295081586,0.00031189352856017647
rnn-huber-0.001-s43,rnn,base,43,huber,0.001,25,0.017271842062473296,0.011625757366418838,0.0004213117645122111,0.00028642485849559305
rnn-huber-0.001-s43,rnn,base,43,huber,0.001,26,0.014790546521544457,0.018188401833176614,0.00034419647417962553,0.0004749952408019453
rnn-huber-0.001-s43,rnn,base,43,huber,0.001,27,0.01589078884571791,0.014101475402712822,0.00035145171568728983,0.00037123867077752947
rnn-huber-0.001-s43,rnn,base,43,huber,0.001,28,0.015154979191720486,0.01825791746377945,0.00035703108587767927,0.00046455519390292465
rnn-huber-0.001-s43,rnn,base,43,huber,0.001,29,0.015514468215405941,0.014853703826665877,0.0003348627564264461,0.000403426717966795
rnn-huber-0.001-s43,rnn,base,43,huber,0.001,30,0.015102104656398297,0.019148995727300645,0.0003522863960824907,0.000511714315507561
rnn-huber-0.001-s44,rnn,base,44,huber,0.001,1,0.19961995482444764,0.13424621999263764,0.06121453824453056,0.02981298476457596
rnn-huber-0.001-s44,rnn,base,44,huber,0.001,2,0.13901538476347924,0.11076640039682388,0.0306947200326249,0.014774471074342727
rnn-huber-0.001-s44,rnn,base,44,huber,0.001,3,0.09508382380008698,0.09929274618625641,0.012958246562629939,0.018204586990177633
rnn-huber-0.001-s44,rnn,base,44,huber,0.001,4,0.11801171004772186,0.06792510747909546,0.0201413965318352,0.006827026074752211
rnn-huber-0.001-s44,rnn,base,44,huber,0.001,5,0.0707852452993393,0.06633218869566918,0.006327119749039411,0.00539613826200366
rnn-huber-0.001-s44,rnn,base,44,huber,0.001,6,0.05382479652762413,0.04466853529214859,0.004015645175240934,0.0038277554512023927
rnn-huber-0.001-s44,rnn,base,44,huber,0.001,7,0.03598332032561302,0.027964409440755844,0.002078354044351727,0.0014409021940082311
rnn-huber-0.001-s44,rnn,base,44,huber,0.001,8,0.028978944942355155,0.025120721086859702,0.0015437815687619149,0.0008238130947574973
rnn-huber-0.001-s44,rnn,base,44,huber,0.001,9,0.029758657887578012,0.039357965514063835,0.0012769128778018057,0.0019090316770598293
rnn-huber-0.001-s44,rnn,base,44,huber,0.001,10,0.03148375246673822,0.023420926705002783,0.0015209441189654171,0.0009000668732915074
rnn-huber-0.001-s44,rnn,base,44,huber,0.001,11,0.019061878323554993,0.034380568265914915,0.0006308130919933319,0.0016604661685414612
rnn-huber-0.001-s44,rnn,base,44,huber,0.001,12,0.03156060576438904,0.024031176716089248,0.0014366723014973104,0.000769820095738396
rnn-huber-0.001-s44,rnn,base,44,huber,0.001,13,0.018715186044573784,0.04288371801376343,0.0005257224780507386,0.002183157973922789
rnn-huber-0.001-s44,rnn,base,44,huber,0.001,14,0.040548698604106904,0.022989280223846435,0.002097534475615248,0.0008105247793719172
rnn-huber-0.001-s44,rnn,base,44,huber,0.001,15,0.019134435057640075,0.014367792643606664,0.0005320632713846863,0.0002954148733988404
rnn-huber-0.001-s44,rnn,base,44,huber,0.001,16,0.02071499954909086,0.030157053023576737,0.0006157690659165382,0.0012422187183983623
rnn-huber-0.001-s44,rnn,base,44,huber,0.001,17,0.02200525104999542,0.03868457429111004,0.0007400859671179205,0.002105105286464095
rnn-huber-0.001-s44,rnn,base,44,huber,0.001,18,0.035724032670259476,0.030860815793275834,0.0016421990701928734,0.0015276479953899979
rnn-huber-0.001-s44,rnn,base,44,huber,0.001,19,0.02361917831003666,0.024422853514552118,0.0008299925801111385,0.000808088865596801
rnn-huber-0.001-s44,rnn,base,44,huber,0.001,20,0.020546398125588894,0.017248749136924743,0.0005326960352249443,0.0004177617887035012
rnn-huber-0.001-s44,rnn,base,44,huber,0.001,21,0.013595083542168141,0.03135503306984901,0.00028976473840884863,0.0012207977450452744
rnn-huber-0.001-s44,rnn,base,44,huber,0.001,22,0.02013462521135807,0.019232151657342912,0.0006333503304631449,0.0005371370550710708
rnn-huber-0.001-s44,rnn,base,44,huber,0.001,23,0.024024748615920542,0.015332266986370087,0.0008404834545217455,0.0003531159379053861
rnn-huber-0.001-s44,rnn,base,44,huber,0.001,24,0.016069520078599454,0.02770931489765644,0.0003873796260450035,0.0009510666807182133
rnn-huber-0.001-s44,rnn,base,44,huber,0.001,25,0.021795809827744962,0.01848012614995241,0.0006928298564162106,0.00046814444940537216
rnn-huber-0.001-s44,rnn,base,44,huber,0.001,26,0.01807855796068907,0.018667987808585168,0.00044474310707300904,0.0005114252935163677
rnn-huber-0.001-s44,rnn,base,44,huber,0.001,27,0.018634621053934097,0.02941243678331375,0.0004984854691429064,0.0010527684236876667
rnn-huber-0.001-s44,rnn,base,44,huber,0.001,28,0.022732161357998847,0.01471173632889986,0.0007549112488050014,0.00031276788795366885
rnn-huber-0.001-s44,rnn,base,44,huber,0.001,29,0.013175406865775586,0.0178359879180789,0.0002624416636535898,0.00045132628059946
rnn-huber-0.001-s44,rnn,base,44,huber,0.001,30,0.016427702642977236,0.021898827105760573,0.00040046194626484064,0.0006387251941487193
lstm-mse-0.0001-s42,lstm,base,42,mse,0.0001,1,0.06692065745592117,0.09015373766422272,0.007085465360432863,0.009462776836007833
lstm-mse-0.0001-s42,lstm,base,42,mse,0.0001,2,0.056934469193220136,0.08126275837421418,0.003990399348549545,0.008014343474060296
lstm-mse-0.0001-s42,lstm,base,42,mse,0.0001,3,0.04476825669407845,0.06697416320443153,0.002718974091112614,0.005767213646322489
lstm-mse-0.0001-s42,lstm,base,42,mse,0.0001,4,0.03623081296682358,0.05526840925216675,0.0019186632591299713,0.004464770136401057
lstm-mse-0.0001-s42,lstm,base,42,mse,0.0001,5,0.029437243565917016,0.0497167132794857,0.0012904698029160499,0.0035854371078312395
lstm-mse-0.0001-s42,lstm,base,42,mse,0.0001,6,0.023566295951604845,0.04756017401814461,0.0008313186524901539,0.003162650763988495
lstm-mse-0.0001-s42,lstm,base,42,mse,0.0001,7,0.02073118668049574,0.041018853932619094,0.0006393791816662997,0.0025274024531245234
lstm-mse-0.0001-s42,lstm,base,42,mse,0.0001,8,0.018594986572861672,0.03581087306141853,0.0005062876909505576,0.0021259853150695563
lstm-mse-0.0001-s42,lstm,base,42,mse,0.0001,9,0.01687331832945347,0.03553204134106636,0.00043930382234975697,0.002052419325336814
lstm-mse-0.0001-s42,lstm,base,42,mse,0.0001,10,0.01584597136825323,0.035695730298757555,0.00040482041076757015,0.0020382686145603655
lstm-mse-0.0001-s42,lstm,base,42,mse,0.0001,11,0.015244223736226558,0.033981127589941026,0.00038155846996232865,0.0018981704208999872
lstm-mse-0.0001-s42,lstm,base,42,mse,0.0001,12,0.014681626670062542,0.03347918033599853,0.00036885408917441964,0.0018514739535748959
lstm-mse-0.0001-s42,lstm,base,42,mse,0.0001,13,0.014237815886735916,0.034232739955186844,0.00035242491867393255,0.0018876437470316887
lstm-mse-0.0001-s42,lstm,base,42,mse,0.0001,14,0.013891971670091152,0.03406199783086777,0.0003304830810520798,0.0018646044656634331
lstm-mse-0.0001-s42,lstm,base,42,mse,0.0001,15,0.013407261297106742,0.03374743774533272,0.0003135870909318328,0.0018357960600405932
lstm-mse-0.0001-s42,lstm,base,42,mse,0.0001,16,0.0131104351952672,0.03418043360114097,0.0003004157333634794,0.0018578693643212319
lstm-mse-0.0001-s42,lstm,base,42,mse,0.0001,17,0.012898956052958965,0.03426029101014137,0.00028731818310916423,0.0018598565552383661
lstm-mse-0.0001-s42,lstm,base,42,mse,0.0001,18,0.012698175199329854,0.03403850257396698,0.00027715527976397426,0.0018426324985921384
lstm-mse-0.0001-s42,lstm,base,42,mse,0.0001,19,0.012419876642525196,0.03415446028113365,0.00026793863071361557,0.001846366422250867
lstm-mse-0.0001-s42,lstm,base,42,mse,0.0001,20,0.012192266061902046,0.03412398621439934,0.00025872560363495725,0.001840299516916275
lstm-mse-0.0001-s42,lstm,base,42,mse,0.0001,21,0.012012013979256154,0.033940243124961855,0.0002506431570509449,0.0018237204011529685
lstm-mse-0.0001-s42,lstm,base,42,mse,0.0001,22,0.011822599172592162,0.033961071372032164,0.0002430861146422103,0.0018188743852078915
lstm-mse-0.0001-s42,lstm,base,42,mse,0.0001,23,0.011655555479228497,0.03394960954785347,0.00023597651888849214,0.001810255665332079
lstm-mse-0.0001-s42,lstm,base,42,mse,0.0001,24,0.011530128680169583,0.03391661167144775,0.00022978082415647805,0.0018012474291026592
lstm-mse-0.0001-s42,lstm,base,42,mse,0.0001,25,0.011417664214968681,0.033963355273008346,0.00022405952913686633,0.0018001343589276076
lstm-mse-0.0001-s42,lstm,base,42,mse,0.0001,26,0.011307720467448235,0.033968803882598875,0.00021886376780457794,0.0017972731310874224
lstm-mse-0.0001-s42,lstm,base,42,mse,0.0001,27,0.011208493262529373,0.033992462158203125,0.00021421547717181966,0.0017969418223947287
lstm-mse-0.0001-s42,lstm,base,42,mse,0.0001,28,0.011110874451696872,0.03403479725122452,0.00020990050252294167,0.0017989337351173162
lstm-mse-0.0001-s42,lstm,base,42,mse,0.0001,29,0.011019581370055676,0.034068639874458316,0.00020599909621523693,0.0017994062695652247
lstm-mse-0.0001-s42,lstm,base,42,mse,0.0001,30,0.010933904163539409,0.034128162264823916,0.00020240677695255728,0.0018016473669558762
lstm-mse-0.0001-s43,lstm,base,43,mse,0.0001,1,0.1280634582042694,0.04022055625915527,0.017480960488319396,0.002403549952432513
lstm-mse-0.0001-s43,lstm,base,43,mse,0.0001,2,0.03709722589701414,0.05635541647672653,0.0019552790792658923,0.003971155975013971
lstm-mse-0.0001-s43,lstm,base,43,mse,0.0001,3,0.07350798062980175,0.0339538062363863,0.007240173546597362,0.0015977958077564836
lstm-mse-0.0001-s43,lstm,base,43,mse,0.0001,4,0.04420622065663338,0.032134788408875466,0.0030869468115270137,0.0016102253179997206
lstm-mse-0.0001-s43,lstm,base,43,mse,0.0001,5,0.03956182561814785,0.05350185289978981,0.0020781772793270646,0.0035996045637875797
lstm-mse-0.0001-s43,lstm,base,43,mse,0.0001,6,0.03350585531443358,0.03600218184292316,0.0015196799882687627,0.00193398074246943
lstm-mse-0.0001-s43,lstm,base,43,mse,0.0001,7,0.018741889297962187,0.021131160408258437,0.0005045211466494948,0.0006975179654546082
lstm-mse-0.0001-s43,lstm,base,43,mse,0.0001,8,0.020049360021948813,0.01974451318383217,0.0007069247600156814,0.0006217436026781797
lstm-mse-0.0001-s43,lstm,base,43,mse,0.0001,9,0.01900658831000328,0.023425829634070396,0.0006431004876503721,0.0007952875248156488
lstm-mse-0.0001-s43,lstm,base,43,mse,0.0001,10,0.016706842184066772,0.030077488571405412,0.00043332750210538505,0.00126396507024765
lstm-mse-0.0001-s43,lstm,base,43,mse,0.0001,11,0.018356529623270036,0.029310613125562667,0.0004551253921817988,0.0011984972842037677
lstm-mse-0.0001-s43,lstm,base,43,mse,0.0001,12,0.016249865852296354,0.024319729879498483,0.00038608353934250773,0.0008513017231598497
lstm-mse-0.0001-s43,lstm,base,43,mse,0.0001,13,0.014643805287778377,0.02268303781747818,0.00036452550266403706,0.0007442685915157198
lstm-mse-0.0001-s43,lstm,base,43,mse,0.0001,14,0.014201211929321288,0.02416349045932293,0.00034332157811149954,0.0008380537596531213
lstm-mse-0.0001-s43,lstm,base,43,mse,0.0001,15,0.014215767942368984,0.025798195376992225,0.0003222573490347713,0.0009481273638084531
lstm-mse-0.0001-s43,lstm,base,43,mse,0.0001,16,0.014382696896791457,0.024872127547860147,0.0003174774261424318,0.0008869980718009174
lstm-mse-0.0001-s43,lstm,base,43,mse,0.0001,17,0.013732928223907948,0.02356982946395874,0.000300289539154619,0.000787339952075854
lstm-mse-0.0001-s43,lstm,base,43,mse,0.0001,18,0.013295220397412776,0.023537059798836708,0.0002928738947957754,0.0007826248975470662
lstm-mse-0.0001-s43,lstm,base,43,mse,0.0001,19,0.013220267184078694,0.024150988012552263,0.0002862836088752374,0.0008279742731247097
lstm-mse-0.0001-s43,lstm,base,43,mse,0.0001,20,0.013161466270685197,0.024094692692160607,0.00028095289890188723,0.0008221088023856282
lstm-mse-0.0001-s43,lstm,base,43,mse,0.0001,21,0.01295040939003229,0.023583542183041574,0.0002741458883974701,0.0007809865102171898
lstm-mse-0.0001-s43,lstm,base,43,mse,0.0001,22,0.01280775535851717,0.023508180528879166,0.00026952313201036306,0.0007743659999687225
lstm-mse-0.0001-s43,lstm,base,43,mse,0.0001,23,0.01271442249417305,0.02371214620769024,0.00026523752603679895,0.0007894477841909975
lstm-mse-0.0001-s43,lstm,base,43,mse,0.0001,24,0.012593934498727321,0.023611773326992987,0.0002608715061796829,0.0007813238771632314
lstm-mse-0.0001-s43,lstm,base,43,mse,0.0001,25,0.012453494034707547,0.0233817707747221,0.0002564646303653717,0.0007635246950667352
lstm-mse-0.0001-s43,lstm,base,43,mse,0.0001,26,0.01235219482332468,0.023370307609438895,0.00025261695263907314,0.0007626181852538139
lstm-mse-0.0001-s43,lstm,base,43,mse,0.0001,27,0.012246780097484589,0.023384975492954253,0.0002489733276888728,0.00076390236383304
lstm-mse-0.0001-s43,lstm,base,43,mse,0.0001,28,0.012145511247217656,0.023258140087127687,0.00024530870432499797,0.0007545083737932146
lstm-mse-0.0001-s43,lstm,base,43,mse,0.0001,29,0.012075874395668507,0.023173480331897735,0.0002417401788989082,0.0007485059520695358
lstm-mse-0.0001-s43,lstm,base,43,mse,0.0001,30,0.01199765745550394,0.02316959336400032,0.00023841569782234728,0.0007488001300953328
lstm-mse-0.0001-s44,lstm,base,44,mse,0.0001,1,0.9389978528022767,0.7673095798492432,0.8871099948883057,0.6021486330032348
lstm-mse-0.0001-s44,lstm,base,44,mse,0.0001,2,0.6396658658981323,0.4654191601276398,0.41497626304626467,0.22719791233539582
lstm-mse-0.0001-s44,lstm,base,44,mse,0.0001,3,0.35002315044403076,0.18089599907398224,0.12916163951158524,0.0412806586176157
lstm-mse-0.0001-s44,lstm,base,44,mse,0.0001,4,0.09970246702432632,0.09602378964424134,0.015076249977573753,0.010013801213353872
lstm-mse-0.0001-s44,lstm,base,44,mse,0.0001,5,0.11235967576503754,0.18332659602165222,0.01807779222726822,0.04008218243718147
lstm-mse-0.0001-s44,lstm,base,44,mse,0.0001,6,0.18327741622924804,0.19181449055671693,0.0409343421459198,0.042987056374549866
lstm-mse-0.0001-s44,lstm,base,44,mse,0.0001,7,0.15757980048656464,0.1348902016878128,0.032836273312568665,0.021577192321419716
lstm-mse-0.0001-s44,lstm,base,44,mse,0.0001,8,0.09526459276676177,0.08463929235935211,0.014868473680689932,0.007863487955182791
lstm-mse-0.0001-s44,lstm,base,44,mse,0.0001,9,0.07305060774087906,0.05398075953125954,0.0076574962586164474,0.00693064097315073
lstm-mse-0.0001-s44,lstm,base,44,mse,0.0001,10,0.07598383128643035,0.05756876513361931,0.008251584740355611,0.008870941633358598
lstm-mse-0.0001-s44,lstm,base,44,mse,0.0001,11,0.07488512545824051,0.05491936184465885,0.008549955859780311,0.008258092980831862
lstm-mse-0.0001-s44,lstm,base,44,mse,0.0001,12,0.06642581969499588,0.05088478460907936,0.006765246950089931,0.006447855937294662
lstm-mse-0.0001-s44,lstm,base,44,mse,0.0001,13,0.06038614809513092,0.05893147155642509,0.005105877481400967,0.005655100559815765
lstm-mse-0.0001-s44,lstm,base,44,mse,0.0001,14,0.05912371352314949,0.0671406252682209,0.004739929735660553,0.005760053833946586
lstm-mse-0.0001-s44,lstm,base,44,mse,0.0001,15,0.058646250516176224,0.06796712845563889,0.004875110369175673,0.0057331675756722685
lstm-mse-0.0001-s44,lstm,base,44,mse,0.0001,16,0.0574597530066967,0.06312950432300568,0.004710452072322369,0.005424434393644333
lstm-mse-0.0001-s44,lstm,base,44,mse,0.0001,17,0.055756914615631106,0.05694861814379692,0.004344297107309103,0.005216320985928178
lstm-mse-0.0001-s44,lstm,base,44,mse,0.0001,18,0.05413085520267487,0.05306193172931671,0.004066691547632217,0.005179328643716872
lstm-mse-0.0001-s44,lstm,base,44,mse,0.0001,19,0.05253390371799469,0.05140221074223519,0.0038712114095687867,0.005137618696317077
lstm-mse-0.0001-s44,lstm,base,44,mse,0.0001,20,0.05102183446288109,0.05143636956810951,0.0036690231412649156,0.005028798030689358
lstm-mse-0.0001-s44,lstm,base,44,mse,0.0001,21,0.04963700845837593,0.05204085215926171,0.003473087539896369,0.0049110898375511166
lstm-mse-0.0001-s44,lstm,base,44,mse,0.0001,22,0.0483554020524025,0.05223722770810127,0.0033159215468913316,0.004821351645514369
lstm-mse-0.0001-s44,lstm,base,44,mse,0.0001,23,0.04712540730834007,0.051601224541664124,0.003181447647511959,0.004756083246320486
lstm-mse-0.0001-s44,lstm,base,44,mse,0.0001,24,0.045898540318012236,0.05051083728671074,0.003046693583019078,0.004711805004626512
lstm-mse-0.0001-s44,lstm,base,44,mse,0.0001,25,0.04462747946381569,0.049374666064977646,0.002912357961758971,0.004683122225105763
lstm-mse-0.0001-s44,lstm,base,44,mse,0.0001,26,0.043360397964715955,0.04869179219007492,0.002785137202590704,0.004654514016583562
lstm-mse-0.0001-s44,lstm,base,44,mse,0.0001,27,0.04211561009287834,0.04835872426629066,0.002665256895124912,0.0046149340271949765
lstm-mse-0.0001-s44,lstm,base,44,mse,0.0001,28,0.04092894643545151,0.048117759823799136,0.002551902295090258,0.004567883489653468
lstm-mse-0.0001-s44,lstm,base,44,mse,0.0001,29,0.039825936406850816,0.04787133425474167,0.002445617667399347,0.004523872584104538
lstm-mse-0.0001-s44,lstm,base,44,mse,0.0001,30,0.03879190757870674,0.047707564979791645,0.002345800772309303,0.004489719020202756
lstm-mse-0.001-s42,lstm,base,42,mse,0.001,1,0.18920350521802903,0.1895417046546936,0.04774735551327467,0.03724162995815277
lstm-mse-0.001-s42,lstm,base,42,mse,0.001,2,0.1364762619137764,0.04380308210849762,0.021891455771401523,0.0025920270662754775
lstm-mse-0.001-s42,lstm,base,42,mse,0.001,3,0.02971840463578701,0.06398456364870071,0.0011803931090980768,0.004466743171215057
lstm-mse-0.001-s42,lstm,base,42,mse,0.001,4,0.04548057168722153,0.02240163490176201,0.0027834558859467506,0.0008330249274149537
lstm-mse-0.001-s42,lstm,base,42,mse,0.001,5,0.021232301741838454,0.03362813018262387,0.0006956555036595092,0.0014901924855075777
lstm-mse-0.001-s42,lstm,base,42,mse,0.001,6,0.022843850217759608,0.023868582397699355,0.0008778631308814511,0.001056147962808609
lstm-mse-0.001-s42,lstm,base,42,mse,0.001,7,0.019948172941803934,0.02366429567337036,0.0005900893709622323,0.0010218225885182618
lstm-mse-0.001-s42,lstm,base,42,mse,0.001,8,0.014932615868747234,0.022693084478378298,0.00031614176114089785,0.0007932093809358776
lstm-mse-0.001-s42,lstm,base,42,mse,0.001,9,0.015535357035696506,0.020650361403822898,0.00035319401067681613,0.0007291847886517644
lstm-mse-0.001-s42,lstm,base,42,mse,0.001,10,0.013122955709695816,0.022204921692609788,0.0002846057352144271,0.0008341041393578053
lstm-mse-0.001-s42,lstm,base,42,mse,0.001,11,0.013017588201910258,0.020588016659021376,0.0002559456683229655,0.0006780685717239976
lstm-mse-0.001-s42,lstm,base,42,mse,0.001,12,0.012837007269263267,0.020907624736428262,0.0002516779146390036,0.000708317318931222
lstm-mse-0.001-s42,lstm,base,42,mse,0.001,13,0.011861459631472827,0.021496264338493346,0.00023389618436340243,0.000774882291443646
lstm-mse-0.001-s42,lstm,base,42,mse,0.001,14,0.011677925381809473,0.021004960834980012,0.00021835588850080967,0.0007085648970678449
lstm-mse-0.001-s42,lstm,base,42,mse,0.001,15,0.011970199272036552,0.020949017778038977,0.00022246598964557052,0.0007169165462255478
lstm-mse-0.001-s42,lstm,base,42,mse,0.001,16,0.011536217853426933,0.021158536821603777,0.00021314964105840773,0.0007376482803374529
lstm-mse-0.001-s42,lstm,base,42,mse,0.001,17,0.01152027677744627,0.02091589607298374,0.00020981350971851497,0.0007086790399625897
lstm-mse-0.001-s42,lstm,base,42,mse,0.001,18,0.011529672145843505,0.021085641458630563,0.00020781183848157526,0.0007255816319957375
lstm-mse-0.001-s42,lstm,base,42,mse,0.001,19,0.011334814131259918,0.02114811398088932,0.00020392617880133913,0.0007292081648483873
lstm-mse-0.001-s42,lstm,base,42,mse,0.001,20,0.011319817882031203,0.021106357648968697,0.00020147056929999962,0.0007173769548535347
lstm-mse-0.001-s42,lstm,base,42,mse,0.001,21,0.011256432719528675,0.021128487959504127,0.0001992315665120259,0.0007249896461144089
lstm-mse-0.001-s42,lstm,base,42,mse,0.001,22,0.011158434208482504,0.02110577955842018,0.00019648988090921194,0.0007178309187293052
lstm-mse-0.001-s42,lstm,base,42,mse,0.001,23,0.011134081613272428,0.021113528087735176,0.00019474428991088643,0.0007171252090483903
lstm-mse-0.001-s42,lstm,base,42,mse,0.001,24,0.01103874370455742,0.021157202646136283,0.00019234671053709463,0.0007208850933238864
lstm-mse-0.001-s42,lstm,base,42,mse,0.001,25,0.0109866495244205,0.021164048835635184,0.00019034156284760683,0.0007175248069688678
lstm-mse-0.001-s42,lstm,base,42,mse,0.001,26,0.010929235722869635,0.021180784702301024,0.00018841450510080903,0.0007196271885186434
lstm-mse-0.001-s42,lstm,base,42,mse,0.001,27,0.010852408409118653,0.021184201315045358,0.0001863622441305779,0.0007178254565224051
lstm-mse-0.001-s42,lstm,base,42,mse,0.001,28,0.010806515254080296,0.021193446293473243,0.0001845735969254747,0.0007174212019890547
lstm-mse-0.001-s42,lstm,base,42,mse,0.001,29,0.010730631276965141,0.021215818896889685,0.00018264147511217743,0.0007180951209738851
lstm-mse-0.001-s42,lstm,base,42,mse,0.001,30,0.010681193694472313,0.021230733692646026,0.00018087199277943,0.0007173915952444076
lstm-mse-0.001-s43,lstm,base,43,mse,0.001,1,0.11850899010896683,0.05140425205230713,0.017416675575077534,0.003374984385445714
lstm-mse-0.001-s43,lstm,base,43,mse,0.001,2,0.06944430693984031,0.04961566761136055,0.005447686370462179,0.0036531166918575765
lstm-mse-0.001-s43,lstm,base,43,mse,0.001,3,0.051664776541292666,0.03541727364063263,0.004274388740304858,0.0018538550939410925
lstm-mse-0.001-s43,lstm,base,43,mse,0.001,4,0.02970563545823097,0.02036205865442753,0.0012525682104751468,0.0007419030228629709
lstm-mse-0.001-s43,lstm,base,43,mse,0.001,5,0.02380567416548729,0.018700369894504548,0.0007593435468152166,0.0005227091524284333
lstm-mse-0.001-s43,lstm,base,43,mse,0.001,6,0.01678822413086891,0.017034706100821494,0.00044227469770703466,0.00047209193231537936
lstm-mse-0.001-s43,lstm,base,43,mse,0.001,7,0.02120276018977165,0.017865645810961724,0.0006272858125157654,0.00044768928200937806
lstm-mse-0.001-s43,lstm,base,43,mse,0.001,8,0.015087036788463593,0.014846774116158486,0.0003610743588069454,0.0003789477981626987
lstm-mse-0.001-s43,lstm,base,43,mse,0.001,9,0.013523370772600175,0.016138951033353804,0.0003001380886416882,0.0004369060671888292
lstm-mse-0.001-s43,lstm,base,43,mse,0.001,10,0.01329941228032112,0.01600439488887787,0.00029702567553613335,0.0004049967275932431
lstm-mse-0.001-s43,lstm,base,43,mse,0.001,11,0.012508023530244827,0.015737377107143402,0.0002641860512085259,0.0003808251139707863
lstm-mse-0.001-s43,lstm,base,43,mse,0.001,12,0.012831483222544193,0.015578822493553161,0.0002696570270927623,0.0003570492926519364
lstm-mse-0.001-s43,lstm,base,43,mse,0.001,13,0.01180998980998993,0.014856212660670281,0.000237116745847743,0.00032589595881290736
lstm-mse-0.001-s43,lstm,base,43,mse,0.001,14,0.01171670351177454,0.014830586165189744,0.00023148117761593313,0.00032915034214966
lstm-mse-0.001-s43,lstm,base,43,mse,0.001,15,0.011534314602613449,0.014508269801735878,0.00022211394098121674,0.00031676499755121766
lstm-mse-0.001-s43,lstm,base,43,mse,0.001,16,0.011421028524637222,0.014567699208855629,0.0002158491508453153,0.0003148761170450598
lstm-mse-0.001-s43,lstm,base,43,mse,0.001,17,0.011282109655439854,0.014497825428843498,0.00020979566470487044,0.00030608194647356867
lstm-mse-0.001-s43,lstm,base,43,mse,0.001,18,0.011106113716959954,0.014538415297865868,0.00020634570537367836,0.00030635805102065207
lstm-mse-0.001-s43,lstm,base,43,mse,0.001,19,0.010917995311319827,0.01456686221063137,0.00020115449879085646,0.00031060782028362153
lstm-mse-0.001-s43,lstm,base,43,mse,0.001,20,0.010856746323406696,0.01446595512330532,0.0001982790679903701,0.00030657954164780676
lstm-mse-0.001-s43,lstm,base,43,mse,0.001,21,0.010718036070466041,0.014455396384000778,0.00019380123994778843,0.00030789655167609456
lstm-mse-0.001-s43,lstm,base,43,mse,0.001,22,0.010680007562041283,0.014288151934742928,0.00019077305769314988,0.00029768692096695306
lstm-mse-0.001-s43,lstm,base,43,mse,0.001,23,0.010552541352808475,0.01434075340628624,0.00018743445252766833,0.0003027433273382485
lstm-mse-0.001-s43,lstm,base,43,mse,0.001,24,0.01048638466745615,0.014274544566869735,0.0001842357509303838,0.0002993796544615179
lstm-mse-0.001-s43,lstm,base,43,mse,0.001,25,0.010376518033444882,0.014312717169523238,0.00018148945091525092,0.0003028860001359135
lstm-mse-0.001-s43,lstm,base,43,mse,0.001,26,0.010297621227800846,0.014288433641195298,0.00017865228146547453,0.00030171934980899095
lstm-mse-0.001-s43,lstm,base,43,mse,0.001,27,0.010216813720762729,0.014256108552217484,0.00017619579302845522,0.00030038792407140137
lstm-mse-0.001-s43,lstm,base,43,mse,0.001,28,0.010129996575415134,0.014275482892990111,0.00017354020674247294,0.0003038839192595333
lstm-mse-0.001-s43,lstm,base,43,mse,0.001,29,0.010063202865421773,0.014253603667020798,0.00017098184180213137,0.00030331325368024406
lstm-mse-0.001-s43,lstm,base,43,mse,0.001,30,0.009989574365317822,0.014249858111143113,0.00016862274205777794,0.0003033039707224816
lstm-mse-0.001-s44,lstm,base,44,mse,0.001,1,0.4662776172161102,0.30743438720703126,0.2862968072295189,0.1056555214524269
lstm-mse-0.001-s44,lstm,base,44,mse,0.001,2,0.33086028397083284,0.2572796547412872,0.13374434262514115,0.07907894015312195
lstm-mse-0.001-s44,lstm,base,44,mse,0.001,3,0.1214071199297905,0.13953513026237488,0.02039321595802903,0.025100316777825357
lstm-mse-0.001-s44,lstm,base,44,mse,0.001,4,0.16978114545345308,0.10147840648889542,0.03469777852296829,0.012631327956914901
lstm-mse-0.001-s44,lstm,base,44,mse,0.001,5,0.07880302295088767,0.08016698181629181,0.00895511582493782,0.008473785091191531
lstm-mse-0.001-s44,lstm,base,44,mse,0.001,6,0.07594681456685067,0.06218244783580303,0.0072348320856690405,0.005102085242979229
lstm-mse-0.001-s44,lstm,base,44,mse,0.001,7,0.04519494697451591,0.04095394462347031,0.0028462714515626432,0.003405946306884289
lstm-mse-0.001-s44,lstm,base,44,mse,0.001,8,0.0498856358230114,0.03861253708600998,0.0035737990983761847,0.0025194078870117665
lstm-mse-0.001-s44,lstm,base,44,mse,0.001,9,0.020591901428997517,0.052830561324954034,0.0007381735020317137,0.00351487681735307
lstm-mse-0.001-s44,lstm,base,44,mse,0.001,10,0.03737714886665344,0.04122155658900738,0.0020086561213247477,0.0022652880568057297
lstm-mse-0.001-s44,lstm,base,44,mse,0.001,11,0.028290176019072532,0.03168161258101463,0.0011586207547225058,0.0016260087117552758
lstm-mse-0.001-s44,lstm,base,44,mse,0.001,12,0.022792302817106248,0.0299151349067688,0.0008504278317559511,0.0012616052106022835
lstm-mse-0.001-s44,lstm,base,44,mse,0.001,13,0.01939501315355301,0.030681414678692818,0.0006363032734952867,0.0013316013617441058
lstm-mse-0.001-s44,lstm,base,44,mse,0.001,14,0.020222147554159166,0.0270565028488636,0.0006628754374105484,0.0010402426961809398
lstm-mse-0.001-s44,lstm,base,44,mse,0.001,15,0.017910382151603697,0.02626077428460121,0.0005767167604062706,0.0010343984188511967
lstm-mse-0.001-s44,lstm,base,44,mse,0.001,16,0.01791420467197895,0.02691007614135742,0.0005680098256561905,0.0010127814207226038
lstm-mse-0.001-s44,lstm,base,44,mse,0.001,17,0.0177067331969738,0.02740464761853218,0.0005368821555748581,0.0010354236094281077
lstm-mse-0.001-s44,lstm,base,44,mse,0.001,18,0.01695201676338911,0.02685427337884903,0.0004910463758278638,0.0010167130921036006
lstm-mse-0.001-s44,lstm,base,44,mse,0.001,19,0.016414694488048553,0.02753686025738716,0.0004811257298570126,0.0010364950681105256
lstm-mse-0.001-s44,lstm,base,44,mse,0.001,20,0.0164073096588254,0.02806828297674656,0.00045866484870202837,0.0010641460027545691
lstm-mse-0.001-s44,lstm,base,44,mse,0.001,21,0.016268431581556796,0.02753879450261593,0.0004476081405300647,0.001033254638314247
lstm-mse-0.001-s44,lstm,base,44,mse,0.001,22,0.015848497673869134,0.027290738970041275,0.00043380775023251774,0.0010185077181085944
lstm-mse-0.001-s44,lstm,base,44,mse,0.001,23,0.015587840043008328,0.0272153140604496,0.00041947346180677415,0.0010118043841794134
lstm-mse-0.001-s44,lstm,base,44,mse,0.001,24,0.01543863322585821,0.02668721430003643,0.00040983003564178946,0.000981168863363564
lstm-mse-0.001-s44,lstm,base,44,mse,0.001,25,0.01515086144208908,0.02631884574890137,0.00039874187496025115,0.00095973483286798
lstm-mse-0.001-s44,lstm,base,44,mse,0.001,26,0.014903307892382145,0.026186181753873824,0.00038883589731995014,0.0009497820818796754
lstm-mse-0.001-s44,lstm,base,44,mse,0.001,27,0.0147383663803339,0.025906777828931808,0.00037985396338626745,0.0009326466592028737
lstm-mse-0.001-s44,lstm,base,44,mse,0.001,28,0.014526228792965412,0.02571617566049099,0.00037119723565410824,0.000920320674777031
lstm-mse-0.001-s44,lstm,base,44,mse,0.001,29,0.014339939691126347,0.02563473202288151,0.00036316204932518303,0.0009136046655476094
lstm-mse-0.001-s44,lstm,base,44,mse,0.001,30,0.014204232394695282,0.025456234961748123,0.0003554674272891134,0.0009020346822217107
lstm-mae-0.0001-s42,lstm,base,42,mae,0.0001,1,0.07432243637740613,0.08497114241123199,0.008569651795551182,0.010289188008755445
lstm-mae-0.0001-s42,lstm,base,42,mae,0.0001,2,0.05442566685378551,0.07946720600128174,0.004416192416101694,0.007823270838707685
lstm-mae-0.0001-s42,lstm,base,42,mae,0.0001,3,0.04525941014289856,0.0657077118754387,0.00295788268558681,0.006230462957173586
lstm-mae-0.0001-s42,lstm,base,42,mae,0.0001,4,0.03834982551634312,0.055386021733284,0.0024886371567845343,0.004932633377611637
lstm-mae-0.0001-s42,lstm,base,42,mae,0.0001,5,0.03172415923327208,0.050976398438215255,0.0016052584920544176,0.003793776463717222
lstm-mae-0.0001-s42,lstm,base,42,mae,0.0001,6,0.02419738546013832,0.04389826253056526,0.0008935151272453368,0.002906313482671976
lstm-mae-0.0001-s42,lstm,base,42,mae,0.0001,7,0.020900039374828337,0.03626920208334923,0.0006703748018480838,0.002149415211752057
lstm-mae-0.0001-s42,lstm,base,42,mae,0.0001,8,0.01787464916706085,0.0367977637052536,0.00048027715529315175,0.002011763183400035
lstm-mae-0.0001-s42,lstm,base,42,mae,0.0001,9,0.016598778404295446,0.033083048313856125,0.0004231086990330368,0.0017382519505918027
lstm-mae-0.0001-s42,lstm,base,42,mae,0.0001,10,0.015080220624804496,0.03189692333340645,0.0003838965902104974,0.0016265980526804925
lstm-mae-0.0001-s42,lstm,base,42,mae,0.0001,11,0.014642152562737465,0.03162664085626602,0.0003576549788704142,0.0016068865545094014
lstm-mae-0.0001-s42,lstm,base,42,mae,0.0001,12,0.013756085000932217,0.03209589436650276,0.00033560164738446476,0.0016757692117244005
lstm-mae-0.0001-s42,lstm,base,42,mae,0.0001,13,0.012930343300104142,0.03248097613453865,0.0002945529544376768,0.001726562036201358
lstm-mae-0.0001-s42,lstm,base,42,mae,0.0001,14,0.013028537668287755,0.03481301367282867,0.00029951554897706957,0.0018355086259543895
lstm-mae-0.0001-s42,lstm,base,42,mae,0.0001,15,0.012707112915813923,0.033699624836444855,0.000275932127260603,0.001772005893290043
lstm-mae-0.0001-s42,lstm,base,42,mae,0.0001,16,0.011986494623124599,0.033812623322010044,0.00026018475473392754,0.0017722042091190815
lstm-mae-0.0001-s42,lstm,base,42,mae,0.0001,17,0.011438463628292084,0.03426326498389244,0.00024395914806518704,0.0017635064665228128
lstm-mae-0.0001-s42,lstm,base,42,mae,0.0001,18,0.01225680373609066,0.034325107634067535,0.00026046074635814874,0.001769789857789874
lstm-mae-0.0001-s42,lstm,base,42,mae,0.0001,19,0.011953545734286308,0.03419353574514389,0.00023873423342593014,0.0018010088335722685
lstm-mae-0.0001-s42,lstm,base,42,mae,0.0001,20,0.01329569537192583,0.03757587626576424,0.00028611761517822744,0.0020574839785695077
lstm-mae-0.0001-s42,lstm,base,42,mae,0.0001,21,0.01144595155492425,0.03468714788556099,0.0002316889149369672,0.0018427572771906853
lstm-mae-0.0001-s42,lstm,base,42,mae,0.0001,22,0.011194627173244954,0.03445142686367035,0.00022125008836155758,0.0018390348460525273
lstm-mae-0.0001-s42,lstm,base,42,mae,0.0001,23,0.013941638916730881,0.038787494152784346,0.0003016307018697262,0.002126722428947687
lstm-mae-0.0001-s42,lstm,base,42,mae,0.0001,24,0.015197828970849514,0.03415394932031632,0.0003545764659065753,0.0018010065983980895
lstm-mae-0.0001-s42,lstm,base,42,mae,0.0001,25,0.014221834577620029,0.03723129570484161,0.0003254363487940282,0.0020772510953247546
lstm-mae-0.0001-s42,lstm,base,42,mae,0.0001,26,0.014953172951936721,0.03438207089900971,0.000335576492943801,0.001828342229127884
lstm-mae-0.0001-s42,lstm,base,42,mae,0.0001,27,0.016206180304288866,0.03686728909611702,0.0003875037597026676,0.0020250579807907345
lstm-mae-0.0001-s42,lstm,base,42,mae,0.0001,28,0.01755473893135786,0.034750245064497,0.00044610417680814864,0.001859540781006217
lstm-mae-0.0001-s42,lstm,base,42,mae,0.0001,29,0.01694894302636385,0.03372588321566582,0.0004113937553483993,0.0017277439404278993
lstm-mae-0.0001-s42,lstm,base,42,mae,0.0001,30,0.014076547883450984,0.034440036416053775,0.00029303160845302046,0.0018412202037870883
lstm-mae-0.0001-s43,lstm,base,43,mae,0.0001,1,0.12792446762323378,0.03890847280621529,0.017449962720274926,0.0022796565014868973
lstm-mae-0.0001-s43,lstm,base,43,mae,0.0001,2,0.030759742856025694,0.029446166828274726,0.0014334342908114196,0.0011935678054578603
lstm-mae-0.0001-s43,lstm,base,43,mae,0.0001,3,0.04180868230760097,0.025668253377079963,0.0028059647302143276,0.0010433700284920634
lstm-mae-0.0001-s43,lstm,base,43,mae,0.0001,4,0.03342078514397144,0.037639909535646436,0.0014787864754907786,0.002111739832907915
lstm-mae-0.0001-s43,lstm,base,43,mae,0.0001,5,0.02122524082660675,0.021221290826797485,0.000620078737847507,0.0007233591726981104
lstm-mae-0.0001-s43,lstm,base,43,mae,0.0001,6,0.02039352711290121,0.022809539660811423,0.0007301188423298299,0.0007777354982681572
lstm-mae-0.0001-s43,lstm,base,43,mae,0.0001,7,0.016814192570745946,0.026526489555835725,0.000443312551942654,0.0010100361914373935
lstm-mae-0.0001-s43,lstm,base,43,mae,0.0001,8,0.0166032524779439,0.02200795732438564,0.00043129139812663196,0.0007180437096394598
lstm-mae-0.0001-s43,lstm,base,43,mae,0.0001,9,0.01436106562614441,0.02377714991569519,0.0003393990715267137,0.0008258900779765099
lstm-mae-0.0001-s43,lstm,base,43,mae,0.0001,10,0.013936443068087102,0.021406940221786498,0.0003072469728067517,0.0006585780496243388
lstm-mae-0.0001-s43,lstm,base,43,mae,0.0001,11,0.013937367126345634,0.023538481891155243,0.0003156605118419975,0.0008017105772159994
lstm-mae-0.0001-s43,lstm,base,43,mae,0.0001,12,0.013289008662104607,0.021855194717645646,0.0002837651583831757,0.000686068928334862
lstm-mae-0.0001-s43,lstm,base,43,mae,0.0001,13,0.012704552337527274,0.0263924028724432,0.0002725151745835319,0.0009814242762513459
lstm-mae-0.0001-s43,lstm,base,43,mae,0.0001,14,0.013510828837752342,0.020612360313534736,0.00029227742052171377,0.0006117340235505253
lstm-mae-0.0001-s43,lstm,base,43,mae,0.0001,15,0.01229993999004364,0.02282922774553299,0.00025596612395020204,0.0007527447876054794
lstm-mae-0.0001-s43,lstm,base,43,mae,0.0001,16,0.012068654783070088,0.022837006524205207,0.00024482803128194063,0.0007483673875685781
lstm-mae-0.0001-s43,lstm,base,43,mae,0.0001,17,0.011998962797224521,0.02121606335043907,0.00024304677499458193,0.0006360672763548791
lstm-mae-0.0001-s43,lstm,base,43,mae,0.0001,18,0.012180822528898716,0.025151356309652328,0.0002519247733289376,0.0008946338552050292
lstm-mae-0.0001-s43,lstm,base,43,mae,0.0001,19,0.012320470996201038,0.02000468872487545,0.00024378104571951554,0.0005678893334697933
lstm-mae-0.0001-s43,lstm,base,43,mae,0.0001,20,0.012017164751887322,0.024175774827599524,0.00024249434209195898,0.0008434266527183354
lstm-mae-0.0001-s43,lstm,base,43,mae,0.0001,21,0.01118824202567339,0.02168570525944233,0.00021525494084926323,0.0006662456912454218
lstm-mae-0.0001-s43,lstm,base,43,mae,0.0001,22,0.011454891785979271,0.019707131534814834,0.00022064360382501036,0.0005522001511417329
lstm-mae-0.0001-s43,lstm,base,43,mae,0.0001,23,0.01163624357432127,0.026635297909379005,0.00023336666345130652,0.000992810179013759
lstm-mae-0.0001-s43,lstm,base,43,mae,0.0001,24,0.012628339603543282,0.02082924999296665,0.0002562165405834094,0.0006241174950264394
lstm-mae-0.0001-s43,lstm,base,43,mae,0.0001,25,0.010523070767521858,0.023610570952296257,0.00020018115174025297,0.0008006156980991364
lstm-mae-0.0001-s43,lstm,base,43,mae,0.0001,26,0.010565441474318505,0.02422055631875992,0.00019989687571069225,0.0008410238823853433
lstm-mae-0.0001-s43,lstm,base,43,mae,0.0001,27,0.011736379936337471,0.02014298789203167,0.00022528236440848558,0.0005566005082800984
lstm-mae-0.0001-s43,lstm,base,43,mae,0.0001,28,0.011543746758252382,0.02805966727435589,0.0002311707998160273,0.0010687898425385356
lstm-mae-0.0001-s43,lstm,base,43,mae,0.0001,29,0.013236598670482635,0.022430791035294533,0.0002787316683679819,0.0007140979229006917
lstm-mae-0.0001-s43,lstm,base,43,mae,0.0001,30,0.009933671168982982,0.02214337982237339,0.00018031392246484757,0.0007011537067592145
lstm-mae-0.0001-s44,lstm,base,44,mae,0.0001,1,0.9389567732810974,0.766933491230011,0.8870331406593323,0.6015717387199402
lstm-mae-0.0001-s44,lstm,base,44,mae,0.0001,2,0.6346375226974488,0.4502661943435669,0.4087163209915161,0.2131924194097519
lstm-mae-0.0001-s44,lstm,base,44,mae,0.0001,3,0.31924616992473603,0.11685050427913665,0.10951662808656693,0.021793852634727953
lstm-mae-0.0001-s44,lstm,base,44,mae,0.0001,4,0.07460702434182168,0.1579049926996231,0.00872064959257841,0.030578594505786896
lstm-mae-0.0001-s44,lstm,base,44,mae,0.0001,5,0.1693961501121521,0.16550305485725403,0.035523954406380655,0.033385120034217834
lstm-mae-0.0001-s44,lstm,base,44,mae,0.0001,6,0.1117567777633667,0.07500555351376534,0.020752383209764958,0.007016098005697131
lstm-mae-0.0001-s44,lstm,base,44,mae,0.0001,7,0.09206432700157166,0.07564288094639778,0.011390886642038823,0.012261298317462206
lstm-mae-0.0001-s44,lstm,base,44,mae,0.0001,8,0.0833916112780571,0.05209634929895401,0.010793080646544695,0.007248974046669901
lstm-mae-0.0001-s44,lstm,base,44,mae,0.0001,9,0.05825584977865219,0.07508343130350113,0.004701480222865939,0.006269154772162437
lstm-mae-0.0001-s44,lstm,base,44,mae,0.0001,10,0.06214120239019394,0.07297011256217957,0.005830902792513371,0.005982292387634516
lstm-mae-0.0001-s44,lstm,base,44,mae,0.0001,11,0.05333936586976051,0.047366275787353515,0.004217941500246525,0.005001267627812922
lstm-mae-0.0001-s44,lstm,base,44,mae,0.0001,12,0.04932045862078667,0.04882592812180519,0.003868299419991672,0.005450260485522449
lstm-mae-0.0001-s44,lstm,base,44,mae,0.0001,13,0.041205258667469026,0.05059474214911461,0.0028236242244020103,0.004281737599521876
lstm-mae-0.0001-s44,lstm,base,44,mae,0.0001,14,0.038929388672113416,0.048512077927589416,0.0023568069562315943,0.004323611548170447
lstm-mae-0.0001-s44,lstm,base,44,mae,0.0001,15,0.033630499988794325,0.05159620732069015,0.0019770968239754437,0.004671893389895558
lstm-mae-0.0001-s44,lstm,base,44,mae,0.0001,16,0.031786028668284415,0.048863895684480664,0.001773342560045421,0.004101190250366926
lstm-mae-0.0001-s44,lstm,base,44,mae,0.0001,17,0.027831966057419777,0.04960684031248093,0.0014297157060354948,0.004147874359041452
lstm-mae-0.0001-s44,lstm,base,44,mae,0.0001,18,0.026023146882653236,0.0462162609398365,0.0012962516164407134,0.0036300128884613515
lstm-mae-0.0001-s44,lstm,base,44,mae,0.0001,19,0.023052710480988024,0.046758734732866285,0.0011260064668022097,0.003629687656648457
lstm-mae-0.0001-s44,lstm,base,44,mae,0.0001,20,0.021722641587257386,0.044889591187238696,0.0010337317013181745,0.0033219748456031085
lstm-mae-0.0001-s44,lstm,base,44,mae,0.0001,21,0.02233083974570036,0.046040451377630236,0.0010363944806158544,0.003364861006848514
lstm-mae-0.0001-s44,lstm,base,44,mae,0.0001,22,0.020645123347640036,0.047069778740406035,0.0009162175934761763,0.003398943105712533
lstm-mae-0.0001-s44,lstm,base,44,mae,0.0001,23,0.020350910350680353,0.0473242861032486,0.00088716737809591,0.003378921914845705
lstm-mae-0.0001-s44,lstm,base,44,mae,0.0001,24,0.01971935573965311,0.04860405698418617,0.0008164081460563466,0.00355073525570333
lstm-mae-0.0001-s44,lstm,base,44,mae,0.0001,25,0.019176402501761912,0.04727909132838249,0.0007685260963626206,0.0034205903112888335
lstm-mae-0.0001-s44,lstm,base,44,mae,0.0001,26,0.018480591103434564,0.04642873004078865,0.0007260507292812691,0.0033576895762234926
lstm-mae-0.0001-s44,lstm,base,44,mae,0.0001,27,0.018167907558381557,0.047082715928554536,0.0007137510285247118,0.003467842824757099
lstm-mae-0.0001-s44,lstm,base,44,mae,0.0001,28,0.01759269442409277,0.047111935764551166,0.0006652160576777532,0.003409013175405562
lstm-mae-0.0001-s44,lstm,base,44,mae,0.0001,29,0.017179449461400507,0.047095211744308474,0.0006339885701891034,0.003390331231057644
lstm-mae-0.0001-s44,lstm,base,44,mae,0.0001,30,0.016788601875305176,0.046118666976690294,0.0006071089475881309,0.0032732254546135662
lstm-mae-0.001-s42,lstm,base,42,mae,0.001,1,0.19762082844972612,0.13656523287296296,0.05674932692199945,0.021536981612443926
lstm-mae-0.001-s42,lstm,base,42,mae,0.001,2,0.07334508448839187,0.15773296922445298,0.006190410396084189,0.028919914178550242
lstm-mae-0.001-s42,lstm,base,42,mae,0.001,3,0.11219890974462032,0.04475653737783432,0.0191964871250093,0.003223670534789562
lstm-mae-0.001-s42,lstm,base,42,mae,0.001,4,0.0744051557034254,0.058307437896728515,0.006934285396710038,0.0039587092399597165
lstm-mae-0.001-s42,lstm,base,42,mae,0.001,5,0.04827089756727219,0.03131813436746597,0.003135502780787647,0.0014158541825599969
lstm-mae-0.001-s42,lstm,base,42,mae,0.001,6,0.020657949149608612,0.031485637575387956,0.0006150563363917172,0.0012401343695819377
lstm-mae-0.001-s42,lstm,base,42,mae,0.001,7,0.023876197636127472,0.020497351810336115,0.0008261078473879024,0.0006474405573680997
lstm-mae-0.001-s42,lstm,base,42,mae,0.001,8,0.01622073892503977,0.03284901775419712,0.0004004661954240873,0.0015552305430173875
lstm-mae-0.001-s42,lstm,base,42,mae,0.001,9,0.02602448407560587,0.02595364585518837,0.0009876095718936995,0.0008952495642006397
lstm-mae-0.001-s42,lstm,base,42,mae,0.001,10,0.02220786176621914,0.01867794532328844,0.0006954946671612561,0.0006266588810831308
lstm-mae-0.001-s42,lstm,base,42,mae,0.001,11,0.01207506712526083,0.021666045486927032,0.00024124019400915132,0.0008062130585312844
lstm-mae-0.001-s42,lstm,base,42,mae,0.001,12,0.012552189268171787,0.020047085359692574,0.00025902908819261936,0.0006302446103654802
lstm-mae-0.001-s42,lstm,base,42,mae,0.001,13,0.015365310944616795,0.0199697694927454,0.000347391476680059,0.0006287490390241146
lstm-mae-0.001-s42,lstm,base,42,mae,0.001,14,0.01717832274734974,0.034262265786528585,0.0004030089825391769,0.001597359316656366
lstm-mae-0.001-s42,lstm,base,42,mae,0.001,15,0.02422683946788311,0.03318308368325233,0.0008312496123835444,0.001503160698339343
lstm-mae-0.001-s42,lstm,base,42,mae,0.001,16,0.024674014002084733,0.027137553170323372,0.0008753689151490107,0.001135401000501588
lstm-mae-0.001-s42,lstm,base,42,mae,0.001,17,0.01943806316703558,0.029474326819181444,0.0005345618148567155,0.0012921116407960654
lstm-mae-0.001-s42,lstm,base,42,mae,0.001,18,0.021192665211856365,0.03783423937857151,0.0006365212961100042,0.0018501842266414315
lstm-mae-0.001-s42,lstm,base,42,mae,0.001,19,0.026448146626353263,0.026123839169740676,0.0009547746507450938,0.0010310310870409011
lstm-mae-0.001-s42,lstm,base,42,mae,0.001,20,0.021067698672413825,0.026150921620428563,0.0006160215474665165,0.0009929863421712071
lstm-mae-0.001-s42,lstm,base,42,mae,0.001,21,0.02254631109535694,0.02461279645562172,0.0006648149981629103,0.0008369325706735253
lstm-mae-0.001-s42,lstm,base,42,mae,0.001,22,0.024863660894334318,0.02653415098786354,0.0008090704446658492,0.0009583921881858259
lstm-mae-0.001-s42,lstm,base,42,mae,0.001,23,0.02422040291130543,0.019650805070996286,0.0007600816781632603,0.000593582927249372
lstm-mae-0.001-s42,lstm,base,42,mae,0.001,24,0.024203092604875565,0.02012029729783535,0.0007699833484366536,0.0006468034535646439
lstm-mae-0.001-s42,lstm,base,42,mae,0.001,25,0.019456757232546806,0.017261990085244178,0.0005081821669591591,0.00048291687155142425
lstm-mae-0.001-s42,lstm,base,42,mae,0.001,26,0.021114361844956873,0.018263000026345254,0.0006076269317418336,0.0005490399664267898
lstm-mae-0.001-s42,lstm,base,42,mae,0.001,27,0.019265421479940415,0.01571430966258049,0.0005112570157507435,0.00041117322398349644
lstm-mae-0.001-s42,lstm,base,42,mae,0.001,28,0.017851278744637968,0.019436129480600358,0.00045456457301042976,0.0005454429402016103
lstm-mae-0.001-s42,lstm,base,42,mae,0.001,29,0.01661719214171171,0.01677716225385666,0.0003865975479129702,0.00044119323836639524
lstm-mae-0.001-s42,lstm,base,42,mae,0.001,30,0.016519386693835257,0.027846335917711258,0.0004030038835480809,0.000999081584159285
lstm-mae-0.001-s43,lstm,base,43,mae,0.001,1,0.11844108998775482,0.06305016428232194,0.017597308615222573,0.005050459979102016
lstm-mae-0.001-s43,lstm,base,43,mae,0.001,2,0.09517900571227074,0.04880085170269013,0.011427648412063719,0.0034868216514587404
lstm-mae-0.001-s43,lstm,base,43,mae,0.001,3,0.06482010055333376,0.04924782231450081,0.0071959517197683455,0.0029364760871976613
lstm-mae-0.001-s43,lstm,base,43,mae,0.001,4,0.04919640831649304,0.028069880604743958,0.003863182954955846,0.0012440411560237408
lstm-mae-0.001-s43,lstm,base,43,mae,0.001,5,0.04887707233428955,0.02207257308065891,0.002860053163021803,0.0006930192862637341
lstm-mae-0.001-s43,lstm,base,43,mae,0.001,6,0.020733785070478915,0.02074295058846474,0.0006514631793834269,0.0005862057209014892
lstm-mae-0.001-s43,lstm,base,43,mae,0.001,7,0.02179493699222803,0.029217014163732527,0.0006861834408482537,0.0010868496587499977
lstm-mae-0.001-s43,lstm,base,43,mae,0.001,8,0.028746999241411685,0.021423258557915686,0.0011384169745724648,0.0005959864787291736
lstm-mae-0.001-s43,lstm,base,43,mae,0.001,9,0.018598286993801595,0.01603048898279667,0.0005094283580547199,0.00042239821748808027
lstm-mae-0.001-s43,lstm,base,43,mae,0.001,10,0.016322740726172923,0.02151887319982052,0.0003945724805817008,0.0006934394175186754
lstm-mae-0.001-s43,lstm,base,43,mae,0.001,11,0.019954501651227474,0.013770222254097462,0.0006100625090766698,0.00028499835752882063
lstm-mae-0.001-s43,lstm,base,43,mae,0.001,12,0.013269023038446903,0.016135086566209794,0.00027384598506614567,0.0003817012091167271
lstm-mae-0.001-s43,lstm,base,43,mae,0.001,13,0.014249001443386079,0.022666259557008742,0.0003093999432167038,0.0007135928655043244
lstm-mae-0.001-s43,lstm,base,43,mae,0.001,14,0.022612832486629486,0.016523740254342556,0.0007335846370551735,0.00037642108742147684
lstm-mae-0.001-s43,lstm,base,43,mae,0.001,15,0.0165154280140996,0.018744898065924644,0.000375203465227969,0.0004752120852936059
lstm-mae-0.001-s43,lstm,base,43,mae,0.001,16,0.017669014260172845,0.019049273505806923,0.00045077814429532735,0.0005857494869269431
lstm-mae-0.001-s43,lstm,base,43,mae,0.001,17,0.01711923032999039,0.017510143741965294,0.0005036702073994093,0.00042058952967636285
lstm-mae-0.001-s43,lstm,base,43,mae,0.001,18,0.013538438640534878,0.01225189059972763,0.00027729763387469576,0.00027093102689832447
lstm-mae-0.001-s43,lstm,base,43,mae,0.001,19,0.01945854127407074,0.016617723852396012,0.0005268982844427228,0.00041679701767861844
lstm-mae-0.001-s43,lstm,base,43,mae,0.001,20,0.024251631274819375,0.020749311223626138,0.0008615606231614948,0.0006087900896091014
lstm-mae-0.001-s43,lstm,base,43,mae,0.001,21,0.018598523177206516,0.015501346364617348,0.0005425414638011716,0.00039162600878626106
lstm-mae-0.001-s43,lstm,base,43,mae,0.001,22,0.02080145850777626,0.014084533601999284,0.0006203554425155744,0.0002917258813977242
lstm-mae-0.001-s43,lstm,base,43,mae,0.001,23,0.0193006057292223,0.01583354189991951,0.0004986133659258485,0.00041566923493519426
lstm-mae-0.001-s43,lstm,base,43,mae,0.001,24,0.016799966245889662,0.02268690474331379,0.0004418602882651612,0.0006234132312238216
lstm-mae-0.001-s43,lstm,base,43,mae,0.001,25,0.01868484765291214,0.01698564738035202,0.0005054297143942676,0.00048794647445902226
lstm-mae-0.001-s43,lstm,base,43,mae,0.001,26,0.013658460229635239,0.0227106723934412,0.0003101160968071781,0.0006354418816044927
lstm-mae-0.001-s43,lstm,base,43,mae,0.001,27,0.016712936013936995,0.018684373050928117,0.0004318294842960313,0.0005116066965274512
lstm-mae-0.001-s43,lstm,base,43,mae,0.001,28,0.016349200531840323,0.015270071551203728,0.00039053481887094674,0.00032218752545304597
lstm-mae-0.001-s43,lstm,base,43,mae,0.001,29,0.013378366082906722,0.012091894261538982,0.00026335805741837246,0.00023969137226231396
lstm-mae-0.001-s43,lstm,base,43,mae,0.001,30,0.011116526275873184,0.01296268455684185,0.00020500340615399183,0.00028167458600364626
lstm-mae-0.001-s44,lstm,base,44,mae,0.001,1,0.3374347358942032,0.12940874576568603,0.21490941429510713,0.02379402820020914
lstm-mae-0.001-s44,lstm,base,44,mae,0.001,2,0.33585682064294814,0.13032292902469636,0.14604573622345923,0.02753028079867363
lstm-mae-0.001-s44,lstm,base,44,mae,0.001,3,0.06609743684530259,0.09585704743862151,0.00686969303060323,0.011328864768147468
lstm-mae-0.001-s44,lstm,base,44,mae,0.001,4,0.14458190202713012,0.05792271614074707,0.023938471078872682,0.005135135827586055
lstm-mae-0.001-s44,lstm,base,44,mae,0.001,5,0.047625991702079776,0.0408715844899416,0.0029387012589722874,0.002520465849665925
lstm-mae-0.001-s44,lstm,base,44,mae,0.001,6,0.04949247017502785,0.06328164696693421,0.003172625880688429,0.0048066546022892
lstm-mae-0.001-s44,lstm,base,44,mae,0.001,7,0.05145294293761253,0.03457026809453964,0.003436683933250606,0.0015403950796462596
lstm-mae-0.001-s44,lstm,base,44,mae,0.001,8,0.04001188427209854,0.05803762219846249,0.00204453868791461,0.004204090384300798
lstm-mae-0.001-s44,lstm,base,44,mae,0.001,9,0.05842690784484148,0.03960742920637131,0.00437496742233634,0.002303523886948824
lstm-mae-0.001-s44,lstm,base,44,mae,0.001,10,0.03854101561009884,0.05408408634364605,0.0020725134178064763,0.0036951807187870144
lstm-mae-0.001-s44,lstm,base,44,mae,0.001,11,0.03927337303757668,0.030099619626998902,0.0019061730010434986,0.0013409900106489659
lstm-mae-0.001-s44,lstm,base,44,mae,0.001,12,0.034514368325471875,0.030058131963014604,0.0016343637136742473,0.0013473009690642356
lstm-mae-0.001-s44,lstm,base,44,mae,0.001,13,0.03396767266094684,0.05208768501877785,0.001662028208374977,0.0034752830234356224
lstm-mae-0.001-s44,lstm,base,44,mae,0.001,14,0.04024473000317812,0.029575329571962357,0.0022149753116536886,0.0012257828284054995
lstm-mae-0.001-s44,lstm,base,44,mae,0.001,15,0.018169196508824825,0.020178332254290582,0.0005084380012704059,0.0005825003958307206
lstm-mae-0.001-s44,lstm,base,44,mae,0.001,16,0.016098629869520664,0.018448158651590347,0.0004196518042590469,0.0006021812418475748
lstm-mae-0.001-s44,lstm,base,44,mae,0.001,17,0.017079886235296726,0.02066789135336876,0.000468979065772146,0.0008036345196887851
lstm-mae-0.001-s44,lstm,base,44,mae,0.001,18,0.01907328125089407,0.04458481222391129,0.0005894175497815013,0.002419144681189209
lstm-mae-0.001-s44,lstm,base,44,mae,0.001,19,0.035496445186436174,0.02049111358821392,0.0017245734401512892,0.0006473941449075938
lstm-mae-0.001-s44,lstm,base,44,mae,0.001,20,0.01790857408195734,0.03942461296916008,0.00046273068292066453,0.0018270848505198955
lstm-mae-0.001-s44,lstm,base,44,mae,0.001,21,0.039539259299635886,0.013618363328278064,0.002059730188921094,0.00027315122657455503
lstm-mae-0.001-s44,lstm,base,44,mae,0.001,22,0.014471635781228542,0.02554332673549652,0.0003834798699244857,0.0008983827219344676
lstm-mae-0.001-s44,lstm,base,44,mae,0.001,23,0.02406740728765726,0.059231117516756054,0.0008436785195954144,0.004119604942388833
lstm-mae-0.001-s44,lstm,base,44,mae,0.001,24,0.0505201468244195,0.02421861931681633,0.0033987501927185805,0.0011232391744852065
lstm-mae-0.001-s44,lstm,base,44,mae,0.001,25,0.021501348912715913,0.037246202602982524,0.0007025106518995017,0.0016234298166818916
lstm-mae-0.001-s44,lstm,base,44,mae,0.001,26,0.030900384485721587,0.029817833751440048,0.0012518953648395837,0.001223521288484335
lstm-mae-0.001-s44,lstm,base,44,mae,0.001,27,0.03685767874121666,0.014843742847442627,0.0017002361360937356,0.0003579579119104892
lstm-mae-0.001-s44,lstm,base,44,mae,0.001,28,0.024953895062208176,0.02850409869104624,0.0009417253138963133,0.001179456562967971
lstm-mae-0.001-s44,lstm,base,44,mae,0.001,29,0.01714358851313591,0.01880939185619354,0.0005302027449943126,0.0005789374117739499
lstm-mae-0.001-s44,lstm,base,44,mae,0.001,30,0.014999415539205075,0.021116491854190827,0.00032845726818777623,0.0006050313997548074
lstm-huber-0.0001-s42,lstm,base,42,huber,0.0001,1,0.0729847352951765,0.08589462608098984,0.00834850711398758,0.010049377027899027
lstm-huber-0.0001-s42,lstm,base,42,huber,0.0001,2,0.05496331378817558,0.07960173606872559,0.004361145943403244,0.00784226831048727
lstm-huber-0.0001-s42,lstm,base,42,huber,0.0001,3,0.04521817564964294,0.06573259025812149,0.0029799057869240642,0.006274238731712103
lstm-huber-0.0001-s42,lstm,base,42,huber,0.0001,4,0.03872886672616005,0.055758389979600906,0.0025490787462331354,0.004940924616530538
lstm-huber-0.0001-s42,lstm,base,42,huber,0.0001,5,0.0316625352948904,0.051345961838960646,0.0016026023658923805,0.0038219399191439154
lstm-huber-0.0001-s42,lstm,base,42,huber,0.0001,6,0.024429434537887575,0.0448346845805645,0.0009168725984636695,0.002960039470344782
lstm-huber-0.0001-s42,lstm,base,42,huber,0.0001,7,0.02075862102210522,0.03616973996162415,0.0006624123081564904,0.002144122226163745
lstm-huber-0.0001-s42,lstm,base,42,huber,0.0001,8,0.017990751750767232,0.036352172791957856,0.0004854230326600373,0.001992036821320653
lstm-huber-0.0001-s42,lstm,base,42,huber,0.0001,9,0.016477356292307378,0.03310867324471474,0.0004192769178189337,0.0017397667933255435
lstm-huber-0.0001-s42,lstm,base,42,huber,0.0001,10,0.015194075368344783,0.031855114847421644,0.00038259863504208624,0.0016304829996079207
lstm-huber-0.0001-s42,lstm,base,42,huber,0.0001,11,0.014649718999862671,0.032179349213838575,0.0003616127709392458,0.001682146480306983
lstm-huber-0.0001-s42,lstm,base,42,huber,0.0001,12,0.013418767601251602,0.03191531002521515,0.0003210927039617673,0.0016725940071046351
lstm-huber-0.0001-s42,lstm,base,42,huber,0.0001,13,0.013030439801514148,0.032834348529577256,0.00030143603216856716,0.0017329105455428362
lstm-huber-0.0001-s42,lstm,base,42,huber,0.0001,14,0.012664020620286464,0.03318343073129654,0.0002819073590217158,0.001737765409052372
lstm-huber-0.0001-s42,lstm,base,42,huber,0.0001,15,0.01232992485165596,0.03336424693465233,0.0002641202154336497,0.0017530311737209558
lstm-huber-0.0001-s42,lstm,base,42,huber,0.0001,16,0.011963836103677749,0.03370179712772369,0.00025314613158116116,0.0017699605226516723
lstm-huber-0.0001-s42,lstm,base,42,huber,0.0001,17,0.011467429436743259,0.033707430213689805,0.00023578346008434892,0.0017608404159545898
lstm-huber-0.0001-s42,lstm,base,42,huber,0.0001,18,0.011255928128957749,0.03441046431660652,0.00022992031736066565,0.00181064547970891
lstm-huber-0.0001-s42,lstm,base,42,huber,0.0001,19,0.01099994732066989,0.034383196532726285,0.00021711173612857238,0.001804213486611843
lstm-huber-0.0001-s42,lstm,base,42,huber,0.0001,20,0.010831589996814727,0.03502956330776215,0.0002122445308486931,0.0018696688953787088
lstm-huber-0.0001-s42,lstm,base,42,huber,0.0001,21,0.010656290873885154,0.03531275033950806,0.00020748931274283677,0.0018939830828458072
lstm-huber-0.0001-s42,lstm,base,42,huber,0.0001,22,0.01044402178376913,0.03539449691772461,0.0002017768652876839,0.001896998332813382
lstm-huber-0.0001-s42,lstm,base,42,huber,0.0001,23,0.01034451685845852,0.03569403752684593,0.0001976360334083438,0.00192154323682189
lstm-huber-0.0001-s42,lstm,base,42,huber,0.0001,24,0.010206196457147598,0.035883587598800656,0.0001929306279635057,0.001929131131619215
lstm-huber-0.0001-s42,lstm,base,42,huber,0.0001,25,0.010070119053125381,0.03611757233738899,0.000188521045492962,0.0019425154011696577
lstm-huber-0.0001-s42,lstm,base,42,huber,0.0001,26,0.009974372666329145,0.03636745050549507,0.0001863487370428629,0.00197271422483027
lstm-huber-0.0001-s42,lstm,base,42,huber,0.0001,27,0.009891677647829056,0.03667780876159668,0.0001855461290688254,0.0020060304179787634
lstm-huber-0.0001-s42,lstm,base,42,huber,0.0001,28,0.00971168912947178,0.03686079666018486,0.00018212712893728167,0.001994390906766057
lstm-huber-0.0001-s42,lstm,base,42,huber,0.0001,29,0.009889367781579495,0.0366663946211338,0.00017987209066632203,0.0019844952691346405
lstm-huber-0.0001-s42,lstm,base,42,huber,0.0001,30,0.010075760912150145,0.037661776095628735,0.0001882559561636299,0.0021078356727957724
lstm-huber-0.0001-s43,lstm,base,43,huber,0.0001,1,0.1279316931962967,0.03892264574766159,0.017451632022857665,0.0022809499967843296
lstm-huber-0.0001-s43,lstm,base,43,huber,0.0001,2,0.03074689954519272,0.03016005262732506,0.0014333148719742894,0.0012455666763707995
lstm-huber-0.0001-s43,lstm,base,43,huber,0.0001,3,0.04249834828078747,0.02454421415925026,0.0028980285744182764,0.0009256761567667126
lstm-huber-0.0001-s43,lstm,base,43,huber,0.0001,4,0.032227813452482226,0.035565791353583336,0.0014039557077921926,0.0018955310108140111
lstm-huber-0.0001-s43,lstm,base,43,huber,0.0001,5,0.020691531524062157,0.0210549134016037,0.000599157006945461,0.000723179392516613
lstm-huber-0.0001-s43,lstm,base,43,huber,0.0001,6,0.019946718215942384,0.023928458020091057,0.0007014964241534472,0.0008413278521038592
lstm-huber-0.0001-s43,lstm,base,43,huber,0.0001,7,0.01723786983639002,0.027831752225756644,0.00044619815307669344,0.0010948168928734958
lstm-huber-0.0001-s43,lstm,base,43,huber,0.0001,8,0.016543839126825333,0.021848596185445785,0.000425767048727721,0.0007035231404006481
lstm-huber-0.0001-s43,lstm,base,43,huber,0.0001,9,0.014411737211048603,0.024155686050653456,0.0003497617319226265,0.0008535188832320273
lstm-huber-0.0001-s43,lstm,base,43,huber,0.0001,10,0.014443193934857846,0.022471852079033853,0.0003201051964424551,0.0007344521163031458
lstm-huber-0.0001-s43,lstm,base,43,huber,0.0001,11,0.013398051261901855,0.02216262198984623,0.00030348847212735564,0.0007091020850930363
lstm-huber-0.0001-s43,lstm,base,43,huber,0.0001,12,0.013317824900150299,0.023275492042303086,0.00029074778140056876,0.0007832363236229867
lstm-huber-0.0001-s43,lstm,base,43,huber,0.0001,13,0.012700815126299858,0.023024174273014068,0.0002727540471823886,0.0007613339659292251
lstm-huber-0.0001-s43,lstm,base,43,huber,0.0001,14,0.012250193580985069,0.02310264706611633,0.00025739689444890244,0.0007625842688139528
lstm-huber-0.0001-s43,lstm,base,43,huber,0.0001,15,0.012143049761652947,0.022925280332565308,0.0002491964551154524,0.0007468478369992227
lstm-huber-0.0001-s43,lstm,base,43,huber,0.0001,16,0.011875539273023605,0.021976208984851836,0.00023947905137902125,0.0006800491898320615
lstm-huber-0.0001-s43,lstm,base,43,huber,0.0001,17,0.011853471025824546,0.022887053191661833,0.00023431753361364828,0.0007473037007730454
lstm-huber-0.0001-s43,lstm,base,43,huber,0.0001,18,0.011454855836927891,0.02204429395496845,0.0002234007988590747,0.0006880690343677998
lstm-huber-0.0001-s43,lstm,base,43,huber,0.0001,19,0.011303684674203396,0.02290089473128319,0.0002182445125072263,0.0007460427843034267
lstm-huber-0.0001-s43,lstm,base,43,huber,0.0001,20,0.011065815016627312,0.02238739013671875,0.0002112388116074726,0.0007097655511461199
lstm-huber-0.0001-s43,lstm,base,43,huber,0.0001,21,0.01092623993754387,0.022333873733878136,0.00020586881000781432,0.0007068008533678948
lstm-huber-0.0001-s43,lstm,base,43,huber,0.0001,22,0.010724079422652721,0.023191126808524132,0.00020094926294405012,0.0007614611124154181
lstm-huber-0.0001-s43,lstm,base,43,huber,0.0001,23,0.010557622462511063,0.02310308553278446,0.00019611743628047406,0.0007540108263492584
lstm-huber-0.0001-s43,lstm,base,43,huber,0.0001,24,0.01043741125613451,0.021866406351327895,0.00019041458435822278,0.0006735780264716596
lstm-huber-0.0001-s43,lstm,base,43,huber,0.0001,25,0.010438846610486507,0.022176474109292032,0.0001903737604152411,0.0006955087417736649
lstm-huber-0.0001-s43,lstm,base,43,huber,0.0001,26,0.010145177319645881,0.025136104002594948,0.000186784184188582,0.0008836217294447124
lstm-huber-0.0001-s43,lstm,base,43,huber,0.0001,27,0.010722056776285172,0.02284915842115879,0.00019817386200884357,0.0007351735373958945
lstm-huber-0.0001-s43,lstm,base,43,huber,0.0001,28,0.010971204005181789,0.018932649195194245,0.00020253992406651377,0.0004801778437104076
lstm-huber-0.0001-s43,lstm,base,43,huber,0.0001,29,0.012827523611485958,0.026247603893280028,0.00026820485218195247,0.0009551880066283047
lstm-huber-0.0001-s43,lstm,base,43,huber,0.0001,30,0.013376454636454583,0.026507775709033014,0.00027435912634246053,0.000954703358002007
lstm-huber-0.0001-s44,lstm,base,44,huber,0.0001,1,0.9389657855033875,0.7669535827636719,0.8870501041412353,0.601602566242218
lstm-huber-0.0001-s44,lstm,base,44,huber,0.0001,2,0.6346646428108216,0.4503037548065186,0.4087505638599396,0.21322636187076568
lstm-huber-0.0001-s44,lstm,base,44,huber,0.0001,3,0.31929189562797544,0.1169078540802002,0.1095454640686512,0.021807376630604267
lstm-huber-0.0001-s44,lstm,base,44,huber,0.0001,4,0.0745168998837471,0.1557762521505356,0.008703151065856219,0.029799540042877198
lstm-huber-0.0001-s44,lstm,base,44,huber,0.0001,5,0.1643017590045929,0.15843887865543366,0.033825861662626265,0.03070378303527832
lstm-huber-0.0001-s44,lstm,base,44,huber,0.0001,6,0.10679441317915916,0.072844348102808,0.019235484674572943,0.00685398519039154
lstm-huber-0.0001-s44,lstm,base,44,huber,0.0001,7,0.09088945388793945,0.07243850663304328,0.0111557986587286,0.011670247558504343
lstm-huber-0.0001-s44,lstm,base,44,huber,0.0001,8,0.0809660017490387,0.051141053438186646,0.010214934963732958,0.00693604415981099
lstm-huber-0.0001-s44,lstm,base,44,huber,0.0001,9,0.05788659229874611,0.07357092380523682,0.004602219769731164,0.006070301067084074
lstm-huber-0.0001-s44,lstm,base,44,huber,0.0001,10,0.06029828935861588,0.07057076394557953,0.005516655929386616,0.00568969439715147
lstm-huber-0.0001-s44,lstm,base,44,huber,0.0001,11,0.05220712646842003,0.047270393073558806,0.004045592457987368,0.00485357993748039
lstm-huber-0.0001-s44,lstm,base,44,huber,0.0001,12,0.0467541366815567,0.046968823745846745,0.0035013494081795214,0.00510110268369317
lstm-huber-0.0001-s44,lstm,base,44,huber,0.0001,13,0.03986033126711845,0.04926694467663765,0.002638245467096567,0.004193147728219628
lstm-huber-0.0001-s44,lstm,base,44,huber,0.0001,14,0.03692619800567627,0.047903815060853956,0.002185997972264886,0.004216640936210752
lstm-huber-0.0001-s44,lstm,base,44,huber,0.0001,15,0.03221019320189953,0.05083152830600739,0.001846516563091427,0.0045351771730929615
lstm-huber-0.0001-s44,lstm,base,44,huber,0.0001,16,0.03045570068061352,0.04791909456253052,0.0016611496917903422,0.003927513835951686
lstm-huber-0.0001-s44,lstm,base,44,huber,0.0001,17,0.026484274491667747,0.04896196514368057,0.0013351608416996897,0.004001923985779286
lstm-huber-0.0001-s44,lstm,base,44,huber,0.0001,18,0.02479143850505352,0.04629776671528816,0.0012193471658974886,0.003591430801898241
lstm-huber-0.0001-s44,lstm,base,44,huber,0.0001,19,0.022138573788106443,0.0461726638674736,0.001071270031388849,0.0035111503163352607
lstm-huber-0.0001-s44,lstm,base,44,huber,0.0001,20,0.021554769948124886,0.04557195246219635,0.0010098161525093018,0.0033469384256750345
lstm-huber-0.0001-s44,lstm,base,44,huber,0.0001,21,0.02054620087146759,0.04697667807340622,0.0009266896289773285,0.0034421042585745455
lstm-huber-0.0001-s44,lstm,base,44,huber,0.0001,22,0.020003749430179595,0.047477371841669086,0.0008632197044789791,0.0034434130741283295
lstm-huber-0.0001-s44,lstm,base,44,huber,0.0001,23,0.019562636502087116,0.0481351999938488,0.0008075929014012218,0.0035219804430380464
lstm-huber-0.0001-s44,lstm,base,44,huber,0.0001,24,0.01905646435916424,0.04696514621376991,0.0007742925256025047,0.0033625551639124753
lstm-huber-0.0001-s44,lstm,base,44,huber,0.0001,25,0.01866206359118223,0.04720361277461052,0.0007268048939295113,0.0034365944052115083
lstm-huber-0.0001-s44,lstm,base,44,huber,0.0001,26,0.018115065060555935,0.04554930940270424,0.0007025289931334555,0.0032114408491179347
lstm-huber-0.0001-s44,lstm,base,44,huber,0.0001,27,0.017931340634822844,0.046429543197155,0.0006662300002062693,0.003345140614546835
lstm-huber-0.0001-s44,lstm,base,44,huber,0.0001,28,0.017267237417399883,0.04543137297034264,0.0006324317422695458,0.0031871097488328816
lstm-huber-0.0001-s44,lstm,base,44,huber,0.0001,29,0.017000950314104556,0.04569793969392776,0.0006066854373784735,0.003218613946810365
lstm-huber-0.0001-s44,lstm,base,44,huber,0.0001,30,0.016495015099644662,0.045395393073558804,0.0005772746750153601,0.003169782981276512
lstm-huber-0.001-s42,lstm,base,42,huber,0.001,1,0.19692400395870208,0.14411417841911317,0.056386591494083406,0.02364718109369278
lstm-huber-0.001-s42,lstm,base,42,huber,0.001,2,0.07887228280305862,0.16211241692304612,0.006996047869324684,0.030373746156692506
lstm-huber-0.001-s42,lstm,base,42,huber,0.001,3,0.11703409999608994,0.04158875912427902,0.02051362079801038,0.0028448226116597653
lstm-huber-0.001-s42,lstm,base,42,huber,0.001,4,0.07556367293000221,0.0581886288523674,0.007163373846560716,0.004123304039239883
lstm-huber-0.001-s42,lstm,base,42,huber,0.001,5,0.040439944714307785,0.027003235183656216,0.002081455779261887,0.0011009482992812992
lstm-huber-0.001-s42,lstm,base,42,huber,0.001,6,0.022903888300061227,0.02518846608698368,0.0007001945399679243,0.0008208113210275769
lstm-huber-0.001-s42,lstm,base,42,huber,0.001,7,0.029569435492157937,0.02036760188639164,0.0011454977677203715,0.0005881126946769655
lstm-huber-0.001-s42,lstm,base,42,huber,0.001,8,0.02060757428407669,0.0281940845400095,0.0005802280851639807,0.0011717032478190958
lstm-huber-0.001-s42,lstm,base,42,huber,0.001,9,0.022757593542337418,0.0250720651447773,0.0007565268082544207,0.0009590620826929807
lstm-huber-0.001-s42,lstm,base,42,huber,0.001,10,0.019778630509972573,0.026327161863446236,0.0005585530336247758,0.0009742539003491402
lstm-huber-0.001-s42,lstm,base,42,huber,0.001,11,0.015433614701032638,0.024131775051355362,0.00040126359672285614,0.0008468674309551716
lstm-huber-0.001-s42,lstm,base,42,huber,0.001,12,0.016220371052622796,0.026343262046575545,0.0003982769936555997,0.0010537857026793062
lstm-huber-0.001-s42,lstm,base,42,huber,0.001,13,0.016571054607629775,0.020781189426779745,0.0004135051101911813,0.0007111158827319741
lstm-huber-0.001-s42,lstm,base,42,huber,0.001,14,0.016560735926032067,0.020887715667486192,0.0003893814573530108,0.0006540712760761381
lstm-huber-0.001-s42,lstm,base,42,huber,0.001,15,0.019630333036184312,0.03167555931955576,0.0005361659219488502,0.001311186031671241
lstm-huber-0.001-s42,lstm,base,42,huber,0.001,16,0.019498661532998084,0.023398948311805726,0.0006117763725342229,0.00088235585950315
lstm-huber-0.001-s42,lstm,base,42,huber,0.001,17,0.017824715375900267,0.02675323434174061,0.0004742182354675606,0.0010180351079907269
lstm-huber-0.001-s42,lstm,base,42,huber,0.001,18,0.015988469682633878,0.022267657294869424,0.00037477717269212006,0.0007079485803842545
lstm-huber-0.001-s42,lstm,base,42,huber,0.001,19,0.014816255122423173,0.019222276881337166,0.0003386947413673624,0.0005876086675561964
lstm-huber-0.001-s42,lstm,base,42,huber,0.001,20,0.015248946845531464,0.03169957496225834,0.0003316469839774072,0.001380950229940936
lstm-huber-0.001-s42,lstm,base,42,huber,0.001,21,0.02177632637321949,0.027719650119543075,0.000662587073748,0.0010760768596082926
lstm-huber-0.001-s42,lstm,base,42,huber,0.001,22,0.020716850459575654,0.0282093645632267,0.0006344841807731427,0.0010982045996934175
lstm-huber-0.001-s42,lstm,base,42,huber,0.001,23,0.01694994056597352,0.02173658698797226,0.00042856872896663846,0.0007350541604682803
lstm-huber-0.001-s42,lstm,base,42,huber,0.001,24,0.014687766693532467,0.022703792005777358,0.00033395035861758513,0.0007263981155119836
lstm-huber-0.001-s42,lstm,base,42,huber,0.001,25,0.013413569144904613,0.019592237770557405,0.0002736492227995768,0.0006511110858991742
lstm-huber-0.001-s42,lstm,base,42,huber,0.001,26,0.014136978052556514,0.022653581500053407,0.00029111015610396864,0.0007525972928851842
lstm-huber-0.001-s42,lstm,base,42,huber,0.001,27,0.019438019953668118,0.028878010511398315,0.0005472503107739612,0.0010833908955100923
lstm-huber-0.001-s42,lstm,base,42,huber,0.001,28,0.01748189739882946,0.021084537208080293,0.00046836321998853234,0.000730975391343236
lstm-huber-0.001-s42,lstm,base,42,huber,0.001,29,0.015354727394878864,0.024716426618397236,0.0003598888637498021,0.0008329542935825885
lstm-huber-0.001-s42,lstm,base,42,huber,0.001,30,0.0141836766153574,0.019649519026279448,0.00030492556397803127,0.0005890654074028135
lstm-huber-0.001-s43,lstm,base,43,huber,0.001,1,0.11841309070587158,0.06328414186835289,0.017591267870739103,0.0051524622272700075
lstm-huber-0.001-s43,lstm,base,43,huber,0.001,2,0.09630676060914993,0.04901678532361984,0.011790350312367082,0.003511494640260935
lstm-huber-0.001-s43,lstm,base,43,huber,0.001,3,0.0654828941449523,0.050082282423973085,0.007308957679197192,0.0030242287553846835
lstm-huber-0.001-s43,lstm,base,43,huber,0.001,4,0.05217272490262985,0.032585032433271405,0.0044479801901616154,0.0017655295599251985
lstm-huber-0.001-s43,lstm,base,43,huber,0.001,5,0.04257768392562866,0.019450206086039545,0.0022301879711449147,0.000549587244167924
lstm-huber-0.001-s43,lstm,base,43,huber,0.001,6,0.018456812016665936,0.027750073298811913,0.0005022925732191652,0.0009195726993493736
lstm-huber-0.001-s43,lstm,base,43,huber,0.001,7,0.02112950701266527,0.029870615154504777,0.000663829519180581,0.0011228280048817395
lstm-huber-0.001-s43,lstm,base,43,huber,0.001,8,0.030128465592861177,0.024240716695785522,0.001164654886815697,0.0007699226355180144
lstm-huber-0.001-s43,lstm,base,43,huber,0.001,9,0.01989601943641901,0.0149657242000103,0.0005602414370514452,0.00036012663505971434
lstm-huber-0.001-s43,lstm,base,43,huber,0.001,10,0.019361662864685058,0.017170392870903016,0.0005509388080099598,0.0004893753677606583
lstm-huber-0.001-s43,lstm,base,43,huber,0.001,11,0.015615583583712577,0.02167254589498043,0.0003974026476498693,0.000588517248397693
lstm-huber-0.001-s43,lstm,base,43,huber,0.001,12,0.016142360493540765,0.01729530967772007,0.00038890839787200095,0.00046635583974421026
lstm-huber-0.001-s43,lstm,base,43,huber,0.001,13,0.020059629529714584,0.013468464165925979,0.0005903239914914593,0.0002745381603017449
lstm-huber-0.001-s43,lstm,base,43,huber,0.001,14,0.021968843042850496,0.014265307262539863,0.0006379282800480724,0.0002948842977639288
lstm-huber-0.001-s43,lstm,base,43,huber,0.001,15,0.016554121859371662,0.023139905259013174,0.00037773331278003754,0.0007360657257959247
lstm-huber-0.001-s43,lstm,base,43,huber,0.001,16,0.019259470887482165,0.023333517834544182,0.0005818900201120414,0.0006639270856976509
lstm-huber-0.001-s43,lstm,base,43,huber,0.001,17,0.019318141788244248,0.014269007444381714,0.0005114197498187423,0.0003815237106755376
lstm-huber-0.001-s43,lstm,base,43,huber,0.001,18,0.014443731680512429,0.012681470140814782,0.0003133496502414346,0.0002821883000433445
lstm-huber-0.001-s43,lstm,base,43,huber,0.001,19,0.013854342140257358,0.020151358731091022,0.000307958316989243,0.0005283217318356037
lstm-huber-0.001-s43,lstm,base,43,huber,0.001,20,0.014917604066431523,0.01283053807914257,0.0003707039504661225,0.0003141039982438087
lstm-huber-0.001-s43,lstm,base,43,huber,0.001,21,0.012793660815805196,0.011934989467263221,0.000261613994371146,0.0002410726121161133
lstm-huber-0.001-s43,lstm,base,43,huber,0.001,22,0.011904651112854481,0.01901607409119606,0.00023684180923737584,0.00047042022808454933
lstm-huber-0.001-s43,lstm,base,43,huber,0.001,23,0.015140780620276928,0.015264900773763657,0.0003380303693120368,0.0003892018250189722
lstm-huber-0.001-s43,lstm,base,43,huber,0.001,24,0.015784696862101554,0.01220515437424183,0.0003758502352866344,0.00024991405312903227
lstm-huber-0.001-s43,lstm,base,43,huber,0.001,25,0.01306812446564436,0.021333424039185048,0.00027712938608601687,0.0005867806600872427
lstm-huber-0.001-s43,lstm,base,43,huber,0.001,26,0.016339426301419734,0.012912539169192314,0.0004201787582132965,0.00032382786506786944
lstm-huber-0.001-s43,lstm,base,43,huber,0.001,27,0.012959629576653243,0.012235007733106613,0.0002668471133802086,0.0002562263351865113
lstm-huber-0.001-s43,lstm,base,43,huber,0.001,28,0.011663372442126275,0.018165248557925225,0.00023672311508562415,0.00043601978570222854
lstm-huber-0.001-s43,lstm,base,43,huber,0.001,29,0.014704439230263234,0.012048466503620148,0.000322832734673284,0.00026660258648917077
lstm-huber-0.001-s43,lstm,base,43,huber,0.001,30,0.01320454515516758,0.015979508385062218,0.00026849494606722145,0.00038983168546110394
lstm-huber-0.001-s44,lstm,base,44,huber,0.001,1,0.33694911897182467,0.13256827294826506,0.21486974330618977,0.02637988716363907
lstm-huber-0.001-s44,lstm,base,44,huber,0.001,2,0.3409769177436829,0.13409191310405733,0.1518452069722116,0.029668180868029595
lstm-huber-0.001-s44,lstm,base,44,huber,0.001,3,0.06859972402453422,0.12083294302225113,0.0072666201274842026,0.019093634225428105
lstm-huber-0.001-s44,lstm,base,44,huber,0.001,4,0.12653882354497908,0.027495045848190784,0.019276104867458344,0.0018955731904134155
lstm-huber-0.001-s44,lstm,base,44,huber,0.001,5,0.03677598312497139,0.07524788528680801,0.0020462124608457088,0.007325499602593481
lstm-huber-0.001-s44,lstm,base,44,huber,0.001,6,0.0754020169377327,0.04420696198940277,0.006797496136277914,0.0033020690456032754
lstm-huber-0.001-s44,lstm,base,44,huber,0.001,7,0.03318263031542301,0.05162596046924591,0.0018275284906849264,0.003710558925522491
lstm-huber-0.001-s44,lstm,base,44,huber,0.001,8,0.046329391002655027,0.04485425122082234,0.0027901323628611863,0.0026073946570977567
lstm-huber-0.001-s44,lstm,base,44,huber,0.001,9,0.03976239413022995,0.05400216519832611,0.002104847365990281,0.003446163851767778
lstm-huber-0.001-s44,lstm,base,44,huber,0.001,10,0.053415950015187265,0.0227258588001132,0.003658038086723536,0.0008285682572750374
lstm-huber-0.001-s44,lstm,base,44,huber,0.001,11,0.022484446689486504,0.024278872311115265,0.0008097281912341714,0.0008884648606181145
lstm-huber-0.001-s44,lstm,base,44,huber,0.001,12,0.0202970078215003,0.029050296396017073,0.0006227633479284122,0.0012377504655160009
lstm-huber-0.001-s44,lstm,base,44,huber,0.001,13,0.02686518505215645,0.045729994773864746,0.0010728261404437944,0.0026383051462471486
lstm-huber-0.001-s44,lstm,base,44,huber,0.001,14,0.03908610418438911,0.022253229171037673,0.0021580082771833985,0.0008066529873758555
lstm-huber-0.001-s44,lstm,base,44,huber,0.001,15,0.02351909838616848,0.05418198108673096,0.0008656154328491539,0.0036087794229388236
lstm-huber-0.001-s44,lstm,base,44,huber,0.001,16,0.0496722262352705,0.03503648772835732,0.003293471329379827,0.0017137712612748145
lstm-huber-0.001-s44,lstm,base,44,huber,0.001,17,0.025392772257328035,0.025458782836794855,0.0009268631227314472,0.0008674707007594407
lstm-huber-0.001-s44,lstm,base,44,huber,0.001,18,0.018199799209833147,0.06031897336244583,0.000467689277138561,0.00387287862598896
lstm-huber-0.001-s44,lstm,base,44,huber,0.001,19,0.06566478461027145,0.03116814263164997,0.004928693547844887,0.001269065816886723
lstm-huber-0.001-s44,lstm,base,44,huber,0.001,20,0.01363453734666109,0.04110765635967255,0.0003119234257610515,0.0019663924910128115
lstm-huber-0.001-s44,lstm,base,44,huber,0.001,21,0.032781759090721604,0.023454334288835525,0.0014867842808598652,0.0007689191587269306
lstm-huber-0.001-s44,lstm,base,44,huber,0.001,22,0.040303418040275575,0.03898842580616474,0.002194122428772971,0.0018118353886529804
lstm-huber-0.001-s44,lstm,base,44,huber,0.001,23,0.03374636210501194,0.017308892980217934,0.0016978175815893337,0.0006378962891176343
lstm-huber-0.001-s44,lstm,base,44,huber,0.001,24,0.016282356902956964,0.026268081516027452,0.0004204674958600663,0.0008467814337927848
lstm-huber-0.001-s44,lstm,base,44,huber,0.001,25,0.017186250537633896,0.01569925844669342,0.00042782535601872953,0.00040283837588503955
lstm-huber-0.001-s44,lstm,base,44,huber,0.001,26,0.03408099338412285,0.03248831629753113,0.0014078169828280807,0.0012601524777710437
lstm-huber-0.001-s44,lstm,base,44,huber,0.001,27,0.04061659909784794,0.03407665714621544,0.002071637846529484,0.0016006625059526414
lstm-huber-0.001-s44,lstm,base,44,huber,0.001,28,0.02150193750858307,0.02314981132745743,0.0007599302392918616,0.0007666557049378753
lstm-huber-0.001-s44,lstm,base,44,huber,0.001,29,0.01944908555597067,0.020652638748288155,0.000555524043738842,0.0006316193053498864
lstm-huber-0.001-s44,lstm,base,44,huber,0.001,30,0.023139127157628538,0.03258732430636883,0.0006906925758812576,0.0012375339586287737
gru-mse-0.0001-s42,gru,base,42,mse,0.0001,1,0.13410263359546662,0.079941186606884,0.026105513656511904,0.008070883825421333
gru-mse-0.0001-s42,gru,base,42,mse,0.0001,2,0.09791650176048279,0.06904381304979325,0.011035795416682958,0.005976727362722158
gru-mse-0.0001-s42,gru,base,42,mse,0.0001,3,0.06502537801861763,0.0606994117796421,0.005073356023058295,0.005168401598930359
gru-mse-0.0001-s42,gru,base,42,mse,0.0001,4,0.047249790839850904,0.06467879503965378,0.0037230419111438096,0.005313462028279901
gru-mse-0.0001-s42,gru,base,42,mse,0.0001,5,0.045907420292496684,0.055414355397224425,0.0035852078115567567,0.0037481999211013317
gru-mse-0.0001-s42,gru,base,42,mse,0.0001,6,0.04093817099928856,0.041581574082374576,0.0025372339820023625,0.002403154689818621
gru-mse-0.0001-s42,gru,base,42,mse,0.0001,7,0.03625800684094429,0.03639291971921921,0.0018978157313540578,0.0019382034707814454
gru-mse-0.0001-s42,gru,base,42,mse,0.0001,8,0.02945040017366409,0.03695719957351685,0.0013591030496172608,0.0017101303301751613
gru-mse-0.0001-s42,gru,base,42,mse,0.0001,9,0.02551396209746599,0.03833504810929298,0.0010167656000703573,0.0016794101847335697
gru-mse-0.0001-s42,gru,base,42,mse,0.0001,10,0.022537362575531007,0.03533177807927132,0.0008353365352377296,0.001438410859555006
gru-mse-0.0001-s42,gru,base,42,mse,0.0001,11,0.019888756424188615,0.031587893217802046,0.0006539434136357159,0.0012072649458423257
gru-mse-0.0001-s42,gru,base,42,mse,0.0001,12,0.017962758988142015,0.030626854002475737,0.0005322234821505845,0.0011620191298425198
gru-mse-0.0001-s42,gru,base,42,mse,0.0001,13,0.016484783962368965,0.030962601229548456,0.0004322569293435663,0.0012267309566959738
gru-mse-0.0001-s42,gru,base,42,mse,0.0001,14,0.01595940664410591,0.030165939778089523,0.0003955894673708826,0.001212269647512585
gru-mse-0.0001-s42,gru,base,42,mse,0.0001,15,0.015547085739672183,0.02851124808192253,0.00036585049820132555,0.0011215106956660747
gru-mse-0.0001-s42,gru,base,42,mse,0.0001,16,0.01500307023525238,0.02770458459854126,0.00033487266045995057,0.0010875112446956338
gru-mse-0.0001-s42,gru,base,42,mse,0.0001,17,0.014312860928475857,0.02756424404680729,0.00030982671887613833,0.0010995168914087116
gru-mse-0.0001-s42,gru,base,42,mse,0.0001,18,0.013892044499516486,0.02714284509420395,0.00029515243659261614,0.0010796487773768605
gru-mse-0.0001-s42,gru,base,42,mse,0.0001,19,0.013525751791894436,0.026548572108149527,0.00028117210022173824,0.0010397691116668284
gru-mse-0.0001-s42,gru,base,42,mse,0.0001,20,0.013155385665595532,0.026320494487881662,0.0002689583750907332,0.0010318905371241272
gru-mse-0.0001-s42,gru,base,42,mse,0.0001,21,0.012842399068176746,0.026272863745689393,0.0002581736218417063,0.001039803782477975
gru-mse-0.0001-s42,gru,base,42,mse,0.0001,22,0.012626862898468972,0.02605997398495674,0.00024897489056456833,0.0010310178773943336
gru-mse-0.0001-s42,gru,base,42,mse,0.0001,23,0.012430073693394661,0.02585511952638626,0.00024094809486996382,0.001022284998325631
gru-mse-0.0001-s42,gru,base,42,mse,0.0001,24,0.01224797461181879,0.02580280028283596,0.0002338074438739568,0.0010268319817259908
gru-mse-0.0001-s42,gru,base,42,mse,0.0001,25,0.012084844522178173,0.025754903331398963,0.00022767997579649092,0.0010265664453618227
gru-mse-0.0001-s42,gru,base,42,mse,0.0001,26,0.011946948617696762,0.025626012310385703,0.00022241351834964007,0.0010195028956513851
gru-mse-0.0001-s42,gru,base,42,mse,0.0001,27,0.011800949089229107,0.025581974014639856,0.00021763479453511535,0.0010185631597414613
gru-mse-0.0001-s42,gru,base,42,mse,0.0001,28,0.011652180552482605,0.025548540353775025,0.00021336277713999153,0.0010188127344008535
gru-mse-0.0001-s42,gru,base,42,mse,0.0001,29,0.011526261083781719,0.02545668579638004,0.0002095908101182431,0.001015436421148479
gru-mse-0.0001-s42,gru,base,42,mse,0.0001,30,0.011417519859969616,0.025403643026947975,0.00020613708184100688,0.0010149643174372613
gru-mse-0.0001-s43,gru,base,43,mse,0.0001,1,0.35254310369491576,0.18665642023086548,0.133149453997612,0.04722987711429596
gru-mse-0.0001-s43,gru,base,43,mse,0.0001,2,0.2144318103790283,0.09567630290985107,0.05473758727312088,0.01566723868250847
gru-mse-0.0001-s43,gru,base,43,mse,0.0001,3,0.10600317195057869,0.08983329772949218,0.01831282766070217,0.011413281746208669
gru-mse-0.0001-s43,gru,base,43,mse,0.0001,4,0.07974951863288879,0.12320073962211608,0.008436949178576469,0.01858864787966013
gru-mse-0.0001-s43,gru,base,43,mse,0.0001,5,0.09253620505332946,0.13377172589302064,0.010085405223071576,0.023038243167102335
gru-mse-0.0001-s43,gru,base,43,mse,0.0001,6,0.0947181724011898,0.12637340664863586,0.011523566534742713,0.020432851277291775
gru-mse-0.0001-s43,gru,base,43,mse,0.0001,7,0.08729656338691712,0.10531033530831337,0.009640616830438375,0.014252716526389122
gru-mse-0.0001-s43,gru,base,43,mse,0.0001,8,0.07429634630680085,0.08203008279204368,0.006548930844292045,0.008610894726589323
gru-mse-0.0001-s43,gru,base,43,mse,0.0001,9,0.05942537635564804,0.06238281577825546,0.0042299076449126005,0.00508538288064301
gru-mse-0.0001-s43,gru,base,43,mse,0.0001,10,0.046390254609286787,0.04889849483966827,0.002969273115741089,0.003324980130419135
gru-mse-0.0001-s43,gru,base,43,mse,0.0001,11,0.0380609231069684,0.042821691185235974,0.0022161978908116,0.0025334447482600808
gru-mse-0.0001-s43,gru,base,43,mse,0.0001,12,0.03152545876801014,0.03963873654603958,0.0015795966348377988,0.0022437325958162544
gru-mse-0.0001-s43,gru,base,43,mse,0.0001,13,0.02601205762475729,0.03965217091143131,0.001066707429708913,0.0022521425969898702
gru-mse-0.0001-s43,gru,base,43,mse,0.0001,14,0.022444207221269608,0.04135833323001861,0.0007775941805448384,0.0023381493939086794
gru-mse-0.0001-s43,gru,base,43,mse,0.0001,15,0.020759854465723038,0.04093348279595375,0.0006591096054762602,0.0022708982974290848
gru-mse-0.0001-s43,gru,base,43,mse,0.0001,16,0.019259861670434475,0.03805012233555317,0.00058137719752267,0.0019936961075291038
gru-mse-0.0001-s43,gru,base,43,mse,0.0001,17,0.017520787566900252,0.034128770902752875,0.0004965514759533107,0.0016383457882329822
gru-mse-0.0001-s43,gru,base,43,mse,0.0001,18,0.016359412856400014,0.031126484125852585,0.00043219730723649264,0.0013556019333191215
gru-mse-0.0001-s43,gru,base,43,mse,0.0001,19,0.01578522175550461,0.029401698410511018,0.0004013940400909632,0.001202307092025876
gru-mse-0.0001-s43,gru,base,43,mse,0.0001,20,0.01534722577780485,0.02878923274576664,0.0003871448221616447,0.0011576056387275458
gru-mse-0.0001-s43,gru,base,43,mse,0.0001,21,0.015052332542836666,0.02873270608484745,0.00037694362108595667,0.0011692058970220387
gru-mse-0.0001-s43,gru,base,43,mse,0.0001,22,0.014932814240455627,0.02887430541217327,0.0003696011262945831,0.001182432968635112
gru-mse-0.0001-s43,gru,base,43,mse,0.0001,23,0.01484344881027937,0.028675804510712624,0.0003635589382611215,0.0011663085198961199
gru-mse-0.0001-s43,gru,base,43,mse,0.0001,24,0.01473847609013319,0.028186011239886285,0.00035693967365659776,0.0011252106656320393
gru-mse-0.0001-s43,gru,base,43,mse,0.0001,25,0.014612253196537495,0.027718366980552675,0.0003505078115267679,0.0010821357090026141
gru-mse-0.0001-s43,gru,base,43,mse,0.0001,26,0.014499776624143123,0.027408418729901313,0.0003450796182733029,0.0010544587066397071
gru-mse-0.0001-s43,gru,base,43,mse,0.0001,27,0.014399901404976845,0.027289988696575163,0.00034001495223492386,0.0010444489098154009
gru-mse-0.0001-s43,gru,base,43,mse,0.0001,28,0.014297662302851677,0.027267641797661783,0.00033469944028183816,0.001043100911192596
gru-mse-0.0001-s43,gru,base,43,mse,0.0001,29,0.014191259816288947,0.027223475500941275,0.00032928354339674116,0.0010397681291215123
gru-mse-0.0001-s43,gru,base,43,mse,0.0001,30,0.014083095453679561,0.02710388392210007,0.00032398652692791077,0.00102968622231856
gru-mse-0.0001-s44,gru,base,44,mse,0.0001,1,0.09229838699102402,0.09974984139204025,0.013217239710502326,0.010648472905158997
gru-mse-0.0001-s44,gru,base,44,mse,0.0001,2,0.08627185225486755,0.11096640884876251,0.009349597245454788,0.013881622292101383
gru-mse-0.0001-s44,gru,base,44,mse,0.0001,3,0.08520872741937638,0.08538554668426514,0.009240478696301579,0.008056193366646766
gru-mse-0.0001-s44,gru,base,44,mse,0.0001,4,0.06827643886208534,0.057442836612462994,0.005676666926592589,0.004023934155702591
gru-mse-0.0001-s44,gru,base,44,mse,0.0001,5,0.04934236630797386,0.04612350419163704,0.003302826755680144,0.0028037835471332075
gru-mse-0.0001-s44,gru,base,44,mse,0.0001,6,0.03517955839633942,0.04364135801792145,0.0017714445246383547,0.0024188573844730853
gru-mse-0.0001-s44,gru,base,44,mse,0.0001,7,0.028589044138789176,0.04156612180173397,0.0012220613774843515,0.002321212380193174
gru-mse-0.0001-s44,gru,base,44,mse,0.0001,8,0.02652835361659527,0.03599258035421372,0.0010913854173850268,0.0017724544974043964
gru-mse-0.0001-s44,gru,base,44,mse,0.0001,9,0.024126142263412476,0.031090632975101472,0.0008505231817252934,0.0013599532656371593
gru-mse-0.0001-s44,gru,base,44,mse,0.0001,10,0.023018402978777885,0.029683212265372277,0.0007824477041140198,0.0012686928128823637
gru-mse-0.0001-s44,gru,base,44,mse,0.0001,11,0.02218173146247864,0.02972063548862934,0.0007412859937176109,0.0012848116853274405
gru-mse-0.0001-s44,gru,base,44,mse,0.0001,12,0.021256938204169275,0.029928734079003334,0.0006874415266793221,0.001312794121913612
gru-mse-0.0001-s44,gru,base,44,mse,0.0001,13,0.020129377022385597,0.02969674237072468,0.0006140948331449181,0.0012840948952361942
gru-mse-0.0001-s44,gru,base,44,mse,0.0001,14,0.019515138119459152,0.029776851087808608,0.0005611658038105815,0.0012869351217523217
gru-mse-0.0001-s44,gru,base,44,mse,0.0001,15,0.01885400228202343,0.030144280418753625,0.0005208379123359918,0.00131747015286237
gru-mse-0.0001-s44,gru,base,44,mse,0.0001,16,0.018075038492679597,0.030451582074165345,0.0004829550860449672,0.0013394636614248157
gru-mse-0.0001-s44,gru,base,44,mse,0.0001,17,0.017583533003926278,0.030279688909649848,0.0004551527672447264,0.0013222384406253696
gru-mse-0.0001-s44,gru,base,44,mse,0.0001,18,0.017174182645976543,0.030016007497906685,0.00043285416904836893,0.0012988482648506761
gru-mse-0.0001-s44,gru,base,44,mse,0.0001,19,0.016770041733980178,0.029835596159100534,0.00041329097002744674,0.0012812624871730805
gru-mse-0.0001-s44,gru,base,44,mse,0.0001,20,0.016407063603401183,0.02952746756374836,0.0003973189857788384,0.001254609706811607
gru-mse-0.0001-s44,gru,base,44,mse,0.0001,21,0.01611071079969406,0.029082845374941827,0.00038336117868311705,0.0012171627534553408
gru-mse-0.0001-s44,gru,base,44,mse,0.0001,22,0.015804994106292724,0.028704543635249137,0.0003701554611325264,0.0011850029462948442
gru-mse-0.0001-s44,gru,base,44,mse,0.0001,23,0.015503723919391633,0.028393577188253402,0.0003585032332921401,0.0011599026853218674
gru-mse-0.0001-s44,gru,base,44,mse,0.0001,24,0.015236393362283707,0.02809050790965557,0.00034833047538995743,0.0011352628516033293
gru-mse-0.0001-s44,gru,base,44,mse,0.0001,25,0.014992235414683818,0.027817017659544946,0.00033879723923746496,0.001113121653907001
gru-mse-0.0001-s44,gru,base,44,mse,0.0001,26,0.014753461629152299,0.027608506307005884,0.0003298759285826236,0.0010971750132739543
gru-mse-0.0001-s44,gru,base,44,mse,0.0001,27,0.014528832770884037,0.02743111066520214,0.0003215285018086433,0.0010841194214299321
gru-mse-0.0001-s44,gru,base,44,mse,0.0001,28,0.01431864444166422,0.02726032808423042,0.0003136633837129921,0.001071448251605034
gru-mse-0.0001-s44,gru,base,44,mse,0.0001,29,0.014110158756375312,0.027111115530133248,0.0003061821567825973,0.0010610009031370281
gru-mse-0.0001-s44,gru,base,44,mse,0.0001,30,0.013903738372027874,0.02697660580277443,0.00029908096184954046,0.0010522578679956496
gru-mse-0.001-s42,gru,base,42,mse,0.001,1,0.2081040434539318,0.2551318645477295,0.05393260545097291,0.06749480053782463
gru-mse-0.001-s42,gru,base,42,mse,0.001,2,0.19373351708054543,0.1039737430214882,0.045692980149760844,0.014239462055265904
gru-mse-0.001-s42,gru,base,42,mse,0.001,3,0.15438362956047058,0.0598394738137722,0.02546524703502655,0.004262546813115478
gru-mse-0.001-s42,gru,base,42,mse,0.001,4,0.08869048953056335,0.09770437717437744,0.00926631442271173,0.010794698484241963
gru-mse-0.001-s42,gru,base,42,mse,0.001,5,0.05506612956523895,0.022811566963791847,0.003898218396352604,0.0008097806177102029
gru-mse-0.001-s42,gru,base,42,mse,0.001,6,0.05239861942827702,0.042983093559741975,0.0038068801397457717,0.0024768246151506902
gru-mse-0.001-s42,gru,base,42,mse,0.001,7,0.025396964699029922,0.032736015319824216,0.001002553215948865,0.0015587441984098406
gru-mse-0.001-s42,gru,base,42,mse,0.001,8,0.035069404914975164,0.03957092896103859,0.0016341383452527225,0.0020169571973383425
gru-mse-0.001-s42,gru,base,42,mse,0.001,9,0.020320662669837473,0.016948881074786187,0.0006766077218344435,0.0004307056171819568
gru-mse-0.001-s42,gru,base,42,mse,0.001,10,0.02386261597275734,0.016164656803011893,0.00077443917398341,0.0003874126868322492
gru-mse-0.001-s42,gru,base,42,mse,0.001,11,0.015758147090673448,0.024332508221268655,0.0003535226482199505,0.0008844889095053077
gru-mse-0.001-s42,gru,base,42,mse,0.001,12,0.016673596017062663,0.019943047687411307,0.0004303317458834499,0.0006118713179603219
gru-mse-0.001-s42,gru,base,42,mse,0.001,13,0.013689914904534816,0.015674115531146525,0.00030250144191086293,0.00036891314084641635
gru-mse-0.001-s42,gru,base,42,mse,0.001,14,0.013594393618404865,0.01806681353598833,0.0002794530621031299,0.0005073351017199457
gru-mse-0.001-s42,gru,base,42,mse,0.001,15,0.012978379428386689,0.02025634527206421,0.0002595795609522611,0.0006481324369087816
gru-mse-0.001-s42,gru,base,42,mse,0.001,16,0.012214044481515885,0.016739190705120564,0.0002369948662817478,0.0004425490438006818
gru-mse-0.001-s42,gru,base,42,mse,0.001,17,0.012199771218001842,0.01696192640811205,0.00023095818614820017,0.0004552662733476609
gru-mse-0.001-s42,gru,base,42,mse,0.001,18,0.012130716070532798,0.01887438479810953,0.00021738247160101308,0.0005663416325114668
gru-mse-0.001-s42,gru,base,42,mse,0.001,19,0.011639547906816006,0.017709127217531203,0.0002113471637130715,0.0004974098294042051
gru-mse-0.001-s42,gru,base,42,mse,0.001,20,0.011453320737928152,0.017504765428602697,0.00020527832384686917,0.00048792841495014726
gru-mse-0.001-s42,gru,base,42,mse,0.001,21,0.011422360502183437,0.01855418022722006,0.00019885371439158915,0.0005486999661661685
gru-mse-0.001-s42,gru,base,42,mse,0.001,22,0.011111086048185826,0.017937568947672844,0.00019574981270125135,0.0005161688348744065
gru-mse-0.001-s42,gru,base,42,mse,0.001,23,0.011050393525511026,0.017845537066459655,0.00019152752502122895,0.000514312539016828
gru-mse-0.001-s42,gru,base,42,mse,0.001,24,0.010985150188207626,0.018323115706443786,0.00018832415371434764,0.0005439043638762087
gru-mse-0.001-s42,gru,base,42,mse,0.001,25,0.010777747444808482,0.01792934410274029,0.00018578422605060042,0.0005257442640140652
gru-mse-0.001-s42,gru,base,42,mse,0.001,26,0.010743300709873439,0.018031852133572102,0.00018317407520953565,0.0005346091114915907
gru-mse-0.001-s42,gru,base,42,mse,0.001,27,0.010677208937704564,0.01807626713067293,0.0001811271838960238,0.0005406091595068574
gru-mse-0.001-s42,gru,base,42,mse,0.001,28,0.010581452492624521,0.017922600507736208,0.00017915016505867242,0.000532317531760782
gru-mse-0.001-s42,gru,base,42,mse,0.001,29,0.010550092998892069,0.01803838089108467,0.0001772720948792994,0.0005416611058171838
gru-mse-0.001-s42,gru,base,42,mse,0.001,30,0.010456435475498438,0.017990588061511516,0.00017569831688888372,0.0005386167927645146
gru-mse-0.001-s43,gru,base,43,mse,0.001,1,0.11101938933134078,0.245023957490921,0.022266328730620445,0.06879990123212337
gru-mse-0.001-s43,gru,base,43,mse,0.001,2,0.1954268768429756,0.055635041296482085,0.04691405827179551,0.004465475827455521
gru-mse-0.001-s43,gru,base,43,mse,0.001,3,0.03175912834703922,0.04768413782119751,0.0013772972393780946,0.0027615922316908837
gru-mse-0.001-s43,gru,base,43,mse,0.001,4,0.042322146147489546,0.03070921927690506,0.0023715785588137805,0.001176332370378077
gru-mse-0.001-s43,gru,base,43,mse,0.001,5,0.034537257812917235,0.03371769487857819,0.002003730507567525,0.0014273241814225911
gru-mse-0.001-s43,gru,base,43,mse,0.001,6,0.02606842592358589,0.021166186258196832,0.0009411884529981762,0.0007336594036314637
gru-mse-0.001-s43,gru,base,43,mse,0.001,7,0.019675464369356632,0.017628732919692993,0.0005939062277320773,0.0004669270641170442
gru-mse-0.001-s43,gru,base,43,mse,0.001,8,0.021920932456851006,0.019888741597533226,0.0006451575201936067,0.0006263221427798271
gru-mse-0.001-s43,gru,base,43,mse,0.001,9,0.012457639165222644,0.01738883204758167,0.00026424323150422426,0.00046005726442672313
gru-mse-0.001-s43,gru,base,43,mse,0.001,10,0.015877860970795153,0.01353725329041481,0.00040082381456159056,0.0003327913675457239
gru-mse-0.001-s43,gru,base,43,mse,0.001,11,0.013332557491958141,0.014230694323778152,0.0002943172614322975,0.0003456037002615631
gru-mse-0.001-s43,gru,base,43,mse,0.001,12,0.012575080152601004,0.01146463330835104,0.0002653370407642797,0.0002286105661187321
gru-mse-0.001-s43,gru,base,43,mse,0.001,13,0.012439148873090744,0.01198832668364048,0.000244192972604651,0.0002642536419443786
gru-mse-0.001-s43,gru,base,43,mse,0.001,14,0.01162533015012741,0.011518504619598389,0.00024185036600101739,0.0002733362396247685
gru-mse-0.001-s43,gru,base,43,mse,0.001,15,0.011575634777545928,0.011796266995370388,0.00022591222514165566,0.0002717014600057155
gru-mse-0.001-s43,gru,base,43,mse,0.001,16,0.011607595346868038,0.011555911153554916,0.00022474865691037848,0.00028795871883630753
gru-mse-0.001-s43,gru,base,43,mse,0.001,17,0.011267812084406614,0.011325162090361118,0.00021883102017454802,0.000274442823138088
gru-mse-0.001-s43,gru,base,43,mse,0.001,18,0.011385956313461065,0.01126276545226574,0.0002156115384423174,0.0002641156513709575
gru-mse-0.001-s43,gru,base,43,mse,0.001,19,0.01116497628390789,0.011060340106487274,0.00021096165000926702,0.0002640868700109422
gru-mse-0.001-s43,gru,base,43,mse,0.001,20,0.011083535663783551,0.011366072930395604,0.00020968826429452748,0.0002612671290989965
gru-mse-0.001-s43,gru,base,43,mse,0.001,21,0.011031174007803202,0.011295586116611958,0.0002058977202977985,0.000266746572451666
gru-mse-0.001-s43,gru,base,43,mse,0.001,22,0.010899328626692295,0.011533481404185295,0.0002036162099102512,0.0002709156600758433
gru-mse-0.001-s43,gru,base,43,mse,0.001,23,0.010859312582761049,0.011629334650933743,0.00020115336956223474,0.0002719227608758956
gru-mse-0.001-s43,gru,base,43,mse,0.001,24,0.010747792944312096,0.01160890806466341,0.0001985060953302309,0.00027138643432408574
gru-mse-0.001-s43,gru,base,43,mse,0.001,25,0.010675958637148143,0.011767433770000935,0.00019637936784420163,0.0002707875950727612
gru-mse-0.001-s43,gru,base,43,mse,0.001,26,0.010587469767779112,0.011766884997487069,0.000193824025336653,0.0002712618128862232
gru-mse-0.001-s43,gru,base,43,mse,0.001,27,0.010515238996595145,0.011976619325578213,0.00019170492159901187,0.0002741745172534138
gru-mse-0.001-s43,gru,base,43,mse,0.001,28,0.010444342717528343,0.012046464867889881,0.00018928422941826283,0.0002762793970759958
gru-mse-0.001-s43,gru,base,43,mse,0.001,29,0.0103648841381073,0.012199316136538983,0.00018703393143368885,0.00027900121640414
gru-mse-0.001-s43,gru,base,43,mse,0.001,30,0.010297899972647429,0.012257452495396138,0.00018472453957656397,0.0002801438083406538
gru-mse-0.001-s44,gru,base,44,mse,0.001,1,0.12575961649417877,0.3024697118997574,0.026155497576110066,0.09649225294589997
gru-mse-0.001-s44,gru,base,44,mse,0.001,2,0.21044318675994872,0.08704620957374573,0.057363897387403995,0.00904222745448351
gru-mse-0.001-s44,gru,base,44,mse,0.001,3,0.1367775470018387,0.06499293953180313,0.019381609931588172,0.004878349490463734
gru-mse-0.001-s44,gru,base,44,mse,0.001,4,0.06871587336063385,0.08188537627458572,0.005747420759871602,0.007163692358881235
gru-mse-0.001-s44,gru,base,44,mse,0.001,5,0.038870161212980744,0.02522561267018318,0.0020320013805758207,0.001007369700819254
gru-mse-0.001-s44,gru,base,44,mse,0.001,6,0.03920755609869957,0.020233006775379182,0.0019384922459721565,0.000799906007014215
gru-mse-0.001-s44,gru,base,44,mse,0.001,7,0.018831199407577513,0.034743561819195745,0.0005525204411242157,0.0013970855926163494
gru-mse-0.001-s44,gru,base,44,mse,0.001,8,0.02447892390191555,0.014024169221520423,0.0008054282749071717,0.0003346495097503066
gru-mse-0.001-s44,gru,base,44,mse,0.001,9,0.014325005561113357,0.017074353247880935,0.0003843522135866806,0.0005028818408027291
gru-mse-0.001-s44,gru,base,44,mse,0.001,10,0.015272352658212186,0.014107558839023114,0.0004413689923239872,0.00032470967271365226
gru-mse-0.001-s44,gru,base,44,mse,0.001,11,0.015116065368056297,0.01696285843849182,0.00036252951249480245,0.0004339903243817389
gru-mse-0.001-s44,gru,base,44,mse,0.001,12,0.012903214432299137,0.015252672657370568,0.00028664720884989946,0.00041086944984272125
gru-mse-0.001-s44,gru,base,44,mse,0.001,13,0.012778287008404731,0.01579730547964573,0.0002960104189696722,0.0004463231167756021
gru-mse-0.001-s44,gru,base,44,mse,0.001,14,0.011706398148089648,0.01704517997801304,0.00026037159259431066,0.00046050144592300055
gru-mse-0.001-s44,gru,base,44,mse,0.001,15,0.012495024129748344,0.016234731450676918,0.0002665372434421442,0.00043129455763846636
gru-mse-0.001-s44,gru,base,44,mse,0.001,16,0.011747859790921212,0.015141622275114059,0.00025015973078552635,0.0004022861621342599
gru-mse-0.001-s44,gru,base,44,mse,0.001,17,0.0115653726272285,0.015130976662039757,0.00024610249674879016,0.00039535028161481023
gru-mse-0.001-s44,gru,base,44,mse,0.001,18,0.011644607782363892,0.015515269339084625,0.00024142373877111822,0.0004034835030324757
gru-mse-0.001-s44,gru,base,44,mse,0.001,19,0.011393032409250737,0.015367317125201225,0.00023458962532458828,0.00040810724953189493
gru-mse-0.001-s44,gru,base,44,mse,0.001,20,0.011227471381425857,0.015550231114029884,0.00023075182107277215,0.0004159491159953177
gru-mse-0.001-s44,gru,base,44,mse,0.001,21,0.011210821568965912,0.015943278595805167,0.00022612708125961943,0.0004193552467040718
gru-mse-0.001-s44,gru,base,44,mse,0.001,22,0.011179533414542675,0.015623882189393043,0.00022276867675827817,0.0004125213576480746
gru-mse-0.001-s44,gru,base,44,mse,0.001,23,0.011035681329667568,0.015446179136633873,0.0002188450744142756,0.00040744587080553173
gru-mse-0.001-s44,gru,base,44,mse,0.001,24,0.011032536532729864,0.015578974187374115,0.00021568725787801668,0.0004059309745207429
gru-mse-0.001-s44,gru,base,44,mse,0.001,25,0.010987013019621373,0.015512009412050247,0.00021257892512949184,0.0004052962129935622
gru-mse-0.001-s44,gru,base,44,mse,0.001,26,0.010898490529507398,0.015545758455991744,0.00020958746899850665,0.0004064853233285248
gru-mse-0.001-s44,gru,base,44,mse,0.001,27,0.010865502059459686,0.015654927194118498,0.00020687263604486362,0.0004072170821018517
gru-mse-0.001-s44,gru,base,44,mse,0.001,28,0.010811375081539154,0.015579193755984306,0.00020421728841029106,0.0004056998644955456
gru-mse-0.001-s44,gru,base,44,mse,0.001,29,0.010749093163758517,0.015553259402513503,0.00020166027898085303,0.00040420494275167585
gru-mse-0.001-s44,gru,base,44,mse,0.001,30,0.01070671770721674,0.015555187463760375,0.00019930803100578486,0.00040299512213096025
gru-mae-0.0001-s42,gru,base,42,mae,0.0001,1,0.13588178530335426,0.08071130305528641,0.026491218130104244,0.008389231655746699
gru-mae-0.0001-s42,gru,base,42,mae,0.0001,2,0.08395481780171395,0.07160657092928886,0.008496371563524008,0.0073986332211643455
gru-mae-0.0001-s42,gru,base,42,mae,0.0001,3,0.054754951223731044,0.08069406867027283,0.005465892876964062,0.009063816159032284
gru-mae-0.0001-s42,gru,base,42,mae,0.0001,4,0.055474675819277765,0.06352860048413277,0.006038253993028775,0.005320427878759801
gru-mae-0.0001-s42,gru,base,42,mae,0.0001,5,0.052634809911251065,0.04795585036277771,0.00394038949161768,0.0031239018216729164
gru-mae-0.0001-s42,gru,base,42,mae,0.0001,6,0.03681070953607559,0.04945405140519142,0.002019673609174788,0.0029389271838590504
gru-mae-0.0001-s42,gru,base,42,mae,0.0001,7,0.03261451125144958,0.041776494681835176,0.0016933232196606695,0.0020555836940184236
gru-mae-0.0001-s42,gru,base,42,mae,0.0001,8,0.02985310144722462,0.031319666206836703,0.0012560919974930584,0.0012276532361283898
gru-mae-0.0001-s42,gru,base,42,mae,0.0001,9,0.017748630978167056,0.034428511038422586,0.0005278117663692683,0.0014823396014980973
gru-mae-0.0001-s42,gru,base,42,mae,0.0001,10,0.01765186097472906,0.02760273836553097,0.0005001511366572231,0.0010326965223066509
gru-mae-0.0001-s42,gru,base,42,mae,0.0001,11,0.01493388507515192,0.025594789907336234,0.00035860122879967095,0.0009368707938119769
gru-mae-0.0001-s42,gru,base,42,mae,0.0001,12,0.01412041336297989,0.025039751529693604,0.0003402300353627652,0.0009426859370432794
gru-mae-0.0001-s42,gru,base,42,mae,0.0001,13,0.014032620750367642,0.023774571791291235,0.0003330364648718387,0.0007958650961518288
gru-mae-0.0001-s42,gru,base,42,mae,0.0001,14,0.015897383727133275,0.02647778145968914,0.00042767959530465305,0.0011361582344397902
gru-mae-0.0001-s42,gru,base,42,mae,0.0001,15,0.016096526943147182,0.022933246940374373,0.0003736961050890386,0.0008138989168219268
gru-mae-0.0001-s42,gru,base,42,mae,0.0001,16,0.016468923911452292,0.028649165704846383,0.00041438652551732956,0.001286734153982252
gru-mae-0.0001-s42,gru,base,42,mae,0.0001,17,0.020527338981628417,0.023327525332570077,0.0005678231304045766,0.0008677647123113275
gru-mae-0.0001-s42,gru,base,42,mae,0.0001,18,0.02242036908864975,0.022079893723130226,0.0007050470216199755,0.0007899937243200838
gru-mae-0.0001-s42,gru,base,42,mae,0.0001,19,0.01745948866009712,0.02668902888894081,0.00043712606420740483,0.0010919042362365872
gru-mae-0.0001-s42,gru,base,42,mae,0.0001,20,0.015860147029161453,0.022336048409342765,0.0003647121775429696,0.0007737097155768424
gru-mae-0.0001-s42,gru,base,42,mae,0.0001,21,0.013880319707095624,0.022961263731122016,0.00030025003652554003,0.0007978628983255476
gru-mae-0.0001-s42,gru,base,42,mae,0.0001,22,0.017247685790061952,0.024107323810458183,0.0004101019527297467,0.0009159744752105326
gru-mae-0.0001-s42,gru,base,42,mae,0.0001,23,0.013918322883546353,0.022094112411141394,0.0002900218067225069,0.0007757104677148163
gru-mae-0.0001-s42,gru,base,42,mae,0.0001,24,0.013988680206239223,0.027218639180064202,0.0002884540008381009,0.001171889528632164
gru-mae-0.0001-s42,gru,base,42,mae,0.0001,25,0.014725452288985252,0.02207282930612564,0.00032090524036902933,0.00080682702944614
gru-mae-0.0001-s42,gru,base,42,mae,0.0001,26,0.012906756438314914,0.026081017442047594,0.0002540089160902426,0.0010923197795636953
gru-mae-0.0001-s42,gru,base,42,mae,0.0001,27,0.013904375769197942,0.021515343412756918,0.0002875559206586331,0.0007210250035859645
gru-mae-0.0001-s42,gru,base,42,mae,0.0001,28,0.01531109567731619,0.02679226953536272,0.00033299884235020726,0.0011308459495194257
gru-mae-0.0001-s42,gru,base,42,mae,0.0001,29,0.013583115674555302,0.02200903058052063,0.0002842600486474112,0.000780542747816071
gru-mae-0.0001-s42,gru,base,42,mae,0.0001,30,0.012463844381272793,0.0268356603756547,0.00023313644342124463,0.0011277396220248192
gru-mae-0.0001-s43,gru,base,43,mae,0.0001,1,0.35233542919158933,0.18565311789512634,0.13297502547502518,0.046846485435962676
gru-mae-0.0001-s43,gru,base,43,mae,0.0001,2,0.20815338492393493,0.0927574497461319,0.05141671374440193,0.013887789770960808
gru-mae-0.0001-s43,gru,base,43,mae,0.0001,3,0.09004673436284065,0.10551131188869477,0.0137952376389876,0.013876442797482014
gru-mae-0.0001-s43,gru,base,43,mae,0.0001,4,0.08659796863794327,0.12561987042427064,0.0086191869340837,0.01979779900982976
gru-mae-0.0001-s43,gru,base,43,mae,0.0001,5,0.09080975949764251,0.12183859020471573,0.010122307203710079,0.01907495655119419
gru-mae-0.0001-s43,gru,base,43,mae,0.0001,6,0.08175429552793503,0.10502146944403648,0.008827984100207686,0.014194066263735294
gru-mae-0.0001-s43,gru,base,43,mae,0.0001,7,0.06632328107953071,0.07779152303934098,0.0058116426458582286,0.007951932800933719
gru-mae-0.0001-s43,gru,base,43,mae,0.0001,8,0.04626510664820671,0.04503507077693939,0.0028367880033329127,0.0030303265852853656
gru-mae-0.0001-s43,gru,base,43,mae,0.0001,9,0.02858781851828098,0.030411797985434533,0.0012113921926356851,0.0012529415567405521
gru-mae-0.0001-s43,gru,base,43,mae,0.0001,10,0.018659335747361182,0.034575316682457925,0.0005471867043524981,0.0017377468105405568
gru-mae-0.0001-s43,gru,base,43,mae,0.0001,11,0.019412960298359393,0.035490856766700746,0.0006394611846189946,0.00175442177336663
gru-mae-0.0001-s43,gru,base,43,mae,0.0001,12,0.01663852985948324,0.023227024003863336,0.00044749490334652366,0.0007627676171250642
gru-mae-0.0001-s43,gru,base,43,mae,0.0001,13,0.0181982958689332,0.02303942896425724,0.0004953055584337562,0.0007475728285498917
gru-mae-0.0001-s43,gru,base,43,mae,0.0001,14,0.017056714557111264,0.029500028863549233,0.00044559442321769895,0.0012846805900335312
gru-mae-0.0001-s43,gru,base,43,mae,0.0001,15,0.014315154589712619,0.026623316779732703,0.00033965839247684926,0.001004700807388872
gru-mae-0.0001-s43,gru,base,43,mae,0.0001,16,0.014610018953680992,0.027208931222558023,0.00033541099401190877,0.0010467683756724
gru-mae-0.0001-s43,gru,base,43,mae,0.0001,17,0.013502921536564827,0.028698857128620147,0.000307112347218208,0.0012105117714963853
gru-mae-0.0001-s43,gru,base,43,mae,0.0001,18,0.013321204669773578,0.02579643316566944,0.00029214120004326103,0.0009398930054157973
gru-mae-0.0001-s43,gru,base,43,mae,0.0001,19,0.012499772012233734,0.02651887759566307,0.0002668231900315732,0.0010182140464894474
gru-mae-0.0001-s43,gru,base,43,mae,0.0001,20,0.012117515504360198,0.02438312515616417,0.00025338260747957974,0.0008487668563611806
gru-mae-0.0001-s43,gru,base,43,mae,0.0001,21,0.011966374330222606,0.025114551037549972,0.0002452804561471567,0.0009108867542818188
gru-mae-0.0001-s43,gru,base,43,mae,0.0001,22,0.011435417458415031,0.02532953880727291,0.00023654985707253218,0.0009336825273931026
gru-mae-0.0001-s43,gru,base,43,mae,0.0001,23,0.011128412745893,0.025610658898949624,0.00022432214609580114,0.0009632445801980794
gru-mae-0.0001-s43,gru,base,43,mae,0.0001,24,0.01080560851842165,0.02469123147428036,0.0002197973255533725,0.0008973717340268195
gru-mae-0.0001-s43,gru,base,43,mae,0.0001,25,0.010560038313269616,0.024058461561799048,0.00021411615889519454,0.000857255682349205
gru-mae-0.0001-s43,gru,base,43,mae,0.0001,26,0.01037486009299755,0.024268203005194663,0.00020642617018893362,0.000879910719813779
gru-mae-0.0001-s43,gru,base,43,mae,0.0001,27,0.010223979875445367,0.023635439053177835,0.0002000623964704573,0.0008375139778945595
gru-mae-0.0001-s43,gru,base,43,mae,0.0001,28,0.01015236284583807,0.022890760824084283,0.0001990833174204454,0.0007859841955360025
gru-mae-0.0001-s43,gru,base,43,mae,0.0001,29,0.010088719613850116,0.024046433940529823,0.00019626441207947208,0.0008780184248462319
gru-mae-0.0001-s43,gru,base,43,mae,0.0001,30,0.010272522456943989,0.0240788909047842,0.00019071188871748744,0.0008885687333531678
gru-mae-0.0001-s44,gru,base,44,mae,0.0001,1,0.09806261882185936,0.08475617110729218,0.014618404465727508,0.008484945930540562
gru-mae-0.0001-s44,gru,base,44,mae,0.0001,2,0.08829867690801621,0.07872907280921936,0.00960952490568161,0.0070383638888597486
gru-mae-0.0001-s44,gru,base,44,mae,0.0001,3,0.07330731824040412,0.06334803968667985,0.006645267736166716,0.004807496387511492
gru-mae-0.0001-s44,gru,base,44,mae,0.0001,4,0.05397565215826035,0.052697040140628815,0.0038490565028041603,0.0034305760264396667
gru-mae-0.0001-s44,gru,base,44,mae,0.0001,5,0.0376008540391922,0.04566626131534576,0.001996551197953522,0.0026891020638868213
gru-mae-0.0001-s44,gru,base,44,mae,0.0001,6,0.028551096841692925,0.03661081582307815,0.0012634968617931009,0.0018445780826732516
gru-mae-0.0001-s44,gru,base,44,mae,0.0001,7,0.024666804075241088,0.02996434822678566,0.0009051854605786503,0.0013175090355798601
gru-mae-0.0001-s44,gru,base,44,mae,0.0001,8,0.023535068705677988,0.028263114839792252,0.0008496046997606754,0.0012278834963217378
gru-mae-0.0001-s44,gru,base,44,mae,0.0001,9,0.022864457592368125,0.02866766668856144,0.0008425053092651069,0.001277919269632548
gru-mae-0.0001-s44,gru,base,44,mae,0.0001,10,0.020320048555731773,0.029130900129675865,0.0006687200278975069,0.0012924762815237046
gru-mae-0.0001-s44,gru,base,44,mae,0.0001,11,0.018682272359728812,0.029800918474793433,0.0005438491003587842,0.0013159191608428955
gru-mae-0.0001-s44,gru,base,44,mae,0.0001,12,0.017296989262104035,0.02988232098519802,0.0004484137461986393,0.0013024829281494022
gru-mae-0.0001-s44,gru,base,44,mae,0.0001,13,0.016152621246874332,0.029469488710165023,0.0004052969452459365,0.001253406337928027
gru-mae-0.0001-s44,gru,base,44,mae,0.0001,14,0.01538016740232706,0.027955074906349183,0.00038478036876767876,0.001127342120744288
gru-mae-0.0001-s44,gru,base,44,mae,0.0001,15,0.014323517866432666,0.02686958059668541,0.0003671860962640494,0.0010456021991558373
gru-mae-0.0001-s44,gru,base,44,mae,0.0001,16,0.014368834532797336,0.02625817321240902,0.0003753473691176623,0.000998676607850939
gru-mae-0.0001-s44,gru,base,44,mae,0.0001,17,0.013771318644285203,0.028698497787117958,0.00033489011984784157,0.001230040320660919
gru-mae-0.0001-s44,gru,base,44,mae,0.0001,18,0.014244950748980046,0.0259674072265625,0.00034214291954413054,0.0009890041965991258
gru-mae-0.0001-s44,gru,base,44,mae,0.0001,19,0.013099979422986508,0.024679837599396705,0.0003170941607095301,0.0008954988420009614
gru-mae-0.0001-s44,gru,base,44,mae,0.0001,20,0.012176819704473018,0.025323367118835448,0.0002763944095931947,0.0009754421864636242
gru-mae-0.0001-s44,gru,base,44,mae,0.0001,21,0.012014231644570827,0.022702321857213974,0.00027252076542936263,0.0007678418210707604
gru-mae-0.0001-s44,gru,base,44,mae,0.0001,22,0.013167983293533326,0.023814411386847496,0.0003090644808253273,0.0008487081830389798
gru-mae-0.0001-s44,gru,base,44,mae,0.0001,23,0.013384486921131611,0.03278268776834011,0.00029120740364305673,0.0015433713095262646
gru-mae-0.0001-s44,gru,base,44,mae,0.0001,24,0.018997160717844963,0.024101377725601197,0.0005432411446236074,0.0009281967906281352
gru-mae-0.0001-s44,gru,base,44,mae,0.0001,25,0.016452484019100665,0.031337355598807334,0.0003911382402293384,0.0014459780440665782
gru-mae-0.0001-s44,gru,base,44,mae,0.0001,26,0.016989165171980857,0.02356890566647053,0.0004513121966738254,0.0008700443850830198
gru-mae-0.0001-s44,gru,base,44,mae,0.0001,27,0.017068216390907765,0.028014819025993346,0.0004131311579840258,0.0011787986010313035
gru-mae-0.0001-s44,gru,base,44,mae,0.0001,28,0.014588792622089387,0.022535228729248048,0.00034961409983225167,0.0008074565790593624
gru-mae-0.0001-s44,gru,base,44,mae,0.0001,29,0.014470943808555603,0.02846441328525543,0.00031579295755364,0.0011649951688013972
gru-mae-0.0001-s44,gru,base,44,mae,0.0001,30,0.012800852954387664,0.02312489189207554,0.0002830061159329489,0.0008005469362251461
gru-mae-0.001-s42,gru,base,42,mae,0.001,1,0.20454091876745223,0.2070892161130905,0.048558774124830964,0.04684005305171013
gru-mae-0.001-s42,gru,base,42,mae,0.001,2,0.14570992887020112,0.06596303015947341,0.024205075204372407,0.004905043039470911
gru-mae-0.001-s42,gru,base,42,mae,0.001,3,0.07941401973366738,0.03592327207326889,0.009062928333878516,0.0015963673451915383
gru-mae-0.001-s42,gru,base,42,mae,0.001,4,0.04475763961672783,0.03920526690781116,0.0026590442284941673,0.0023180065309861674
gru-mae-0.001-s42,gru,base,42,mae,0.001,5,0.033138155937194824,0.03312427330762148,0.001580114132957533,0.0016707607684656978
gru-mae-0.001-s42,gru,base,42,mae,0.001,6,0.02383377216756344,0.031356816217303275,0.0008204272016882896,0.0013591234758496284
gru-mae-0.001-s42,gru,base,42,mae,0.001,7,0.044650118052959445,0.0272081271559,0.002719270659144968,0.0012170861568301917
gru-mae-0.001-s42,gru,base,42,mae,0.001,8,0.026160055585205556,0.044246478229761126,0.0010708529909607023,0.002764026797376573
gru-mae-0.001-s42,gru,base,42,mae,0.001,9,0.033312310092151166,0.03328532911837101,0.0016073491715360433,0.0015410791942849756
gru-mae-0.001-s42,gru,base,42,mae,0.001,10,0.03096093814820051,0.024294705167412757,0.0013916454918216914,0.000987701138947159
gru-mae-0.001-s42,gru,base,42,mae,0.001,11,0.02616862878203392,0.017985602542757988,0.0010315413470380007,0.0005324821884278208
gru-mae-0.001-s42,gru,base,42,mae,0.001,12,0.014659055881202221,0.022224348708987235,0.00035604692238848655,0.000729903131723404
gru-mae-0.001-s42,gru,base,42,mae,0.001,13,0.03166693896055221,0.03658067248761654,0.0013689397601410747,0.0016917988052591682
gru-mae-0.001-s42,gru,base,42,mae,0.001,14,0.02283213995397091,0.03078933760523796,0.0008765512437094003,0.0012921971012838185
gru-mae-0.001-s42,gru,base,42,mae,0.001,15,0.016037463024258614,0.021225612089037896,0.0004404043385875411,0.0008257022278849035
gru-mae-0.001-s42,gru,base,42,mae,0.001,16,0.024022616632282733,0.03037146486341953,0.0008025507908314466,0.001284842761233449
gru-mae-0.001-s42,gru,base,42,mae,0.001,17,0.033876067586243154,0.051340935677289964,0.0014984387933509424,0.0032175279594957827
gru-mae-0.001-s42,gru,base,42,mae,0.001,18,0.04471365511417389,0.019919350370764734,0.0024195359204895795,0.000525665006134659
gru-mae-0.001-s42,gru,base,42,mae,0.001,19,0.04385346248745918,0.024014640375971796,0.0022806283319368958,0.000892595297191292
gru-mae-0.001-s42,gru,base,42,mae,0.001,20,0.026709671691060068,0.01949991852045059,0.0010130556882359087,0.0004948603513184935
gru-mae-0.001-s42,gru,base,42,mae,0.001,21,0.028327080607414245,0.030414094775915147,0.000985473149921745,0.0012635030038654804
gru-mae-0.001-s42,gru,base,42,mae,0.001,22,0.029640837386250497,0.024586329981684685,0.0011507841292768717,0.0008213925431482494
gru-mae-0.001-s42,gru,base,42,mae,0.001,23,0.033596348389983176,0.021515273228287696,0.001368406740948558,0.0007559064496308565
gru-mae-0.001-s42,gru,base,42,mae,0.001,24,0.031076364032924176,0.01510185919702053,0.001327553199371323,0.0004056502040475607
gru-mae-0.001-s42,gru,base,42,mae,0.001,25,0.026909504644572736,0.01902160741388798,0.0009266680339351296,0.0005640405381564051
gru-mae-0.001-s42,gru,base,42,mae,0.001,26,0.02773797232657671,0.017832137271761896,0.0010502559889573604,0.0005332011473365129
gru-mae-0.001-s42,gru,base,42,mae,0.001,27,0.022615705616772175,0.018578588366508483,0.0007067559781717137,0.0005386063852347434
gru-mae-0.001-s42,gru,base,42,mae,0.001,28,0.025177040696144105,0.017239006757736205,0.0008594636747147888,0.0005059425719082355
gru-mae-0.001-s42,gru,base,42,mae,0.001,29,0.01879163272678852,0.01878021776676178,0.0004960121121257543,0.0005570627050474286
gru-mae-0.001-s42,gru,base,42,mae,0.001,30,0.01885433718562126,0.017124074772000314,0.0005096186068840325,0.00040794878848828377
gru-mae-0.001-s43,gru,base,43,mae,0.001,1,0.13407616913318635,0.16521714478731156,0.02698369026184082,0.031559347435832025
gru-mae-0.001-s43,gru,base,43,mae,0.001,2,0.11405322551727295,0.12344641774892808,0.018973784591071307,0.01605144962668419
gru-mae-0.001-s43,gru,base,43,mae,0.001,3,0.08619696050882339,0.04121058374643326,0.008873502770438791,0.0022813780792057515
gru-mae-0.001-s43,gru,base,43,mae,0.001,4,0.029491922818124294,0.02075929634273052,0.0013042504782788456,0.0005607543839141727
gru-mae-0.001-s43,gru,base,43,mae,0.001,5,0.020564640685915948,0.020882958099246025,0.000573530004476197,0.0006275095988530666
gru-mae-0.001-s43,gru,base,43,mae,0.001,6,0.016733484342694283,0.019373179152607917,0.0004541233894997276,0.0004820464109070599
gru-mae-0.001-s43,gru,base,43,mae,0.001,7,0.019539311155676843,0.018762688860297205,0.0005715432489523664,0.0005104287806898355
gru-mae-0.001-s43,gru,base,43,mae,0.001,8,0.018177091702818872,0.053581828027963636,0.0005005947663448751,0.0033341971645131706
gru-mae-0.001-s43,gru,base,43,mae,0.001,9,0.039725346863269805,0.015643121600151064,0.0022197630372829736,0.0005244960216805338
gru-mae-0.001-s43,gru,base,43,mae,0.001,10,0.01686154752969742,0.022003236040472985,0.00043068075319752097,0.0005809715739451349
gru-mae-0.001-s43,gru,base,43,mae,0.001,11,0.025922875478863718,0.02469295971095562,0.0008165971259586513,0.0007409721682779491
gru-mae-0.001-s43,gru,base,43,mae,0.001,12,0.028578039072453976,0.021847151294350622,0.0010952415643259883,0.000574095209594816
gru-mae-0.001-s43,gru,base,43,mae,0.001,13,0.02404305897653103,0.01112511582672596,0.0007302873942535371,0.00027587497839704156
gru-mae-0.001-s43,gru,base,43,mae,0.001,14,0.02033910099416971,0.019437788128852843,0.0006048171839211136,0.0005592401698231698
gru-mae-0.001-s43,gru,base,43,mae,0.001,15,0.01714601255953312,0.01202096663415432,0.0004151958622969687,0.0002985842805355787
gru-mae-0.001-s43,gru,base,43,mae,0.001,16,0.012985496968030929,0.01601222313940525,0.0002997512870933861,0.0003620465553831309
gru-mae-0.001-s43,gru,base,43,mae,0.001,17,0.01324878130108118,0.014993166849017144,0.00027182967751286923,0.00037850626045838
gru-mae-0.001-s43,gru,base,43,mae,0.001,18,0.013661227002739907,0.021199772357940672,0.00032579492253717037,0.0005711099819745868
gru-mae-0.001-s43,gru,base,43,mae,0.001,19,0.01436635609716177,0.012321148440241814,0.00031909116078168156,0.00028864270308986306
gru-mae-0.001-s43,gru,base,43,mae,0.001,20,0.011428960785269737,0.011216848380863667,0.00023131951747927814,0.00021662037936039268
gru-mae-0.001-s43,gru,base,43,mae,0.001,21,0.010564411897212267,0.0121921519190073,0.00019764349999604747,0.0003004694660194218
gru-mae-0.001-s43,gru,base,43,mae,0.001,22,0.01237690970301628,0.01757960833609104,0.00025139996723737567,0.0004231427679769695
gru-mae-0.001-s43,gru,base,43,mae,0.001,23,0.015701332315802573,0.022708785831928254,0.00033822900149971247,0.0006559429783374071
gru-mae-0.001-s43,gru,base,43,mae,0.001,24,0.022499750927090646,0.022693648710846902,0.0007206336304079741,0.0006319722440093756
gru-mae-0.001-s43,gru,base,43,mae,0.001,25,0.023394496738910676,0.011175694540143014,0.0006781630043406039,0.00023888295283541083
gru-mae-0.001-s43,gru,base,43,mae,0.001,26,0.01836031526327133,0.015860279276967048,0.00048649670206941665,0.0004046213685069233
gru-mae-0.001-s43,gru,base,43,mae,0.001,27,0.015101576410233974,0.011203957498073578,0.00032567920861765743,0.0002502658951561898
gru-mae-0.001-s43,gru,base,43,mae,0.001,28,0.012154458463191986,0.011606311127543449,0.0002547455864259973,0.00024817988043650984
gru-mae-0.001-s43,gru,base,43,mae,0.001,29,0.011702236346900463,0.01171795092523098,0.000218943360960111,0.0002671622298657894
gru-mae-0.001-s43,gru,base,43,mae,0.001,30,0.011474723182618617,0.013532893806695938,0.00024123458424583078,0.0002875835716258734
gru-mae-0.001-s44,gru,base,44,mae,0.001,1,0.2305967815220356,0.10063710987567902,0.08287588327657432,0.016677271723747254
gru-mae-0.001-s44,gru,base,44,mae,0.001,2,0.033893611282110214,0.025492824763059616,0.0018043791525997222,0.0011151368077844382
gru-mae-0.001-s44,gru,base,44,mae,0.001,3,0.03842718806117773,0.042922098711133005,0.002128187264315784,0.0026700608455576
gru-mae-0.001-s44,gru,base,44,mae,0.001,4,0.06128227859735489,0.03888715863227844,0.005155028239823878,0.0027338840998709204
gru-mae-0.001-s44,gru,base,44,mae,0.001,5,0.030662012472748756,0.04354777485132218,0.0016021790681406856,0.0026066662324592473
gru-mae-0.001-s44,gru,base,44,mae,0.001,6,0.027176161482930183,0.02565713830292225,0.0010109503287822007,0.0008419815637171268
gru-mae-0.001-s44,gru,base,44,mae,0.001,7,0.03638138920068741,0.022797079011797904,0.0017579266219399869,0.0006579524022527039
gru-mae-0.001-s44,gru,base,44,mae,0.001,8,0.030485075339674948,0.015159776248037816,0.00134225856163539,0.0003645206650253385
gru-mae-0.001-s44,gru,base,44,mae,0.001,9,0.014781071990728378,0.028764097318053246,0.0003504861844703555,0.001048440389567986
gru-mae-0.001-s44,gru,base,44,mae,0.001,10,0.022234794124960898,0.017283389717340468,0.0007014715345576405,0.00048466042382642625
gru-mae-0.001-s44,gru,base,44,mae,0.001,11,0.01504486370831728,0.021488522440195085,0.0003515118383802474,0.0006642916472628712
gru-mae-0.001-s44,gru,base,44,mae,0.001,12,0.020197083242237568,0.017408304288983344,0.0006437941745389252,0.00046493740170262755
gru-mae-0.001-s44,gru,base,44,mae,0.001,13,0.013207154162228108,0.01662998117506504,0.0002861087283235975,0.00045340603683143856
gru-mae-0.001-s44,gru,base,44,mae,0.001,14,0.011765126325190067,0.014851350486278534,0.0002411040200968273,0.0003832053393125534
gru-mae-0.001-s44,gru,base,44,mae,0.001,15,0.015118949487805367,0.01489270333200693,0.0003608942322898656,0.0003528394678141922
gru-mae-0.001-s44,gru,base,44,mae,0.001,16,0.012779108993709088,0.0241815248131752,0.00026523294509388505,0.0007623172795865685
gru-mae-0.001-s44,gru,base,44,mae,0.001,17,0.017130435071885587,0.01924105204641819,0.00041823835927061735,0.0006102587608620524
gru-mae-0.001-s44,gru,base,44,mae,0.001,18,0.01687964200973511,0.023851593285799028,0.0004551637510303408,0.0007680489821359515
gru-mae-0.001-s44,gru,base,44,mae,0.001,19,0.01577691696584225,0.019021754190325736,0.0003656428132671863,0.0005938394600525499
gru-mae-0.001-s44,gru,base,44,mae,0.001,20,0.01579391220584512,0.023498560562729837,0.0004132097674300894,0.0007369485881645232
gru-mae-0.001-s44,gru,base,44,mae,0.001,21,0.014905573986470699,0.015226995795965195,0.0003292274515843019,0.0003989397338591516
gru-mae-0.001-s44,gru,base,44,mae,0.001,22,0.012915982585400342,0.014220321103930473,0.0002721346274483949,0.000336458645761013
gru-mae-0.001-s44,gru,base,44,mae,0.001,23,0.011600791104137897,0.023436293974518775,0.00022127785487100483,0.0007082872895989567
gru-mae-0.001-s44,gru,base,44,mae,0.001,24,0.016449510306119918,0.016035463884472845,0.0003828682645689696,0.00048649555072188377
gru-mae-0.001-s44,gru,base,44,mae,0.001,25,0.01575525775551796,0.022077221348881723,0.0003834291419479996,0.0006363870238419622
gru-mae-0.001-s44,gru,base,44,mae,0.001,26,0.017273958399891855,0.015464140623807908,0.00039471653290092947,0.00044918779050931337
gru-mae-0.001-s44,gru,base,44,mae,0.001,27,0.020287285931408404,0.01868260037153959,0.0005593155045062303,0.0004697036312427372
gru-mae-0.001-s44,gru,base,44,mae,0.001,28,0.02157423421740532,0.014711683355271817,0.0006077653204556554,0.0003216297016479075
gru-mae-0.001-s44,gru,base,44,mae,0.001,29,0.016684174165129663,0.013821319118142128,0.0003876930713886395,0.00032141828211024404
gru-mae-0.001-s44,gru,base,44,mae,0.001,30,0.016399893537163736,0.015746119767427444,0.0003824211366008967,0.0003672276041470468
gru-huber-0.0001-s42,gru,base,42,huber,0.0001,1,0.1359729453921318,0.08067753076553345,0.026510927081108093,0.008376460541039705
gru-huber-0.0001-s42,gru,base,42,huber,0.0001,2,0.08418707549571991,0.07143732145428658,0.008518524095416069,0.007338778804987669
gru-huber-0.0001-s42,gru,base,42,huber,0.0001,3,0.05459093190729618,0.08083210334181785,0.005406355351442471,0.009089385066181422
gru-huber-0.0001-s42,gru,base,42,huber,0.0001,4,0.055946004763245585,0.06425838470458985,0.00607537166797556,0.005423017223365605
gru-huber-0.0001-s42,gru,base,42,huber,0.0001,5,0.05307762175798416,0.0471449413895607,0.004000552091747522,0.0030675760004669427
gru-huber-0.0001-s42,gru,base,42,huber,0.0001,6,0.03716226145625114,0.04886538490653038,0.0020200308121275158,0.002878444283269346
gru-huber-0.0001-s42,gru,base,42,huber,0.0001,7,0.03265011571347713,0.04291815727949142,0.0016780384350568057,0.00215565234888345
gru-huber-0.0001-s42,gru,base,42,huber,0.0001,8,0.02922771908342838,0.03175458207726479,0.001230353955179453,0.0012457987619563938
gru-huber-0.0001-s42,gru,base,42,huber,0.0001,9,0.017961989901959897,0.03384056694805622,0.0005459287611301988,0.001400336038786918
gru-huber-0.0001-s42,gru,base,42,huber,0.0001,10,0.016711214557290077,0.027138168439269066,0.00046117278980091215,0.0009941651043482126
gru-huber-0.0001-s42,gru,base,42,huber,0.0001,11,0.014916237443685532,0.02619432859122753,0.00035687144845724105,0.001008333454374224
gru-huber-0.0001-s42,gru,base,42,huber,0.0001,12,0.01421106830239296,0.024608785957098006,0.00033537233248353003,0.0008631033380515873
gru-huber-0.0001-s42,gru,base,42,huber,0.0001,13,0.013979468867182732,0.02492405690252781,0.00034626146079972384,0.000986551269888878
gru-huber-0.0001-s42,gru,base,42,huber,0.0001,14,0.01402869913727045,0.023250472992658616,0.00030493758094962686,0.000787872860673815
gru-huber-0.0001-s42,gru,base,42,huber,0.0001,15,0.014352428540587426,0.027526383474469184,0.00033628750534262506,0.0011739031225442885
gru-huber-0.0001-s42,gru,base,42,huber,0.0001,16,0.014719787798821927,0.02228923685848713,0.00031996921461541206,0.0007370907277800142
gru-huber-0.0001-s42,gru,base,42,huber,0.0001,17,0.015273391082882882,0.02921628810465336,0.00035664428141899405,0.00127753734937869
gru-huber-0.0001-s42,gru,base,42,huber,0.0001,18,0.016034085489809512,0.021834140196442604,0.0003744238172657788,0.000703379400074482
gru-huber-0.0001-s42,gru,base,42,huber,0.0001,19,0.0180421594530344,0.028394824378192424,0.00045245525543577967,0.0012206005642656237
gru-huber-0.0001-s42,gru,base,42,huber,0.0001,20,0.01822320483624935,0.022221961989998817,0.0004610139760188758,0.0007526460266672074
gru-huber-0.0001-s42,gru,base,42,huber,0.0001,21,0.01993249636143446,0.024730962477624418,0.0005324842524714768,0.0009650333959143609
gru-huber-0.0001-s42,gru,base,42,huber,0.0001,22,0.01746868547052145,0.02374903067946434,0.00043394247768446803,0.0008841485378798098
gru-huber-0.0001-s42,gru,base,42,huber,0.0001,23,0.018068776093423368,0.02365476407110691,0.00045068434556014834,0.0009075830585788936
gru-huber-0.0001-s42,gru,base,42,huber,0.0001,24,0.015271496959030628,0.023704042285680772,0.00034372605732642115,0.0008935332857072354
gru-huber-0.0001-s42,gru,base,42,huber,0.0001,25,0.01575500499457121,0.024275831058621408,0.00035244697937741876,0.0009551909461151809
gru-huber-0.0001-s42,gru,base,42,huber,0.0001,26,0.014379461854696273,0.022671206071972847,0.0003090771962888539,0.0008241195930168033
gru-huber-0.0001-s42,gru,base,42,huber,0.0001,27,0.014791639335453511,0.024961786828935146,0.0003127124335151166,0.0009960701852105558
gru-huber-0.0001-s42,gru,base,42,huber,0.0001,28,0.014228313975036145,0.022033279910683632,0.00030274298624135556,0.0007789233571384103
gru-huber-0.0001-s42,gru,base,42,huber,0.0001,29,0.014948723837733269,0.025277079828083516,0.00031452620751224456,0.001017720194067806
gru-huber-0.0001-s42,gru,base,42,huber,0.0001,30,0.014200169034302235,0.021817866638302805,0.0003031591390026733,0.0007624409068375825
gru-huber-0.0001-s43,gru,base,43,huber,0.0001,1,0.3523427128791809,0.18567119479179384,0.13298067152500154,0.046853382289409634
gru-huber-0.0001-s43,gru,base,43,huber,0.0001,2,0.20817650854587555,0.09276532232761384,0.051426848769187926,0.013891490772366524
gru-huber-0.0001-s43,gru,base,43,huber,0.0001,3,0.08945284113287925,0.10686678558588028,0.013616291468497365,0.01417938519269228
gru-huber-0.0001-s43,gru,base,43,huber,0.0001,4,0.08716218695044517,0.12785620212554932,0.008703015511855483,0.020603319462388754
gru-huber-0.0001-s43,gru,base,43,huber,0.0001,5,0.09188316911458969,0.1250520521402359,0.010530248447321356,0.020077078882604838
gru-huber-0.0001-s43,gru,base,43,huber,0.0001,6,0.08347345627844334,0.1078410318493843,0.009341850038617849,0.01496111137792468
gru-huber-0.0001-s43,gru,base,43,huber,0.0001,7,0.06812604255974293,0.08009895130991936,0.006179249845445156,0.008415195196866988
gru-huber-0.0001-s43,gru,base,43,huber,0.0001,8,0.0479132667183876,0.046864792704582214,0.003029555198736489,0.003279331400990486
gru-huber-0.0001-s43,gru,base,43,huber,0.0001,9,0.02968450039625168,0.0311918506026268,0.0012901431182399392,0.001331542101688683
gru-huber-0.0001-s43,gru,base,43,huber,0.0001,10,0.01945006214082241,0.03290490664541721,0.0005773723882157355,0.0015461949212476611
gru-huber-0.0001-s43,gru,base,43,huber,0.0001,11,0.018600717186927795,0.036293320655822754,0.0005861609941348433,0.0018352239672094583
gru-huber-0.0001-s43,gru,base,43,huber,0.0001,12,0.016966116800904273,0.024540570229291916,0.00046916207065805793,0.0008488547848537564
gru-huber-0.0001-s43,gru,base,43,huber,0.0001,13,0.017422398924827574,0.023775646686553954,0.00045470366603694856,0.0007910976116545499
gru-huber-0.0001-s43,gru,base,43,huber,0.0001,14,0.016400300338864325,0.028918038532137872,0.000411725917365402,0.001222043524030596
gru-huber-0.0001-s43,gru,base,43,huber,0.0001,15,0.014069042913615704,0.02791579969227314,0.00033011509804055096,0.0011215942329727113
gru-huber-0.0001-s43,gru,base,43,huber,0.0001,16,0.014038570038974286,0.026901950612664222,0.0003184564819093794,0.00101193365175277
gru-huber-0.0001-s43,gru,base,43,huber,0.0001,17,0.013351521082222461,0.02816665716469288,0.0002979420853080228,0.0011550893890671433
gru-huber-0.0001-s43,gru,base,43,huber,0.0001,18,0.013085654750466347,0.026420694887638093,0.0002862391498638317,0.0010023364797234536
gru-huber-0.0001-s43,gru,base,43,huber,0.0001,19,0.012485568039119243,0.025009407252073287,0.0002620012295665219,0.000892253986094147
gru-huber-0.0001-s43,gru,base,43,huber,0.0001,20,0.012188317067921162,0.025166705548763275,0.0002542381902458146,0.0009098709467798471
gru-huber-0.0001-s43,gru,base,43,huber,0.0001,21,0.01180384550243616,0.02440253034234047,0.0002412548114079982,0.0008558442373760044
gru-huber-0.0001-s43,gru,base,43,huber,0.0001,22,0.011550217494368553,0.0246376184374094,0.00023217823763843626,0.0008795252046547831
gru-huber-0.0001-s43,gru,base,43,huber,0.0001,23,0.01128801740705967,0.02466346971690655,0.0002230726706329733,0.0008888861571904272
gru-huber-0.0001-s43,gru,base,43,huber,0.0001,24,0.011074366793036462,0.02409035563468933,0.00021514059189939872,0.0008514938177540899
gru-huber-0.0001-s43,gru,base,43,huber,0.0001,25,0.010774748027324676,0.02371620833873749,0.00020845500403083862,0.0008331444498617202
gru-huber-0.0001-s43,gru,base,43,huber,0.0001,26,0.010538720712065696,0.023082531467080118,0.00020181995641905815,0.0007925657229498028
gru-huber-0.0001-s43,gru,base,43,huber,0.0001,27,0.010303607024252415,0.022977899685502054,0.00019677885284181685,0.0007921335659921169
gru-huber-0.0001-s43,gru,base,43,huber,0.0001,28,0.010161391086876392,0.022758259251713753,0.00019087878026766703,0.00078060184372589
gru-huber-0.0001-s43,gru,base,43,huber,0.0001,29,0.010026738978922367,0.022649840116500855,0.00018581670155981556,0.0007786140660755337
gru-huber-0.0001-s43,gru,base,43,huber,0.0001,30,0.009906626772135496,0.022311800718307497,0.0001808247689041309,0.0007601644261740148
gru-huber-0.0001-s44,gru,base,44,huber,0.0001,1,0.0982668049633503,0.08439952582120895,0.014640530361793936,0.008453438319265842
gru-huber-0.0001-s44,gru,base,44,huber,0.0001,2,0.08836310356855392,0.07939220577478409,0.009635963290929795,0.007127171494066715
gru-huber-0.0001-s44,gru,base,44,huber,0.0001,3,0.07354850620031357,0.0650275519490242,0.006650179717689752,0.004985826294869184
gru-huber-0.0001-s44,gru,base,44,huber,0.0001,4,0.055195607244968414,0.05230830684304237,0.003989570215344429,0.0033792041055858133
gru-huber-0.0001-s44,gru,base,44,huber,0.0001,5,0.03859285339713096,0.04398115947842598,0.0020841514226049183,0.0024620439065620304
gru-huber-0.0001-s44,gru,base,44,huber,0.0001,6,0.028084275126457215,0.0372302271425724,0.001218622038140893,0.0018950728606432676
gru-huber-0.0001-s44,gru,base,44,huber,0.0001,7,0.025003201514482497,0.029879290387034418,0.0009508343588095159,0.0013012974779121579
gru-huber-0.0001-s44,gru,base,44,huber,0.0001,8,0.02319599688053131,0.027971216440200806,0.000816409318940714,0.0011938242614269257
gru-huber-0.0001-s44,gru,base,44,huber,0.0001,9,0.022981221228837966,0.028704807609319687,0.0008474242291413248,0.0012715531489811839
gru-huber-0.0001-s44,gru,base,44,huber,0.0001,10,0.020028125122189523,0.029724717512726782,0.0006467276660259813,0.001343634412623942
gru-huber-0.0001-s44,gru,base,44,huber,0.0001,11,0.0186918918043375,0.03108922116458416,0.0005227819900028407,0.0014408888854086398
gru-huber-0.0001-s44,gru,base,44,huber,0.0001,12,0.01741919796913862,0.031453197002410886,0.00046251031453721226,0.001457236032001674
gru-huber-0.0001-s44,gru,base,44,huber,0.0001,13,0.016739490255713464,0.0303224591165781,0.0004224866279400885,0.001338726496323943
gru-huber-0.0001-s44,gru,base,44,huber,0.0001,14,0.015510609187185765,0.028984006419777872,0.00038591374759562315,0.0012241073790937662
gru-huber-0.0001-s44,gru,base,44,huber,0.0001,15,0.014646547473967075,0.027291580885648727,0.0003639537171693519,0.001078170919790864
gru-huber-0.0001-s44,gru,base,44,huber,0.0001,16,0.014056561514735222,0.026477180123329162,0.00034723388380371035,0.0010166186769492924
gru-huber-0.0001-s44,gru,base,44,huber,0.0001,17,0.013552515208721161,0.02626912258565426,0.0003201909421477467,0.0010060949972830714
gru-huber-0.0001-s44,gru,base,44,huber,0.0001,18,0.013077146001160144,0.02600556418299675,0.0002990501234307885,0.0009935329481959342
gru-huber-0.0001-s44,gru,base,44,huber,0.0001,19,0.012660014070570469,0.02536957658827305,0.0002839693974237889,0.0009499872010201216
gru-huber-0.0001-s44,gru,base,44,huber,0.0001,20,0.012163856253027915,0.024509399980306625,0.000271523671108298,0.0008857214264571667
gru-huber-0.0001-s44,gru,base,44,huber,0.0001,21,0.01169611532241106,0.02426921084523201,0.0002606146299513057,0.0008770230016671121
gru-huber-0.0001-s44,gru,base,44,huber,0.0001,22,0.01134317796677351,0.024946138262748718,0.00024393929925281554,0.0009396805614233016
gru-huber-0.0001-s44,gru,base,44,huber,0.0001,23,0.011168034933507442,0.024545532912015916,0.00023544174910057337,0.000911680543795228
gru-huber-0.0001-s44,gru,base,44,huber,0.0001,24,0.010767212137579918,0.022798665314912796,0.0002339226339245215,0.0007761289947666228
gru-huber-0.0001-s44,gru,base,44,huber,0.0001,25,0.011513139121234417,0.023943466916680336,0.0002524038922274485,0.0008557868842035532
gru-huber-0.0001-s44,gru,base,44,huber,0.0001,26,0.01137137021869421,0.03237009860575199,0.00023008914286037907,0.0014654105575755238
gru-huber-0.0001-s44,gru,base,44,huber,0.0001,27,0.016080603003501892,0.02280963256955147,0.00038301030872389674,0.0007942571258172393
gru-huber-0.0001-s44,gru,base,44,huber,0.0001,28,0.01387795340269804,0.021414764001965524,0.00033234063448617235,0.0007021216535940766
gru-huber-0.0001-s44,gru,base,44,huber,0.0001,29,0.013999712839722633,0.03029340222477913,0.00030877253448124975,0.0012773560476489366
gru-huber-0.0001-s44,gru,base,44,huber,0.0001,30,0.0139090858399868,0.024143213108181953,0.00030868220055708663,0.0008598704217001795
gru-huber-0.001-s42,gru,base,42,huber,0.001,1,0.20452970564365386,0.20706189870834352,0.04855456631630659,0.04682793989777565
gru-huber-0.001-s42,gru,base,42,huber,0.001,2,0.14540360271930694,0.06450717777013779,0.024115335568785666,0.00471221849322319
gru-huber-0.001-s42,gru,base,42,huber,0.001,3,0.07502090707421302,0.04279320150613785,0.008117424021475018,0.002451822916045785
gru-huber-0.001-s42,gru,base,42,huber,0.001,4,0.0531772393733263,0.04373192951083183,0.0039007644867524506,0.00277198257856071
gru-huber-0.001-s42,gru,base,42,huber,0.001,5,0.04073535762727261,0.022992495745420456,0.002291096362750977,0.0007995011145249009
gru-huber-0.001-s42,gru,base,42,huber,0.001,6,0.021505481749773025,0.033872683234512806,0.0007189853582531214,0.0016139100806321948
gru-huber-0.001-s42,gru,base,42,huber,0.001,7,0.026368296518921853,0.03217064306139946,0.0009328461543191225,0.0015367482556030154
gru-huber-0.001-s42,gru,base,42,huber,0.001,8,0.02711738683283329,0.07310757368803024,0.0010903208691161125,0.006441135117784142
gru-huber-0.001-s42,gru,base,42,huber,0.001,9,0.08071907758712768,0.025411027669906616,0.007756826933473349,0.0009449929790571332
gru-huber-0.001-s42,gru,base,42,huber,0.001,10,0.08379767686128617,0.06897528558969497,0.010378165252041072,0.005755413435399532
gru-huber-0.001-s42,gru,base,42,huber,0.001,11,0.028748608008027077,0.029395575299859047,0.0011935910675674676,0.001089918236248195
gru-huber-0.001-s42,gru,base,42,huber,0.001,12,0.03891368769109249,0.04097588866949081,0.0020857361058006065,0.0020669602602720262
gru-huber-0.001-s42,gru,base,42,huber,0.001,13,0.03129031769931316,0.018981150537729263,0.0013950391905382276,0.0006344065081793815
gru-huber-0.001-s42,gru,base,42,huber,0.001,14,0.02133902870118618,0.016240516267716883,0.0006114123971201479,0.00040234133601188657
gru-huber-0.001-s42,gru,base,42,huber,0.001,15,0.01771609913557768,0.04061432912945748,0.0004316710634157062,0.0020473488653078675
gru-huber-0.001-s42,gru,base,42,huber,0.001,16,0.023728474229574203,0.023917304128408434,0.0008214004890760406,0.0007866720226593315
gru-huber-0.001-s42,gru,base,42,huber,0.001,17,0.027520499750971796,0.01889138512313366,0.0009781884145922959,0.0005967803159728646
gru-huber-0.001-s42,gru,base,42,huber,0.001,18,0.017264442332088948,0.032255597263574604,0.0004693408205639571,0.0014177522249519826
gru-huber-0.001-s42,gru,base,42,huber,0.001,19,0.02039301674813032,0.023088531121611595,0.0006277930646319873,0.0007142587949056178
gru-huber-0.001-s42,gru,base,42,huber,0.001,20,0.024371213093400002,0.017979492619633674,0.0007880725839640945,0.0005587830976583063
gru-huber-0.001-s42,gru,base,42,huber,0.001,21,0.016373021900653838,0.029420314207673073,0.000403207159251906,0.0011721994797699153
gru-huber-0.001-s42,gru,base,42,huber,0.001,22,0.016973410081118346,0.018594825118780137,0.0004663948391680606,0.00045860670157708226
gru-huber-0.001-s42,gru,base,42,huber,0.001,23,0.024888376891613006,0.017004548162221907,0.0007832375005818904,0.0004958442528732121
gru-huber-0.001-s42,gru,base,42,huber,0.001,24,0.01462808009237051,0.03383446455001831,0.00031965358066372574,0.0015502744121477009
gru-huber-0.001-s42,gru,base,42,huber,0.001,25,0.02169434614479542,0.020586675368249416,0.0007074402383295819,0.0005583443935029209
gru-huber-0.001-s42,gru,base,42,huber,0.001,26,0.017417522240430118,0.01752991307526827,0.00044925576366949826,0.0004475925746373832
gru-huber-0.001-s42,gru,base,42,huber,0.001,27,0.013635728694498538,0.033663619607687,0.00027230851992499083,0.0014669016376137733
gru-huber-0.001-s42,gru,base,42,huber,0.001,28,0.021223444491624832,0.016088954731822015,0.0006234370870515704,0.000379862894769758
gru-huber-0.001-s42,gru,base,42,huber,0.001,29,0.020413392595946787,0.014700092598795891,0.0006444894504966214,0.00042444843100383875
gru-huber-0.001-s42,gru,base,42,huber,0.001,30,0.016375422850251196,0.027305352166295052,0.0003807738539762795,0.0010266114375554025
gru-huber-0.001-s43,gru,base,43,huber,0.001,1,0.13696420788764954,0.1481768798828125,0.027941177505999802,0.026013725884258748
gru-huber-0.001-s43,gru,base,43,huber,0.001,2,0.09729550778865814,0.07909619837999343,0.015022774483077228,0.0072838617488741875
gru-huber-0.001-s43,gru,base,43,huber,0.001,3,0.10167550817131996,0.09488542020320892,0.014460797538049519,0.009961087852716446
gru-huber-0.001-s43,gru,base,43,huber,0.001,4,0.039418480917811395,0.08395183712244034,0.002556694921804592,0.00749820951372385
gru-huber-0.001-s43,gru,base,43,huber,0.001,5,0.06119987703859806,0.05666273601353169,0.004610224801581353,0.004328067610040307
gru-huber-0.001-s43,gru,base,43,huber,0.001,6,0.057906700670719145,0.027053480297327043,0.004347693501040339,0.0011812682077288628
gru-huber-0.001-s43,gru,base,43,huber,0.001,7,0.05666658505797386,0.04671773493289948,0.0038309841649606822,0.0026633767038583755
gru-huber-0.001-s43,gru,base,43,huber,0.001,8,0.0266079381108284,0.042272045239806176,0.0010192897607339546,0.002175476658158004
gru-huber-0.001-s43,gru,base,43,huber,0.001,9,0.02931095436215401,0.0188499603420496,0.0012908990378491581,0.000569901205599308
gru-huber-0.001-s43,gru,base,43,huber,0.001,10,0.01477972250431776,0.01192719928920269,0.00039451898192055523,0.0002069856587331742
gru-huber-0.001-s43,gru,base,43,huber,0.001,11,0.012847078032791615,0.019247827306389808,0.00028714316576952117,0.0005186889762990177
gru-huber-0.001-s43,gru,base,43,huber,0.001,12,0.014285893924534322,0.018327455446124078,0.0003896111331414431,0.00044407775742001833
gru-huber-0.001-s43,gru,base,43,huber,0.001,13,0.01574209239333868,0.011195800378918647,0.0003611949534388259,0.0002805608441121876
gru-huber-0.001-s43,gru,base,43,huber,0.001,14,0.011209377925843,0.01136332906782627,0.00022936632885830476,0.00020854393485933542
gru-huber-0.001-s43,gru,base,43,huber,0.001,15,0.011482071038335562,0.010923034623265266,0.00024784877459751444,0.00022758176433853805
gru-huber-0.001-s43,gru,base,43,huber,0.001,16,0.011300039850175381,0.015013583227992058,0.0002235744905192405,0.0003315581346396357
gru-huber-0.001-s43,gru,base,43,huber,0.001,17,0.01190804671496153,0.012064913958311082,0.00022911461273906754,0.00025799351162277164
gru-huber-0.001-s43,gru,base,43,huber,0.001,18,0.011982174310833215,0.011284806281328202,0.0002596155769424513,0.00023467014776542782
gru-huber-0.001-s43,gru,base,43,huber,0.001,19,0.011444557644426822,0.016690160110592843,0.00022852861147839575,0.00038034574943594633
gru-huber-0.001-s43,gru,base,43,huber,0.001,20,0.012644607201218605,0.01609165795147419,0.00025132853770628574,0.000381758667062968
gru-huber-0.001-s43,gru,base,43,huber,0.001,21,0.014205489493906497,0.01571182981133461,0.00034965004597324877,0.00035227390006184575
gru-huber-0.001-s43,gru,base,43,huber,0.001,22,0.013621706701815128,0.014414716511964798,0.000281317307963036,0.00032718600356020035
gru-huber-0.001-s43,gru,base,43,huber,0.001,23,0.012143306620419025,0.01677749991416931,0.00023101870610844343,0.0003936185804195702
gru-huber-0.001-s43,gru,base,43,huber,0.001,24,0.014895672723650933,0.018712562024593354,0.00038530397287104277,0.00047125293407589196
gru-huber-0.001-s43,gru,base,43,huber,0.001,25,0.014442532882094383,0.011859308630228042,0.00031191533053060995,0.000292371743125841
gru-huber-0.001-s43,gru,base,43,huber,0.001,26,0.01085587702691555,0.012681969180703164,0.00020122672722209246,0.0002488628053106368
gru-huber-0.001-s43,gru,base,43,huber,0.001,27,0.0114387521520257,0.01536012876778841,0.00024581374309491367,0.0003501939808484167
gru-huber-0.001-s43,gru,base,43,huber,0.001,28,0.012093948386609554,0.014108512960374355,0.00023045360940159297,0.00030940925469622013
gru-huber-0.001-s43,gru,base,43,huber,0.001,29,0.011323658935725688,0.016245549470186235,0.00020530965848593042,0.00037804740015417337
gru-huber-0.001-s43,gru,base,43,huber,0.001,30,0.014457856304943562,0.01814616806805134,0.0003566882704035379,0.0004514779185410589
gru-huber-0.001-s44,gru,base,44,huber,0.001,1,0.2489040397107601,0.1715718102455139,0.09600832618307323,0.03832452744245529
gru-huber-0.001-s44,gru,base,44,huber,0.001,2,0.05694126784801483,0.06366434723138809,0.0043999642133712765,0.00570800558431074
gru-huber-0.001-s44,gru,base,44,huber,0.001,3,0.09407590329647064,0.038768553286790845,0.010170101560652256,0.0024018896743655204
gru-huber-0.001-s44,gru,base,44,huber,0.001,4,0.021953311935067176,0.035206148996949196,0.0007491125667002052,0.0018359078059438617
gru-huber-0.001-s44,gru,base,44,huber,0.001,5,0.025379060953855514,0.06279990345239639,0.0009156995918601751,0.00464101541787386
gru-huber-0.001-s44,gru,base,44,huber,0.001,6,0.049714819714427,0.020175018906593324,0.0033931727171875536,0.0005579736584331841
gru-huber-0.001-s44,gru,base,44,huber,0.001,7,0.020146113634109498,0.01783552289009094,0.0005777042359113693,0.0005513511714525521
gru-huber-0.001-s44,gru,base,44,huber,0.001,8,0.018046488426625727,0.014187190048396588,0.0005011445842683315,0.0003348432166967541
gru-huber-0.001-s44,gru,base,44,huber,0.001,9,0.016695628687739373,0.025236800014972686,0.0004243300703819841,0.0008078496064990759
gru-huber-0.001-s44,gru,base,44,huber,0.001,10,0.02651091106235981,0.019702373035252095,0.0010386280133388936,0.0005252647981978953
gru-huber-0.001-s44,gru,base,44,huber,0.001,11,0.017655586823821068,0.019148932546377184,0.00043818827834911643,0.0006222604820504784
gru-huber-0.001-s44,gru,base,44,huber,0.001,12,0.022815156355500223,0.025456894412636755,0.0007327463245019317,0.0008309769781772047
gru-huber-0.001-s44,gru,base,44,huber,0.001,13,0.02711448222398758,0.014745163545012475,0.0009227063041180372,0.0003640194912441075
gru-huber-0.001-s44,gru,base,44,huber,0.001,14,0.027125474624335767,0.016246756613254545,0.001000225913594477,0.0004351453832350671
gru-huber-0.001-s44,gru,base,44,huber,0.001,15,0.020527916960418224,0.015683814808726312,0.0005773768643848598,0.00037492263596504926
gru-huber-0.001-s44,gru,base,44,huber,0.001,16,0.01563218291848898,0.013925034441053868,0.00036230225814506414,0.000327262842329219
gru-huber-0.001-s44,gru,base,44,huber,0.001,17,0.014412115328013897,0.013088057935237884,0.00031856528657954187,0.0002778859494719654
gru-huber-0.001-s44,gru,base,44,huber,0.001,18,0.01403676699846983,0.016543206088244916,0.00031913521233946086,0.00039473642245866356
gru-huber-0.001-s44,gru,base,44,huber,0.001,19,0.01460076980292797,0.013179381862282753,0.00030147084617055954,0.0003077960014343262
gru-huber-0.001-s44,gru,base,44,huber,0.001,20,0.014372347295284272,0.017782877199351788,0.00032629388151690365,0.00044035609578713775
gru-huber-0.001-s44,gru,base,44,huber,0.001,21,0.015486000664532184,0.013359225466847419,0.0003275750146713108,0.00031346325762569903
gru-huber-0.001-s44,gru,base,44,huber,0.001,22,0.014883971959352493,0.016700692661106586,0.0003381931281182915,0.00040397547651082276
gru-huber-0.001-s44,gru,base,44,huber,0.001,23,0.01526358500123024,0.01320078432559967,0.00032511845347471535,0.0003038136987015605
gru-huber-0.001-s44,gru,base,44,huber,0.001,24,0.014574762433767319,0.015297911874949933,0.00032029341091401877,0.0003681313223205507
gru-huber-0.001-s44,gru,base,44,huber,0.001,25,0.014181485399603844,0.013463263288140298,0.00029272371612023564,0.00030472722370177507
gru-huber-0.001-s44,gru,base,44,huber,0.001,26,0.013152472488582135,0.014910894706845283,0.0002738945564487949,0.0003602011722978204
gru-huber-0.001-s44,gru,base,44,huber,0.001,27,0.012867364287376403,0.0135832928866148,0.0002523823990486562,0.0003116012969985604
gru-huber-0.001-s44,gru,base,44,huber,0.001,28,0.012244108878076077,0.015509323552250862,0.00024107945791911333,0.00037535589770413934
gru-huber-0.001-s44,gru,base,44,huber,0.001,29,0.012152566015720368,0.01360084794461727,0.00023031984455883502,0.00031738388002850116
gru-huber-0.001-s44,gru,base,44,huber,0.001,30,0.01182643100619316,0.016438742205500602,0.00022663200797978789,0.0003996959188953042
dlinear-mse-0.0001-s42,dlinear,base,42,mse,0.0001,1,0.3203162670135498,0.24344779670238495,0.1128463439643383,0.07582768499851227
dlinear-mse-0.0001-s42,dlinear,base,42,mse,0.0001,2,0.14280221275985241,0.10778241097927094,0.031016741087660192,0.023394692204892636
dlinear-mse-0.0001-s42,dlinear,base,42,mse,0.0001,3,0.10058916956186295,0.12235900789499282,0.01372249168343842,0.017431699484586716
dlinear-mse-0.0001-s42,dlinear,base,42,mse,0.0001,4,0.11582437679171562,0.12215229570865631,0.01732613816857338,0.017717767134308816
dlinear-mse-0.0001-s42,dlinear,base,42,mse,0.0001,5,0.10527317076921464,0.10972571045160294,0.014149831421673299,0.013870365619659424
dlinear-mse-0.0001-s42,dlinear,base,42,mse,0.0001,6,0.08238118812441826,0.09506135135889053,0.008442671969532967,0.0119684755243361
dlinear-mse-0.0001-s42,dlinear,base,42,mse,0.0001,7,0.06745173633098603,0.08379838019609451,0.006298210797831416,0.012352417204529047
dlinear-mse-0.0001-s42,dlinear,base,42,mse,0.0001,8,0.06276594176888466,0.07921934723854065,0.006314732856117189,0.01218954151496291
dlinear-mse-0.0001-s42,dlinear,base,42,mse,0.0001,9,0.059861864894628525,0.07607607334852219,0.005938551784493029,0.010654855947941543
dlinear-mse-0.0001-s42,dlinear,base,42,mse,0.0001,10,0.05612594299018383,0.07499313831329346,0.004955452540889383,0.008864414170384407
dlinear-mse-0.0001-s42,dlinear,base,42,mse,0.0001,11,0.05379913449287414,0.07479553773999215,0.004172166250646115,0.007653985964134335
dlinear-mse-0.0001-s42,dlinear,base,42,mse,0.0001,12,0.052625305205583575,0.07320368736982345,0.003772844560444355,0.006923494245857
dlinear-mse-0.0001-s42,dlinear,base,42,mse,0.0001,13,0.05029398687183857,0.07005610689520836,0.003457532823085785,0.006360842389985919
dlinear-mse-0.0001-s42,dlinear,base,42,mse,0.0001,14,0.04711154624819756,0.06605565428733826,0.0031018736539408565,0.005879053752869368
dlinear-mse-0.0001-s42,dlinear,base,42,mse,0.0001,15,0.04414145909249782,0.06213466912508011,0.0027852526982314885,0.005464163720607758
dlinear-mse-0.0001-s42,dlinear,base,42,mse,0.0001,16,0.04170684888958931,0.058909120559692385,0.0025346441892907024,0.005058727236464619
dlinear-mse-0.0001-s42,dlinear,base,42,mse,0.0001,17,0.03956516906619072,0.05646718338131904,0.0023059126106090844,0.004638512157835066
dlinear-mse-0.0001-s42,dlinear,base,42,mse,0.0001,18,0.0375280924141407,0.05449629336595535,0.002085169078782201,0.004238174431957304
dlinear-mse-0.0001-s42,dlinear,base,42,mse,0.0001,19,0.03561770990490913,0.052586062252521514,0.001889388938434422,0.0038866091007366778
dlinear-mse-0.0001-s42,dlinear,base,42,mse,0.0001,20,0.033959970250725745,0.05049335449934006,0.0017212607664987445,0.0035794610669836404
dlinear-mse-0.0001-s42,dlinear,base,42,mse,0.0001,21,0.03251087926328182,0.048228938430547715,0.0015710719162598252,0.003303891238756478
dlinear-mse-0.0001-s42,dlinear,base,42,mse,0.0001,22,0.031066831201314926,0.04596693068742752,0.00143505654996261,0.003053652490489185
dlinear-mse-0.0001-s42,dlinear,base,42,mse,0.0001,23,0.02969076670706272,0.04396451264619827,0.0013134013279341161,0.00282554947771132
dlinear-mse-0.0001-s42,dlinear,base,42,mse,0.0001,24,0.028400482982397078,0.042190468981862066,0.0012044571223668755,0.002617869284003973
dlinear-mse-0.0001-s42,dlinear,base,42,mse,0.0001,25,0.027254459634423255,0.040578431338071826,0.0011067321640439332,0.0024304571654647587
dlinear-mse-0.0001-s42,dlinear,base,42,mse,0.0001,26,0.026255134865641593,0.03906812228262425,0.0010199155076406896,0.0022621469129808247
dlinear-mse-0.0001-s42,dlinear,base,42,mse,0.0001,27,0.025285758450627326,0.0376211741566658,0.0009431455691810697,0.0021102209691889586
dlinear-mse-0.0001-s42,dlinear,base,42,mse,0.0001,28,0.02432889901101589,0.03623977325856686,0.0008750059176236391,0.0019725159159861504
dlinear-mse-0.0001-s42,dlinear,base,42,mse,0.0001,29,0.02341097258031368,0.0350374648720026,0.000814397819340229,0.001848183621186763
dlinear-mse-0.0001-s42,dlinear,base,42,mse,0.0001,30,0.022586118429899216,0.033961764201521874,0.0007604714366607368,0.001736792172305286
dlinear-mse-0.0001-s43,dlinear,base,43,mse,0.0001,1,0.17704975306987764,0.0821928745508194,0.033266520127654076,0.008515917155891657
dlinear-mse-0.0001-s43,dlinear,base,43,mse,0.0001,2,0.031225794181227683,0.056355825066566466,0.0014098414918407797,0.003978134952485561
dlinear-mse-0.0001-s43,dlinear,base,43,mse,0.0001,3,0.08464422672986985,0.07005415618419647,0.008109534811228513,0.005872139185667038
dlinear-mse-0.0001-s43,dlinear,base,43,mse,0.0001,4,0.06258365027606487,0.032164512127637865,0.005320196156390011,0.001220216709189117
dlinear-mse-0.0001-s43,dlinear,base,43,mse,0.0001,5,0.035659310221672055,0.03346039600670338,0.001828904647845775,0.0021344589535146953
dlinear-mse-0.0001-s43,dlinear,base,43,mse,0.0001,6,0.036515697836875916,0.04581339985132218,0.0021908090566284955,0.0030814203433692454
dlinear-mse-0.0001-s43,dlinear,base,43,mse,0.0001,7,0.031236696988344193,0.029167389273643495,0.0015013472409918904,0.0016734887240454554
dlinear-mse-0.0001-s43,dlinear,base,43,mse,0.0001,8,0.02206403240561485,0.02247839704155922,0.0006799517199397087,0.0008566770260222256
dlinear-mse-0.0001-s43,dlinear,base,43,mse,0.0001,9,0.02280644215643406,0.02277991108596325,0.0008477225725073368,0.0008140757004730403
dlinear-mse-0.0001-s43,dlinear,base,43,mse,0.0001,10,0.022457347810268403,0.022265414968132974,0.0007963074021972716,0.000863464439753443
dlinear-mse-0.0001-s43,dlinear,base,43,mse,0.0001,11,0.02017841786146164,0.02554954156279564,0.0005844161030836403,0.0011983674217481166
dlinear-mse-0.0001-s43,dlinear,base,43,mse,0.0001,12,0.020671791955828668,0.027803898826241492,0.0005980677728075534,0.0013489193399436772
dlinear-mse-0.0001-s43,dlinear,base,43,mse,0.0001,13,0.020278554409742355,0.024992863982915878,0.0005715744395274669,0.0011335902707651257
dlinear-mse-0.0001-s43,dlinear,base,43,mse,0.0001,14,0.018632748164236546,0.02291714645922184,0.0005258252436760813,0.000947527049575001
dlinear-mse-0.0001-s43,dlinear,base,43,mse,0.0001,15,0.018039961718022822,0.022630187422037124,0.0005156097118742764,0.0009227728517726064
dlinear-mse-0.0001-s43,dlinear,base,43,mse,0.0001,16,0.01783646270632744,0.023323229029774666,0.00048734371666796504,0.0009969537903089076
dlinear-mse-0.0001-s43,dlinear,base,43,mse,0.0001,17,0.017937058955430983,0.023785352632403375,0.0004727818944957107,0.0010514036775566638
dlinear-mse-0.0001-s43,dlinear,base,43,mse,0.0001,18,0.01782138217240572,0.023284554407000543,0.0004641686682589352,0.0010089441935997457
dlinear-mse-0.0001-s43,dlinear,base,43,mse,0.0001,19,0.017296343855559827,0.022570305988192558,0.0004484151664655656,0.0009395112446509301
dlinear-mse-0.0001-s43,dlinear,base,43,mse,0.0001,20,0.01692355703562498,0.022289108112454416,0.00043559921614360063,0.0009142654074821621
dlinear-mse-0.0001-s43,dlinear,base,43,mse,0.0001,21,0.01673301700502634,0.02236726485192776,0.0004233186686178669,0.0009278401697520167
dlinear-mse-0.0001-s43,dlinear,base,43,mse,0.0001,22,0.01660586204379797,0.022409504428505898,0.0004127356281969696,0.0009373096155468375
dlinear-mse-0.0001-s43,dlinear,base,43,mse,0.0001,23,0.01644014474004507,0.022235184088349343,0.00040290660981554536,0.0009206003323197364
dlinear-mse-0.0001-s43,dlinear,base,43,mse,0.0001,24,0.016208994947373868,0.022012685909867286,0.0003927500802092254,0.0008978529262822122
dlinear-mse-0.0001-s43,dlinear,base,43,mse,0.0001,25,0.015991795063018798,0.02192387841641903,0.0003832449670881033,0.0008899408194702118
dlinear-mse-0.0001-s43,dlinear,base,43,mse,0.0001,26,0.015828409418463706,0.021978950276970863,0.00037421332963276653,0.0008925618382636457
dlinear-mse-0.0001-s43,dlinear,base,43,mse,0.0001,27,0.01567882616072893,0.021988673508167265,0.00036575129488483073,0.0008908149774651974
dlinear-mse-0.0001-s43,dlinear,base,43,mse,0.0001,28,0.015503491833806038,0.02191496729850769,0.0003576013958081603,0.0008817431353963912
dlinear-mse-0.0001-s43,dlinear,base,43,mse,0.0001,29,0.015314348600804805,0.02185297980904579,0.0003497356490697712,0.0008738707413431257
dlinear-mse-0.0001-s43,dlinear,base,43,mse,0.0001,30,0.015140068158507347,0.021850148364901543,0.00034224471310153606,0.0008714048389811069
dlinear-mse-0.0001-s44,dlinear,base,44,mse,0.0001,1,0.30924649238586427,0.14908677577972412,0.11387646496295929,0.04287067383527756
dlinear-mse-0.0001-s44,dlinear,base,44,mse,0.0001,2,0.12218544632196426,0.1106105762720108,0.029639850230887534,0.017852991968393326
dlinear-mse-0.0001-s44,dlinear,base,44,mse,0.0001,3,0.123344087600708,0.1546957188844681,0.016272096335887908,0.02480438746511936
dlinear-mse-0.0001-s44,dlinear,base,44,mse,0.0001,4,0.1359353631734848,0.15638021111488343,0.022057274449616672,0.026229674965143203
dlinear-mse-0.0001-s44,dlinear,base,44,mse,0.0001,5,0.13097365573048592,0.1320784142613411,0.02143637454137206,0.018434544019401075
dlinear-mse-0.0001-s44,dlinear,base,44,mse,0.0001,6,0.1147091656923294,0.09802252858877182,0.01516289571300149,0.010057568289339543
dlinear-mse-0.0001-s44,dlinear,base,44,mse,0.0001,7,0.09341757446527481,0.06622443079948426,0.009458161145448684,0.005689362958073616
dlinear-mse-0.0001-s44,dlinear,base,44,mse,0.0001,8,0.07192217484116555,0.045947896242141725,0.006294611468911171,0.004297224134206772
dlinear-mse-0.0001-s44,dlinear,base,44,mse,0.0001,9,0.056249643117189406,0.037734016478061676,0.004463575850240886,0.0035081290081143378
dlinear-mse-0.0001-s44,dlinear,base,44,mse,0.0001,10,0.04588111937046051,0.0339506933093071,0.0029869048157706857,0.0026101323775947092
dlinear-mse-0.0001-s44,dlinear,base,44,mse,0.0001,11,0.03750736452639103,0.03355392947793007,0.0019978936295956375,0.0019512348063290118
dlinear-mse-0.0001-s44,dlinear,base,44,mse,0.0001,12,0.032599161937832834,0.032394134551286695,0.0016075389692559838,0.0015879729110747575
dlinear-mse-0.0001-s44,dlinear,base,44,mse,0.0001,13,0.030176492780447005,0.028595433980226518,0.0014502818346954882,0.0013318496104329823
dlinear-mse-0.0001-s44,dlinear,base,44,mse,0.0001,14,0.027943943068385123,0.024259310215711594,0.0012510092230513692,0.0011852783989161253
dlinear-mse-0.0001-s44,dlinear,base,44,mse,0.0001,15,0.026088547706604005,0.02366665244102478,0.0010704206535592676,0.0011851618345826865
dlinear-mse-0.0001-s44,dlinear,base,44,mse,0.0001,16,0.02509300149977207,0.024290171563625337,0.0009840154671110213,0.0012042396608740091
dlinear-mse-0.0001-s44,dlinear,base,44,mse,0.0001,17,0.024441246688365937,0.023770718574523925,0.000939803512301296,0.0011416343599557877
dlinear-mse-0.0001-s44,dlinear,base,44,mse,0.0001,18,0.023781583085656165,0.022611969113349915,0.0008971164119429886,0.0010450680367648602
dlinear-mse-0.0001-s44,dlinear,base,44,mse,0.0001,19,0.023192154988646508,0.021808332055807112,0.0008591929741669446,0.0009838896058499812
dlinear-mse-0.0001-s44,dlinear,base,44,mse,0.0001,20,0.02271656449884176,0.021521034091711043,0.0008214824367314578,0.0009721420146524907
dlinear-mse-0.0001-s44,dlinear,base,44,mse,0.0001,21,0.022192023508250714,0.021539328843355177,0.0007813475909642875,0.0009912999160587787
dlinear-mse-0.0001-s44,dlinear,base,44,mse,0.0001,22,0.02166663333773613,0.021514272689819335,0.0007454037491697818,0.0010107157658785582
dlinear-mse-0.0001-s44,dlinear,base,44,mse,0.0001,23,0.021196274086833,0.021266294419765474,0.0007137252716347576,0.0010099277086555959
dlinear-mse-0.0001-s44,dlinear,base,44,mse,0.0001,24,0.020755180343985557,0.020866398364305497,0.0006828727084212006,0.0009944133646786213
dlinear-mse-0.0001-s44,dlinear,base,44,mse,0.0001,25,0.02033111359924078,0.020490015000104903,0.0006530543905682862,0.000980997970327735
dlinear-mse-0.0001-s44,dlinear,base,44,mse,0.0001,26,0.019932536222040654,0.020281653106212615,0.0006250653299503028,0.0009781706053763627
dlinear-mse-0.0001-s44,dlinear,base,44,mse,0.0001,27,0.019547568820416927,0.020231668949127198,0.0005989223136566579,0.000982825355604291
dlinear-mse-0.0001-s44,dlinear,base,44,mse,0.0001,28,0.019162950478494166,0.020181964188814162,0.0005747627932578325,0.000987007925286889
dlinear-mse-0.0001-s44,dlinear,base,44,mse,0.0001,29,0.01879042722284794,0.020082190334796905,0.0005524065345525742,0.000986010432243347
dlinear-mse-0.0001-s44,dlinear,base,44,mse,0.0001,30,0.018432833068072797,0.01996831625699997,0.000531488680280745,0.0009814569912850856
dlinear-mse-0.001-s42,dlinear,base,42,mse,0.001,1,0.2311821162700653,0.11199872761964798,0.06565609648823738,0.01529845293611288
dlinear-mse-0.001-s42,dlinear,base,42,mse,0.001,2,0.20310909748077394,0.09065564304590225,0.04957133419811725,0.00924404501914978
dlinear-mse-0.001-s42,dlinear,base,42,mse,0.001,3,0.06416713967919349,0.12307274758815766,0.005450241698417813,0.01805116232484579
dlinear-mse-0.001-s42,dlinear,base,42,mse,0.001,4,0.07160434573888778,0.03552976295351982,0.0095038928440772,0.0014884532475844025
dlinear-mse-0.001-s42,dlinear,base,42,mse,0.001,5,0.06508520618081093,0.0468434464931488,0.005178007925860584,0.002810925971716642
dlinear-mse-0.001-s42,dlinear,base,42,mse,0.001,6,0.022510328330099583,0.03271487146615982,0.0008579987072153017,0.0014269975502975284
dlinear-mse-0.001-s42,dlinear,base,42,mse,0.001,7,0.04015887603163719,0.02578077934682369,0.0019687450956553222,0.0008978807646781206
dlinear-mse-0.001-s42,dlinear,base,42,mse,0.001,8,0.018434591591358185,0.022875541001558305,0.0005704386741854251,0.0007490751938894391
dlinear-mse-0.001-s42,dlinear,base,42,mse,0.001,9,0.024025783687829972,0.01469676174223423,0.0008629783755168319,0.0003608732647262514
dlinear-mse-0.001-s42,dlinear,base,42,mse,0.001,10,0.015660073980689047,0.022590606398880483,0.00039417408115696164,0.0006776497361715883
dlinear-mse-0.001-s42,dlinear,base,42,mse,0.001,11,0.017835637740790843,0.01777057718485594,0.00046412623778451233,0.0004188515816349536
dlinear-mse-0.001-s42,dlinear,base,42,mse,0.001,12,0.013960151374340058,0.015023705065250397,0.00033570252417121084,0.00038387533044442534
dlinear-mse-0.001-s42,dlinear,base,42,mse,0.001,13,0.013256656937301159,0.016440312638878823,0.0003214682714315131,0.00038552877958863974
dlinear-mse-0.001-s42,dlinear,base,42,mse,0.001,14,0.013136719074100255,0.019147696420550347,0.0002819472720148042,0.0004897122830152512
dlinear-mse-0.001-s42,dlinear,base,42,mse,0.001,15,0.013058295845985413,0.016014861948788164,0.0002809130761306733,0.0003765396156813949
dlinear-mse-0.001-s42,dlinear,base,42,mse,0.001,16,0.01215796172618866,0.015370087549090385,0.00026718326698755847,0.0003604666935279965
dlinear-mse-0.001-s42,dlinear,base,42,mse,0.001,17,0.01198246404528618,0.01712809793651104,0.0002524950090446509,0.000407143053598702
dlinear-mse-0.001-s42,dlinear,base,42,mse,0.001,18,0.012297590076923371,0.016694143898785114,0.00025357364502269774,0.00039215827942825856
dlinear-mse-0.001-s42,dlinear,base,42,mse,0.001,19,0.011744165606796742,0.01568620078265667,0.0002451125008519739,0.0003628631751053035
dlinear-mse-0.001-s42,dlinear,base,42,mse,0.001,20,0.011610885243862867,0.016446151696145536,0.0002413176465779543,0.00038273395970463755
dlinear-mse-0.001-s42,dlinear,base,42,mse,0.001,21,0.01178279723972082,0.016763412840664387,0.0002383662445936352,0.0003908646164927632
dlinear-mse-0.001-s42,dlinear,base,42,mse,0.001,22,0.011560448072850704,0.01616624716669321,0.00023435243638232351,0.00037210328271612523
dlinear-mse-0.001-s42,dlinear,base,42,mse,0.001,23,0.011418116558343173,0.016425066776573658,0.00023104821739252656,0.00037754396325908603
dlinear-mse-0.001-s42,dlinear,base,42,mse,0.001,24,0.011485003307461739,0.016655506566166878,0.00022836573334643616,0.00038280902663245797
dlinear-mse-0.001-s42,dlinear,base,42,mse,0.001,25,0.01140679819509387,0.016351993829011917,0.00022553209564648568,0.0003719156770966947
dlinear-mse-0.001-s42,dlinear,base,42,mse,0.001,26,0.011307768430560828,0.01642454732209444,0.0002228307625046,0.0003725554107222706
dlinear-mse-0.001-s42,dlinear,base,42,mse,0.001,27,0.011299952119588851,0.016542633734643458,0.00022054821311030538,0.00037489991751499474
dlinear-mse-0.001-s42,dlinear,base,42,mse,0.001,28,0.011239828355610371,0.01641113594174385,0.00021815251675434412,0.0003695554845035076
dlinear-mse-0.001-s42,dlinear,base,42,mse,0.001,29,0.011164353042840958,0.016466716565191747,0.00021592118428088726,0.0003702741372399032
dlinear-mse-0.001-s42,dlinear,base,42,mse,0.001,30,0.011130419932305813,0.01652424443513155,0.00021389378380263225,0.00037120983586646616
dlinear-mse-0.001-s43,dlinear,base,43,mse,0.001,1,0.10971444621682166,0.050171142369508745,0.015159762743860484,0.0029592925496399404
dlinear-mse-0.001-s43,dlinear,base,43,mse,0.001,2,0.05306762605905533,0.0912729600071907,0.00397519621765241,0.010092069543898106
dlinear-mse-0.001-s43,dlinear,base,43,mse,0.001,3,0.06918336860835553,0.02253032311797142,0.006790396990254521,0.0009126277780160308
dlinear-mse-0.001-s43,dlinear,base,43,mse,0.001,4,0.040750418230891226,0.017355241626501084,0.0023334456025622787,0.0004519533785060048
dlinear-mse-0.001-s43,dlinear,base,43,mse,0.001,5,0.04434289187192917,0.02659635178744793,0.0027921640372369438,0.0010564215667545796
dlinear-mse-0.001-s43,dlinear,base,43,mse,0.001,6,0.02049527205526829,0.02561579704284668,0.0006096135824918747,0.0008947958145290613
dlinear-mse-0.001-s43,dlinear,base,43,mse,0.001,7,0.022412530705332757,0.022013131380081177,0.0007823890540748834,0.0006890327879227698
dlinear-mse-0.001-s43,dlinear,base,43,mse,0.001,8,0.01867772676050663,0.018781019374728203,0.0005124573886860162,0.0004786250158213079
dlinear-mse-0.001-s43,dlinear,base,43,mse,0.001,9,0.019635958038270472,0.01510157972574234,0.0005449338932521641,0.0004067454719915986
dlinear-mse-0.001-s43,dlinear,base,43,mse,0.001,10,0.01248554028570652,0.020565715730190278,0.0002612446405692026,0.0005897527327761054
dlinear-mse-0.001-s43,dlinear,base,43,mse,0.001,11,0.013437812775373459,0.015082860216498375,0.0002764294855296612,0.00033757302910089495
dlinear-mse-0.001-s43,dlinear,base,43,mse,0.001,12,0.012372796796262265,0.015275308117270469,0.0002580099186161533,0.0003356796724256128
dlinear-mse-0.001-s43,dlinear,base,43,mse,0.001,13,0.012930582091212273,0.015861749090254305,0.0002660106692928821,0.00037311883294023575
dlinear-mse-0.001-s43,dlinear,base,43,mse,0.001,14,0.011566829867661,0.014735474288463592,0.0002241119887912646,0.00032949147862382233
dlinear-mse-0.001-s43,dlinear,base,43,mse,0.001,15,0.011300923861563205,0.01606999535113573,0.00021315184130799025,0.0003768620197661221
dlinear-mse-0.001-s43,dlinear,base,43,mse,0.001,16,0.011560915783047677,0.014924301207065583,0.00021200340415816754,0.0003355216223280877
dlinear-mse-0.001-s43,dlinear,base,43,mse,0.001,17,0.011209709011018277,0.014932927526533604,0.00020609976781997829,0.0003323531383648515
dlinear-mse-0.001-s43,dlinear,base,43,mse,0.001,18,0.011223474703729152,0.014804056957364082,0.000204914748610463,0.0003249222389422357
dlinear-mse-0.001-s43,dlinear,base,43,mse,0.001,19,0.011027034930884838,0.014599579498171806,0.0001995303260628134,0.0003194219758734107
dlinear-mse-0.001-s43,dlinear,base,43,mse,0.001,20,0.010914829187095165,0.014873525574803353,0.00019738732953555882,0.0003307406243402511
dlinear-mse-0.001-s43,dlinear,base,43,mse,0.001,21,0.010908911377191544,0.014673323333263398,0.00019329442584421487,0.00032709637423977255
dlinear-mse-0.001-s43,dlinear,base,43,mse,0.001,22,0.01078915223479271,0.014777430929243565,0.00019056632008869202,0.00032989836297929285
dlinear-mse-0.001-s43,dlinear,base,43,mse,0.001,23,0.010739664360880852,0.014572641402482987,0.0001873045082902536,0.00032359419390559196
dlinear-mse-0.001-s43,dlinear,base,43,mse,0.001,24,0.01063023628666997,0.014567688703536988,0.0001852630084613338,0.00032271582866087554
dlinear-mse-0.001-s43,dlinear,base,43,mse,0.001,25,0.010561262164264918,0.014539706707000732,0.00018204751395387576,0.00032348677981644866
dlinear-mse-0.001-s43,dlinear,base,43,mse,0.001,26,0.010507045499980449,0.014498040601611138,0.00018008037441177293,0.0003220342064741999
dlinear-mse-0.001-s43,dlinear,base,43,mse,0.001,27,0.010439310222864151,0.014564687684178353,0.00017718370363581926,0.0003247791004832834
dlinear-mse-0.001-s43,dlinear,base,43,mse,0.001,28,0.010387015249580144,0.014350914508104324,0.00017544778529554605,0.0003184330614749342
dlinear-mse-0.001-s43,dlinear,base,43,mse,0.001,29,0.010293365269899369,0.014574596956372261,0.0001725814334349707,0.000325655605411157
dlinear-mse-0.001-s43,dlinear,base,43,mse,0.001,30,0.010253112483769655,0.014221506267786026,0.0001711005053948611,0.0003162031015381217
dlinear-mse-0.001-s44,dlinear,base,44,mse,0.001,1,0.1864727959036827,0.20898388773202897,0.04182967022061348,0.053945461809635165
dlinear-mse-0.001-s44,dlinear,base,44,mse,0.001,2,0.16776127442717553,0.06027223348617554,0.03992445589974523,0.004581877812743187
dlinear-mse-0.001-s44,dlinear,base,44,mse,0.001,3,0.10153404772281646,0.04303590282797813,0.014281227719038725,0.0022202712576836346
dlinear-mse-0.001-s44,dlinear,base,44,mse,0.001,4,0.07914062775671482,0.037676019370555876,0.010286375950090586,0.002011283133178949
dlinear-mse-0.001-s44,dlinear,base,44,mse,0.001,5,0.024193745478987692,0.07230214267969132,0.0009084186516702175,0.005411326866596938
dlinear-mse-0.001-s44,dlinear,base,44,mse,0.001,6,0.049895410984754564,0.020847416892647744,0.003149929433129728,0.0006634647632017732
dlinear-mse-0.001-s44,dlinear,base,44,mse,0.001,7,0.02980574928224087,0.026691193655133248,0.0012486168125178665,0.0008309448068030179
dlinear-mse-0.001-s44,dlinear,base,44,mse,0.001,8,0.023952676728367806,0.02294101193547249,0.000816183554707095,0.001104395855218172
dlinear-mse-0.001-s44,dlinear,base,44,mse,0.001,9,0.022551539354026318,0.01766832113265991,0.0008002609305549413,0.0007525473041459918
dlinear-mse-0.001-s44,dlinear,base,44,mse,0.001,10,0.01831556111574173,0.01674333482980728,0.00046869148500263693,0.0004520573210902512
dlinear-mse-0.001-s44,dlinear,base,44,mse,0.001,11,0.016455772891640665,0.021208926886320114,0.0003855409799143672,0.0008070431603118777
dlinear-mse-0.001-s44,dlinear,base,44,mse,0.001,12,0.013762289099395275,0.01806329533457756,0.00034604399843374267,0.0005944433528929948
dlinear-mse-0.001-s44,dlinear,base,44,mse,0.001,13,0.01496898140758276,0.014664162024855614,0.0003597131872083992,0.0003987354948185384
dlinear-mse-0.001-s44,dlinear,base,44,mse,0.001,14,0.012256721220910548,0.018927020877599718,0.00025725955492816865,0.0006722130766138435
dlinear-mse-0.001-s44,dlinear,base,44,mse,0.001,15,0.01194478515535593,0.015561332926154137,0.0002608649621834047,0.000494511011056602
dlinear-mse-0.001-s44,dlinear,base,44,mse,0.001,16,0.012575242854654788,0.015638739690184592,0.0002503391442587599,0.0004961838340386748
dlinear-mse-0.001-s44,dlinear,base,44,mse,0.001,17,0.01234529484063387,0.01684825912117958,0.0002462060539983213,0.0005837292224168777
dlinear-mse-0.001-s44,dlinear,base,44,mse,0.001,18,0.01164056546986103,0.01558134712278843,0.00023008081334410235,0.00048435917124152185
dlinear-mse-0.001-s44,dlinear,base,44,mse,0.001,19,0.011766093969345092,0.01643050566315651,0.0002278756903251633,0.0005416165245696902
dlinear-mse-0.001-s44,dlinear,base,44,mse,0.001,20,0.011418695375323296,0.016148416846990584,0.00022414577979361637,0.0005208545643836259
dlinear-mse-0.001-s44,dlinear,base,44,mse,0.001,21,0.011463070660829544,0.015935864225029947,0.00022166210401337595,0.0005088654952123762
dlinear-mse-0.001-s44,dlinear,base,44,mse,0.001,22,0.011350042186677456,0.01628612890839577,0.00021777702786494047,0.0005348570086061954
dlinear-mse-0.001-s44,dlinear,base,44,mse,0.001,23,0.011257329024374485,0.015954190343618394,0.0002146869825082831,0.0005091526592150331
dlinear-mse-0.001-s44,dlinear,base,44,mse,0.001,24,0.011293157935142517,0.016157495751976968,0.00021241963404463604,0.000527539667673409
dlinear-mse-0.001-s44,dlinear,base,44,mse,0.001,25,0.01114570526406169,0.015986994802951814,0.0002099121076753363,0.0005134095810353756
dlinear-mse-0.001-s44,dlinear,base,44,mse,0.001,26,0.011110058054327965,0.016012440770864486,0.00020791077695321293,0.0005169800342991948
dlinear-mse-0.001-s44,dlinear,base,44,mse,0.001,27,0.011029061861336231,0.01596987694501877,0.0002058910409687087,0.0005135696148499847
dlinear-mse-0.001-s44,dlinear,base,44,mse,0.001,28,0.010991232842206955,0.015931112840771675,0.0002040727122221142,0.0005105788772925735
dlinear-mse-0.001-s44,dlinear,base,44,mse,0.001,29,0.010957198869436979,0.015928983315825464,0.00020219644793542101,0.0005111709935590625
dlinear-mse-0.001-s44,dlinear,base,44,mse,0.001,30,0.01091394228860736,0.015871859565377237,0.00020052696927450598,0.0005068770516663789
dlinear-mae-0.0001-s42,dlinear,base,42,mae,0.0001,1,0.32040566205978394,0.24206732153892518,0.1128942385315895,0.07513559892773629
dlinear-mae-0.0001-s42,dlinear,base,42,mae,0.0001,2,0.13931329622864724,0.10620778501033783,0.029576149443164466,0.02104557044804096
dlinear-mae-0.0001-s42,dlinear,base,42,mae,0.0001,3,0.09775660634040832,0.11703348338603974,0.012557295616716146,0.01591205593198538
dlinear-mae-0.0001-s42,dlinear,base,42,mae,0.0001,4,0.10095096379518509,0.11042331308126449,0.012629772908985615,0.014052343927323819
dlinear-mae-0.0001-s42,dlinear,base,42,mae,0.0001,5,0.08533830344676971,0.0959143152832985,0.00909856716170907,0.011300994176417589
dlinear-mae-0.0001-s42,dlinear,base,42,mae,0.0001,6,0.06636516973376275,0.07955896943807601,0.0059440428856760265,0.01074934946373105
dlinear-mae-0.0001-s42,dlinear,base,42,mae,0.0001,7,0.06112070083618164,0.07295550793409347,0.005966862209606916,0.010703836157917977
dlinear-mae-0.0001-s42,dlinear,base,42,mae,0.0001,8,0.05661812387406826,0.06629357412457466,0.0054385160561650995,0.008135987911373377
dlinear-mae-0.0001-s42,dlinear,base,42,mae,0.0001,9,0.04827827662229538,0.0642115494608879,0.0037379913497716188,0.005908566908910871
dlinear-mae-0.0001-s42,dlinear,base,42,mae,0.0001,10,0.04387668557465076,0.060008118003606795,0.0028782842913642527,0.004804437961429358
dlinear-mae-0.0001-s42,dlinear,base,42,mae,0.0001,11,0.03872594833374023,0.05166269570589065,0.0022992765763774512,0.0039783015241846445
dlinear-mae-0.0001-s42,dlinear,base,42,mae,0.0001,12,0.03497484028339386,0.045012572184205055,0.0020117162144742905,0.0033219764987006783
dlinear-mae-0.0001-s42,dlinear,base,42,mae,0.0001,13,0.0313445970416069,0.04057332828640938,0.0016710044466890395,0.0026227075746282935
dlinear-mae-0.0001-s42,dlinear,base,42,mae,0.0001,14,0.028324107453227044,0.03678270131349563,0.001310044969432056,0.002116514230147004
dlinear-mae-0.0001-s42,dlinear,base,42,mae,0.0001,15,0.02600945457816124,0.03280919723212719,0.001054912549443543,0.0017225991073064506
dlinear-mae-0.0001-s42,dlinear,base,42,mae,0.0001,16,0.023819979280233383,0.029079119265079497,0.0009164438815787435,0.0014183112559840083
dlinear-mae-0.0001-s42,dlinear,base,42,mae,0.0001,17,0.021852115541696547,0.02666816093027592,0.0008049079391639679,0.0011733317165635525
dlinear-mae-0.0001-s42,dlinear,base,42,mae,0.0001,18,0.019761361926794053,0.025005130767822265,0.0006700845435261727,0.0009820914384908975
dlinear-mae-0.0001-s42,dlinear,base,42,mae,0.0001,19,0.017905676364898683,0.022737236693501472,0.0005547651031520218,0.0008093200996518135
dlinear-mae-0.0001-s42,dlinear,base,42,mae,0.0001,20,0.016434067487716676,0.02216840535402298,0.0004945926164509728,0.0007312099216505886
dlinear-mae-0.0001-s42,dlinear,base,42,mae,0.0001,21,0.015587808564305305,0.020669020935893057,0.0004204988712444901,0.0006195607432164252
dlinear-mae-0.0001-s42,dlinear,base,42,mae,0.0001,22,0.015201283991336823,0.019943880513310433,0.00041644200682640077,0.0005625751323532313
dlinear-mae-0.0001-s42,dlinear,base,42,mae,0.0001,23,0.014995552226901054,0.01986578281968832,0.0003840915393084288,0.0005764164263382554
dlinear-mae-0.0001-s42,dlinear,base,42,mae,0.0001,24,0.01437973715364933,0.019217219576239584,0.00035353586135897783,0.0005116809392347932
dlinear-mae-0.0001-s42,dlinear,base,42,mae,0.0001,25,0.014187784492969513,0.019704280197620393,0.00035368719254620374,0.0005364373920019716
dlinear-mae-0.0001-s42,dlinear,base,42,mae,0.0001,26,0.013860912807285786,0.01957086078822613,0.0003262490965425968,0.0005115405784454197
dlinear-mae-0.0001-s42,dlinear,base,42,mae,0.0001,27,0.013390012830495835,0.020043396800756456,0.00032677127164788545,0.000536724382545799
dlinear-mae-0.0001-s42,dlinear,base,42,mae,0.0001,28,0.013215753063559533,0.02015317849814892,0.00030393138877116144,0.000533188950503245
dlinear-mae-0.0001-s42,dlinear,base,42,mae,0.0001,29,0.012856417894363403,0.019921697080135345,0.0002986335544846952,0.0005199218704365194
dlinear-mae-0.0001-s42,dlinear,base,42,mae,0.0001,30,0.012630197033286095,0.020073091089725496,0.0002952937153168023,0.0005260609521064907
dlinear-mae-0.0001-s43,dlinear,base,43,mae,0.0001,1,0.17672196328639983,0.08025556713342667,0.03316343687474728,0.008190983328968287
dlinear-mae-0.0001-s43,dlinear,base,43,mae,0.0001,2,0.03160903975367546,0.056586655974388125,0.0014804100152105092,0.003997503779828548
dlinear-mae-0.0001-s43,dlinear,base,43,mae,0.0001,3,0.06726695820689202,0.03830543234944343,0.005729938042350113,0.0016896702395752072
dlinear-mae-0.0001-s43,dlinear,base,43,mae,0.0001,4,0.04527753069996834,0.04750730559229851,0.0028725128388032315,0.003497083345428109
dlinear-mae-0.0001-s43,dlinear,base,43,mae,0.0001,5,0.03951518423855305,0.03388092324137688,0.002453867858275771,0.002186754527501762
dlinear-mae-0.0001-s43,dlinear,base,43,mae,0.0001,6,0.02327948659658432,0.024669820442795753,0.0007657906389795244,0.0008880869648419321
dlinear-mae-0.0001-s43,dlinear,base,43,mae,0.0001,7,0.026094871014356612,0.022662472799420356,0.0010942347056698055,0.0008845619880594313
dlinear-mae-0.0001-s43,dlinear,base,43,mae,0.0001,8,0.02092764005064964,0.03386217415332794,0.0006262409617193044,0.0017498822626657784
dlinear-mae-0.0001-s43,dlinear,base,43,mae,0.0001,9,0.02203473150730133,0.024808564186096192,0.0006921784137375653,0.0010577443963848054
dlinear-mae-0.0001-s43,dlinear,base,43,mae,0.0001,10,0.023652169853448868,0.02205566383898258,0.0008806394704151899,0.0008799171866849065
dlinear-mae-0.0001-s43,dlinear,base,43,mae,0.0001,11,0.017559787072241307,0.028482316732406615,0.0004717224364867434,0.0013280123844742774
dlinear-mae-0.0001-s43,dlinear,base,43,mae,0.0001,12,0.018321184441447258,0.022246252670884134,0.00048826163983903823,0.0009190288232639432
dlinear-mae-0.0001-s43,dlinear,base,43,mae,0.0001,13,0.01667025312781334,0.021512073799967765,0.00046577348839491604,0.0008491324493661523
dlinear-mae-0.0001-s43,dlinear,base,43,mae,0.0001,14,0.016240333765745164,0.02300220176577568,0.00041331357788294555,0.0010182366147637367
dlinear-mae-0.0001-s43,dlinear,base,43,mae,0.0001,15,0.015518311224877835,0.02116941340267658,0.00038509522564709184,0.0008044846332632005
dlinear-mae-0.0001-s43,dlinear,base,43,mae,0.0001,16,0.015208369679749012,0.022790800258517267,0.0003927585610654205,0.0009648128226399422
dlinear-mae-0.0001-s43,dlinear,base,43,mae,0.0001,17,0.01501544788479805,0.021678965017199518,0.00034494373539928347,0.0008717055362649262
dlinear-mae-0.0001-s43,dlinear,base,43,mae,0.0001,18,0.014719273895025253,0.022791158854961396,0.0003572026005713269,0.0009483753843232989
dlinear-mae-0.0001-s43,dlinear,base,43,mae,0.0001,19,0.015458586998283863,0.021068765968084335,0.000345305644441396,0.0008202823624014854
dlinear-mae-0.0001-s43,dlinear,base,43,mae,0.0001,20,0.013615422695875169,0.020956407710909845,0.000324397484655492,0.0008109652774874121
dlinear-mae-0.0001-s43,dlinear,base,43,mae,0.0001,21,0.013750369101762772,0.020462062433362006,0.0002981603320222348,0.0007647495903074741
dlinear-mae-0.0001-s43,dlinear,base,43,mae,0.0001,22,0.012777662090957164,0.02288153238594532,0.0002950336260255426,0.0009325268818065524
dlinear-mae-0.0001-s43,dlinear,base,43,mae,0.0001,23,0.012944810464978218,0.02074429430067539,0.0002643129919306375,0.0007888378947973251
dlinear-mae-0.0001-s43,dlinear,base,43,mae,0.0001,24,0.01234972858801484,0.02400680333375931,0.0002825690957251936,0.001018188849557191
dlinear-mae-0.0001-s43,dlinear,base,43,mae,0.0001,25,0.014423180557787418,0.020409350767731666,0.0003008887841133401,0.0007329910830594599
dlinear-mae-0.0001-s43,dlinear,base,43,mae,0.0001,26,0.013215337321162224,0.02472037695348263,0.00031320334237534554,0.0010353907523676753
dlinear-mae-0.0001-s43,dlinear,base,43,mae,0.0001,27,0.01424021515995264,0.020168923437595368,0.00028613960021175446,0.0007361142733134329
dlinear-mae-0.0001-s43,dlinear,base,43,mae,0.0001,28,0.015370505303144455,0.025113869085907937,0.0003736489336006343,0.0010180393932387234
dlinear-mae-0.0001-s43,dlinear,base,43,mae,0.0001,29,0.015210624411702156,0.021503604501485824,0.00031691316980868577,0.0008058730885386467
dlinear-mae-0.0001-s43,dlinear,base,43,mae,0.0001,30,0.013671423308551311,0.025837368816137313,0.00030926313193049284,0.0010495074652135373
dlinear-mae-0.0001-s44,dlinear,base,44,mae,0.0001,1,0.3084861010313034,0.1441032600402832,0.1132183127105236,0.041332274079322814
dlinear-mae-0.0001-s44,dlinear,base,44,mae,0.0001,2,0.11403911672532559,0.12393022835254669,0.025744284642860292,0.018760647177696228
dlinear-mae-0.0001-s44,dlinear,base,44,mae,0.0001,3,0.13120460957288743,0.14752994775772094,0.018078536540269852,0.0225153373926878
dlinear-mae-0.0001-s44,dlinear,base,44,mae,0.0001,4,0.13063141107559204,0.13740594804286957,0.01959293391555548,0.019864642806351186
dlinear-mae-0.0001-s44,dlinear,base,44,mae,0.0001,5,0.11451259404420852,0.11374232441186904,0.0162410578224808,0.01367595672607422
dlinear-mae-0.0001-s44,dlinear,base,44,mae,0.0001,6,0.09241252951323986,0.08387330114841461,0.010932342195883394,0.007427070196717978
dlinear-mae-0.0001-s44,dlinear,base,44,mae,0.0001,7,0.06828665733337402,0.05059529930353165,0.005956851225346327,0.003018967974931002
dlinear-mae-0.0001-s44,dlinear,base,44,mae,0.0001,8,0.04345642030239105,0.026250937432050706,0.0025663447333499788,0.0017035471089184284
dlinear-mae-0.0001-s44,dlinear,base,44,mae,0.0001,9,0.026666764169931412,0.024304663538932802,0.0010990751150529831,0.0011446142755448818
dlinear-mae-0.0001-s44,dlinear,base,44,mae,0.0001,10,0.02794383205473423,0.020789557546377183,0.001202318340074271,0.0007777641015127301
dlinear-mae-0.0001-s44,dlinear,base,44,mae,0.0001,11,0.025723515450954436,0.02649731166660786,0.0010375678190030157,0.001191800101660192
dlinear-mae-0.0001-s44,dlinear,base,44,mae,0.0001,12,0.024713986739516258,0.03036770075559616,0.000984372291713953,0.0014923137053847312
dlinear-mae-0.0001-s44,dlinear,base,44,mae,0.0001,13,0.023678252659738063,0.0206766314804554,0.0009206434537190944,0.0009135488467290997
dlinear-mae-0.0001-s44,dlinear,base,44,mae,0.0001,14,0.019877665862441062,0.020095058381557465,0.0006500383780803532,0.0009891483280807733
dlinear-mae-0.0001-s44,dlinear,base,44,mae,0.0001,15,0.018756241723895072,0.021121403872966765,0.0005642280331812799,0.0011159198079258204
dlinear-mae-0.0001-s44,dlinear,base,44,mae,0.0001,16,0.01702382732182741,0.021296157985925674,0.0004912061733193696,0.001084501864388585
dlinear-mae-0.0001-s44,dlinear,base,44,mae,0.0001,17,0.01559117641299963,0.02349410131573677,0.00042941223946399985,0.001152984695509076
dlinear-mae-0.0001-s44,dlinear,base,44,mae,0.0001,18,0.014832416176795959,0.024732876271009445,0.0004076341283507645,0.001208962071686983
dlinear-mae-0.0001-s44,dlinear,base,44,mae,0.0001,19,0.01428698468953371,0.023072196841239928,0.00038797804445493965,0.001167055517435074
dlinear-mae-0.0001-s44,dlinear,base,44,mae,0.0001,20,0.014155309833586215,0.020920292735099794,0.00037235146446619184,0.0010901383776217698
dlinear-mae-0.0001-s44,dlinear,base,44,mae,0.0001,21,0.014080013148486614,0.025994756370782853,0.00033288639970123767,0.0013362084981054067
dlinear-mae-0.0001-s44,dlinear,base,44,mae,0.0001,22,0.01364122610539198,0.019509206414222716,0.0003491262148600072,0.0009611533675342798
dlinear-mae-0.0001-s44,dlinear,base,44,mae,0.0001,23,0.01329663023352623,0.02356932044029236,0.00030252547294367104,0.0012205313984304667
dlinear-mae-0.0001-s44,dlinear,base,44,mae,0.0001,24,0.012917490117251873,0.020038443356752395,0.0003056060493690893,0.0010234054550528526
dlinear-mae-0.0001-s44,dlinear,base,44,mae,0.0001,25,0.012881690077483654,0.01995070472359657,0.0002894195611588657,0.0010298937652260065
dlinear-mae-0.0001-s44,dlinear,base,44,mae,0.0001,26,0.012510799616575242,0.0232180318236351,0.0002771318540908396,0.001214177282527089
dlinear-mae-0.0001-s44,dlinear,base,44,mae,0.0001,27,0.012799162231385709,0.019881800413131714,0.00030010290938662363,0.00103197637014091
dlinear-mae-0.0001-s44,dlinear,base,44,mae,0.0001,28,0.012362310662865639,0.01994431048631668,0.0002723557117860764,0.0010220933984965085
dlinear-mae-0.0001-s44,dlinear,base,44,mae,0.0001,29,0.012597496062517166,0.02325007364153862,0.00026689075166359545,0.0012372657842934132
dlinear-mae-0.0001-s44,dlinear,base,44,mae,0.0001,30,0.012662913277745247,0.02032642051577568,0.0002957918244646862,0.0010659920610487461
dlinear-mae-0.001-s42,dlinear,base,42,mae,0.001,1,0.21146282255649568,0.11738930255174637,0.05423853844404221,0.021668795943260193
dlinear-mae-0.001-s42,dlinear,base,42,mae,0.001,2,0.2549670457839966,0.11155585050582886,0.0796371327713132,0.019610862731933593
dlinear-mae-0.001-s42,dlinear,base,42,mae,0.001,3,0.06128646209836006,0.11402561336755752,0.004923670960124582,0.015518327429890632
dlinear-mae-0.001-s42,dlinear,base,42,mae,0.001,4,0.08263086043298244,0.0348658649623394,0.009600524528650567,0.0017064757831394672
dlinear-mae-0.001-s42,dlinear,base,42,mae,0.001,5,0.025882469862699507,0.050868277847766874,0.0009281526319682599,0.00295035847928375
dlinear-mae-0.001-s42,dlinear,base,42,mae,0.001,6,0.03291135877370834,0.04768271282315254,0.0014223974663764237,0.002711821119301021
dlinear-mae-0.001-s42,dlinear,base,42,mae,0.001,7,0.041302018240094183,0.014952728860080242,0.00259455808554776,0.00033261917415075006
dlinear-mae-0.001-s42,dlinear,base,42,mae,0.001,8,0.014680230058729649,0.016953386142849924,0.00035442766384221616,0.0004743115627206862
dlinear-mae-0.001-s42,dlinear,base,42,mae,0.001,9,0.015178177133202552,0.03916969917714596,0.00036068562767468395,0.0019079747004434467
dlinear-mae-0.001-s42,dlinear,base,42,mae,0.001,10,0.028629906848073004,0.01827551029622555,0.0011202169233001768,0.0005453653307631611
dlinear-mae-0.001-s42,dlinear,base,42,mae,0.001,11,0.02096782885491848,0.019309644922614097,0.0006351860298309475,0.0005180249927798286
dlinear-mae-0.001-s42,dlinear,base,42,mae,0.001,12,0.0259334122762084,0.014769237115979194,0.0008791205589659512,0.00028764955583028497
dlinear-mae-0.001-s42,dlinear,base,42,mae,0.001,13,0.01829850599169731,0.01437620334327221,0.0005335341731552035,0.00027343275840394196
dlinear-mae-0.001-s42,dlinear,base,42,mae,0.001,14,0.0196283845230937,0.014239466711878777,0.0005583302583545447,0.00027791081462055447
dlinear-mae-0.001-s42,dlinear,base,42,mae,0.001,15,0.018303052335977555,0.014861305505037307,0.0004904608213109896,0.00033433433156460524
dlinear-mae-0.001-s42,dlinear,base,42,mae,0.001,16,0.014865764789283276,0.014580340906977653,0.00032429414277430625,0.0003049821371678263
dlinear-mae-0.001-s42,dlinear,base,42,mae,0.001,17,0.013665560260415077,0.016126506254076956,0.0003112229809630662,0.0003790472773835063
dlinear-mae-0.001-s42,dlinear,base,42,mae,0.001,18,0.013485409505665302,0.015285603329539299,0.0002747156657278538,0.00036932323127985
dlinear-mae-0.001-s42,dlinear,base,42,mae,0.001,19,0.013887920603156089,0.01963386058807373,0.0003313582739792764,0.0005389478558208793
dlinear-mae-0.001-s42,dlinear,base,42,mae,0.001,20,0.015262331254780293,0.015434727966785432,0.0003288039442850277,0.0003847386781126261
dlinear-mae-0.001-s42,dlinear,base,42,mae,0.001,21,0.016877076402306557,0.01776458866894245,0.0004363445332273841,0.0004522351385094225
dlinear-mae-0.001-s42,dlinear,base,42,mae,0.001,22,0.01812221556901932,0.014646431170403958,0.00044098633516114204,0.00030188288772478697
dlinear-mae-0.001-s42,dlinear,base,42,mae,0.001,23,0.013438519649207592,0.015254964716732503,0.000300811231136322,0.00035155997262336313
dlinear-mae-0.001-s42,dlinear,base,42,mae,0.001,24,0.01458597145974636,0.015180331654846668,0.0003188496775692329,0.00034228736301884056
dlinear-mae-0.001-s42,dlinear,base,42,mae,0.001,25,0.01249543409794569,0.01711821909993887,0.00026869515713769945,0.000435904455371201
dlinear-mae-0.001-s42,dlinear,base,42,mae,0.001,26,0.01216606181114912,0.015112238973379134,0.0002347954286960885,0.00036051270202733574
dlinear-mae-0.001-s42,dlinear,base,42,mae,0.001,27,0.01179114319384098,0.01727653868496418,0.000248232256853953,0.00044899893924593926
dlinear-mae-0.001-s42,dlinear,base,42,mae,0.001,28,0.011946572177112102,0.015108800008893013,0.00022775575052946806,0.00035395933082327247
dlinear-mae-0.001-s42,dlinear,base,42,mae,0.001,29,0.01164447572082281,0.017404424622654915,0.00023830182617530228,0.0004350470064673573
dlinear-mae-0.001-s42,dlinear,base,42,mae,0.001,30,0.011602941062301397,0.015356911569833756,0.00021449690539157018,0.00037472708616405727
dlinear-mae-0.001-s43,dlinear,base,43,mae,0.001,1,0.14341673105955124,0.03994591094553471,0.023986915498971938,0.0031983014568686486
dlinear-mae-0.001-s43,dlinear,base,43,mae,0.001,2,0.0633479081094265,0.08111033171415329,0.006502587418071926,0.007540160706266761
dlinear-mae-0.001-s43,dlinear,base,43,mae,0.001,3,0.06671748533844948,0.019028596952557562,0.0059560925466939805,0.0005866514751687646
dlinear-mae-0.001-s43,dlinear,base,43,mae,0.001,4,0.018932218477129937,0.025496326759457587,0.0005665734817739577,0.0009988767257891596
dlinear-mae-0.001-s43,dlinear,base,43,mae,0.001,5,0.019361137971282007,0.04994799420237541,0.0005491541058290749,0.0027758263889700176
dlinear-mae-0.001-s43,dlinear,base,43,mae,0.001,6,0.05046427510678768,0.029501486793160437,0.00324082420556806,0.0011649777670390904
dlinear-mae-0.001-s43,dlinear,base,43,mae,0.001,7,0.03155471235513687,0.019522915109992028,0.0013105374237056822,0.0005827794317156077
dlinear-mae-0.001-s43,dlinear,base,43,mae,0.001,8,0.03639388233423233,0.028050148859620094,0.0016666393261402846,0.0009989455377217382
dlinear-mae-0.001-s43,dlinear,base,43,mae,0.001,9,0.04097297713160515,0.019392269141972066,0.0020037264563143252,0.0005370268935803324
dlinear-mae-0.001-s43,dlinear,base,43,mae,0.001,10,0.033066846616566184,0.023104259073734285,0.0014861956820823251,0.0007382333278656006
dlinear-mae-0.001-s43,dlinear,base,43,mae,0.001,11,0.027295179665088654,0.01804952520877123,0.0009510574513114989,0.0005056712438818067
dlinear-mae-0.001-s43,dlinear,base,43,mae,0.001,12,0.019689979404211043,0.01646010383963585,0.0005516857112525031,0.00043028052896261216
dlinear-mae-0.001-s43,dlinear,base,43,mae,0.001,13,0.01609424352645874,0.014781776368618011,0.00037785436725243924,0.00033878226997330785
dlinear-mae-0.001-s43,dlinear,base,43,mae,0.001,14,0.015832779370248316,0.020153129287064076,0.00037165238172747194,0.0005411889811512083
dlinear-mae-0.001-s43,dlinear,base,43,mae,0.001,15,0.016121445409953594,0.01628739446401596,0.00035924655385315417,0.00047126213554292916
dlinear-mae-0.001-s43,dlinear,base,43,mae,0.001,16,0.018667494505643846,0.023743549659848213,0.000507440697401762,0.0007289152347948403
dlinear-mae-0.001-s43,dlinear,base,43,mae,0.001,17,0.02094860151410103,0.014791872575879097,0.000575886556180194,0.0003869268437847495
dlinear-mae-0.001-s43,dlinear,base,43,mae,0.001,18,0.022446225211024285,0.016486460007727147,0.0006997509917709976,0.0003954349481500685
dlinear-mae-0.001-s43,dlinear,base,43,mae,0.001,19,0.019695529155433177,0.01396362528204918,0.0005185038986383006,0.00028908125357702375
dlinear-mae-0.001-s43,dlinear,base,43,mae,0.001,20,0.018352540396153926,0.01483675766736269,0.0004900868225377053,0.0003210584260523319
dlinear-mae-0.001-s43,dlinear,base,43,mae,0.001,21,0.018375214375555515,0.013821922317147255,0.00048024416610132904,0.0002841048035770655
dlinear-mae-0.001-s43,dlinear,base,43,mae,0.001,22,0.018003926053643225,0.015637457333505154,0.0004733906243927777,0.00034967313753440975
dlinear-mae-0.001-s43,dlinear,base,43,mae,0.001,23,0.016227367520332336,0.013933461382985115,0.00037224733969196675,0.00031391176860779525
dlinear-mae-0.001-s43,dlinear,base,43,mae,0.001,24,0.01769427806138992,0.01608424860984087,0.0004617948376107961,0.0003704444121103734
dlinear-mae-0.001-s43,dlinear,base,43,mae,0.001,25,0.015853410959243773,0.013714977502822877,0.00035496168420650064,0.0003162403777241707
dlinear-mae-0.001-s43,dlinear,base,43,mae,0.001,26,0.016786560788750647,0.017691853232681753,0.00042319513158872724,0.0004173580219503492
dlinear-mae-0.001-s43,dlinear,base,43,mae,0.001,27,0.017836437933146952,0.01306539811193943,0.00043009165092371403,0.000291787008754909
dlinear-mae-0.001-s43,dlinear,base,43,mae,0.001,28,0.019694918021559715,0.01390265740454197,0.000544997671386227,0.0003177634347230196
dlinear-mae-0.001-s43,dlinear,base,43,mae,0.001,29,0.01705840416252613,0.01567663598805666,0.000430810431134887,0.00033759822719730436
dlinear-mae-0.001-s43,dlinear,base,43,mae,0.001,30,0.015411915816366672,0.014288165718317031,0.00033761885133571924,0.0003169166413135827
dlinear-mae-0.001-s44,dlinear,base,44,mae,0.001,1,0.24747353792190552,0.09135641247034072,0.08205774426460266,0.012584994435310365
dlinear-mae-0.001-s44,dlinear,base,44,mae,0.001,2,0.05533865913748741,0.027011634185910224,0.004855999839492142,0.0010230995761230587
dlinear-mae-0.001-s44,dlinear,base,44,mae,0.001,3,0.0563316997140646,0.055523838847875595,0.004581256350502372,0.0033816430903971196
dlinear-mae-0.001-s44,dlinear,base,44,mae,0.001,4,0.034546245634555814,0.04262055784463883,0.0019947661785408854,0.0021229549776762722
dlinear-mae-0.001-s44,dlinear,base,44,mae,0.001,5,0.07425328008830548,0.05800358384847641,0.008269826899049804,0.005288493111729622
dlinear-mae-0.001-s44,dlinear,base,44,mae,0.001,6,0.021996134147047996,0.037662806883454324,0.0007202851353213191,0.0016528381081297994
dlinear-mae-0.001-s44,dlinear,base,44,mae,0.001,7,0.032537896931171414,0.026583584398031233,0.001441373146371916,0.0010231399768963457
dlinear-mae-0.001-s44,dlinear,base,44,mae,0.001,8,0.06803166009485721,0.01923063673079014,0.006953923497349024,0.0005438053770922125
dlinear-mae-0.001-s44,dlinear,base,44,mae,0.001,9,0.03190643787384033,0.02811087906360626,0.0014191240537911654,0.0010642712796106934
dlinear-mae-0.001-s44,dlinear,base,44,mae,0.001,10,0.021759877540171148,0.050453284680843355,0.0007801061699865385,0.0031405100249685346
dlinear-mae-0.001-s44,dlinear,base,44,mae,0.001,11,0.0467625081539154,0.025986099913716317,0.002952808153349906,0.00097033585421741
dlinear-mae-0.001-s44,dlinear,base,44,mae,0.001,12,0.020108381286263466,0.028669360131025313,0.0006726909632561728,0.001098805833607912
dlinear-mae-0.001-s44,dlinear,base,44,mae,0.001,13,0.026642734929919244,0.038041503876447676,0.0011148892139317469,0.0016890711057931185
dlinear-mae-0.001-s44,dlinear,base,44,mae,0.001,14,0.027355100400745867,0.044022098779678345,0.0010569290490821004,0.0023498436925001444
dlinear-mae-0.001-s44,dlinear,base,44,mae,0.001,15,0.03968268595635891,0.021645975187420844,0.0021046381967607885,0.0007586485892534256
dlinear-mae-0.001-s44,dlinear,base,44,mae,0.001,16,0.01739055160433054,0.01686660520732403,0.00043522932974155993,0.0005055943550541997
dlinear-mae-0.001-s44,dlinear,base,44,mae,0.001,17,0.01568148396909237,0.017525459304451943,0.00039736613689456135,0.0005509924935176969
dlinear-mae-0.001-s44,dlinear,base,44,mae,0.001,18,0.013844911940395832,0.036188818886876105,0.0003283282305346802,0.0015335574257187546
dlinear-mae-0.001-s44,dlinear,base,44,mae,0.001,19,0.02970425058156252,0.019572778567671777,0.0012182634847704322,0.0006055178306996822
dlinear-mae-0.001-s44,dlinear,base,44,mae,0.001,20,0.01870325766503811,0.03913828507065773,0.0004934656142722815,0.0017911675479263067
dlinear-mae-0.001-s44,dlinear,base,44,mae,0.001,21,0.029382776841521262,0.016043312512338162,0.0011520228465087712,0.0003712493134662509
dlinear-mae-0.001-s44,dlinear,base,44,mae,0.001,22,0.01935815140604973,0.03678391322493553,0.0005080831819213927,0.0015696134092286229
dlinear-mae-0.001-s44,dlinear,base,44,mae,0.001,23,0.03566129356622696,0.024528497904539107,0.0016254637215752155,0.000961838560178876
dlinear-mae-0.001-s44,dlinear,base,44,mae,0.001,24,0.01664002165198326,0.030459052100777626,0.0004721286561107263,0.0011482174950651824
dlinear-mae-0.001-s44,dlinear,base,44,mae,0.001,25,0.024805391486734153,0.03498257622122765,0.0008601682173321023,0.0015207336749881507
dlinear-mae-0.001-s44,dlinear,base,44,mae,0.001,26,0.020514848083257674,0.013916769698262214,0.0006887987081427127,0.0003220531775150448
dlinear-mae-0.001-s44,dlinear,base,44,mae,0.001,27,0.019238958321511745,0.02032255060970783,0.0005579496239079163,0.000544237591093406
dlinear-mae-0.001-s44,dlinear,base,44,mae,0.001,28,0.026655553467571737,0.027636318653821944,0.0008924854686483741,0.0010467516491189598
dlinear-mae-0.001-s44,dlinear,base,44,mae,0.001,29,0.027869405783712865,0.02532192923128605,0.0010451652808114887,0.0007667930074967444
dlinear-mae-0.001-s44,dlinear,base,44,mae,0.001,30,0.033525426685810086,0.015516388490796089,0.0013740511611104011,0.00048813863657414913
dlinear-huber-0.0001-s42,dlinear,base,42,huber,0.0001,1,0.3204140901565552,0.24208573281764983,0.11289896741509438,0.07514427706599236
dlinear-huber-0.0001-s42,dlinear,base,42,huber,0.0001,2,0.13934220671653746,0.10623586893081666,0.02958306537475437,0.020998386852443218
dlinear-huber-0.0001-s42,dlinear,base,42,huber,0.0001,3,0.0985703244805336,0.1177978903055191,0.012749156262725592,0.016075960993766784
dlinear-huber-0.0001-s42,dlinear,base,42,huber,0.0001,4,0.10212116241455078,0.11101696610450745,0.01301806215196848,0.014197765439748765
dlinear-huber-0.0001-s42,dlinear,base,42,huber,0.0001,5,0.08593762665987015,0.09617791533470153,0.009220792260020972,0.011380711216479539
dlinear-huber-0.0001-s42,dlinear,base,42,huber,0.0001,6,0.06667282655835152,0.07981305748224259,0.00599676335696131,0.010910649318248034
dlinear-huber-0.0001-s42,dlinear,base,42,huber,0.0001,7,0.06143125891685486,0.07356345877051354,0.006050056184176355,0.010903285704553128
dlinear-huber-0.0001-s42,dlinear,base,42,huber,0.0001,8,0.05693664215505123,0.0665665853023529,0.005529101076535881,0.00829173818230629
dlinear-huber-0.0001-s42,dlinear,base,42,huber,0.0001,9,0.04859601035714149,0.06443197041749954,0.003791035059839487,0.005977222444489599
dlinear-huber-0.0001-s42,dlinear,base,42,huber,0.0001,10,0.04413826465606689,0.06019575834274292,0.0028994941152632237,0.004846295369789005
dlinear-huber-0.0001-s42,dlinear,base,42,huber,0.0001,11,0.03889926075935364,0.05203160107135773,0.002328070334624499,0.003991061383858323
dlinear-huber-0.0001-s42,dlinear,base,42,huber,0.0001,12,0.03482326939702034,0.04505822218954563,0.0019852819852530955,0.003336795484647155
dlinear-huber-0.0001-s42,dlinear,base,42,huber,0.0001,13,0.031445376574993134,0.04033245950937271,0.001703752821777016,0.0026300670206546783
dlinear-huber-0.0001-s42,dlinear,base,42,huber,0.0001,14,0.02812315635383129,0.03640266813337803,0.0013097127433866263,0.0020939255179837344
dlinear-huber-0.0001-s42,dlinear,base,42,huber,0.0001,15,0.025771284848451613,0.03266807414591313,0.0010532155283726752,0.0017021382693201304
dlinear-huber-0.0001-s42,dlinear,base,42,huber,0.0001,16,0.02359848506748676,0.02907809503376484,0.0008926115755457431,0.0013840381149202586
dlinear-huber-0.0001-s42,dlinear,base,42,huber,0.0001,17,0.021617677807807923,0.02679281622171402,0.0007688108133152127,0.0011424474162049592
dlinear-huber-0.0001-s42,dlinear,base,42,huber,0.0001,18,0.019689150713384153,0.025123106017708778,0.0006406338885426522,0.0009729883004911244
dlinear-huber-0.0001-s42,dlinear,base,42,huber,0.0001,19,0.01800627075135708,0.02315515138208866,0.0005433003330836073,0.0008208836358971894
dlinear-huber-0.0001-s42,dlinear,base,42,huber,0.0001,20,0.016503597609698772,0.021888991706073283,0.0004849376040510833,0.0007211079471744597
dlinear-huber-0.0001-s42,dlinear,base,42,huber,0.0001,21,0.015616692416369916,0.02110635448247194,0.00043457193241920323,0.0006592167727649212
dlinear-huber-0.0001-s42,dlinear,base,42,huber,0.0001,22,0.014951847679913043,0.020580200627446175,0.0003961719194194302,0.0006059664825443179
dlinear-huber-0.0001-s42,dlinear,base,42,huber,0.0001,23,0.014494680799543858,0.02038593977689743,0.0003762616426683962,0.0005810055322945117
dlinear-huber-0.0001-s42,dlinear,base,42,huber,0.0001,24,0.014279045537114144,0.02027701146900654,0.0003528624336468056,0.0005640447302721441
dlinear-huber-0.0001-s42,dlinear,base,42,huber,0.0001,25,0.013953781500458718,0.020211328640580176,0.0003392134152818471,0.000552366616902873
dlinear-huber-0.0001-s42,dlinear,base,42,huber,0.0001,26,0.013729622773826122,0.020200450494885443,0.0003246182925067842,0.0005475138092879205
dlinear-huber-0.0001-s42,dlinear,base,42,huber,0.0001,27,0.013449817709624768,0.0202030611038208,0.00031403953325934706,0.0005419348285067827
dlinear-huber-0.0001-s42,dlinear,base,42,huber,0.0001,28,0.013213993795216084,0.020229899659752845,0.00030370310123544185,0.0005394864676054567
dlinear-huber-0.0001-s42,dlinear,base,42,huber,0.0001,29,0.012946931831538677,0.020289169922471047,0.00029617810214404016,0.0005391268141102046
dlinear-huber-0.0001-s42,dlinear,base,42,huber,0.0001,30,0.012717632949352265,0.020376257449388504,0.0002879578503780067,0.0005405102088116109
dlinear-huber-0.0001-s43,dlinear,base,43,huber,0.0001,1,0.17673171162605286,0.0802776637673378,0.03316680490970612,0.008194560762494802
dlinear-huber-0.0001-s43,dlinear,base,43,huber,0.0001,2,0.031849497184157374,0.05836705595254898,0.0015193170169368387,0.004304138161242008
dlinear-huber-0.0001-s43,dlinear,base,43,huber,0.0001,3,0.06935122609138489,0.03920053049921989,0.006039345776662231,0.0017905303929001094
dlinear-huber-0.0001-s43,dlinear,base,43,huber,0.0001,4,0.04579115249216557,0.0467242893576622,0.0029188427375629543,0.0033997369278222322
dlinear-huber-0.0001-s43,dlinear,base,43,huber,0.0001,5,0.04084447808563709,0.03621952399611473,0.0026133082108572127,0.0023554725619032977
dlinear-huber-0.0001-s43,dlinear,base,43,huber,0.0001,6,0.02319145165383816,0.025723814740777017,0.0007669176557101309,0.0008920241938903928
dlinear-huber-0.0001-s43,dlinear,base,43,huber,0.0001,7,0.028306666016578674,0.022441927641630173,0.0012636892846785487,0.0008418036950752139
dlinear-huber-0.0001-s43,dlinear,base,43,huber,0.0001,8,0.021761419624090193,0.03386733256280422,0.0006745542690623551,0.0017860183119773865
dlinear-huber-0.0001-s43,dlinear,base,43,huber,0.0001,9,0.022744012624025346,0.02536015324294567,0.0007017525844275951,0.00110505293821916
dlinear-huber-0.0001-s43,dlinear,base,43,huber,0.0001,10,0.02055099345743656,0.022059515491127966,0.0007026037201285362,0.0008662226656451821
dlinear-huber-0.0001-s43,dlinear,base,43,huber,0.0001,11,0.01743644494563341,0.026210349574685095,0.0004733269510325044,0.0011857273173518478
dlinear-huber-0.0001-s43,dlinear,base,43,huber,0.0001,12,0.017782576754689215,0.02201850086450577,0.0004725628125015646,0.0008855404308997095
dlinear-huber-0.0001-s43,dlinear,base,43,huber,0.0001,13,0.016632876917719842,0.02189129203557968,0.0004639451391994953,0.0008885754691436887
dlinear-huber-0.0001-s43,dlinear,base,43,huber,0.0001,14,0.016282788664102554,0.02290766142308712,0.0004031614662380889,0.0009912217024248093
dlinear-huber-0.0001-s43,dlinear,base,43,huber,0.0001,15,0.015363950654864312,0.02120064452290535,0.00037802002916578206,0.0008270538935903459
dlinear-huber-0.0001-s43,dlinear,base,43,huber,0.0001,16,0.01476941853761673,0.02234509341418743,0.0003625360957812518,0.0009214675799012184
dlinear-huber-0.0001-s43,dlinear,base,43,huber,0.0001,17,0.014729022420942784,0.021451281160116197,0.0003340772702358663,0.0008469500590581447
dlinear-huber-0.0001-s43,dlinear,base,43,huber,0.0001,18,0.013889536261558533,0.022001904249191285,0.00032474906474817545,0.000873370987828821
dlinear-huber-0.0001-s43,dlinear,base,43,huber,0.0001,19,0.013950751721858978,0.02126079671084881,0.0003010016225744039,0.0008177552034612745
dlinear-huber-0.0001-s43,dlinear,base,43,huber,0.0001,20,0.01310740802437067,0.02206919364631176,0.0002936502976808697,0.0008652028953656555
dlinear-huber-0.0001-s43,dlinear,base,43,huber,0.0001,21,0.013311468437314034,0.020745026245713234,0.0002778211142867804,0.0007754902564920485
dlinear-huber-0.0001-s43,dlinear,base,43,huber,0.0001,22,0.012526532728224992,0.023155044093728067,0.00028090690029785036,0.0009293107991106809
dlinear-huber-0.0001-s43,dlinear,base,43,huber,0.0001,23,0.013294410333037377,0.02007648564875126,0.0002679605531739071,0.0007219058624468743
dlinear-huber-0.0001-s43,dlinear,base,43,huber,0.0001,24,0.013105713576078416,0.025275479108095168,0.0003001199074788019,0.0010393096948973835
dlinear-huber-0.0001-s43,dlinear,base,43,huber,0.0001,25,0.014664195664227008,0.01981024295091629,0.000299758167238906,0.0006959075201302767
dlinear-huber-0.0001-s43,dlinear,base,43,huber,0.0001,26,0.014999693259596825,0.02610501043498516,0.0003613550681620836,0.0010678089037537575
dlinear-huber-0.0001-s43,dlinear,base,43,huber,0.0001,27,0.016721800342202185,0.02160085804760456,0.0003793490643147379,0.0008068391610868275
dlinear-huber-0.0001-s43,dlinear,base,43,huber,0.0001,28,0.01539135929197073,0.0231299839168787,0.00037014808040112255,0.0009019858320243656
dlinear-huber-0.0001-s43,dlinear,base,43,huber,0.0001,29,0.01592509914189577,0.023201421722769736,0.00035779952886514364,0.0009028147161006928
dlinear-huber-0.0001-s43,dlinear,base,43,huber,0.0001,30,0.013655607774853706,0.02253166452050209,0.00030713473970536145,0.0008604191313497722
dlinear-huber-0.0001-s44,dlinear,base,44,huber,0.0001,1,0.30849233865737913,0.14411943435668945,0.11322257518768311,0.04133654654026032
dlinear-huber-0.0001-s44,dlinear,base,44,huber,0.0001,2,0.11449012011289597,0.12262902259826661,0.025970489834435284,0.018598391860723495
dlinear-huber-0.0001-s44,dlinear,base,44,huber,0.0001,3,0.1307563602924347,0.14565049409866332,0.017961744219064713,0.021939692944288255
dlinear-huber-0.0001-s44,dlinear,base,44,huber,0.0001,4,0.1299179807305336,0.13523789554834365,0.01919705756008625,0.019170839823782444
dlinear-huber-0.0001-s44,dlinear,base,44,huber,0.0001,5,0.11366291344165802,0.11138140588998795,0.015773858735337855,0.013052443377673625
dlinear-huber-0.0001-s44,dlinear,base,44,huber,0.0001,6,0.09146546646952629,0.0814113649725914,0.010515515273436905,0.006995209995657206
dlinear-huber-0.0001-s44,dlinear,base,44,huber,0.0001,7,0.06718299686908721,0.04858253300189972,0.005680255382321775,0.002864018604159355
dlinear-huber-0.0001-s44,dlinear,base,44,huber,0.0001,8,0.04200391620397568,0.026248571872711183,0.0024337568087503315,0.0017029924876987934
dlinear-huber-0.0001-s44,dlinear,base,44,huber,0.0001,9,0.026760735362768174,0.025219310075044632,0.0011011052876710892,0.0012212019320577384
dlinear-huber-0.0001-s44,dlinear,base,44,huber,0.0001,10,0.0271013718098402,0.021744133606553077,0.0011423236574046314,0.0008482140814885498
dlinear-huber-0.0001-s44,dlinear,base,44,huber,0.0001,11,0.025702207908034326,0.026855777353048324,0.0010389348375611008,0.0012154222466051578
dlinear-huber-0.0001-s44,dlinear,base,44,huber,0.0001,12,0.024607694149017333,0.027775148451328276,0.0009750305442139506,0.0013136574812233448
dlinear-huber-0.0001-s44,dlinear,base,44,huber,0.0001,13,0.022706182301044465,0.020977854877710343,0.0008511366788297892,0.0009386312449350953
dlinear-huber-0.0001-s44,dlinear,base,44,huber,0.0001,14,0.019585179537534712,0.021599001288414,0.0006288104457780718,0.001079328153282404
dlinear-huber-0.0001-s44,dlinear,base,44,huber,0.0001,15,0.01855640485882759,0.021391633301973342,0.0005571139219682664,0.0011190784256905318
dlinear-huber-0.0001-s44,dlinear,base,44,huber,0.0001,16,0.01686796545982361,0.020629453361034392,0.0004822180955670774,0.0010481489077210427
dlinear-huber-0.0001-s44,dlinear,base,44,huber,0.0001,17,0.01562398038804531,0.023491716235876082,0.000423893061815761,0.0011648969072848559
dlinear-huber-0.0001-s44,dlinear,base,44,huber,0.0001,18,0.01500051785260439,0.02263587176799774,0.00040008918149396776,0.0010840416420251132
dlinear-huber-0.0001-s44,dlinear,base,44,huber,0.0001,19,0.014323955774307251,0.02308086708188057,0.0003691181307658553,0.0011181758437305688
dlinear-huber-0.0001-s44,dlinear,base,44,huber,0.0001,20,0.01371088121086359,0.02127927780151367,0.0003471793374046683,0.0010629852395504713
dlinear-huber-0.0001-s44,dlinear,base,44,huber,0.0001,21,0.013308913633227348,0.021235412657260894,0.00031920303590595724,0.0010856216587126254
dlinear-huber-0.0001-s44,dlinear,base,44,huber,0.0001,22,0.013067747466266155,0.02083352342247963,0.00030744549876544626,0.0010704406071454287
dlinear-huber-0.0001-s44,dlinear,base,44,huber,0.0001,23,0.012967484816908837,0.021036726385354997,0.00029525759164243935,0.0010846628621220588
dlinear-huber-0.0001-s44,dlinear,base,44,huber,0.0001,24,0.012737780623137952,0.02060102641582489,0.0002905122906668112,0.001064955247566104
dlinear-huber-0.0001-s44,dlinear,base,44,huber,0.0001,25,0.012556453980505467,0.02060246989130974,0.0002817746892105788,0.001077851289883256
dlinear-huber-0.0001-s44,dlinear,base,44,huber,0.0001,26,0.012352684885263443,0.02016979843378067,0.00027581939211813734,0.001058376831933856
dlinear-huber-0.0001-s44,dlinear,base,44,huber,0.0001,27,0.012205116637051105,0.02031384900212288,0.00026676138513721527,0.0010763802286237478
dlinear-huber-0.0001-s44,dlinear,base,44,huber,0.0001,28,0.012043170630931854,0.02004115954041481,0.00026237578422296794,0.0010498162172734738
dlinear-huber-0.0001-s44,dlinear,base,44,huber,0.0001,29,0.011917015723884105,0.02025193437933922,0.0002554433376644738,0.001074758181348443
dlinear-huber-0.0001-s44,dlinear,base,44,huber,0.0001,30,0.011777992174029351,0.01985140785574913,0.0002529820179915987,0.0010343160480260848
dlinear-huber-0.001-s42,dlinear,base,42,huber,0.001,1,0.19956803619861602,0.12243028938770294,0.04916149377822876,0.02662984512746334
dlinear-huber-0.001-s42,dlinear,base,42,huber,0.001,2,0.26475713551044466,0.1185003137588501,0.08741122544743121,0.022195452228188514
dlinear-huber-0.001-s42,dlinear,base,42,huber,0.001,3,0.06293585449457169,0.1271265009045601,0.0053179760812781755,0.018717770762741566
dlinear-huber-0.001-s42,dlinear,base,42,huber,0.001,4,0.09220812804996967,0.038755359798669814,0.011593747953884303,0.0022348281182348727
dlinear-huber-0.001-s42,dlinear,base,42,huber,0.001,5,0.02952844277024269,0.055921180844306945,0.0012506380793638528,0.0035809042351320386
dlinear-huber-0.001-s42,dlinear,base,42,huber,0.001,6,0.039810901135206224,0.03501174122095108,0.0021240868605673312,0.0014603705517947673
dlinear-huber-0.001-s42,dlinear,base,42,huber,0.001,7,0.037068064138293264,0.019856477454304695,0.001942976238206029,0.0005378548451699317
dlinear-huber-0.001-s42,dlinear,base,42,huber,0.001,8,0.024802807718515396,0.015447422415018081,0.0008946127782110125,0.000369288744404912
dlinear-huber-0.001-s42,dlinear,base,42,huber,0.001,9,0.027348817512392997,0.016368373334407806,0.001051558757899329,0.00044414144242182373
dlinear-huber-0.001-s42,dlinear,base,42,huber,0.001,10,0.020961330085992814,0.021047379188239575,0.000731904583517462,0.0005805740493815393
dlinear-huber-0.001-s42,dlinear,base,42,huber,0.001,11,0.0174592737108469,0.015577008426189422,0.0004461025004275143,0.0003698712703771889
dlinear-huber-0.001-s42,dlinear,base,42,huber,0.001,12,0.015520666539669038,0.015270833857357502,0.00038374698197003455,0.00034237835556268694
dlinear-huber-0.001-s42,dlinear,base,42,huber,0.001,13,0.013146323338150977,0.015730909295380114,0.00030439390247920527,0.00038931308197788896
dlinear-huber-0.001-s42,dlinear,base,42,huber,0.001,14,0.015094731748104096,0.014649259671568871,0.0003337299858685583,0.0003360967291519046
dlinear-huber-0.001-s42,dlinear,base,42,huber,0.001,15,0.013253126107156277,0.017128921449184417,0.0003117830725386739,0.0004244366264902055
dlinear-huber-0.001-s42,dlinear,base,42,huber,0.001,16,0.015068267099559307,0.014381600394845009,0.00032012641022447494,0.0003337064408697188
dlinear-huber-0.001-s42,dlinear,base,42,huber,0.001,17,0.014916006475687027,0.01822725187987089,0.00036250542616471647,0.00045500317588448525
dlinear-huber-0.001-s42,dlinear,base,42,huber,0.001,18,0.01588685754686594,0.014312253668904304,0.00035041519440710546,0.00032491314690560104
dlinear-huber-0.001-s42,dlinear,base,42,huber,0.001,19,0.01600687690079212,0.01836756706237793,0.000395976344589144,0.0004700384882744402
dlinear-huber-0.001-s42,dlinear,base,42,huber,0.001,20,0.016903659515082835,0.014535867422819138,0.00039182515174616126,0.0003146345156710595
dlinear-huber-0.001-s42,dlinear,base,42,huber,0.001,21,0.015866933017969133,0.016466830298304556,0.00038579596439376475,0.0004005838464945555
dlinear-huber-0.001-s42,dlinear,base,42,huber,0.001,22,0.016252439469099045,0.01489105299115181,0.0003800128906732425,0.000330493493238464
dlinear-huber-0.001-s42,dlinear,base,42,huber,0.001,23,0.014381289109587669,0.015335795432329179,0.0003291493048891425,0.00036700880038551984
dlinear-huber-0.001-s42,dlinear,base,42,huber,0.001,24,0.014402684196829796,0.015394790135324,0.00031331873324234036,0.00035704717272892593
dlinear-huber-0.001-s42,dlinear,base,42,huber,0.001,25,0.01238052137196064,0.015514124184846878,0.000267202898976393,0.00038167022401466963
dlinear-huber-0.001-s42,dlinear,base,42,huber,0.001,26,0.01263941302895546,0.0153397785872221,0.00025013373524416236,0.000364211656851694
dlinear-huber-0.001-s42,dlinear,base,42,huber,0.001,27,0.011592096649110317,0.016328413411974906,0.00023896046477602794,0.0004056979762390256
dlinear-huber-0.001-s42,dlinear,base,42,huber,0.001,28,0.011963406763970851,0.014886197037994861,0.00022690046462230383,0.0003454736724961549
dlinear-huber-0.001-s42,dlinear,base,42,huber,0.001,29,0.011407945677638054,0.016987223513424396,0.00022955382009968162,0.00042112565133720634
dlinear-huber-0.001-s42,dlinear,base,42,huber,0.001,30,0.011771382391452789,0.014676713943481445,0.00021940211299806834,0.00033206305233761667
dlinear-huber-0.001-s43,dlinear,base,43,huber,0.001,1,0.1433960646390915,0.03993850708007812,0.023981734551489352,0.003197624376043677
dlinear-huber-0.001-s43,dlinear,base,43,huber,0.001,2,0.06336874477565288,0.08283560425043106,0.006525431689806282,0.007878870936110616
dlinear-huber-0.001-s43,dlinear,base,43,huber,0.001,3,0.06935730129480362,0.018570677265524863,0.006360570166725666,0.0005966771161183715
dlinear-huber-0.001-s43,dlinear,base,43,huber,0.001,4,0.020734150148928165,0.0353786589205265,0.0006640885840170085,0.001620588768273592
dlinear-huber-0.001-s43,dlinear,base,43,huber,0.001,5,0.022580522671341897,0.049344287067651746,0.0006963274849113077,0.0027487748861312867
dlinear-huber-0.001-s43,dlinear,base,43,huber,0.001,6,0.05023339055478573,0.02453296795487404,0.003275909519288689,0.0009582545608282089
dlinear-huber-0.001-s43,dlinear,base,43,huber,0.001,7,0.0405568178743124,0.015618166960775852,0.0022236549702938646,0.00034386282903142273
dlinear-huber-0.001-s43,dlinear,base,43,huber,0.001,8,0.03494930863380432,0.018228441402316095,0.0016500059748068452,0.0005153424595482647
dlinear-huber-0.001-s43,dlinear,base,43,huber,0.001,9,0.021359246224164963,0.014645904302597046,0.0006204029283253476,0.0003672774322330952
dlinear-huber-0.001-s43,dlinear,base,43,huber,0.001,10,0.024655313417315482,0.017004297375679017,0.0008492751803714782,0.00042388771078549325
dlinear-huber-0.001-s43,dlinear,base,43,huber,0.001,11,0.02722618542611599,0.014225437641143798,0.0009892232657875866,0.0002750182524323463
dlinear-huber-0.001-s43,dlinear,base,43,huber,0.001,12,0.01953929364681244,0.015813361555337906,0.0005567838903516531,0.00035231712856329976
dlinear-huber-0.001-s43,dlinear,base,43,huber,0.001,13,0.01857473999261856,0.013943713009357452,0.0004844087816309184,0.00031765231862664224
dlinear-huber-0.001-s43,dlinear,base,43,huber,0.001,14,0.02035844773054123,0.01943526018410921,0.0005916981433983892,0.0004998503031674773
dlinear-huber-0.001-s43,dlinear,base,43,huber,0.001,15,0.019942729733884335,0.0141997442394495,0.0005271647474728525,0.0003329760977067053
dlinear-huber-0.001-s43,dlinear,base,43,huber,0.001,16,0.019390054047107697,0.017618756256997586,0.0005469011171953753,0.0004314791376236826
dlinear-huber-0.001-s43,dlinear,base,43,huber,0.001,17,0.020340573228895664,0.014213583543896674,0.0005499071558006108,0.0003135716717224568
dlinear-huber-0.001-s43,dlinear,base,43,huber,0.001,18,0.0183010408654809,0.01737459734082222,0.0004918157705105841,0.00041881093638949094
dlinear-huber-0.001-s43,dlinear,base,43,huber,0.001,19,0.018307448364794254,0.0139494489133358,0.00045358354691416025,0.0003198190359398723
dlinear-huber-0.001-s43,dlinear,base,43,huber,0.001,20,0.0179097019135952,0.017266709208488464,0.00046949022507760676,0.0004137681471183896
dlinear-huber-0.001-s43,dlinear,base,43,huber,0.001,21,0.018037809431552886,0.013785195201635361,0.0004403369151987135,0.00031014593550935385
dlinear-huber-0.001-s43,dlinear,base,43,huber,0.001,22,0.016828575916588307,0.01693146403878927,0.000422404269920662,0.00039923527976498007
dlinear-huber-0.001-s43,dlinear,base,43,huber,0.001,23,0.017062611877918243,0.013645059242844582,0.0003989953547716141,0.00031147790141403673
dlinear-huber-0.001-s43,dlinear,base,43,huber,0.001,24,0.016306889057159425,0.01720494855195284,0.0003986205818364397,0.00041084946133196354
dlinear-huber-0.001-s43,dlinear,base,43,huber,0.001,25,0.016572749614715575,0.013554894849658012,0.0003766725218156353,0.000314227098133415
dlinear-huber-0.001-s43,dlinear,base,43,huber,0.001,26,0.015804178826510907,0.017201893404126166,0.00037752729840576647,0.00041130654397420586
dlinear-huber-0.001-s43,dlinear,base,43,huber,0.001,27,0.016284856759011746,0.013486464843153953,0.0003640147886471823,0.00031303293304517864
dlinear-huber-0.001-s43,dlinear,base,43,huber,0.001,28,0.015504497103393078,0.017161712795495988,0.0003649993712315336,0.00040883226902224126
dlinear-huber-0.001-s43,dlinear,base,43,huber,0.001,29,0.01595693565905094,0.013396343514323235,0.00035075059859082105,0.0003108397615142167
dlinear-huber-0.001-s43,dlinear,base,43,huber,0.001,30,0.01527913212776184,0.016928782016038896,0.00035525714047253133,0.00040044981753453615
dlinear-huber-0.001-s44,dlinear,base,44,huber,0.001,1,0.24744412302970886,0.09134455293416976,0.0820379389449954,0.012583146095275879
dlinear-huber-0.001-s44,dlinear,base,44,huber,0.001,2,0.05545755848288536,0.026155818477272986,0.004864056408405304,0.00094273641705513
dlinear-huber-0.001-s44,dlinear,base,44,huber,0.001,3,0.056607392802834514,0.04902343615889549,0.0046230163658037785,0.002699260422959924
dlinear-huber-0.001-s44,dlinear,base,44,huber,0.001,4,0.032823890820145606,0.036736627370119096,0.0018067550146952272,0.0015865390980616212
dlinear-huber-0.001-s44,dlinear,base,44,huber,0.001,5,0.06276929471641779,0.03425020694732666,0.0060740239452570675,0.0026795524172484875
dlinear-huber-0.001-s44,dlinear,base,44,huber,0.001,6,0.02226939909160137,0.019923579320311545,0.0007903824618551881,0.0006647342722862959
dlinear-huber-0.001-s44,dlinear,base,44,huber,0.001,7,0.016943422332406043,0.05000375539064408,0.00047143794072326275,0.002861533621326089
dlinear-huber-0.001-s44,dlinear,base,44,huber,0.001,8,0.06092140749096871,0.018827241361141205,0.004812964517623186,0.00045589749002829195
dlinear-huber-0.001-s44,dlinear,base,44,huber,0.001,9,0.03255781214684248,0.030252911932766437,0.0015741933457320556,0.001262117176083848
dlinear-huber-0.001-s44,dlinear,base,44,huber,0.001,10,0.02760592307895422,0.022372093349695206,0.0013303569605341182,0.0008299139607697725
dlinear-huber-0.001-s44,dlinear,base,44,huber,0.001,11,0.0249414075165987,0.02105536013841629,0.0008003526891116053,0.0006778365233913064
dlinear-huber-0.001-s44,dlinear,base,44,huber,0.001,12,0.019429585337638854,0.038717052936553954,0.0005769379262346774,0.0017481895443052053
dlinear-huber-0.001-s44,dlinear,base,44,huber,0.001,13,0.03944300152361393,0.0291568560898304,0.001857057714369148,0.0013324376568198204
dlinear-huber-0.001-s44,dlinear,base,44,huber,0.001,14,0.03280720449984074,0.033280762135982515,0.0013674002373591065,0.0014463310874998569
dlinear-huber-0.001-s44,dlinear,base,44,huber,0.001,15,0.029227803647518157,0.04081036180257797,0.0011304471699986607,0.001977873593568802
dlinear-huber-0.001-s44,dlinear,base,44,huber,0.001,16,0.03986629284918308,0.038016286939382554,0.0019237283850088716,0.00201667683199048
dlinear-huber-0.001-s44,dlinear,base,44,huber,0.001,17,0.020511037111282347,0.042598648145794865,0.0006501240597572178,0.002163552383426577
dlinear-huber-0.001-s44,dlinear,base,44,huber,0.001,18,0.03416820243000984,0.02901431351900101,0.0016317651374265552,0.0012173445709049702
dlinear-huber-0.001-s44,dlinear,base,44,huber,0.001,19,0.01814250387251377,0.013296809196472168,0.0005204171058721841,0.00035177569603547456
dlinear-huber-0.001-s44,dlinear,base,44,huber,0.001,20,0.020033950731158257,0.023402557745575904,0.0005396032996941358,0.0006857461261097342
dlinear-huber-0.001-s44,dlinear,base,44,huber,0.001,21,0.028893205150961877,0.03903140977025032,0.0010494915302842855,0.001833571381866932
dlinear-huber-0.001-s44,dlinear,base,44,huber,0.001,22,0.030184267088770866,0.02810663141310215,0.001210400403942913,0.0009923336398787797
dlinear-huber-0.001-s44,dlinear,base,44,huber,0.001,23,0.03249034732580185,0.02584799215197563,0.0013316890108399093,0.0009911556215956808
dlinear-huber-0.001-s44,dlinear,base,44,huber,0.001,24,0.02558518312871456,0.033856046497821805,0.0009133183979429304,0.0013459742115810513
dlinear-huber-0.001-s44,dlinear,base,44,huber,0.001,25,0.045280298590660094,0.015261376425623894,0.0023775479523465036,0.00044105026172474026
dlinear-huber-0.001-s44,dlinear,base,44,huber,0.001,26,0.03552434984594584,0.016618276610970498,0.0018007880949880927,0.0005737320147454739
dlinear-huber-0.001-s44,dlinear,base,44,huber,0.001,27,0.028689876571297644,0.014320864602923393,0.0011014778225217014,0.0003434592904523015
dlinear-huber-0.001-s44,dlinear,base,44,huber,0.001,28,0.02842098884284496,0.01625959374010563,0.0011642942641628905,0.0004798514698632062
dlinear-huber-0.001-s44,dlinear,base,44,huber,0.001,29,0.03005497418344021,0.014997678026556969,0.001193493203027174,0.0003408746642526239
dlinear-huber-0.001-s44,dlinear,base,44,huber,0.001,30,0.02266733944416046,0.016976480334997178,0.0007677612476982177,0.0004981928528286516
rnn-post-mae-s42,rnn,posttraining,42,mae,0.0001,1,0.0116625702008605,0.017561153322458268,0.00022374398540705442,0.00044725594343617556
rnn-post-mae-s42,rnn,posttraining,42,mae,0.0001,2,0.012246313132345676,0.014816837459802628,0.0002517038316000253,0.00037516085198149087
rnn-post-mae-s42,rnn,posttraining,42,mae,0.0001,3,0.012181362509727478,0.013138090148568154,0.00023604789457749576,0.00030469652614556253
rnn-post-mae-s42,rnn,posttraining,42,mae,0.0001,4,0.011144404765218496,0.015592668876051903,0.00021464307355927302,0.0003796177729964256
rnn-post-mae-s42,rnn,posttraining,42,mae,0.0001,5,0.01068536238744855,0.01772340528666973,0.000198317933245562,0.00048791314824484286
rnn-post-mse-s42,rnn,posttraining,42,mse,0.0001,1,0.012254005577415229,0.013967927321791649,0.00027501623408170416,0.0003351050894707441
rnn-post-mse-s42,rnn,posttraining,42,mse,0.0001,2,0.015229992289096116,0.014480731636285781,0.00037219462246866896,0.0003228971920907497
rnn-post-mse-s42,rnn,posttraining,42,mse,0.0001,3,0.011950381100177765,0.016485774517059328,0.00023535071522928774,0.00045203133253380657
rnn-post-mse-s42,rnn,posttraining,42,mse,0.0001,4,0.010766037926077842,0.020401117131114005,0.0002014635072555393,0.0006125180970411747
rnn-post-mse-s42,rnn,posttraining,42,mse,0.0001,5,0.01188923129811883,0.015976344645023347,0.00023158791736932471,0.00042972787749022244
rnn-post-mae-s43,rnn,posttraining,43,mae,0.0001,1,0.012056566216051579,0.010798147097229958,0.00024176816659746692,0.00025533518055453897
rnn-post-mae-s43,rnn,posttraining,43,mae,0.0001,2,0.01295410180464387,0.01596996083855629,0.0002727749859332107,0.0003741920995526016
rnn-post-mae-s43,rnn,posttraining,43,mae,0.0001,3,0.013174753449857236,0.011545742973685264,0.00027089822106063366,0.0002752858027815819
rnn-post-mae-s43,rnn,posttraining,43,mae,0.0001,4,0.012137281894683837,0.012177070826292038,0.00024990430974867193,0.0002780392800923437
rnn-post-mae-s43,rnn,posttraining,43,mae,0.0001,5,0.011779852118343115,0.013669185042381286,0.00022778264683438466,0.00030713609070517125
rnn-post-mse-s43,rnn,posttraining,43,mse,0.0001,1,0.012500733602792025,0.0138787142932415,0.0002739090152317658,0.0003039286483544856
rnn-post-mse-s43,rnn,posttraining,43,mse,0.0001,2,0.014459381066262721,0.012770125046372413,0.0003218121797544882,0.00026254386524669825
rnn-post-mse-s43,rnn,posttraining,43,mse,0.0001,3,0.01131164375692606,0.01349141150712967,0.00021833949140273034,0.00030283324304036796
rnn-post-mse-s43,rnn,posttraining,43,mse,0.0001,4,0.01058056801557541,0.014862071052193641,0.00019469303952064366,0.0003498517395928502
rnn-post-mse-s43,rnn,posttraining,43,mse,0.0001,5,0.011323133669793605,0.012543810829520226,0.00021210414270171895,0.000287331665167585
rnn-post-mae-s44,rnn,posttraining,44,mae,0.0001,1,0.013100508227944374,0.01915474571287632,0.0002573103702161461,0.0005549609591253102
rnn-post-mae-s44,rnn,posttraining,44,mae,0.0001,2,0.013280873466283084,0.019148157835006716,0.00029701854509767145,0.0004906615684740246
rnn-post-mae-s44,rnn,posttraining,44,mae,0.0001,3,0.015311283431947232,0.020283291786909102,0.00035101688699796797,0.0006446721497923135
rnn-post-mae-s44,rnn,posttraining,44,mae,0.0001,4,0.011932027339935303,0.018271962404251097,0.00024648924445500595,0.0004437226732261479
rnn-post-mae-s44,rnn,posttraining,44,mae,0.0001,5,0.012117555364966393,0.02121866136789322,0.0002333128417376429,0.0006660584500059485
rnn-post-mse-s44,rnn,posttraining,44,mse,0.0001,1,0.014337954483926297,0.024031342417001725,0.00036440678813960404,0.0008718618750572205
rnn-post-mse-s44,rnn,posttraining,44,mse,0.0001,2,0.01584670366719365,0.021184562519192696,0.00039419758686563,0.0006007939821574837
rnn-post-mse-s44,rnn,posttraining,44,mse,0.0001,3,0.01272019799798727,0.02293336145579815,0.0002512440230930224,0.0007581597659736872
rnn-post-mse-s44,rnn,posttraining,44,mse,0.0001,4,0.01199182476848364,0.021222927793860435,0.000230226234998554,0.0005751558172050863
rnn-post-mse-s44,rnn,posttraining,44,mse,0.0001,5,0.012317526340484618,0.02100170873105526,0.00024232928408309817,0.0006272215652279555
lstm-post-mae-s42,lstm,posttraining,42,mae,0.0001,1,0.011345495283603669,0.020242953673005104,0.00019974919850938023,0.0006730712158605456
lstm-post-mae-s42,lstm,posttraining,42,mae,0.0001,2,0.012933190725743771,0.02216042548418045,0.000251723438850604,0.0008346361247822642
lstm-post-mae-s42,lstm,posttraining,42,mae,0.0001,3,0.011430329829454421,0.024016434103250505,0.0002035520286881365,0.0008296299446374178
lstm-post-mae-s42,lstm,posttraining,42,mae,0.0001,4,0.012352005578577518,0.020762298330664633,0.0002331079333089292,0.0006800226448103786
lstm-post-mae-s42,lstm,posttraining,42,mae,0.0001,5,0.01091659776866436,0.020428548008203505,0.00019102242804365234,0.0006757271848618985
lstm-post-mse-s42,lstm,posttraining,42,mse,0.0001,1,0.012250211462378502,0.021741304993629456,0.0002584432309959084,0.0008043719548732043
lstm-post-mse-s42,lstm,posttraining,42,mse,0.0001,2,0.014992416091263294,0.01922658197581768,0.0003453068537055515,0.0005693221488036215
lstm-post-mse-s42,lstm,posttraining,42,mse,0.0001,3,0.010932969674468041,0.021490022242069244,0.00018724544497672468,0.0007792819477617741
lstm-post-mse-s42,lstm,posttraining,42,mse,0.0001,4,0.010963289998471737,0.022351395189762115,0.0001917478599352762,0.000781626901589334
lstm-post-mse-s42,lstm,posttraining,42,mse,0.0001,5,0.011548118852078914,0.02122362606227398,0.00020092070190003142,0.0007276109466329217
lstm-post-mae-s43,lstm,posttraining,43,mae,0.0001,1,0.011868002638220788,0.015250271037220955,0.00023723024933133274,0.00033490604953840376
lstm-post-mae-s43,lstm,posttraining,43,mae,0.0001,2,0.012336238287389278,0.015418400540947914,0.00024662990617798643,0.0003679793747141957
lstm-post-mae-s43,lstm,posttraining,43,mae,0.0001,3,0.01136103831231594,0.014648299664258957,0.00020556342788040637,0.0003272543812636286
lstm-post-mae-s43,lstm,posttraining,43,mae,0.0001,4,0.010050564352422953,0.014335031285881997,0.0001715427730232477,0.00029923696303740143
lstm-post-mae-s43,lstm,posttraining,43,mae,0.0001,5,0.010146288014948369,0.01361715503036976,0.0001742980384733528,0.0002726311713922769
lstm-post-mse-s43,lstm,posttraining,43,mse,0.0001,1,0.012334482464939355,0.013217406943440438,0.0002708678657654673,0.00028108591795898973
lstm-post-mse-s43,lstm,posttraining,43,mse,0.0001,2,0.014133566617965698,0.01565686158835888,0.00029768704698653894,0.00035150682320818306
lstm-post-mse-s43,lstm,posttraining,43,mse,0.0001,3,0.010955684073269367,0.013287037387490272,0.0001829504850320518,0.0002726334112230688
lstm-post-mse-s43,lstm,posttraining,43,mse,0.0001,4,0.01029664259403944,0.01600507616996765,0.0001797423145035282,0.0003687135607469827
lstm-post-mse-s43,lstm,posttraining,43,mse,0.0001,5,0.01074665952473879,0.01396699458360672,0.00018376056395936758,0.00029222306446172294
lstm-post-mae-s44,lstm,posttraining,44,mae,0.0001,1,0.017441077344119548,0.027532019540667533,0.0005695786385331303,0.0010943643376231194
lstm-post-mae-s44,lstm,posttraining,44,mae,0.0001,2,0.017208060063421727,0.024489214271306993,0.0004567085125017911,0.0009421115228906274
lstm-post-mae-s44,lstm,posttraining,44,mae,0.0001,3,0.019512021355330943,0.025227045193314552,0.0005966515222098678,0.000952231001574546
lstm-post-mae-s44,lstm,posttraining,44,mae,0.0001,4,0.016858605667948723,0.02291471987962723,0.0004683901875978336,0.0008665821980684996
lstm-post-mae-s44,lstm,posttraining,44,mae,0.0001,5,0.015907011367380618,0.02645375706255436,0.0004166197380982339,0.0009958416712470353
lstm-post-mse-s44,lstm,posttraining,44,mse,0.0001,1,0.017888966016471386,0.029800925627350806,0.0005724062619265168,0.0012275884672999383
lstm-post-mse-s44,lstm,posttraining,44,mse,0.0001,2,0.01931701637804508,0.02727037459611893,0.0005576039373409003,0.0010700338566675782
lstm-post-mse-s44,lstm,posttraining,44,mse,0.0001,3,0.015420926362276077,0.027130200043320656,0.0004030211683129892,0.0010516044497489929
lstm-post-mse-s44,lstm,posttraining,44,mse,0.0001,4,0.014690147712826729,0.02305030383169651,0.00034656322095543145,0.0008324827253818512
lstm-post-mse-s44,lstm,posttraining,44,mse,0.0001,5,0.014185655117034911,0.024459018558263778,0.0003537767450325191,0.0008585388958454132
gru-post-mae-s42,gru,posttraining,42,mae,0.0001,1,0.013087132107466459,0.016420131996273995,0.0002836543135344982,0.00038602014537900684
gru-post-mae-s42,gru,posttraining,42,mae,0.0001,2,0.015086974576115608,0.01846109054982662,0.00033367672585882246,0.0005376480217091739
gru-post-mae-s42,gru,posttraining,42,mae,0.0001,3,0.011168902181088925,0.01858287215232849,0.00021419901895569637,0.000531556933419779
gru-post-mae-s42,gru,posttraining,42,mae,0.0001,4,0.013059196434915066,0.018168268166482447,0.0002601027663331479,0.0005264967284165323
gru-post-mae-s42,gru,posttraining,42,mae,0.0001,5,0.01062416546046734,0.019653148129582406,0.00019645856955321505,0.0006474655377678573
gru-post-mse-s42,gru,posttraining,42,mse,0.0001,1,0.010783570073544978,0.017764070108532905,0.00020049534796271474,0.00047679847571998837
gru-post-mse-s42,gru,posttraining,42,mse,0.0001,2,0.015800741314888,0.01786029614508152,0.00038247831689659507,0.0005086914566345513
gru-post-mse-s42,gru,posttraining,42,mse,0.0001,3,0.01493690088391304,0.017702716663479806,0.0003210811672033742,0.0005234388227108866
gru-post-mse-s42,gru,posttraining,42,mse,0.0001,4,0.010559589043259621,0.022443609274923802,0.0001875956339063123,0.000834853482665494
gru-post-mse-s42,gru,posttraining,42,mse,0.0001,5,0.011366521567106247,0.017381763346493245,0.00022156073828227818,0.0005042933265212924
gru-post-mae-s43,gru,posttraining,43,mae,0.0001,1,0.011235255654901266,0.012846720963716507,0.00023310291580855847,0.0003162159211933613
gru-post-mae-s43,gru,posttraining,43,mae,0.0001,2,0.012245220225304365,0.014498253017663956,0.00024112047685775906,0.0003221547068096697
gru-post-mae-s43,gru,posttraining,43,mae,0.0001,3,0.011286880914121866,0.012703289166092873,0.00020386618562042713,0.0003094863402657211
gru-post-mae-s43,gru,posttraining,43,mae,0.0001,4,0.010617494583129883,0.012639631666243076,0.00019438460294622927,0.0002833988715428859
gru-post-mae-s43,gru,posttraining,43,mae,0.0001,5,0.010278543271124364,0.011151231899857521,0.00017955722723854705,0.00026792958145961166
gru-post-mse-s43,gru,posttraining,43,mse,0.0001,1,0.01120400968939066,0.012094045132398605,0.00023662365856580436,0.00028210343094542623
gru-post-mse-s43,gru,posttraining,43,mse,0.0001,2,0.013712083362042904,0.01330628026276827,0.00029244939651107416,0.00026998396730050446
gru-post-mse-s43,gru,posttraining,43,mse,0.0001,3,0.010495139844715595,0.012114693149924279,0.00018407223105896265,0.0002881569275632501
gru-post-mse-s43,gru,posttraining,43,mse,0.0001,4,0.010581436380743981,0.014468155577778816,0.00019587070419220255,0.00034783438662998377
gru-post-mse-s43,gru,posttraining,43,mse,0.0001,5,0.011110926978290081,0.012618355229496956,0.00019755919784074648,0.0002979351836256683
gru-post-mae-s44,gru,posttraining,44,mae,0.0001,1,0.011531067360192538,0.015940267071127893,0.00023002889647614211,0.0004345625312998891
gru-post-mae-s44,gru,posttraining,44,mae,0.0001,2,0.01243041232228279,0.017435517385601996,0.00024861617130227386,0.0004914863780140877
gru-post-mae-s44,gru,posttraining,44,mae,0.0001,3,0.011345376074314118,0.015598738342523575,0.00021980521269142627,0.00041199264349415897
gru-post-mae-s44,gru,posttraining,44,mae,0.0001,4,0.010639346577227116,0.015032741948962211,0.0001946785305335652,0.00038897803518921136
gru-post-mae-s44,gru,posttraining,44,mae,0.0001,5,0.010807373095303774,0.016028882935643196,0.00019905235967598855,0.000416461150161922
gru-post-mse-s44,gru,posttraining,44,mse,0.0001,1,0.011727447994053364,0.013908971548080445,0.00024904658130253665,0.00037611422361806036
gru-post-mse-s44,gru,posttraining,44,mse,0.0001,2,0.01348068742081523,0.014510138854384423,0.0002873228135285899,0.0003348434949293733
gru-post-mse-s44,gru,posttraining,44,mse,0.0001,3,0.010910969972610474,0.014854156374931336,0.0002049520961008966,0.0004085995675995946
gru-post-mse-s44,gru,posttraining,44,mse,0.0001,4,0.010672440752387047,0.017672030106186867,0.00019688636093633248,0.0004673878033645451
gru-post-mse-s44,gru,posttraining,44,mse,0.0001,5,0.01105465181171894,0.015565897449851035,0.00020769786060554908,0.00041198439663276077
dlinear-post-mae-s42,dlinear,posttraining,42,mae,0.0001,1,0.011866722628474236,0.016433196179568767,0.0002538171538617462,0.0003832434886135161
dlinear-post-mae-s42,dlinear,posttraining,42,mae,0.0001,2,0.011861294694244861,0.018500577807426453,0.00023984161380212753,0.0004654364997986704
dlinear-post-mae-s42,dlinear,posttraining,42,mae,0.0001,3,0.011853397451341152,0.014983947761356831,0.00022823309118393808,0.0003319252503570169
dlinear-post-mae-s42,dlinear,posttraining,42,mae,0.0001,4,0.011352102179080248,0.01581455234438181,0.00023005669936537743,0.00035044941818341614
dlinear-post-mae-s42,dlinear,posttraining,42,mae,0.0001,5,0.012127631716430188,0.01762851495295763,0.00023410918365698307,0.0004123207705561072
dlinear-post-mse-s42,dlinear,posttraining,42,mse,0.0001,1,0.01197223700582981,0.01399543821811676,0.0002645932283485308,0.0002774758148007095
dlinear-post-mse-s42,dlinear,posttraining,42,mse,0.0001,2,0.014459293708205223,0.016087578274309636,0.00031921917252475396,0.0003508558520115912
dlinear-post-mse-s42,dlinear,posttraining,42,mse,0.0001,3,0.0110535541549325,0.014563006162643433,0.00022152801539050416,0.00030743099981918933
dlinear-post-mse-s42,dlinear,posttraining,42,mse,0.0001,4,0.011136580444872379,0.018718466833233832,0.00021432408975670115,0.00046127568581141534
dlinear-post-mse-s42,dlinear,posttraining,42,mse,0.0001,5,0.01131377648562193,0.017150912880897522,0.00021692105947295203,0.00039332373067736627
dlinear-post-mae-s43,dlinear,posttraining,43,mae,0.0001,1,0.011077452916651964,0.014516696557402611,0.00020678050786955283,0.00033887126133777204
dlinear-post-mae-s43,dlinear,posttraining,43,mae,0.0001,2,0.010933253914117813,0.01802274361252785,0.00019947795080952347,0.00046022627502679826
dlinear-post-mae-s43,dlinear,posttraining,43,mae,0.0001,3,0.011089666560292245,0.014610195085406303,0.0001943256807862781,0.00034479198860935866
dlinear-post-mae-s43,dlinear,posttraining,43,mae,0.0001,4,0.009967351332306862,0.014946073293685913,0.00016822114557726308,0.0003345062269363552
dlinear-post-mae-s43,dlinear,posttraining,43,mae,0.0001,5,0.010832918435335159,0.013535101264715195,0.0001845504404627718,0.0003059321886394173
dlinear-post-mse-s43,dlinear,posttraining,43,mse,0.0001,1,0.01111807469278574,0.012766579277813434,0.0002065753913484514,0.0002503278257790953
dlinear-post-mse-s43,dlinear,posttraining,43,mse,0.0001,2,0.014072323590517044,0.01273653406649828,0.0002981800673296675,0.00024394275853410364
dlinear-post-mse-s43,dlinear,posttraining,43,mse,0.0001,3,0.011763820983469486,0.012562071233987808,0.000229966823826544,0.0002901784563437104
dlinear-post-mse-s43,dlinear,posttraining,43,mse,0.0001,4,0.010370023548603058,0.01754686951637268,0.00017456673231208697,0.0004235205671284348
dlinear-post-mse-s43,dlinear,posttraining,43,mse,0.0001,5,0.011026502214372158,0.014190094470977783,0.00019473636930342764,0.00033378983032889665
dlinear-post-mae-s44,dlinear,posttraining,44,mae,0.0001,1,0.013043389841914176,0.015872330591082572,0.00029797545576002447,0.000469601727090776
dlinear-post-mae-s44,dlinear,posttraining,44,mae,0.0001,2,0.012936047092080117,0.016821875274181365,0.00026565608859527854,0.0005547153437510132
dlinear-post-mae-s44,dlinear,posttraining,44,mae,0.0001,3,0.01290457956492901,0.018073955550789833,0.00025450117536820473,0.0006462855683639645
dlinear-post-mae-s44,dlinear,posttraining,44,mae,0.0001,4,0.012753937672823668,0.016113436073064803,0.0002713814988965169,0.0005313232168555259
dlinear-post-mae-s44,dlinear,posttraining,44,mae,0.0001,5,0.01223533097654581,0.015474640503525735,0.0002377273835008964,0.00047934725414961577
dlinear-post-mse-s44,dlinear,posttraining,44,mse,0.0001,1,0.012263426557183266,0.017330792993307115,0.0002506136443116702,0.0006430547824129462
dlinear-post-mse-s44,dlinear,posttraining,44,mse,0.0001,2,0.014298116602003575,0.019050550386309623,0.00030946965562179686,0.0005616796226240694
dlinear-post-mse-s44,dlinear,posttraining,44,mse,0.0001,3,0.016607809625566006,0.016168288961052893,0.0003871931316098198,0.0005358026921749115
dlinear-post-mse-s44,dlinear,posttraining,44,mse,0.0001,4,0.013098736107349396,0.018524726405739784,0.0002765085751889274,0.0006496318941935897
dlinear-post-mse-s44,dlinear,posttraining,44,mse,0.0001,5,0.013890640810132027,0.014300683960318566,0.00030349371809279546,0.0003758264798671007
