run_id,kind,stage,seed,loss,learning_rate,epoch,train_mae_during_updates,validation_mae_after_epoch,train_mse_during_updates,validation_mse_after_epoch
rnn-mse-0.0001-s42,rnn,base,42,mse,0.0001,1,0.3098087096214294,0.12153821438550949,0.10081166982650756,0.02692706137895584
rnn-mse-0.0001-s42,rnn,base,42,mse,0.0001,2,0.12804476499557496,0.10637201368808746,0.021103698909282684,0.011493045836687088
rnn-mse-0.0001-s42,rnn,base,42,mse,0.0001,3,0.06176533848047257,0.14224232733249664,0.004858295749872923,0.028766585513949394
rnn-mse-0.0001-s42,rnn,base,42,mse,0.0001,4,0.10131008446216583,0.18361635506153107,0.014990667207166552,0.0410718210041523
rnn-mse-0.0001-s42,rnn,base,42,mse,0.0001,5,0.12555035948753357,0.17230463027954102,0.021376645332202314,0.0363127738237381
rnn-mse-0.0001-s42,rnn,base,42,mse,0.0001,6,0.10844283308833838,0.13250766694545746,0.0173124520201236,0.023724084720015526
rnn-mse-0.0001-s42,rnn,base,42,mse,0.0001,7,0.08215438783168792,0.09949486702680588,0.010193437279667705,0.013262092135846615
rnn-mse-0.0001-s42,rnn,base,42,mse,0.0001,8,0.06624077320098877,0.0846686139702797,0.005748797748237848,0.007856220006942749
rnn-mse-0.0001-s42,rnn,base,42,mse,0.0001,9,0.059151959419250486,0.07487528026103973,0.004233428202569485,0.005801947321742773
rnn-mse-0.0001-s42,rnn,base,42,mse,0.0001,10,0.05331789255142212,0.07019456475973129,0.003605964072048664,0.005115802399814129
rnn-mse-0.0001-s42,rnn,base,42,mse,0.0001,11,0.04676772177219391,0.06905391067266464,0.002789512723684311,0.005181332118809223
rnn-mse-0.0001-s42,rnn,base,42,mse,0.0001,12,0.04051242709159851,0.06915302574634552,0.002072299001738429,0.005847740452736616
rnn-mse-0.0001-s42,rnn,base,42,mse,0.0001,13,0.036804018765687944,0.06888912618160248,0.0018395816232077778,0.006529546808451414
rnn-mse-0.0001-s42,rnn,base,42,mse,0.0001,14,0.03609823398292065,0.06842686980962753,0.0018760796426795423,0.0065141101367771626
rnn-mse-0.0001-s42,rnn,base,42,mse,0.0001,15,0.034685057010501626,0.06389348208904266,0.0017658966180169955,0.005665276665240526
rnn-mse-0.0001-s42,rnn,base,42,mse,0.0001,16,0.03147223757579923,0.05705000087618828,0.0014343251765239983,0.00445539690554142
rnn-mse-0.0001-s42,rnn,base,42,mse,0.0001,17,0.027852017432451248,0.05033218488097191,0.0010951616318197921,0.0034250959288328886
rnn-mse-0.0001-s42,rnn,base,42,mse,0.0001,18,0.02509987086057663,0.045662183314561844,0.0008912878023693338,0.002804241608828306
rnn-mse-0.0001-s42,rnn,base,42,mse,0.0001,19,0.02279292806982994,0.04367796331644058,0.000783053981140256,0.002563381800428033
rnn-mse-0.0001-s42,rnn,base,42,mse,0.0001,20,0.020877191592007877,0.04366544261574745,0.0007023549798759632,0.0025758228730410337
rnn-mse-0.0001-s42,rnn,base,42,mse,0.0001,21,0.01975433876737952,0.044225696474313736,0.0006458952334651258,0.0026740070898085833
rnn-mse-0.0001-s42,rnn,base,42,mse,0.0001,22,0.019420342650264502,0.044181935489177704,0.0006204767832241486,0.002695770002901554
rnn-mse-0.0001-s42,rnn,base,42,mse,0.0001,23,0.019120484199374913,0.043163929134607315,0.0006059689637913834,0.0025787795893847942
rnn-mse-0.0001-s42,rnn,base,42,mse,0.0001,24,0.01851796491071582,0.041597288101911545,0.000588739402446663,0.002385665662586689
rnn-mse-0.0001-s42,rnn,base,42,mse,0.0001,25,0.01799041738733649,0.040235843509435654,0.0005749769712565467,0.00222199410200119
rnn-mse-0.0001-s42,rnn,base,42,mse,0.0001,26,0.017555795442312956,0.03960604965686798,0.0005673461084370502,0.0021502783056348562
rnn-mse-0.0001-s42,rnn,base,42,mse,0.0001,27,0.01727222865447402,0.03972192108631134,0.0005592766315385233,0.0021680621430277824
rnn-mse-0.0001-s42,rnn,base,42,mse,0.0001,28,0.017146871890872717,0.040202461183071136,0.0005485124235565308,0.0022295950911939144
rnn-mse-0.0001-s42,rnn,base,42,mse,0.0001,29,0.017109929006546735,0.04060789570212364,0.0005383707662986126,0.0022809153888374567
rnn-mse-0.0001-s42,rnn,base,42,mse,0.0001,30,0.01707239730283618,0.04073047637939453,0.000530285539716715,0.0022949089761823416
rnn-mse-0.0001-s43,rnn,base,43,mse,0.0001,1,0.1097171026468277,0.04353092610836029,0.013051323629915713,0.0022606553975492716
rnn-mse-0.0001-s43,rnn,base,43,mse,0.0001,2,0.026330828294157983,0.0758461058139801,0.0012682807666715235,0.007367751561105251
rnn-mse-0.0001-s43,rnn,base,43,mse,0.0001,3,0.07441645339131356,0.06921437382698059,0.006679838066920638,0.006247672718018293
rnn-mse-0.0001-s43,rnn,base,43,mse,0.0001,4,0.05439221017062664,0.04445023089647293,0.004325636963476427,0.002186317928135395
rnn-mse-0.0001-s43,rnn,base,43,mse,0.0001,5,0.03502305001020432,0.03303810954093933,0.0016272629890590907,0.0016015496803447604
rnn-mse-0.0001-s43,rnn,base,43,mse,0.0001,6,0.03254678040742874,0.030105460435152054,0.0015171591937541962,0.0014997436664998531
rnn-mse-0.0001-s43,rnn,base,43,mse,0.0001,7,0.026588929295539857,0.03182978928089142,0.0010022664070129395,0.0011135184904560447
rnn-mse-0.0001-s43,rnn,base,43,mse,0.0001,8,0.01947725556790829,0.03410690650343895,0.000660553210764192,0.0014244494959712029
rnn-mse-0.0001-s43,rnn,base,43,mse,0.0001,9,0.023925630412995814,0.03282666206359863,0.0010090065479744226,0.0014063686830922961
rnn-mse-0.0001-s43,rnn,base,43,mse,0.0001,10,0.02257877729833126,0.027501961216330528,0.0009178738339687697,0.0008700179751031101
rnn-mse-0.0001-s43,rnn,base,43,mse,0.0001,11,0.01838434211909771,0.022527283057570457,0.0005924534646328538,0.000624751322902739
rnn-mse-0.0001-s43,rnn,base,43,mse,0.0001,12,0.018920163288712502,0.020784275606274605,0.0005490024166647344,0.0005627465434372425
rnn-mse-0.0001-s43,rnn,base,43,mse,0.0001,13,0.017920653447508813,0.02041739411652088,0.0005137273186119274,0.0005067535676062107
rnn-mse-0.0001-s43,rnn,base,43,mse,0.0001,14,0.016927698776125908,0.020724965259432793,0.0004803552909288555,0.0005209147930145264
rnn-mse-0.0001-s43,rnn,base,43,mse,0.0001,15,0.0170463477820158,0.019647842273116112,0.0004985338478581979,0.0004741625743918121
rnn-mse-0.0001-s43,rnn,base,43,mse,0.0001,16,0.01644498996436596,0.018092455342411995,0.00046075149613898246,0.00040431006345897913
rnn-mse-0.0001-s43,rnn,base,43,mse,0.0001,17,0.016236410364508628,0.01725062169134617,0.000433399747707881,0.00038365006912499666
rnn-mse-0.0001-s43,rnn,base,43,mse,0.0001,18,0.01627550594508648,0.017060646787285805,0.0004277814395027235,0.0003693742328323424
rnn-mse-0.0001-s43,rnn,base,43,mse,0.0001,19,0.015867331251502036,0.01711069978773594,0.00041229790484067054,0.00036379872472025454
rnn-mse-0.0001-s43,rnn,base,43,mse,0.0001,20,0.015580686256289483,0.01692812889814377,0.00040325448499061166,0.0003563225327525288
rnn-mse-0.0001-s43,rnn,base,43,mse,0.0001,21,0.015317516848444939,0.016509784385561943,0.000388434664637316,0.0003450900549069047
rnn-mse-0.0001-s43,rnn,base,43,mse,0.0001,22,0.015136927887797356,0.016171108931303024,0.00037350536324083807,0.00034037072327919304
rnn-mse-0.0001-s43,rnn,base,43,mse,0.0001,23,0.014989234134554863,0.016051851212978363,0.0003637244031415321,0.00033399020321667194
rnn-mse-0.0001-s43,rnn,base,43,mse,0.0001,24,0.01474930576980114,0.015978971496224403,0.0003549455013126135,0.0003271450405009091
rnn-mse-0.0001-s43,rnn,base,43,mse,0.0001,25,0.014540822133421899,0.01576518639922142,0.00034775245818309487,0.0003210404538549483
rnn-mse-0.0001-s43,rnn,base,43,mse,0.0001,26,0.014349555298686027,0.015450717881321907,0.00033894728287123146,0.00031655412749387324
rnn-mse-0.0001-s43,rnn,base,43,mse,0.0001,27,0.014210249111056329,0.015184948220849037,0.0003305241942871362,0.00031188278808258474
rnn-mse-0.0001-s43,rnn,base,43,mse,0.0001,28,0.014054594859480858,0.014995143748819828,0.0003236412105616182,0.00030488785705529153
rnn-mse-0.0001-s43,rnn,base,43,mse,0.0001,29,0.013891542479395867,0.014792365953326225,0.0003177568776300177,0.00029836170142516494
rnn-mse-0.0001-s43,rnn,base,43,mse,0.0001,30,0.013747851178050042,0.014532691799104214,0.00031195246789138763,0.00029421027284115553
rnn-mse-0.0001-s44,rnn,base,44,mse,0.0001,1,0.06168762683868408,0.04778280109167099,0.005614835843443871,0.0025655548088252544
rnn-mse-0.0001-s44,rnn,base,44,mse,0.0001,2,0.03900320291519165,0.022135457023978233,0.0021227442659437655,0.000698859803378582
rnn-mse-0.0001-s44,rnn,base,44,mse,0.0001,3,0.049350577723234895,0.02620702236890793,0.004187735468294704,0.0009204237721860409
rnn-mse-0.0001-s44,rnn,base,44,mse,0.0001,4,0.039878425747156145,0.014509354718029499,0.002768577260430902,0.00033105965121649206
rnn-mse-0.0001-s44,rnn,base,44,mse,0.0001,5,0.032861469388008116,0.023142792284488678,0.0015325248893350363,0.0007633033092133701
rnn-mse-0.0001-s44,rnn,base,44,mse,0.0001,6,0.03385574385523796,0.013696257956326008,0.0015454440913163126,0.0002911712508648634
rnn-mse-0.0001-s44,rnn,base,44,mse,0.0001,7,0.027733613420277834,0.0189201720058918,0.001347168248903472,0.0005002001998946071
rnn-mse-0.0001-s44,rnn,base,44,mse,0.0001,8,0.025938878804445266,0.016000263392925262,0.0013497490884037688,0.0003402948786970228
rnn-mse-0.0001-s44,rnn,base,44,mse,0.0001,9,0.024361294340342284,0.014051415957510471,0.0010292735133407404,0.0003072123508900404
rnn-mse-0.0001-s44,rnn,base,44,mse,0.0001,10,0.02644095165655017,0.013027780689299107,0.001057314622521517,0.00027119467267766595
rnn-mse-0.0001-s44,rnn,base,44,mse,0.0001,11,0.023523114193230867,0.015309734269976616,0.00093296526974882,0.0003047187638003379
rnn-mse-0.0001-s44,rnn,base,44,mse,0.0001,12,0.020852186847478152,0.014740862883627415,0.000841367366956547,0.0002811481535900384
rnn-mse-0.0001-s44,rnn,base,44,mse,0.0001,13,0.02019817942753434,0.012171288952231407,0.0007378092404906056,0.00023277229047380388
rnn-mse-0.0001-s44,rnn,base,44,mse,0.0001,14,0.020847130846232177,0.011992242187261581,0.0006917096542019863,0.00022546565742231905
rnn-mse-0.0001-s44,rnn,base,44,mse,0.0001,15,0.01929225379601121,0.01318817026913166,0.0006300876321620308,0.00023227963538374752
rnn-mse-0.0001-s44,rnn,base,44,mse,0.0001,16,0.018146811667829752,0.01262478344142437,0.0005911991149332608,0.0002209984086221084
rnn-mse-0.0001-s44,rnn,base,44,mse,0.0001,17,0.017931336406618356,0.011494295671582222,0.0005451152879686561,0.00021573012054432184
rnn-mse-0.0001-s44,rnn,base,44,mse,0.0001,18,0.017887496892362832,0.01160003338009119,0.0005092038348811912,0.0002131995279341936
rnn-mse-0.0001-s44,rnn,base,44,mse,0.0001,19,0.017339308504015206,0.0118169654160738,0.00047895233656163326,0.00021223389194346964
rnn-mse-0.0001-s44,rnn,base,44,mse,0.0001,20,0.016898652259260415,0.01184096559882164,0.0004562574834562838,0.0002144945610780269
rnn-mse-0.0001-s44,rnn,base,44,mse,0.0001,21,0.016802871767431497,0.012046657502651215,0.0004318142502597766,0.00022000879107508808
rnn-mse-0.0001-s44,rnn,base,44,mse,0.0001,22,0.016584139410406352,0.01211992371827364,0.0004123230019467883,0.00021687793196178973
rnn-mse-0.0001-s44,rnn,base,44,mse,0.0001,23,0.01618339294567704,0.012230442836880684,0.00039570530389028137,0.00021814466163050383
rnn-mse-0.0001-s44,rnn,base,44,mse,0.0001,24,0.015940156821161507,0.012363184243440628,0.00038093157942057585,0.00022344524040818214
rnn-mse-0.0001-s44,rnn,base,44,mse,0.0001,25,0.01574265593662858,0.012414410710334778,0.000367880217381753,0.0002218385343439877
rnn-mse-0.0001-s44,rnn,base,44,mse,0.0001,26,0.015449652317911386,0.012463556602597237,0.00035547664330806586,0.0002205642085755244
rnn-mse-0.0001-s44,rnn,base,44,mse,0.0001,27,0.015214774254709483,0.012555147521197796,0.0003451305706403218,0.00022380104928743094
rnn-mse-0.0001-s44,rnn,base,44,mse,0.0001,28,0.01502128655090928,0.012624342925846577,0.0003356250259821536,0.00022404547780752182
rnn-mse-0.0001-s44,rnn,base,44,mse,0.0001,29,0.01478518957272172,0.012693243101239204,0.0003263351425266592,0.0002234405983472243
rnn-mse-0.0001-s44,rnn,base,44,mse,0.0001,30,0.014563146773725747,0.012796600349247456,0.00031832838270929643,0.00022625828569289297
rnn-mse-0.001-s42,rnn,base,42,mse,0.001,1,0.14420891508460046,0.16704538464546204,0.029295251071453095,0.03885994851589203
rnn-mse-0.001-s42,rnn,base,42,mse,0.001,2,0.19572431921958924,0.09870569407939911,0.04529890656471253,0.010112601332366467
rnn-mse-0.001-s42,rnn,base,42,mse,0.001,3,0.0569179330766201,0.12312012910842896,0.00501034184359014,0.017264027148485184
rnn-mse-0.001-s42,rnn,base,42,mse,0.001,4,0.09079716011881828,0.019946802407503128,0.011042526654200628,0.0005197556456550956
rnn-mse-0.001-s42,rnn,base,42,mse,0.001,5,0.04217727839946747,0.0634932667016983,0.00254509337246418,0.004194687120616436
rnn-mse-0.001-s42,rnn,base,42,mse,0.001,6,0.04590341860428453,0.010757945477962494,0.003268831926980056,0.00020130547636654228
rnn-mse-0.001-s42,rnn,base,42,mse,0.001,7,0.03472757428884506,0.0326770655810833,0.0017359325289726258,0.0012133551063016057
rnn-mse-0.001-s42,rnn,base,42,mse,0.001,8,0.027295478731393815,0.013970657251775265,0.00105064477189444,0.00028527682297863066
rnn-mse-0.001-s42,rnn,base,42,mse,0.001,9,0.025612167865037918,0.021870486438274384,0.0011757382447831332,0.0006186895770952106
rnn-mse-0.001-s42,rnn,base,42,mse,0.001,10,0.021361321751028298,0.01755630224943161,0.0008836598810739815,0.0004511313163675368
rnn-mse-0.001-s42,rnn,base,42,mse,0.001,11,0.019434088468551637,0.025675294920802116,0.0005430983379483223,0.0009464440518058836
rnn-mse-0.001-s42,rnn,base,42,mse,0.001,12,0.01887807736173272,0.019318144768476486,0.0005409612372750416,0.0004881572094745934
rnn-mse-0.001-s42,rnn,base,42,mse,0.001,13,0.018168535940349104,0.019452543929219246,0.0005110867146868259,0.0004916367470286787
rnn-mse-0.001-s42,rnn,base,42,mse,0.001,14,0.014656132403761148,0.022813580930233,0.0003666876153147314,0.0007225229637697339
rnn-mse-0.001-s42,rnn,base,42,mse,0.001,15,0.015962345004081727,0.02213827520608902,0.0003849230508785695,0.000682641810271889
rnn-mse-0.001-s42,rnn,base,42,mse,0.001,16,0.01501770043745637,0.01769612729549408,0.0003448556002695113,0.00042585423216223717
rnn-mse-0.001-s42,rnn,base,42,mse,0.001,17,0.01383999178186059,0.017157873138785362,0.00033200802514329555,0.00041932828025892377
rnn-mse-0.001-s42,rnn,base,42,mse,0.001,18,0.012418891470879316,0.019034231081604958,0.0002823381149210036,0.0005199892329983413
rnn-mse-0.001-s42,rnn,base,42,mse,0.001,19,0.012815484795719385,0.01722286455333233,0.00027484019316034394,0.0004375421558506787
rnn-mse-0.001-s42,rnn,base,42,mse,0.001,20,0.012238683197647333,0.01668901927769184,0.00026936091540846974,0.0004044746747240424
rnn-mse-0.001-s42,rnn,base,42,mse,0.001,21,0.011827721986919641,0.018295852467417717,0.00026204245892586187,0.0004898266051895916
rnn-mse-0.001-s42,rnn,base,42,mse,0.001,22,0.011878817770630122,0.01885373890399933,0.0002458553967881016,0.0005151004297658801
rnn-mse-0.001-s42,rnn,base,42,mse,0.001,23,0.011681663040071726,0.017973149195313454,0.00024051875952864067,0.0004810770624317229
rnn-mse-0.001-s42,rnn,base,42,mse,0.001,24,0.011455958131700755,0.018856775015592575,0.0002365882572485134,0.0005185395712032914
rnn-mse-0.001-s42,rnn,base,42,mse,0.001,25,0.011332890931516886,0.019398551434278488,0.00022734716898412444,0.0005411832826212049
rnn-mse-0.001-s42,rnn,base,42,mse,0.001,26,0.01121707061305642,0.018564268946647644,0.00022229213209357113,0.0005061150877736509
rnn-mse-0.001-s42,rnn,base,42,mse,0.001,27,0.010997086856514215,0.018696924671530724,0.00021767589176306502,0.0005103538860566914
rnn-mse-0.001-s42,rnn,base,42,mse,0.001,28,0.010923397336155176,0.0190042182803154,0.0002117569258552976,0.0005224660271778703
rnn-mse-0.001-s42,rnn,base,42,mse,0.001,29,0.010825654659420252,0.018582865595817566,0.00020702560577774421,0.0005048126331530511
rnn-mse-0.001-s42,rnn,base,42,mse,0.001,30,0.010691753868013621,0.01873340643942356,0.0002035604197590146,0.0005111995851621032
rnn-mse-0.001-s43,rnn,base,43,mse,0.001,1,0.11718229293823242,0.05319283902645111,0.01987190593034029,0.0036521810106933117
rnn-mse-0.001-s43,rnn,base,43,mse,0.001,2,0.05332860626280308,0.05924052745103836,0.0037642998434603216,0.004246762488037348
rnn-mse-0.001-s43,rnn,base,43,mse,0.001,3,0.04697694383561611,0.024467090144753456,0.0031820789468474686,0.0007027239189483225
rnn-mse-0.001-s43,rnn,base,43,mse,0.001,4,0.037354877814650536,0.02096513658761978,0.0020499617391033097,0.0006068170187063515
rnn-mse-0.001-s43,rnn,base,43,mse,0.001,5,0.03368488490581512,0.01308650616556406,0.001517134290188551,0.0002528285840526223
rnn-mse-0.001-s43,rnn,base,43,mse,0.001,6,0.016135800108313562,0.0294094979763031,0.0004582116659730673,0.0009592268033884466
rnn-mse-0.001-s43,rnn,base,43,mse,0.001,7,0.018273592814803123,0.009724733419716358,0.0005366190540371463,0.00012960770982317626
rnn-mse-0.001-s43,rnn,base,43,mse,0.001,8,0.018165740445256234,0.008956076577305794,0.0005192429188173264,0.00012121174950152636
rnn-mse-0.001-s43,rnn,base,43,mse,0.001,9,0.016949134916067123,0.010426776483654976,0.00039923501433804633,0.00016734946984797716
rnn-mse-0.001-s43,rnn,base,43,mse,0.001,10,0.011866945698857307,0.010026012547314167,0.0002519840456079692,0.00013381941244006157
rnn-mse-0.001-s43,rnn,base,43,mse,0.001,11,0.013463041707873345,0.009263874031603336,0.0003279495719471015,0.00014756993914488703
rnn-mse-0.001-s43,rnn,base,43,mse,0.001,12,0.012928905114531517,0.007896359078586102,0.00026715302316006274,9.950392268365249e-05
rnn-mse-0.001-s43,rnn,base,43,mse,0.001,13,0.012101771645247936,0.007458353415131569,0.0002498903835657984,8.630885713500902e-05
rnn-mse-0.001-s43,rnn,base,43,mse,0.001,14,0.011729676499962807,0.008993301540613174,0.00023459094139980153,0.00014846007979940623
rnn-mse-0.001-s43,rnn,base,43,mse,0.001,15,0.011930416896939277,0.007522837724536657,0.0002345351644908078,8.683992200531065e-05
rnn-mse-0.001-s43,rnn,base,43,mse,0.001,16,0.011183792874217034,0.008261251263320446,0.00021932119969278574,0.00010907534306170419
rnn-mse-0.001-s43,rnn,base,43,mse,0.001,17,0.011633676961064338,0.008047466166317463,0.00022178429120685904,9.971905819838867e-05
rnn-mse-0.001-s43,rnn,base,43,mse,0.001,18,0.010876285657286645,0.007880317978560925,0.00020766914705745875,9.608176333131269e-05
rnn-mse-0.001-s43,rnn,base,43,mse,0.001,19,0.011048515830188989,0.00828724354505539,0.0002092980418819934,0.00011368196283001453
rnn-mse-0.001-s43,rnn,base,43,mse,0.001,20,0.010618028584867717,0.007848224602639675,0.00019816127256490291,0.00010091876902151853
rnn-mse-0.001-s43,rnn,base,43,mse,0.001,21,0.010499635729938745,0.008237268775701523,0.00019663991188281215,0.0001226551248691976
rnn-mse-0.001-s43,rnn,base,43,mse,0.001,22,0.010482396427541972,0.007972516119480133,0.00019151127489749342,0.00011253899720031768
rnn-mse-0.001-s43,rnn,base,43,mse,0.001,23,0.010234690997749566,0.008168509230017662,0.00018733299832092597,0.0001232495269505307
rnn-mse-0.001-s43,rnn,base,43,mse,0.001,24,0.010248977933079004,0.008092443458735943,0.0001845142015372403,0.00011948055180255324
rnn-mse-0.001-s43,rnn,base,43,mse,0.001,25,0.010000109169632197,0.00815322995185852,0.00017969042703043668,0.00012370999320410192
rnn-mse-0.001-s43,rnn,base,43,mse,0.001,26,0.009988297317177057,0.008162122219800949,0.00017773983607185072,0.00012651235738303512
rnn-mse-0.001-s43,rnn,base,43,mse,0.001,27,0.009735335055738687,0.008174845948815346,0.00017270012889639475,0.0001311142841586843
rnn-mse-0.001-s43,rnn,base,43,mse,0.001,28,0.009702701363712549,0.008253775537014008,0.00017033606927725488,0.00013666199811268598
rnn-mse-0.001-s43,rnn,base,43,mse,0.001,29,0.009463036675006151,0.008374209515750408,0.00016545989987207577,0.00014118038234300911
rnn-mse-0.001-s43,rnn,base,43,mse,0.001,30,0.009427945483475924,0.008473090827465057,0.00016286101264995523,0.00014452739560510963
rnn-mse-0.001-s44,rnn,base,44,mse,0.001,1,0.18631845951080322,0.26099103689193726,0.056248120740056036,0.0693964883685112
rnn-mse-0.001-s44,rnn,base,44,mse,0.001,2,0.20792012214660643,0.13863511383533478,0.05149865418672562,0.01985163800418377
rnn-mse-0.001-s44,rnn,base,44,mse,0.001,3,0.1379760867357254,0.06535842269659042,0.020844462364912032,0.004985658451914787
rnn-mse-0.001-s44,rnn,base,44,mse,0.001,4,0.07253740787506104,0.08600831776857376,0.00654792096465826,0.008313227444887161
rnn-mse-0.001-s44,rnn,base,44,mse,0.001,5,0.08246565595269204,0.020192092284560204,0.008769534674938769,0.000587900634855032
rnn-mse-0.001-s44,rnn,base,44,mse,0.001,6,0.036858711838722226,0.06099614128470421,0.0017515829205513001,0.0040527693927288055
rnn-mse-0.001-s44,rnn,base,44,mse,0.001,7,0.049341534972190855,0.01189455296844244,0.003095986619591713,0.00024005213344935328
rnn-mse-0.001-s44,rnn,base,44,mse,0.001,8,0.02978187635540962,0.04131195694208145,0.001343769112136215,0.0019054256845265627
rnn-mse-0.001-s44,rnn,base,44,mse,0.001,9,0.032711364552378656,0.010180328972637653,0.001720803491771221,0.00017849626601673663
rnn-mse-0.001-s44,rnn,base,44,mse,0.001,10,0.023195652365684508,0.02189537324011326,0.0007364847557619214,0.0006533501436933875
rnn-mse-0.001-s44,rnn,base,44,mse,0.001,11,0.022923978194594383,0.013568248599767685,0.000716236499720253,0.0002446348371449858
rnn-mse-0.001-s44,rnn,base,44,mse,0.001,12,0.017813248187303544,0.019433431327342987,0.000588085688650608,0.0004882088687736541
rnn-mse-0.001-s44,rnn,base,44,mse,0.001,13,0.015407408699393272,0.012056350708007812,0.00047479658853262664,0.000252066005486995
rnn-mse-0.001-s44,rnn,base,44,mse,0.001,14,0.017707764953374863,0.013159249909222126,0.0004444179160054773,0.0002889391907956451
rnn-mse-0.001-s44,rnn,base,44,mse,0.001,15,0.015409232638776303,0.013593136332929134,0.00035396972263697536,0.00027262818184681237
rnn-mse-0.001-s44,rnn,base,44,mse,0.001,16,0.013722053952515125,0.011786549352109432,0.00034636262978892773,0.00022860434546601027
rnn-mse-0.001-s44,rnn,base,44,mse,0.001,17,0.013128618523478509,0.012555154040455818,0.00028779424959793684,0.00025806116173043847
rnn-mse-0.001-s44,rnn,base,44,mse,0.001,18,0.014355598911643029,0.011517404578626156,0.00030208144627977165,0.00021580781321972609
rnn-mse-0.001-s44,rnn,base,44,mse,0.001,19,0.012560638412833215,0.011780410073697567,0.0002669030294055119,0.00022642342082690448
rnn-mse-0.001-s44,rnn,base,44,mse,0.001,20,0.012318452224135398,0.012092593125998974,0.0002590104553382844,0.0002342262741876766
rnn-mse-0.001-s44,rnn,base,44,mse,0.001,21,0.012910106107592583,0.012141958810389042,0.0002560864621773362,0.00023593282094225287
rnn-mse-0.001-s44,rnn,base,44,mse,0.001,22,0.012306570634245872,0.01216473150998354,0.00024242327344836667,0.00023910532763693482
rnn-mse-0.001-s44,rnn,base,44,mse,0.001,23,0.012107399329543113,0.012662680819630623,0.0002415031142299995,0.0002535576350055635
rnn-mse-0.001-s44,rnn,base,44,mse,0.001,24,0.012230425402522086,0.012813895009458065,0.00023744396050460638,0.00025876332074403763
rnn-mse-0.001-s44,rnn,base,44,mse,0.001,25,0.012069251164793968,0.012532683089375496,0.00023228394566103815,0.0002513205399736762
rnn-mse-0.001-s44,rnn,base,44,mse,0.001,26,0.011906168702989817,0.012695740908384323,0.00023082010011421517,0.00025570226716808975
rnn-mse-0.001-s44,rnn,base,44,mse,0.001,27,0.011891251746565103,0.012744393199682236,0.00022754675097530708,0.0002573797828517854
rnn-mse-0.001-s44,rnn,base,44,mse,0.001,28,0.011769781652837992,0.012652019038796425,0.000223839545797091,0.00025554478634148836
rnn-mse-0.001-s44,rnn,base,44,mse,0.001,29,0.01168886924162507,0.012806165963411331,0.00022200110368430614,0.00026090454775840044
rnn-mse-0.001-s44,rnn,base,44,mse,0.001,30,0.01164898807182908,0.012843196280300617,0.00021900305786402895,0.00026293384144082665
rnn-mae-0.0001-s42,rnn,base,42,mae,0.0001,1,0.3098348963260651,0.12119994312524796,0.1008296948671341,0.026840537786483765
rnn-mae-0.0001-s42,rnn,base,42,mae,0.0001,2,0.12208287835121155,0.11424370110034943,0.01913266345858574,0.013848215341567993
rnn-mae-0.0001-s42,rnn,base,42,mae,0.0001,3,0.06430831886827945,0.167888805270195,0.006036949033150449,0.036163460463285446
rnn-mae-0.0001-s42,rnn,base,42,mae,0.0001,4,0.1262419694662094,0.19598785042762756,0.020507946722209455,0.0451541543006897
rnn-mae-0.0001-s42,rnn,base,42,mae,0.0001,5,0.12872537046670915,0.14588086307048798,0.022614465234801172,0.027836741879582405
rnn-mae-0.0001-s42,rnn,base,42,mae,0.0001,6,0.08991635218262672,0.10120012611150742,0.012043453771620988,0.012631193734705448
rnn-mae-0.0001-s42,rnn,base,42,mae,0.0001,7,0.07126546531915665,0.08607860654592514,0.0061405876465141776,0.00784244667738676
rnn-mae-0.0001-s42,rnn,base,42,mae,0.0001,8,0.06069412976503372,0.07761865109205246,0.00440207539126277,0.006372188683599234
rnn-mae-0.0001-s42,rnn,base,42,mae,0.0001,9,0.04934295982122421,0.07389146089553833,0.002965720556676388,0.006528296507894993
rnn-mae-0.0001-s42,rnn,base,42,mae,0.0001,10,0.038890118822455404,0.07468830049037933,0.0020758128189481795,0.007851245813071728
rnn-mae-0.0001-s42,rnn,base,42,mae,0.0001,11,0.03882545005530119,0.07172473520040512,0.002255397391272709,0.0069992984645068645
rnn-mae-0.0001-s42,rnn,base,42,mae,0.0001,12,0.033267300929874184,0.04671649634838104,0.0016447917436016723,0.002941718092188239
rnn-mae-0.0001-s42,rnn,base,42,mae,0.0001,13,0.02620024561882019,0.03366057574748993,0.0010393946710973978,0.0013990690931677818
rnn-mae-0.0001-s42,rnn,base,42,mae,0.0001,14,0.02000103419646621,0.03915282338857651,0.0007965371085447259,0.0021377517841756344
rnn-mae-0.0001-s42,rnn,base,42,mae,0.0001,15,0.017543164677917958,0.032907042652368546,0.000588079181034118,0.0015035804826766253
rnn-mae-0.0001-s42,rnn,base,42,mae,0.0001,16,0.017429520692676306,0.02872035652399063,0.0006854818550345954,0.0011225850321352482
rnn-mae-0.0001-s42,rnn,base,42,mae,0.0001,17,0.01735431982204318,0.031229279935359955,0.0007002978875243571,0.0013466051314026117
rnn-mae-0.0001-s42,rnn,base,42,mae,0.0001,18,0.016658476646989585,0.030969327315688133,0.0006455871755315457,0.0012999140890315175
rnn-mae-0.0001-s42,rnn,base,42,mae,0.0001,19,0.016056926753371954,0.03459645435214043,0.0006022089361067629,0.0016478890320286155
rnn-mae-0.0001-s42,rnn,base,42,mae,0.0001,20,0.015763304810971022,0.033789150416851044,0.0005414524508523755,0.001561060780659318
rnn-mae-0.0001-s42,rnn,base,42,mae,0.0001,21,0.015212516356259585,0.03465365990996361,0.0005461969990574289,0.001677231048233807
rnn-mae-0.0001-s42,rnn,base,42,mae,0.0001,22,0.01550076186656952,0.032061170786619186,0.000508645742374938,0.0014353366568684578
rnn-mae-0.0001-s42,rnn,base,42,mae,0.0001,23,0.015218671429902315,0.0302164014428854,0.0005805657868040725,0.001258575706742704
rnn-mae-0.0001-s42,rnn,base,42,mae,0.0001,24,0.015303220860660076,0.03618910536170006,0.0005391287908423692,0.0017704627243801951
rnn-mae-0.0001-s42,rnn,base,42,mae,0.0001,25,0.014331022072583436,0.031023405492305756,0.0005009041445009643,0.00132168538402766
rnn-mae-0.0001-s42,rnn,base,42,mae,0.0001,26,0.01427949771285057,0.03667638823390007,0.0004982552776345983,0.0018239228520542383
rnn-mae-0.0001-s42,rnn,base,42,mae,0.0001,27,0.01366779586300254,0.030078977346420288,0.0004570721232266806,0.0012305579148232937
rnn-mae-0.0001-s42,rnn,base,42,mae,0.0001,28,0.013955753426998854,0.03280261158943176,0.0005205591134290443,0.0014777224278077483
rnn-mae-0.0001-s42,rnn,base,42,mae,0.0001,29,0.01385821970179677,0.03555023670196533,0.0004693253865116276,0.0017651190282776952
rnn-mae-0.0001-s42,rnn,base,42,mae,0.0001,30,0.014271778594702482,0.033447861671447754,0.0004138048741151579,0.0015515905106440187
rnn-mae-0.0001-s43,rnn,base,43,mae,0.0001,1,0.10963826298713684,0.043980274349451065,0.013034063801169395,0.002268096897751093
rnn-mae-0.0001-s43,rnn,base,43,mae,0.0001,2,0.025528294667601585,0.06109430640935898,0.0011709909577621146,0.005124719813466072
rnn-mae-0.0001-s43,rnn,base,43,mae,0.0001,3,0.05510312531143427,0.048746634274721146,0.0041555400879587975,0.002998082898557186
rnn-mae-0.0001-s43,rnn,base,43,mae,0.0001,4,0.03919008135795593,0.035109858959913254,0.0020480176620185377,0.0016233142232522368
rnn-mae-0.0001-s43,rnn,base,43,mae,0.0001,5,0.03131756901741028,0.033083926886320114,0.0013796928524971008,0.0013305272441357374
rnn-mae-0.0001-s43,rnn,base,43,mae,0.0001,6,0.021712523102760315,0.03731561079621315,0.0007344232243485749,0.0017616752302274108
rnn-mae-0.0001-s43,rnn,base,43,mae,0.0001,7,0.029296057522296904,0.036300256848335266,0.0014085224864538758,0.0017902322579175234
rnn-mae-0.0001-s43,rnn,base,43,mae,0.0001,8,0.023413129970431327,0.024431724101305008,0.0010084408754482866,0.0006991751142777503
rnn-mae-0.0001-s43,rnn,base,43,mae,0.0001,9,0.02002292312681675,0.021780461072921753,0.0006123276671860367,0.0005680186441168189
rnn-mae-0.0001-s43,rnn,base,43,mae,0.0001,10,0.018452003821730612,0.023603007197380066,0.0005765925592277199,0.0007267706096172333
rnn-mae-0.0001-s43,rnn,base,43,mae,0.0001,11,0.01951925329864025,0.019146189093589783,0.0006622559227980673,0.0004527559212874621
rnn-mae-0.0001-s43,rnn,base,43,mae,0.0001,12,0.018602146282792092,0.016995331272482872,0.0005437723518116399,0.00041388816316612065
rnn-mae-0.0001-s43,rnn,base,43,mae,0.0001,13,0.018460956774652003,0.0206922497600317,0.0005469755257945508,0.0005638528964482248
rnn-mae-0.0001-s43,rnn,base,43,mae,0.0001,14,0.018940397091209888,0.018603717908263206,0.0006205568218138069,0.00044361056643538177
rnn-mae-0.0001-s43,rnn,base,43,mae,0.0001,15,0.01614782564342022,0.016130652278661728,0.0004333830170799047,0.000385289138648659
rnn-mae-0.0001-s43,rnn,base,43,mae,0.0001,16,0.01607828967273235,0.018340760841965675,0.000410582076292485,0.00043973277206532657
rnn-mae-0.0001-s43,rnn,base,43,mae,0.0001,17,0.01631467156112194,0.017211686819791794,0.0004941685474477708,0.00038453840534202754
rnn-mae-0.0001-s43,rnn,base,43,mae,0.0001,18,0.01446887396275997,0.01532724965363741,0.0003795866307336837,0.0003356126544531435
rnn-mae-0.0001-s43,rnn,base,43,mae,0.0001,19,0.014831745848059654,0.015574303455650806,0.0003559038019739091,0.0003150312986690551
rnn-mae-0.0001-s43,rnn,base,43,mae,0.0001,20,0.013746547624468803,0.015939166769385338,0.0003389160821097903,0.00031844398472458124
rnn-mae-0.0001-s43,rnn,base,43,mae,0.0001,21,0.013833371922373772,0.01497336570173502,0.00035992898454423994,0.00028923602076247334
rnn-mae-0.0001-s43,rnn,base,43,mae,0.0001,22,0.013343017026782035,0.013783312402665615,0.0003203376365127042,0.0003030537336599082
rnn-mae-0.0001-s43,rnn,base,43,mae,0.0001,23,0.013246299866586923,0.013845107518136501,0.00030493366924929435,0.00026286940556019545
rnn-mae-0.0001-s43,rnn,base,43,mae,0.0001,24,0.012779617849737405,0.013328471221029758,0.0003101616576896049,0.0002469990577083081
rnn-mae-0.0001-s43,rnn,base,43,mae,0.0001,25,0.012587942127138376,0.012934842146933079,0.0003015878598671407,0.00027745633269660175
rnn-mae-0.0001-s43,rnn,base,43,mae,0.0001,26,0.012818157020956279,0.013290251605212688,0.0002926046185893938,0.00024174143618438393
rnn-mae-0.0001-s43,rnn,base,43,mae,0.0001,27,0.012422777954488992,0.013153482228517532,0.00030466611751762686,0.00027896114625036716
rnn-mae-0.0001-s43,rnn,base,43,mae,0.0001,28,0.012365553919225931,0.013241861015558243,0.00027973150674370117,0.00027296607731841505
rnn-mae-0.0001-s43,rnn,base,43,mae,0.0001,29,0.012064402718096971,0.013326883316040039,0.0002799605329346377,0.0002862007822841406
rnn-mae-0.0001-s43,rnn,base,43,mae,0.0001,30,0.01391733430325985,0.013131587766110897,0.0003072880289983004,0.00028655375353991985
rnn-mae-0.0001-s44,rnn,base,44,mae,0.0001,1,0.06166640877723694,0.06775899231433868,0.0056386650353670124,0.004877946805208921
rnn-mae-0.0001-s44,rnn,base,44,mae,0.0001,2,0.04691681355237961,0.014897685497999191,0.002817835696041584,0.00033216617885045707
rnn-mae-0.0001-s44,rnn,base,44,mae,0.0001,3,0.043794592767953874,0.033581919968128204,0.003572527404758148,0.0013621519319713116
rnn-mae-0.0001-s44,rnn,base,44,mae,0.0001,4,0.04683931097388268,0.017336130142211914,0.003759976513683796,0.00041874893940985203
rnn-mae-0.0001-s44,rnn,base,44,mae,0.0001,5,0.030387206822633742,0.014974085614085197,0.0018422507459763438,0.00032951627508737147
rnn-mae-0.0001-s44,rnn,base,44,mae,0.0001,6,0.029700553268194197,0.016252057626843452,0.0015690872323466465,0.00038877734914422035
rnn-mae-0.0001-s44,rnn,base,44,mae,0.0001,7,0.02765135521069169,0.015948424115777016,0.0013297548873543975,0.00036358425859361887
rnn-mae-0.0001-s44,rnn,base,44,mae,0.0001,8,0.028138799238950015,0.014677722007036209,0.0013040493775042705,0.00032515672501176596
rnn-mae-0.0001-s44,rnn,base,44,mae,0.0001,9,0.02550515817478299,0.013646849431097507,0.00113944951321173,0.0002782311930786818
rnn-mae-0.0001-s44,rnn,base,44,mae,0.0001,10,0.023725631665438413,0.01782228797674179,0.0010053742969466839,0.00044336862629279494
rnn-mae-0.0001-s44,rnn,base,44,mae,0.0001,11,0.026645752638578414,0.017774127423763275,0.001338194397976622,0.0004419453616719693
rnn-mae-0.0001-s44,rnn,base,44,mae,0.0001,12,0.021409188359975816,0.01186097227036953,0.0008882194571197033,0.0002336281759198755
rnn-mae-0.0001-s44,rnn,base,44,mae,0.0001,13,0.01977740252390504,0.018680693581700325,0.0007847307963311323,0.0005024403217248619
rnn-mae-0.0001-s44,rnn,base,44,mae,0.0001,14,0.0222925160638988,0.015298435464501381,0.001041053661610931,0.0003084867785219103
rnn-mae-0.0001-s44,rnn,base,44,mae,0.0001,15,0.01866005325689912,0.014632662758231163,0.000763705950921576,0.0002750580315478146
rnn-mae-0.0001-s44,rnn,base,44,mae,0.0001,16,0.017998558152467013,0.013133877888321877,0.0006708471197634935,0.00024195229343604296
rnn-mae-0.0001-s44,rnn,base,44,mae,0.0001,17,0.019373243898153304,0.013258658349514008,0.0006212594237877056,0.00024237341131083667
rnn-mae-0.0001-s44,rnn,base,44,mae,0.0001,18,0.018950032144784926,0.015327943488955498,0.0007251621165778488,0.000313691096380353
rnn-mae-0.0001-s44,rnn,base,44,mae,0.0001,19,0.018379798084497453,0.012574177235364914,0.0006013881071703508,0.00024790180032141507
rnn-mae-0.0001-s44,rnn,base,44,mae,0.0001,20,0.017328868955373763,0.015378898940980434,0.0005753879819530994,0.00032192427897825837
rnn-mae-0.0001-s44,rnn,base,44,mae,0.0001,21,0.017560230642557142,0.012532048858702183,0.0005649952514795586,0.00023363465152215213
rnn-mae-0.0001-s44,rnn,base,44,mae,0.0001,22,0.0162950299680233,0.014142021536827087,0.00053736652713269,0.00026852558949030936
rnn-mae-0.0001-s44,rnn,base,44,mae,0.0001,23,0.017198561877012252,0.012485816143453121,0.000514585415367037,0.0002286153321620077
rnn-mae-0.0001-s44,rnn,base,44,mae,0.0001,24,0.015546865910291672,0.013953776098787785,0.0005029854041640647,0.0002648903173394501
rnn-mae-0.0001-s44,rnn,base,44,mae,0.0001,25,0.016616375595331193,0.012667426839470863,0.00048263315577059987,0.00022910746338311583
rnn-mae-0.0001-s44,rnn,base,44,mae,0.0001,26,0.015437258370220662,0.01424539927393198,0.0004839179647387937,0.00028124090749770403
rnn-mae-0.0001-s44,rnn,base,44,mae,0.0001,27,0.01683700308203697,0.013425835408270359,0.0004748590337112546,0.0002619475999381393
rnn-mae-0.0001-s44,rnn,base,44,mae,0.0001,28,0.015093339271843434,0.014497310854494572,0.0004224832798354328,0.0003009756619576365
rnn-mae-0.0001-s44,rnn,base,44,mae,0.0001,29,0.015700022429227828,0.01411531027406454,0.0004246923595201224,0.0002837319334503263
rnn-mae-0.0001-s44,rnn,base,44,mae,0.0001,30,0.01479460645467043,0.014729524031281471,0.000382591902744025,0.0003269576991442591
rnn-mae-0.001-s42,rnn,base,42,mae,0.001,1,0.1356107449531555,0.15133853256702423,0.02809066779911518,0.03293759375810623
rnn-mae-0.001-s42,rnn,base,42,mae,0.001,2,0.16067936539649963,0.05572418496012688,0.030824963450431824,0.006361784879118204
rnn-mae-0.001-s42,rnn,base,42,mae,0.001,3,0.03934128660708666,0.11912292242050171,0.0022145645949058234,0.014510423876345158
rnn-mae-0.001-s42,rnn,base,42,mae,0.001,4,0.14687355637550353,0.029585018754005432,0.02293501138687134,0.0016838186420500278
rnn-mae-0.001-s42,rnn,base,42,mae,0.001,5,0.04539417207241058,0.11637133359909058,0.0034860999695956706,0.015112015418708324
rnn-mae-0.001-s42,rnn,base,42,mae,0.001,6,0.08120870351791382,0.027050254866480827,0.01049512421246618,0.0009290012530982494
rnn-mae-0.001-s42,rnn,base,42,mae,0.001,7,0.0395650278031826,0.015588916838169098,0.0020780566602479665,0.0003582414356060326
rnn-mae-0.001-s42,rnn,base,42,mae,0.001,8,0.028149649798870087,0.03385620191693306,0.001271517165005207,0.001425161142833531
rnn-mae-0.001-s42,rnn,base,42,mae,0.001,9,0.028240758422762156,0.038908835500478745,0.0011641263024648651,0.0017984603764489293
rnn-mae-0.001-s42,rnn,base,42,mae,0.001,10,0.03406074792146683,0.02865958772599697,0.0014497927483171226,0.0009704178664833307
rnn-mae-0.001-s42,rnn,base,42,mae,0.001,11,0.016723914090543985,0.02773977629840374,0.00042719417746411636,0.0010960607323795557
rnn-mae-0.001-s42,rnn,base,42,mae,0.001,12,0.020299539212137462,0.017686543986201286,0.0005885391299671027,0.00041715847328305244
rnn-mae-0.001-s42,rnn,base,42,mae,0.001,13,0.021793807446956633,0.011343634687364101,0.0008190900017507374,0.00020314262656029314
rnn-mae-0.001-s42,rnn,base,42,mae,0.001,14,0.013411306086927652,0.015169927850365639,0.00034123467674362473,0.00033920706482604146
rnn-mae-0.001-s42,rnn,base,42,mae,0.001,15,0.013414857983589172,0.02574850805103779,0.0003376100352033973,0.000893504242412746
rnn-mae-0.001-s42,rnn,base,42,mae,0.001,16,0.020651761144399643,0.02649756893515587,0.0005475684138946236,0.0009587351232767105
rnn-mae-0.001-s42,rnn,base,42,mae,0.001,17,0.020172541979700327,0.01681675761938095,0.0005731665884377435,0.00039686818490736187
rnn-mae-0.001-s42,rnn,base,42,mae,0.001,18,0.014443901646882296,0.023670921102166176,0.00035147927759680896,0.0008103445870801806
rnn-mae-0.001-s42,rnn,base,42,mae,0.001,19,0.02712881028652191,0.011639957316219807,0.0009392991126514972,0.0002072753122774884
rnn-mae-0.001-s42,rnn,base,42,mae,0.001,20,0.021784680727869273,0.0113405492156744,0.0007130152385798283,0.00021067156922072172
rnn-mae-0.001-s42,rnn,base,42,mae,0.001,21,0.02258344829082489,0.021657073870301247,0.0006897443626075983,0.0006552361883223057
rnn-mae-0.001-s42,rnn,base,42,mae,0.001,22,0.02163153573870659,0.018092596903443336,0.000627043186686933,0.0005325692472979426
rnn-mae-0.001-s42,rnn,base,42,mae,0.001,23,0.01383121743798256,0.023868629708886147,0.0003180960920872167,0.0007770373485982418
rnn-mae-0.001-s42,rnn,base,42,mae,0.001,24,0.020964634716510774,0.01824549213051796,0.0005542477848939597,0.00045779734500683844
rnn-mae-0.001-s42,rnn,base,42,mae,0.001,25,0.012479664925485849,0.01550969760864973,0.0002573312561435159,0.0003695815976243466
rnn-mae-0.001-s42,rnn,base,42,mae,0.001,26,0.011715287119150162,0.009905385784804821,0.0002321855488116853,0.0001621533592697233
rnn-mae-0.001-s42,rnn,base,42,mae,0.001,27,0.02409977972507477,0.01369069516658783,0.0007601888151839376,0.00032059013028629124
rnn-mae-0.001-s42,rnn,base,42,mae,0.001,28,0.010941277164965868,0.011433041654527187,0.0002267812582431361,0.00020523501734714955
rnn-mae-0.001-s42,rnn,base,42,mae,0.001,29,0.02162949487566948,0.026174284517765045,0.0006152850110083818,0.0009851756040006876
rnn-mae-0.001-s42,rnn,base,42,mae,0.001,30,0.016889813542366027,0.01695268787443638,0.00035852824163157493,0.00042215228313580155
rnn-mae-0.001-s43,rnn,base,43,mae,0.001,1,0.14025478839874267,0.06971012055873871,0.022695723325014114,0.004945623222738504
rnn-mae-0.001-s43,rnn,base,43,mae,0.001,2,0.1032446551322937,0.053625017404556274,0.013705977126955987,0.003940429072827101
rnn-mae-0.001-s43,rnn,base,43,mae,0.001,3,0.0590134984254837,0.011279351077973843,0.004426152482628822,0.00020900016534142196
rnn-mae-0.001-s43,rnn,base,43,mae,0.001,4,0.04500048495829105,0.014249000698328018,0.0031483664820552803,0.00030583879561163485
rnn-mae-0.001-s43,rnn,base,43,mae,0.001,5,0.032218366265296935,0.015098766423761845,0.0014673092588782311,0.00028236143407411873
rnn-mae-0.001-s43,rnn,base,43,mae,0.001,6,0.029536378383636475,0.02087469957768917,0.0011992462538182736,0.0005369797581806779
rnn-mae-0.001-s43,rnn,base,43,mae,0.001,7,0.02615709066390991,0.014773915521800518,0.0009167070128023625,0.0002642715408001095
rnn-mae-0.001-s43,rnn,base,43,mae,0.001,8,0.027197788655757903,0.02451690472662449,0.0009339914424344898,0.0006911064265295863
rnn-mae-0.001-s43,rnn,base,43,mae,0.001,9,0.018679078668355942,0.008329366333782673,0.00045993979554623363,0.0001048260455718264
rnn-mae-0.001-s43,rnn,base,43,mae,0.001,10,0.02338436633348465,0.015154552645981312,0.0007339565549045801,0.0003193157317582518
rnn-mae-0.001-s43,rnn,base,43,mae,0.001,11,0.01784883886575699,0.008385214023292065,0.00044895209604874255,0.00010668518370948732
rnn-mae-0.001-s43,rnn,base,43,mae,0.001,12,0.02381381019949913,0.023758793249726295,0.0007701220223680138,0.0006637847400270402
rnn-mae-0.001-s43,rnn,base,43,mae,0.001,13,0.015601762160658837,0.007909998297691345,0.000335564847337082,0.00010310512880096212
rnn-mae-0.001-s43,rnn,base,43,mae,0.001,14,0.020303442180156707,0.012786278501152992,0.0005908714653924108,0.00026329245883971453
rnn-mae-0.001-s43,rnn,base,43,mae,0.001,15,0.015369375608861447,0.008083175867795944,0.00035184763255529105,0.00010190458851866424
rnn-mae-0.001-s43,rnn,base,43,mae,0.001,16,0.02220888465642929,0.017976436764001846,0.0006931935157626867,0.0004316563135944307
rnn-mae-0.001-s43,rnn,base,43,mae,0.001,17,0.014480000399053096,0.008190770633518696,0.0002951687772292644,9.901281737256795e-05
rnn-mae-0.001-s43,rnn,base,43,mae,0.001,18,0.021801915168762207,0.02157716453075409,0.0006423051841557025,0.0005830223672091961
rnn-mae-0.001-s43,rnn,base,43,mae,0.001,19,0.013280092105269432,0.008598392829298973,0.00025327111536171287,0.00013244699221104383
rnn-mae-0.001-s43,rnn,base,43,mae,0.001,20,0.01644902743399143,0.014806394465267658,0.0003865915862843394,0.0003384736191947013
rnn-mae-0.001-s43,rnn,base,43,mae,0.001,21,0.017472622692584993,0.009483802132308483,0.0004295836994424462,0.0001673034275881946
rnn-mae-0.001-s43,rnn,base,43,mae,0.001,22,0.017943869456648828,0.02398822084069252,0.0004629034735262394,0.0007668553735129535
rnn-mae-0.001-s43,rnn,base,43,mae,0.001,23,0.014197955392301082,0.00904925912618637,0.00028285351232625543,0.00017224627663381398
rnn-mae-0.001-s43,rnn,base,43,mae,0.001,24,0.01605750113725662,0.011504247784614563,0.0003741856315173209,0.00022918154718354344
rnn-mae-0.001-s43,rnn,base,43,mae,0.001,25,0.012800820171833038,0.009298212826251984,0.0002621716307476163,0.00017482100520282984
rnn-mae-0.001-s43,rnn,base,43,mae,0.001,26,0.0178616301715374,0.011894786730408669,0.00046184607781469823,0.000248696276685223
rnn-mae-0.001-s43,rnn,base,43,mae,0.001,27,0.014000090844929218,0.008939488790929317,0.0002983838820364326,0.0001325166376773268
rnn-mae-0.001-s43,rnn,base,43,mae,0.001,28,0.01894098348915577,0.022344833239912987,0.00048020004061982035,0.000689702748786658
rnn-mae-0.001-s43,rnn,base,43,mae,0.001,29,0.013328965045511723,0.00997965969145298,0.0002532828092807904,0.0001986889255931601
rnn-mae-0.001-s43,rnn,base,43,mae,0.001,30,0.013522583916783333,0.017364971339702606,0.0002836052316706628,0.0004489260318223387
rnn-mae-0.001-s44,rnn,base,44,mae,0.001,1,0.2609122323989868,0.05897775664925575,0.09158902026712895,0.0046654557809233665
rnn-mae-0.001-s44,rnn,base,44,mae,0.001,2,0.2615163314342499,0.21369631588459015,0.09308931723237038,0.052464038133621216
rnn-mae-0.001-s44,rnn,base,44,mae,0.001,3,0.11428682208061218,0.2514106333255768,0.018039057068526744,0.06622504442930222
rnn-mae-0.001-s44,rnn,base,44,mae,0.001,4,0.24499505400657653,0.16964030265808105,0.06392669923603535,0.03178199753165245
rnn-mae-0.001-s44,rnn,base,44,mae,0.001,5,0.11618607640266418,0.04441666603088379,0.020107316002249718,0.00430601229891181
rnn-mae-0.001-s44,rnn,base,44,mae,0.001,6,0.07636725008487702,0.030246363952755928,0.008578118421137332,0.0016933550359681249
rnn-mae-0.001-s44,rnn,base,44,mae,0.001,7,0.0231858591735363,0.017797762528061867,0.00103892813436687,0.00048338781925849617
rnn-mae-0.001-s44,rnn,base,44,mae,0.001,8,0.020379207916557788,0.02150155045092106,0.0007479376834817231,0.000601344567257911
rnn-mae-0.001-s44,rnn,base,44,mae,0.001,9,0.031157081425189973,0.014438270591199398,0.0013355925725772977,0.0003353921929374337
rnn-mae-0.001-s44,rnn,base,44,mae,0.001,10,0.016189593523740768,0.026117809116840363,0.0005033683776855469,0.0007946003461256623
rnn-mae-0.001-s44,rnn,base,44,mae,0.001,11,0.02332754448056221,0.016877014189958572,0.0008451285783667117,0.0004285138566046953
rnn-mae-0.001-s44,rnn,base,44,mae,0.001,12,0.019176152534782887,0.01954813115298748,0.0005302094772923738,0.0005526364548131824
rnn-mae-0.001-s44,rnn,base,44,mae,0.001,13,0.02270764999091625,0.010047734715044498,0.0006690654781414196,0.00014589527563657612
rnn-mae-0.001-s44,rnn,base,44,mae,0.001,14,0.013319463953375816,0.010140121914446354,0.0003413027751957998,0.00014774205919820815
rnn-mae-0.001-s44,rnn,base,44,mae,0.001,15,0.016452239975333214,0.010390468873083591,0.00040734990092460065,0.00018792318587657064
rnn-mae-0.001-s44,rnn,base,44,mae,0.001,16,0.014118137322366237,0.01130836270749569,0.00032918153330683706,0.00021307272254489362
rnn-mae-0.001-s44,rnn,base,44,mae,0.001,17,0.012718153223395347,0.015120825730264187,0.0002695594754186459,0.000344490836141631
rnn-mae-0.001-s44,rnn,base,44,mae,0.001,18,0.01437276653945446,0.00999753549695015,0.00029805825382936743,0.00015101135068107396
rnn-mae-0.001-s44,rnn,base,44,mae,0.001,19,0.016189350932836532,0.016038397327065468,0.0003921341965906322,0.00036693346919491887
rnn-mae-0.001-s44,rnn,base,44,mae,0.001,20,0.023365305550396443,0.03277239203453064,0.0007740135077619925,0.0014971854398027062
rnn-mae-0.001-s44,rnn,base,44,mae,0.001,21,0.03643240168690681,0.017285598441958427,0.0015933965321164578,0.0004100996011402458
rnn-mae-0.001-s44,rnn,base,44,mae,0.001,22,0.0358479006588459,0.033174190670251846,0.001783467074856162,0.001387480995617807
rnn-mae-0.001-s44,rnn,base,44,mae,0.001,23,0.022099695280194284,0.032263077795505524,0.0006638040416873991,0.001451949356123805
rnn-mae-0.001-s44,rnn,base,44,mae,0.001,24,0.025273637026548387,0.013608911074697971,0.0008693912951275707,0.00025872865808196366
rnn-mae-0.001-s44,rnn,base,44,mae,0.001,25,0.016842150911688804,0.008902383036911488,0.0004184029361931607,0.00013304159801919013
rnn-mae-0.001-s44,rnn,base,44,mae,0.001,26,0.01207350928336382,0.009494950994849205,0.0002725055010523647,0.00013164975098334253
rnn-mae-0.001-s44,rnn,base,44,mae,0.001,27,0.024974202811717985,0.011319908313453197,0.0008634116407483816,0.00024306244449689984
rnn-mae-0.001-s44,rnn,base,44,mae,0.001,28,0.015107990093529224,0.01178502943366766,0.0003717061143834144,0.00020009458239655942
rnn-mae-0.001-s44,rnn,base,44,mae,0.001,29,0.02368545323610306,0.025621872395277023,0.0007767929136753083,0.0008290499681606889
rnn-mae-0.001-s44,rnn,base,44,mae,0.001,30,0.016917900927364827,0.01316942647099495,0.0004247106256661937,0.0002566114708315581
rnn-huber-0.0001-s42,rnn,base,42,huber,0.0001,1,0.30983957290649417,0.1212148368358612,0.10083297789096832,0.026844236999750137
rnn-huber-0.0001-s42,rnn,base,42,huber,0.0001,2,0.12210060715675354,0.11423564702272415,0.019137243330478667,0.013845160603523254
rnn-huber-0.0001-s42,rnn,base,42,huber,0.0001,3,0.06442935198545456,0.16497811675071716,0.006043959851958789,0.03523150831460953
rnn-huber-0.0001-s42,rnn,base,42,huber,0.0001,4,0.12150216326117516,0.18667806684970856,0.01951805779710412,0.041701413691043854
rnn-huber-0.0001-s42,rnn,base,42,huber,0.0001,5,0.11926942214369773,0.13290081918239594,0.02035884646233171,0.02437739446759224
rnn-huber-0.0001-s42,rnn,base,42,huber,0.0001,6,0.08668498128652573,0.09788089245557785,0.010660532340407371,0.010985489003360271
rnn-huber-0.0001-s42,rnn,base,42,huber,0.0001,7,0.0712471529841423,0.08339502662420273,0.005965542085468769,0.00717617804184556
rnn-huber-0.0001-s42,rnn,base,42,huber,0.0001,8,0.060747239589691165,0.07572754472494125,0.00450887581333518,0.00596520584076643
rnn-huber-0.0001-s42,rnn,base,42,huber,0.0001,9,0.04920940220355988,0.07250305265188217,0.0029669395461678506,0.006150791421532631
rnn-huber-0.0001-s42,rnn,base,42,huber,0.0001,10,0.03808607943356037,0.07428344339132309,0.0019728916743770243,0.007770489435642958
rnn-huber-0.0001-s42,rnn,base,42,huber,0.0001,11,0.03941772487014532,0.07401662319898605,0.0023092979297507556,0.007276254706084728
rnn-huber-0.0001-s42,rnn,base,42,huber,0.0001,12,0.03448684012517333,0.048844482749700546,0.0017584294328116812,0.003243681276217103
rnn-huber-0.0001-s42,rnn,base,42,huber,0.0001,13,0.02449510708451271,0.03463766723871231,0.0008834690228104591,0.0016037077875807881
rnn-huber-0.0001-s42,rnn,base,42,huber,0.0001,14,0.01827849818393588,0.038302067667245865,0.0006871610140660778,0.002028342103585601
rnn-huber-0.0001-s42,rnn,base,42,huber,0.0001,15,0.017370831966400147,0.03360700607299805,0.0005896982341073453,0.0015590311959385872
rnn-huber-0.0001-s42,rnn,base,42,huber,0.0001,16,0.016962045338004827,0.02675051800906658,0.0006660777957586106,0.0009757767547853291
rnn-huber-0.0001-s42,rnn,base,42,huber,0.0001,17,0.018611778747290374,0.03149779140949249,0.0007906372047727928,0.0013799320440739393
rnn-huber-0.0001-s42,rnn,base,42,huber,0.0001,18,0.016185137312859296,0.03396674245595932,0.0006029646040406078,0.0015985084464773536
rnn-huber-0.0001-s42,rnn,base,42,huber,0.0001,19,0.01596718469634652,0.03354927524924278,0.0005780012895411346,0.0015303930267691612
rnn-huber-0.0001-s42,rnn,base,42,huber,0.0001,20,0.015182011406868695,0.036446232348680496,0.0005348585454339627,0.0018462003208696842
rnn-huber-0.0001-s42,rnn,base,42,huber,0.0001,21,0.015506324749439955,0.03369620442390442,0.0005121571786003187,0.0015558024169877172
rnn-huber-0.0001-s42,rnn,base,42,huber,0.0001,22,0.014514673259109259,0.033042795956134796,0.0005151495362952119,0.0015073399990797043
rnn-huber-0.0001-s42,rnn,base,42,huber,0.0001,23,0.014052928369492292,0.032479025423526764,0.0004991698843514314,0.0014643305912613869
rnn-huber-0.0001-s42,rnn,base,42,huber,0.0001,24,0.013945269491523504,0.031699903309345245,0.0005058604312580429,0.0013882528292015195
rnn-huber-0.0001-s42,rnn,base,42,huber,0.0001,25,0.01373910902068019,0.03323566913604736,0.0004935937916161492,0.0015393905341625214
rnn-huber-0.0001-s42,rnn,base,42,huber,0.0001,26,0.013455064725130797,0.03322688862681389,0.0004681162976157793,0.0015295386547222733
rnn-huber-0.0001-s42,rnn,base,42,huber,0.0001,27,0.013170615043491126,0.034348197281360626,0.0004487932313350029,0.0016462684143334627
rnn-huber-0.0001-s42,rnn,base,42,huber,0.0001,28,0.012985489573329687,0.033837445080280304,0.0004284558899598778,0.0015940776793286204
rnn-huber-0.0001-s42,rnn,base,42,huber,0.0001,29,0.012707613315433264,0.03394649922847748,0.0004183451428980334,0.0016128264833241701
rnn-huber-0.0001-s42,rnn,base,42,huber,0.0001,30,0.012506992276757955,0.03343786671757698,0.0004071751301762561,0.0015662780497223139
rnn-huber-0.0001-s43,rnn,base,43,huber,0.0001,1,0.10964283525943756,0.04397625848650932,0.013035072535276413,0.0022682121489197016
rnn-huber-0.0001-s43,rnn,base,43,huber,0.0001,2,0.025480003282427787,0.062033671885728836,0.0011691841937135905,0.005277638323605061
rnn-huber-0.0001-s43,rnn,base,43,huber,0.0001,3,0.055936709567904475,0.049245547503232956,0.004265738051617518,0.003144152695313096
rnn-huber-0.0001-s43,rnn,base,43,huber,0.0001,4,0.03863636732101441,0.036403484642505646,0.0020737877488136293,0.0015353612834587693
rnn-huber-0.0001-s43,rnn,base,43,huber,0.0001,5,0.028969330191612245,0.033611960709095,0.0011891165282577275,0.0012618043692782521
rnn-huber-0.0001-s43,rnn,base,43,huber,0.0001,6,0.02064917080104351,0.03562498092651367,0.0007193768006982282,0.0015957937575876713
rnn-huber-0.0001-s43,rnn,base,43,huber,0.0001,7,0.025498762652277948,0.03118082508444786,0.0011429321038303897,0.0012447559274733067
rnn-huber-0.0001-s43,rnn,base,43,huber,0.0001,8,0.019988179802894593,0.022778917104005814,0.0007424774765968323,0.0006273685139603913
rnn-huber-0.0001-s43,rnn,base,43,huber,0.0001,9,0.018803103789687158,0.021684961393475533,0.0005752238282002508,0.0005553550436161458
rnn-huber-0.0001-s43,rnn,base,43,huber,0.0001,10,0.01890875566750765,0.021177174523472786,0.0006045815523248166,0.0005708113894797862
rnn-huber-0.0001-s43,rnn,base,43,huber,0.0001,11,0.017291560098528863,0.017967265099287033,0.0005334033054532483,0.0004045525856781751
rnn-huber-0.0001-s43,rnn,base,43,huber,0.0001,12,0.017389538809657098,0.017946407198905945,0.0005000435610418208,0.0003986490482930094
rnn-huber-0.0001-s43,rnn,base,43,huber,0.0001,13,0.016856521889567374,0.018574682995676994,0.0004901505683665164,0.00042969052447006106
rnn-huber-0.0001-s43,rnn,base,43,huber,0.0001,14,0.015581252500414849,0.017800157889723778,0.0004367844291846268,0.00039248118991963565
rnn-huber-0.0001-s43,rnn,base,43,huber,0.0001,15,0.015060519501566887,0.018233494833111763,0.00040205219469498845,0.00040971310227178037
rnn-huber-0.0001-s43,rnn,base,43,huber,0.0001,16,0.014706914965063333,0.01769174076616764,0.00041268630913691593,0.00038404521183110774
rnn-huber-0.0001-s43,rnn,base,43,huber,0.0001,17,0.014321347121149302,0.016884146258234978,0.0003720311183133163,0.0003551841073203832
rnn-huber-0.0001-s43,rnn,base,43,huber,0.0001,18,0.013882647100836039,0.01624228060245514,0.00036444576922804115,0.00032922966056503356
rnn-huber-0.0001-s43,rnn,base,43,huber,0.0001,19,0.013631612602621317,0.01524272933602333,0.0003393973842321429,0.0003033988468814641
rnn-huber-0.0001-s43,rnn,base,43,huber,0.0001,20,0.013232421521097422,0.014626694843173027,0.000337454062391771,0.0002861847751773894
rnn-huber-0.0001-s43,rnn,base,43,huber,0.0001,21,0.013139110747724772,0.014132065698504448,0.0003142379857308697,0.0002772684092633426
rnn-huber-0.0001-s43,rnn,base,43,huber,0.0001,22,0.013250410128384828,0.013883811421692371,0.00033351378806401044,0.0002683530910871923
rnn-huber-0.0001-s43,rnn,base,43,huber,0.0001,23,0.013692202400416137,0.013548762537539005,0.0003127696021692827,0.00027669573319144547
rnn-huber-0.0001-s43,rnn,base,43,huber,0.0001,24,0.013389250338077545,0.013549434021115303,0.00032772026024758817,0.00025273876963183284
rnn-huber-0.0001-s43,rnn,base,43,huber,0.0001,25,0.013984177634119988,0.013208413496613503,0.0003139159799320623,0.0002861384709831327
rnn-huber-0.0001-s43,rnn,base,43,huber,0.0001,26,0.013118480294942857,0.013082652352750301,0.0003098067259998061,0.00023658013378735632
rnn-huber-0.0001-s43,rnn,base,43,huber,0.0001,27,0.013709230348467827,0.012896317057311535,0.00030300566082587467,0.0002858937659766525
rnn-huber-0.0001-s43,rnn,base,43,huber,0.0001,28,0.012787554189562797,0.012512106448411942,0.0002917979337507859,0.00022414022532757372
rnn-huber-0.0001-s43,rnn,base,43,huber,0.0001,29,0.013264818489551545,0.012619221583008766,0.0002864843764109537,0.0002753603330347687
rnn-huber-0.0001-s43,rnn,base,43,huber,0.0001,30,0.012426025420427322,0.01216146256774664,0.0002791259161313064,0.00021917260892223567
rnn-huber-0.0001-s44,rnn,base,44,huber,0.0001,1,0.06109428763389588,0.06214146316051483,0.005520832166075707,0.004149167332798243
rnn-huber-0.0001-s44,rnn,base,44,huber,0.0001,2,0.044141707122325895,0.019450761377811432,0.0025109682139009236,0.0005550046917051077
rnn-huber-0.0001-s44,rnn,base,44,huber,0.0001,3,0.04837104542180896,0.03290718421339989,0.0040888203837675975,0.001314526074565947
rnn-huber-0.0001-s44,rnn,base,44,huber,0.0001,4,0.04454151436686516,0.014583969488739967,0.0033651277399621904,0.0002808802528306842
rnn-huber-0.0001-s44,rnn,base,44,huber,0.0001,5,0.029827952831983567,0.015262477099895477,0.00164569468179252,0.0003236680058762431
rnn-huber-0.0001-s44,rnn,base,44,huber,0.0001,6,0.030050708800554275,0.017872804775834084,0.0016791864082915707,0.0004431150737218559
rnn-huber-0.0001-s44,rnn,base,44,huber,0.0001,7,0.026844609621912242,0.014887840487062931,0.0013197046736866014,0.0003281636454630643
rnn-huber-0.0001-s44,rnn,base,44,huber,0.0001,8,0.027260438967496158,0.015172703191637993,0.0012446661313515505,0.000314883393002674
rnn-huber-0.0001-s44,rnn,base,44,huber,0.0001,9,0.024271585494279862,0.015298090875148773,0.0011494117474649102,0.00030110307852737606
rnn-huber-0.0001-s44,rnn,base,44,huber,0.0001,10,0.022790222000330686,0.015020957216620445,0.0009637212293455377,0.00028602147358469665
rnn-huber-0.0001-s44,rnn,base,44,huber,0.0001,11,0.021272882390767335,0.015990640968084335,0.0009930561120563652,0.0003410025965422392
rnn-huber-0.0001-s44,rnn,base,44,huber,0.0001,12,0.020584505051374435,0.014138104394078255,0.0008477876917459071,0.00025694852229207754
rnn-huber-0.0001-s44,rnn,base,44,huber,0.0001,13,0.019692240823060272,0.015768403187394142,0.0008491055113699986,0.0003345551958773285
rnn-huber-0.0001-s44,rnn,base,44,huber,0.0001,14,0.01912977173924446,0.013720827177166939,0.0007419926873990334,0.000242775451624766
rnn-huber-0.0001-s44,rnn,base,44,huber,0.0001,15,0.01827962951734662,0.014474861323833466,0.0007138585735810921,0.0002689613029360771
rnn-huber-0.0001-s44,rnn,base,44,huber,0.0001,16,0.0184672187268734,0.013105057179927826,0.0006159671925706788,0.00023535010404884815
rnn-huber-0.0001-s44,rnn,base,44,huber,0.0001,17,0.017891124933958055,0.014490579254925251,0.0006510207132669165,0.0002742940268944949
rnn-huber-0.0001-s44,rnn,base,44,huber,0.0001,18,0.018187080770730973,0.012411415576934814,0.0005671901494497433,0.00023072115436661988
rnn-huber-0.0001-s44,rnn,base,44,huber,0.0001,19,0.017128781825304033,0.014761580154299736,0.0005742230580653995,0.0002911013434641063
rnn-huber-0.0001-s44,rnn,base,44,huber,0.0001,20,0.017785344570875168,0.012491575442254543,0.0005394850543234497,0.0002363276289543137
rnn-huber-0.0001-s44,rnn,base,44,huber,0.0001,21,0.016177419275045395,0.014552939683198929,0.0005059768655337393,0.0002881161926779896
rnn-huber-0.0001-s44,rnn,base,44,huber,0.0001,22,0.0170199017226696,0.012791227549314499,0.0004959834134206176,0.00023954453354235739
rnn-huber-0.0001-s44,rnn,base,44,huber,0.0001,23,0.01548694834113121,0.014007557183504105,0.0004584053170401603,0.00027188111562281847
rnn-huber-0.0001-s44,rnn,base,44,huber,0.0001,24,0.016095955222845078,0.012990935705602169,0.00044812083884608,0.00023716500436421484
rnn-huber-0.0001-s44,rnn,base,44,huber,0.0001,25,0.014933726340532303,0.013465814292430878,0.000426881032763049,0.00025812425883486867
rnn-huber-0.0001-s44,rnn,base,44,huber,0.0001,26,0.01551473006606102,0.013097099028527737,0.0004174725283519365,0.00023454538313671947
rnn-huber-0.0001-s44,rnn,base,44,huber,0.0001,27,0.014556698650121689,0.013176891021430492,0.00040421185665763916,0.0002523931907489896
rnn-huber-0.0001-s44,rnn,base,44,huber,0.0001,28,0.015341853350400924,0.013260168954730034,0.0004014433256816119,0.00023752875858917832
rnn-huber-0.0001-s44,rnn,base,44,huber,0.0001,29,0.01440598238259554,0.013130436651408672,0.0003851414856035262,0.00025379430735483766
rnn-huber-0.0001-s44,rnn,base,44,huber,0.0001,30,0.015297568589448928,0.013501706533133984,0.0003888830548385158,0.0002477695816196501
rnn-huber-0.001-s42,rnn,base,42,huber,0.001,1,0.1356492131948471,0.16229455173015594,0.028102464266121386,0.036180950701236725
rnn-huber-0.001-s42,rnn,base,42,huber,0.001,2,0.15585256457328797,0.05842621624469757,0.029366197884082793,0.005042991600930691
rnn-huber-0.001-s42,rnn,base,42,huber,0.001,3,0.038380069136619566,0.10803042352199554,0.0020067068422213196,0.011913512833416462
rnn-huber-0.001-s42,rnn,base,42,huber,0.001,4,0.13364915490150453,0.029464086517691612,0.01918028846383095,0.0011437670327723026
rnn-huber-0.001-s42,rnn,base,42,huber,0.001,5,0.035055792927742004,0.06661366671323776,0.00282305724453181,0.005386992357671261
rnn-huber-0.001-s42,rnn,base,42,huber,0.001,6,0.06506553173065185,0.01748214289546013,0.005208158614113927,0.0004496648907661438
rnn-huber-0.001-s42,rnn,base,42,huber,0.001,7,0.017903511673212053,0.013759398832917213,0.0007119014905765653,0.0002722859208006412
rnn-huber-0.001-s42,rnn,base,42,huber,0.001,8,0.01844295397400856,0.02252942882478237,0.0005838007829152048,0.0006412768270820379
rnn-huber-0.001-s42,rnn,base,42,huber,0.001,9,0.03646014273166656,0.027025841176509857,0.0018569316994398832,0.0009050514781847596
rnn-huber-0.001-s42,rnn,base,42,huber,0.001,10,0.01591981440782547,0.031904883682727814,0.00038929514586925505,0.0013821396278217435
rnn-huber-0.001-s42,rnn,base,42,huber,0.001,11,0.025613834708929063,0.01928551122546196,0.0008040577941574157,0.000510541198309511
rnn-huber-0.001-s42,rnn,base,42,huber,0.001,12,0.017682344913482667,0.013599757105112076,0.0004546095978002995,0.0002729163970798254
rnn-huber-0.001-s42,rnn,base,42,huber,0.001,13,0.0200512314774096,0.022076472640037537,0.0006074953937786631,0.0006958276499062777
rnn-huber-0.001-s42,rnn,base,42,huber,0.001,14,0.019329829309135675,0.015550843439996243,0.0005337174827582203,0.00036480629933066666
rnn-huber-0.001-s42,rnn,base,42,huber,0.001,15,0.01918181898072362,0.027493223547935486,0.000547554700751789,0.0010617192601785064
rnn-huber-0.001-s42,rnn,base,42,huber,0.001,16,0.024354035798460245,0.015857571735978127,0.0007814816542668268,0.00038790490361861885
rnn-huber-0.001-s42,rnn,base,42,huber,0.001,17,0.0211809179186821,0.023323705419898033,0.0006487122620455921,0.0007498731720261276
rnn-huber-0.001-s42,rnn,base,42,huber,0.001,18,0.023664883226156234,0.014026032760739326,0.0007262398768216372,0.00029725462081842124
rnn-huber-0.001-s42,rnn,base,42,huber,0.001,19,0.020881658643484114,0.016690922901034355,0.0006389234215021134,0.0004190033650957048
rnn-huber-0.001-s42,rnn,base,42,huber,0.001,20,0.019737417250871657,0.014997433871030807,0.0005566845205612481,0.00034479860914871097
rnn-huber-0.001-s42,rnn,base,42,huber,0.001,21,0.018451393097639084,0.014635714702308178,0.0005210074526257813,0.00031624227995052934
rnn-huber-0.001-s42,rnn,base,42,huber,0.001,22,0.018683317452669143,0.018643109127879143,0.0005007422366179525,0.0004997038631699979
rnn-huber-0.001-s42,rnn,base,42,huber,0.001,23,0.01840641364455223,0.01438044011592865,0.00046706656692549584,0.0003205864049959928
rnn-huber-0.001-s42,rnn,base,42,huber,0.001,24,0.018533939421176912,0.021796269342303276,0.00047217774437740444,0.000664684921503067
rnn-huber-0.001-s42,rnn,base,42,huber,0.001,25,0.017856806814670563,0.014575441367924213,0.00040906981797888875,0.0003302168333902955
rnn-huber-0.001-s42,rnn,base,42,huber,0.001,26,0.016344252228736877,0.019541554152965546,0.0003818130725994706,0.0005428086733445525
rnn-huber-0.001-s42,rnn,base,42,huber,0.001,27,0.017110217958688737,0.01394414622336626,0.0003830380318686366,0.00030429160688072443
rnn-huber-0.001-s42,rnn,base,42,huber,0.001,28,0.016170900613069535,0.017902545630931854,0.00037839800585061313,0.0004672401410061866
rnn-huber-0.001-s42,rnn,base,42,huber,0.001,29,0.016245914399623872,0.013344178907573223,0.00035648678080178796,0.0002819427172653377
rnn-huber-0.001-s42,rnn,base,42,huber,0.001,30,0.01669066518545151,0.018390407785773277,0.00039831761736422775,0.0004884784575551748
rnn-huber-0.001-s43,rnn,base,43,huber,0.001,1,0.14023902773857116,0.06971275806427002,0.022690408453345298,0.0049455296248197556
rnn-huber-0.001-s43,rnn,base,43,huber,0.001,2,0.10354506820440293,0.05262767896056175,0.013786410465836525,0.003764729481190443
rnn-huber-0.001-s43,rnn,base,43,huber,0.001,3,0.0584733310341835,0.009848817251622677,0.004324380960315466,0.0001596091315150261
rnn-huber-0.001-s43,rnn,base,43,huber,0.001,4,0.042677629068493844,0.018568430095911026,0.0028482967341551557,0.00046431107330136
rnn-huber-0.001-s43,rnn,base,43,huber,0.001,5,0.03305638253688812,0.01170531939715147,0.0014625580981373787,0.0001965772098628804
rnn-huber-0.001-s43,rnn,base,43,huber,0.001,6,0.022727569565176964,0.007907850667834282,0.0007343568280339241,9.942547330865636e-05
rnn-huber-0.001-s43,rnn,base,43,huber,0.001,7,0.020137231051921844,0.02351994626224041,0.0006278891250258311,0.0006500871386379004
rnn-huber-0.001-s43,rnn,base,43,huber,0.001,8,0.025620639100670816,0.017684374004602432,0.0008490932104177773,0.0003624589880928397
rnn-huber-0.001-s43,rnn,base,43,huber,0.001,9,0.02655876412987709,0.019739244133234024,0.000935595917981118,0.0004749147337861359
rnn-huber-0.001-s43,rnn,base,43,huber,0.001,10,0.025636525452136995,0.013183449395000935,0.0008836574200540781,0.0002160156873287633
rnn-huber-0.001-s43,rnn,base,43,huber,0.001,11,0.025058223828673364,0.015669656917452812,0.0008426878019236028,0.0003411967190913856
rnn-huber-0.001-s43,rnn,base,43,huber,0.001,12,0.028151775598526,0.007796357851475477,0.0010733088431879878,0.00013746705371886492
rnn-huber-0.001-s43,rnn,base,43,huber,0.001,13,0.019690301418304443,0.011397072114050388,0.0005942881945520639,0.00017730759282130748
rnn-huber-0.001-s43,rnn,base,43,huber,0.001,14,0.02340886741876602,0.02061033435165882,0.0006949951499700546,0.0005379438516683877
rnn-huber-0.001-s43,rnn,base,43,huber,0.001,15,0.018063528388738634,0.01089518517255783,0.000421614283695817,0.00017806273535825312
rnn-huber-0.001-s43,rnn,base,43,huber,0.001,16,0.01542900450527668,0.015076524578034878,0.00034946974250487983,0.00034697933006100357
rnn-huber-0.001-s43,rnn,base,43,huber,0.001,17,0.016702005565166475,0.010545429773628712,0.00036741502583026886,0.0001971541641978547
rnn-huber-0.001-s43,rnn,base,43,huber,0.001,18,0.016064709797501565,0.008348609320819378,0.00038445148151367904,0.00011476832150947303
rnn-huber-0.001-s43,rnn,base,43,huber,0.001,19,0.014273688793182374,0.011123070493340492,0.0003359768231166527,0.00022014862042851746
rnn-huber-0.001-s43,rnn,base,43,huber,0.001,20,0.015799502953886987,0.008699220605194569,0.00037420998560264704,0.0001508181303506717
rnn-huber-0.001-s43,rnn,base,43,huber,0.001,21,0.015763842575252054,0.015611598268151283,0.00038103776110801844,0.00037418334977701306
rnn-huber-0.001-s43,rnn,base,43,huber,0.001,22,0.01609094299376011,0.008942818269133568,0.0003757495136233047,0.00016313392552547157
rnn-huber-0.001-s43,rnn,base,43,huber,0.001,23,0.015139383971691131,0.01406578067690134,0.00035899018635973337,0.0003197587502654642
rnn-huber-0.001-s43,rnn,base,43,huber,0.001,24,0.016871373504400253,0.008712729439139366,0.00040443959122058,0.00014051483594812453
rnn-huber-0.001-s43,rnn,base,43,huber,0.001,25,0.014860890097916126,0.014882812276482582,0.0003492668829858303,0.00034741617855615914
rnn-huber-0.001-s43,rnn,base,43,huber,0.001,26,0.01580884858965874,0.009140385314822197,0.00036123962490819395,0.00018254111637361348
rnn-huber-0.001-s43,rnn,base,43,huber,0.001,27,0.015064048431813717,0.015220031142234802,0.00035458376398310064,0.00036196879227645695
rnn-huber-0.001-s43,rnn,base,43,huber,0.001,28,0.016258102282881735,0.008970525115728378,0.00037793317227624357,0.00017818754713516682
rnn-huber-0.001-s43,rnn,base,43,huber,0.001,29,0.014726366996765137,0.013531812466681004,0.00034220985835418103,0.00029996756347827613
rnn-huber-0.001-s43,rnn,base,43,huber,0.001,30,0.01606886148452759,0.009737782180309296,0.00037716294988058505,0.00019823834009002894
rnn-huber-0.001-s44,rnn,base,44,huber,0.001,1,0.25919146358966827,0.05521935224533081,0.09048578582704067,0.004964825697243214
rnn-huber-0.001-s44,rnn,base,44,huber,0.001,2,0.26832265019416807,0.22794528305530548,0.09951724164187908,0.05870054289698601
rnn-huber-0.001-s44,rnn,base,44,huber,0.001,3,0.1266383346915245,0.23976796865463257,0.02106738917529583,0.06048799678683281
rnn-huber-0.001-s44,rnn,base,44,huber,0.001,4,0.23362866759300233,0.1574406921863556,0.05842483043670654,0.02777242846786976
rnn-huber-0.001-s44,rnn,base,44,huber,0.001,5,0.11411461412906647,0.051617108285427094,0.018415964394807815,0.005341893993318081
rnn-huber-0.001-s44,rnn,base,44,huber,0.001,6,0.07508009135723114,0.02848733961582184,0.008721052445471287,0.0013330064248293638
rnn-huber-0.001-s44,rnn,base,44,huber,0.001,7,0.027669037356972695,0.02352091111242771,0.0010700060240924358,0.0007656872621737421
rnn-huber-0.001-s44,rnn,base,44,huber,0.001,8,0.02244450468569994,0.026427188888192177,0.0009041719604283571,0.0008753170841373503
rnn-huber-0.001-s44,rnn,base,44,huber,0.001,9,0.032124699354171754,0.01171843707561493,0.0014276875043287872,0.00021772504260297865
rnn-huber-0.001-s44,rnn,base,44,huber,0.001,10,0.01571135237812996,0.02040303684771061,0.0005120194633491338,0.0005000546807423234
rnn-huber-0.001-s44,rnn,base,44,huber,0.001,11,0.021256604939699175,0.015560172498226166,0.0006838742271065712,0.0003768080205190927
rnn-huber-0.001-s44,rnn,base,44,huber,0.001,12,0.022309347838163376,0.01534392312169075,0.0006658352073282003,0.00035339430905878544
rnn-huber-0.001-s44,rnn,base,44,huber,0.001,13,0.018554179891943932,0.010807890444993973,0.00047107556543778627,0.0001738463615765795
rnn-huber-0.001-s44,rnn,base,44,huber,0.001,14,0.014608219526708125,0.008977443911135197,0.00040290443226695063,0.0001390585384797305
rnn-huber-0.001-s44,rnn,base,44,huber,0.001,15,0.019734051674604416,0.015223837457597256,0.0005614615546073765,0.00029158758115954697
rnn-huber-0.001-s44,rnn,base,44,huber,0.001,16,0.01798388235270977,0.017210498452186584,0.0005620049007120543,0.0004432820715010166
rnn-huber-0.001-s44,rnn,base,44,huber,0.001,17,0.017075645849108697,0.013175132684409618,0.0004210896391305141,0.00025724273291416466
rnn-huber-0.001-s44,rnn,base,44,huber,0.001,18,0.014318560883402824,0.017951076850295067,0.00035728149290662256,0.0004756440466735512
rnn-huber-0.001-s44,rnn,base,44,huber,0.001,19,0.01644042454659939,0.016436487436294556,0.00038644034240860494,0.00034214428160339594
rnn-huber-0.001-s44,rnn,base,44,huber,0.001,20,0.015610398799180985,0.012363706715404987,0.0004357935127336532,0.0002562773588579148
rnn-huber-0.001-s44,rnn,base,44,huber,0.001,21,0.012955056373029947,0.011570950038731098,0.0002609966686577536,0.00023049628362059593
rnn-huber-0.001-s44,rnn,base,44,huber,0.001,22,0.012843337301164865,0.013540353626012802,0.0002638586741522886,0.0002578780404292047
rnn-huber-0.001-s44,rnn,base,44,huber,0.001,23,0.013397496286779642,0.014309672638773918,0.0003339210752164945,0.0003141748602502048
rnn-huber-0.001-s44,rnn,base,44,huber,0.001,24,0.01422338917851448,0.015270532108843327,0.00028599662473425267,0.00035132025368511677
rnn-huber-0.001-s44,rnn,base,44,huber,0.001,25,0.01602765256538987,0.021425463259220123,0.00036293628349085336,0.0005293280119076371
rnn-huber-0.001-s44,rnn,base,44,huber,0.001,26,0.019631887227296828,0.012464434839785099,0.0006237823190167547,0.00025699101388454437
rnn-huber-0.001-s44,rnn,base,44,huber,0.001,27,0.01244111144915223,0.015919547528028488,0.00024123100796714426,0.00037527663516812027
rnn-huber-0.001-s44,rnn,base,44,huber,0.001,28,0.013022333029657602,0.011886253021657467,0.0002650734648341313,0.0002116949763149023
rnn-huber-0.001-s44,rnn,base,44,huber,0.001,29,0.013173109125345946,0.01225245464593172,0.00029438294208375735,0.000228982898988761
rnn-huber-0.001-s44,rnn,base,44,huber,0.001,30,0.013602297846227884,0.023079967126250267,0.00030563402993720955,0.0007439284818246961
lstm-mse-0.0001-s42,lstm,base,42,mse,0.0001,1,0.09104906022548676,0.0679473802447319,0.010723224580287934,0.004896126221865416
lstm-mse-0.0001-s42,lstm,base,42,mse,0.0001,2,0.05814733698964119,0.07677120715379715,0.004322730264975689,0.008157563395798206
lstm-mse-0.0001-s42,lstm,base,42,mse,0.0001,3,0.057127779573202135,0.07809817045927048,0.004913891577161849,0.007606469094753265
lstm-mse-0.0001-s42,lstm,base,42,mse,0.0001,4,0.05107810724526644,0.0518108531832695,0.004027823872165754,0.003549875458702445
lstm-mse-0.0001-s42,lstm,base,42,mse,0.0001,5,0.039308611303567886,0.027041539549827576,0.0021636005933396516,0.0010379742598161101
lstm-mse-0.0001-s42,lstm,base,42,mse,0.0001,6,0.032108617275953294,0.017461134120821953,0.001464577056467533,0.0004367184010334313
lstm-mse-0.0001-s42,lstm,base,42,mse,0.0001,7,0.025778617057949305,0.018446894362568855,0.00102487116062548,0.00047341949539259076
lstm-mse-0.0001-s42,lstm,base,42,mse,0.0001,8,0.019503206200897693,0.025968313217163086,0.0005867073667468503,0.0008410908631049097
lstm-mse-0.0001-s42,lstm,base,42,mse,0.0001,9,0.01816560983657837,0.02580830827355385,0.0005059828376397491,0.0008377361227758229
lstm-mse-0.0001-s42,lstm,base,42,mse,0.0001,10,0.016521648466587067,0.018025288358330727,0.00043033846653997896,0.0004886677488684654
lstm-mse-0.0001-s42,lstm,base,42,mse,0.0001,11,0.015782024580985307,0.0149683291092515,0.0004034810478333384,0.00034850495285354555
lstm-mse-0.0001-s42,lstm,base,42,mse,0.0001,12,0.01676908606663346,0.015369071625173092,0.00045151060039643197,0.0003684277180582285
lstm-mse-0.0001-s42,lstm,base,42,mse,0.0001,13,0.015338453948497772,0.017173880711197853,0.0003886643284931779,0.0004723619786091149
lstm-mse-0.0001-s42,lstm,base,42,mse,0.0001,14,0.01382284302264452,0.018706204369664192,0.00033209289074875414,0.0005230564274825156
lstm-mse-0.0001-s42,lstm,base,42,mse,0.0001,15,0.013370663467794657,0.016792356967926025,0.0003105445415712893,0.00044276900007389486
lstm-mse-0.0001-s42,lstm,base,42,mse,0.0001,16,0.01307736972346902,0.01513226330280304,0.00029925856419140475,0.0003788593749050051
lstm-mse-0.0001-s42,lstm,base,42,mse,0.0001,17,0.012891856376081706,0.015684543177485466,0.0002939508151030168,0.0003953358391299844
lstm-mse-0.0001-s42,lstm,base,42,mse,0.0001,18,0.012665212396532297,0.017407070845365524,0.0002783384011127055,0.00045282920473255217
lstm-mse-0.0001-s42,lstm,base,42,mse,0.0001,19,0.012929157111793757,0.01769515685737133,0.0002735458282404579,0.0004641673876903951
lstm-mse-0.0001-s42,lstm,base,42,mse,0.0001,20,0.012860515657812356,0.01671956107020378,0.00026943528529955075,0.0004301059525460005
lstm-mse-0.0001-s42,lstm,base,42,mse,0.0001,21,0.012477214131504297,0.016309622675180435,0.0002620963769732043,0.0004194888169877231
lstm-mse-0.0001-s42,lstm,base,42,mse,0.0001,22,0.012266794089227914,0.016918320208787918,0.00025446929670579265,0.00044446272659115493
lstm-mse-0.0001-s42,lstm,base,42,mse,0.0001,23,0.012217463050037623,0.017371634021401405,0.00024831258931953923,0.000465252815047279
lstm-mse-0.0001-s42,lstm,base,42,mse,0.0001,24,0.012123253289610147,0.017130952328443527,0.00024394438871240708,0.00045954951201565564
lstm-mse-0.0001-s42,lstm,base,42,mse,0.0001,25,0.011959023270756007,0.016948264092206955,0.00023927579939481803,0.0004533327301032841
lstm-mse-0.0001-s42,lstm,base,42,mse,0.0001,26,0.011878688726574183,0.017186718061566353,0.00023483354758354835,0.0004644072614610195
lstm-mse-0.0001-s42,lstm,base,42,mse,0.0001,27,0.01180751720443368,0.017490994185209274,0.00023046985268592834,0.0004781010502483696
lstm-mse-0.0001-s42,lstm,base,42,mse,0.0001,28,0.011725461278110742,0.017504533752799034,0.00022705599294567947,0.00047914887545630336
lstm-mse-0.0001-s42,lstm,base,42,mse,0.0001,29,0.011643761936575174,0.017445852980017662,0.00022412034559238236,0.00047697676927782595
lstm-mse-0.0001-s42,lstm,base,42,mse,0.0001,30,0.011593460384756327,0.017571961507201195,0.0002211456144868862,0.0004826426156796515
lstm-mse-0.0001-s43,lstm,base,43,mse,0.0001,1,0.13712173521518708,0.057593394070863724,0.01934028968214989,0.00388592598028481
lstm-mse-0.0001-s43,lstm,base,43,mse,0.0001,2,0.018217222951352596,0.04194693639874458,0.00058072620886378,0.0021802426781505346
lstm-mse-0.0001-s43,lstm,base,43,mse,0.0001,3,0.08153665825724601,0.04819812998175621,0.0075213904958218334,0.0026913525070995092
lstm-mse-0.0001-s43,lstm,base,43,mse,0.0001,4,0.06787200089544058,0.015114732086658478,0.005976518371608108,0.0003898615832440555
lstm-mse-0.0001-s43,lstm,base,43,mse,0.0001,5,0.03397038400173187,0.039565250277519226,0.0017267370689660311,0.0019372415263205767
lstm-mse-0.0001-s43,lstm,base,43,mse,0.0001,6,0.030526536107063292,0.0549183189868927,0.0013034055754542351,0.0033689362462610006
lstm-mse-0.0001-s43,lstm,base,43,mse,0.0001,7,0.03165435492992401,0.04079670459032059,0.0013087806943804026,0.0019909311085939407
lstm-mse-0.0001-s43,lstm,base,43,mse,0.0001,8,0.01969884805381298,0.019845642149448395,0.0005361836112570018,0.0005879240925423801
lstm-mse-0.0001-s43,lstm,base,43,mse,0.0001,9,0.017076189704239367,0.013938212767243385,0.0005232635186985136,0.0003264372353442013
lstm-mse-0.0001-s43,lstm,base,43,mse,0.0001,10,0.021193092316389085,0.015095872804522514,0.0007707987376488745,0.0003690508019644767
lstm-mse-0.0001-s43,lstm,base,43,mse,0.0001,11,0.017478801868855955,0.02059723623096943,0.0005419083789456636,0.000724148703739047
lstm-mse-0.0001-s43,lstm,base,43,mse,0.0001,12,0.016069348976016043,0.029434960335493088,0.0004119162226561457,0.0012116546276956797
lstm-mse-0.0001-s43,lstm,base,43,mse,0.0001,13,0.018347761854529382,0.028849905356764793,0.00047699661110527813,0.001182186184450984
lstm-mse-0.0001-s43,lstm,base,43,mse,0.0001,14,0.016579373702406884,0.021955065429210663,0.00041304671380203216,0.000821598048787564
lstm-mse-0.0001-s43,lstm,base,43,mse,0.0001,15,0.014685630165040493,0.018303358927369118,0.0003512565908022225,0.000618301797658205
lstm-mse-0.0001-s43,lstm,base,43,mse,0.0001,16,0.014235152266919612,0.01877031847834587,0.00035788807552307846,0.0006448718486353755
lstm-mse-0.0001-s43,lstm,base,43,mse,0.0001,17,0.01410234086215496,0.021970277652144432,0.0003413858311250806,0.0008147174376063049
lstm-mse-0.0001-s43,lstm,base,43,mse,0.0001,18,0.014367840811610222,0.024415669962763786,0.0003355989529518411,0.0009343739948235452
lstm-mse-0.0001-s43,lstm,base,43,mse,0.0001,19,0.014529313668608665,0.02325526438653469,0.00033298085909336803,0.000871095631737262
lstm-mse-0.0001-s43,lstm,base,43,mse,0.0001,20,0.01387847326695919,0.020964674651622772,0.0003134003022569232,0.0007499638013541698
lstm-mse-0.0001-s43,lstm,base,43,mse,0.0001,21,0.013402845785021782,0.02034527063369751,0.00030686064885230733,0.0007125373231247067
lstm-mse-0.0001-s43,lstm,base,43,mse,0.0001,22,0.01338110201060772,0.021303316578269005,0.000304686757735908,0.0007617442752234638
lstm-mse-0.0001-s43,lstm,base,43,mse,0.0001,23,0.01340533696115017,0.022345976904034615,0.00029897063446696846,0.0008109814370982349
lstm-mse-0.0001-s43,lstm,base,43,mse,0.0001,24,0.013325939998030662,0.021999375894665718,0.00029286325123393907,0.0007917220937088132
lstm-mse-0.0001-s43,lstm,base,43,mse,0.0001,25,0.013080881163477897,0.020976999774575233,0.0002847629933967255,0.0007405266514979303
lstm-mse-0.0001-s43,lstm,base,43,mse,0.0001,26,0.0128570007532835,0.02062830701470375,0.0002794081487809308,0.0007211862248368561
lstm-mse-0.0001-s43,lstm,base,43,mse,0.0001,27,0.012750348672270775,0.020965291187167168,0.00027510143059771507,0.000737363297957927
lstm-mse-0.0001-s43,lstm,base,43,mse,0.0001,28,0.012663371190428733,0.021226005628705025,0.0002700013923458755,0.0007485032547265291
lstm-mse-0.0001-s43,lstm,base,43,mse,0.0001,29,0.012537738606333733,0.0209201630204916,0.0002644063025945798,0.000732517393771559
lstm-mse-0.0001-s43,lstm,base,43,mse,0.0001,30,0.012376244589686393,0.020491862669587135,0.00025873566337395457,0.0007110023288987577
lstm-mse-0.0001-s44,lstm,base,44,mse,0.0001,1,0.9337761116027832,0.7581721544265747,0.8762942504882812,0.5780600905418396
lstm-mse-0.0001-s44,lstm,base,44,mse,0.0001,2,0.6998259520530701,0.5204305052757263,0.4947050178050995,0.27322250604629517
lstm-mse-0.0001-s44,lstm,base,44,mse,0.0001,3,0.469463130235672,0.2887330651283264,0.22627205669879913,0.08511355519294739
lstm-mse-0.0001-s44,lstm,base,44,mse,0.0001,4,0.24824664056301116,0.07637208700180054,0.06863229610025882,0.007155713625252247
lstm-mse-0.0001-s44,lstm,base,44,mse,0.0001,5,0.08104350283741951,0.09277528524398804,0.010633565718308091,0.009667105041444302
lstm-mse-0.0001-s44,lstm,base,44,mse,0.0001,6,0.10974083185195922,0.18953943252563477,0.017832640558481216,0.03683117777109146
lstm-mse-0.0001-s44,lstm,base,44,mse,0.0001,7,0.1698784875869751,0.2053019106388092,0.03737817317247391,0.04296651855111122
lstm-mse-0.0001-s44,lstm,base,44,mse,0.0001,8,0.16830544352531432,0.16274113953113556,0.03695956259965896,0.027252165600657463
lstm-mse-0.0001-s44,lstm,base,44,mse,0.0001,9,0.12714912503957748,0.09495443850755692,0.022620247676968575,0.009755062870681286
lstm-mse-0.0001-s44,lstm,base,44,mse,0.0001,10,0.0891168574988842,0.03166314214468002,0.010737965204752982,0.0015675026224926114
lstm-mse-0.0001-s44,lstm,base,44,mse,0.0001,11,0.07189707197248936,0.026326868683099747,0.007136239358223975,0.0010314389364793897
lstm-mse-0.0001-s44,lstm,base,44,mse,0.0001,12,0.07244607716798783,0.04201330244541168,0.008246628176420927,0.0024183611385524273
lstm-mse-0.0001-s44,lstm,base,44,mse,0.0001,13,0.07440256208181381,0.043478261679410934,0.009214970730245114,0.002494341693818569
lstm-mse-0.0001-s44,lstm,base,44,mse,0.0001,14,0.07041187614202499,0.030571864917874336,0.008300038194283843,0.0014215082628652453
lstm-mse-0.0001-s44,lstm,base,44,mse,0.0001,15,0.06327606000006199,0.021252663806080818,0.006477546498645097,0.0005768346018157899
lstm-mse-0.0001-s44,lstm,base,44,mse,0.0001,16,0.06000837650150061,0.019140129908919334,0.005180994271649979,0.0005647274083457887
lstm-mse-0.0001-s44,lstm,base,44,mse,0.0001,17,0.05999910250306129,0.025546589866280556,0.004809618277940899,0.0009288199944421649
lstm-mse-0.0001-s44,lstm,base,44,mse,0.0001,18,0.060567626804113386,0.02754804864525795,0.004841624081600457,0.001040985225699842
lstm-mse-0.0001-s44,lstm,base,44,mse,0.0001,19,0.05946833595633507,0.023905174806714058,0.004735475846100599,0.0007972866878844798
lstm-mse-0.0001-s44,lstm,base,44,mse,0.0001,20,0.057111957557499406,0.017354216426610947,0.004424923969199881,0.0004888834664598107
lstm-mse-0.0001-s44,lstm,base,44,mse,0.0001,21,0.054773330353200436,0.01524101011455059,0.004107839309144765,0.00033730905852280557
lstm-mse-0.0001-s44,lstm,base,44,mse,0.0001,22,0.052811351642012595,0.0151620889082551,0.003887564563192427,0.00032319602905772626
lstm-mse-0.0001-s44,lstm,base,44,mse,0.0001,23,0.0511295860260725,0.014964761212468147,0.0037121638562530278,0.00033338586217723787
lstm-mse-0.0001-s44,lstm,base,44,mse,0.0001,24,0.049543856009840966,0.014419401995837688,0.003516284979414195,0.00031590249272994697
lstm-mse-0.0001-s44,lstm,base,44,mse,0.0001,25,0.04822235725820065,0.013712454587221146,0.0033050767809618266,0.0002871816395781934
lstm-mse-0.0001-s44,lstm,base,44,mse,0.0001,26,0.04707345273345709,0.013109247200191021,0.0031161167524987833,0.0002687688102014363
lstm-mse-0.0001-s44,lstm,base,44,mse,0.0001,27,0.04596241589635611,0.0125929219648242,0.002961432327283546,0.00026104706921614707
lstm-mse-0.0001-s44,lstm,base,44,mse,0.0001,28,0.04480888422578573,0.012350539676845074,0.002824290712014772,0.000260197528405115
lstm-mse-0.0001-s44,lstm,base,44,mse,0.0001,29,0.04358111914247274,0.012415473349392414,0.0026890108379302546,0.000270219607045874
lstm-mse-0.0001-s44,lstm,base,44,mse,0.0001,30,0.04232623361051083,0.012715812772512436,0.002554421094246209,0.00029410640127025545
lstm-mse-0.001-s42,lstm,base,42,mse,0.001,1,0.19391233146190642,0.2363349348306656,0.055731838941574095,0.056360114365816116
lstm-mse-0.001-s42,lstm,base,42,mse,0.001,2,0.18781862497329713,0.09061259776353836,0.03789378199260682,0.009358293376863003
lstm-mse-0.001-s42,lstm,base,42,mse,0.001,3,0.10261536478996276,0.023464495316147804,0.011895290315151215,0.0008720649057067931
lstm-mse-0.001-s42,lstm,base,42,mse,0.001,4,0.051355929374694825,0.07202344387769699,0.0038828367833048105,0.005407477729022503
lstm-mse-0.001-s42,lstm,base,42,mse,0.001,5,0.05496390268206596,0.017015499994158745,0.0037287208845373245,0.0004496877081692219
lstm-mse-0.001-s42,lstm,base,42,mse,0.001,6,0.03189312815666199,0.038996461778879166,0.0015281795896589757,0.0017038661753758788
lstm-mse-0.001-s42,lstm,base,42,mse,0.001,7,0.02322152689099312,0.016613507643342018,0.0007543434255057945,0.0003701673704199493
lstm-mse-0.001-s42,lstm,base,42,mse,0.001,8,0.02594040647149086,0.028090132400393486,0.0009044794063083828,0.0009503572364337742
lstm-mse-0.001-s42,lstm,base,42,mse,0.001,9,0.02454563746228814,0.012141919694840908,0.0008589153713546694,0.000227108524995856
lstm-mse-0.001-s42,lstm,base,42,mse,0.001,10,0.015067263096570969,0.022545665502548218,0.00037368418416008355,0.0006983854691497982
lstm-mse-0.001-s42,lstm,base,42,mse,0.001,11,0.017384201120585203,0.012081393040716648,0.0004897674854146317,0.00021897129772696644
lstm-mse-0.001-s42,lstm,base,42,mse,0.001,12,0.013692896403372288,0.015110460110008717,0.00029441369813866915,0.00032376425224356353
lstm-mse-0.001-s42,lstm,base,42,mse,0.001,13,0.015152787510305642,0.011009047739207745,0.0003513542925065849,0.0001827735686674714
lstm-mse-0.001-s42,lstm,base,42,mse,0.001,14,0.012364919632673263,0.012621497735381126,0.0002436837210552767,0.00024259368365164846
lstm-mse-0.001-s42,lstm,base,42,mse,0.001,15,0.01285890156403184,0.010401381179690361,0.0002618348179385066,0.00016062508802860975
lstm-mse-0.001-s42,lstm,base,42,mse,0.001,16,0.01125642964616418,0.01150306686758995,0.00021473760396474971,0.00019707292085513473
lstm-mse-0.001-s42,lstm,base,42,mse,0.001,17,0.012102970723062753,0.010357107035815716,0.00024055320100160315,0.00016330248035956174
lstm-mse-0.001-s42,lstm,base,42,mse,0.001,18,0.011534664575010537,0.010882413946092129,0.0002134292115806602,0.00018076266860589385
lstm-mse-0.001-s42,lstm,base,42,mse,0.001,19,0.0112854222394526,0.010781294666230679,0.00020885542951873504,0.00017631816444918513
lstm-mse-0.001-s42,lstm,base,42,mse,0.001,20,0.010932058189064264,0.011092804372310638,0.00020195159362629056,0.00018801126861944795
lstm-mse-0.001-s42,lstm,base,42,mse,0.001,21,0.010997720453888178,0.011149381287395954,0.00020224855485139414,0.00018645793898031116
lstm-mse-0.001-s42,lstm,base,42,mse,0.001,22,0.01098842704668641,0.011227427050471306,0.00019810843470622786,0.00018889456987380981
lstm-mse-0.001-s42,lstm,base,42,mse,0.001,23,0.010878679249435664,0.011131291277706623,0.0001940727315377444,0.00018686293333303183
lstm-mse-0.001-s42,lstm,base,42,mse,0.001,24,0.010722631309181451,0.011121992953121662,0.00019300486339489,0.00018648702825885266
lstm-mse-0.001-s42,lstm,base,42,mse,0.001,25,0.010728977564722299,0.011187233962118626,0.00019089928944595157,0.00018743630789685994
lstm-mse-0.001-s42,lstm,base,42,mse,0.001,26,0.010788927469402552,0.011181917041540146,0.00018879581533838064,0.00018834379443433136
lstm-mse-0.001-s42,lstm,base,42,mse,0.001,27,0.010640866700559854,0.011295846663415432,0.0001867170076002367,0.00019102127407677472
lstm-mse-0.001-s42,lstm,base,42,mse,0.001,28,0.010579472575336694,0.011354395188391209,0.00018589040002552792,0.00019390491070225835
lstm-mse-0.001-s42,lstm,base,42,mse,0.001,29,0.010629379991441965,0.011427517980337143,0.00018405969793093392,0.0001964555704034865
lstm-mse-0.001-s42,lstm,base,42,mse,0.001,30,0.010570122841745615,0.011516084894537926,0.00018229793844511732,0.0001977115316549316
lstm-mse-0.001-s43,lstm,base,43,mse,0.001,1,0.1357863026857376,0.04836669936776161,0.022458831518888472,0.004403829108923674
lstm-mse-0.001-s43,lstm,base,43,mse,0.001,2,0.07027458474040031,0.04448239132761955,0.006172163679730147,0.0027074264362454414
lstm-mse-0.001-s43,lstm,base,43,mse,0.001,3,0.0558177362382412,0.012807131744921207,0.004298987435176969,0.00033584568882361054
lstm-mse-0.001-s43,lstm,base,43,mse,0.001,4,0.04045144960284233,0.043830011039972305,0.0024357672181213276,0.0022976817563176155
lstm-mse-0.001-s43,lstm,base,43,mse,0.001,5,0.03516526818275452,0.022119972854852676,0.001648736484348774,0.0006759986863471568
lstm-mse-0.001-s43,lstm,base,43,mse,0.001,6,0.020457734614610673,0.01884702779352665,0.000598233244381845,0.0005634172121062875
lstm-mse-0.001-s43,lstm,base,43,mse,0.001,7,0.025524188727140427,0.015649016946554184,0.0009622860403032973,0.0003971337282564491
lstm-mse-0.001-s43,lstm,base,43,mse,0.001,8,0.013821304887533187,0.013796333223581314,0.0003132362524047494,0.00026553907082416117
lstm-mse-0.001-s43,lstm,base,43,mse,0.001,9,0.017945151869207622,0.010999230667948723,0.0005177110074146185,0.00020815104653593153
lstm-mse-0.001-s43,lstm,base,43,mse,0.001,10,0.016215353608131408,0.011683627963066101,0.00040308730909600855,0.0002467761223670095
lstm-mse-0.001-s43,lstm,base,43,mse,0.001,11,0.011675949636846782,0.010326248593628407,0.0002492358672316186,0.00014848342107143253
lstm-mse-0.001-s43,lstm,base,43,mse,0.001,12,0.014204348269850016,0.011076586320996284,0.000327907918690471,0.00023299803433474153
lstm-mse-0.001-s43,lstm,base,43,mse,0.001,13,0.012218947056680918,0.011540650390088558,0.00026288163033314047,0.0002459350507706404
lstm-mse-0.001-s43,lstm,base,43,mse,0.001,14,0.01255617307499051,0.010373805649578571,0.0002498720525181852,0.0001612546475371346
lstm-mse-0.001-s43,lstm,base,43,mse,0.001,15,0.01148169869557023,0.01033087633550167,0.0002314584015402943,0.00019884665380232036
lstm-mse-0.001-s43,lstm,base,43,mse,0.001,16,0.011820226851850748,0.009945164434611797,0.00023060566803906113,0.0001528027351014316
lstm-mse-0.001-s43,lstm,base,43,mse,0.001,17,0.01110010514035821,0.010059235617518425,0.0002131153793015983,0.0001384979550493881
lstm-mse-0.001-s43,lstm,base,43,mse,0.001,18,0.010941546205431222,0.009803981520235538,0.00021867121977265925,0.00015986505604814738
lstm-mse-0.001-s43,lstm,base,43,mse,0.001,19,0.010961401108652354,0.010035852901637554,0.00020780726190423594,0.00014462217222899199
lstm-mse-0.001-s43,lstm,base,43,mse,0.001,20,0.010730200055986643,0.010009940713644028,0.00020490853989031167,0.00015682066441513598
lstm-mse-0.001-s43,lstm,base,43,mse,0.001,21,0.010777198616415263,0.009975370019674301,0.00020098072898690588,0.0001686754694674164
lstm-mse-0.001-s43,lstm,base,43,mse,0.001,22,0.010801055375486613,0.010077000595629215,0.0001960734019667143,0.0001578899536980316
lstm-mse-0.001-s43,lstm,base,43,mse,0.001,23,0.010565631035715341,0.009960522875189781,0.0001933479792205617,0.00016954838065430522
lstm-mse-0.001-s43,lstm,base,43,mse,0.001,24,0.010562505070120097,0.010016151703894138,0.00018966845753311644,0.00016046385280787945
lstm-mse-0.001-s43,lstm,base,43,mse,0.001,25,0.010342397037893533,0.009993557818233967,0.00018666602263692767,0.00016543509264010936
lstm-mse-0.001-s43,lstm,base,43,mse,0.001,26,0.01027618819847703,0.009998629800975323,0.0001839463843498379,0.00016974557365756482
lstm-mse-0.001-s43,lstm,base,43,mse,0.001,27,0.01020569795742631,0.010042323730885983,0.00018012399668805302,0.00016997593047562987
lstm-mse-0.001-s43,lstm,base,43,mse,0.001,28,0.010097413901239633,0.010116680525243282,0.00017788660508813336,0.0001769510708982125
lstm-mse-0.001-s43,lstm,base,43,mse,0.001,29,0.010049861017614603,0.010064581409096718,0.0001745456010394264,0.00017348835535813123
lstm-mse-0.001-s43,lstm,base,43,mse,0.001,30,0.009905358199030162,0.010150843299925327,0.00017214240950124803,0.00017744772776495665
lstm-mse-0.001-s44,lstm,base,44,mse,0.001,1,0.4862460422515869,0.5149735808372498,0.3437607216835022,0.26756879687309265
lstm-mse-0.001-s44,lstm,base,44,mse,0.001,2,0.2933800208568573,0.19304829835891724,0.1309775324165821,0.04093195125460625
lstm-mse-0.001-s44,lstm,base,44,mse,0.001,3,0.2331780433654785,0.15492194890975952,0.06603466510772706,0.026191558688879013
lstm-mse-0.001-s44,lstm,base,44,mse,0.001,4,0.07037116035819053,0.14705993235111237,0.00711648374563083,0.02221619337797165
lstm-mse-0.001-s44,lstm,base,44,mse,0.001,5,0.16775166898965835,0.10580842941999435,0.03105899155139923,0.011426507495343685
lstm-mse-0.001-s44,lstm,base,44,mse,0.001,6,0.07993146419525146,0.06410887092351913,0.009314971249550582,0.0042552887462079525
lstm-mse-0.001-s44,lstm,base,44,mse,0.001,7,0.07310798794031143,0.09292121231555939,0.007108531817793846,0.008829200640320778
lstm-mse-0.001-s44,lstm,base,44,mse,0.001,8,0.05927543304860592,0.025232534855604172,0.004227671753615141,0.0008160881116054952
lstm-mse-0.001-s44,lstm,base,44,mse,0.001,9,0.03088949352502823,0.03725898638367653,0.0015438920725136995,0.0022965276148170233
lstm-mse-0.001-s44,lstm,base,44,mse,0.001,10,0.04939900189638138,0.028689470142126083,0.003069110056385398,0.0010552441235631704
lstm-mse-0.001-s44,lstm,base,44,mse,0.001,11,0.01830719992518425,0.04932478070259094,0.0005768729915143922,0.0033016467932611704
lstm-mse-0.001-s44,lstm,base,44,mse,0.001,12,0.03690428026020527,0.04844058305025101,0.0018117277696728705,0.0031908564269542694
lstm-mse-0.001-s44,lstm,base,44,mse,0.001,13,0.028457510992884637,0.031619735062122345,0.0011843004741240292,0.0011353119043633342
lstm-mse-0.001-s44,lstm,base,44,mse,0.001,14,0.023640849441289902,0.026312587782740593,0.0008169172983616591,0.0008872644975781441
lstm-mse-0.001-s44,lstm,base,44,mse,0.001,15,0.020828414745628833,0.028808528557419777,0.0007059159514028579,0.0010246832389384508
lstm-mse-0.001-s44,lstm,base,44,mse,0.001,16,0.01816629186272621,0.032284773886203766,0.000497512012370862,0.001535140909254551
lstm-mse-0.001-s44,lstm,base,44,mse,0.001,17,0.020603251904249192,0.02662907913327217,0.0006105600239243358,0.0010092140873894095
lstm-mse-0.001-s44,lstm,base,44,mse,0.001,18,0.017498599514365196,0.022281497716903687,0.0004510464597842656,0.0006170763517729938
lstm-mse-0.001-s44,lstm,base,44,mse,0.001,19,0.01733856163918972,0.022346343845129013,0.0005086244826088659,0.0006388644687831402
lstm-mse-0.001-s44,lstm,base,44,mse,0.001,20,0.0159741386026144,0.02451319433748722,0.00043496657977811995,0.0008779341005720198
lstm-mse-0.001-s44,lstm,base,44,mse,0.001,21,0.016715393215417863,0.0241781584918499,0.0004254779551411048,0.0008485765429213643
lstm-mse-0.001-s44,lstm,base,44,mse,0.001,22,0.015994460806250572,0.0226967204362154,0.00040188947692513464,0.0006782092386856675
lstm-mse-0.001-s44,lstm,base,44,mse,0.001,23,0.01580869995057583,0.023058222606778145,0.0004191514049307443,0.0006974156713113189
lstm-mse-0.001-s44,lstm,base,44,mse,0.001,24,0.015445433780550957,0.024487091228365898,0.000399884732614737,0.0008394425385631621
lstm-mse-0.001-s44,lstm,base,44,mse,0.001,25,0.01560184620320797,0.024870555847883224,0.00038522289920365436,0.0008651893585920334
lstm-mse-0.001-s44,lstm,base,44,mse,0.001,26,0.015647815689444542,0.024447476491332054,0.00037963917769957335,0.0007941186777316034
lstm-mse-0.001-s44,lstm,base,44,mse,0.001,27,0.015336289033293725,0.024623170495033264,0.0003810584734310396,0.0008046557195484638
lstm-mse-0.001-s44,lstm,base,44,mse,0.001,28,0.015209524258971215,0.025173520669341087,0.0003718528535682708,0.0008691105176694691
lstm-mse-0.001-s44,lstm,base,44,mse,0.001,29,0.015354493781924248,0.02513541467487812,0.0003645515290554613,0.0008663678308948874
lstm-mse-0.001-s44,lstm,base,44,mse,0.001,30,0.015275193974375725,0.024755777791142464,0.00036070302478037776,0.0008246180368587375
lstm-mae-0.0001-s42,lstm,base,42,mae,0.0001,1,0.0986525183916092,0.055456846952438354,0.012705340310931205,0.004308362025767565
lstm-mae-0.0001-s42,lstm,base,42,mae,0.0001,2,0.0659247300028801,0.056970495730638504,0.006570750456303358,0.0037358051631599665
lstm-mae-0.0001-s42,lstm,base,42,mae,0.0001,3,0.04713696846738458,0.07175403088331223,0.003123664897866547,0.0065208924934268
lstm-mae-0.0001-s42,lstm,base,42,mae,0.0001,4,0.05120571568608284,0.07013494521379471,0.003717403430491686,0.005676352418959141
lstm-mae-0.0001-s42,lstm,base,42,mae,0.0001,5,0.04147184897214174,0.031629614531993866,0.002631672520074062,0.0013956736074760556
lstm-mae-0.0001-s42,lstm,base,42,mae,0.0001,6,0.035691368356347085,0.0150596983730793,0.0017081275023519992,0.0003606235550250858
lstm-mae-0.0001-s42,lstm,base,42,mae,0.0001,7,0.03204093083739281,0.019212830811738968,0.0015223526360932738,0.0005024312413297594
lstm-mae-0.0001-s42,lstm,base,42,mae,0.0001,8,0.020643177181482314,0.040448714047670364,0.0006142428144812583,0.0018632437568157911
lstm-mae-0.0001-s42,lstm,base,42,mae,0.0001,9,0.022601151615381242,0.022420760244131088,0.0007608870905824005,0.0006729743327014148
lstm-mae-0.0001-s42,lstm,base,42,mae,0.0001,10,0.01692632580175996,0.014534736052155495,0.00045555607575806787,0.00030364879057742655
lstm-mae-0.0001-s42,lstm,base,42,mae,0.0001,11,0.021971500758081675,0.014719498343765736,0.0007456682590418495,0.0003283623664174229
lstm-mae-0.0001-s42,lstm,base,42,mae,0.0001,12,0.016270878463983535,0.023161999881267548,0.0004072783864103258,0.0007344891782850027
lstm-mae-0.0001-s42,lstm,base,42,mae,0.0001,13,0.014122371766716242,0.014752236194908619,0.0003243657428538427,0.000362123129889369
lstm-mae-0.0001-s42,lstm,base,42,mae,0.0001,14,0.01350942173972726,0.014991605654358864,0.0003241653431905434,0.00037209398578852415
lstm-mae-0.0001-s42,lstm,base,42,mae,0.0001,15,0.01266150051727891,0.01812358759343624,0.0002759041709214216,0.00047871898277662694
lstm-mae-0.0001-s42,lstm,base,42,mae,0.0001,16,0.013068918269127608,0.01634742133319378,0.00028565078158862886,0.0004208127793390304
lstm-mae-0.0001-s42,lstm,base,42,mae,0.0001,17,0.012151816580444574,0.018383724614977837,0.0002562679390393896,0.000518728862516582
lstm-mae-0.0001-s42,lstm,base,42,mae,0.0001,18,0.011874994952231646,0.01630009524524212,0.0002517989451007452,0.000410157663282007
lstm-mae-0.0001-s42,lstm,base,42,mae,0.0001,19,0.01368599707260728,0.017190318554639816,0.00032132373889908193,0.00045813218457624316
lstm-mae-0.0001-s42,lstm,base,42,mae,0.0001,20,0.011922648251056671,0.020144745707511902,0.00023985422361874953,0.0005927188904024661
lstm-mae-0.0001-s42,lstm,base,42,mae,0.0001,21,0.01271914852783084,0.01707368716597557,0.00028299894649535417,0.00045165582560002804
lstm-mae-0.0001-s42,lstm,base,42,mae,0.0001,22,0.011491090208292008,0.02165091224014759,0.00023021717584924772,0.0006642937660217285
lstm-mae-0.0001-s42,lstm,base,42,mae,0.0001,23,0.012724655698984861,0.016452815383672714,0.0002800391340861097,0.0004138198564760387
lstm-mae-0.0001-s42,lstm,base,42,mae,0.0001,24,0.011567855030298233,0.022185195237398148,0.00022777555364882573,0.000706493214238435
lstm-mae-0.0001-s42,lstm,base,42,mae,0.0001,25,0.011387155000120401,0.016947787255048752,0.00023845551138947484,0.0004325738991610706
lstm-mae-0.0001-s42,lstm,base,42,mae,0.0001,26,0.012201783899217843,0.020327158272266388,0.00025134245908702723,0.0006132365670055151
lstm-mae-0.0001-s42,lstm,base,42,mae,0.0001,27,0.011184331942349673,0.01840236224234104,0.00022259032964939252,0.0005113925435580313
lstm-mae-0.0001-s42,lstm,base,42,mae,0.0001,28,0.012477880399674178,0.019123192876577377,0.0002646305345115252,0.0005444863345474005
lstm-mae-0.0001-s42,lstm,base,42,mae,0.0001,29,0.011172830034047366,0.019935863092541695,0.00022277130658039822,0.0005894693313166499
lstm-mae-0.0001-s42,lstm,base,42,mae,0.0001,30,0.012424122840166092,0.017649047076702118,0.00027233208442339673,0.00043789466144517064
lstm-mae-0.0001-s43,lstm,base,43,mae,0.0001,1,0.13706519663333894,0.05714133754372597,0.019325307011604308,0.0038325299974530935
lstm-mae-0.0001-s43,lstm,base,43,mae,0.0001,2,0.018225224874913692,0.03432425484061241,0.0005544199561700225,0.001561360084451735
lstm-mae-0.0001-s43,lstm,base,43,mae,0.0001,3,0.07018748000264168,0.02123650535941124,0.005839925750624388,0.0006729417946189642
lstm-mae-0.0001-s43,lstm,base,43,mae,0.0001,4,0.04040704041719437,0.03589680418372154,0.002498794114217162,0.0016599822556599975
lstm-mae-0.0001-s43,lstm,base,43,mae,0.0001,5,0.028034948706626893,0.042828597128391266,0.001068992642685771,0.002165757119655609
lstm-mae-0.0001-s43,lstm,base,43,mae,0.0001,6,0.01885983131825924,0.016583560034632683,0.0005115453468170017,0.00044908153358846903
lstm-mae-0.0001-s43,lstm,base,43,mae,0.0001,7,0.019972914047539234,0.016643304377794266,0.0006813893746584654,0.0004896526806987822
lstm-mae-0.0001-s43,lstm,base,43,mae,0.0001,8,0.01716284565627575,0.03513205796480179,0.00048352657817304136,0.0015879099955782294
lstm-mae-0.0001-s43,lstm,base,43,mae,0.0001,9,0.01968868337571621,0.026194514706730843,0.000551117723225616,0.001051554805599153
lstm-mae-0.0001-s43,lstm,base,43,mae,0.0001,10,0.01582932163029909,0.016955915838479996,0.0004057335527613759,0.0005229118396528065
lstm-mae-0.0001-s43,lstm,base,43,mae,0.0001,11,0.015026064738631249,0.030869105830788612,0.0004028264380758628,0.0012924468610435724
lstm-mae-0.0001-s43,lstm,base,43,mae,0.0001,12,0.015939103811979292,0.02086075209081173,0.0003986259148223326,0.0007582143298350275
lstm-mae-0.0001-s43,lstm,base,43,mae,0.0001,13,0.015021628327667713,0.016304051503539085,0.0004145553393755108,0.0004980461089871824
lstm-mae-0.0001-s43,lstm,base,43,mae,0.0001,14,0.014723105877637864,0.02948221005499363,0.0003687701548915356,0.0011893485207110643
lstm-mae-0.0001-s43,lstm,base,43,mae,0.0001,15,0.01414926640689373,0.016345709562301636,0.0003199024469358847,0.0005091169732622802
lstm-mae-0.0001-s43,lstm,base,43,mae,0.0001,16,0.013676123544573784,0.017750410363078117,0.00034090853587258606,0.0005897326045669615
lstm-mae-0.0001-s43,lstm,base,43,mae,0.0001,17,0.012648576125502586,0.020223138853907585,0.000277175095397979,0.0007088289130479097
lstm-mae-0.0001-s43,lstm,base,43,mae,0.0001,18,0.012680847886949778,0.016767021268606186,0.00026593337184749544,0.0005214802804403007
lstm-mae-0.0001-s43,lstm,base,43,mae,0.0001,19,0.012105590049177408,0.017147552222013474,0.0002658871453604661,0.0005366316181607544
lstm-mae-0.0001-s43,lstm,base,43,mae,0.0001,20,0.012224334124475718,0.02050098404288292,0.000255732181831263,0.0007050709682516754
lstm-mae-0.0001-s43,lstm,base,43,mae,0.0001,21,0.011649165991693735,0.015741560608148575,0.00023511945837526583,0.000468712009023875
lstm-mae-0.0001-s43,lstm,base,43,mae,0.0001,22,0.011511927489191293,0.021469764411449432,0.0002480718139850069,0.0007505876710638404
lstm-mae-0.0001-s43,lstm,base,43,mae,0.0001,23,0.011445953492075205,0.015516653656959534,0.00022661940194666387,0.00046102984924800694
lstm-mae-0.0001-s43,lstm,base,43,mae,0.0001,24,0.011162642780691385,0.020102577283978462,0.0002388647393672727,0.0006926773930899799
lstm-mae-0.0001-s43,lstm,base,43,mae,0.0001,25,0.010933761466294527,0.0201686043292284,0.00021324003420886584,0.0006836432148702443
lstm-mae-0.0001-s43,lstm,base,43,mae,0.0001,26,0.011559148263186216,0.014248737134039402,0.00022320992458844558,0.0003729324380401522
lstm-mae-0.0001-s43,lstm,base,43,mae,0.0001,27,0.014881729334592819,0.0185457281768322,0.00037780132843181493,0.0006076928693801165
lstm-mae-0.0001-s43,lstm,base,43,mae,0.0001,28,0.016699131280183792,0.0346401073038578,0.00040194633416831496,0.001470026676543057
lstm-mae-0.0001-s43,lstm,base,43,mae,0.0001,29,0.013032709807157516,0.013417258858680725,0.00025956661906093357,0.00028245916473679245
lstm-mae-0.0001-s43,lstm,base,43,mae,0.0001,30,0.01410935802385211,0.01997603289783001,0.00034548789175460116,0.0006763507262803614
lstm-mae-0.0001-s44,lstm,base,44,mae,0.0001,1,0.9337432336807251,0.75789874792099,0.8762339854240417,0.577649712562561
lstm-mae-0.0001-s44,lstm,base,44,mae,0.0001,2,0.6982011795043945,0.5127795934677124,0.4924528956413269,0.26530492305755615
lstm-mae-0.0001-s44,lstm,base,44,mae,0.0001,3,0.4572940695285797,0.2577839195728302,0.21516591370105742,0.06814669072628021
lstm-mae-0.0001-s44,lstm,base,44,mae,0.0001,4,0.20641546875238417,0.032738812267780304,0.05029952369630337,0.0013134772889316082
lstm-mae-0.0001-s44,lstm,base,44,mae,0.0001,5,0.09098703742027282,0.19749318063259125,0.010953394174575805,0.03988916799426079
lstm-mae-0.0001-s44,lstm,base,44,mae,0.0001,6,0.18053573369979858,0.20230937004089355,0.041066821962594986,0.04169492796063423
lstm-mae-0.0001-s44,lstm,base,44,mae,0.0001,7,0.15223997116088867,0.09776188433170319,0.031839308142662046,0.010314933955669403
lstm-mae-0.0001-s44,lstm,base,44,mae,0.0001,8,0.08799095474183559,0.030886851251125336,0.010564983948133886,0.0015690089203417301
lstm-mae-0.0001-s44,lstm,base,44,mae,0.0001,9,0.08665986716747284,0.08157248049974442,0.012111439257860184,0.007335597183555365
lstm-mae-0.0001-s44,lstm,base,44,mae,0.0001,10,0.09090189754962921,0.030290724709630013,0.012826583851128816,0.0013945236569270492
lstm-mae-0.0001-s44,lstm,base,44,mae,0.0001,11,0.059688684195280076,0.032384347170591354,0.005447440997231752,0.0014293473213911057
lstm-mae-0.0001-s44,lstm,base,44,mae,0.0001,12,0.06350602596998214,0.03561565279960632,0.005311225317418575,0.001629798673093319
lstm-mae-0.0001-s44,lstm,base,44,mae,0.0001,13,0.05841366279870272,0.01550949178636074,0.00476239072275348,0.00033673332654871047
lstm-mae-0.0001-s44,lstm,base,44,mae,0.0001,14,0.055888725519180296,0.04286496713757515,0.004560246421024203,0.002113474067300558
lstm-mae-0.0001-s44,lstm,base,44,mae,0.0001,15,0.052017092779278754,0.018655387684702873,0.004347960017621517,0.000562970875762403
lstm-mae-0.0001-s44,lstm,base,44,mae,0.0001,16,0.04047613486647606,0.016956917941570282,0.0024186449870467184,0.00038750539533793926
lstm-mae-0.0001-s44,lstm,base,44,mae,0.0001,17,0.04115881498903036,0.01492548268288374,0.002409986251150258,0.0004498175694607198
lstm-mae-0.0001-s44,lstm,base,44,mae,0.0001,18,0.034927244037389754,0.025955503806471825,0.001901122322306037,0.0009928580839186907
lstm-mae-0.0001-s44,lstm,base,44,mae,0.0001,19,0.030338767431676388,0.01673983968794346,0.0014543179154861718,0.00045932235661894083
lstm-mae-0.0001-s44,lstm,base,44,mae,0.0001,20,0.0302720545604825,0.024450896307826042,0.0014362744009122253,0.0009142715134657919
lstm-mae-0.0001-s44,lstm,base,44,mae,0.0001,21,0.028516599908471107,0.03978676348924637,0.0012460285844281315,0.0021501854062080383
lstm-mae-0.0001-s44,lstm,base,44,mae,0.0001,22,0.02518225010484457,0.023370971903204918,0.0010312348406296223,0.0007449451950378716
lstm-mae-0.0001-s44,lstm,base,44,mae,0.0001,23,0.028948877900838853,0.032475341111421585,0.0013599370524752885,0.001469771028496325
lstm-mae-0.0001-s44,lstm,base,44,mae,0.0001,24,0.02468047209084034,0.045589033514261246,0.0009269710187800229,0.00284716859459877
lstm-mae-0.0001-s44,lstm,base,44,mae,0.0001,25,0.022992522977292536,0.028856605291366577,0.0008772513933945447,0.0010494167217984796
lstm-mae-0.0001-s44,lstm,base,44,mae,0.0001,26,0.023834515139460565,0.03648142144083977,0.0009554194926749915,0.0018787243170663714
lstm-mae-0.0001-s44,lstm,base,44,mae,0.0001,27,0.02099686436355114,0.03723930940032005,0.0007076128735207021,0.0019794092513620853
lstm-mae-0.0001-s44,lstm,base,44,mae,0.0001,28,0.020149454697966574,0.03419278934597969,0.0006866680717212148,0.0015843360451981425
lstm-mae-0.0001-s44,lstm,base,44,mae,0.0001,29,0.019905570074915887,0.0349101684987545,0.0006867935534683056,0.0016885147197172046
lstm-mae-0.0001-s44,lstm,base,44,mae,0.0001,30,0.019486738070845604,0.03621095046401024,0.000625783549330663,0.0018890753854066133
lstm-mae-0.001-s42,lstm,base,42,mae,0.001,1,0.2439933466911316,0.07712896913290024,0.0813857813179493,0.006119782105088234
lstm-mae-0.001-s42,lstm,base,42,mae,0.001,2,0.08903489887714386,0.08526382595300674,0.009451486319303513,0.010066471993923187
lstm-mae-0.001-s42,lstm,base,42,mae,0.001,3,0.08690033137798309,0.05359722301363945,0.010095221751835198,0.003397252643480897
lstm-mae-0.001-s42,lstm,base,42,mae,0.001,4,0.04611734211444855,0.018741704523563385,0.0024749024864286185,0.0005085943266749382
lstm-mae-0.001-s42,lstm,base,42,mae,0.001,5,0.031695647835731505,0.013259277679026127,0.0015742649976164102,0.00023614153906237334
lstm-mae-0.001-s42,lstm,base,42,mae,0.001,6,0.015355597883462906,0.0379197932779789,0.0004921656561782584,0.0016394422855228186
lstm-mae-0.001-s42,lstm,base,42,mae,0.001,7,0.03652301469817758,0.04336331784725189,0.0016347271252016072,0.0025864695198833942
lstm-mae-0.001-s42,lstm,base,42,mae,0.001,8,0.03495727004483342,0.027954857796430588,0.001780004288884811,0.0009694319451227784
lstm-mae-0.001-s42,lstm,base,42,mae,0.001,9,0.022573666758835317,0.013992921449244022,0.000621985342586413,0.0003035645349882543
lstm-mae-0.001-s42,lstm,base,42,mae,0.001,10,0.018505467027425768,0.026054272428154945,0.00046155925607308743,0.0008708175737410784
lstm-mae-0.001-s42,lstm,base,42,mae,0.001,11,0.028827050272375344,0.011172132566571236,0.0011903308794717305,0.00015705607074778527
lstm-mae-0.001-s42,lstm,base,42,mae,0.001,12,0.02571244865655899,0.021859241649508476,0.0009095560107380151,0.0006668947171419859
lstm-mae-0.001-s42,lstm,base,42,mae,0.001,13,0.018113060295581816,0.015584660694003105,0.0004157765733543783,0.0003350394545122981
lstm-mae-0.001-s42,lstm,base,42,mae,0.001,14,0.015990973562002183,0.024223189800977707,0.0003825576603412628,0.0008177614654414356
lstm-mae-0.001-s42,lstm,base,42,mae,0.001,15,0.019629290103912355,0.014897007495164871,0.000470931576564908,0.00031032960396260023
lstm-mae-0.001-s42,lstm,base,42,mae,0.001,16,0.014508541375398636,0.015292047522962093,0.0003229190851561725,0.00035580454277805984
lstm-mae-0.001-s42,lstm,base,42,mae,0.001,17,0.015717543959617615,0.011306975968182087,0.00033522758050821724,0.00018871018255595118
lstm-mae-0.001-s42,lstm,base,42,mae,0.001,18,0.021186565831303596,0.019907010719180107,0.0006140124122612178,0.0005495258374139667
lstm-mae-0.001-s42,lstm,base,42,mae,0.001,19,0.015215405225753785,0.015177352353930473,0.0003023798228241503,0.0003188833361491561
lstm-mae-0.001-s42,lstm,base,42,mae,0.001,20,0.01596715971827507,0.01581360213458538,0.0003746349585708231,0.00037452351534739137
lstm-mae-0.001-s42,lstm,base,42,mae,0.001,21,0.012295019868761302,0.012469494715332985,0.00022176988597493618,0.00022353592794388533
lstm-mae-0.001-s42,lstm,base,42,mae,0.001,22,0.011096261832863092,0.014571613632142544,0.00020308587336330674,0.00031844820477999747
lstm-mae-0.001-s42,lstm,base,42,mae,0.001,23,0.010907111708074808,0.012879221700131893,0.0001844722661189735,0.0002374191244598478
lstm-mae-0.001-s42,lstm,base,42,mae,0.001,24,0.010659653935581445,0.014564490877091885,0.00019516784697771073,0.00031617822241969407
lstm-mae-0.001-s42,lstm,base,42,mae,0.001,25,0.010468508545309306,0.013745740056037903,0.00018348392717598472,0.0002798218047246337
lstm-mae-0.001-s42,lstm,base,42,mae,0.001,26,0.010194910261780023,0.013876073993742466,0.00017651689719059505,0.00025806252961046994
lstm-mae-0.001-s42,lstm,base,42,mae,0.001,27,0.012050954531878233,0.01716243475675583,0.0002554076339583844,0.00040647166315466166
lstm-mae-0.001-s42,lstm,base,42,mae,0.001,28,0.01652432292699814,0.017232734709978104,0.00038180296309292316,0.00042677836609072983
lstm-mae-0.001-s42,lstm,base,42,mae,0.001,29,0.016480767969042062,0.013181230053305626,0.00036424725803954063,0.0002463342680130154
lstm-mae-0.001-s42,lstm,base,42,mae,0.001,30,0.010039401147514582,0.01319117657840252,0.00019514576684741768,0.00026159267872571945
lstm-mae-0.001-s43,lstm,base,43,mae,0.001,1,0.15217593014240266,0.047879233956336975,0.025347514674067498,0.0031204090919345617
lstm-mae-0.001-s43,lstm,base,43,mae,0.001,2,0.09487656891345977,0.0616755448281765,0.010627899095416069,0.004714773502200842
lstm-mae-0.001-s43,lstm,base,43,mae,0.001,3,0.0728361439704895,0.04560697451233864,0.006605804562568664,0.0023532630875706673
lstm-mae-0.001-s43,lstm,base,43,mae,0.001,4,0.07080336146056652,0.013347478583455086,0.0061300061293877665,0.00036999888834543526
lstm-mae-0.001-s43,lstm,base,43,mae,0.001,5,0.029576521515846253,0.05962075665593147,0.0014684994518756867,0.003731967182829976
lstm-mae-0.001-s43,lstm,base,43,mae,0.001,6,0.03694375926628709,0.026199370622634888,0.0020180304712266663,0.0008400172227993608
lstm-mae-0.001-s43,lstm,base,43,mae,0.001,7,0.029687245041131974,0.015889683738350868,0.0012038324493914843,0.00032974142231978476
lstm-mae-0.001-s43,lstm,base,43,mae,0.001,8,0.01885698014870286,0.010943573899567127,0.000518247440631967,0.00017062044935300946
lstm-mae-0.001-s43,lstm,base,43,mae,0.001,9,0.012853935901075602,0.02066904865205288,0.0003109552066598553,0.0006161972414702177
lstm-mae-0.001-s43,lstm,base,43,mae,0.001,10,0.01972425924614072,0.024045182392001152,0.0005208289850270376,0.0008297950844280422
lstm-mae-0.001-s43,lstm,base,43,mae,0.001,11,0.022388294339179993,0.024609778076410294,0.0006981547339819372,0.000708585255779326
lstm-mae-0.001-s43,lstm,base,43,mae,0.001,12,0.03604137258604169,0.012912463396787643,0.0015631085706991144,0.0002711647830437869
lstm-mae-0.001-s43,lstm,base,43,mae,0.001,13,0.02752259522676468,0.016697317361831665,0.0010737973544746636,0.0003921568568330258
lstm-mae-0.001-s43,lstm,base,43,mae,0.001,14,0.013724799398332835,0.022926276549696922,0.0002980113863304723,0.0006764067220501602
lstm-mae-0.001-s43,lstm,base,43,mae,0.001,15,0.02374219670891762,0.008879661560058594,0.0008332479302771389,0.00012214390153530985
lstm-mae-0.001-s43,lstm,base,43,mae,0.001,16,0.011438653636723757,0.012244381941854954,0.00023681569553446024,0.00026652435190044343
lstm-mae-0.001-s43,lstm,base,43,mae,0.001,17,0.016588670555502175,0.010273505002260208,0.00039561930956551807,0.000158376875333488
lstm-mae-0.001-s43,lstm,base,43,mae,0.001,18,0.014329363871365786,0.015449682250618935,0.000327312849694863,0.00037779490230605006
lstm-mae-0.001-s43,lstm,base,43,mae,0.001,19,0.02165971428155899,0.010895058512687683,0.0006105456873774528,0.00017478580411989242
lstm-mae-0.001-s43,lstm,base,43,mae,0.001,20,0.016140834633260964,0.00884716585278511,0.0004233039762766566,0.00013465250958688557
lstm-mae-0.001-s43,lstm,base,43,mae,0.001,21,0.01262201739475131,0.015789315104484558,0.00026627389364875854,0.00032253912650048733
lstm-mae-0.001-s43,lstm,base,43,mae,0.001,22,0.020999823696911335,0.020336441695690155,0.0005912864627316594,0.0005909652099944651
lstm-mae-0.001-s43,lstm,base,43,mae,0.001,23,0.020828222576528787,0.012619959190487862,0.0006188826386642177,0.0002560899592936039
lstm-mae-0.001-s43,lstm,base,43,mae,0.001,24,0.018377418667078017,0.01187559962272644,0.00043641247902996837,0.0002084390725940466
lstm-mae-0.001-s43,lstm,base,43,mae,0.001,25,0.019092286601662636,0.018896467983722687,0.0004919365048408509,0.0004860378976445645
lstm-mae-0.001-s43,lstm,base,43,mae,0.001,26,0.013759840317070483,0.015536963008344173,0.0002684870577650145,0.0003056652203667909
lstm-mae-0.001-s43,lstm,base,43,mae,0.001,27,0.017551535815000532,0.008759992197155952,0.0004392011603340507,0.0001282904704567045
lstm-mae-0.001-s43,lstm,base,43,mae,0.001,28,0.011088987533003091,0.010001658461987972,0.00022766642810893246,0.00015624999650754035
lstm-mae-0.001-s43,lstm,base,43,mae,0.001,29,0.010621540937572718,0.012083878740668297,0.00020520511679933406,0.00023730199609417468
lstm-mae-0.001-s43,lstm,base,43,mae,0.001,30,0.0118465312756598,0.009961400181055069,0.00021481315372511744,0.00016207741282414645
lstm-mae-0.001-s44,lstm,base,44,mae,0.001,1,0.48314797043800356,0.14375680685043335,0.3367393934726715,0.02552744746208191
lstm-mae-0.001-s44,lstm,base,44,mae,0.001,2,0.24256499767303466,0.24170751869678497,0.0773091733455658,0.06288832426071167
lstm-mae-0.001-s44,lstm,base,44,mae,0.001,3,0.11904484510421753,0.29517239332199097,0.019460163787007333,0.08895207196474075
lstm-mae-0.001-s44,lstm,base,44,mae,0.001,4,0.26267432153224946,0.04245534911751747,0.07977484960108995,0.0020635295659303665
lstm-mae-0.001-s44,lstm,base,44,mae,0.001,5,0.14742350339889526,0.2185126394033432,0.031734075546264645,0.049079328775405884
lstm-mae-0.001-s44,lstm,base,44,mae,0.001,6,0.17545538306236266,0.021833470091223717,0.03257108986377716,0.0007132697501219809
lstm-mae-0.001-s44,lstm,base,44,mae,0.001,7,0.07394373595714569,0.054996371269226074,0.006906798165291547,0.0031683137640357018
lstm-mae-0.001-s44,lstm,base,44,mae,0.001,8,0.05535004734992981,0.08714323490858078,0.0038461415842175484,0.00794428400695324
lstm-mae-0.001-s44,lstm,base,44,mae,0.001,9,0.053562088161706926,0.03288423642516136,0.0040691337874159215,0.0021513402462005615
lstm-mae-0.001-s44,lstm,base,44,mae,0.001,10,0.042544360905885696,0.061580199748277664,0.002741736739408225,0.004903385415673256
lstm-mae-0.001-s44,lstm,base,44,mae,0.001,11,0.07019971430301666,0.047242000699043274,0.005464376248419285,0.003032103879377246
lstm-mae-0.001-s44,lstm,base,44,mae,0.001,12,0.04694372549653053,0.03490494191646576,0.0027819586545228957,0.001792420749552548
lstm-mae-0.001-s44,lstm,base,44,mae,0.001,13,0.029606862664222716,0.0502045676112175,0.001282954579219222,0.0028406388591974974
lstm-mae-0.001-s44,lstm,base,44,mae,0.001,14,0.02839415991678834,0.019743161275982857,0.0011999733466655017,0.0006725449929945171
lstm-mae-0.001-s44,lstm,base,44,mae,0.001,15,0.026545042246580122,0.025482671335339546,0.0011157261329935865,0.0008972199284471571
lstm-mae-0.001-s44,lstm,base,44,mae,0.001,16,0.020477222744375467,0.020359883084893227,0.0005774438043590635,0.0005309660919010639
lstm-mae-0.001-s44,lstm,base,44,mae,0.001,17,0.01709510261192918,0.016097787767648697,0.0004704001560457982,0.0004106086562387645
lstm-mae-0.001-s44,lstm,base,44,mae,0.001,18,0.016926861573010682,0.008236456662416458,0.00045851406437577677,0.00010625006689224392
lstm-mae-0.001-s44,lstm,base,44,mae,0.001,19,0.0281778085231781,0.00839948933571577,0.001168700708076358,0.00011730045662261546
lstm-mae-0.001-s44,lstm,base,44,mae,0.001,20,0.017323073092848064,0.015209498815238476,0.0005632459906337317,0.00034431859967298806
lstm-mae-0.001-s44,lstm,base,44,mae,0.001,21,0.014245735350996255,0.018703356385231018,0.0003261527713038959,0.00047916240873746574
lstm-mae-0.001-s44,lstm,base,44,mae,0.001,22,0.015361108426004648,0.01886194758117199,0.0003895855255541392,0.0005416218191385269
lstm-mae-0.001-s44,lstm,base,44,mae,0.001,23,0.01478011505678296,0.008844401687383652,0.0003189054505492095,0.00013639696408063173
lstm-mae-0.001-s44,lstm,base,44,mae,0.001,24,0.022541072964668275,0.01592031680047512,0.0007217124779708684,0.00031989492708817124
lstm-mae-0.001-s44,lstm,base,44,mae,0.001,25,0.030810445975512267,0.0209390576928854,0.001268913420062745,0.0006389834452420473
lstm-mae-0.001-s44,lstm,base,44,mae,0.001,26,0.014448920730501413,0.025205416604876518,0.00031640436936868354,0.0009050171938724816
lstm-mae-0.001-s44,lstm,base,44,mae,0.001,27,0.016488774884492158,0.03468991816043854,0.000379295822349377,0.00142611691262573
lstm-mae-0.001-s44,lstm,base,44,mae,0.001,28,0.0290031729452312,0.033240582793951035,0.0010759575528209097,0.001238565077073872
lstm-mae-0.001-s44,lstm,base,44,mae,0.001,29,0.056985869109630584,0.009091689251363277,0.003554925387725234,0.0001498905330663547
lstm-mae-0.001-s44,lstm,base,44,mae,0.001,30,0.04379201173782349,0.06556904315948486,0.002837023613974452,0.004432171117514372
lstm-huber-0.0001-s42,lstm,base,42,huber,0.0001,1,0.09782774537801743,0.05683256313204765,0.012474100589752197,0.004209435079246759
lstm-huber-0.0001-s42,lstm,base,42,huber,0.0001,2,0.06485130727291107,0.05731290951371193,0.006268862187862396,0.003842418547719717
lstm-huber-0.0001-s42,lstm,base,42,huber,0.0001,3,0.04748333374038339,0.06783754378557205,0.003154495652997866,0.005967417731881142
lstm-huber-0.0001-s42,lstm,base,42,huber,0.0001,4,0.04781521141529083,0.06064152345061302,0.0033433036343194543,0.004450594540685415
lstm-huber-0.0001-s42,lstm,base,42,huber,0.0001,5,0.03826207200065255,0.028268588706851006,0.0022266971465433015,0.0011582759907469153
lstm-huber-0.0001-s42,lstm,base,42,huber,0.0001,6,0.03130313202738762,0.016092492267489433,0.001423595822416246,0.00038131538894958794
lstm-huber-0.0001-s42,lstm,base,42,huber,0.0001,7,0.022559003122150898,0.025236250832676888,0.0008250295015750453,0.0008063999703153968
lstm-huber-0.0001-s42,lstm,base,42,huber,0.0001,8,0.019233416020870208,0.02326103299856186,0.0005506623047403991,0.0007040428463369608
lstm-huber-0.0001-s42,lstm,base,42,huber,0.0001,9,0.01678626434877515,0.014523155055940151,0.0004385996086057276,0.0003285657148808241
lstm-huber-0.0001-s42,lstm,base,42,huber,0.0001,10,0.0182787006534636,0.015129848383367062,0.0005130749510135501,0.0003651306906249374
lstm-huber-0.0001-s42,lstm,base,42,huber,0.0001,11,0.015407503582537174,0.02004397101700306,0.00037718783074524253,0.0005812364397570491
lstm-huber-0.0001-s42,lstm,base,42,huber,0.0001,12,0.01374504441395402,0.014875520952045918,0.00031179369820165447,0.00036685183295048773
lstm-huber-0.0001-s42,lstm,base,42,huber,0.0001,13,0.013376817684620618,0.016513129696249962,0.0003104195998457726,0.00042860538815148175
lstm-huber-0.0001-s42,lstm,base,42,huber,0.0001,14,0.013290089163929224,0.01859622821211815,0.00028539384140458424,0.0005086170858703554
lstm-huber-0.0001-s42,lstm,base,42,huber,0.0001,15,0.01302980912849307,0.01564089022576809,0.0002853176841745153,0.00039764479151926935
lstm-huber-0.0001-s42,lstm,base,42,huber,0.0001,16,0.012186981085687876,0.01830759458243847,0.00025900570064550264,0.0005114958621561527
lstm-huber-0.0001-s42,lstm,base,42,huber,0.0001,17,0.011948173437267541,0.016761569306254387,0.0002544840297923656,0.0004461999633349478
lstm-huber-0.0001-s42,lstm,base,42,huber,0.0001,18,0.011809102836996316,0.018105467781424522,0.0002537682445108658,0.0005046555306762457
lstm-huber-0.0001-s42,lstm,base,42,huber,0.0001,19,0.011411786619573832,0.0183755774050951,0.000238796059275046,0.0005151794757694006
lstm-huber-0.0001-s42,lstm,base,42,huber,0.0001,20,0.011438409928232432,0.01866241730749607,0.000240368264458084,0.0005273333517834544
lstm-huber-0.0001-s42,lstm,base,42,huber,0.0001,21,0.011163928899914027,0.019391465932130814,0.00022720355540513992,0.0005635759443975985
lstm-huber-0.0001-s42,lstm,base,42,huber,0.0001,22,0.01120609575882554,0.018940400332212448,0.00022914194676559418,0.0005436151404865086
lstm-huber-0.0001-s42,lstm,base,42,huber,0.0001,23,0.010995734427124261,0.01945214718580246,0.00021732423760113307,0.0005716614541597664
lstm-huber-0.0001-s42,lstm,base,42,huber,0.0001,24,0.010982373747974634,0.019234545528888702,0.00021840116249222775,0.0005578726995736361
lstm-huber-0.0001-s42,lstm,base,42,huber,0.0001,25,0.010797932092100383,0.019604213535785675,0.00020947735079971609,0.000578654813580215
lstm-huber-0.0001-s42,lstm,base,42,huber,0.0001,26,0.010788677129894494,0.019646843895316124,0.0002131484020355856,0.0005797453341074288
lstm-huber-0.0001-s42,lstm,base,42,huber,0.0001,27,0.010491767767816781,0.01982022263109684,0.00020434142024896573,0.0005893845809623599
lstm-huber-0.0001-s42,lstm,base,42,huber,0.0001,28,0.010578115973621606,0.020044799894094467,0.00021183956683671568,0.0006017327541485429
lstm-huber-0.0001-s42,lstm,base,42,huber,0.0001,29,0.010259014386683703,0.019806168973445892,0.0002011025712272385,0.0005853071925230324
lstm-huber-0.0001-s42,lstm,base,42,huber,0.0001,30,0.010487926695495843,0.020432308316230774,0.00021023838726250688,0.0006230438011698425
lstm-huber-0.0001-s43,lstm,base,43,huber,0.0001,1,0.1370705384016037,0.05715666338801384,0.01932669837027788,0.0038342943880707026
lstm-huber-0.0001-s43,lstm,base,43,huber,0.0001,2,0.018209822438657285,0.03463663533329964,0.0005512969626579433,0.0015812134370207787
lstm-huber-0.0001-s43,lstm,base,43,huber,0.0001,3,0.07087978884577752,0.022209571674466133,0.005920454254373908,0.0007287586922757328
lstm-huber-0.0001-s43,lstm,base,43,huber,0.0001,4,0.040738489925861356,0.03716539964079857,0.002583810822106898,0.0017528730677440763
lstm-huber-0.0001-s43,lstm,base,43,huber,0.0001,5,0.02910441279411316,0.04555165395140648,0.0011658719275146722,0.0024118938017636538
lstm-huber-0.0001-s43,lstm,base,43,huber,0.0001,6,0.02079228065907955,0.01630360260605812,0.0005979816359467804,0.00043263621046207845
lstm-huber-0.0001-s43,lstm,base,43,huber,0.0001,7,0.021445618718862535,0.015008634887635708,0.0007650758349336684,0.00036091115907765925
lstm-huber-0.0001-s43,lstm,base,43,huber,0.0001,8,0.017837296947836877,0.031044600531458855,0.0005627997522242367,0.0013317379634827375
lstm-huber-0.0001-s43,lstm,base,43,huber,0.0001,9,0.019941801950335503,0.028093911707401276,0.0005551073956303298,0.0011748329270631075
lstm-huber-0.0001-s43,lstm,base,43,huber,0.0001,10,0.016604716964066027,0.017509613186120987,0.0004178908572066575,0.0005420473171398044
lstm-huber-0.0001-s43,lstm,base,43,huber,0.0001,11,0.014795953594148158,0.02319871261715889,0.00039863216457888486,0.000904007931239903
lstm-huber-0.0001-s43,lstm,base,43,huber,0.0001,12,0.015015542730689049,0.02619198150932789,0.00036226271535269914,0.0010287383338436484
lstm-huber-0.0001-s43,lstm,base,43,huber,0.0001,13,0.01363192968070507,0.017880754545331,0.0003179424520931207,0.0005930786719545722
lstm-huber-0.0001-s43,lstm,base,43,huber,0.0001,14,0.013996649906039238,0.022241681814193726,0.00034370727313216777,0.0008118958794511855
lstm-huber-0.0001-s43,lstm,base,43,huber,0.0001,15,0.013199762627482414,0.02110397070646286,0.0003013332057162188,0.0007605538703501225
lstm-huber-0.0001-s43,lstm,base,43,huber,0.0001,16,0.012453585490584373,0.01861136220395565,0.00028428214660380035,0.0006380524137057364
lstm-huber-0.0001-s43,lstm,base,43,huber,0.0001,17,0.012266479674726724,0.021282214671373367,0.0002740188731695525,0.0007630366599187255
lstm-huber-0.0001-s43,lstm,base,43,huber,0.0001,18,0.01226052874699235,0.018410615622997284,0.0002592799859121442,0.0006195569294504821
lstm-huber-0.0001-s43,lstm,base,43,huber,0.0001,19,0.011835735086351632,0.019014880061149597,0.00025073159049497916,0.0006430922076106071
lstm-huber-0.0001-s43,lstm,base,43,huber,0.0001,20,0.011538861040025949,0.017770731821656227,0.0002396076772129163,0.0005768925184383988
lstm-huber-0.0001-s43,lstm,base,43,huber,0.0001,21,0.011397026125341653,0.018014930188655853,0.00023419034798280336,0.0005877626244910061
lstm-huber-0.0001-s43,lstm,base,43,huber,0.0001,22,0.011074989084154368,0.01797887124121189,0.00022557335760211572,0.000586116046179086
lstm-huber-0.0001-s43,lstm,base,43,huber,0.0001,23,0.010929968599230051,0.01769588142633438,0.0002148583106463775,0.0005717683816328645
lstm-huber-0.0001-s43,lstm,base,43,huber,0.0001,24,0.01066683704033494,0.018206482753157616,0.00021319630272046198,0.0005950204213149846
lstm-huber-0.0001-s43,lstm,base,43,huber,0.0001,25,0.010775224808603524,0.0166579969227314,0.0002043410550686531,0.0005192199605517089
lstm-huber-0.0001-s43,lstm,base,43,huber,0.0001,26,0.010724823344498874,0.018968602642416954,0.00021799897818709725,0.0006256287451833487
lstm-huber-0.0001-s43,lstm,base,43,huber,0.0001,27,0.011288555990904569,0.01577875018119812,0.00021041245185188018,0.00047363716294057667
lstm-huber-0.0001-s43,lstm,base,43,huber,0.0001,28,0.01172520563006401,0.01964603178203106,0.0002509097673464567,0.0006546495715156198
lstm-huber-0.0001-s43,lstm,base,43,huber,0.0001,29,0.012999263554811478,0.0167379193007946,0.0002486652994411998,0.000519357796292752
lstm-huber-0.0001-s43,lstm,base,43,huber,0.0001,30,0.012613547295331954,0.01656547375023365,0.00027251099818386136,0.0005124463932588696
lstm-huber-0.0001-s44,lstm,base,44,huber,0.0001,1,0.933748004436493,0.757914662361145,0.8762429904937744,0.5776737928390503
lstm-huber-0.0001-s44,lstm,base,44,huber,0.0001,2,0.6982215690612793,0.5128099918365479,0.4924814510345459,0.26533615589141846
lstm-huber-0.0001-s44,lstm,base,44,huber,0.0001,3,0.4573304533958435,0.25783002376556396,0.21519920229911804,0.06817051768302917
lstm-huber-0.0001-s44,lstm,base,44,huber,0.0001,4,0.20646895468235016,0.03272728621959686,0.05032153621315956,0.001312279375270009
lstm-huber-0.0001-s44,lstm,base,44,huber,0.0001,5,0.0909667432308197,0.1970980167388916,0.010944635570049287,0.03973407298326492
lstm-huber-0.0001-s44,lstm,base,44,huber,0.0001,6,0.1800218391418457,0.20153647661209106,0.04087760716676712,0.04138440266251564
lstm-huber-0.0001-s44,lstm,base,44,huber,0.0001,7,0.15156041979789733,0.09687530249357224,0.031608060225844385,0.010144753381609917
lstm-huber-0.0001-s44,lstm,base,44,huber,0.0001,8,0.0877434616535902,0.0301364716142416,0.010509392414242029,0.001502858940511942
lstm-huber-0.0001-s44,lstm,base,44,huber,0.0001,9,0.08528804540634155,0.0777459666132927,0.011772781237959861,0.006712539121508598
lstm-huber-0.0001-s44,lstm,base,44,huber,0.0001,10,0.08847410649061203,0.029804185032844543,0.012346805222332478,0.0013487611431628466
lstm-huber-0.0001-s44,lstm,base,44,huber,0.0001,11,0.059613070338964465,0.030007828027009964,0.005499550132080913,0.0012236636830493808
lstm-huber-0.0001-s44,lstm,base,44,huber,0.0001,12,0.0626443849503994,0.030778400599956512,0.005104155335575342,0.0012469837674871087
lstm-huber-0.0001-s44,lstm,base,44,huber,0.0001,13,0.056968439184129235,0.015059982426464558,0.004516538825118915,0.00033154929406009614
lstm-huber-0.0001-s44,lstm,base,44,huber,0.0001,14,0.05307363696396351,0.02707093209028244,0.00415887568378821,0.0009973213309422135
lstm-huber-0.0001-s44,lstm,base,44,huber,0.0001,15,0.04516252629458904,0.01243778970092535,0.0033031769801164044,0.00028763763839378953
lstm-huber-0.0001-s44,lstm,base,44,huber,0.0001,16,0.040791671723127365,0.013569782488048077,0.002426071537192911,0.0002843620313797146
lstm-huber-0.0001-s44,lstm,base,44,huber,0.0001,17,0.037690300568938254,0.023831645026803017,0.0021216409985208885,0.0008664361084811389
lstm-huber-0.0001-s44,lstm,base,44,huber,0.0001,18,0.03368598513305187,0.022983482107520103,0.001853509257780388,0.0008506010635755956
lstm-huber-0.0001-s44,lstm,base,44,huber,0.0001,19,0.029113910160958767,0.01940770260989666,0.0013728965056361631,0.0005882614641450346
lstm-huber-0.0001-s44,lstm,base,44,huber,0.0001,20,0.02756278060376644,0.02720351703464985,0.0012149907601997256,0.0011379070347175002
lstm-huber-0.0001-s44,lstm,base,44,huber,0.0001,21,0.024808077439665795,0.029237069189548492,0.0010154181192046962,0.0012427689507603645
lstm-huber-0.0001-s44,lstm,base,44,huber,0.0001,22,0.022254539355635643,0.029913462698459625,0.0009068949302309193,0.0012335741193965077
lstm-huber-0.0001-s44,lstm,base,44,huber,0.0001,23,0.021622288748621942,0.034525781869888306,0.0008294483099598438,0.001695074257440865
lstm-huber-0.0001-s44,lstm,base,44,huber,0.0001,24,0.02097762607038021,0.03431538864970207,0.0007858441432472318,0.001609913189895451
lstm-huber-0.0001-s44,lstm,base,44,huber,0.0001,25,0.020633973423391582,0.03610854968428612,0.000743522017437499,0.0018043388845399022
lstm-huber-0.0001-s44,lstm,base,44,huber,0.0001,26,0.020686832312494515,0.03622278943657875,0.0007397333953122143,0.0018016466638073325
lstm-huber-0.0001-s44,lstm,base,44,huber,0.0001,27,0.020205098930746318,0.03652789816260338,0.0006768662328249775,0.001842139521613717
lstm-huber-0.0001-s44,lstm,base,44,huber,0.0001,28,0.020289929378777743,0.03575246408581734,0.0007122884137788787,0.001745621906593442
lstm-huber-0.0001-s44,lstm,base,44,huber,0.0001,29,0.0200487457215786,0.037135638296604156,0.0006351347436429933,0.0019488149555400014
lstm-huber-0.0001-s44,lstm,base,44,huber,0.0001,30,0.019970169551670552,0.03375096991658211,0.0006847793853376061,0.001527354004792869
lstm-huber-0.001-s42,lstm,base,42,huber,0.001,1,0.2424826443195343,0.0839950293302536,0.08044552311301231,0.007226553279906511
lstm-huber-0.001-s42,lstm,base,42,huber,0.001,2,0.09619300603866578,0.08294317126274109,0.01077656589448452,0.009240907616913319
lstm-huber-0.001-s42,lstm,base,42,huber,0.001,3,0.0805357614159584,0.05121999979019165,0.008999298186972737,0.003001808887347579
lstm-huber-0.001-s42,lstm,base,42,huber,0.001,4,0.04614038527011871,0.020132793113589287,0.002424447857774794,0.0005712874699383974
lstm-huber-0.001-s42,lstm,base,42,huber,0.001,5,0.0340032297372818,0.018355179578065872,0.001777765080332756,0.00046161640784703195
lstm-huber-0.001-s42,lstm,base,42,huber,0.001,6,0.015590088609606027,0.039521750062704086,0.0005050267183105461,0.0017407432897016406
lstm-huber-0.001-s42,lstm,base,42,huber,0.001,7,0.03211481459438801,0.028345614671707153,0.0015033635357394814,0.0011134515516459942
lstm-huber-0.001-s42,lstm,base,42,huber,0.001,8,0.01770754385739565,0.018648294731974602,0.0004903581645339727,0.0004883109941147268
lstm-huber-0.001-s42,lstm,base,42,huber,0.001,9,0.012422937098890544,0.013603526167571545,0.00025374666234711184,0.00027687696274369955
lstm-huber-0.001-s42,lstm,base,42,huber,0.001,10,0.01133281970396638,0.012844298034906387,0.00021884640358621254,0.00022357820125762373
lstm-huber-0.001-s42,lstm,base,42,huber,0.001,11,0.013888994548469782,0.016383815556764603,0.00028559348415001294,0.00034763431176543236
lstm-huber-0.001-s42,lstm,base,42,huber,0.001,12,0.014670460615307093,0.027757735922932625,0.0003150400427693967,0.0010903988732025027
lstm-huber-0.001-s42,lstm,base,42,huber,0.001,13,0.01795662060379982,0.016405634582042694,0.0005307260464178399,0.0003679409855976701
lstm-huber-0.001-s42,lstm,base,42,huber,0.001,14,0.01203707292675972,0.015487860888242722,0.00026137424807529895,0.00031316300737671554
lstm-huber-0.001-s42,lstm,base,42,huber,0.001,15,0.013007005397230386,0.02157343365252018,0.0003068382864148589,0.0006708191358484328
lstm-huber-0.001-s42,lstm,base,42,huber,0.001,16,0.01372689425945282,0.014210241846740246,0.0003016892823507078,0.0002903125714510679
lstm-huber-0.001-s42,lstm,base,42,huber,0.001,17,0.011475319806486368,0.014929009601473808,0.00021274918850394897,0.0003197257174178958
lstm-huber-0.001-s42,lstm,base,42,huber,0.001,18,0.013268538247793914,0.018232423812150955,0.0002981314665521495,0.00047101304517127573
lstm-huber-0.001-s42,lstm,base,42,huber,0.001,19,0.015411588847637176,0.024553315714001656,0.00030445125710684804,0.0008395572658628225
lstm-huber-0.001-s42,lstm,base,42,huber,0.001,20,0.022636481653898956,0.025023655965924263,0.000656938458851073,0.0008050759206525981
lstm-huber-0.001-s42,lstm,base,42,huber,0.001,21,0.029168451968580485,0.0202633049339056,0.001084090948716039,0.0005835460615344346
lstm-huber-0.001-s42,lstm,base,42,huber,0.001,22,0.025377375334501268,0.017525283619761467,0.0008314452623017132,0.00042424999992363155
lstm-huber-0.001-s42,lstm,base,42,huber,0.001,23,0.02732508137822151,0.018695859238505363,0.0009146935190074146,0.0004966609994880855
lstm-huber-0.001-s42,lstm,base,42,huber,0.001,24,0.021404928416013717,0.014676889404654503,0.0006108505564043299,0.00030360795790329576
lstm-huber-0.001-s42,lstm,base,42,huber,0.001,25,0.02165081188082695,0.015546130016446114,0.0006621006177738309,0.00034730954212136567
lstm-huber-0.001-s42,lstm,base,42,huber,0.001,26,0.014832066744565964,0.01729167439043522,0.0003347251983359456,0.0004221533890813589
lstm-huber-0.001-s42,lstm,base,42,huber,0.001,27,0.0193278543651104,0.01440513040870428,0.0004727688943967223,0.0003123854985460639
lstm-huber-0.001-s42,lstm,base,42,huber,0.001,28,0.016520716696977616,0.017301298677921295,0.0003686883056070656,0.0004276651598047465
lstm-huber-0.001-s42,lstm,base,42,huber,0.001,29,0.015347667932510377,0.011953253298997879,0.0002984585368540138,0.00021898146951571107
lstm-huber-0.001-s42,lstm,base,42,huber,0.001,30,0.016273884028196337,0.01475168950855732,0.0003610876481980085,0.0003293661866337061
lstm-huber-0.001-s43,lstm,base,43,huber,0.001,1,0.15216429233551027,0.0478801354765892,0.025342145841568707,0.003118785796687007
lstm-huber-0.001-s43,lstm,base,43,huber,0.001,2,0.09451827496290206,0.06377551704645157,0.01054580530617386,0.004986944608390331
lstm-huber-0.001-s43,lstm,base,43,huber,0.001,3,0.07496833980083466,0.041767045855522156,0.006939943786710501,0.002014585305005312
lstm-huber-0.001-s43,lstm,base,43,huber,0.001,4,0.0667973979562521,0.01469404436647892,0.005557251565041952,0.00040826122858561575
lstm-huber-0.001-s43,lstm,base,43,huber,0.001,5,0.02723615348339081,0.04715258255600929,0.0011401677317917347,0.0024113869294524193
lstm-huber-0.001-s43,lstm,base,43,huber,0.001,6,0.03508250111714006,0.01331840455532074,0.0016815557616064326,0.0003092330298386514
lstm-huber-0.001-s43,lstm,base,43,huber,0.001,7,0.018089123517274857,0.021527184173464775,0.0004825310222804546,0.0005444934940896928
lstm-huber-0.001-s43,lstm,base,43,huber,0.001,8,0.020187097731977702,0.012299873866140842,0.0005781568237580359,0.0002697986492421478
lstm-huber-0.001-s43,lstm,base,43,huber,0.001,9,0.018271094150841237,0.021182956174016,0.0004581214964855462,0.0006646757829003036
lstm-huber-0.001-s43,lstm,base,43,huber,0.001,10,0.02015150710940361,0.020093116909265518,0.0005912640132009983,0.0004861480847466737
lstm-huber-0.001-s43,lstm,base,43,huber,0.001,11,0.028487658742815256,0.01782265119254589,0.0010326660933787934,0.0004898725892417133
lstm-huber-0.001-s43,lstm,base,43,huber,0.001,12,0.0187870816886425,0.017276443541049957,0.0005022857460426167,0.0003728998708538711
lstm-huber-0.001-s43,lstm,base,43,huber,0.001,13,0.024047604352235793,0.02066870406270027,0.0007721853547263891,0.0006233413005247712
lstm-huber-0.001-s43,lstm,base,43,huber,0.001,14,0.024715035408735275,0.01129982154816389,0.0007767716911621391,0.00018896277470048517
lstm-huber-0.001-s43,lstm,base,43,huber,0.001,15,0.02108602300286293,0.009763211943209171,0.0006555926101282239,0.00015974667621776462
lstm-huber-0.001-s43,lstm,base,43,huber,0.001,16,0.018137080669403075,0.009403607808053493,0.0004656952386721969,0.00015274540055543184
lstm-huber-0.001-s43,lstm,base,43,huber,0.001,17,0.01779198631644249,0.01156956609338522,0.00045426954049617054,0.0002005186106543988
lstm-huber-0.001-s43,lstm,base,43,huber,0.001,18,0.01972697153687477,0.016988355666399002,0.0005322100664488971,0.0004340853192843497
lstm-huber-0.001-s43,lstm,base,43,huber,0.001,19,0.016251316517591475,0.0156695619225502,0.00034918029559776186,0.00031013364787213504
lstm-huber-0.001-s43,lstm,base,43,huber,0.001,20,0.01748211234807968,0.012194644659757614,0.00041649171034805474,0.0002642015751916915
lstm-huber-0.001-s43,lstm,base,43,huber,0.001,21,0.015060069411993027,0.011037960648536682,0.0003080664249137044,0.00018587462545838207
lstm-huber-0.001-s43,lstm,base,43,huber,0.001,22,0.014993854016065598,0.011651434935629368,0.00033596278983168305,0.0002307132672285661
lstm-huber-0.001-s43,lstm,base,43,huber,0.001,23,0.01524001255631447,0.01113065704703331,0.00031393962912261485,0.00018955352425109595
lstm-huber-0.001-s43,lstm,base,43,huber,0.001,24,0.01618888318538666,0.012904205359518528,0.0003747197426855564,0.0002884108398575336
lstm-huber-0.001-s43,lstm,base,43,huber,0.001,25,0.014683979600667953,0.012722764164209366,0.00029201426077634095,0.00023200227587949485
lstm-huber-0.001-s43,lstm,base,43,huber,0.001,26,0.01646478846669197,0.014254980720579624,0.00037642041337676346,0.00033610270475037396
lstm-huber-0.001-s43,lstm,base,43,huber,0.001,27,0.014067443758249283,0.012296301312744617,0.0002722393604926765,0.00022430297394748777
lstm-huber-0.001-s43,lstm,base,43,huber,0.001,28,0.014440196007490158,0.013450532220304012,0.00031020793481729926,0.00030411756597459316
lstm-huber-0.001-s43,lstm,base,43,huber,0.001,29,0.013497628159821034,0.011483530513942242,0.0002558958239387721,0.00019886111840605736
lstm-huber-0.001-s43,lstm,base,43,huber,0.001,30,0.013072371929883957,0.012032306753098965,0.00027181621873751283,0.00024594308342784643
lstm-huber-0.001-s44,lstm,base,44,huber,0.001,1,0.48313794255256653,0.14377209544181824,0.33674010515213015,0.025532301515340805
lstm-huber-0.001-s44,lstm,base,44,huber,0.001,2,0.2388133192062378,0.217989981174469,0.07445251882076263,0.05206224322319031
lstm-huber-0.001-s44,lstm,base,44,huber,0.001,3,0.10474767655134201,0.25680428743362427,0.015426675975322723,0.06767400354146957
lstm-huber-0.001-s44,lstm,base,44,huber,0.001,4,0.2127164276689291,0.028887389227747917,0.05713898176851217,0.0014077752130106091
lstm-huber-0.001-s44,lstm,base,44,huber,0.001,5,0.1257972264289856,0.15574292838573456,0.024778259098529817,0.02476845309138298
lstm-huber-0.001-s44,lstm,base,44,huber,0.001,6,0.08662955731153488,0.12573859095573425,0.009268414936959743,0.015955304726958275
lstm-huber-0.001-s44,lstm,base,44,huber,0.001,7,0.1372859764099121,0.019401276484131813,0.020337427966296673,0.0004874604637734592
lstm-huber-0.001-s44,lstm,base,44,huber,0.001,8,0.06715697228908539,0.1271945685148239,0.00715717189013958,0.016352608799934387
lstm-huber-0.001-s44,lstm,base,44,huber,0.001,9,0.07689687356352806,0.0488956943154335,0.0073307481527444904,0.0031425210181623697
lstm-huber-0.001-s44,lstm,base,44,huber,0.001,10,0.0731795534491539,0.03379305824637413,0.0064110523601993916,0.0014023319818079472
lstm-huber-0.001-s44,lstm,base,44,huber,0.001,11,0.034929932057857514,0.030640708282589912,0.001603383906185627,0.0012996768346056342
lstm-huber-0.001-s44,lstm,base,44,huber,0.001,12,0.04350302383303642,0.01893145777285099,0.002442457771394402,0.00046349989133886993
lstm-huber-0.001-s44,lstm,base,44,huber,0.001,13,0.025704100728034973,0.03472841903567314,0.0011253090482205152,0.0014407410053536296
lstm-huber-0.001-s44,lstm,base,44,huber,0.001,14,0.024805475417524578,0.01658499985933304,0.0008398742787539959,0.0004358562873676419
lstm-huber-0.001-s44,lstm,base,44,huber,0.001,15,0.025157272219657897,0.03222896531224251,0.0009480966627597809,0.0013701843563467264
lstm-huber-0.001-s44,lstm,base,44,huber,0.001,16,0.024078435488045214,0.01963382214307785,0.0007721226243302226,0.0004976756754331291
lstm-huber-0.001-s44,lstm,base,44,huber,0.001,17,0.017029188722372055,0.014400719664990902,0.0004240555816795677,0.0002969496126752347
lstm-huber-0.001-s44,lstm,base,44,huber,0.001,18,0.02261189067736268,0.02351134829223156,0.0008174486858479213,0.0008073949720710516
lstm-huber-0.001-s44,lstm,base,44,huber,0.001,19,0.01780668640509248,0.01643148437142372,0.00044481353077571836,0.0003892389067914337
lstm-huber-0.001-s44,lstm,base,44,huber,0.001,20,0.014690888170152903,0.011149139143526554,0.00035113888545311054,0.0001982908434001729
lstm-huber-0.001-s44,lstm,base,44,huber,0.001,21,0.014261516574770212,0.012311580590903759,0.00035998607403598727,0.00022565385734196752
lstm-huber-0.001-s44,lstm,base,44,huber,0.001,22,0.016379739195108413,0.022574517875909805,0.0004782863429863937,0.0007173592457547784
lstm-huber-0.001-s44,lstm,base,44,huber,0.001,23,0.02166202500462532,0.033287350088357925,0.0006124148389790207,0.0014414313482120633
lstm-huber-0.001-s44,lstm,base,44,huber,0.001,24,0.03162961259484291,0.020421601831912994,0.0012498549645533785,0.0005350724677555263
lstm-huber-0.001-s44,lstm,base,44,huber,0.001,25,0.03552710670977831,0.040319379419088364,0.0015806362411240117,0.001806618762202561
lstm-huber-0.001-s44,lstm,base,44,huber,0.001,26,0.048489159047603606,0.014599288813769817,0.0028266498260200025,0.0003390352940186858
lstm-huber-0.001-s44,lstm,base,44,huber,0.001,27,0.02504035219550133,0.008660445921123028,0.0009356015035882592,0.00012153662100899965
lstm-huber-0.001-s44,lstm,base,44,huber,0.001,28,0.03611461341381073,0.042698029428720474,0.0018861534260213376,0.00194687454495579
lstm-huber-0.001-s44,lstm,base,44,huber,0.001,29,0.022405899614095687,0.016672538593411446,0.0006377579690888524,0.000356489879777655
lstm-huber-0.001-s44,lstm,base,44,huber,0.001,30,0.02584677904844284,0.019461167976260185,0.0008427239861339331,0.0005657793371938169
rnn-post-mae-s42,rnn,posttraining,42,mae,0.0001,1,0.012669778633862734,0.020360654219985008,0.00025906993221724405,0.0005882931291125715
rnn-post-mae-s42,rnn,posttraining,42,mae,0.0001,2,0.011955240461975335,0.0156600009649992,0.00023815091786673294,0.0003656708577182144
rnn-post-mae-s42,rnn,posttraining,42,mae,0.0001,3,0.011033666972070932,0.018212124705314636,0.00021365683700423686,0.00048441230319440365
rnn-post-mae-s42,rnn,posttraining,42,mae,0.0001,4,0.010552997086197138,0.0195624940097332,0.00019586815338698215,0.0005501311388798058
rnn-post-mae-s42,rnn,posttraining,42,mae,0.0001,5,0.010085902530699969,0.020579827949404716,0.00018454223274602555,0.0006063019391149282
rnn-post-mse-s42,rnn,posttraining,42,mse,0.0001,1,0.01256756329908967,0.017017534002661705,0.00028707355057122185,0.0004016804741695523
rnn-post-mse-s42,rnn,posttraining,42,mse,0.0001,2,0.011901274267584085,0.02210838533937931,0.00024665381148224696,0.0006859235581941903
rnn-post-mse-s42,rnn,posttraining,42,mse,0.0001,3,0.01145575324073434,0.018376631662249565,0.0002147156378487125,0.0004990221932530403
rnn-post-mse-s42,rnn,posttraining,42,mse,0.0001,4,0.011277456153184175,0.017939427867531776,0.0002157622440427076,0.0004809263627976179
rnn-post-mse-s42,rnn,posttraining,42,mse,0.0001,5,0.010526786390691996,0.021128391847014427,0.0001926822809036821,0.0006298974622040987
rnn-post-mae-s43,rnn,posttraining,43,mae,0.0001,1,0.010595442224293948,0.014628062956035137,0.00018764907465083526,0.0003137054736725986
rnn-post-mae-s43,rnn,posttraining,43,mae,0.0001,2,0.012779791746288538,0.008853131905198097,0.00024503309577994514,0.00011080144031438977
rnn-post-mae-s43,rnn,posttraining,43,mae,0.0001,3,0.012483144868165255,0.008206425234675407,0.0002805781257484341,0.00012046052870573476
rnn-post-mae-s43,rnn,posttraining,43,mae,0.0001,4,0.011379624735563993,0.009206373244524002,0.0002091787284007296,0.00016156600031536072
rnn-post-mae-s43,rnn,posttraining,43,mae,0.0001,5,0.009786653369665145,0.008053896017372608,0.00017558181076310575,0.00012722768587991595
rnn-post-mse-s43,rnn,posttraining,43,mse,0.0001,1,0.012312563695013523,0.009150336496531963,0.00027785588754341005,0.0001181956467917189
rnn-post-mse-s43,rnn,posttraining,43,mse,0.0001,2,0.011399009469896556,0.013696377165615559,0.0002341240522946464,0.00028989670681767166
rnn-post-mse-s43,rnn,posttraining,43,mse,0.0001,3,0.012052326332777738,0.008805602788925171,0.00021735003188950942,0.00015482056187465787
rnn-post-mse-s43,rnn,posttraining,43,mse,0.0001,4,0.01032095918431878,0.007996262982487679,0.000179301114694681,0.00010823985212482512
rnn-post-mse-s43,rnn,posttraining,43,mse,0.0001,5,0.009370597507804633,0.011405453085899353,0.00016660954293911344,0.00022608856670558453
rnn-post-mae-s44,rnn,posttraining,44,mae,0.0001,1,0.01367584303021431,0.013104445300996304,0.00034181458991952243,0.0002714523870963603
rnn-post-mae-s44,rnn,posttraining,44,mae,0.0001,2,0.012062137015163898,0.011652023531496525,0.00022266581072472036,0.00021633526193909347
rnn-post-mae-s44,rnn,posttraining,44,mae,0.0001,3,0.012690311912447214,0.012658069841563702,0.00026665683777537196,0.00025357972481288016
rnn-post-mae-s44,rnn,posttraining,44,mae,0.0001,4,0.012639674488455058,0.011311356909573078,0.00026392888248665257,0.0002011730393860489
rnn-post-mae-s44,rnn,posttraining,44,mae,0.0001,5,0.011969156209379434,0.012581589631736279,0.00023984422557987272,0.00024519822909496725
rnn-post-mse-s44,rnn,posttraining,44,mse,0.0001,1,0.012812889404594898,0.013865791261196136,0.0003053714835550636,0.0003007854975294322
rnn-post-mse-s44,rnn,posttraining,44,mse,0.0001,2,0.012506113499402999,0.014124978333711624,0.00025719450903125105,0.0003126687079202384
rnn-post-mse-s44,rnn,posttraining,44,mse,0.0001,3,0.012350910250097514,0.012591984122991562,0.00022265056264586747,0.0002460661344230175
rnn-post-mse-s44,rnn,posttraining,44,mse,0.0001,4,0.011666257623583079,0.012670021504163742,0.00023944159736856817,0.0002570723299868405
rnn-post-mse-s44,rnn,posttraining,44,mse,0.0001,5,0.011963398996740579,0.012299270369112492,0.00021787389283417724,0.00024113879771903157
lstm-post-mae-s42,lstm,posttraining,42,mae,0.0001,1,0.01148543382063508,0.011990941129624844,0.00023966924360138364,0.00022087697288952768
lstm-post-mae-s42,lstm,posttraining,42,mae,0.0001,2,0.011699499282985925,0.012977994047105312,0.00020995701313950122,0.00022690033074468374
lstm-post-mae-s42,lstm,posttraining,42,mae,0.0001,3,0.013275743518024683,0.010661361739039421,0.00029307154851267116,0.00016803543257992715
lstm-post-mae-s42,lstm,posttraining,42,mae,0.0001,4,0.01240817055106163,0.014232820831239223,0.0002419848321005702,0.0003099706373177469
lstm-post-mae-s42,lstm,posttraining,42,mae,0.0001,5,0.011100364625453949,0.013608641922473907,0.00020001275435788557,0.00026477721985429525
lstm-post-mse-s42,lstm,posttraining,42,mse,0.0001,1,0.011906394232064486,0.014116751030087471,0.0002600813590106554,0.000282177614280954
lstm-post-mse-s42,lstm,posttraining,42,mse,0.0001,2,0.011924264673143625,0.01183751318603754,0.0002454881265293807,0.00021901019499637187
lstm-post-mse-s42,lstm,posttraining,42,mse,0.0001,3,0.011911774259060622,0.011311531066894531,0.0002104404184501618,0.0001937308843480423
lstm-post-mse-s42,lstm,posttraining,42,mse,0.0001,4,0.010892364922910928,0.011882798746228218,0.00019371719463379122,0.00021334596385713667
lstm-post-mse-s42,lstm,posttraining,42,mse,0.0001,5,0.010499353799968959,0.012125163339078426,0.00018243359721964225,0.00022839373559691012
lstm-post-mae-s43,lstm,posttraining,43,mae,0.0001,1,0.012201452981680632,0.009856041520833969,0.00027232722481130623,0.000156928101205267
lstm-post-mae-s43,lstm,posttraining,43,mae,0.0001,2,0.009750577379018069,0.009997370652854443,0.0001763809572730679,0.0001710545038804412
lstm-post-mae-s43,lstm,posttraining,43,mae,0.0001,3,0.010982725862413644,0.010740033350884914,0.00020327349673607387,0.00021024471789132804
lstm-post-mae-s43,lstm,posttraining,43,mae,0.0001,4,0.009730646181851625,0.010131281800568104,0.00016295116729452274,0.00015006605826783925
lstm-post-mae-s43,lstm,posttraining,43,mae,0.0001,5,0.01080646350979805,0.011236262507736683,0.00020482884196098894,0.00023054872872307897
lstm-post-mse-s43,lstm,posttraining,43,mse,0.0001,1,0.011978745609521866,0.011523430235683918,0.0002704131111386232,0.0001886824902612716
lstm-post-mse-s43,lstm,posttraining,43,mse,0.0001,2,0.012471301984041928,0.01351640559732914,0.000250894567288924,0.0003246763371862471
lstm-post-mse-s43,lstm,posttraining,43,mse,0.0001,3,0.011302887443453074,0.010146316140890121,0.0002081227434973698,0.0001719320862321183
lstm-post-mse-s43,lstm,posttraining,43,mse,0.0001,4,0.010670578349381685,0.010252687148749828,0.00018709471230977216,0.00016685601440258324
lstm-post-mse-s43,lstm,posttraining,43,mse,0.0001,5,0.009783040266484022,0.011677415110170841,0.00017226023832336067,0.0002363858511671424
lstm-post-mae-s44,lstm,posttraining,44,mae,0.0001,1,0.02078363262116909,0.03309943154454231,0.0007555171273997984,0.0014556818641722202
lstm-post-mae-s44,lstm,posttraining,44,mae,0.0001,2,0.021095453053712843,0.017386317253112793,0.0006315764947794378,0.00044926145346835256
lstm-post-mae-s44,lstm,posttraining,44,mae,0.0001,3,0.01875631231814623,0.018922822549939156,0.0005702644714619964,0.0004911365685984492
lstm-post-mae-s44,lstm,posttraining,44,mae,0.0001,4,0.017221287935972215,0.029068848118185997,0.0004377524659503251,0.0012484699254855514
lstm-post-mae-s44,lstm,posttraining,44,mae,0.0001,5,0.015632592681795357,0.022127922624349594,0.00035434402554528787,0.0006350438925437629
lstm-post-mse-s44,lstm,posttraining,44,mse,0.0001,1,0.01865844652056694,0.03573358431458473,0.0006045083701610566,0.0017379255732521415
lstm-post-mse-s44,lstm,posttraining,44,mse,0.0001,2,0.018088363930583,0.02108839526772499,0.0004699450806947425,0.0005699699395336211
lstm-post-mse-s44,lstm,posttraining,44,mse,0.0001,3,0.016662382706999778,0.02542719617486,0.0004649479140061885,0.0009531411342322826
lstm-post-mse-s44,lstm,posttraining,44,mse,0.0001,4,0.016369718760252,0.025504300370812416,0.0003989165864186361,0.0009725317358970642
lstm-post-mse-s44,lstm,posttraining,44,mse,0.0001,5,0.015056628212332725,0.021874820813536644,0.00034156218462157997,0.0006251062150113285
