run_id,epoch,train_mse,train_mae,validation_mse,validation_mae
gru-mse-0.0001-s42,1,0.03499722670763731,0.1525214818120003,0.0112494807690382,0.10220710933208466
gru-mse-0.0001-s42,2,0.010738752260804176,0.09511582851409912,0.007392557803541422,0.07383038848638535
gru-mse-0.0001-s42,3,0.0067517727613449095,0.07266480445861817,0.005936480592936277,0.06604746729135513
gru-mse-0.0001-s42,4,0.0038752242922782897,0.05542320132255554,0.004675537813454866,0.06505937874317169
gru-mse-0.0001-s42,5,0.002794319735839963,0.04602918863296509,0.005122573580592871,0.06553693860769272
gru-mse-0.0001-s42,6,0.0034085458877962083,0.046318764612078664,0.004854889120906591,0.06035184487700462
gru-mse-0.0001-s42,7,0.003108190515777096,0.044085897728800776,0.0031589430291205645,0.049626678228378296
gru-mse-0.0001-s42,8,0.0018343728804029525,0.03375488020479679,0.0018391103949397802,0.039727699011564255
gru-mse-0.0001-s42,9,0.001062713279388845,0.02719871260225773,0.001437154016457498,0.03331342339515686
gru-mse-0.0001-s42,10,0.0008262279606424272,0.023848677650094033,0.0011887074215337634,0.03008626587688923
gru-mse-0.0001-s42,11,0.0006020087329670786,0.019658747836947443,0.0010062250075861812,0.02784099243581295
gru-mse-0.0001-s42,12,0.0005095497146248817,0.018871679566800595,0.0009556958684697747,0.026385094970464706
gru-mse-0.0001-s42,13,0.000516098850639537,0.018740034364163875,0.0008216156857088208,0.023949308320879936
gru-mse-0.0001-s42,14,0.00044951107702217996,0.017715572379529476,0.0006953396950848401,0.022031236439943314
gru-mse-0.0001-s42,15,0.0004108975757844746,0.017021169289946556,0.0006657005869783461,0.02141992561519146
gru-mse-0.0001-s42,16,0.00040807618061080577,0.016721790358424186,0.0006271439488045871,0.020681411027908325
gru-mse-0.0001-s42,17,0.0003711977455532178,0.015976502262055874,0.000587672577239573,0.019787730649113655
gru-mse-0.0001-s42,18,0.0003412924660369754,0.0154951336607337,0.0005696495063602924,0.019265420734882355
gru-mse-0.0001-s42,19,0.00032606649503577503,0.015063614808022976,0.0005544422892853618,0.01907145231962204
gru-mse-0.0001-s42,20,0.0003120546753052622,0.0145717316493392,0.0005491026677191257,0.019115738570690155
gru-mse-0.0001-s42,21,0.00030312941409647463,0.01416247956454754,0.0005414037732407451,0.01902144029736519
gru-mse-0.0001-s42,22,0.00029035684769041837,0.013790523335337639,0.0005268258973956108,0.018602559342980385
gru-mse-0.0001-s42,23,0.0002779701125109568,0.013510028645396233,0.0005156376864761114,0.018282029777765274
gru-mse-0.0001-s42,24,0.0002703133103204891,0.013267468437552452,0.0005071285995654762,0.018107224255800247
gru-mse-0.0001-s42,25,0.00026305932318791746,0.012970805987715722,0.000500113470479846,0.01808030903339386
gru-mse-0.0001-s42,26,0.00025582378206308933,0.012722360119223595,0.0004915861645713449,0.01792093552649021
gru-mse-0.0001-s42,27,0.0002482553687877953,0.012532177790999412,0.0004808384692296386,0.017620425671339035
gru-mse-0.0001-s42,28,0.0002413862256798893,0.012374712154269218,0.0004708883061539382,0.01734091155230999
gru-mse-0.0001-s42,29,0.00023563025635667145,0.012239515706896782,0.00046254353947006166,0.01716683804988861
gru-mse-0.0001-s42,30,0.0002300649113021791,0.012064249143004418,0.0004550896701402962,0.01702251099050045
gru-mse-0.0001-s43,1,0.08457302004098892,0.2874011087417603,0.020886026322841644,0.1364220678806305
gru-mse-0.0001-s43,2,0.03133538141846657,0.17194755256175995,0.003323875367641449,0.04220575839281082
gru-mse-0.0001-s43,3,0.006733270157128573,0.07459215730428696,0.005351584404706955,0.06193917244672775
gru-mse-0.0001-s43,4,0.0016956090833991765,0.03173268966376781,0.015233359299600124,0.11384064704179764
gru-mse-0.0001-s43,5,0.005215256195515394,0.05983622670173645,0.02081872522830963,0.13660147786140442
gru-mse-0.0001-s43,6,0.007458162531256676,0.07522292494773865,0.018540184944868088,0.1285751760005951
gru-mse-0.0001-s43,7,0.005958943464793265,0.06436385557055474,0.012530308216810226,0.10334436595439911
gru-mse-0.0001-s43,8,0.0033136925142025573,0.04514152593910694,0.007135089486837387,0.07374527305364609
gru-mse-0.0001-s43,9,0.0017148274905048311,0.03451481893658638,0.003954791463911533,0.05268591642379761
gru-mse-0.0001-s43,10,0.0013451915560290218,0.031248025447130203,0.0025966335088014603,0.04443983733654022
gru-mse-0.0001-s43,11,0.0013759252522140741,0.030739345401525498,0.00223487033508718,0.04168981313705444
gru-mse-0.0001-s43,12,0.0012254904629662633,0.02876727655529976,0.002428652485832572,0.04216691851615906
gru-mse-0.0001-s43,13,0.0009289250755682587,0.024751288294792177,0.0030026501044631004,0.045795030891895294
gru-mse-0.0001-s43,14,0.0007422364898957313,0.021263860836625098,0.003691554768010974,0.05145604908466339
gru-mse-0.0001-s43,15,0.0007332696433877573,0.020918046571314335,0.0041213915683329105,0.05583055317401886
gru-mse-0.0001-s43,16,0.0007680084626190364,0.02158616542816162,0.0040709394961595535,0.05604638531804085
gru-mse-0.0001-s43,17,0.0007280012386036105,0.021019197404384612,0.003623483469709754,0.05258915200829506
gru-mse-0.0001-s43,18,0.0006256258074427023,0.01940759114921093,0.0030452292412519455,0.04747984930872917
gru-mse-0.0001-s43,19,0.0005308344459626824,0.01751301549375057,0.0025667226873338223,0.04300934821367264
gru-mse-0.0001-s43,20,0.00047264254884794355,0.016420918367803097,0.002283180831000209,0.040367987006902695
gru-mse-0.0001-s43,21,0.00043558943027164785,0.015832092538475992,0.0021828636527061462,0.039562199264764786
gru-mse-0.0001-s43,22,0.0004053062020102516,0.015347399786114692,0.0021992630790919065,0.0400671511888504
gru-mse-0.0001-s43,23,0.0003832177381264046,0.014927988350391387,0.0022450333926826715,0.0410514660179615
gru-mse-0.0001-s43,24,0.00037010405299952253,0.014602810591459275,0.0022457113955169916,0.04142620041966438
gru-mse-0.0001-s43,25,0.0003590311642619781,0.014451178535819054,0.0021725145634263754,0.04086438938975334
gru-mse-0.0001-s43,26,0.00034498449065722525,0.014292660877108574,0.002048331778496504,0.039618056267499924
gru-mse-0.0001-s43,27,0.0003299822215922177,0.014089969545602798,0.0019199070520699024,0.0382356122136116
gru-mse-0.0001-s43,28,0.0003174717660294846,0.013884723708033562,0.0018238341435790062,0.03719794377684593
gru-mse-0.0001-s43,29,0.0003078434689086862,0.013708439916372299,0.0017712102271616459,0.03668908402323723
gru-mse-0.0001-s43,30,0.00029996093828231095,0.013568724244832993,0.0017500021494925022,0.03657279163599014
gru-mse-0.0001-s44,1,0.0031478307861834763,0.04617362543940544,0.0021037193946540356,0.0390666201710701
gru-mse-0.0001-s44,2,0.002575387426186353,0.04122770354151726,0.0012567599769681692,0.02877194434404373
gru-mse-0.0001-s44,3,0.001476315469481051,0.029459804743528367,0.0009068434010259807,0.0250612311065197
gru-mse-0.0001-s44,4,0.0009443679242394865,0.025192628875374795,0.0007541171507909894,0.022230153903365135
gru-mse-0.0001-s44,5,0.0007080197578761727,0.021641812324523925,0.0009155700099654496,0.023876920342445374
gru-mse-0.0001-s44,6,0.0006106412771623582,0.01968243159353733,0.0007569493027403951,0.021706746891140938
gru-mse-0.0001-s44,7,0.0005039401305839419,0.018361985310912134,0.0006208719569258392,0.019549420103430748
gru-mse-0.0001-s44,8,0.0004721689235884696,0.017205493301153185,0.0007965000113472342,0.022107843309640884
gru-mse-0.0001-s44,9,0.00048075945931486786,0.017524798810482026,0.0007207933231256902,0.020769700407981873
gru-mse-0.0001-s44,10,0.00040813333122059704,0.015795242860913276,0.0006422512233257294,0.02023989148437977
gru-mse-0.0001-s44,11,0.0003900437871925533,0.015434475615620613,0.0007080288487486541,0.020950922742486
gru-mse-0.0001-s44,12,0.00037826913059689103,0.015262349396944047,0.0006692625465802848,0.020780345425009727
gru-mse-0.0001-s44,13,0.0003392712806817144,0.014511859193444252,0.000640546903014183,0.020421061664819717
gru-mse-0.0001-s44,14,0.00033474232768639924,0.014448049366474152,0.0006457346025854349,0.020405257120728493
gru-mse-0.0001-s44,15,0.00031596193672157825,0.01395425658673048,0.0006129980902187526,0.019847219809889793
gru-mse-0.0001-s44,16,0.00029670967254787685,0.01366300918161869,0.0005953152431175113,0.019469603896141052
gru-mse-0.0001-s44,17,0.0002877769665792584,0.013400102928280831,0.0005876377690583467,0.01929418370127678
gru-mse-0.0001-s44,18,0.00027341299690306184,0.013062388449907304,0.000575393729377538,0.018971620127558708
gru-mse-0.0001-s44,19,0.0002620864432537928,0.012822749614715577,0.0005765077657997608,0.018977155908942223
gru-mse-0.0001-s44,20,0.00025283374707214535,0.012603135779500008,0.0005798388738185167,0.018951330333948135
gru-mse-0.0001-s44,21,0.00024155909370165318,0.01231816902756691,0.0005864707636646926,0.018959639593958855
gru-mse-0.0001-s44,22,0.00023362759151495993,0.012130880579352379,0.0005936357192695141,0.019094686955213547
gru-mse-0.0001-s44,23,0.00022501380066387356,0.01190111219882965,0.000600583793129772,0.01922541670501232
gru-mse-0.0001-s44,24,0.00021798512840177865,0.011736228838562965,0.0006038000574335456,0.01928761415183544
gru-mse-0.0001-s44,25,0.00021137756848474965,0.011550545021891593,0.0006070037488825619,0.01931268535554409
gru-mse-0.0001-s44,26,0.00020509390451479704,0.011359779480844736,0.0006078277947381139,0.019304713234305382
gru-mse-0.0001-s44,27,0.00019971518951933831,0.011203283015638589,0.0006095016724430025,0.019298680126667023
gru-mse-0.0001-s44,28,0.00019445453508524225,0.011020716968923807,0.000611842842772603,0.01931156776845455
gru-mse-0.0001-s44,29,0.00018989875345141628,0.010870532933622598,0.0006148379761725664,0.019358329474925995
gru-mse-0.0001-s44,30,0.00018548264488345013,0.010701590199023486,0.000619108381215483,0.01942676678299904
gru-mse-0.001-s42,1,0.07022137440741062,0.2596139430999756,0.008594903163611889,0.0903448686003685
gru-mse-0.001-s42,2,0.028926541209220887,0.1591292428970337,0.001547116320580244,0.034876544028520584
gru-mse-0.001-s42,3,0.00477937025949359,0.058504119515419006,0.01983274333178997,0.13455531001091003
gru-mse-0.001-s42,4,0.01039798466488719,0.07820784986019134,0.0016183442203328013,0.03289210423827171
gru-mse-0.001-s42,5,0.004689781898632645,0.056222298443317414,0.001178625039756298,0.03149678185582161
gru-mse-0.001-s42,6,0.0009483045735396445,0.024063276797533034,0.0019911101553589106,0.04244641587138176
gru-mse-0.001-s42,7,0.0021381360571831464,0.04158252060413361,0.0010744509054347873,0.02902236022055149
gru-mse-0.001-s42,8,0.0005750732903834433,0.02024133287370205,0.0009947908110916615,0.026595380157232285
gru-mse-0.001-s42,9,0.0012382199172861874,0.029062119275331498,0.0009637086768634617,0.02585885301232338
gru-mse-0.001-s42,10,0.0008075305947568268,0.02349290832877159,0.0003927856159862131,0.01663641631603241
gru-mse-0.001-s42,11,0.0006188875064253807,0.02089130498468876,0.0003438609419390559,0.015528052113950253
gru-mse-0.001-s42,12,0.00030284279288025575,0.01435670755803585,0.0003404846356716007,0.015746602788567543
gru-mse-0.001-s42,13,0.0004372170026181266,0.015539827831089497,0.00023469171719625592,0.01266343891620636
gru-mse-0.001-s42,14,0.00029970388568472116,0.013499541804194451,0.000249973643803969,0.011806478723883629
gru-mse-0.001-s42,15,0.00032952164532616733,0.015395021066069603,0.00020196901459712535,0.010670519433915615
gru-mse-0.001-s42,16,0.0002596607955638319,0.013593863137066365,0.00017192277300637215,0.010451753623783588
gru-mse-0.001-s42,17,0.00025701659033074977,0.01264930035918951,0.0001638427347643301,0.01027408055961132
gru-mse-0.001-s42,18,0.00024046877631917597,0.012671881541609763,0.00020434593898244202,0.010671989992260933
gru-mse-0.001-s42,19,0.00024493680684827267,0.013051637038588524,0.0001618011447135359,0.01032338198274374
gru-mse-0.001-s42,20,0.00022296549956081436,0.012015362307429313,0.00016294512897729874,0.010226631537079811
gru-mse-0.001-s42,21,0.0002212652430171147,0.011826717779040336,0.0001703680318314582,0.010540342889726162
gru-mse-0.001-s42,22,0.00021781034243758768,0.011868540272116661,0.00016645116556901485,0.010488034226000309
gru-mse-0.001-s42,23,0.00020846699248068036,0.01152725838124752,0.00016295636305585504,0.010317723266780376
gru-mse-0.001-s42,24,0.00020883109857095406,0.011349395141005516,0.0001656306703807786,0.010447424836456776
gru-mse-0.001-s42,25,0.0002036854429752566,0.011389492973685265,0.00016859496827237308,0.010476182214915752
gru-mse-0.001-s42,26,0.00019886348047293723,0.011244179829955101,0.00016426161164417863,0.010360317304730415
gru-mse-0.001-s42,27,0.00019684447237523274,0.01106332205235958,0.00016710377531126142,0.010410078801214695
gru-mse-0.001-s42,28,0.00019398745062062516,0.01109138585627079,0.00016974001482594758,0.010446608997881413
gru-mse-0.001-s42,29,0.00019099749624729156,0.010984321609139442,0.00016660302935633808,0.010386582463979721
gru-mse-0.001-s42,30,0.0001886320108314976,0.010826570764183998,0.00016787280037533492,0.01041637547314167
gru-mse-0.001-s43,1,0.03336669221520424,0.14736526906490327,0.030336903408169746,0.16248178482055664
gru-mse-0.001-s43,2,0.026762230917811394,0.1385030698776245,0.0036817758809775114,0.04811853915452957
gru-mse-0.001-s43,3,0.0015946126263588667,0.033521387055516244,0.013225852511823177,0.10647286474704742
gru-mse-0.001-s43,4,0.009226160502876155,0.08379102356731892,0.0023644238244742155,0.04119156301021576
gru-mse-0.001-s43,5,0.0022444142028689384,0.04081368386745453,0.0016397195868194103,0.03419141843914986
gru-mse-0.001-s43,6,0.001230782230850309,0.02865849167108536,0.0004998493823222816,0.01893075555562973
gru-mse-0.001-s43,7,0.0005509262206032872,0.020436543300747873,0.0019447153899818659,0.041455838829278946
gru-mse-0.001-s43,8,0.0008893181104213,0.02487396538257599,0.00034352499642409384,0.015021595172584057
gru-mse-0.001-s43,9,0.00044892760808579624,0.016871478483080862,0.00020884914556518197,0.012421607039868832
gru-mse-0.001-s43,10,0.0007025835616514087,0.02084725834429264,0.00019049346155952662,0.010207736864686012
gru-mse-0.001-s43,11,0.00032211650395765903,0.013708790466189384,0.0006493768887594342,0.022819284349679947
gru-mse-0.001-s43,12,0.00033191626193001866,0.015354409515857696,0.0002860386739484966,0.013469493947923183
gru-mse-0.001-s43,13,0.00029234469577204435,0.013105422481894493,0.00013837961887475103,0.00839977152645588
gru-mse-0.001-s43,14,0.00034786990901920946,0.013612375184893609,0.00022768801136408,0.01170302927494049
gru-mse-0.001-s43,15,0.0002532920625526458,0.011949193850159644,0.00041622843127697706,0.01686597429215908
gru-mse-0.001-s43,16,0.0002632756280945614,0.012967100515961647,0.00028366982587613165,0.013478768989443779
gru-mse-0.001-s43,17,0.00025292438047472385,0.012526455000042916,0.0002050875045824796,0.010999840684235096
gru-mse-0.001-s43,18,0.00025059083418454975,0.011972573921084403,0.0002768512349575758,0.013333534821867943
gru-mse-0.001-s43,19,0.0002395594969857484,0.011879860833287239,0.0003306412254460156,0.014755267649888992
gru-mse-0.001-s43,20,0.00024074548447970302,0.012156856432557105,0.000254020415013656,0.012651069089770317
gru-mse-0.001-s43,21,0.00023420044570229948,0.011726447120308877,0.000236033127293922,0.01208009384572506
gru-mse-0.001-s43,22,0.00022820037178462372,0.01137342743575573,0.0002855185011867434,0.013453913852572441
gru-mse-0.001-s43,23,0.0002247738162986934,0.011455001756548882,0.00028208966250531375,0.013345558196306229
gru-mse-0.001-s43,24,0.00022083470539655537,0.011368448361754418,0.0002518381515983492,0.012512283399701118
gru-mse-0.001-s43,25,0.00021831208374351263,0.011123983338475227,0.00027188219246454537,0.01307012140750885
gru-mse-0.001-s43,26,0.00021399157296400517,0.01106085054576397,0.00029182041180320084,0.013624672777950764
gru-mse-0.001-s43,27,0.00021110695670358836,0.011065532341599465,0.0002763474767562002,0.01320676039904356
gru-mse-0.001-s43,28,0.0002088630589423701,0.010920659825205802,0.00027935794787481427,0.013297060504555702
gru-mse-0.001-s43,29,0.00020581269229296594,0.01081271968781948,0.0002952686627395451,0.013711667619645596
gru-mse-0.001-s43,30,0.00020305974612710997,0.010799645259976388,0.00028931847191415727,0.01356977503746748
gru-mse-0.001-s44,1,0.017382053742185235,0.10614528276026249,0.0066914185881614685,0.07871903479099274
gru-mse-0.001-s44,2,0.009344473052769899,0.09093104511499404,0.01286791730672121,0.11200403422117233
gru-mse-0.001-s44,3,0.012942738188430667,0.10551418825984,0.0005057291709817946,0.01982313022017479
gru-mse-0.001-s44,4,0.003915777467191219,0.05018662810325623,0.0016936553874984384,0.039028916507959366
gru-mse-0.001-s44,5,0.0009294911148026585,0.02620797321200371,0.0025386488996446133,0.04571403190493584
gru-mse-0.001-s44,6,0.0022403675224632025,0.043143570125103,0.0004817853041458875,0.017244303598999977
gru-mse-0.001-s44,7,0.0005753261502832174,0.018796604722738267,0.001628458732739091,0.03575463965535164
gru-mse-0.001-s44,8,0.001124096061976161,0.02831199198961258,0.0004487044643610716,0.016649870201945305
gru-mse-0.001-s44,9,0.0006896244524978102,0.02168041706085205,0.0006676067714579403,0.020181354135274887
gru-mse-0.001-s44,10,0.00038362310617230834,0.015439950376749039,0.00044537452049553394,0.017064061015844345
gru-mse-0.001-s44,11,0.0004432034608907998,0.01804695375263691,0.00037208260619081557,0.015186961740255356
gru-mse-0.001-s44,12,0.00028530823154142125,0.013789015710353852,0.0003500398015603423,0.015226529911160469
gru-mse-0.001-s44,13,0.00037049534032121303,0.014973017945885658,0.00024938807473517954,0.012556923553347588
gru-mse-0.001-s44,14,0.0002507313422393054,0.011909375935792922,0.0002721961645875126,0.01233028993010521
gru-mse-0.001-s44,15,0.0002422911871690303,0.01216983787715435,0.00024163068155758083,0.011954826302826405
gru-mse-0.001-s44,16,0.0002468057250371203,0.011922054439783097,0.00027070497162640095,0.01317698322236538
gru-mse-0.001-s44,17,0.00022696478059515358,0.01138232409954071,0.0002755268069449812,0.01216986682265997
gru-mse-0.001-s44,18,0.0002164939307840541,0.01121228851377964,0.00027886443422175944,0.012183079496026039
gru-mse-0.001-s44,19,0.0002100777011946775,0.011310626938939094,0.0002862525579985231,0.012839206494390965
gru-mse-0.001-s44,20,0.00020558725664159282,0.01096426635980606,0.00029003419331274927,0.012466572225093842
gru-mse-0.001-s44,21,0.0001983888418180868,0.01076187863945961,0.0002874003548640758,0.012380273081362247
gru-mse-0.001-s44,22,0.0001941998503752984,0.01076353333890438,0.0002788422571029514,0.012388303875923157
gru-mse-0.001-s44,23,0.00019113179965643212,0.010535405203700065,0.00027658819453790784,0.012044445611536503
gru-mse-0.001-s44,24,0.00018588588485727087,0.010426504909992218,0.00027389638125896454,0.011939873918890953
gru-mse-0.001-s44,25,0.00018282479752087965,0.010369457229971886,0.00027080546715296805,0.012050910852849483
gru-mse-0.001-s44,26,0.0001811794441891834,0.010271191149950027,0.0002737232716754079,0.011966042220592499
gru-mse-0.001-s44,27,0.00017780832393327729,0.010276796743273735,0.00027534313267096877,0.012027964927256107
gru-mse-0.001-s44,28,0.00017551201570313425,0.010227783694863319,0.00027609767857939005,0.012093127705156803
gru-mse-0.001-s44,29,0.00017368680768413468,0.010174798760563136,0.00027973990654572845,0.01216492522507906
gru-mse-0.001-s44,30,0.00017137615534011276,0.010181154552847148,0.00027937148115597665,0.012159830890595913
gru-mae-0.0001-s42,1,0.03503554983064532,0.15249432921409606,0.011350010521709919,0.10283928364515305
gru-mae-0.0001-s42,2,0.010155016407370567,0.09269119441509246,0.00723056448623538,0.08063272386789322
gru-mae-0.0001-s42,3,0.0058923295140266415,0.07136301398277282,0.005627722013741732,0.07096316665410995
gru-mae-0.0001-s42,4,0.0037100260332226754,0.055659099817276,0.004815074149519205,0.06596921384334564
gru-mae-0.0001-s42,5,0.0028864373406395317,0.044551180973649025,0.00499538192525506,0.06160752475261688
gru-mae-0.0001-s42,6,0.0032273973076371474,0.045367118082940576,0.0035570026375353336,0.050282251089811325
gru-mae-0.0001-s42,7,0.001908640805631876,0.03379941664636135,0.0015005602035671473,0.03476618230342865
gru-mae-0.0001-s42,8,0.0010404565837234259,0.027690754011273383,0.0011885007843375206,0.02919716387987137
gru-mae-0.0001-s42,9,0.0005495107173919678,0.018660344742238523,0.0010595754720270634,0.0264019425958395
gru-mae-0.0001-s42,10,0.0006865340610966086,0.02151338502764702,0.000759446294978261,0.021666357293725014
gru-mae-0.0001-s42,11,0.0004387262917589396,0.0166305735334754,0.0007541003287769854,0.022886577993631363
gru-mae-0.0001-s42,12,0.0005548285006079823,0.017831272445619106,0.0005297248717397451,0.017915617674589157
gru-mae-0.0001-s42,13,0.0004030850878916681,0.01669502004981041,0.0004966409760527313,0.017130089923739433
gru-mae-0.0001-s42,14,0.0003628301282878965,0.014634399935603141,0.0006773759378120303,0.021560972556471825
gru-mae-0.0001-s42,15,0.0004172243643552065,0.015378505513072014,0.000469340942800045,0.01671203412115574
gru-mae-0.0001-s42,16,0.0003515791826066561,0.01581667385995388,0.0004406090301927179,0.016682391986250877
gru-mae-0.0001-s42,17,0.00031398419523611667,0.01342270866036415,0.0004376671276986599,0.016940494999289513
gru-mae-0.0001-s42,18,0.00027394610922783615,0.013623883686959744,0.00044625034206546843,0.016257761046290398
gru-mae-0.0001-s42,19,0.00026184460031799975,0.01263566605746746,0.00046897929860278964,0.017694635316729546
gru-mae-0.0001-s42,20,0.0003116599065833725,0.014458617195487022,0.0004218804824631661,0.01564263552427292
gru-mae-0.0001-s42,21,0.00025102424842771143,0.012253378219902515,0.00039902442949824035,0.0158745925873518
gru-mae-0.0001-s42,22,0.0003499722803826444,0.015907436832785605,0.00039910024497658014,0.01597757078707218
gru-mae-0.0001-s42,23,0.0002053720544790849,0.01090147415176034,0.0005299245822243392,0.018627874553203583
gru-mae-0.0001-s42,24,0.0002989685453940183,0.012879735473543406,0.00039025547448545694,0.01597570814192295
gru-mae-0.0001-s42,25,0.00022391092556063087,0.011893013659864664,0.0003939948801416904,0.01519973948597908
gru-mae-0.0001-s42,26,0.00024027955485507845,0.011806310806423425,0.0003663891984615475,0.01525067538022995
gru-mae-0.0001-s42,27,0.00021733117784606293,0.011578102055937052,0.00034248927840963006,0.013553713448345661
gru-mae-0.0001-s42,28,0.00020325070443504955,0.010667104069143533,0.000316186691634357,0.013191609643399715
gru-mae-0.0001-s42,29,0.00017563845416589173,0.010019808057695628,0.0003115111612714827,0.01285578589886427
gru-mae-0.0001-s42,30,0.0001764406952133868,0.009887440148741006,0.0003319030802231282,0.013710354454815388
gru-mae-0.0001-s43,1,0.08455682188272476,0.28737176656723024,0.02075166255235672,0.13587172329425812
gru-mae-0.0001-s43,2,0.030749287754297257,0.17018604159355163,0.002932010218501091,0.04035310819745064
gru-mae-0.0001-s43,3,0.00522197618149221,0.06438959553837777,0.009046097286045551,0.08158725500106812
gru-mae-0.0001-s43,4,0.0029756685066968202,0.041677943766117095,0.02075864002108574,0.13611836731433868
gru-mae-0.0001-s43,5,0.007567235231399536,0.07562768578529358,0.017749249935150146,0.1252097487449646
gru-mae-0.0001-s43,6,0.005264868163503706,0.0574585984647274,0.008609353564679623,0.0817294642329216
gru-mae-0.0001-s43,7,0.002283214833587408,0.04211077779531479,0.0033535100519657135,0.05031929165124893
gru-mae-0.0001-s43,8,0.001821371540427208,0.03609024345874787,0.002389941131696105,0.04405811429023743
gru-mae-0.0001-s43,9,0.0014425782160833477,0.031549489498138426,0.0030253243166953325,0.04621494933962822
gru-mae-0.0001-s43,10,0.0008116454485571012,0.022361034527420998,0.004705348983407021,0.059987232089042664
gru-mae-0.0001-s43,11,0.0009152823768090457,0.023339240774512292,0.004776033107191324,0.0622967965900898
gru-mae-0.0001-s43,12,0.0008339427952887491,0.022617805525660516,0.00308073777705431,0.04875631630420685
gru-mae-0.0001-s43,13,0.000493513765395619,0.01681254930794239,0.0016957445768639445,0.03445526957511902
gru-mae-0.0001-s43,14,0.0004369752726051956,0.015982992835342883,0.0015853765653446317,0.03366914764046669
gru-mae-0.0001-s43,15,0.00036206492310157044,0.014427938908338546,0.0025027678348124027,0.045803558081388474
gru-mae-0.0001-s43,16,0.000429777895915322,0.015696788132190706,0.001981460489332676,0.040164534002542496
gru-mae-0.0001-s43,17,0.0003069025004515424,0.013432765938341617,0.001067012781277299,0.027150958776474
gru-mae-0.0001-s43,18,0.0003499403447494842,0.014051923174411058,0.0016656476072967052,0.03644319623708725
gru-mae-0.0001-s43,19,0.0003000541339861229,0.013187572676688433,0.001909546204842627,0.03970280662178993
gru-mae-0.0001-s43,20,0.00027674549113726243,0.012826918456703425,0.0015253692399710417,0.034568678587675095
gru-mae-0.0001-s43,21,0.00024792476135189647,0.011702816355973483,0.0012582119088619947,0.0304454006254673
gru-mae-0.0001-s43,22,0.00025713805633131414,0.011838738713413477,0.0014557365793734789,0.0334404781460762
gru-mae-0.0001-s43,23,0.00023910638847155497,0.011499376837164163,0.0016313813393935561,0.03579892963171005
gru-mae-0.0001-s43,24,0.00022197597936610692,0.01106105649843812,0.0013824567431584,0.031940754503011703
gru-mae-0.0001-s43,25,0.0002253948884026613,0.010908503029495477,0.001568114385008812,0.034577835351228714
gru-mae-0.0001-s43,26,0.0002139016499859281,0.01066290171816945,0.001380409114062786,0.0317055769264698
gru-mae-0.0001-s43,27,0.00021818352783157025,0.01060585955157876,0.0014048396842554212,0.032104287296533585
gru-mae-0.0001-s43,28,0.0002094595248127007,0.010205120015889406,0.0013044166844338179,0.030635304749011993
gru-mae-0.0001-s43,29,0.00021139752714589122,0.010203753281384707,0.0014420809457078576,0.03271498903632164
gru-mae-0.0001-s43,30,0.00020184625162073645,0.010050294455140829,0.0015738726360723376,0.034729573875665665
gru-mae-0.0001-s44,1,0.0030966581916436553,0.048571598902344706,0.0014157945988699794,0.03317644074559212
gru-mae-0.0001-s44,2,0.003702287934720516,0.046736228168010714,0.0020550438202917576,0.034394122660160065
gru-mae-0.0001-s44,3,0.0019281264278106392,0.03452190712094307,0.0015710903098806739,0.03362581506371498
gru-mae-0.0001-s44,4,0.001874551575165242,0.036576301902532575,0.0010813098633661866,0.0275433212518692
gru-mae-0.0001-s44,5,0.00134831752628088,0.02799027591943741,0.001647766912356019,0.031803831458091736
gru-mae-0.0001-s44,6,0.0011809752590488643,0.026671165153384208,0.0008951829513534904,0.023965606465935707
gru-mae-0.0001-s44,7,0.0006848210142925381,0.0215025981515646,0.000704569392837584,0.021350247785449028
gru-mae-0.0001-s44,8,0.0006248129135929048,0.0206491781771183,0.0007081765797920525,0.02137678489089012
gru-mae-0.0001-s44,9,0.0005329890572465956,0.018435748517513274,0.0009183979709632695,0.023973364382982254
gru-mae-0.0001-s44,10,0.0005566089553758501,0.01848789468407631,0.0006889867363497615,0.021193254739046097
gru-mae-0.0001-s44,11,0.0004474152880720794,0.016587775945663453,0.0007062863442115486,0.02123165689408779
gru-mae-0.0001-s44,12,0.0005702847568318248,0.01888690158724785,0.0009163707727566361,0.023564549162983894
gru-mae-0.0001-s44,13,0.0004256317461840808,0.01584265984594822,0.000662893638946116,0.02078104019165039
gru-mae-0.0001-s44,14,0.00045331613393500447,0.016650580018758774,0.0008597522974014282,0.022535284981131554
gru-mae-0.0001-s44,15,0.00041303550708107653,0.015552972704172134,0.0006376724340952933,0.02005785144865513
gru-mae-0.0001-s44,16,0.0004056628479156643,0.016204240918159484,0.0006188822444528341,0.019877124577760696
gru-mae-0.0001-s44,17,0.00037120931840036066,0.01465434893965721,0.0006377350073307753,0.019771192222833633
gru-mae-0.0001-s44,18,0.0003309861093293875,0.0134890366345644,0.0005784256500191987,0.01904626190662384
gru-mae-0.0001-s44,19,0.00033568388840649277,0.01377093181014061,0.0006830692873336375,0.020265161991119385
gru-mae-0.0001-s44,20,0.00032336586446035653,0.013414936065673828,0.0006062669563107193,0.01936287246644497
gru-mae-0.0001-s44,21,0.00030031659989617767,0.013691986128687859,0.0006395115633495152,0.02015431970357895
gru-mae-0.0001-s44,22,0.00030255634599598126,0.013012497797608375,0.0006271739839576185,0.019802404567599297
gru-mae-0.0001-s44,23,0.0002582320448709652,0.01210374616086483,0.0006277865031734109,0.01974356919527054
gru-mae-0.0001-s44,24,0.0002561247220728546,0.011829736903309821,0.0006039653089828789,0.019466662779450417
gru-mae-0.0001-s44,25,0.0002606081322301179,0.011817297264933586,0.0005778901395387948,0.018894530832767487
gru-mae-0.0001-s44,26,0.0002650253975298256,0.01231515608727932,0.0006428130436688662,0.019879596307873726
gru-mae-0.0001-s44,27,0.00045994313783012333,0.01816879890859127,0.0006905662594363093,0.020886290818452835
gru-mae-0.0001-s44,28,0.00037356369895860555,0.01559293583035469,0.00067293387837708,0.02053566835820675
gru-mae-0.0001-s44,29,0.00036033608368597926,0.015351974219083787,0.0006513217813335359,0.020124856382608414
gru-mae-0.0001-s44,30,0.0002554064826108515,0.012324970290064812,0.0006302435067482293,0.01976325735449791
gru-mae-0.001-s42,1,0.06532865144312382,0.2499162757396698,0.027045026421546936,0.16279613971710205
gru-mae-0.001-s42,2,0.03754894115030766,0.18937088847160338,0.0072195520624518394,0.07288005948066711
gru-mae-0.001-s42,3,0.009910663815680891,0.08595005623996257,0.00142870401032269,0.03434431552886963
gru-mae-0.001-s42,4,0.008803282827138902,0.08241867989301682,0.00411320012062788,0.061307042837142944
gru-mae-0.001-s42,5,0.0024946130625903605,0.04318308651447296,0.007589436136186123,0.08586463332176208
gru-mae-0.001-s42,6,0.0038808388082543386,0.05239545844495296,0.0016843589255586267,0.038871657103300095
gru-mae-0.001-s42,7,0.003244505941402167,0.05168668314814567,0.00029276611167006195,0.01291162520647049
gru-mae-0.001-s42,8,0.0013245061226189138,0.02981038749217987,0.00043285993160679936,0.016495482996106148
gru-mae-0.001-s42,9,0.0007866260968148708,0.023293458968400956,0.0004968583234585822,0.01904320903122425
gru-mae-0.001-s42,10,0.0012306097708642482,0.029052321016788483,0.0008237845613621175,0.024309689179062843
gru-mae-0.001-s42,11,0.00038454776047728954,0.016293508000671864,0.0005398204666562378,0.0202025193721056
gru-mae-0.001-s42,12,0.0007770790252834558,0.024039064943790437,0.00041421744390390813,0.016180092468857765
gru-mae-0.001-s42,13,0.00043069923762232063,0.017969718426465987,0.000236742795095779,0.012922571040689945
gru-mae-0.001-s42,14,0.0005484344600699842,0.019923935011029244,0.00015483585593756288,0.009830789640545845
gru-mae-0.001-s42,15,0.0005257470498327165,0.019184127300977707,0.00015575725410599262,0.009839557111263275
gru-mae-0.001-s42,16,0.0004995860101189465,0.018838603645563126,0.00018640067719388753,0.010830345563590527
gru-mae-0.001-s42,17,0.0005554533418035135,0.019116692431271076,0.0003614763845689595,0.014254542998969555
gru-mae-0.001-s42,18,0.0006206254684366285,0.02179588332772255,0.00026447861455380917,0.013910743407905102
gru-mae-0.001-s42,19,0.000607971036224626,0.019924171194434168,0.00021248577104415745,0.010216928087174892
gru-mae-0.001-s42,20,0.0002848741580964997,0.013956049308180809,0.00016881918418221176,0.010447760112583637
gru-mae-0.001-s42,21,0.0003093252520193346,0.013754574600607156,0.0002571615914348513,0.011224101297557354
gru-mae-0.001-s42,22,0.0002967881437507458,0.014523549918085337,0.0003571482084225863,0.01712818630039692
gru-mae-0.001-s42,23,0.0003604082408128306,0.014775095824152231,0.0005473355995491147,0.018813306465744972
gru-mae-0.001-s42,24,0.00033768803696148096,0.01460983145982027,0.00019866925140377134,0.011493575759232044
gru-mae-0.001-s42,25,0.00023663858650252223,0.01219726338982582,0.00017156219109892845,0.010155916213989258
gru-mae-0.001-s42,26,0.0002978447946952656,0.013714518193155526,0.00021703052334487438,0.010234749875962734
gru-mae-0.001-s42,27,0.00023537219152785837,0.012554279137402773,0.00015599509060848504,0.01004025898873806
gru-mae-0.001-s42,28,0.0003363018104573712,0.015142170917242766,0.0004664321895688772,0.019905591383576393
gru-mae-0.001-s42,29,0.0007213896937901154,0.0232744468934834,0.0021708752028644085,0.04220113903284073
gru-mae-0.001-s42,30,0.002010032739490271,0.04178586967289448,0.0003777487145271152,0.01505590695887804
gru-mae-0.001-s43,1,0.03206762494868599,0.13843710415065288,0.005736555904150009,0.06461051106452942
gru-mae-0.001-s43,2,0.00989741288125515,0.08877926528453826,0.007768488023430109,0.07714664191007614
gru-mae-0.001-s43,3,0.00641919414687436,0.07077186577022075,0.00117501150816679,0.030862627550959587
gru-mae-0.001-s43,4,0.0025951346196234227,0.04272623300552368,0.0003604308585636318,0.01504235528409481
gru-mae-0.001-s43,5,0.0009790432918816805,0.02664346933364868,0.0018405416049063206,0.03956864774227142
gru-mae-0.001-s43,6,0.0009535311511717736,0.027233224958181382,0.00021610008843708783,0.012051686644554138
gru-mae-0.001-s43,7,0.0006990964524447918,0.021759610772132874,0.00227339006960392,0.045948684215545654
gru-mae-0.001-s43,8,0.0006563989399001002,0.021214265003800394,0.0003386064199730754,0.016648966819047928
gru-mae-0.001-s43,9,0.0009804787527536974,0.026579909175634384,0.00040536740561947227,0.016522783786058426
gru-mae-0.001-s43,10,0.0002865592244779691,0.013248483613133431,0.00018840981647372246,0.010464292950928211
gru-mae-0.001-s43,11,0.00029343966045416894,0.013326503112912178,0.00032124973949976265,0.01458934135735035
gru-mae-0.001-s43,12,0.0002590747844078578,0.012398184016346932,0.00013648904860019684,0.009039325639605522
gru-mae-0.001-s43,13,0.00025734764174558224,0.011458596382290125,0.0002054754877462983,0.010823670774698257
gru-mae-0.001-s43,14,0.0002427188353613019,0.011491652484983206,0.00014050255413167179,0.008687345311045647
gru-mae-0.001-s43,15,0.00032916979311266916,0.014600633289664983,0.00023489071463700384,0.013282915577292442
gru-mae-0.001-s43,16,0.0007145792193477973,0.021911468151956798,0.0004788954684045166,0.018086295574903488
gru-mae-0.001-s43,17,0.00031432620715349913,0.014617769364267588,0.00030339646036736667,0.013921697624027729
gru-mae-0.001-s43,18,0.0003518157062353566,0.015593034401535987,0.00025960724451579154,0.012132649309933186
gru-mae-0.001-s43,19,0.0004472053865902126,0.018114374056458472,0.0001438144245184958,0.008970044553279877
gru-mae-0.001-s43,20,0.0002720077955746092,0.011444450411945582,0.0001206791857839562,0.009158845990896225
gru-mae-0.001-s43,21,0.0003138110006693751,0.014058480933308602,0.0002717976167332381,0.01291840523481369
gru-mae-0.001-s43,22,0.0005276754987426102,0.01941194012761116,0.0002391671878285706,0.01179846003651619
gru-mae-0.001-s43,23,0.0002605511253932491,0.012374689429998397,0.0006459098658524454,0.02131996490061283
gru-mae-0.001-s43,24,0.0004129202524200082,0.018679890483617782,0.00021183823992032558,0.010684845969080925
gru-mae-0.001-s43,25,0.0002562242653220892,0.01246974840760231,0.0002626514178700745,0.012638096697628498
gru-mae-0.001-s43,26,0.00036982712568715213,0.015922199189662933,0.0001513304450782016,0.009891556575894356
gru-mae-0.001-s43,27,0.00040791330160573126,0.01743854470551014,0.0006344460416585207,0.02148825116455555
gru-mae-0.001-s43,28,0.0002717145264614373,0.013860645219683648,0.00015547749353572726,0.009613449685275555
gru-mae-0.001-s43,29,0.0002617798338178545,0.012509475871920585,0.0002773472515400499,0.013143247924745083
gru-mae-0.001-s43,30,0.00030977498390711845,0.014708681404590607,0.00014932155318092555,0.009622556157410145
gru-mae-0.001-s44,1,0.02727479871362448,0.11937677443027496,0.017888622358441353,0.11780137568712234
gru-mae-0.001-s44,2,0.005958009511232376,0.06293500244617461,0.010759835131466389,0.09472901374101639
gru-mae-0.001-s44,3,0.009245088859461247,0.0850508014857769,0.0014724098145961761,0.034849103540182114
gru-mae-0.001-s44,4,0.0013801467791199685,0.030657109543681144,0.0010080775246024132,0.02772565372288227
gru-mae-0.001-s44,5,0.0015272051002830267,0.032391148284077645,0.0002710315166041255,0.013155825436115265
gru-mae-0.001-s44,6,0.0006418479362037033,0.018258084803819657,0.00030040755518712103,0.014078988693654537
gru-mae-0.001-s44,7,0.0006069568695966154,0.02037628561258316,0.00026887102285400033,0.012185403145849705
gru-mae-0.001-s44,8,0.0005716982227750122,0.020325138233602047,0.0005004005506634712,0.02044016681611538
gru-mae-0.001-s44,9,0.0006285761226899922,0.018044533431529997,0.0002531337086111307,0.01157976221293211
gru-mae-0.001-s44,10,0.00037439831299707294,0.014624999463558197,0.00021014668163843453,0.01030774973332882
gru-mae-0.001-s44,11,0.0002575014042668045,0.012243736255913972,0.000723676523193717,0.025022467598319054
gru-mae-0.001-s44,12,0.0006553887517657131,0.020504212975502013,0.0006461091106757522,0.02107713744044304
gru-mae-0.001-s44,13,0.0003916558565106243,0.016263592764735223,0.0002630061935633421,0.011449756100773811
gru-mae-0.001-s44,14,0.00023962648236192764,0.012241454143077136,0.0002543466107454151,0.012864709831774235
gru-mae-0.001-s44,15,0.0002875291090458632,0.012942628785967827,0.000327742105582729,0.01388807687908411
gru-mae-0.001-s44,16,0.00023761779943015426,0.01236725265160203,0.0002286350936628878,0.010683325119316578
gru-mae-0.001-s44,17,0.0002632306277519092,0.013312803506851196,0.0002555570099502802,0.013489722274243832
gru-mae-0.001-s44,18,0.00038867708819452675,0.016722482889890672,0.00035563771962188184,0.015347320586442947
gru-mae-0.001-s44,19,0.0006880670413374901,0.022477310001850128,0.000911514915060252,0.025366894900798798
gru-mae-0.001-s44,20,0.0008682914159726351,0.026203388199210167,0.00043101003393530846,0.016873201355338097
gru-mae-0.001-s44,21,0.0013549650739878415,0.03083214819431305,0.0010754665127024055,0.028876950964331627
gru-mae-0.001-s44,22,0.0004983325768262148,0.017997043803334237,0.0007510769064538181,0.02326427586376667
gru-mae-0.001-s44,23,0.00042886834242381153,0.016892575100064276,0.00029397604521363974,0.013898789882659912
gru-mae-0.001-s44,24,0.0002386774032493122,0.01180416764691472,0.00042296911124140024,0.016555631533265114
gru-mae-0.001-s44,25,0.00035528214124497026,0.016170577872544528,0.00021738774375990033,0.011869248002767563
gru-mae-0.001-s44,26,0.0003248838472063653,0.013779978100210429,0.0003360352711752057,0.014353327453136444
gru-mae-0.001-s44,27,0.0003392301066196524,0.015447839293628932,0.0002719917392823845,0.013448693789541721
gru-mae-0.001-s44,28,0.0006729800906032324,0.022566893622279167,0.00035491614835336804,0.015060015954077244
gru-mae-0.001-s44,29,0.00030023158818949015,0.01321431040763855,0.00042634608689695597,0.01697552762925625
gru-mae-0.001-s44,30,0.00046972352545708416,0.019308506101369857,0.0003464392793830484,0.015077663585543633
gru-huber-0.0001-s42,1,0.03503694117069244,0.15250238060951232,0.011325648054480553,0.10276364535093307
gru-huber-0.0001-s42,2,0.0101634007319808,0.09281700491905212,0.007216873113065958,0.08021754026412964
gru-huber-0.0001-s42,3,0.005934734269976616,0.07155253231525421,0.0056096878834068775,0.07048037648200989
gru-huber-0.0001-s42,4,0.003691254332661629,0.05557604879140854,0.004805134609341621,0.06593530625104904
gru-huber-0.0001-s42,5,0.0028589762933552264,0.04438225872814655,0.005067804828286171,0.06195465102791786
gru-huber-0.0001-s42,6,0.003265220649773255,0.045704879723489286,0.003610878484323621,0.05058484524488449
gru-huber-0.0001-s42,7,0.0019371569971553982,0.03414979718625546,0.0015191141283139586,0.03543082997202873
gru-huber-0.0001-s42,8,0.0009238055418245494,0.02554122306406498,0.0011112128850072622,0.028571179136633873
gru-huber-0.0001-s42,9,0.0005438712821342051,0.018830068968236448,0.0008905705180950463,0.02451583743095398
gru-huber-0.0001-s42,10,0.0005156341567635536,0.018603196293115618,0.00063990120543167,0.020433183759450912
gru-huber-0.0001-s42,11,0.00045181826513726267,0.01687022440135479,0.0007181661203503609,0.022313643246889114
gru-huber-0.0001-s42,12,0.00049971534172073,0.016862027607858182,0.0005061592673882842,0.01766221970319748
gru-huber-0.0001-s42,13,0.00035691938013769685,0.01521058227866888,0.0004994990886189044,0.017900682985782623
gru-huber-0.0001-s42,14,0.0003508894587866962,0.01399861566722393,0.0005228722584433854,0.018753625452518463
gru-huber-0.0001-s42,15,0.0003086130158044398,0.01337107352912426,0.00046558966278098524,0.01689506135880947
gru-huber-0.0001-s42,16,0.0002909643913153559,0.013331243321299553,0.00046080833999440074,0.017339210957288742
gru-huber-0.0001-s42,17,0.0002745562751078978,0.012540691122412682,0.0004393103008624166,0.01644257642328739
gru-huber-0.0001-s42,18,0.0002460914955008775,0.012124976143240929,0.0004182748089078814,0.01585295982658863
gru-huber-0.0001-s42,19,0.00023967044573510064,0.011976263746619224,0.00039635656867176294,0.015284629538655281
gru-huber-0.0001-s42,20,0.00021689298970159143,0.011239694580435753,0.00037684483686462045,0.0147287892177701
gru-huber-0.0001-s42,21,0.0002197644312400371,0.01140216702595353,0.0003614052839111537,0.014283271506428719
gru-huber-0.0001-s42,22,0.00020638520101783796,0.010927419606596232,0.00034977702307514846,0.014096745289862156
gru-huber-0.0001-s42,23,0.00021465234691277148,0.011349062267690897,0.00034674550988711417,0.013614650815725327
gru-huber-0.0001-s42,24,0.00022023831217666157,0.011485812608152629,0.00034240083186887205,0.014169220812618732
gru-huber-0.0001-s42,25,0.0002368790830951184,0.012324969712644816,0.0003433687670622021,0.013450074009597301
gru-huber-0.0001-s42,26,0.0002602883259532973,0.012810307610780001,0.00034369685454294086,0.0141453230753541
gru-huber-0.0001-s42,27,0.000283367138763424,0.014025723189115524,0.0003232552844565362,0.013049952685832977
gru-huber-0.0001-s42,28,0.0002798632060876116,0.013661001212894916,0.0003216790209989995,0.013308877125382423
gru-huber-0.0001-s42,29,0.00029616418236400933,0.014346077889204025,0.0003285029379185289,0.01360340602695942
gru-huber-0.0001-s42,30,0.0002562441618647426,0.013267642706632615,0.0003303426201455295,0.013069527223706245
gru-huber-0.0001-s43,1,0.0845593398809433,0.28737624049186705,0.020755844190716743,0.1358870565891266
gru-huber-0.0001-s43,2,0.030755545794963837,0.1702045226097107,0.002933378564193845,0.04035542160272598
gru-huber-0.0001-s43,3,0.005224374616518617,0.06440552592277526,0.009053747169673443,0.08163058757781982
gru-huber-0.0001-s43,4,0.00295312138274312,0.0415042844414711,0.019787872210144997,0.13248807191848755
gru-huber-0.0001-s43,5,0.006927986368536949,0.07089026093482971,0.016295241191983223,0.11921676993370056
gru-huber-0.0001-s43,6,0.00462250854820013,0.053108039423823354,0.007914616726338863,0.07733096182346344
gru-huber-0.0001-s43,7,0.002155648861080408,0.04109143488109112,0.0034417074639350176,0.05058519169688225
gru-huber-0.0001-s43,8,0.0017404175922274589,0.035320762693881985,0.0025704032741487026,0.04476087540388107
gru-huber-0.0001-s43,9,0.0012934417231008411,0.029847750067710878,0.0033795253839343786,0.048659421503543854
gru-huber-0.0001-s43,10,0.0007883867988130078,0.02167765036225319,0.004964095074683428,0.06266967952251434
gru-huber-0.0001-s43,11,0.0009501869336236269,0.023842856474220752,0.0045170774683356285,0.06074227765202522
gru-huber-0.0001-s43,12,0.0007344163244124502,0.021023108437657357,0.002474761800840497,0.04272780194878578
gru-huber-0.0001-s43,13,0.0004709101980552077,0.016394077464938164,0.0016448742244392633,0.034019969403743744
gru-huber-0.0001-s43,14,0.00040819523186655713,0.015305869057774544,0.002104443032294512,0.040853239595890045
gru-huber-0.0001-s43,15,0.000386927219806239,0.014845583438873291,0.002278601750731468,0.043521516025066376
gru-huber-0.0001-s43,16,0.0003510123075102456,0.014430353194475174,0.001542062615044415,0.03446507081389427
gru-huber-0.0001-s43,17,0.0003243635848048143,0.013609021697193384,0.001394973718561232,0.032381441444158554
gru-huber-0.0001-s43,18,0.00031337144202552735,0.013495565820485354,0.0017865037079900503,0.03785328194499016
gru-huber-0.0001-s43,19,0.00028061988545232454,0.012793233785778284,0.0016079474007710814,0.03527211397886276
gru-huber-0.0001-s43,20,0.0002546653490571771,0.011981044206768274,0.0014619346475228667,0.032974131405353546
gru-huber-0.0001-s43,21,0.00024651745916344226,0.011758577842265368,0.001702789100818336,0.03631211444735527
gru-huber-0.0001-s43,22,0.00023387954497593454,0.011608921308070421,0.0015586843946948647,0.03424745798110962
gru-huber-0.0001-s43,23,0.0002223408555437345,0.011176129151135684,0.0014804537640884519,0.03313586115837097
gru-huber-0.0001-s43,24,0.00021847715099283959,0.010941856894642115,0.0015610625268891454,0.03440417721867561
gru-huber-0.0001-s43,25,0.00021090974340040702,0.010787619892507792,0.0014057825319468975,0.03217950835824013
gru-huber-0.0001-s43,26,0.00020853308917139656,0.010524338502436876,0.0014278452144935727,0.032568126916885376
gru-huber-0.0001-s43,27,0.00020524895226117223,0.010454088244587182,0.001409122720360756,0.03227634355425835
gru-huber-0.0001-s43,28,0.00020049253555043834,0.010252460781484842,0.001367532997392118,0.03156878054141998
gru-huber-0.0001-s43,29,0.00019929829992179293,0.01016941936686635,0.001417277380824089,0.032244570553302765
gru-huber-0.0001-s43,30,0.00019416197446844307,0.01004622021690011,0.001378925982862711,0.03153591230511665
gru-huber-0.0001-s44,1,0.0031302418373525143,0.04888643130660057,0.0014525168808177114,0.03360554575920105
gru-huber-0.0001-s44,2,0.0038130690529942514,0.047602296471595765,0.0022344079334288836,0.035480473190546036
gru-huber-0.0001-s44,3,0.002055450131883845,0.03562770083546638,0.0014007684076204896,0.031672269105911255
gru-huber-0.0001-s44,4,0.001766446717083454,0.035149226263165474,0.0010847363155335188,0.02755400538444519
gru-huber-0.0001-s44,5,0.0012476639286614953,0.02761267200112343,0.0013872142881155014,0.029020484536886215
gru-huber-0.0001-s44,6,0.0012139386613853275,0.026839539855718613,0.0009693554020486772,0.0248077604919672
gru-huber-0.0001-s44,7,0.0006776546151377261,0.021331450268626213,0.0007018703618086874,0.02125636860728264
gru-huber-0.0001-s44,8,0.0006317689339630306,0.02076128274202347,0.0008054456557147205,0.02247876487672329
gru-huber-0.0001-s44,9,0.0005646434263326227,0.018710377514362334,0.0008184325415641069,0.022532058879733086
gru-huber-0.0001-s44,10,0.00046820105519145727,0.017054717615246774,0.000679837423376739,0.020997900515794754
gru-huber-0.0001-s44,11,0.00044534199172630907,0.016341985613107683,0.0007356360438279808,0.02143964171409607
gru-huber-0.0001-s44,12,0.0004254829464480281,0.01572258025407791,0.000668369815684855,0.020786646753549576
gru-huber-0.0001-s44,13,0.0003878258471377194,0.014973672814667225,0.0006543702911585569,0.020426779985427856
gru-huber-0.0001-s44,14,0.0003764082305133343,0.014626065120100975,0.0006239294889383018,0.019887583330273628
gru-huber-0.0001-s44,15,0.00034087606763932854,0.013867532312870025,0.0006062446627765894,0.01952807419002056
gru-huber-0.0001-s44,16,0.00033467854955233635,0.013619599677622319,0.000595234683714807,0.019360119476914406
gru-huber-0.0001-s44,17,0.00030873795971274375,0.012995776124298572,0.000599062885157764,0.019441718235611916
gru-huber-0.0001-s44,18,0.0003016040241345763,0.01280038721859455,0.0006010394426994026,0.019453516229987144
gru-huber-0.0001-s44,19,0.0002758344303583726,0.01227118842303753,0.0006142760394141078,0.019710136577486992
gru-huber-0.0001-s44,20,0.0002701776352478191,0.01215866856276989,0.0006178137264214456,0.01950424164533615
gru-huber-0.0001-s44,21,0.00025167895044432955,0.01175857501104474,0.0006126282387413085,0.01944737695157528
gru-huber-0.0001-s44,22,0.00023770630068611353,0.011371652130037546,0.0006076576537452638,0.01939837448298931
gru-huber-0.0001-s44,23,0.0002302896611217875,0.011214638520032167,0.000621882441919297,0.019580237567424774
gru-huber-0.0001-s44,24,0.0002200843332684599,0.010925401989370585,0.0006439652061089873,0.019989021122455597
gru-huber-0.0001-s44,25,0.00021378829020250124,0.01056603306904435,0.0006232705200091004,0.019625378772616386
gru-huber-0.0001-s44,26,0.0002029115182813257,0.010274443309754133,0.0006285004783421755,0.019814390689134598
gru-huber-0.0001-s44,27,0.0002066988780279644,0.010757467281073331,0.0007214922807179391,0.02139659784734249
gru-huber-0.0001-s44,28,0.00020194707234622911,0.010521869864314795,0.0007503979722969234,0.022116495296359062
gru-huber-0.0001-s44,29,0.000263862153806258,0.012365011889487505,0.0006102988845668733,0.019376907497644424
gru-huber-0.0001-s44,30,0.0002655929952743463,0.013065868318080901,0.0006948973168618977,0.020893709734082222
gru-huber-0.001-s42,1,0.06532168619334698,0.24990192472934722,0.027034491300582886,0.16276268661022186
gru-huber-0.001-s42,2,0.03754021652042866,0.18935020565986632,0.007216045632958412,0.07286225259304047
gru-huber-0.001-s42,3,0.009987368794973008,0.08665187560021877,0.001239162520505488,0.030830631032586098
gru-huber-0.001-s42,4,0.012019791454076768,0.09422301292419434,0.008259197697043419,0.088408924639225
gru-huber-0.001-s42,5,0.004029396306723356,0.053210196197032926,0.008037161082029343,0.0882081389427185
gru-huber-0.001-s42,6,0.005528157155495137,0.06700947269797325,0.0005554361268877983,0.02137702889740467
gru-huber-0.001-s42,7,0.004171762559562922,0.054141965508460996,0.001816884963773191,0.039679888635873795
gru-huber-0.001-s42,8,0.0009463912481442094,0.026845397725701332,0.0033481947612017393,0.05489974841475487
gru-huber-0.001-s42,9,0.002251925291493535,0.0381773217022419,0.000431606313213706,0.017150942236185074
gru-huber-0.001-s42,10,0.0008250463800504804,0.02367977574467659,0.00037944468203932047,0.014778674580156803
gru-huber-0.001-s42,11,0.0012276914715766906,0.03150651790201664,0.0002956635144073516,0.014654901809990406
gru-huber-0.001-s42,12,0.00048691355739720164,0.01536945004016161,0.00042481732089072466,0.017705673351883888
gru-huber-0.001-s42,13,0.0009491034084931016,0.026644326150417327,0.00028235031641088426,0.012865407392382622
gru-huber-0.001-s42,14,0.0003946451540105045,0.016675416976213456,0.0002622157335281372,0.013847965747117996
gru-huber-0.001-s42,15,0.0004981073387898505,0.018728765919804574,0.00023220117145683616,0.010684184730052948
gru-huber-0.001-s42,16,0.0005633762944489717,0.020841655284166337,0.0002216157881775871,0.01216958649456501
gru-huber-0.001-s42,17,0.00044339956250041726,0.01742136903107166,0.0002418116491753608,0.01084385346621275
gru-huber-0.001-s42,18,0.00047540748724713924,0.01911651626229286,0.00020390898862387985,0.01164044439792633
gru-huber-0.001-s42,19,0.0005466803675517439,0.019754401817917825,0.00025025595095939934,0.010932217352092266
gru-huber-0.001-s42,20,0.000364391952753067,0.016398666650056837,0.0002094295050483197,0.01200045831501484
gru-huber-0.001-s42,21,0.0005891749914735555,0.02065978743135929,0.00029049449949525297,0.012171213515102863
gru-huber-0.001-s42,22,0.0003383341559674591,0.01584079012274742,0.00020524091087281704,0.011819486506283283
gru-huber-0.001-s42,23,0.000526397495996207,0.01940300442278385,0.0002821263042278588,0.011849572882056236
gru-huber-0.001-s42,24,0.0003500698274001479,0.016274471431970597,0.00018328680016566068,0.010754632763564587
gru-huber-0.001-s42,25,0.0004800828592851758,0.01829790510237217,0.0002684800128918141,0.01154480129480362
gru-huber-0.001-s42,26,0.0003444242267869413,0.016149181574583053,0.0001821084733819589,0.010669173672795296
gru-huber-0.001-s42,27,0.00048437467776238916,0.01843323923647404,0.0002752001164481044,0.011752016842365265
gru-huber-0.001-s42,28,0.0003237458667717874,0.015644152611494065,0.0001856223971117288,0.010807294398546219
gru-huber-0.001-s42,29,0.0004746075067669153,0.018270726278424264,0.00028124998789280653,0.01203179731965065
gru-huber-0.001-s42,30,0.00031471964088268577,0.015448688417673112,0.00018790439935401082,0.010797016322612762
gru-huber-0.001-s43,1,0.031657517998246475,0.1355689712613821,0.00443112850189209,0.059601958841085434
gru-huber-0.001-s43,2,0.010562940388917924,0.09162157416343689,0.006025128066539764,0.0657118409872055
gru-huber-0.001-s43,3,0.004796550432220101,0.06045658253133297,0.0014846724225208163,0.03290606662631035
gru-huber-0.001-s43,4,0.0020258573815226553,0.038469331711530684,0.00031971713178791106,0.014305222779512405
gru-huber-0.001-s43,5,0.0011842108704149723,0.02998501420021057,0.0018838149262592196,0.04128343611955643
gru-huber-0.001-s43,6,0.0007384582207305357,0.023621536269783975,0.0002903662098105997,0.015078338794410229
gru-huber-0.001-s43,7,0.0008226697007194161,0.02327394425868988,0.0010411666007712483,0.030169731006026268
gru-huber-0.001-s43,8,0.00033238528354559096,0.014706084802746773,0.0001700629509286955,0.010559714399278164
gru-huber-0.001-s43,9,0.0005212530773133039,0.018097320459783076,0.000709851854480803,0.022960782051086426
gru-huber-0.001-s43,10,0.00030426040932070465,0.013893504515290261,0.00020856036280747503,0.011242317035794258
gru-huber-0.001-s43,11,0.00024147119605913759,0.011542285904288291,0.00027529895305633545,0.012955354526638985
gru-huber-0.001-s43,12,0.00024211728654336185,0.011800052765756845,0.00012455479009076953,0.008919665589928627
gru-huber-0.001-s43,13,0.00027578363049542533,0.012685370985418559,0.00015510042430832982,0.009214166551828384
gru-huber-0.001-s43,14,0.00027909866053960286,0.012296193931251764,0.0004984380793757737,0.01848149485886097
gru-huber-0.001-s43,15,0.00025636465594288895,0.01321218306198716,0.00014617366832681,0.00940732192248106
gru-huber-0.001-s43,16,0.00025128105364274233,0.011336026433855294,0.00023095353390090168,0.0116903530433774
gru-huber-0.001-s43,17,0.00023438079544575884,0.010829480532556772,0.0004299136344343424,0.01666303724050522
gru-huber-0.001-s43,18,0.00021617023143335245,0.011750590521842241,0.0001573940389789641,0.00942386407405138
gru-huber-0.001-s43,19,0.0002919944759923965,0.013508994113653899,0.0001778476726030931,0.009878828190267086
gru-huber-0.001-s43,20,0.00038648880712571554,0.01497159430757165,0.0012747145956382155,0.030610907822847366
gru-huber-0.001-s43,21,0.00045713628496741877,0.01647184193134308,0.0005175783298909664,0.01902228780090809
gru-huber-0.001-s43,22,0.00022222928309929558,0.011976241115480662,0.00030568239162676036,0.013399316929280758
gru-huber-0.001-s43,23,0.0002384412957326276,0.012148878518491984,0.0002070882183033973,0.011867154389619827
gru-huber-0.001-s43,24,0.0005810140399262309,0.018876852840185164,0.0002867287548724562,0.013148583471775055
gru-huber-0.001-s43,25,0.00022783712280215695,0.011469369921833276,0.0007423900533467531,0.02285933867096901
gru-huber-0.001-s43,26,0.00031236398659530097,0.01437629794701934,0.00022828290821053088,0.01147052925080061
gru-huber-0.001-s43,27,0.00020676570748037192,0.010496243182569743,0.0004085054970346391,0.01629948802292347
gru-huber-0.001-s43,28,0.00017300887462624816,0.00996251368895173,0.00017557505634613335,0.009787864983081818
gru-huber-0.001-s43,29,0.00025406806089449673,0.012745449710637331,0.00016092737496364862,0.010136519558727741
gru-huber-0.001-s43,30,0.00033830940832558555,0.013877977412194013,0.0009726564749144018,0.026329655200242996
gru-huber-0.001-s44,1,0.029822282902896406,0.12664103269577026,0.031151730567216873,0.1613447219133377
gru-huber-0.001-s44,2,0.013810441046953201,0.09558183014392853,0.04542328044772148,0.2098570019006729
gru-huber-0.001-s44,3,0.033204895295202735,0.1643150144815445,0.002534479135647416,0.04774625971913338
gru-huber-0.001-s44,4,0.019976186752319335,0.12229567289352417,0.019678805023431778,0.12796707451343536
gru-huber-0.001-s44,5,0.014427898209542036,0.11189410597085953,0.001950459205545485,0.04086907580494881
gru-huber-0.001-s44,6,0.0024480678234249354,0.04433465480804443,0.0028010206297039986,0.04810057207942009
gru-huber-0.001-s44,7,0.001488277881871909,0.03324430108070373,0.00039445803849957883,0.017219267785549164
gru-huber-0.001-s44,8,0.0005120446812361479,0.017382905334234238,0.00021040858700871468,0.009815129451453686
gru-huber-0.001-s44,9,0.0003720197846996598,0.013822215739637614,0.0002768798149190843,0.01467345841228962
gru-huber-0.001-s44,10,0.00046193634858354926,0.015713477805256844,0.00017113635840360075,0.009420057758688927
gru-huber-0.001-s44,11,0.00033363734517479317,0.013124508801847696,0.00021021105931140482,0.011080804280936718
gru-huber-0.001-s44,12,0.00029142837156541644,0.0119946507550776,0.0002211160899605602,0.010523461736738682
gru-huber-0.001-s44,13,0.00030119000759441404,0.012823694664984942,0.0001964534749276936,0.01038275845348835
gru-huber-0.001-s44,14,0.00027748093474656344,0.012048673648387194,0.00019008821982424706,0.010795331560075283
gru-huber-0.001-s44,15,0.0003051581370527856,0.012513480056077242,0.00019655890355352312,0.009788352996110916
gru-huber-0.001-s44,16,0.0002773372325464152,0.012733826655894518,0.00022112703300081193,0.011780936270952225
gru-huber-0.001-s44,17,0.00034436835325323044,0.014263536352664231,0.00029018224449828267,0.013125556521117687
gru-huber-0.001-s44,18,0.0003367847570916638,0.01552669145166874,0.0002122367877746001,0.011112291365861893
gru-huber-0.001-s44,19,0.0004095136426622048,0.01635901302099228,0.00023752986453473568,0.011008703149855137
gru-huber-0.001-s44,20,0.0003535962291061878,0.015514308512210846,0.000271003955276683,0.012477458454668522
gru-huber-0.001-s44,21,0.0003443899203557521,0.01557959347963333,0.00022507773246616125,0.011942669749259949
gru-huber-0.001-s44,22,0.0003307841427158564,0.014840512275695801,0.0003750284085981548,0.015534628182649612
gru-huber-0.001-s44,23,0.0002581963484408334,0.013382715433835983,0.00023587468604091555,0.012264424934983253
gru-huber-0.001-s44,24,0.0002430083870422095,0.011999465301632881,0.0002851201861631125,0.012992653995752335
gru-huber-0.001-s44,25,0.00020948492659954353,0.011456528324633836,0.000221505033550784,0.011226163245737553
gru-huber-0.001-s44,26,0.00020807570952456446,0.01094882408156991,0.00022518853074871004,0.010853761807084084
gru-huber-0.001-s44,27,0.00019613033829955385,0.010475501958280802,0.00021765378187410533,0.01064368151128292
gru-huber-0.001-s44,28,0.00020047610451001674,0.010770228300243616,0.00021802712581120431,0.010893276892602444
gru-huber-0.001-s44,29,0.00021393690622062422,0.010993658769875765,0.000260282278759405,0.012189257889986038
gru-huber-0.001-s44,30,0.00022389280289644375,0.011884081047028303,0.00022708250617142767,0.01154237613081932
dlinear-mse-0.0001-s42,1,0.1453022027015686,0.37192657828330994,0.06479070335626602,0.24210502207279205
dlinear-mse-0.0001-s42,2,0.06042044013738632,0.23029562294483186,0.017286991700530052,0.10590507835149765
dlinear-mse-0.0001-s42,3,0.01840504623949528,0.10747817009687424,0.006041420623660088,0.0745048001408577
dlinear-mse-0.0001-s42,4,0.008400100261205808,0.07835262157022953,0.014569304883480072,0.10082121193408966
dlinear-mse-0.0001-s42,5,0.014092719741165638,0.0987865835428238,0.021966302767395973,0.12959952652454376
dlinear-mse-0.0001-s42,6,0.01809720877557993,0.11088753759860992,0.019611379131674767,0.12235166877508163
dlinear-mse-0.0001-s42,7,0.015465388726443052,0.1008690632879734,0.01262663397938013,0.094134621322155
dlinear-mse-0.0001-s42,8,0.010693735000677407,0.08459342017769814,0.006877726875245571,0.07383253425359726
dlinear-mse-0.0001-s42,9,0.007483423445373774,0.07374065890908241,0.003976792097091675,0.06046183407306671
dlinear-mse-0.0001-s42,10,0.006210071328096092,0.06980126589536667,0.0029484310653060675,0.05097221955657005
dlinear-mse-0.0001-s42,11,0.00574148241430521,0.06583125695586205,0.002559307962656021,0.04559442400932312
dlinear-mse-0.0001-s42,12,0.005204280689358711,0.06137328803539276,0.0022902009077370167,0.04352010414004326
dlinear-mse-0.0001-s42,13,0.00448700170731172,0.056120554357767104,0.002159473253414035,0.04338764399290085
dlinear-mse-0.0001-s42,14,0.0038571488775778562,0.0513079708814621,0.002219501184299588,0.0437675341963768
dlinear-mse-0.0001-s42,15,0.0034764328319579364,0.04985621348023415,0.0023375796154141426,0.043544311076402664
dlinear-mse-0.0001-s42,16,0.003268604096956551,0.048666945323348046,0.002319255145266652,0.04213855043053627
dlinear-mse-0.0001-s42,17,0.00307840995141305,0.047156464233994486,0.002095620846375823,0.03954106941819191
dlinear-mse-0.0001-s42,18,0.0028384651732631027,0.04501674443483353,0.0017520857509225607,0.03617177903652191
dlinear-mse-0.0001-s42,19,0.0025819461373612286,0.04239295125007629,0.001418776111677289,0.032636843621730804
dlinear-mse-0.0001-s42,20,0.002357696332037449,0.03995807074010372,0.0011702710762619972,0.029486417770385742
dlinear-mse-0.0001-s42,21,0.002174140129936859,0.03798575386404991,0.00101253273896873,0.027048449963331223
dlinear-mse-0.0001-s42,22,0.002012045821174979,0.03616931818425655,0.0009220070787705481,0.025517383590340614
dlinear-mse-0.0001-s42,23,0.001859014603542164,0.03453587159514427,0.0008749436819925904,0.02446983940899372
dlinear-mse-0.0001-s42,24,0.001718627461232245,0.03308253712952137,0.0008503257413394749,0.023666879162192345
dlinear-mse-0.0001-s42,25,0.0015966189152095468,0.03184179052710533,0.0008277545566670597,0.02319885976612568
dlinear-mse-0.0001-s42,26,0.0014912099705543368,0.03069480873644352,0.0007939160568639636,0.022599685937166214
dlinear-mse-0.0001-s42,27,0.0013969399593770505,0.029543167650699614,0.0007488972041755915,0.02187768742442131
dlinear-mse-0.0001-s42,28,0.00131071203853935,0.02837548442184925,0.0007026244420558214,0.021139664575457573
dlinear-mse-0.0001-s42,29,0.0012316272489260882,0.02721746139228344,0.0006654137396253645,0.020515451207756996
dlinear-mse-0.0001-s42,30,0.001158374729566276,0.026210570111870765,0.0006419605342671275,0.020087264478206635
dlinear-mse-0.0001-s43,1,0.03039457105100155,0.1712127470970154,0.008149760775268078,0.08911565691232681
dlinear-mse-0.0001-s43,2,0.0023331382556352766,0.03919279403984546,0.0009249112335965037,0.02808580920100212
dlinear-mse-0.0001-s43,3,0.004299493171274662,0.05896288275718689,0.004639970604330301,0.06673668324947357
dlinear-mse-0.0001-s43,4,0.006131692789494991,0.07356824964284897,0.0015880763530731201,0.03780975192785263
dlinear-mse-0.0001-s43,5,0.0022038653364870697,0.03894790671765804,0.0002222100447397679,0.010903025045990944
dlinear-mse-0.0001-s43,6,0.0008891166560351849,0.0245714358240366,0.0018414731603115797,0.04127408564090729
dlinear-mse-0.0001-s43,7,0.0016161730512976647,0.034087093770504,0.0022727216128259897,0.04622407257556915
dlinear-mse-0.0001-s43,8,0.0013839014945551753,0.03161219947040081,0.00105921586509794,0.030487805604934692
dlinear-mse-0.0001-s43,9,0.0006445459957467392,0.020362128987908363,0.00021872481738682836,0.010389769449830055
dlinear-mse-0.0001-s43,10,0.0005881491536274552,0.019384309127926828,0.00014586943143513054,0.009768763557076454
dlinear-mse-0.0001-s43,11,0.0007693800353445112,0.022186682522296906,0.00013918922923039645,0.009522666223347187
dlinear-mse-0.0001-s43,12,0.00063313631224446,0.019980746731162072,0.00021533384278882295,0.01029529795050621
dlinear-mse-0.0001-s43,13,0.0004958553274627775,0.017597130611538888,0.0004750592925120145,0.01855386234819889
dlinear-mse-0.0001-s43,14,0.0005179421417415142,0.017970479652285577,0.0005752245779149234,0.021089261397719383
dlinear-mse-0.0001-s43,15,0.0005001286661718041,0.017800647094845773,0.00042231587576679885,0.017041532322764397
dlinear-mse-0.0001-s43,16,0.000438449700595811,0.016581334248185156,0.00026118484674952924,0.011483161710202694
dlinear-mse-0.0001-s43,17,0.00042738878983072937,0.015880999639630317,0.0002075071242870763,0.010139962658286095
dlinear-mse-0.0001-s43,18,0.0004270435799844563,0.015798226408660413,0.00023122770653571934,0.010644008405506611
dlinear-mse-0.0001-s43,19,0.0004072749277111143,0.015579031482338905,0.00029865867691114545,0.01285686157643795
dlinear-mse-0.0001-s43,20,0.00039569318352732807,0.015618546083569527,0.0003443978785071522,0.01454692892730236
dlinear-mse-0.0001-s43,21,0.0003875284391688183,0.015525330379605294,0.000324965309118852,0.01385696604847908
dlinear-mse-0.0001-s43,22,0.00037319133232813326,0.015194226317107677,0.00027757641510106623,0.012148444540798664
dlinear-mse-0.0001-s43,23,0.0003630872070789337,0.014825825169682503,0.00025083270156756043,0.0112920505926013
dlinear-mse-0.0001-s43,24,0.0003566654701717198,0.014594123587012292,0.00025492123677395284,0.011456456035375595
dlinear-mse-0.0001-s43,25,0.00034878442937042565,0.014504411146044732,0.00027442380087450147,0.012117121368646622
dlinear-mse-0.0001-s43,26,0.0003411410428816453,0.014437564983963966,0.0002854379708878696,0.012474628165364265
dlinear-mse-0.0001-s43,27,0.0003336722136009485,0.014322065375745296,0.0002780609065666795,0.012258484959602356
dlinear-mse-0.0001-s43,28,0.00032616335665807127,0.014110467508435249,0.000264074798906222,0.011817267164587975
dlinear-mse-0.0001-s43,29,0.0003198925324250013,0.013889095112681389,0.00025770076899789274,0.011608561500906944
dlinear-mse-0.0001-s43,30,0.00031430993461981413,0.013732429072260856,0.00026130001060664654,0.011731252074241638
dlinear-mse-0.0001-s44,1,0.0459689074754715,0.21054163694381714,0.010965579189360142,0.09910719096660614
dlinear-mse-0.0001-s44,2,0.003548196052433923,0.050786196514964105,0.002611001953482628,0.042411841452121735
dlinear-mse-0.0001-s44,3,0.005397508963942528,0.06602175444364548,0.009822594001889229,0.09483786672353745
dlinear-mse-0.0001-s44,4,0.010088418293744326,0.09450151354074478,0.0058601112104952335,0.07126600295305252
dlinear-mse-0.0001-s44,5,0.005164359228219837,0.061479946449399,0.001038872404024005,0.028646010905504227
dlinear-mse-0.0001-s44,6,0.0014231561380438507,0.03166914135217667,0.001666574738919735,0.03204532712697983
dlinear-mse-0.0001-s44,7,0.0018065116833895444,0.036432544738054275,0.0030259343329817057,0.04839415103197098
dlinear-mse-0.0001-s44,8,0.002101330067962408,0.03795670196413994,0.001990186981856823,0.03733880817890167
dlinear-mse-0.0001-s44,9,0.001123872387688607,0.028331385999917982,0.0007145798299461603,0.020885620266199112
dlinear-mse-0.0001-s44,10,0.0007099454733543098,0.02225714635103941,0.0005582531448453665,0.02081158012151718
dlinear-mse-0.0001-s44,11,0.0010176070232409983,0.025655655227601527,0.0005877047078683972,0.021205507218837738
dlinear-mse-0.0001-s44,12,0.0010001332452520728,0.025467253997921945,0.0004458797047846019,0.018135251477360725
dlinear-mse-0.0001-s44,13,0.0006996071897447109,0.021790350750088693,0.0005729720578528941,0.018141012638807297
dlinear-mse-0.0001-s44,14,0.0006187471293378621,0.021098724231123925,0.0007897745235823095,0.021629128605127335
dlinear-mse-0.0001-s44,15,0.0006427539861761034,0.021119838356971742,0.000716087524779141,0.020500395447015762
dlinear-mse-0.0001-s44,16,0.000580897752661258,0.020129249691963197,0.0005082817515358329,0.016787927597761154
dlinear-mse-0.0001-s44,17,0.0005390528187854216,0.019277627021074294,0.0004025310627184808,0.015198182314634323
dlinear-mse-0.0001-s44,18,0.0005440448166336864,0.01917193450033665,0.0003879219002556056,0.014839299023151398
dlinear-mse-0.0001-s44,19,0.0005212638218654319,0.018772451132535936,0.0004284554161131382,0.015262478962540627
dlinear-mse-0.0001-s44,20,0.0004903515672776848,0.018360770121216775,0.000490589824039489,0.016311952844262123
dlinear-mse-0.0001-s44,21,0.0004796356742735952,0.018149209171533585,0.0005008972366340458,0.016552917659282684
dlinear-mse-0.0001-s44,22,0.00046758591721300034,0.017798949033021927,0.0004549604782368988,0.015588445588946342
dlinear-mse-0.0001-s44,23,0.00045237199345137924,0.017421111837029456,0.0004106825217604637,0.014753480441868305
dlinear-mse-0.0001-s44,24,0.00044212904758751393,0.01717663750052452,0.00039637365262024105,0.014540829695761204
dlinear-mse-0.0001-s44,25,0.00043059548683231695,0.016950584799051285,0.0004056775651406497,0.014602632261812687
dlinear-mse-0.0001-s44,26,0.0004179938597371802,0.016675995141267778,0.00041878840420395136,0.014791322872042656
dlinear-mse-0.0001-s44,27,0.0004080289421835914,0.01639971323311329,0.00041638180846348405,0.014737573452293873
dlinear-mse-0.0001-s44,28,0.0003989374448428862,0.016160479709506036,0.00039986002957448363,0.0143959429115057
dlinear-mse-0.0001-s44,29,0.00039031279244227334,0.01595578223466873,0.0003844288003165275,0.01416825596243143
dlinear-mse-0.0001-s44,30,0.00038237323402427135,0.015755730494856835,0.0003782145504374057,0.01403933297842741
dlinear-mse-0.001-s42,1,0.045036633908748624,0.18797871470451355,0.05085693299770355,0.19235557317733765
dlinear-mse-0.001-s42,2,0.055810227394104,0.21630729913711547,0.01529625803232193,0.08139277249574661
dlinear-mse-0.001-s42,3,0.0032993640820495784,0.052284176349639895,0.018125470727682114,0.11679204553365707
dlinear-mse-0.001-s42,4,0.01509519075974822,0.11200263500213622,0.009050552733242512,0.08350130170583725
dlinear-mse-0.001-s42,5,0.005335575547069311,0.05858463853597641,0.002047496847808361,0.03302910178899765
dlinear-mse-0.001-s42,6,0.002844642847776413,0.044594448208808896,0.0017095573712140322,0.035506024956703186
dlinear-mse-0.001-s42,7,0.0009335242945235222,0.02419035315513611,0.0003304967831354588,0.014335207641124725
dlinear-mse-0.001-s42,8,0.0007383320201188326,0.023451589941978455,0.0008948676404543221,0.02753489837050438
dlinear-mse-0.001-s42,9,0.0007070404593832791,0.023391898572444916,0.00014865054981783032,0.010112608782947063
dlinear-mse-0.001-s42,10,0.00040288783347932624,0.0136732267588377,0.0004259503912180662,0.018163584172725677
dlinear-mse-0.001-s42,11,0.0007343683834187686,0.02065603569149971,0.00023086009605322033,0.012572064995765686
dlinear-mse-0.001-s42,12,0.0004069925198564306,0.014720067754387856,0.00020736204169224948,0.011338417418301105
dlinear-mse-0.001-s42,13,0.000290342119988054,0.013902175128459931,0.0003397502878215164,0.014973134733736515
dlinear-mse-0.001-s42,14,0.00025285320181865243,0.012586391344666482,0.00022854558483231813,0.01180113386362791
dlinear-mse-0.001-s42,15,0.00023704158200416715,0.012002591826021671,0.00022209531744010746,0.01159629411995411
dlinear-mse-0.001-s42,16,0.0002527915977407247,0.012698902562260628,0.0002590842777863145,0.012851323001086712
dlinear-mse-0.001-s42,17,0.00022088894387707115,0.011612728610634804,0.000347465043887496,0.015056812204420567
dlinear-mse-0.001-s42,18,0.00023456158523913473,0.011845528334379195,0.00031914611463434994,0.014408002607524395
dlinear-mse-0.001-s42,19,0.00022075588931329547,0.011682151556015015,0.00025353365344926715,0.012689589522778988
dlinear-mse-0.001-s42,20,0.0002184909919742495,0.011709686517715454,0.0002423790137981996,0.0123157212510705
dlinear-mse-0.001-s42,21,0.00021351509203668684,0.011552340537309646,0.00026208293274976313,0.012886421754956245
dlinear-mse-0.001-s42,22,0.00021289750206051394,0.011344487667083741,0.0002575458202045411,0.012773113325238228
dlinear-mse-0.001-s42,23,0.000209231699409429,0.0112940014898777,0.00022968668781686574,0.011841404251754284
dlinear-mse-0.001-s42,24,0.0002084432850824669,0.011392031982541084,0.0002231158723589033,0.011692466214299202
dlinear-mse-0.001-s42,25,0.00020796429715119302,0.011361198946833611,0.0002346172695979476,0.012001344934105873
dlinear-mse-0.001-s42,26,0.0002061230450635776,0.011226635873317719,0.00023913667246233672,0.012163073755800724
dlinear-mse-0.001-s42,27,0.0002039546417654492,0.011167856827378274,0.00023273566330317408,0.011946945451200008
dlinear-mse-0.001-s42,28,0.00020282460609450937,0.01115471065044403,0.00023390210117213428,0.012000842951238155
dlinear-mse-0.001-s42,29,0.0002017179864924401,0.011114897876977921,0.00024230193230323493,0.012264286167919636
dlinear-mse-0.001-s42,30,0.00020026839803904294,0.011046879589557648,0.00024519310682080686,0.012361209839582443
dlinear-mse-0.001-s43,1,0.018881811886094512,0.12870237097144127,0.003950174432247877,0.05064273253083229
dlinear-mse-0.001-s43,2,0.008346541593782604,0.07440461322665215,0.003232003888115287,0.05398782715201378
dlinear-mse-0.001-s43,3,0.005422329101711512,0.06967148050665856,0.0004755036497954279,0.017749035730957985
dlinear-mse-0.001-s43,4,0.0015950286388397216,0.03331188887357712,0.0040602791123092175,0.06095194071531296
dlinear-mse-0.001-s43,5,0.001489391033537686,0.03203594118356705,0.0005839882069267333,0.02067691646516323
dlinear-mse-0.001-s43,6,0.000895697029773146,0.02540540151298046,0.0002501449198462069,0.011379378847777843
dlinear-mse-0.001-s43,7,0.00043817677767947315,0.016825429797172546,0.0007886916864663363,0.025057116523385048
dlinear-mse-0.001-s43,8,0.0004366537026362494,0.017826938554644584,0.00015844694280531257,0.010013402439653873
dlinear-mse-0.001-s43,9,0.0003615154966246337,0.014662995561957359,0.0002006834838539362,0.011547124944627285
dlinear-mse-0.001-s43,10,0.000348773428122513,0.014028133973479271,0.0002817247586790472,0.012480153702199459
dlinear-mse-0.001-s43,11,0.0003067109192488715,0.014261997491121291,0.0002327681431779638,0.010947732254862785
dlinear-mse-0.001-s43,12,0.00022531304974108936,0.011420881897211075,0.000164814802701585,0.010119432583451271
dlinear-mse-0.001-s43,13,0.00026014063245384023,0.012119016498327256,0.0002212118124589324,0.010795134119689465
dlinear-mse-0.001-s43,14,0.00023047661175951362,0.011629620864987374,0.00029317676671780646,0.01292335893958807
dlinear-mse-0.001-s43,15,0.00022604718076763675,0.012045668438076973,0.0001940092770382762,0.010284877382218838
dlinear-mse-0.001-s43,16,0.0002223559853155166,0.011500608399510384,0.00021033718076068908,0.010654536075890064
dlinear-mse-0.001-s43,17,0.0002120019160793163,0.011198764592409134,0.00025026124785654247,0.011674264445900917
dlinear-mse-0.001-s43,18,0.00020899876399198546,0.011352200955152512,0.000194077510968782,0.01019344013184309
dlinear-mse-0.001-s43,19,0.0002071832912042737,0.010950884595513345,0.00020080554531887174,0.0103153632953763
dlinear-mse-0.001-s43,20,0.00020343702053651213,0.010791301056742668,0.00022813999385107309,0.010989226400852203
dlinear-mse-0.001-s43,21,0.00019893845543265343,0.010885692164301873,0.0002053912030532956,0.010500707663595676
dlinear-mse-0.001-s43,22,0.00019818302418570967,0.010757014267146587,0.0002199717127950862,0.010905075818300247
dlinear-mse-0.001-s43,23,0.00019513787643518299,0.010692899487912655,0.0002364176616538316,0.011307049542665482
dlinear-mse-0.001-s43,24,0.0001923097955295816,0.010755477771162987,0.00022325711324810982,0.011046241037547588
dlinear-mse-0.001-s43,25,0.0001907006694818847,0.01064765192568302,0.00023530925682280213,0.01131755206733942
dlinear-mse-0.001-s43,26,0.00018838456802768632,0.010561379361897707,0.00023607358161825687,0.011339732445776463
dlinear-mse-0.001-s43,27,0.00018592295760754495,0.01052891680970788,0.00022983632516115904,0.01120659988373518
dlinear-mse-0.001-s43,28,0.00018426095935865307,0.010406740549951792,0.00023907604918349534,0.011433512903749943
dlinear-mse-0.001-s43,29,0.00018193835552665405,0.010358208138495684,0.00023657205747440457,0.011377553455531597
dlinear-mse-0.001-s43,30,0.00017994139256188646,0.010297939348965883,0.00024001910060178488,0.01149599626660347
dlinear-mse-0.001-s44,1,0.031558832343434914,0.1665844987332821,0.006113590206950903,0.06507071852684021
dlinear-mse-0.001-s44,2,0.028949406519532202,0.1540549862384796,0.009770219214260578,0.08376292884349823
dlinear-mse-0.001-s44,3,0.015525046959519386,0.11620640635490417,0.0071609592996537685,0.07519005239009857
dlinear-mse-0.001-s44,4,0.006999831758439541,0.06585103571414948,0.009542004205286503,0.09468555450439453
dlinear-mse-0.001-s44,5,0.0037661334918811917,0.05532999068498611,0.00043943303171545267,0.017391664907336235
dlinear-mse-0.001-s44,6,0.0020718733966350556,0.03846294820308685,0.0007070070132613182,0.02477865107357502
dlinear-mse-0.001-s44,7,0.0012569373776204883,0.03178547285497189,0.0025736214593052864,0.0487268902361393
dlinear-mse-0.001-s44,8,0.0018137618922628462,0.03541940718889237,0.00264185038395226,0.04965227469801903
dlinear-mse-0.001-s44,9,0.0010950391553342343,0.027065419927239417,0.0001684784219833091,0.009520803578197956
dlinear-mse-0.001-s44,10,0.0007619079016149044,0.025029774606227875,0.0002064947475446388,0.010571546852588654
dlinear-mse-0.001-s44,11,0.00037215686403214933,0.015617350190877914,0.0011565802851691842,0.03087349608540535
dlinear-mse-0.001-s44,12,0.0005701653863070533,0.01752045899629593,0.00040391058428213,0.016058117151260376
dlinear-mse-0.001-s44,13,0.00030897735443431886,0.014619008041918277,0.0002765539684332907,0.013733284547924995
dlinear-mse-0.001-s44,14,0.0004099150243564509,0.016655579954385758,0.0004540541849564761,0.01705821603536606
dlinear-mse-0.001-s44,15,0.00033800625591538845,0.014926039054989815,0.0005170511431060731,0.018581854179501534
dlinear-mse-0.001-s44,16,0.00025787966209463777,0.012441274747252463,0.0002569775970187038,0.01290921214967966
dlinear-mse-0.001-s44,17,0.00028815441968617963,0.013881678059697151,0.0003165584057569504,0.0141723258420825
dlinear-mse-0.001-s44,18,0.0002513540140353143,0.012231668308377266,0.00045632210094481707,0.017983268946409225
dlinear-mse-0.001-s44,19,0.000250842391687911,0.011382353827357292,0.00028941186610609293,0.013540908694267273
dlinear-mse-0.001-s44,20,0.0002426557062426582,0.012008013725280762,0.00029563362477347255,0.013738957233726978
dlinear-mse-0.001-s44,21,0.00023220224684337155,0.011398776695132255,0.0003789942420553416,0.015944404527544975
dlinear-mse-0.001-s44,22,0.00023368772730464116,0.011022367775440215,0.0002992313529830426,0.013750508427619934
dlinear-mse-0.001-s44,23,0.0002259439422050491,0.011483314260840417,0.0002935405063908547,0.013531045988202095
dlinear-mse-0.001-s44,24,0.00022288495965767653,0.011389385983347893,0.00033328906283713877,0.014666522853076458
dlinear-mse-0.001-s44,25,0.00022079829912399873,0.011091207936406135,0.00029546182486228645,0.01358472928404808
dlinear-mse-0.001-s44,26,0.00021768293692730367,0.011309664472937584,0.0002936450473498553,0.013549428433179855
dlinear-mse-0.001-s44,27,0.00021559874818194658,0.01117511436343193,0.0003107850207015872,0.014047637581825256
dlinear-mse-0.001-s44,28,0.00021326578833395616,0.01090116135776043,0.00028837588615715504,0.013441784307360649
dlinear-mse-0.001-s44,29,0.00021063489431980998,0.011011930108070373,0.0002909959002863616,0.013528208248317242
dlinear-mse-0.001-s44,30,0.00020883635530481116,0.010829838737845422,0.000295889942208305,0.013668869622051716
dlinear-mae-0.0001-s42,1,0.14532596349716187,0.3719539451599121,0.06481148302555084,0.2421259582042694
dlinear-mae-0.0001-s42,2,0.05931340366601944,0.22815306663513182,0.015466189943253994,0.09656350314617157
dlinear-mae-0.0001-s42,3,0.015866237115114926,0.09885558247566223,0.00731750950217247,0.08332536369562149
dlinear-mae-0.0001-s42,4,0.009117470430210233,0.0824968907237053,0.018628999590873718,0.11576277762651443
dlinear-mae-0.0001-s42,5,0.016150956992059946,0.1047939544916153,0.01826593652367592,0.11592260003089905
dlinear-mae-0.0001-s42,6,0.014532165946438908,0.09673174649477005,0.010034772567451,0.08518036454916
dlinear-mae-0.0001-s42,7,0.009494632706046105,0.08120638057589531,0.00461604306474328,0.06557518988847733
dlinear-mae-0.0001-s42,8,0.0071736972220242026,0.07698255524039269,0.003195237834006548,0.0513540618121624
dlinear-mae-0.0001-s42,9,0.006002191165462137,0.06817743614315987,0.0025275330990552902,0.045245084911584854
dlinear-mae-0.0001-s42,10,0.004450373002327979,0.05662105217576027,0.002237004227936268,0.04425320774316788
dlinear-mae-0.0001-s42,11,0.0033123966224957255,0.048638316020369526,0.0026735609862953424,0.043684519827365875
dlinear-mae-0.0001-s42,12,0.0032243783958256244,0.0486885629594326,0.0021064886823296547,0.03811183199286461
dlinear-mae-0.0001-s42,13,0.0027054099005181342,0.04339304216206074,0.0008166487677954137,0.02396782673895359
dlinear-mae-0.0001-s42,14,0.0022513208200689405,0.03751133471727371,0.0005554601084440947,0.02041509933769703
dlinear-mae-0.0001-s42,15,0.0022911201207898558,0.034417027086019514,0.0005470931646414101,0.019951924681663513
dlinear-mae-0.0001-s42,16,0.0020024843828286977,0.03114453695714474,0.00034126194077543914,0.015428361482918262
dlinear-mae-0.0001-s42,17,0.0014234475116245448,0.02790431760251522,0.0003541058977134526,0.014825649559497833
dlinear-mae-0.0001-s42,18,0.0012580484303180129,0.026149787083268164,0.0003129446122329682,0.01479852944612503
dlinear-mae-0.0001-s42,19,0.0012602522713132203,0.024305723309516906,0.00031055574072524905,0.014790629036724567
dlinear-mae-0.0001-s42,20,0.0010429725667927415,0.022389485016465187,0.00033023563446477056,0.014584907330572605
dlinear-mae-0.0001-s42,21,0.0008524924458470195,0.02088287301361561,0.000354793097358197,0.014846913516521454
dlinear-mae-0.0001-s42,22,0.0007496486749732867,0.019294898360967636,0.0003516214492265135,0.014888899400830269
dlinear-mae-0.0001-s42,23,0.0006758050207281485,0.01807941373437643,0.0003409668570384383,0.01495024561882019
dlinear-mae-0.0001-s42,24,0.0006272707937750965,0.016986466832458972,0.0003409068158362061,0.015063856728374958
dlinear-mae-0.0001-s42,25,0.0005761123832780868,0.016167205683887007,0.0003843071172013879,0.015445932745933533
dlinear-mae-0.0001-s42,26,0.0004879499151138589,0.015513920523226261,0.00037745237932540476,0.015423828735947609
dlinear-mae-0.0001-s42,27,0.00046605540730524806,0.014879033975303173,0.00036600776365958154,0.015346675179898739
dlinear-mae-0.0001-s42,28,0.00046943770896177737,0.014496315009891987,0.00038232607766985893,0.015503717586398125
dlinear-mae-0.0001-s42,29,0.00040754822723101827,0.014203394986689091,0.00037482139305211604,0.015367195010185242
dlinear-mae-0.0001-s42,30,0.00040029554278589783,0.01386694673448801,0.0003892334352713078,0.0158050786703825
dlinear-mae-0.0001-s43,1,0.03037234604358673,0.171140393614769,0.008050910197198391,0.08856479823589325
dlinear-mae-0.0001-s43,2,0.0021613018633797765,0.037773646116256714,0.0013978681527078152,0.035253096371889114
dlinear-mae-0.0001-s43,3,0.0037879082933068276,0.055445813983678816,0.0011628465726971626,0.03186890855431557
dlinear-mae-0.0001-s43,4,0.0019464373355731368,0.03522530447691679,0.0006502418546006083,0.022517435252666473
dlinear-mae-0.0001-s43,5,0.0014343762304633856,0.03233611583709717,0.002226521261036396,0.04560472443699837
dlinear-mae-0.0001-s43,6,0.0012631436483934522,0.02991137742996216,0.00038375434814952314,0.015897683799266815
dlinear-mae-0.0001-s43,7,0.0006763614737428725,0.021095190346240997,0.00022995703329797834,0.01282535120844841
dlinear-mae-0.0001-s43,8,0.0009599634702317417,0.024549461379647256,0.00022460572654381394,0.010641721077263355
dlinear-mae-0.0001-s43,9,0.0005650036933366209,0.01891377117484808,0.0008483032579533756,0.02672630175948143
dlinear-mae-0.0001-s43,10,0.0006320258835330606,0.020695059821009637,0.0004598817613441497,0.01796707883477211
dlinear-mae-0.0001-s43,11,0.000444080923916772,0.01635817252099514,0.0001442638604203239,0.00964430347084999
dlinear-mae-0.0001-s43,12,0.000593132395297289,0.018636569678783417,0.00022504756634589285,0.010622787289321423
dlinear-mae-0.0001-s43,13,0.00044665203313343227,0.016571221016347407,0.0005163021269254386,0.01956784352660179
dlinear-mae-0.0001-s43,14,0.00036535731982439756,0.014882808588445186,0.00014042964903637767,0.009435961954295635
dlinear-mae-0.0001-s43,15,0.000491170798195526,0.016297622844576837,0.0001783804764272645,0.009658259339630604
dlinear-mae-0.0001-s43,16,0.0003523147141095251,0.01388703428208828,0.0003836735268123448,0.01564902625977993
dlinear-mae-0.0001-s43,17,0.00032588619069429114,0.014413073882460594,0.0002301159402122721,0.010624120943248272
dlinear-mae-0.0001-s43,18,0.0003270612296182662,0.01303732343018055,0.00016659832908771932,0.009493335150182247
dlinear-mae-0.0001-s43,19,0.0003350855261669494,0.012763686701655388,0.00018333240586798638,0.00980112049728632
dlinear-mae-0.0001-s43,20,0.0003112392543698661,0.012453710809350014,0.0001963092217920348,0.009995720349252224
dlinear-mae-0.0001-s43,21,0.0002980166341876611,0.012148087415844201,0.0001823553757276386,0.009793189354240894
dlinear-mae-0.0001-s43,22,0.00030146916542435066,0.01197958344593644,0.0001798400335246697,0.009765936993062496
dlinear-mae-0.0001-s43,23,0.0002998511646001134,0.011769083384424448,0.00021091182134114206,0.010269981808960438
dlinear-mae-0.0001-s43,24,0.00027772052708314733,0.011704458575695752,0.0002733307483140379,0.012064476497471333
dlinear-mae-0.0001-s43,25,0.0002826377749443054,0.013229646366089582,0.0001828158856369555,0.009770629927515984
dlinear-mae-0.0001-s43,26,0.000392069659428671,0.014222619011998177,0.0002152605156879872,0.010310362093150616
dlinear-mae-0.0001-s43,27,0.0003030151466373354,0.013581101521849633,0.0003683638642542064,0.0150098642334342
dlinear-mae-0.0001-s43,28,0.0002812349214218557,0.012440781146287917,0.0001674102823017165,0.009456779807806015
dlinear-mae-0.0001-s43,29,0.000288668027787935,0.012078245654702186,0.0002783293602988124,0.01233693491667509
dlinear-mae-0.0001-s43,30,0.0002761232978082262,0.011583183761686086,0.00022415301646105945,0.01050054281949997
dlinear-mae-0.0001-s44,1,0.04596716023981571,0.21053248405456543,0.01065653283149004,0.09749206155538559
dlinear-mae-0.0001-s44,2,0.003148935216013342,0.0478188855946064,0.003992386627942324,0.054822929203510284
dlinear-mae-0.0001-s44,3,0.005678753145039081,0.06782363340258599,0.004144893027842045,0.056481897830963135
dlinear-mae-0.0001-s44,4,0.00378643550327979,0.04918031688779592,0.0010412579867988825,0.027933984994888306
dlinear-mae-0.0001-s44,5,0.0018395284749567508,0.03700172454118729,0.00282601872459054,0.043910760432481766
dlinear-mae-0.0001-s44,6,0.00196305675432086,0.037744718790054324,0.001274292473681271,0.026903511956334114
dlinear-mae-0.0001-s44,7,0.0007805668580112979,0.023810795247554778,0.0008677160367369652,0.025779929012060165
dlinear-mae-0.0001-s44,8,0.0015784486930351704,0.032413219287991527,0.0006050140364095569,0.021683944389224052
dlinear-mae-0.0001-s44,9,0.0009026126773096621,0.0248678258061409,0.0009305973071604967,0.02401738427579403
dlinear-mae-0.0001-s44,10,0.0007247182459104806,0.022515769228339196,0.0005976131651550531,0.018490741029381752
dlinear-mae-0.0001-s44,11,0.00060491893440485,0.01995118975639343,0.0003309487656224519,0.014921190217137337
dlinear-mae-0.0001-s44,12,0.0007346231676638126,0.022585708051919937,0.00043310830369591713,0.014948404394090176
dlinear-mae-0.0001-s44,13,0.0005648643837776035,0.019355511590838433,0.001283452264033258,0.03155210614204407
dlinear-mae-0.0001-s44,14,0.0007465283665806055,0.020771319195628166,0.0003526730870362371,0.013153082691133022
dlinear-mae-0.0001-s44,15,0.0005015220108907669,0.01838843196630478,0.0003371102793607861,0.01293791364878416
dlinear-mae-0.0001-s44,16,0.00040722924401052294,0.016086182594299316,0.0007964865653775632,0.02368040569126606
dlinear-mae-0.0001-s44,17,0.000514440379338339,0.0173531524091959,0.000429339095717296,0.015095301903784275
dlinear-mae-0.0001-s44,18,0.00035884376178728415,0.014750126153230667,0.00032284652115777135,0.013979390263557434
dlinear-mae-0.0001-s44,19,0.00035892768239136785,0.015105355232954025,0.00041948683792725205,0.014937003143131733
dlinear-mae-0.0001-s44,20,0.00035456383076962086,0.014510223455727101,0.000321074272505939,0.012744833715260029
dlinear-mae-0.0001-s44,21,0.0003739896943443455,0.01569043077528477,0.0002724961959756911,0.011974598281085491
dlinear-mae-0.0001-s44,22,0.0003147245309082791,0.013432031124830246,0.00048729227273724973,0.017419828101992607
dlinear-mae-0.0001-s44,23,0.0003878508540219627,0.01470492908731103,0.0002736279566306621,0.01148036029189825
dlinear-mae-0.0001-s44,24,0.000329853713628836,0.013962677735835314,0.0003796443925239146,0.014327151700854301
dlinear-mae-0.0001-s44,25,0.00041592514782678335,0.01581699024885893,0.0003238326753489673,0.012753288261592388
dlinear-mae-0.0001-s44,26,0.0003252836933825165,0.013853713497519493,0.0002825402480084449,0.013680417090654373
dlinear-mae-0.0001-s44,27,0.00031867043144302444,0.014083279985934496,0.00033048729528672993,0.012907756492495537
dlinear-mae-0.0001-s44,28,0.0003012842428870499,0.0129910259693861,0.00025989196728914976,0.012573597952723503
dlinear-mae-0.0001-s44,29,0.0002938633807934821,0.013078965339809656,0.0004167912120465189,0.01582755148410797
dlinear-mae-0.0001-s44,30,0.00032855378478416244,0.013120739776641131,0.0002519402769394219,0.012409493327140808
dlinear-mae-0.001-s42,1,0.04588591992855072,0.19140150547027587,0.02629057690501213,0.14843252301216125
dlinear-mae-0.001-s42,2,0.05815828174352646,0.2156609094142914,0.027528440579771996,0.12642566859722137
dlinear-mae-0.001-s42,3,0.0041054844227619465,0.053006746917963025,0.03475172445178032,0.17534056305885315
dlinear-mae-0.001-s42,4,0.031220459192991257,0.17039760768413545,0.009868288412690163,0.0919731855392456
dlinear-mae-0.001-s42,5,0.0066626865044236185,0.07051678270101547,0.0056058974005281925,0.07246538251638412
dlinear-mae-0.001-s42,6,0.0031381047877948732,0.046186938881874084,0.0025862129405140877,0.04770563542842865
dlinear-mae-0.001-s42,7,0.00253426399664022,0.044048179909586906,0.00030150474049150944,0.01321597583591938
dlinear-mae-0.001-s42,8,0.0008739450294524431,0.025337461233139038,0.0005569287459366024,0.021231230348348618
dlinear-mae-0.001-s42,9,0.00040773799642920496,0.01591582231223583,0.0002058269310509786,0.010626307688653469
dlinear-mae-0.001-s42,10,0.0002980941766873002,0.013568417578935623,0.0002700510376598686,0.013778498396277428
dlinear-mae-0.001-s42,11,0.000337539236061275,0.014303216636180878,0.0001683570008026436,0.00996675156056881
dlinear-mae-0.001-s42,12,0.00022994509257841855,0.011755657903850079,0.0001838620810303837,0.011141400784254074
dlinear-mae-0.001-s42,13,0.0002604800183326006,0.012518404684960842,0.00019538140622898936,0.010756741277873516
dlinear-mae-0.001-s42,14,0.0002314821380423382,0.011842527315020562,0.00019201879331376404,0.010609649121761322
dlinear-mae-0.001-s42,15,0.00021738399198511615,0.011504286527633667,0.00017055078933481127,0.01075258944183588
dlinear-mae-0.001-s42,16,0.00023161782941315322,0.011575897186994553,0.0001822320482460782,0.010419659316539764
dlinear-mae-0.001-s42,17,0.00021116543328389526,0.011239114701747894,0.00018098084547091275,0.010659327730536461
dlinear-mae-0.001-s42,18,0.00022438532498199492,0.011402376387268305,0.00018910416110884398,0.010788836516439915
dlinear-mae-0.001-s42,19,0.00021170351858017966,0.011185958478599788,0.00020663537725340575,0.011321968398988247
dlinear-mae-0.001-s42,20,0.00023549383447971195,0.011706841457635165,0.00015659150085411966,0.00988188199698925
dlinear-mae-0.001-s42,21,0.0002530217768799048,0.01290847295895219,0.00025251664919778705,0.013237668201327324
dlinear-mae-0.001-s42,22,0.0003031151066534221,0.01250769542530179,0.00023551966296508908,0.012196749448776245
dlinear-mae-0.001-s42,23,0.00022105370910139755,0.011879134029150008,0.00018879471463151276,0.010771219618618488
dlinear-mae-0.001-s42,24,0.00020002022094558924,0.010813905689865351,0.00017267247312702239,0.010566500015556812
dlinear-mae-0.001-s42,25,0.00021780814582598396,0.010913208294659853,0.00017225681222043931,0.010313610546290874
dlinear-mae-0.001-s42,26,0.0002051014223252423,0.010956907663494348,0.00023407759726978838,0.012332438491284847
dlinear-mae-0.001-s42,27,0.00025731769812409766,0.012920244950801135,0.0002448450250085443,0.012575735338032246
dlinear-mae-0.001-s42,28,0.00019707999854290392,0.011137962508946657,0.0002076236269203946,0.012078100815415382
dlinear-mae-0.001-s42,29,0.00023565191233501537,0.010800200272351504,0.00017551987548358738,0.010420706123113632
dlinear-mae-0.001-s42,30,0.00018073766834277193,0.009954821858555079,0.00021782437397632748,0.011949749663472176
dlinear-mae-0.001-s43,1,0.01809615731239319,0.12321134090423584,0.007863412611186504,0.0821693167090416
dlinear-mae-0.001-s43,2,0.0029331833124160767,0.03990117579698563,0.015928439795970917,0.1252630650997162
dlinear-mae-0.001-s43,3,0.010924774068407715,0.08986298248171806,0.003015513764694333,0.05279522389173508
dlinear-mae-0.001-s43,4,0.004155213991180062,0.057108718901872635,0.0002135771792382002,0.011386259458959103
dlinear-mae-0.001-s43,5,0.0009461104543879628,0.026304164826869966,0.00022368297504726797,0.010540148243308067
dlinear-mae-0.001-s43,6,0.000977562360931188,0.026189437210559843,0.0003723961126524955,0.014882746152579784
dlinear-mae-0.001-s43,7,0.0008440875913947821,0.02479125440120697,0.00043213891331106424,0.018939126282930374
dlinear-mae-0.001-s43,8,0.000657988409511745,0.022288163751363756,0.0007122388924472034,0.02320561744272709
dlinear-mae-0.001-s43,9,0.00041442628018558027,0.0175164170563221,0.00020968203898519278,0.011300608515739441
dlinear-mae-0.001-s43,10,0.00035891273582819847,0.014943210855126381,0.0002118624688591808,0.010462824255228043
dlinear-mae-0.001-s43,11,0.00045081858756020667,0.01764968514442444,0.00016187821165658534,0.010004457086324692
dlinear-mae-0.001-s43,12,0.0004525523353368044,0.017720182538032533,0.00020833019516430795,0.010204148478806019
dlinear-mae-0.001-s43,13,0.00042912083910778164,0.016893631070852278,0.00017853622557595372,0.010517863556742668
dlinear-mae-0.001-s43,14,0.00047086077625863254,0.018333266973495483,0.00028915383154526353,0.012741411104798317
dlinear-mae-0.001-s43,15,0.0003053863765671849,0.014499851614236831,0.00015924166655167937,0.00994442030787468
dlinear-mae-0.001-s43,16,0.00034776061889715495,0.015164182037115097,0.00021550065139308572,0.010802132077515125
dlinear-mae-0.001-s43,17,0.00046213068766519426,0.017871368601918222,0.00021549318626057357,0.01155045349150896
dlinear-mae-0.001-s43,18,0.00037704557296819986,0.015967946648597717,0.0004329699731897563,0.016474919393658638
dlinear-mae-0.001-s43,19,0.00032533817808143794,0.015707595571875572,0.00016777422570157796,0.010173390619456768
dlinear-mae-0.001-s43,20,0.0003161537059349939,0.01424287810921669,0.00021002968423999846,0.01078650914132595
dlinear-mae-0.001-s43,21,0.000349954878911376,0.015233562737703323,0.0001619488903088495,0.009931715205311775
dlinear-mae-0.001-s43,22,0.00036031210562214254,0.01560171864926815,0.00033376639476045966,0.01400699932128191
dlinear-mae-0.001-s43,23,0.00028283871011808515,0.014273393936455249,0.00016800819139461964,0.01007799617946148
dlinear-mae-0.001-s43,24,0.00032131119631230833,0.014466155767440796,0.0003423455054871738,0.014192089438438416
dlinear-mae-0.001-s43,25,0.0002831982483621687,0.014368076249957085,0.00017413673049304634,0.009804334491491318
dlinear-mae-0.001-s43,26,0.0002830320014618337,0.013369428254663944,0.00020707116345874965,0.01077311858534813
dlinear-mae-0.001-s43,27,0.00029077546554617584,0.013441705144941807,0.00016628330922685564,0.009633989073336124
dlinear-mae-0.001-s43,28,0.00032713537919335065,0.014673630669713021,0.0003290348104201257,0.013884976506233215
dlinear-mae-0.001-s43,29,0.00026646062382496894,0.013603250347077846,0.00016141534433700144,0.009829252026975155
dlinear-mae-0.001-s43,30,0.00036123516387306156,0.01571205072104931,0.0005477441009134054,0.01943034678697586
dlinear-mae-0.001-s44,1,0.02782402455806732,0.15024662166833877,0.005737743806093931,0.05604551360011101
dlinear-mae-0.001-s44,2,0.012969190223375336,0.09517971985042095,0.014754478819668293,0.1135893240571022
dlinear-mae-0.001-s44,3,0.019337621480226518,0.1326693367958069,0.0025686800945550203,0.04600624740123749
dlinear-mae-0.001-s44,4,0.005371357640251517,0.06640578165650368,0.006805109325796366,0.08126940578222275
dlinear-mae-0.001-s44,5,0.004242810681462288,0.058512681126594544,0.004369706846773624,0.0644952654838562
dlinear-mae-0.001-s44,6,0.002858212979044765,0.04740184403955936,0.007443221751600504,0.08530533313751221
dlinear-mae-0.001-s44,7,0.011695753410458564,0.1043002188205719,0.007397728972136974,0.08482912182807922
dlinear-mae-0.001-s44,8,0.0027921540290117264,0.04610101103782654,0.005368273705244064,0.070580393075943
dlinear-mae-0.001-s44,9,0.005014244196936488,0.06479158245027065,0.0010831699473783374,0.02421596460044384
dlinear-mae-0.001-s44,10,0.006562776062637567,0.06739572674036026,0.009547553025186062,0.09277937561273575
dlinear-mae-0.001-s44,11,0.003727749222307466,0.05666386745870113,0.0028800256550312042,0.04639338329434395
dlinear-mae-0.001-s44,12,0.004756556823849678,0.06597124755382539,0.002355014905333519,0.04329836368560791
dlinear-mae-0.001-s44,13,0.0018779173446819186,0.03565569534897804,0.0019751708023250103,0.04145309329032898
dlinear-mae-0.001-s44,14,0.0007145004218909889,0.021016769632697104,0.0002559997665230185,0.013005274347960949
dlinear-mae-0.001-s44,15,0.0004317499662283808,0.017717894166707993,0.0005330494022928178,0.02096988819539547
dlinear-mae-0.001-s44,16,0.00030670051724882794,0.013017705380916596,0.0001870933047030121,0.011059735901653767
dlinear-mae-0.001-s44,17,0.0002561469137435779,0.012251048013567925,0.0005680613103322685,0.02185477502644062
dlinear-mae-0.001-s44,18,0.00030829168623313307,0.012785217612981797,0.0001548758737044409,0.009787606075406075
dlinear-mae-0.001-s44,19,0.0002634522767039016,0.013609154745936394,0.000330537703121081,0.015820369124412537
dlinear-mae-0.001-s44,20,0.00029167097934987393,0.013432488292455674,0.0003073197149205953,0.015074377879500389
dlinear-mae-0.001-s44,21,0.0002766186831286177,0.012117757573723792,0.00021142500918358564,0.011718464083969593
dlinear-mae-0.001-s44,22,0.0002653614079463296,0.013650574088096619,0.00042595199192874134,0.018061747774481773
dlinear-mae-0.001-s44,23,0.0003250565764028579,0.013166124038398265,0.0002023845154326409,0.011567049659788609
dlinear-mae-0.001-s44,24,0.0003261928926804103,0.014866448938846588,0.000282371009234339,0.014016554690897465
dlinear-mae-0.001-s44,25,0.00029942814115202054,0.013904135804623366,0.00020166383183095604,0.01150023564696312
dlinear-mae-0.001-s44,26,0.00028601280704606326,0.013508542180061341,0.0001463482913095504,0.009815569967031479
dlinear-mae-0.001-s44,27,0.0007094786805100739,0.023189140036702156,0.00034476735163480043,0.016210012137889862
dlinear-mae-0.001-s44,28,0.0004009097348898649,0.014479853566735984,0.00022062340576667339,0.01223604567348957
dlinear-mae-0.001-s44,29,0.00025167396961478516,0.012244376204907894,0.0003220500657334924,0.01489190198481083
dlinear-mae-0.001-s44,30,0.0005584846634883434,0.02071741133928299,0.0003400334098841995,0.01565895974636078
dlinear-huber-0.0001-s42,1,0.14532942891120912,0.3719582641124725,0.06481888145208359,0.24214152991771698
dlinear-huber-0.0001-s42,2,0.059322135895490645,0.22817176222801208,0.015471621416509151,0.0965922474861145
dlinear-huber-0.0001-s42,3,0.015797891691327094,0.0986341580748558,0.007411053869873285,0.08377615362405777
dlinear-huber-0.0001-s42,4,0.009197292206808925,0.08278455704450607,0.018705686554312706,0.11600311845541
dlinear-huber-0.0001-s42,5,0.016221376713365317,0.1049503207206726,0.018308177590370178,0.11603032797574997
dlinear-huber-0.0001-s42,6,0.014614737443625927,0.0969374030828476,0.010168821550905704,0.08565422147512436
dlinear-huber-0.0001-s42,7,0.009604420519899577,0.08152229890227318,0.004806121811270714,0.06668995320796967
dlinear-huber-0.0001-s42,8,0.006962018124759197,0.07527470394968987,0.0032817122992128134,0.054325416684150696
dlinear-huber-0.0001-s42,9,0.0055419863667339085,0.06548835232853889,0.0026405968237668276,0.048650823533535004
dlinear-huber-0.0001-s42,10,0.004184032866032794,0.054435431808233264,0.0024593500420451164,0.04567110538482666
dlinear-huber-0.0001-s42,11,0.0035042280761990695,0.050144525989890096,0.0021835819352418184,0.04035470634698868
dlinear-huber-0.0001-s42,12,0.003055894447024912,0.04643129423260689,0.0013908499386161566,0.03149418532848358
dlinear-huber-0.0001-s42,13,0.0025257746782153846,0.0411643448472023,0.0007076486363075674,0.02237904630601406
dlinear-huber-0.0001-s42,14,0.002189800416817889,0.03655233532190323,0.0004807076184079051,0.018887599930167198
dlinear-huber-0.0001-s42,15,0.0020345720322802663,0.03305446833372116,0.00039659166941419244,0.017064198851585388
dlinear-huber-0.0001-s42,16,0.0017793324950616807,0.029428217709064484,0.0003080199530813843,0.014712122268974781
dlinear-huber-0.0001-s42,17,0.0014771076070610434,0.027369509413838387,0.00028037623269483447,0.013852821663022041
dlinear-huber-0.0001-s42,18,0.0013062697101850062,0.025385183468461036,0.00028292753268033266,0.014055941253900528
dlinear-huber-0.0001-s42,19,0.001214316983241588,0.023730184063315393,0.0002887719019781798,0.014193779788911343
dlinear-huber-0.0001-s42,20,0.0010434406832791866,0.021950470134615898,0.0003002557496074587,0.014175428077578545
dlinear-huber-0.0001-s42,21,0.0008460889849811792,0.02014989756047726,0.0003379985864739865,0.014533511362969875
dlinear-huber-0.0001-s42,22,0.000729258080245927,0.018838147073984145,0.00034765354939736426,0.014937769621610641
dlinear-huber-0.0001-s42,23,0.0006667171837761998,0.017599288187921048,0.00036717101465910673,0.015336655080318451
dlinear-huber-0.0001-s42,24,0.0005938238982344047,0.016624708138406278,0.00040168032865040004,0.015786468982696533
dlinear-huber-0.0001-s42,25,0.000521106137894094,0.01598239492624998,0.00041322014294564724,0.0159718357026577
dlinear-huber-0.0001-s42,26,0.000482525818515569,0.015431230179965496,0.00040213059401139617,0.01581507734954357
dlinear-huber-0.0001-s42,27,0.0004558083723532036,0.014839749597012997,0.00040506263030692935,0.015915095806121826
dlinear-huber-0.0001-s42,28,0.0004194642748916522,0.014565871246159077,0.0004080180951859802,0.016037801280617714
dlinear-huber-0.0001-s42,29,0.0003963023656979203,0.014252740442752838,0.0003968945238739252,0.015863247215747833
dlinear-huber-0.0001-s42,30,0.0003833313594805077,0.01383938230574131,0.0004005992959719151,0.016101419925689697
dlinear-huber-0.0001-s43,1,0.030374272763729095,0.171146160364151,0.008054009638726711,0.08858217298984528
dlinear-huber-0.0001-s43,2,0.0021654134802520275,0.03778734073042869,0.0013372494140639901,0.03438725695014
dlinear-huber-0.0001-s43,3,0.0036616694461554288,0.05432729735970497,0.0010267160832881927,0.029668821021914482
dlinear-huber-0.0001-s43,4,0.0018373414454981685,0.033990039490163326,0.0006717449286952615,0.022961795330047607
dlinear-huber-0.0001-s43,5,0.001341261612251401,0.03122301757335663,0.0018769277958199382,0.04161292687058449
dlinear-huber-0.0001-s43,6,0.0010648740339092911,0.0271591953933239,0.0002823347458615899,0.012811830267310143
dlinear-huber-0.0001-s43,7,0.0007165940385311842,0.021637568324804304,0.00019637362856883556,0.011366765946149826
dlinear-huber-0.0001-s43,8,0.0008740069245686755,0.023489069119095804,0.00028050498804077506,0.012048294767737389
dlinear-huber-0.0001-s43,9,0.000571708285715431,0.01900416485965252,0.000755543471314013,0.024888047948479652
dlinear-huber-0.0001-s43,10,0.0005290783202508464,0.01852451227605343,0.00029098265804350376,0.012263038195669651
dlinear-huber-0.0001-s43,11,0.00046565563417971134,0.01629483189433813,0.00018251333676744252,0.01015176810324192
dlinear-huber-0.0001-s43,12,0.0004370363958878443,0.015673616491258143,0.00037315679946914315,0.015224209986627102
dlinear-huber-0.0001-s43,13,0.0003911215555854142,0.015496296659111976,0.00033505671308375895,0.013993949629366398
dlinear-huber-0.0001-s43,14,0.0003552362526534125,0.01430467002093792,0.00019981533114332706,0.010053383186459541
dlinear-huber-0.0001-s43,15,0.0003575174923753366,0.013638297840952874,0.00024840887635946274,0.011242736130952835
dlinear-huber-0.0001-s43,16,0.00032701078947866335,0.013490145914256573,0.0002601018059067428,0.011707021854817867
dlinear-huber-0.0001-s43,17,0.00031148430600296705,0.012909492179751396,0.00020892509201075882,0.01016421802341938
dlinear-huber-0.0001-s43,18,0.00031168857065495104,0.012727719619870187,0.0002523109724279493,0.011425575241446495
dlinear-huber-0.0001-s43,19,0.00029126950801583007,0.012476788405328988,0.00023556509404443204,0.010874518193304539
dlinear-huber-0.0001-s43,20,0.0002881655309465714,0.012227994594722987,0.0002495975641068071,0.011279817670583725
dlinear-huber-0.0001-s43,21,0.00027691848808899524,0.012154632154852152,0.0002503517607692629,0.011298001743853092
dlinear-huber-0.0001-s43,22,0.0002732759182981681,0.011888955030590296,0.0002488826576154679,0.011253396049141884
dlinear-huber-0.0001-s43,23,0.0002665748659637757,0.011975599769502878,0.0002523117873352021,0.011406601406633854
dlinear-huber-0.0001-s43,24,0.0002651150200108532,0.011626894120126963,0.00025202121469192207,0.011410107836127281
dlinear-huber-0.0001-s43,25,0.00025881222441967113,0.011967525724321604,0.0002525100717321038,0.011456182226538658
dlinear-huber-0.0001-s43,26,0.00026374564928119073,0.011460378523916006,0.0002697635209187865,0.012032614089548588
dlinear-huber-0.0001-s43,27,0.0002583725941076409,0.012428709249943494,0.00025295736850239336,0.01151262503117323
dlinear-huber-0.0001-s43,28,0.0002839856193168089,0.011914304122328759,0.0002746894024312496,0.012201107107102871
dlinear-huber-0.0001-s43,29,0.0002828183275414631,0.013524386659264564,0.0003250302979722619,0.013805675320327282
dlinear-huber-0.0001-s43,30,0.0002814651804510504,0.012355533614754676,0.00021103488688822836,0.010217937640845776
dlinear-huber-0.0001-s44,1,0.045968930944800375,0.21053699612617494,0.010659326799213886,0.0975063145160675
dlinear-huber-0.0001-s44,2,0.0031494485610164703,0.04782506749033928,0.004248461220413446,0.057141177356243134
dlinear-huber-0.0001-s44,3,0.006163923731073737,0.07145106315612793,0.004939452279359102,0.06323961168527603
dlinear-huber-0.0001-s44,4,0.004408004991710186,0.05408315107226372,0.000970466819126159,0.028227943927049637
dlinear-huber-0.0001-s44,5,0.0017915047332644463,0.03650877445936203,0.0027883555740118027,0.043572403490543365
dlinear-huber-0.0001-s44,6,0.0020694633945822715,0.03876350939273834,0.0014694996643811464,0.029180409386754036
dlinear-huber-0.0001-s44,7,0.0008275269519072026,0.024837148562073707,0.000760721683036536,0.024523992091417313
dlinear-huber-0.0001-s44,8,0.0014068412955384703,0.030319171249866484,0.0006245332770049572,0.021929793059825897
dlinear-huber-0.0001-s44,9,0.0009182213729945943,0.024619716182351113,0.0008070214535109699,0.021918274462223053
dlinear-huber-0.0001-s44,10,0.00073198729660362,0.02284655749797821,0.0007708935881964862,0.021790888160467148
dlinear-huber-0.0001-s44,11,0.0005919035692932085,0.019851897060871124,0.0003349390462972224,0.013856900855898857
dlinear-huber-0.0001-s44,12,0.0006047258269973099,0.020305039510130882,0.00039674725849181414,0.014084238559007645
dlinear-huber-0.0001-s44,13,0.0004859796218806878,0.018050897307693957,0.000736909918487072,0.022364255040884018
dlinear-huber-0.0001-s44,14,0.000538912667252589,0.017886455282568933,0.000405701546696946,0.0143660893663764
dlinear-huber-0.0001-s44,15,0.0004456957004731521,0.0167597833275795,0.00035962776746600866,0.01329107116907835
dlinear-huber-0.0001-s44,16,0.00038677568722050637,0.015333762094378471,0.0005018209340050817,0.01704833284020424
dlinear-huber-0.0001-s44,17,0.0003884519939310849,0.014813378006219863,0.00033901591086760163,0.012933854013681412
dlinear-huber-0.0001-s44,18,0.00034952126268763097,0.01444669894874096,0.00035229057539254427,0.013136093504726887
dlinear-huber-0.0001-s44,19,0.0003359280567383394,0.01402551993727684,0.000379828765289858,0.013931515626609325
dlinear-huber-0.0001-s44,20,0.00032565305940806865,0.013352326098829508,0.00031014124397188425,0.012454201467335224
dlinear-huber-0.0001-s44,21,0.0003121898844256066,0.013370994795113802,0.0003445254114922136,0.012962006963789463
dlinear-huber-0.0001-s44,22,0.00031092046963749454,0.013009095136076211,0.0003067686047870666,0.012355751357972622
dlinear-huber-0.0001-s44,23,0.0003035837067000102,0.012858004812151193,0.0003186604881193489,0.01253338623791933
dlinear-huber-0.0001-s44,24,0.000299898484518053,0.012745284382253886,0.00029788698884658515,0.012283035553991795
dlinear-huber-0.0001-s44,25,0.00029700718499952927,0.012586929444223642,0.00029777607414871454,0.012326127849519253
dlinear-huber-0.0001-s44,26,0.0002897520552505739,0.01253037491813302,0.0002901334664784372,0.012296798638999462
dlinear-huber-0.0001-s44,27,0.00029310589743545277,0.012464277539402246,0.00028271807241253555,0.012246432714164257
dlinear-huber-0.0001-s44,28,0.00028363386249111497,0.012447679508477449,0.00028771901270374656,0.012262582778930664
dlinear-huber-0.0001-s44,29,0.0002973895655304659,0.01244596714153886,0.0002681236946955323,0.012305480428040028
dlinear-huber-0.0001-s44,30,0.00028400275215972214,0.012751155328005552,0.0002906829759012908,0.012306086719036102
dlinear-huber-0.001-s42,1,0.04442080900073051,0.1866560995578766,0.02076871506869793,0.13784250617027283
dlinear-huber-0.001-s42,2,0.05337446212768555,0.20696725130081176,0.0194714218378067,0.09134786576032639
dlinear-huber-0.001-s42,3,0.004786281157284975,0.0576997122168541,0.025047823786735535,0.14575421810150146
dlinear-huber-0.001-s42,4,0.022593882083892822,0.14448786795139312,0.006697351578623056,0.0761694610118866
dlinear-huber-0.001-s42,5,0.004749364610761404,0.06078383088111877,0.0061826203018426895,0.07751687616109848
dlinear-huber-0.001-s42,6,0.0037664505001157524,0.05242293499410153,0.001680601155385375,0.039037078619003296
dlinear-huber-0.001-s42,7,0.0016713017388246953,0.03722398452460766,0.00016485850210301578,0.010721254162490368
dlinear-huber-0.001-s42,8,0.0009169567935168743,0.024718334376811982,0.0009443718590773642,0.02821756713092327
dlinear-huber-0.001-s42,9,0.000536332682822831,0.017501230761408807,0.0007347132195718586,0.023064864799380302
dlinear-huber-0.001-s42,10,0.0006906149873975665,0.02293808080255985,0.00020950821635778993,0.011544373817741871
dlinear-huber-0.001-s42,11,0.0003775321948342025,0.01584388256072998,0.00018985009228345007,0.011363288387656212
dlinear-huber-0.001-s42,12,0.00034938471217174085,0.015829514339566232,0.0002599321596790105,0.012292901054024696
dlinear-huber-0.001-s42,13,0.0002392627438530326,0.012079503647983074,0.0001925327960634604,0.011547750793397427
dlinear-huber-0.001-s42,14,0.0002850586746353656,0.012853699773550033,0.00022457366867456585,0.011315906420350075
dlinear-huber-0.001-s42,15,0.00022226843982934953,0.01161866843700409,0.00017564873269293457,0.010734282433986664
dlinear-huber-0.001-s42,16,0.00023648158996365963,0.011677194237709045,0.00023862460511736572,0.011887499131262302
dlinear-huber-0.001-s42,17,0.00022385748219676314,0.011723889261484146,0.0001890712883323431,0.010544913820922375
dlinear-huber-0.001-s42,18,0.0002321199348079972,0.01165142834186554,0.0002027622249443084,0.0107836052775383
dlinear-huber-0.001-s42,19,0.00022509803035063668,0.011784310862421989,0.0001739023282425478,0.010155096650123596
dlinear-huber-0.001-s42,20,0.00023268574441317468,0.011526922956109046,0.00018947815988212824,0.010448267683386803
dlinear-huber-0.001-s42,21,0.00022749405296053736,0.011892867386341094,0.0001751613599481061,0.010252205654978752
dlinear-huber-0.001-s42,22,0.00023969360830960795,0.011761087998747826,0.00020649650832638144,0.010932658798992634
dlinear-huber-0.001-s42,23,0.00023876708059106022,0.012291517350822687,0.00017844807007350028,0.010363565757870674
dlinear-huber-0.001-s42,24,0.00025810297520365564,0.012334563303738832,0.00020924814452882856,0.01107118185609579
dlinear-huber-0.001-s42,25,0.00026053038571262734,0.013110914900898933,0.00017572773504070938,0.010280033573508263
dlinear-huber-0.001-s42,26,0.00027182826190255585,0.012789395339787006,0.00019645405700430274,0.010673901066184044
dlinear-huber-0.001-s42,27,0.0002688016899628565,0.01343780554831028,0.00018782659026328474,0.010456808842718601
dlinear-huber-0.001-s42,28,0.000267051785485819,0.01279991690069437,0.00018841103883460164,0.01060333102941513
dlinear-huber-0.001-s42,29,0.00025863807299174367,0.013097856119275093,0.00021708627173211426,0.011517053470015526
dlinear-huber-0.001-s42,30,0.0002426561590982601,0.012234753258526325,0.00018482615996617824,0.010551979765295982
dlinear-huber-0.001-s43,1,0.018089037314057352,0.12318130850791931,0.007864064536988735,0.08217916637659073
dlinear-huber-0.001-s43,2,0.002820196654647589,0.039156527519226075,0.013027606531977654,0.11287248879671097
dlinear-huber-0.001-s43,3,0.008862392250448466,0.07817201621830464,0.001684226910583675,0.038000475615262985
dlinear-huber-0.001-s43,4,0.0012213377957232296,0.02822113536298275,0.0005544360028579831,0.02164539322257042
dlinear-huber-0.001-s43,5,0.00084057682659477,0.0231376875936985,0.0010816870490089059,0.02978447824716568
dlinear-huber-0.001-s43,6,0.0005129549244884402,0.018280346170067786,0.000217455395613797,0.01057225652039051
dlinear-huber-0.001-s43,7,0.0002602623990969732,0.012350180447101592,0.00017093414498958737,0.010262896306812763
dlinear-huber-0.001-s43,8,0.00035944550589192656,0.014267831519246101,0.0003354259242769331,0.013870633207261562
dlinear-huber-0.001-s43,9,0.00031117441307287663,0.014775107353925706,0.00032082677353173494,0.013797602616250515
dlinear-huber-0.001-s43,10,0.00027574420266319067,0.013851784132421018,0.0003003029269166291,0.015225289389491081
dlinear-huber-0.001-s43,11,0.000458754179708194,0.016318957656621932,0.00017959268006961793,0.009827353991568089
dlinear-huber-0.001-s43,12,0.0002708290843293071,0.01263013893738389,0.0007195580983534455,0.023043474182486534
dlinear-huber-0.001-s43,13,0.0005059507765690796,0.019565520640462637,0.00022699775581713766,0.012073644436895847
dlinear-huber-0.001-s43,14,0.0003191031108144671,0.013277386873960495,0.0003219733480364084,0.013812443241477013
dlinear-huber-0.001-s43,15,0.0002278105411096476,0.01206791253760457,0.0002494534710422158,0.011785128153860569
dlinear-huber-0.001-s43,16,0.0002963678806554526,0.014519303161650897,0.0003403844602871686,0.016518080607056618
dlinear-huber-0.001-s43,17,0.0005571583972778172,0.018972121402621268,0.000602807616814971,0.02067372389137745
dlinear-huber-0.001-s43,18,0.0002820395742310211,0.013633106872439384,0.00022085208911448717,0.011230548843741417
dlinear-huber-0.001-s43,19,0.0001913301739114104,0.010485860947519542,0.00015888015332166106,0.009651212953031063
dlinear-huber-0.001-s43,20,0.00021153025882085784,0.010764429215341806,0.0002060910628642887,0.010774792172014713
dlinear-huber-0.001-s43,21,0.000183253198483726,0.010221628490835428,0.0002995142131112516,0.013259937055408955
dlinear-huber-0.001-s43,22,0.0001893410464981571,0.010957645066082478,0.0001438938925275579,0.009185725823044777
dlinear-huber-0.001-s43,23,0.00030301018065074457,0.014466112237423659,0.00029563679709099233,0.014129248447716236
dlinear-huber-0.001-s43,24,0.0006857624170879717,0.022511315066367388,0.0015858260449022055,0.0353890135884285
dlinear-huber-0.001-s43,25,0.0009709090927208308,0.02668325686827302,0.0003412848454900086,0.014653422869741917
dlinear-huber-0.001-s43,26,0.001033724471926689,0.026666957885026932,0.0002713848662097007,0.012808356434106827
dlinear-huber-0.001-s43,27,0.000517984675243497,0.01941326655447483,0.00016076763859018683,0.00925290398299694
dlinear-huber-0.001-s43,28,0.0003463691672368441,0.014579529147595168,0.00017602376465220004,0.009513088501989841
dlinear-huber-0.001-s43,29,0.0004851887980476022,0.018533170074224472,0.00017699050658848137,0.009800132364034653
dlinear-huber-0.001-s43,30,0.000409035999327898,0.01655172385275364,0.00024301453959196806,0.011863922700285912
dlinear-huber-0.001-s44,1,0.027819371074438094,0.1502317011356354,0.005733095109462738,0.0560450479388237
dlinear-huber-0.001-s44,2,0.012581679971772246,0.0936105976253748,0.010452951304614544,0.09178842604160309
dlinear-huber-0.001-s44,3,0.010344089679419995,0.08900326192378998,0.0030445235315710306,0.04790292680263519
dlinear-huber-0.001-s44,4,0.010905278902500868,0.08941229701042175,0.0036118251737207174,0.05501843988895416
dlinear-huber-0.001-s44,5,0.0026566923782229425,0.041223623752593995,0.00931641086935997,0.09401316195726395
dlinear-huber-0.001-s44,6,0.006390039869002067,0.06722630217671394,0.003806907217949629,0.058041296899318695
dlinear-huber-0.001-s44,7,0.004129189443774522,0.05579138070344925,0.0007329630898311734,0.02287735976278782
dlinear-huber-0.001-s44,8,0.002271854281425476,0.04262977659702301,0.0002926224551629275,0.014366619288921356
dlinear-huber-0.001-s44,9,0.0016916410299018026,0.03703292861580849,0.0016331919468939304,0.03852406516671181
dlinear-huber-0.001-s44,10,0.0013241253606975079,0.03012793719768524,0.0010514581808820367,0.03021346405148506
dlinear-huber-0.001-s44,11,0.0009173994383309036,0.025089916288852692,0.003084214637055993,0.05427936092019081
dlinear-huber-0.001-s44,12,0.0016013579233549536,0.03427656687796116,0.0002613252436276525,0.013384155929088593
dlinear-huber-0.001-s44,13,0.0004679846818908118,0.01817675769329071,0.0007591511821374297,0.024337520822882652
dlinear-huber-0.001-s44,14,0.0004828325530979782,0.017021536976099014,0.00033641172922216356,0.015323612838983536
dlinear-huber-0.001-s44,15,0.0005792435968760401,0.020127966552972793,0.0008020311943255365,0.025760918855667114
dlinear-huber-0.001-s44,16,0.0003450152964796871,0.013705741614103317,0.00019282389257568866,0.011218848638236523
dlinear-huber-0.001-s44,17,0.0002763935987604782,0.01350351132452488,0.00024259094789158553,0.012649348005652428
dlinear-huber-0.001-s44,18,0.00031209732260322197,0.01454732172191143,0.0009467815980315208,0.02842644602060318
dlinear-huber-0.001-s44,19,0.000570289451861754,0.018918757624924183,0.00032671328517608345,0.01492746826261282
dlinear-huber-0.001-s44,20,0.00036787752498639747,0.015242621302604675,0.0002632367832120508,0.013303643092513084
dlinear-huber-0.001-s44,21,0.0002228444439242594,0.011830740757286549,0.0002422967809252441,0.012826629914343357
dlinear-huber-0.001-s44,22,0.00024205100489780307,0.011748312283307314,0.0005757094477303326,0.02188565395772457
dlinear-huber-0.001-s44,23,0.0003448482323437929,0.01394662143662572,0.00032258391729556024,0.014448604546487331
dlinear-huber-0.001-s44,24,0.0004862519114976749,0.01829288363456726,0.0006448407657444477,0.020840419456362724
dlinear-huber-0.001-s44,25,0.0010137520194984971,0.02871234282851219,0.001027689897455275,0.029507553204894066
dlinear-huber-0.001-s44,26,0.0010680090967798606,0.028984822556376456,0.0004423379141371697,0.016800785437226295
dlinear-huber-0.001-s44,27,0.001218382699880749,0.03189287461340427,0.0003018717688973993,0.014927557669579983
dlinear-huber-0.001-s44,28,0.0007140513160265982,0.021918743774294855,0.00015758305380586535,0.009646628983318806
dlinear-huber-0.001-s44,29,0.0006909387139603496,0.022594584599137307,0.00015681305376347154,0.009620188735425472
dlinear-huber-0.001-s44,30,0.00047717901412397623,0.01742611188441515,0.00017314245633315295,0.010445818305015564
gru-post-mae-s42,1,0.00029510038497392087,0.012864798828959466,0.0004483333323150873,0.01685585081577301
gru-post-mae-s42,2,0.0003308633074630052,0.015362664386630058,0.0002184389013564214,0.01214450690895319
gru-post-mae-s42,3,0.00029310420708497984,0.012919617518782615,0.00017010567535180598,0.010442543774843216
gru-post-mae-s42,4,0.0002262763160979375,0.012065485045313835,0.0002387319691479206,0.011027174070477486
gru-post-mae-s42,5,0.0001876705914037302,0.01081848505884409,0.00017073462367989123,0.01047183945775032
gru-post-mae-s43,1,0.00028359996154904367,0.01243419997394085,0.00037385692121461034,0.01595541276037693
gru-post-mae-s43,2,0.00024270815309137105,0.012733527794480323,0.0001826372608775273,0.010086952708661556
gru-post-mae-s43,3,0.00021906774782110006,0.010817899182438851,0.00016374417464248836,0.009533921256661415
gru-post-mae-s43,4,0.00022194714430952443,0.01099219985306263,0.0003090125392191112,0.014056021347641945
gru-post-mae-s43,5,0.0001996023309766315,0.01060700811445713,0.00022466477821581066,0.011443128809332848
gru-post-mae-s44,1,0.00023023160407319664,0.011436874717473984,0.0002435060014249757,0.011083528399467468
gru-post-mae-s44,2,0.00017266125010792166,0.00997789004817605,0.0002899595128837973,0.013844103552401066
gru-post-mae-s44,3,0.00023616057209437712,0.011632584873586893,0.0002589584037195891,0.011483121663331985
gru-post-mae-s44,4,0.00019615976983914152,0.01078721271827817,0.0002952375798486173,0.012692438438534737
gru-post-mae-s44,5,0.0001736874776543118,0.010235778633505105,0.00028729834593832493,0.013270626775920391
dlinear-post-mae-s42,1,0.0002507178869564086,0.012064196020364761,0.0002445862046442926,0.012398148886859417
dlinear-post-mae-s42,2,0.00027180075470823795,0.013284774646162987,0.0003443752939347178,0.01502223964780569
dlinear-post-mae-s42,3,0.0002329922522767447,0.012017645537853242,0.00034518452594056726,0.015058803372085094
dlinear-post-mae-s42,4,0.00020621826028218492,0.011274867430329323,0.00021912615920882672,0.011547893285751343
dlinear-post-mae-s42,5,0.00022602248209295793,0.011307246088981628,0.00020381741342134774,0.011127946898341179
dlinear-post-mae-s43,1,0.00023814401953131892,0.01168789828196168,0.0003363008436281234,0.014434249140322208
dlinear-post-mae-s43,2,0.00024291204696055501,0.012586497422307729,0.0001581938413437456,0.009255354292690754
dlinear-post-mae-s43,3,0.00023851202902733348,0.011545168478041887,0.00016596575733274221,0.00958989281207323
dlinear-post-mae-s43,4,0.00021231653867289423,0.010869291443377734,0.00030703566153533757,0.013578079640865326
dlinear-post-mae-s43,5,0.00018261574194184505,0.010407200548797846,0.0002469407336320728,0.011673281900584698
dlinear-post-mae-s44,1,0.0003849814174463972,0.015052516907453538,0.00018504892068449408,0.010483394376933575
dlinear-post-mae-s44,2,0.00029047716117929667,0.014441955536603927,0.0004157070361543447,0.01768535189330578
dlinear-post-mae-s44,3,0.0002809564719791524,0.012212005481123923,0.00035395429586060345,0.01572287082672119
dlinear-post-mae-s44,4,0.00024317145231179894,0.01194158747792244,0.00021511156228370965,0.011436047963798046
dlinear-post-mae-s44,5,0.0002011932115419768,0.010813435390591621,0.00047174427891150117,0.018394391983747482
gru-post-mse-s42,1,0.00021842298621777446,0.011323905549943447,0.00017606020264793187,0.010615826584398746
gru-post-mse-s42,2,0.0002825054578715935,0.013566353768110275,0.00017503420531284064,0.010652592405676842
gru-post-mse-s42,3,0.0002258558024186641,0.011627330407500268,0.00017763377400115132,0.010660111904144287
gru-post-mse-s42,4,0.0002000463122385554,0.011179236397147178,0.0002540275745559484,0.01148021686822176
gru-post-mse-s42,5,0.0002042873392929323,0.011661031767725944,0.00016936710744630545,0.010543076321482658
gru-post-mse-s43,1,0.00021802627248689531,0.01126632235944271,0.00017111492343246937,0.009874751791357994
gru-post-mse-s43,2,0.0002156217850279063,0.010936145409941674,0.000519706925842911,0.019048284739255905
gru-post-mse-s43,3,0.0002180707041407004,0.01199618361890316,0.0002517463581170887,0.012657850980758667
gru-post-mse-s43,4,0.00019100363686447964,0.010223803743720054,0.000371366273611784,0.015756916254758835
gru-post-mse-s43,5,0.00019250893994467332,0.01087008349597454,0.00024298274365719408,0.012227452360093594
gru-post-mse-s44,1,0.00021853466954780743,0.011019150391221047,0.0003030931402463466,0.013906585052609444
gru-post-mse-s44,2,0.00020982660382287577,0.011185247842222452,0.00032211406505666673,0.013741877861320972
gru-post-mse-s44,3,0.00018070933627313933,0.010734364483505487,0.0002669307286851108,0.012026979587972164
gru-post-mse-s44,4,0.0001825380574155133,0.010461155790835619,0.00027092447271570563,0.011903892271220684
gru-post-mse-s44,5,0.0001727624094928615,0.010180664379149676,0.0002777822664938867,0.012207821942865849
dlinear-post-mse-s42,1,0.0002513312530936673,0.012093301713466644,0.00021341747196856886,0.011673676781356335
dlinear-post-mse-s42,2,0.00024066322599537672,0.011913342699408531,0.00029334163991734385,0.013749952428042889
dlinear-post-mse-s42,3,0.0002202410329482518,0.011805588528513909,0.00024233957810793072,0.012229401618242264
dlinear-post-mse-s42,4,0.0002005566965090111,0.01096195176243782,0.0002150109357899055,0.01144478190690279
dlinear-post-mse-s42,5,0.00019818524015136063,0.01089870072901249,0.0002767350524663925,0.013340066187083721
dlinear-post-mse-s43,1,0.00022134337719762699,0.011042365189641714,0.00018229732813779265,0.01004781574010849
dlinear-post-mse-s43,2,0.000216090539470315,0.011207508873194456,0.00035914196632802486,0.014848882332444191
dlinear-post-mse-s43,3,0.00019315667770570144,0.011175576541572809,0.00021829010802321136,0.011023387312889099
dlinear-post-mse-s43,4,0.00019227017823141067,0.010765149965882301,0.00021802887204103172,0.011031539179384708
dlinear-post-mse-s43,5,0.00017740519979270175,0.010098760463297368,0.00028462772024795413,0.01282467134296894
dlinear-post-mse-s44,1,0.00026462521811481565,0.012117968611419202,0.0002507542376406491,0.012778181582689285
dlinear-post-mse-s44,2,0.00024549942289013414,0.013052739277482033,0.0003132389101665467,0.014251930639147758
dlinear-post-mse-s44,3,0.0002136412978870794,0.011366674453020096,0.00024249553098343313,0.012494418770074844
dlinear-post-mse-s44,4,0.00020171417127130554,0.011051749140024185,0.00036801601527258754,0.015883466228842735
dlinear-post-mse-s44,5,0.0002076008846051991,0.010771298557519913,0.00022901964257471263,0.012037726119160652
