run_id,kind,stage,seed,loss,learning_rate,epoch,train_mae_during_updates,validation_mae_after_epoch,train_mse_during_updates,validation_mse_after_epoch
US-natural/rnn-mse-0.0001-s42,rnn,base,42,mse,0.0001,1,0.1754409033600653,0.11132281349767861,0.0512561546041147,0.022423837200485384
US-natural/rnn-mse-0.0001-s42,rnn,base,42,mse,0.0001,2,0.1044328903493441,0.11201321430271564,0.018050661545275754,0.01594102541876015
US-natural/rnn-mse-0.0001-s42,rnn,base,42,mse,0.0001,3,0.08981118555654186,0.10470279988479192,0.011787483708572079,0.014302352078653633
US-natural/rnn-mse-0.0001-s42,rnn,base,42,mse,0.0001,4,0.07038530969371824,0.07566427646231033,0.008366601677572102,0.009664811137170775
US-natural/rnn-mse-0.0001-s42,rnn,base,42,mse,0.0001,5,0.06601791311732837,0.09459225889763057,0.006577466932187201,0.01199618890922631
US-natural/rnn-mse-0.0001-s42,rnn,base,42,mse,0.0001,6,0.0540033758741365,0.07024587939319415,0.005094396803673329,0.008028917050068118
US-natural/rnn-mse-0.0001-s42,rnn,base,42,mse,0.0001,7,0.0502418191555451,0.07452556178099719,0.00413815047179362,0.008109335633705484
US-natural/rnn-mse-0.0001-s42,rnn,base,42,mse,0.0001,8,0.04729992129692767,0.0633538109647189,0.00379965219248665,0.0064606323464252114
US-natural/rnn-mse-0.0001-s42,rnn,base,42,mse,0.0001,9,0.04423371870614931,0.06221014325769831,0.0032074287006835837,0.006079327515395195
US-natural/rnn-mse-0.0001-s42,rnn,base,42,mse,0.0001,10,0.04089874339245816,0.06488910599672595,0.0028263497362929404,0.006095346686264453
US-natural/rnn-mse-0.0001-s42,rnn,base,42,mse,0.0001,11,0.03883641379655338,0.05214793378216214,0.0025963198207184374,0.00428549748504114
US-natural/rnn-mse-0.0001-s42,rnn,base,42,mse,0.0001,12,0.036904870432239174,0.06221023150903987,0.0022886593477902516,0.005447697911653662
US-natural/rnn-mse-0.0001-s42,rnn,base,42,mse,0.0001,13,0.03542882186555971,0.049495017409488806,0.0021273244919510817,0.0038967679399844303
US-natural/rnn-mse-0.0001-s42,rnn,base,42,mse,0.0001,14,0.03249325171254625,0.049679622987735324,0.0018306185831595712,0.0037787870219763366
US-natural/rnn-mse-0.0001-s42,rnn,base,42,mse,0.0001,15,0.0314393766208177,0.05245323717975553,0.0015704242459371634,0.004063111308729056
US-natural/rnn-mse-0.0001-s42,rnn,base,42,mse,0.0001,16,0.028984625807773376,0.047542902276041306,0.0014587190729838482,0.00338527196212309
US-natural/rnn-mse-0.0001-s42,rnn,base,42,mse,0.0001,17,0.029191076523026546,0.05641600391557166,0.0014326207927008595,0.004425124976406536
US-natural/rnn-mse-0.0001-s42,rnn,base,42,mse,0.0001,18,0.029860240765319936,0.05238422572961341,0.0014166172602665982,0.003939834798458732
US-natural/rnn-mse-0.0001-s42,rnn,base,42,mse,0.0001,19,0.025221572171830124,0.04054001447930007,0.00116606327922845,0.002584000444535751
US-natural/rnn-mse-0.0001-s42,rnn,base,42,mse,0.0001,20,0.027018297690097157,0.044448035592182286,0.001175189721470472,0.0029406403255569386
US-natural/rnn-mse-0.0001-s42,rnn,base,42,mse,0.0001,21,0.024999157736762444,0.0507566818467678,0.001051016862179936,0.003659428242203704
US-natural/rnn-mse-0.0001-s42,rnn,base,42,mse,0.0001,22,0.023898886029615332,0.03608927644455964,0.0009652440205880863,0.002059590361815046
US-natural/rnn-mse-0.0001-s42,rnn,base,42,mse,0.0001,23,0.02342005640409065,0.04783490265492261,0.0009580219719251242,0.0033310406768127863
US-natural/rnn-mse-0.0001-s42,rnn,base,42,mse,0.0001,24,0.023090402848841677,0.045134397569079915,0.0009171654808986954,0.00303667383517679
US-natural/rnn-mse-0.0001-s42,rnn,base,42,mse,0.0001,25,0.022739324720547235,0.051330862036943765,0.0008606706248136775,0.0036948328508546193
US-natural/rnn-mse-0.0001-s42,rnn,base,42,mse,0.0001,26,0.02201752874320172,0.04246804089798361,0.0008797593255733352,0.0025823754335958836
US-natural/rnn-mse-0.0001-s42,rnn,base,42,mse,0.0001,27,0.021503877132883174,0.040994582292488896,0.0008152337482968883,0.0024313339685810985
US-natural/rnn-mse-0.0001-s42,rnn,base,42,mse,0.0001,28,0.0205815010238725,0.045036774136764775,0.0007436976123347048,0.002965378330071415
US-natural/rnn-mse-0.0001-s42,rnn,base,42,mse,0.0001,29,0.020644935333114497,0.04731228756951299,0.0007228174331955321,0.00324130560264125
US-natural/rnn-mse-0.0001-s42,rnn,base,42,mse,0.0001,30,0.020326635733186223,0.04010639070545846,0.0007114247459227025,0.0024479131329187727
US-natural/rnn-mse-0.0001-s43,rnn,base,43,mse,0.0001,1,0.4099525459940205,0.14237863243154042,0.19522239613192552,0.030232170706929296
US-natural/rnn-mse-0.0001-s43,rnn,base,43,mse,0.0001,2,0.11443715249133518,0.14714669848878054,0.023643303258704833,0.030991171785373
US-natural/rnn-mse-0.0001-s43,rnn,base,43,mse,0.0001,3,0.12575087538403848,0.11541847806117575,0.02625169258369523,0.018505528849181718
US-natural/rnn-mse-0.0001-s43,rnn,base,43,mse,0.0001,4,0.12600665811183348,0.1192080386267774,0.021203328801048124,0.021214698532261517
US-natural/rnn-mse-0.0001-s43,rnn,base,43,mse,0.0001,5,0.11404984623067123,0.10272644364723198,0.017814007965303753,0.01510834478349754
US-natural/rnn-mse-0.0001-s43,rnn,base,43,mse,0.0001,6,0.09690972129978999,0.098771168488909,0.01380951398482458,0.014375662174642794
US-natural/rnn-mse-0.0001-s43,rnn,base,43,mse,0.0001,7,0.09012026093911644,0.09207599378009208,0.011431094386075733,0.012279791365339819
US-natural/rnn-mse-0.0001-s43,rnn,base,43,mse,0.0001,8,0.08449566952450006,0.08746806653036014,0.010509102222135165,0.011118167246423352
US-natural/rnn-mse-0.0001-s43,rnn,base,43,mse,0.0001,9,0.095425172679018,0.08683339771156584,0.011746271153468909,0.011230228507126712
US-natural/rnn-mse-0.0001-s43,rnn,base,43,mse,0.0001,10,0.06685614988575277,0.07947072727565452,0.00663095066298639,0.008930060043879907
US-natural/rnn-mse-0.0001-s43,rnn,base,43,mse,0.0001,11,0.06626495482502771,0.07374042225711086,0.00656297741054696,0.00804184279343465
US-natural/rnn-mse-0.0001-s43,rnn,base,43,mse,0.0001,12,0.06046973605862358,0.06990224690009299,0.005385414738081536,0.007343638174215811
US-natural/rnn-mse-0.0001-s43,rnn,base,43,mse,0.0001,13,0.056009973132556644,0.06827852743345293,0.004688293436255506,0.0072185311518070845
US-natural/rnn-mse-0.0001-s43,rnn,base,43,mse,0.0001,14,0.049623463397340375,0.062338641628813175,0.003699268574384139,0.0060544880352771235
US-natural/rnn-mse-0.0001-s43,rnn,base,43,mse,0.0001,15,0.047848649742057874,0.0607408597287964,0.0034486096312085013,0.005895046099031805
US-natural/rnn-mse-0.0001-s43,rnn,base,43,mse,0.0001,16,0.042980506997163756,0.05780825416338468,0.0028804466853751634,0.005443517612870292
US-natural/rnn-mse-0.0001-s43,rnn,base,43,mse,0.0001,17,0.039292190051704604,0.05373462427297482,0.002420012219888948,0.0048340466289078015
US-natural/rnn-mse-0.0001-s43,rnn,base,43,mse,0.0001,18,0.03764808502821645,0.05329759018235946,0.0022093769492347085,0.004774920268273588
US-natural/rnn-mse-0.0001-s43,rnn,base,43,mse,0.0001,19,0.033825763623151456,0.05115437293539522,0.0018788726642327482,0.004444881805971362
US-natural/rnn-mse-0.0001-s43,rnn,base,43,mse,0.0001,20,0.03245880541156268,0.049631378945399304,0.0017348337360864321,0.004233627917862444
US-natural/rnn-mse-0.0001-s43,rnn,base,43,mse,0.0001,21,0.03027535521512353,0.047658440589365456,0.0015476089402920226,0.0039734192572675004
US-natural/rnn-mse-0.0001-s43,rnn,base,43,mse,0.0001,22,0.02977172905822387,0.04722655708206989,0.001455228250226679,0.0038928032456611405
US-natural/rnn-mse-0.0001-s43,rnn,base,43,mse,0.0001,23,0.028023766042293417,0.04557215111324695,0.001329245966860615,0.0036655754117771223
US-natural/rnn-mse-0.0001-s43,rnn,base,43,mse,0.0001,24,0.026799886402861975,0.04888638770299962,0.0012183640236556994,0.003975878510073439
US-natural/rnn-mse-0.0001-s43,rnn,base,43,mse,0.0001,25,0.02608428891012207,0.04638186039972715,0.0011557888194567783,0.00369463905808482
US-natural/rnn-mse-0.0001-s43,rnn,base,43,mse,0.0001,26,0.02520779202189232,0.04389973385872769,0.0010904051889381466,0.0033857144724961687
US-natural/rnn-mse-0.0001-s43,rnn,base,43,mse,0.0001,27,0.024431125671528987,0.04424126791378726,0.001033584911783802,0.0033728883600020187
US-natural/rnn-mse-0.0001-s43,rnn,base,43,mse,0.0001,28,0.0239621871338493,0.048124574706782684,0.0009927672227093005,0.0037460292892031494
US-natural/rnn-mse-0.0001-s43,rnn,base,43,mse,0.0001,29,0.024138273049823286,0.0425537638203213,0.0009900385124537111,0.003120588012139316
US-natural/rnn-mse-0.0001-s43,rnn,base,43,mse,0.0001,30,0.02331283274784288,0.044732792201880034,0.0009266831269305038,0.0033452636493636616
US-natural/rnn-mse-0.0001-s44,rnn,base,44,mse,0.0001,1,0.22543894830122568,0.11664591931339403,0.07558837461618369,0.021427611547614144
US-natural/rnn-mse-0.0001-s44,rnn,base,44,mse,0.0001,2,0.13012368358565188,0.1134869166879643,0.024756579857474644,0.021758336257712178
US-natural/rnn-mse-0.0001-s44,rnn,base,44,mse,0.0001,3,0.09795232309573405,0.0743603201487195,0.013872125331142618,0.00847723831762013
US-natural/rnn-mse-0.0001-s44,rnn,base,44,mse,0.0001,4,0.07563014052634634,0.05610761780232864,0.00822300244428367,0.005008985963076377
US-natural/rnn-mse-0.0001-s44,rnn,base,44,mse,0.0001,5,0.05159878935567146,0.051395809638131895,0.004180673018117389,0.004389068142540463
US-natural/rnn-mse-0.0001-s44,rnn,base,44,mse,0.0001,6,0.04065131998527846,0.03315658372062818,0.0027045561759437074,0.001925729095668939
US-natural/rnn-mse-0.0001-s44,rnn,base,44,mse,0.0001,7,0.031246836956174362,0.030765035702684643,0.001625902843410825,0.0015899537854640162
US-natural/rnn-mse-0.0001-s44,rnn,base,44,mse,0.0001,8,0.02763164947106362,0.027250512763752104,0.001280315796143095,0.0012236148552491144
US-natural/rnn-mse-0.0001-s44,rnn,base,44,mse,0.0001,9,0.02592717891227131,0.024383585850037078,0.0011562428097110441,0.0009811450516644463
US-natural/rnn-mse-0.0001-s44,rnn,base,44,mse,0.0001,10,0.02487636074234621,0.024956207464780937,0.0010303770657072928,0.0010110581450599248
US-natural/rnn-mse-0.0001-s44,rnn,base,44,mse,0.0001,11,0.023594881788931748,0.02457099978443952,0.000949714823438242,0.0009690229105046177
US-natural/rnn-mse-0.0001-s44,rnn,base,44,mse,0.0001,12,0.022880853594398454,0.022749248410012583,0.0009037354633781472,0.0008436468128408209
US-natural/rnn-mse-0.0001-s44,rnn,base,44,mse,0.0001,13,0.02262024874395539,0.022200906090413804,0.0008891837202581617,0.0008080503310602562
US-natural/rnn-mse-0.0001-s44,rnn,base,44,mse,0.0001,14,0.022058211605545778,0.022187307050956392,0.0008485311274792694,0.000805031356041793
US-natural/rnn-mse-0.0001-s44,rnn,base,44,mse,0.0001,15,0.02155856123358125,0.024431650924071905,0.0008111440865183438,0.0009399165792328145
US-natural/rnn-mse-0.0001-s44,rnn,base,44,mse,0.0001,16,0.021124646031464196,0.020347177734940814,0.0008103236555008479,0.0006957664047106592
US-natural/rnn-mse-0.0001-s44,rnn,base,44,mse,0.0001,17,0.020826547321067132,0.022650092823435074,0.0007807514342426017,0.0008255695899964056
US-natural/rnn-mse-0.0001-s44,rnn,base,44,mse,0.0001,18,0.021398911140333803,0.02128308162558705,0.0007764572121196984,0.0007441968609357905
US-natural/rnn-mse-0.0001-s44,rnn,base,44,mse,0.0001,19,0.019954422353397356,0.021569186614582635,0.0007395477468127553,0.0007651676513544151
US-natural/rnn-mse-0.0001-s44,rnn,base,44,mse,0.0001,20,0.019964602925110216,0.0221330472928212,0.0007147465332874428,0.0007962394866716445
US-natural/rnn-mse-0.0001-s44,rnn,base,44,mse,0.0001,21,0.01995843410936311,0.020822122014386647,0.0007053879486371493,0.0007228446012374194
US-natural/rnn-mse-0.0001-s44,rnn,base,44,mse,0.0001,22,0.01954112764247758,0.02090002085413883,0.0007029506882573146,0.0007281771818904328
US-natural/rnn-mse-0.0001-s44,rnn,base,44,mse,0.0001,23,0.020247912173413738,0.02290489022137283,0.0007180453168937025,0.0008356667142113601
US-natural/rnn-mse-0.0001-s44,rnn,base,44,mse,0.0001,24,0.0196154510912188,0.0198164090587261,0.0006903017503525356,0.0006583795457700955
US-natural/rnn-mse-0.0001-s44,rnn,base,44,mse,0.0001,25,0.01880660911579125,0.02162003717608044,0.0006516203252165892,0.0007659092400484782
US-natural/rnn-mse-0.0001-s44,rnn,base,44,mse,0.0001,26,0.018769266166194867,0.02040512315462626,0.0006401633511019083,0.0006914302442952489
US-natural/rnn-mse-0.0001-s44,rnn,base,44,mse,0.0001,27,0.018238513033151323,0.02124354282403873,0.0006179869726967211,0.0007419077604948397
US-natural/rnn-mse-0.0001-s44,rnn,base,44,mse,0.0001,28,0.01825320729952376,0.020553067390328455,0.0006107652313480885,0.0006991126203573111
US-natural/rnn-mse-0.0001-s44,rnn,base,44,mse,0.0001,29,0.01800955285967249,0.021419156878442015,0.000598373589609203,0.0007441255342051847
US-natural/rnn-mse-0.0001-s44,rnn,base,44,mse,0.0001,30,0.018146219958674673,0.021513253416766697,0.000601019325122546,0.000746956942653725
US-natural/rnn-mse-0.001-s42,rnn,base,42,mse,0.001,1,0.20793320200280438,0.20016273852204464,0.06964297049283723,0.046933406423619865
US-natural/rnn-mse-0.001-s42,rnn,base,42,mse,0.001,2,0.11969414694327028,0.050026738143641454,0.023042755490398595,0.0041107503780810975
US-natural/rnn-mse-0.001-s42,rnn,base,42,mse,0.001,3,0.06437278526575399,0.0527493044073419,0.0059540898222414035,0.003861851397436693
US-natural/rnn-mse-0.001-s42,rnn,base,42,mse,0.001,4,0.03803640211941132,0.03837569791344088,0.0021244736297523713,0.0022901200919602277
US-natural/rnn-mse-0.001-s42,rnn,base,42,mse,0.001,5,0.03047448230278065,0.024423181741999634,0.0016181693367191099,0.000880757312829517
US-natural/rnn-mse-0.001-s42,rnn,base,42,mse,0.001,6,0.02560358280236732,0.023136360735180772,0.0010742403327743929,0.0008506549417636167
US-natural/rnn-mse-0.001-s42,rnn,base,42,mse,0.001,7,0.026953820209260324,0.023496181674171765,0.001134119670198077,0.0008960326846929205
US-natural/rnn-mse-0.001-s42,rnn,base,42,mse,0.001,8,0.021045993321803652,0.02251094058507142,0.0007610548931516847,0.0008493766347192433
US-natural/rnn-mse-0.001-s42,rnn,base,42,mse,0.001,9,0.018669377273616554,0.02229206171485678,0.0006471421271297923,0.0008395317471467952
US-natural/rnn-mse-0.001-s42,rnn,base,42,mse,0.001,10,0.017941908547115474,0.022071084574336708,0.00060853259363804,0.0008091955556449463
US-natural/rnn-mse-0.001-s42,rnn,base,42,mse,0.001,11,0.017418430556257435,0.020880451064541426,0.0005758119965628818,0.0007216211153512197
US-natural/rnn-mse-0.001-s42,rnn,base,42,mse,0.001,12,0.017914665550485907,0.02103695135163858,0.000594468159283274,0.0007258503092530844
US-natural/rnn-mse-0.001-s42,rnn,base,42,mse,0.001,13,0.01720058141759237,0.021818456537565055,0.0005480401744451541,0.0008074291564078643
US-natural/rnn-mse-0.001-s42,rnn,base,42,mse,0.001,14,0.016756568096374463,0.02156387501441875,0.0005223208256144768,0.000775598850093937
US-natural/rnn-mse-0.001-s42,rnn,base,42,mse,0.001,15,0.016617647468661886,0.022149898902387097,0.000527715460269937,0.0007987926597857651
US-natural/rnn-mse-0.001-s42,rnn,base,42,mse,0.001,16,0.01622377726526319,0.02063619888693989,0.0005060546072062207,0.0007043747727143264
US-natural/rnn-mse-0.001-s42,rnn,base,42,mse,0.001,17,0.015982783456494253,0.020455379045176407,0.0004927770962932655,0.0006940145894431453
US-natural/rnn-mse-0.001-s42,rnn,base,42,mse,0.001,18,0.015469594820723994,0.023217897577678216,0.0004675958412136536,0.0008732912347136497
US-natural/rnn-mse-0.001-s42,rnn,base,42,mse,0.001,19,0.01567761007418255,0.020328490951406347,0.000477307291025561,0.0006748953650806984
US-natural/rnn-mse-0.001-s42,rnn,base,42,mse,0.001,20,0.01542748333943327,0.019462999348382495,0.0004789846308131863,0.0006286940918164819
US-natural/rnn-mse-0.001-s42,rnn,base,42,mse,0.001,21,0.015718397801468848,0.023857145416459353,0.0004665131076423154,0.0008990416094216565
US-natural/rnn-mse-0.001-s42,rnn,base,42,mse,0.001,22,0.014989994210413372,0.02362548168662648,0.00044115284240901965,0.0008777875590192196
US-natural/rnn-mse-0.001-s42,rnn,base,42,mse,0.001,23,0.01491533983491969,0.020895247890832285,0.00044142851069771963,0.0007116121513266565
US-natural/rnn-mse-0.001-s42,rnn,base,42,mse,0.001,24,0.014640467666181193,0.021544020301830797,0.00042905453609423774,0.0007468516690266832
US-natural/rnn-mse-0.001-s42,rnn,base,42,mse,0.001,25,0.014435999825814148,0.023803858270328045,0.00042038962466492245,0.000874752937532089
US-natural/rnn-mse-0.001-s42,rnn,base,42,mse,0.001,26,0.014359087591820955,0.022567053378149418,0.00042081498370202146,0.0008056965082366765
US-natural/rnn-mse-0.001-s42,rnn,base,42,mse,0.001,27,0.014126102769254899,0.022403478033297803,0.00040463256512305863,0.0007941025565300487
US-natural/rnn-mse-0.001-s42,rnn,base,42,mse,0.001,28,0.014339359847105498,0.021360442090115287,0.00040954672322252543,0.0007281327599975329
US-natural/rnn-mse-0.001-s42,rnn,base,42,mse,0.001,29,0.013967796202094354,0.021449333666238576,0.0003976739447067133,0.000723928462851953
US-natural/rnn-mse-0.001-s42,rnn,base,42,mse,0.001,30,0.013901825296984513,0.02140329846264156,0.00039176385874456986,0.0007146556453438914
US-natural/rnn-mse-0.001-s43,rnn,base,43,mse,0.001,1,0.15915516843514488,0.10098392097431598,0.045866220673809195,0.022828404779769856
US-natural/rnn-mse-0.001-s43,rnn,base,43,mse,0.001,2,0.13630571734448893,0.11035984116214502,0.028376490790847368,0.016579407544746513
US-natural/rnn-mse-0.001-s43,rnn,base,43,mse,0.001,3,0.07010663368043227,0.045793960404503994,0.0073842248259007905,0.002849694118057629
US-natural/rnn-mse-0.001-s43,rnn,base,43,mse,0.001,4,0.04013195160998788,0.030145488286578006,0.0025495812288947872,0.0015261026896217778
US-natural/rnn-mse-0.001-s43,rnn,base,43,mse,0.001,5,0.02994827482043456,0.030953122416229276,0.0014805185149176772,0.0014756350956627374
US-natural/rnn-mse-0.001-s43,rnn,base,43,mse,0.001,6,0.025464822398685503,0.028644088871860224,0.0010956597298379062,0.0013038369424541452
US-natural/rnn-mse-0.001-s43,rnn,base,43,mse,0.001,7,0.022204198382535494,0.030045619809080704,0.0009173518851506589,0.0015083232256516252
US-natural/rnn-mse-0.001-s43,rnn,base,43,mse,0.001,8,0.02910871420481208,0.027943675169845958,0.0012161822470122597,0.001385303319218089
US-natural/rnn-mse-0.001-s43,rnn,base,43,mse,0.001,9,0.028744992520880357,0.023260007013166235,0.0012602291318343515,0.0009783990986453157
US-natural/rnn-mse-0.001-s43,rnn,base,43,mse,0.001,10,0.0197837235680821,0.01968768023737732,0.0006667729695074755,0.0007685424681836728
US-natural/rnn-mse-0.001-s43,rnn,base,43,mse,0.001,11,0.01982547696797222,0.022478460826353724,0.000664556583040491,0.0009163844728746158
US-natural/rnn-mse-0.001-s43,rnn,base,43,mse,0.001,12,0.019420966817032637,0.020738387816057302,0.0006195559017671585,0.0007732498538522648
US-natural/rnn-mse-0.001-s43,rnn,base,43,mse,0.001,13,0.017523254430463858,0.020810237929810432,0.0005331916438115531,0.0007902278346957679
US-natural/rnn-mse-0.001-s43,rnn,base,43,mse,0.001,14,0.017001849706668678,0.021605122703387908,0.0005452503370118967,0.0008089765116352907
US-natural/rnn-mse-0.001-s43,rnn,base,43,mse,0.001,15,0.017150210931920824,0.021776381795440634,0.0005164010995385208,0.0007581482128773557
US-natural/rnn-mse-0.001-s43,rnn,base,43,mse,0.001,16,0.01633011381003109,0.02207391859035698,0.00046817677409504446,0.0008201396664441629
US-natural/rnn-mse-0.001-s43,rnn,base,43,mse,0.001,17,0.016287447629258427,0.019044323726735923,0.00047282256257564847,0.0006605713314804171
US-natural/rnn-mse-0.001-s43,rnn,base,43,mse,0.001,18,0.01607502409498529,0.02182835525407147,0.0004477851448621528,0.0007737956445824541
US-natural/rnn-mse-0.001-s43,rnn,base,43,mse,0.001,19,0.015618814925706156,0.02016002769890092,0.00044258721241702433,0.00069932021568707
US-natural/rnn-mse-0.001-s43,rnn,base,43,mse,0.001,20,0.015175496351770904,0.019222025380895763,0.0004270126064976663,0.0006658039861214833
US-natural/rnn-mse-0.001-s43,rnn,base,43,mse,0.001,21,0.015744282932784823,0.01893204226369245,0.0004369855471772885,0.0006622894199087129
US-natural/rnn-mse-0.001-s43,rnn,base,43,mse,0.001,22,0.015313882626105899,0.01808656908360359,0.00043771681109727506,0.0006098434339121133
US-natural/rnn-mse-0.001-s43,rnn,base,43,mse,0.001,23,0.015506763818227555,0.018801729050804177,0.00042650580073901213,0.0006500306175710189
US-natural/rnn-mse-0.001-s43,rnn,base,43,mse,0.001,24,0.01575067597808343,0.01974851813296379,0.0004288825524904915,0.0007000386578797813
US-natural/rnn-mse-0.001-s43,rnn,base,43,mse,0.001,25,0.016382735878897468,0.02034204200120355,0.00047021200006648465,0.0007088649077886889
US-natural/rnn-mse-0.001-s43,rnn,base,43,mse,0.001,26,0.015259363309646452,0.019178332267233665,0.00040953460631399047,0.0006590080519803394
US-natural/rnn-mse-0.001-s43,rnn,base,43,mse,0.001,27,0.014582088081649557,0.018823013929524884,0.00038743700270004735,0.0006523194054413087
US-natural/rnn-mse-0.001-s43,rnn,base,43,mse,0.001,28,0.014068230978782771,0.01821122625241744,0.00036857928764436336,0.0006172392677371903
US-natural/rnn-mse-0.001-s43,rnn,base,43,mse,0.001,29,0.01405188124635605,0.018169703885744504,0.00036782231141944277,0.0006070942376141371
US-natural/rnn-mse-0.001-s43,rnn,base,43,mse,0.001,30,0.01366550943387874,0.018630225802845797,0.00035272239228057063,0.0006335951705181266
US-natural/rnn-mse-0.001-s44,rnn,base,44,mse,0.001,1,0.18767102996813176,0.05716758501073353,0.056682929170786274,0.004918937739541632
US-natural/rnn-mse-0.001-s44,rnn,base,44,mse,0.001,2,0.07480470252112219,0.0643021971334369,0.007998866574004063,0.004754590755798493
US-natural/rnn-mse-0.001-s44,rnn,base,44,mse,0.001,3,0.042399157666916376,0.043628347955633945,0.002799671016118323,0.0025273799375670693
US-natural/rnn-mse-0.001-s44,rnn,base,44,mse,0.001,4,0.02593047101375156,0.02146511811357339,0.0011900925754390738,0.0006821252114983938
US-natural/rnn-mse-0.001-s44,rnn,base,44,mse,0.001,5,0.022008125832140145,0.020206188709943,0.0007645356067604735,0.0006738751122250239
US-natural/rnn-mse-0.001-s44,rnn,base,44,mse,0.001,6,0.01846702457258378,0.01631826262539435,0.0006332915600227469,0.00045911506242211014
US-natural/rnn-mse-0.001-s44,rnn,base,44,mse,0.001,7,0.019089783270245315,0.018302977643612873,0.0006163806693200229,0.0005645862129261517
US-natural/rnn-mse-0.001-s44,rnn,base,44,mse,0.001,8,0.017578198868082845,0.015905149754378723,0.0005635956279222186,0.00044141715172970865
US-natural/rnn-mse-0.001-s44,rnn,base,44,mse,0.001,9,0.018061013920406002,0.015735523611219684,0.0005823770889184492,0.000437109114293001
US-natural/rnn-mse-0.001-s44,rnn,base,44,mse,0.001,10,0.01729997972710906,0.016794907351849055,0.0005336337379937527,0.0004925789695724932
US-natural/rnn-mse-0.001-s44,rnn,base,44,mse,0.001,11,0.01672951810890265,0.015599703403868199,0.000521163895046445,0.00043606528301405747
US-natural/rnn-mse-0.001-s44,rnn,base,44,mse,0.001,12,0.016091463074930593,0.01543062463765568,0.0004893011679433946,0.00041968923882357875
US-natural/rnn-mse-0.001-s44,rnn,base,44,mse,0.001,13,0.01579799904017117,0.01538627701254534,0.0004766386114374443,0.00042147994844114024
US-natural/rnn-mse-0.001-s44,rnn,base,44,mse,0.001,14,0.015837309010156717,0.0154944506492579,0.0004715011855080679,0.0004271840367111672
US-natural/rnn-mse-0.001-s44,rnn,base,44,mse,0.001,15,0.015402453147612644,0.016000551792907772,0.0004683227868324835,0.00044276739785075554
US-natural/rnn-mse-0.001-s44,rnn,base,44,mse,0.001,16,0.015308039399007928,0.015061598850119453,0.000458853875355594,0.00041397133828862125
US-natural/rnn-mse-0.001-s44,rnn,base,44,mse,0.001,17,0.015280398832301416,0.014926944913634187,0.0004550109028795438,0.0003995900367059869
US-natural/rnn-mse-0.001-s44,rnn,base,44,mse,0.001,18,0.015211311258526875,0.015631893741012582,0.0004540399088065295,0.0004248219444788956
US-natural/rnn-mse-0.001-s44,rnn,base,44,mse,0.001,19,0.015118173642221091,0.0150539288903787,0.0004428884376562127,0.0004124003054534985
US-natural/rnn-mse-0.001-s44,rnn,base,44,mse,0.001,20,0.014892979956017858,0.0152660779756199,0.00042988504371510724,0.0004143564120833831
US-natural/rnn-mse-0.001-s44,rnn,base,44,mse,0.001,21,0.014754301991761407,0.01509547768707804,0.00042614568495305067,0.00041305559986431264
US-natural/rnn-mse-0.001-s44,rnn,base,44,mse,0.001,22,0.014910551546457087,0.014799331346116102,0.0004250680732910732,0.00039381121351371776
US-natural/rnn-mse-0.001-s44,rnn,base,44,mse,0.001,23,0.015580282824224814,0.016529313869809662,0.00044456319740778264,0.00047464325677816407
US-natural/rnn-mse-0.001-s44,rnn,base,44,mse,0.001,24,0.014935529000814985,0.015156818459214709,0.0004249894324126188,0.0004161120216177903
US-natural/rnn-mse-0.001-s44,rnn,base,44,mse,0.001,25,0.014933100860076631,0.01617787783749844,0.00042812365285163244,0.00045472038947035385
US-natural/rnn-mse-0.001-s44,rnn,base,44,mse,0.001,26,0.015681432820747264,0.01770684998488947,0.0004365204427168118,0.0005273261673510443
US-natural/rnn-mse-0.001-s44,rnn,base,44,mse,0.001,27,0.014920856493145077,0.015862339345465694,0.00043318061386785566,0.00043889220780650456
US-natural/rnn-mse-0.001-s44,rnn,base,44,mse,0.001,28,0.014620333774640533,0.016362123934914787,0.0004280461092521597,0.0004374781702334646
US-natural/rnn-mse-0.001-s44,rnn,base,44,mse,0.001,29,0.015671375946251547,0.01514679325841497,0.00045445135486411344,0.00041391731670752216
US-natural/rnn-mse-0.001-s44,rnn,base,44,mse,0.001,30,0.015364683806802896,0.017342646679845607,0.00044158947123941445,0.0004908639001093344
US-natural/rnn-mae-0.0001-s42,rnn,base,42,mae,0.0001,1,0.17398803879995,0.11032831547415091,0.050234368113584726,0.02242590015697297
US-natural/rnn-mae-0.0001-s42,rnn,base,42,mae,0.0001,2,0.08982806532014784,0.12175654697946489,0.014041773247390301,0.018683728818223985
US-natural/rnn-mae-0.0001-s42,rnn,base,42,mae,0.0001,3,0.07830444749268749,0.08181392873704606,0.009054662673803716,0.011523364719956165
US-natural/rnn-mae-0.0001-s42,rnn,base,42,mae,0.0001,4,0.061462693455844104,0.08146933869230223,0.00648123213583716,0.010507074017497462
US-natural/rnn-mae-0.0001-s42,rnn,base,42,mae,0.0001,5,0.05356064646895941,0.06681524611007704,0.0050408124329179745,0.008181688414484415
US-natural/rnn-mae-0.0001-s42,rnn,base,42,mae,0.0001,6,0.05465440837270432,0.08244113244705537,0.004692544801993181,0.00945204311279798
US-natural/rnn-mae-0.0001-s42,rnn,base,42,mae,0.0001,7,0.04239428190061157,0.08017219470559878,0.003457719934035715,0.008625955723657904
US-natural/rnn-mae-0.0001-s42,rnn,base,42,mae,0.0001,8,0.04082944155741727,0.06500618819103725,0.0032015037925853035,0.006425466782081758
US-natural/rnn-mae-0.0001-s42,rnn,base,42,mae,0.0001,9,0.03566034512768542,0.0626208025978218,0.0024752050086801125,0.005915424036959768
US-natural/rnn-mae-0.0001-s42,rnn,base,42,mae,0.0001,10,0.03247739436667004,0.06504871244286262,0.002157749997797718,0.0058525966242097514
US-natural/rnn-mae-0.0001-s42,rnn,base,42,mae,0.0001,11,0.029652881422404215,0.06624744725476481,0.0017191068590035952,0.005900426378064301
US-natural/rnn-mae-0.0001-s42,rnn,base,42,mae,0.0001,12,0.030071756724128366,0.07678260177261331,0.001808824601985386,0.007331986490044124
US-natural/rnn-mae-0.0001-s42,rnn,base,42,mae,0.0001,13,0.0344765836895543,0.07281857129730028,0.0019029176876792216,0.006470722665970736
US-natural/rnn-mae-0.0001-s42,rnn,base,42,mae,0.0001,14,0.03300002683627733,0.06820619466218489,0.00171743432901462,0.005764049919180849
US-natural/rnn-mae-0.0001-s42,rnn,base,42,mae,0.0001,15,0.027138719350617898,0.04451282705101984,0.0013500770031584371,0.002904550831607864
US-natural/rnn-mae-0.0001-s42,rnn,base,42,mae,0.0001,16,0.023458895930831104,0.040959816812231625,0.0010725836055811737,0.0027800202852733035
US-natural/rnn-mae-0.0001-s42,rnn,base,42,mae,0.0001,17,0.025000433064618858,0.038105363358519904,0.0010965092048172288,0.0021806100379537056
US-natural/rnn-mae-0.0001-s42,rnn,base,42,mae,0.0001,18,0.02343040804261986,0.04126877231912298,0.00100542067754573,0.002360927427478882
US-natural/rnn-mae-0.0001-s42,rnn,base,42,mae,0.0001,19,0.030164776684977027,0.03273131511700414,0.001386373808651966,0.0017369624074238057
US-natural/rnn-mae-0.0001-s42,rnn,base,42,mae,0.0001,20,0.026821289176141825,0.032530087578417334,0.0011759788157635874,0.0016152620620290758
US-natural/rnn-mae-0.0001-s42,rnn,base,42,mae,0.0001,21,0.023125791978614797,0.042084304525548885,0.0008787651140076077,0.0024217555432244505
US-natural/rnn-mae-0.0001-s42,rnn,base,42,mae,0.0001,22,0.0191628630105288,0.03756079632797468,0.0006493823218778,0.0022449603671961696
US-natural/rnn-mae-0.0001-s42,rnn,base,42,mae,0.0001,23,0.018509894795342756,0.04770157735834722,0.0006393412913262389,0.003150565783496218
US-natural/rnn-mae-0.0001-s42,rnn,base,42,mae,0.0001,24,0.01946797132010068,0.042624499293551575,0.0006937554899146073,0.0026989119578856536
US-natural/rnn-mae-0.0001-s42,rnn,base,42,mae,0.0001,25,0.017356203075565887,0.04015436831330265,0.0005834921687263174,0.002303564850478108
US-natural/rnn-mae-0.0001-s42,rnn,base,42,mae,0.0001,26,0.017733560729259624,0.047537120097830086,0.000600393057829228,0.0031968848634566192
US-natural/rnn-mae-0.0001-s42,rnn,base,42,mae,0.0001,27,0.01675491652533346,0.038810310911886386,0.0005683830846532932,0.00230749183267806
US-natural/rnn-mae-0.0001-s42,rnn,base,42,mae,0.0001,28,0.021680893525026643,0.057996976281488824,0.0007907031060628005,0.004358037775617502
US-natural/rnn-mae-0.0001-s42,rnn,base,42,mae,0.0001,29,0.025478538474523707,0.04156960851079432,0.0010100785117306834,0.0025144013085983494
US-natural/rnn-mae-0.0001-s42,rnn,base,42,mae,0.0001,30,0.021775472749928637,0.04369161601573764,0.0008345978305795616,0.0024773797948668902
US-natural/rnn-mae-0.0001-s43,rnn,base,43,mae,0.0001,1,0.40833188578058494,0.13285563704667575,0.1941895994962797,0.02654786992078535
US-natural/rnn-mae-0.0001-s43,rnn,base,43,mae,0.0001,2,0.1170872262099396,0.12899125318050955,0.021767010424763467,0.022357543715073556
US-natural/rnn-mae-0.0001-s43,rnn,base,43,mae,0.0001,3,0.11862160285733198,0.10663450435937831,0.023221674016479173,0.01647655767573008
US-natural/rnn-mae-0.0001-s43,rnn,base,43,mae,0.0001,4,0.11182861906339513,0.09762947696293969,0.01664395642825781,0.013967905508136614
US-natural/rnn-mae-0.0001-s43,rnn,base,43,mae,0.0001,5,0.11293634188512457,0.09058271363153979,0.02006392779089451,0.012125442809121369
US-natural/rnn-mae-0.0001-s43,rnn,base,43,mae,0.0001,6,0.0836955429314861,0.08452030990365747,0.010620611477429303,0.010291046707334573
US-natural/rnn-mae-0.0001-s43,rnn,base,43,mae,0.0001,7,0.07284005772005166,0.0728832670426806,0.008177318685278314,0.008024363833533664
US-natural/rnn-mae-0.0001-s43,rnn,base,43,mae,0.0001,8,0.06106698883217375,0.06885553988015064,0.006272159529933002,0.006963279852201695
US-natural/rnn-mae-0.0001-s43,rnn,base,43,mae,0.0001,9,0.06854027156805169,0.05982187982989259,0.0064939347233847625,0.0055801254255917025
US-natural/rnn-mae-0.0001-s43,rnn,base,43,mae,0.0001,10,0.06387846637021563,0.06369995153590809,0.005996679433847999,0.00611696093052743
US-natural/rnn-mae-0.0001-s43,rnn,base,43,mae,0.0001,11,0.04699014047263703,0.056602836376174276,0.003383261710028736,0.004887007841486813
US-natural/rnn-mae-0.0001-s43,rnn,base,43,mae,0.0001,12,0.038979521968147045,0.06052925780708172,0.002736310295015521,0.005701456225809305
US-natural/rnn-mae-0.0001-s43,rnn,base,43,mae,0.0001,13,0.035440342004854436,0.04188684824721637,0.0020548383458878186,0.0030229822502359453
US-natural/rnn-mae-0.0001-s43,rnn,base,43,mae,0.0001,14,0.03567826563164474,0.04076453932759652,0.0019609659349984166,0.0029223810501168347
US-natural/rnn-mae-0.0001-s43,rnn,base,43,mae,0.0001,15,0.03796764205018486,0.059247230385224725,0.0022382760684664647,0.005051630636224668
US-natural/rnn-mae-0.0001-s43,rnn,base,43,mae,0.0001,16,0.027117637743976297,0.04662098511117272,0.0012682760061382397,0.0034488119338643
US-natural/rnn-mae-0.0001-s43,rnn,base,43,mae,0.0001,17,0.025342410566659458,0.036473732839526575,0.0010997585674571459,0.002391008710256244
US-natural/rnn-mae-0.0001-s43,rnn,base,43,mae,0.0001,18,0.023389580830210824,0.04162630129785487,0.000974242369465843,0.0029180549599931104
US-natural/rnn-mae-0.0001-s43,rnn,base,43,mae,0.0001,19,0.02194267388789782,0.04048015931965176,0.0008745180085721391,0.0026788239951198245
US-natural/rnn-mae-0.0001-s43,rnn,base,43,mae,0.0001,20,0.021802741241918073,0.04313437968088259,0.0008804765922787391,0.0028864771775472947
US-natural/rnn-mae-0.0001-s43,rnn,base,43,mae,0.0001,21,0.022047695652206503,0.038119684833702594,0.000823043774461047,0.0024550750566638326
US-natural/rnn-mae-0.0001-s43,rnn,base,43,mae,0.0001,22,0.018571609142067354,0.039690592731476675,0.0006905906952447042,0.002484726119751929
US-natural/rnn-mae-0.0001-s43,rnn,base,43,mae,0.0001,23,0.018679135721547488,0.04495080856701164,0.0006415891377794832,0.002916251229741189
US-natural/rnn-mae-0.0001-s43,rnn,base,43,mae,0.0001,24,0.018891882253297295,0.03535664961782774,0.0006780662585484218,0.002076802437435273
US-natural/rnn-mae-0.0001-s43,rnn,base,43,mae,0.0001,25,0.017328473408169964,0.03321594818931664,0.0005748561833234986,0.0019324816961770212
US-natural/rnn-mae-0.0001-s43,rnn,base,43,mae,0.0001,26,0.018216758190406804,0.03617310831315633,0.0006410419539554425,0.0021447941223955848
US-natural/rnn-mae-0.0001-s43,rnn,base,43,mae,0.0001,27,0.016019114941663685,0.03255915574596632,0.0005416585610777026,0.001837323868960209
US-natural/rnn-mae-0.0001-s43,rnn,base,43,mae,0.0001,28,0.020351836162336302,0.03186543211055819,0.0007167245750195492,0.0018745817622198334
US-natural/rnn-mae-0.0001-s43,rnn,base,43,mae,0.0001,29,0.020666474547667884,0.035115778587721753,0.000767371399392919,0.0020771441185631905
US-natural/rnn-mae-0.0001-s43,rnn,base,43,mae,0.0001,30,0.01578750530818646,0.03331748889509148,0.0005393756307919672,0.001922937110582531
US-natural/rnn-mae-0.0001-s44,rnn,base,44,mae,0.0001,1,0.2239218673676432,0.11331236039309728,0.07467732437601096,0.020594143960785027
US-natural/rnn-mae-0.0001-s44,rnn,base,44,mae,0.0001,2,0.12250404922621672,0.09689705402813718,0.02180176858048394,0.016439649222122706
US-natural/rnn-mae-0.0001-s44,rnn,base,44,mae,0.0001,3,0.085615796685543,0.06146276129155994,0.01046238040835087,0.006542537414571004
US-natural/rnn-mae-0.0001-s44,rnn,base,44,mae,0.0001,4,0.05296207477504102,0.04317553567359967,0.00453200763102157,0.0035679507052635657
US-natural/rnn-mae-0.0001-s44,rnn,base,44,mae,0.0001,5,0.031444931965581666,0.035335015452166676,0.0018970210364579662,0.002334664187188163
US-natural/rnn-mae-0.0001-s44,rnn,base,44,mae,0.0001,6,0.030094628481922393,0.03512926609306189,0.0016011318847544696,0.0019425542946213251
US-natural/rnn-mae-0.0001-s44,rnn,base,44,mae,0.0001,7,0.026000772018944553,0.03196499095492034,0.0012387520554423997,0.001525195176198046
US-natural/rnn-mae-0.0001-s44,rnn,base,44,mae,0.0001,8,0.02373830057880868,0.03160711536463643,0.0010268361884870107,0.0014309202629935519
US-natural/rnn-mae-0.0001-s44,rnn,base,44,mae,0.0001,9,0.022346296866561578,0.019267474177453416,0.0009232208022548424,0.0006281890643357647
US-natural/rnn-mae-0.0001-s44,rnn,base,44,mae,0.0001,10,0.0219902358390268,0.019062951490297023,0.0008425807411769994,0.0006247937643970569
US-natural/rnn-mae-0.0001-s44,rnn,base,44,mae,0.0001,11,0.02124180951467023,0.025447888314499182,0.0007754789450850416,0.000975903546517094
US-natural/rnn-mae-0.0001-s44,rnn,base,44,mae,0.0001,12,0.020856075950421313,0.020584479721537426,0.0007820668487185775,0.0007369992005915263
US-natural/rnn-mae-0.0001-s44,rnn,base,44,mae,0.0001,13,0.022563128728465387,0.019107462003544774,0.0008633058448132608,0.0006110853843893806
US-natural/rnn-mae-0.0001-s44,rnn,base,44,mae,0.0001,14,0.020103924514564216,0.01873527788661198,0.0007453216808363845,0.0006042108066305389
US-natural/rnn-mae-0.0001-s44,rnn,base,44,mae,0.0001,15,0.017748261156749,0.018970526456206914,0.0006029788566732316,0.0006393338781083542
US-natural/rnn-mae-0.0001-s44,rnn,base,44,mae,0.0001,16,0.01685255600071332,0.022351135809435582,0.0005917923226114193,0.0008306028282412179
US-natural/rnn-mae-0.0001-s44,rnn,base,44,mae,0.0001,17,0.01831623631097573,0.018559064888241522,0.0006525230457983091,0.0006078734335275923
US-natural/rnn-mae-0.0001-s44,rnn,base,44,mae,0.0001,18,0.017128173934537288,0.025330340979905296,0.0005645930819672847,0.0009614609166553328
US-natural/rnn-mae-0.0001-s44,rnn,base,44,mae,0.0001,19,0.018944314343326676,0.020252206305937683,0.0006500199304427495,0.0006918387230798565
US-natural/rnn-mae-0.0001-s44,rnn,base,44,mae,0.0001,20,0.01818331092913594,0.019107925436740593,0.0006198317261878607,0.0006298700619406186
US-natural/rnn-mae-0.0001-s44,rnn,base,44,mae,0.0001,21,0.016826560809072508,0.020479845822363618,0.0005463130417687583,0.0006951514447403709
US-natural/rnn-mae-0.0001-s44,rnn,base,44,mae,0.0001,22,0.019087517757780788,0.02125115702435295,0.0006600377843284003,0.0007480092691214184
US-natural/rnn-mae-0.0001-s44,rnn,base,44,mae,0.0001,23,0.02219696193038182,0.02058010372204667,0.0008158707957493243,0.0007304829924783818
US-natural/rnn-mae-0.0001-s44,rnn,base,44,mae,0.0001,24,0.017423418486147098,0.01995955420584822,0.0005679724565636407,0.0006497427879415904
US-natural/rnn-mae-0.0001-s44,rnn,base,44,mae,0.0001,25,0.015542602695959369,0.01921001607175964,0.0004940083512562528,0.0006028342822304741
US-natural/rnn-mae-0.0001-s44,rnn,base,44,mae,0.0001,26,0.015606184825864889,0.018352758151633022,0.0004902626568178619,0.0005807501146453634
US-natural/rnn-mae-0.0001-s44,rnn,base,44,mae,0.0001,27,0.015083387425141473,0.018453097889493654,0.000469396621021318,0.0005945027352237713
US-natural/rnn-mae-0.0001-s44,rnn,base,44,mae,0.0001,28,0.015321382646115007,0.020537854818890554,0.0004843381370950643,0.0007315735175321137
US-natural/rnn-mae-0.0001-s44,rnn,base,44,mae,0.0001,29,0.015785282470537614,0.02427426484775273,0.0005063506400665121,0.0009362767163856652
US-natural/rnn-mae-0.0001-s44,rnn,base,44,mae,0.0001,30,0.0160428588873529,0.020706603523395196,0.0004919240284909757,0.0007091882568049029
US-natural/rnn-mae-0.001-s42,rnn,base,42,mae,0.001,1,0.1819145377321021,0.062376924597933814,0.053467992028947336,0.006220600637458263
US-natural/rnn-mae-0.001-s42,rnn,base,42,mae,0.001,2,0.06351529039905328,0.06376082790891463,0.007600439716805806,0.005849966886904292
US-natural/rnn-mae-0.001-s42,rnn,base,42,mae,0.001,3,0.048855708841030396,0.0325423590538598,0.003472580348237022,0.0015668942572182756
US-natural/rnn-mae-0.001-s42,rnn,base,42,mae,0.001,4,0.030125989126916344,0.025869096988353695,0.0015450833769839595,0.001043668245415347
US-natural/rnn-mae-0.001-s42,rnn,base,42,mae,0.001,5,0.04472263923414034,0.04201965596971693,0.0033254007642278586,0.0022864160556028286
US-natural/rnn-mae-0.001-s42,rnn,base,42,mae,0.001,6,0.04563125023665871,0.07216167616695922,0.003304486908135917,0.006629927714866162
US-natural/rnn-mae-0.001-s42,rnn,base,42,mae,0.001,7,0.04563987050646398,0.04159223239966384,0.0029647103459319304,0.0022702609741017104
US-natural/rnn-mae-0.001-s42,rnn,base,42,mae,0.001,8,0.05800934978037442,0.021068100802526503,0.0048720846439528065,0.0007152647204931265
US-natural/rnn-mae-0.001-s42,rnn,base,42,mae,0.001,9,0.04291190240593972,0.051720892951999727,0.0026147647279962725,0.0034753294708104515
US-natural/rnn-mae-0.001-s42,rnn,base,42,mae,0.001,10,0.04614347818771834,0.03388148182346093,0.002860883621342045,0.0015366318372082633
US-natural/rnn-mae-0.001-s42,rnn,base,42,mae,0.001,11,0.04147273157739411,0.0394661641644741,0.0025517514935950434,0.0021324159748925707
US-natural/rnn-mae-0.001-s42,rnn,base,42,mae,0.001,12,0.03396333837374561,0.027734100406063503,0.001897984476774425,0.0012824805066802272
US-natural/rnn-mae-0.001-s42,rnn,base,42,mae,0.001,13,0.02731990565322511,0.022465923317831354,0.001121906457269223,0.0007890314906897478
US-natural/rnn-mae-0.001-s42,rnn,base,42,mae,0.001,14,0.02141824414837128,0.02825726622112382,0.0007823668549394035,0.0010755730942217418
US-natural/rnn-mae-0.001-s42,rnn,base,42,mae,0.001,15,0.025725316998964166,0.023450062970811935,0.0010925995364289732,0.0008551124865215642
US-natural/rnn-mae-0.001-s42,rnn,base,42,mae,0.001,16,0.02166548130359908,0.025759071717141688,0.0007654880169682709,0.0009980280804215487
US-natural/rnn-mae-0.001-s42,rnn,base,42,mae,0.001,17,0.020415817378806843,0.01828980409218381,0.0008008804971645612,0.000548099380786285
US-natural/rnn-mae-0.001-s42,rnn,base,42,mae,0.001,18,0.01984958461576961,0.02012440988904249,0.0008324541895699749,0.0007462924310552482
US-natural/rnn-mae-0.001-s42,rnn,base,42,mae,0.001,19,0.01857270128274646,0.018082427384174718,0.0006814205014733985,0.0006226879303508166
US-natural/rnn-mae-0.001-s42,rnn,base,42,mae,0.001,20,0.020165955924315145,0.01813540356687883,0.000859771904304821,0.000553655173730702
US-natural/rnn-mae-0.001-s42,rnn,base,42,mae,0.001,21,0.021115262912306323,0.02309713159531774,0.0007219455267018171,0.0007481239051583106
US-natural/rnn-mae-0.001-s42,rnn,base,42,mae,0.001,22,0.01903487172506947,0.01819076513578416,0.0006134992381336364,0.0005638041109864596
US-natural/rnn-mae-0.001-s42,rnn,base,42,mae,0.001,23,0.019058142562229794,0.015786665932866154,0.0006069422480638603,0.0004335235578597375
US-natural/rnn-mae-0.001-s42,rnn,base,42,mae,0.001,24,0.01610827720781766,0.0214476711844217,0.0004772170100994378,0.000735700453870276
US-natural/rnn-mae-0.001-s42,rnn,base,42,mae,0.001,25,0.018092853588216974,0.0225088672885889,0.0006204274388229739,0.0007173980418507819
US-natural/rnn-mae-0.001-s42,rnn,base,42,mae,0.001,26,0.027615350753965595,0.025933808365867072,0.001149377334487144,0.001030820603050367
US-natural/rnn-mae-0.001-s42,rnn,base,42,mae,0.001,27,0.021824216963865523,0.021128738055047048,0.0008229815440038926,0.0006760775051197944
US-natural/rnn-mae-0.001-s42,rnn,base,42,mae,0.001,28,0.022790972709231028,0.021146916810043506,0.0008646616554579213,0.0007128656563373015
US-natural/rnn-mae-0.001-s42,rnn,base,42,mae,0.001,29,0.022194321061927598,0.015626948985284245,0.0007759825252308493,0.0004082768347549347
US-natural/rnn-mae-0.001-s42,rnn,base,42,mae,0.001,30,0.022918284844685267,0.03284486141059312,0.0008299165750401505,0.0013829777822476346
US-natural/rnn-mae-0.001-s43,rnn,base,43,mae,0.001,1,0.1443253528686651,0.09809821747137282,0.04400018996861704,0.01660349335807164
US-natural/rnn-mae-0.001-s43,rnn,base,43,mae,0.001,2,0.15477905233577163,0.0777540109529102,0.03353726194160568,0.008886863697312288
US-natural/rnn-mae-0.001-s43,rnn,base,43,mae,0.001,3,0.05349921403315179,0.03744493471541419,0.004482804384125,0.0024567390327949576
US-natural/rnn-mae-0.001-s43,rnn,base,43,mae,0.001,4,0.03873985635119511,0.03278702691525024,0.002351438082693418,0.0018411564391622474
US-natural/rnn-mae-0.001-s43,rnn,base,43,mae,0.001,5,0.04942206692204146,0.042350790400172415,0.003392079541803425,0.002797427257050608
US-natural/rnn-mae-0.001-s43,rnn,base,43,mae,0.001,6,0.028122459008470043,0.03519429100500118,0.0014274766209975299,0.0018178170324210424
US-natural/rnn-mae-0.001-s43,rnn,base,43,mae,0.001,7,0.02653100845498018,0.0278669021463808,0.001127760076614481,0.0016710809350838926
US-natural/rnn-mae-0.001-s43,rnn,base,43,mae,0.001,8,0.03138406691449108,0.02975232729634117,0.0015836115387884014,0.001500007101415204
US-natural/rnn-mae-0.001-s43,rnn,base,43,mae,0.001,9,0.02625263112092337,0.02557574251795269,0.0011155049550308075,0.0009879504702995632
US-natural/rnn-mae-0.001-s43,rnn,base,43,mae,0.001,10,0.042683779971887194,0.029997976998484385,0.0025833673984274625,0.00146894082365253
US-natural/rnn-mae-0.001-s43,rnn,base,43,mae,0.001,11,0.03791203788119061,0.032437109517347594,0.002037123238307496,0.0014815550815315253
US-natural/rnn-mae-0.001-s43,rnn,base,43,mae,0.001,12,0.04076730071110388,0.047086466831700945,0.00235130539891143,0.002978266797716251
US-natural/rnn-mae-0.001-s43,rnn,base,43,mae,0.001,13,0.03110965988135055,0.038582024828324527,0.001562423454915685,0.0022791145420501873
US-natural/rnn-mae-0.001-s43,rnn,base,43,mae,0.001,14,0.03431906083490792,0.028231099922157697,0.001786813530372122,0.0011009013163372388
US-natural/rnn-mae-0.001-s43,rnn,base,43,mae,0.001,15,0.026518262312686107,0.032545224284444015,0.0010273722088323595,0.001622236850241084
US-natural/rnn-mae-0.001-s43,rnn,base,43,mae,0.001,16,0.02773749065000592,0.021109472135712567,0.0011649971378853061,0.000695087940877083
US-natural/rnn-mae-0.001-s43,rnn,base,43,mae,0.001,17,0.02439369350651874,0.018155084631550945,0.0009309326632663328,0.0005301925284507141
US-natural/rnn-mae-0.001-s43,rnn,base,43,mae,0.001,18,0.017112086267855462,0.017783279713746866,0.000545799633413254,0.0005798115647943409
US-natural/rnn-mae-0.001-s43,rnn,base,43,mae,0.001,19,0.01980518919852478,0.017318045792573983,0.0006248275347175109,0.00047485319962398137
US-natural/rnn-mae-0.001-s43,rnn,base,43,mae,0.001,20,0.018981160508470003,0.01620051112732866,0.0006831847389690634,0.00044621229600062123
US-natural/rnn-mae-0.001-s43,rnn,base,43,mae,0.001,21,0.022497853416485292,0.016978076849351494,0.0007832667907068395,0.000476528732884613
US-natural/rnn-mae-0.001-s43,rnn,base,43,mae,0.001,22,0.020450437373858318,0.015660355231003214,0.0006853675556858056,0.0004467108783686504
US-natural/rnn-mae-0.001-s43,rnn,base,43,mae,0.001,23,0.023823285567417935,0.018828776711351025,0.0008729436552203749,0.0005930557934126264
US-natural/rnn-mae-0.001-s43,rnn,base,43,mae,0.001,24,0.026673357132695533,0.02306993837046983,0.0010176715255451213,0.0008291092275849911
US-natural/rnn-mae-0.001-s43,rnn,base,43,mae,0.001,25,0.02430809513768356,0.02111222475294436,0.0008928467839908711,0.0007432974613446711
US-natural/rnn-mae-0.001-s43,rnn,base,43,mae,0.001,26,0.021405350599498305,0.015878590010734005,0.000824707828903879,0.000415409696776001
US-natural/rnn-mae-0.001-s43,rnn,base,43,mae,0.001,27,0.0157533308002508,0.018438557152567474,0.0004687781808045557,0.0005143415271557571
US-natural/rnn-mae-0.001-s43,rnn,base,43,mae,0.001,28,0.01462331444176667,0.016304050143135948,0.00043333949058796064,0.00044473062078184797
US-natural/rnn-mae-0.001-s43,rnn,base,43,mae,0.001,29,0.014021826439595797,0.016777863399394858,0.00041222420631712575,0.0004905775513711539
US-natural/rnn-mae-0.001-s43,rnn,base,43,mae,0.001,30,0.01424050901257779,0.0159345945909943,0.00039858326938177295,0.00045304783355138356
US-natural/rnn-mae-0.001-s44,rnn,base,44,mae,0.001,1,0.16306857041049164,0.08078879116482128,0.045949694040142576,0.008237713441166562
US-natural/rnn-mae-0.001-s44,rnn,base,44,mae,0.001,2,0.046217372523646466,0.08199332110651535,0.0035574552043550985,0.00859466587696973
US-natural/rnn-mae-0.001-s44,rnn,base,44,mae,0.001,3,0.05457954119198939,0.03740880933892563,0.004706130002717114,0.0018868716966535975
US-natural/rnn-mae-0.001-s44,rnn,base,44,mae,0.001,4,0.0317359060106267,0.028138204533905663,0.0017383032701745263,0.0011223896873037978
US-natural/rnn-mae-0.001-s44,rnn,base,44,mae,0.001,5,0.036844968275140305,0.023205359661727824,0.0020340428372373027,0.0008151931117239721
US-natural/rnn-mae-0.001-s44,rnn,base,44,mae,0.001,6,0.025014586499997195,0.024810185551728883,0.001031473562174459,0.0009106881960600802
US-natural/rnn-mae-0.001-s44,rnn,base,44,mae,0.001,7,0.025849150394781046,0.02111816850278191,0.0010528447034579978,0.0006743826889895091
US-natural/rnn-mae-0.001-s44,rnn,base,44,mae,0.001,8,0.022386883651748114,0.02175164392719861,0.0008035069244336001,0.0007570437294749149
US-natural/rnn-mae-0.001-s44,rnn,base,44,mae,0.001,9,0.021160519595311632,0.019083571135553423,0.00075298517994486,0.0006318898590786462
US-natural/rnn-mae-0.001-s44,rnn,base,44,mae,0.001,10,0.02062456904137943,0.017549668324269158,0.000745810586134755,0.000506823380645992
US-natural/rnn-mae-0.001-s44,rnn,base,44,mae,0.001,11,0.02044796127105737,0.021961492063102276,0.0007103799397974437,0.0007133615556633602
US-natural/rnn-mae-0.001-s44,rnn,base,44,mae,0.001,12,0.025405603767922263,0.015842744581570797,0.0010212999740475699,0.0004514254277754004
US-natural/rnn-mae-0.001-s44,rnn,base,44,mae,0.001,13,0.022720633234264605,0.02008486981559224,0.0008726083220192806,0.0006808146550249325
US-natural/rnn-mae-0.001-s44,rnn,base,44,mae,0.001,14,0.019426347573205976,0.016595045257999666,0.0006388779698234167,0.0004891779229573535
US-natural/rnn-mae-0.001-s44,rnn,base,44,mae,0.001,15,0.01654712589378826,0.015550436955680105,0.0005248498266304624,0.0004459862492092048
US-natural/rnn-mae-0.001-s44,rnn,base,44,mae,0.001,16,0.016646502184150064,0.018550373277087334,0.0005070904078565065,0.0005480144742080524
US-natural/rnn-mae-0.001-s44,rnn,base,44,mae,0.001,17,0.01750574842997089,0.015580808084856861,0.0006734779517413146,0.00043436194701365475
US-natural/rnn-mae-0.001-s44,rnn,base,44,mae,0.001,18,0.018625969856289053,0.01587858754849303,0.0006796335429309162,0.0004951051817767202
US-natural/rnn-mae-0.001-s44,rnn,base,44,mae,0.001,19,0.01787925601591196,0.015862099270342975,0.0006114054162017086,0.00042671962702467176
US-natural/rnn-mae-0.001-s44,rnn,base,44,mae,0.001,20,0.018986570251472656,0.015559913760283013,0.0007085281161125314,0.0004411833532828281
US-natural/rnn-mae-0.001-s44,rnn,base,44,mae,0.001,21,0.018039430600615875,0.01925374364075179,0.0005708463608893992,0.0006130302212163928
US-natural/rnn-mae-0.001-s44,rnn,base,44,mae,0.001,22,0.02381833988267966,0.01862936913534408,0.0008824894503946928,0.0005543843980453369
US-natural/rnn-mae-0.001-s44,rnn,base,44,mae,0.001,23,0.0215284588181105,0.01856605463495836,0.0007527102983662584,0.0005689860361174296
US-natural/rnn-mae-0.001-s44,rnn,base,44,mae,0.001,24,0.017153910904691292,0.01752923884956252,0.0006243060791880038,0.0005393836310257426
US-natural/rnn-mae-0.001-s44,rnn,base,44,mae,0.001,25,0.015939980181898964,0.021412930641558803,0.000534443127742846,0.0007241489768659204
US-natural/rnn-mae-0.001-s44,rnn,base,44,mae,0.001,26,0.01772311385268991,0.018694761971628334,0.0005289982910136292,0.0005616155726863498
US-natural/rnn-mae-0.001-s44,rnn,base,44,mae,0.001,27,0.018609308466404077,0.01965945373540123,0.0006185836387295116,0.0006204098355326954
US-natural/rnn-mae-0.001-s44,rnn,base,44,mae,0.001,28,0.015820916151904545,0.014625768958423675,0.0004911388377194602,0.00040795765096022623
US-natural/rnn-mae-0.001-s44,rnn,base,44,mae,0.001,29,0.01512349476438038,0.014570928402415835,0.00045310165489824904,0.00037807699658589343
US-natural/rnn-mae-0.001-s44,rnn,base,44,mae,0.001,30,0.015036211443513515,0.015254338016372998,0.00045116212947947403,0.0004162910485868636
US-natural/rnn-huber-0.0001-s42,rnn,base,42,huber,0.0001,1,0.17353418497470652,0.1085778387466228,0.05007304558016445,0.021898698531356908
US-natural/rnn-huber-0.0001-s42,rnn,base,42,huber,0.0001,2,0.08910927421175074,0.12261719280027818,0.0138122922626021,0.01886963115719865
US-natural/rnn-huber-0.0001-s42,rnn,base,42,huber,0.0001,3,0.07860864168720207,0.08081404704952538,0.009038537338439553,0.011384149410664877
US-natural/rnn-huber-0.0001-s42,rnn,base,42,huber,0.0001,4,0.061204177813254296,0.08130395187767815,0.006429311520821405,0.010434700792560118
US-natural/rnn-huber-0.0001-s42,rnn,base,42,huber,0.0001,5,0.05365453711704037,0.06801419623167215,0.005024664740288765,0.00820478016440857
US-natural/rnn-huber-0.0001-s42,rnn,base,42,huber,0.0001,6,0.053407239530780574,0.08027091741726344,0.0045228393120112405,0.00911158558766718
US-natural/rnn-huber-0.0001-s42,rnn,base,42,huber,0.0001,7,0.0420887894195578,0.07858100210794776,0.00341725976285849,0.00838945721514956
US-natural/rnn-huber-0.0001-s42,rnn,base,42,huber,0.0001,8,0.04001648594271564,0.06804460590231909,0.0030809491727689636,0.006800495980124261
US-natural/rnn-huber-0.0001-s42,rnn,base,42,huber,0.0001,9,0.03486324193770222,0.06437339199663289,0.0024134084812539526,0.006044588543244621
US-natural/rnn-huber-0.0001-s42,rnn,base,42,huber,0.0001,10,0.0331192326777089,0.06608283857378495,0.00221184815598135,0.005924790204131175
US-natural/rnn-huber-0.0001-s42,rnn,base,42,huber,0.0001,11,0.02905281923725738,0.06731356513699578,0.0016742235529157074,0.006047526178210844
US-natural/rnn-huber-0.0001-s42,rnn,base,42,huber,0.0001,12,0.030658065347483925,0.07829508049301008,0.0018494632542524027,0.007625674232970284
US-natural/rnn-huber-0.0001-s42,rnn,base,42,huber,0.0001,13,0.03340548138334339,0.07138737945429727,0.001816091594573683,0.0062682233798195645
US-natural/rnn-huber-0.0001-s42,rnn,base,42,huber,0.0001,14,0.03258554746556002,0.0691884499861894,0.0017319345611018961,0.005894310296856199
US-natural/rnn-huber-0.0001-s42,rnn,base,42,huber,0.0001,15,0.026799456126991,0.04847065366763762,0.001344583098323909,0.0033420670313830682
US-natural/rnn-huber-0.0001-s42,rnn,base,42,huber,0.0001,16,0.022810885664457096,0.0433306700185356,0.0009972480733960076,0.0029753368472636966
US-natural/rnn-huber-0.0001-s42,rnn,base,42,huber,0.0001,17,0.024598119573686038,0.03877517009901212,0.0010557120297024847,0.0022219885666918448
US-natural/rnn-huber-0.0001-s42,rnn,base,42,huber,0.0001,18,0.021676632041252027,0.03941289496162852,0.0008782060174452212,0.0021848683102928036
US-natural/rnn-huber-0.0001-s42,rnn,base,42,huber,0.0001,19,0.02669075725232797,0.03176874256784284,0.0010995038357613637,0.0016549283555991495
US-natural/rnn-huber-0.0001-s42,rnn,base,42,huber,0.0001,20,0.028652447377599574,0.02925784067259704,0.0013104049304894525,0.0013990714651133838
US-natural/rnn-huber-0.0001-s42,rnn,base,42,huber,0.0001,21,0.02552841631914148,0.045228998734772846,0.0010410068102165097,0.002721133691094968
US-natural/rnn-huber-0.0001-s42,rnn,base,42,huber,0.0001,22,0.01974643948160109,0.035905770513293536,0.0006717000236380255,0.002163957913994777
US-natural/rnn-huber-0.0001-s42,rnn,base,42,huber,0.0001,23,0.019283953741701998,0.04470061274964334,0.0006633028032132858,0.0027682399286984116
US-natural/rnn-huber-0.0001-s42,rnn,base,42,huber,0.0001,24,0.019199820021906146,0.040655310618507974,0.0006800024633383543,0.0024878849315667323
US-natural/rnn-huber-0.0001-s42,rnn,base,42,huber,0.0001,25,0.01779297948835591,0.03405221401645271,0.0006082751054048477,0.0017694905742578237
US-natural/rnn-huber-0.0001-s42,rnn,base,42,huber,0.0001,26,0.017653340239134053,0.04850759813137263,0.0006047859728813546,0.0032875558352210925
US-natural/rnn-huber-0.0001-s42,rnn,base,42,huber,0.0001,27,0.017073327527630234,0.037296403703258374,0.0005786250506602193,0.0021178881646492895
US-natural/rnn-huber-0.0001-s42,rnn,base,42,huber,0.0001,28,0.018644467937816038,0.04978419872494753,0.0006206320866959804,0.0033478659167754123
US-natural/rnn-huber-0.0001-s42,rnn,base,42,huber,0.0001,29,0.02175890238822348,0.029447684462665494,0.0007791066426118173,0.0014050179028238972
US-natural/rnn-huber-0.0001-s42,rnn,base,42,huber,0.0001,30,0.02362434266240039,0.02940900539058597,0.0008577831806807929,0.0013132579101328076
US-natural/rnn-huber-0.0001-s43,rnn,base,43,huber,0.0001,1,0.40840476921354313,0.13297771022764926,0.19423824516542199,0.02660039285885588
US-natural/rnn-huber-0.0001-s43,rnn,base,43,huber,0.0001,2,0.11698316104319871,0.12912285569131943,0.02176150642377539,0.02240344907872954
US-natural/rnn-huber-0.0001-s43,rnn,base,43,huber,0.0001,3,0.11831390695518866,0.10647160228118226,0.023065114390341895,0.01644512024842904
US-natural/rnn-huber-0.0001-s43,rnn,base,43,huber,0.0001,4,0.11090104703492375,0.09775673804211756,0.016453060074498854,0.013973269869228306
US-natural/rnn-huber-0.0001-s43,rnn,base,43,huber,0.0001,5,0.11164519879789354,0.08995995673583307,0.019627532378442916,0.011996155172511703
US-natural/rnn-huber-0.0001-s43,rnn,base,43,huber,0.0001,6,0.08356129337131053,0.0838077752421216,0.01044037553507936,0.010138929463809239
US-natural/rnn-huber-0.0001-s43,rnn,base,43,huber,0.0001,7,0.07273956768164977,0.0728789971894463,0.008246042256962408,0.007995917366357436
US-natural/rnn-huber-0.0001-s43,rnn,base,43,huber,0.0001,8,0.06099502249152514,0.06832832023908007,0.006282508196878379,0.006889867223862002
US-natural/rnn-huber-0.0001-s43,rnn,base,43,huber,0.0001,9,0.06976704056211046,0.05914219130979286,0.006673197698121131,0.005472000609672987
US-natural/rnn-huber-0.0001-s43,rnn,base,43,huber,0.0001,10,0.06284652419692624,0.06272647238418232,0.005815527429639571,0.005951818884120097
US-natural/rnn-huber-0.0001-s43,rnn,base,43,huber,0.0001,11,0.04684465165846146,0.056422504866474155,0.003367515925190997,0.004856720370370148
US-natural/rnn-huber-0.0001-s43,rnn,base,43,huber,0.0001,12,0.03842720993583412,0.057559909824763944,0.002672266167874469,0.00524270189200056
US-natural/rnn-huber-0.0001-s43,rnn,base,43,huber,0.0001,13,0.03441836006477796,0.04151426758928289,0.0019435155881560198,0.0029788702017496216
US-natural/rnn-huber-0.0001-s43,rnn,base,43,huber,0.0001,14,0.03332536975073482,0.040264905140739334,0.0017599964477149443,0.0028550506291942107
US-natural/rnn-huber-0.0001-s43,rnn,base,43,huber,0.0001,15,0.034689888852175645,0.050630347824974914,0.001912290880513215,0.00397019746931711
US-natural/rnn-huber-0.0001-s43,rnn,base,43,huber,0.0001,16,0.025364228697479688,0.047305197014898805,0.0011716419635689802,0.0035235021865006296
US-natural/rnn-huber-0.0001-s43,rnn,base,43,huber,0.0001,17,0.024026138735529345,0.03645066945362872,0.0010132358030155765,0.002383691018639793
US-natural/rnn-huber-0.0001-s43,rnn,base,43,huber,0.0001,18,0.022319825954493132,0.04116731841351316,0.0009030957304958467,0.002848205065260108
US-natural/rnn-huber-0.0001-s43,rnn,base,43,huber,0.0001,19,0.02108192204873523,0.04253331104974714,0.0008104206970557544,0.0028297884516006065
US-natural/rnn-huber-0.0001-s43,rnn,base,43,huber,0.0001,20,0.023099007933148757,0.04538641396784377,0.0009381363871574125,0.003109767638382683
US-natural/rnn-huber-0.0001-s43,rnn,base,43,huber,0.0001,21,0.022026362689750632,0.03839660959690457,0.0008277500479336475,0.002452717812249831
US-natural/rnn-huber-0.0001-s43,rnn,base,43,huber,0.0001,22,0.018952532101403637,0.04116072134278119,0.0007073114341331373,0.0025861963621353875
US-natural/rnn-huber-0.0001-s43,rnn,base,43,huber,0.0001,23,0.01924982473069796,0.04831846040524413,0.000665065733929634,0.00327468870330471
US-natural/rnn-huber-0.0001-s43,rnn,base,43,huber,0.0001,24,0.019646129562115082,0.03463365063406264,0.0006996302528275821,0.002020030432539511
US-natural/rnn-huber-0.0001-s43,rnn,base,43,huber,0.0001,25,0.01693487898864903,0.0331508275564629,0.0005499265975939877,0.00193280240902004
US-natural/rnn-huber-0.0001-s43,rnn,base,43,huber,0.0001,26,0.017998641498260373,0.03772996908046123,0.000604990142190711,0.0022873290326480347
US-natural/rnn-huber-0.0001-s43,rnn,base,43,huber,0.0001,27,0.01588463466744692,0.03241398213285363,0.0005085357966612001,0.0018522876542826944
US-natural/rnn-huber-0.0001-s43,rnn,base,43,huber,0.0001,28,0.018743226272130625,0.03158261638094415,0.0006363036604915751,0.0018222524948045228
US-natural/rnn-huber-0.0001-s43,rnn,base,43,huber,0.0001,29,0.01991182344176964,0.033976018240922355,0.0007178215220413483,0.0019820773998516063
US-natural/rnn-huber-0.0001-s43,rnn,base,43,huber,0.0001,30,0.015791144698910308,0.03424991347654013,0.0005298612639012591,0.0019631383153790134
US-natural/rnn-huber-0.0001-s44,rnn,base,44,huber,0.0001,1,0.22393022288485614,0.11331617404728161,0.07468205519790046,0.02059825089797034
US-natural/rnn-huber-0.0001-s44,rnn,base,44,huber,0.0001,2,0.12269889291482636,0.09667403417638068,0.021869630124223955,0.016362493035921976
US-natural/rnn-huber-0.0001-s44,rnn,base,44,huber,0.0001,3,0.0856755482339612,0.06148274387948583,0.010457000686892674,0.006562047392115554
US-natural/rnn-huber-0.0001-s44,rnn,base,44,huber,0.0001,4,0.05292466520110297,0.043231742332082226,0.004525512026128599,0.003574785783770287
US-natural/rnn-huber-0.0001-s44,rnn,base,44,huber,0.0001,5,0.03134439058440328,0.03422938135441291,0.0018917152625682525,0.0022254210289761682
US-natural/rnn-huber-0.0001-s44,rnn,base,44,huber,0.0001,6,0.029234568099345944,0.03394895063279085,0.0015647122692661357,0.001849843622631916
US-natural/rnn-huber-0.0001-s44,rnn,base,44,huber,0.0001,7,0.026567700426168465,0.03518725842022455,0.0012846703709417735,0.0017852997265688044
US-natural/rnn-huber-0.0001-s44,rnn,base,44,huber,0.0001,8,0.024448067106441342,0.034374574337439276,0.0010913059970344837,0.0016283404027607764
US-natural/rnn-huber-0.0001-s44,rnn,base,44,huber,0.0001,9,0.02178503898779337,0.01909214684061739,0.0008950231895725921,0.0006193338162779687
US-natural/rnn-huber-0.0001-s44,rnn,base,44,huber,0.0001,10,0.021600385778898806,0.018720766012892118,0.0008247598563182652,0.000598939828530739
US-natural/rnn-huber-0.0001-s44,rnn,base,44,huber,0.0001,11,0.020495142479097273,0.027939735628031547,0.0007450361161699541,0.001144081802510423
US-natural/rnn-huber-0.0001-s44,rnn,base,44,huber,0.0001,12,0.020534233854357358,0.02175064938997854,0.0007394476310895666,0.0008099284765979658
US-natural/rnn-huber-0.0001-s44,rnn,base,44,huber,0.0001,13,0.021280826951373476,0.018543015736672497,0.0007621923911379828,0.0006081916200919038
US-natural/rnn-huber-0.0001-s44,rnn,base,44,huber,0.0001,14,0.019683945667441756,0.018700619165785345,0.0007562002572225749,0.0005972159069151228
US-natural/rnn-huber-0.0001-s44,rnn,base,44,huber,0.0001,15,0.01900820457492106,0.01903003772077197,0.0006403223065429513,0.0006404113493729284
US-natural/rnn-huber-0.0001-s44,rnn,base,44,huber,0.0001,16,0.01821555061072257,0.02206366304072229,0.0006359072582861015,0.0007953514341486047
US-natural/rnn-huber-0.0001-s44,rnn,base,44,huber,0.0001,17,0.018546812500305262,0.018581519743209544,0.0006678128920198361,0.0006082484562122365
US-natural/rnn-huber-0.0001-s44,rnn,base,44,huber,0.0001,18,0.016465910077788783,0.021161640762809256,0.0005457987568771244,0.0007269277141946353
US-natural/rnn-huber-0.0001-s44,rnn,base,44,huber,0.0001,19,0.01720633705166406,0.018511105191490077,0.0005710963504780703,0.0006052736578308396
US-natural/rnn-huber-0.0001-s44,rnn,base,44,huber,0.0001,20,0.016740226812395616,0.01846814355252587,0.0005535824717244304,0.000591244066657129
US-natural/rnn-huber-0.0001-s44,rnn,base,44,huber,0.0001,21,0.01625102392384628,0.01921643498750737,0.0005258950684027322,0.0006285934291318672
US-natural/rnn-huber-0.0001-s44,rnn,base,44,huber,0.0001,22,0.016495717295608208,0.01950325175572797,0.0005464006641216427,0.0006552200272592683
US-natural/rnn-huber-0.0001-s44,rnn,base,44,huber,0.0001,23,0.017319974087349317,0.020410983341226315,0.0005765100421685004,0.0006891668565521911
US-natural/rnn-huber-0.0001-s44,rnn,base,44,huber,0.0001,24,0.01769980253449708,0.019417723018507495,0.000558859338430154,0.0006329422789690921
US-natural/rnn-huber-0.0001-s44,rnn,base,44,huber,0.0001,25,0.0160500639714096,0.02135789936002744,0.0004990422154302048,0.00075105137098439
US-natural/rnn-huber-0.0001-s44,rnn,base,44,huber,0.0001,26,0.0181321843649795,0.027041323096349497,0.0005684935035819518,0.0010702517997633928
US-natural/rnn-huber-0.0001-s44,rnn,base,44,huber,0.0001,27,0.01875537043280383,0.01893853792924784,0.0006216662404911745,0.0006148282232438122
US-natural/rnn-huber-0.0001-s44,rnn,base,44,huber,0.0001,28,0.015198391191311618,0.020563863281374554,0.00046681063335063334,0.0007212893081747525
US-natural/rnn-huber-0.0001-s44,rnn,base,44,huber,0.0001,29,0.015482552851249227,0.022240268901194227,0.00047479380995202276,0.0007954336907071584
US-natural/rnn-huber-0.0001-s44,rnn,base,44,huber,0.0001,30,0.01571722692902618,0.01948443430441115,0.0004740163222459323,0.0006328967448659839
US-natural/rnn-huber-0.001-s42,rnn,base,42,huber,0.001,1,0.18209318232280466,0.06802639342750302,0.05289334051270796,0.006756345650049167
US-natural/rnn-huber-0.001-s42,rnn,base,42,huber,0.001,2,0.07067618479934785,0.10210294615398352,0.010207722885491889,0.015658550572075287
US-natural/rnn-huber-0.001-s42,rnn,base,42,huber,0.001,3,0.0902496851120027,0.031403898264742255,0.012386786860069365,0.0014875967272489701
US-natural/rnn-huber-0.001-s42,rnn,base,42,huber,0.001,4,0.08010050056960674,0.023649342478099352,0.00882093944922041,0.0008149936432862827
US-natural/rnn-huber-0.001-s42,rnn,base,42,huber,0.001,5,0.03543116971861215,0.02431877487748556,0.002321308804285356,0.0010677272700840795
US-natural/rnn-huber-0.001-s42,rnn,base,42,huber,0.001,6,0.03286834824199051,0.05757590459413672,0.0020795937325288087,0.004163775202467794
US-natural/rnn-huber-0.001-s42,rnn,base,42,huber,0.001,7,0.045149083199710636,0.04484387437701612,0.0030173404075677615,0.002567919723453452
US-natural/rnn-huber-0.001-s42,rnn,base,42,huber,0.001,8,0.03487243701952334,0.020603994298979193,0.002031852862287562,0.0007200666552249297
US-natural/rnn-huber-0.001-s42,rnn,base,42,huber,0.001,9,0.03750507586439828,0.05246601708888731,0.0018859211932940032,0.003656367524861949
US-natural/rnn-huber-0.001-s42,rnn,base,42,huber,0.001,10,0.043316926536486375,0.02319656372876455,0.0025884712902699246,0.0008297016049813528
US-natural/rnn-huber-0.001-s42,rnn,base,42,huber,0.001,11,0.03376946135034189,0.03675471034089085,0.0017533744591092114,0.0018063658497957204
US-natural/rnn-huber-0.001-s42,rnn,base,42,huber,0.001,12,0.029762799339239938,0.023099572125972537,0.0015170695592434534,0.0008032096901047316
US-natural/rnn-huber-0.001-s42,rnn,base,42,huber,0.001,13,0.03096665306451507,0.02739309167544699,0.0013228482804412472,0.0011039323811987925
US-natural/rnn-huber-0.001-s42,rnn,base,42,huber,0.001,14,0.022081216147097373,0.022882832617419475,0.000830792878525324,0.0009043901546038737
US-natural/rnn-huber-0.001-s42,rnn,base,42,huber,0.001,15,0.025892437818121367,0.02274089999953345,0.0010771793324114958,0.0008191128031826496
US-natural/rnn-huber-0.001-s42,rnn,base,42,huber,0.001,16,0.020381819451157086,0.017461293525261205,0.0006948382763800899,0.0005103568944130727
US-natural/rnn-huber-0.001-s42,rnn,base,42,huber,0.001,17,0.019316090473034706,0.02131132240576592,0.0006871987339887046,0.0007734717620766697
US-natural/rnn-huber-0.001-s42,rnn,base,42,huber,0.001,18,0.02227507953858502,0.02199212754153879,0.0007921868445942555,0.0008327389749833321
US-natural/rnn-huber-0.001-s42,rnn,base,42,huber,0.001,19,0.018780500808506455,0.02432473588844679,0.0006557016122411742,0.000875261570330756
US-natural/rnn-huber-0.001-s42,rnn,base,42,huber,0.001,20,0.01951808574596466,0.01879677051127066,0.0006705608326176656,0.0006051806127205666
US-natural/rnn-huber-0.001-s42,rnn,base,42,huber,0.001,21,0.02010847128905708,0.021002337202772295,0.0006723992288653228,0.0006953626226149008
US-natural/rnn-huber-0.001-s42,rnn,base,42,huber,0.001,22,0.01951804781947711,0.01697550732176462,0.0006560211426940626,0.0004977919231869553
US-natural/rnn-huber-0.001-s42,rnn,base,42,huber,0.001,23,0.016488020678355437,0.018870464458452866,0.0004973001310210007,0.0005677399191790433
US-natural/rnn-huber-0.001-s42,rnn,base,42,huber,0.001,24,0.019682423083359612,0.01731461924983923,0.0006783301820074416,0.0004932882910072561
US-natural/rnn-huber-0.001-s42,rnn,base,42,huber,0.001,25,0.01891236363937873,0.01800599980968703,0.0005699363056026867,0.0005374820509109229
US-natural/rnn-huber-0.001-s42,rnn,base,42,huber,0.001,26,0.01738891170763885,0.019534989795625506,0.0005448971578592529,0.0006213515009710957
US-natural/rnn-huber-0.001-s42,rnn,base,42,huber,0.001,27,0.016526441634971162,0.018293372837979674,0.0005080947556991888,0.0005335890201890955
US-natural/rnn-huber-0.001-s42,rnn,base,42,huber,0.001,28,0.017616246769746838,0.022412938781881046,0.0005788163576354577,0.0007960567350007833
US-natural/rnn-huber-0.001-s42,rnn,base,42,huber,0.001,29,0.023047097130790475,0.02955642932996906,0.0008611075175825096,0.0011667335719061608
US-natural/rnn-huber-0.001-s42,rnn,base,42,huber,0.001,30,0.02136947653621929,0.02293413927656559,0.000742956946263992,0.0007828753217868699
US-natural/rnn-huber-0.001-s43,rnn,base,43,huber,0.001,1,0.14497516700365234,0.08674489192036923,0.044354847668593274,0.01693154813351908
US-natural/rnn-huber-0.001-s43,rnn,base,43,huber,0.001,2,0.1432979794816047,0.07583315470403744,0.0297661352388346,0.008122747297312626
US-natural/rnn-huber-0.001-s43,rnn,base,43,huber,0.001,3,0.04484603951735591,0.03741079258421272,0.003365922493459948,0.0022636812150079065
US-natural/rnn-huber-0.001-s43,rnn,base,43,huber,0.001,4,0.050923537652166714,0.06821806871169381,0.0041875617028084055,0.0057114353442073214
US-natural/rnn-huber-0.001-s43,rnn,base,43,huber,0.001,5,0.05277886258966222,0.038969951439951536,0.004693999670262548,0.002229212664788042
US-natural/rnn-huber-0.001-s43,rnn,base,43,huber,0.001,6,0.03433662084191594,0.061689024734863596,0.0019887767354281913,0.005119939548336447
US-natural/rnn-huber-0.001-s43,rnn,base,43,huber,0.001,7,0.04124067573130585,0.05008622417020658,0.0024480641868500973,0.003606431139364275
US-natural/rnn-huber-0.001-s43,rnn,base,43,huber,0.001,8,0.033884971113753236,0.023079113229644652,0.0018197933140508436,0.0008681834451512886
US-natural/rnn-huber-0.001-s43,rnn,base,43,huber,0.001,9,0.024196679193361936,0.02408441797714944,0.0010114265646727627,0.001007671733765945
US-natural/rnn-huber-0.001-s43,rnn,base,43,huber,0.001,10,0.028809234456559057,0.03357520738932146,0.0013338608163340592,0.0015251086060473228
US-natural/rnn-huber-0.001-s43,rnn,base,43,huber,0.001,11,0.03046985242945728,0.030223057717915537,0.0014284127189921896,0.0013607587881235197
US-natural/rnn-huber-0.001-s43,rnn,base,43,huber,0.001,12,0.03019440934011223,0.03782734679155361,0.001523084973745959,0.0020594389199445288
US-natural/rnn-huber-0.001-s43,rnn,base,43,huber,0.001,13,0.03751381657283266,0.024844979500008624,0.0021351178812748215,0.0010874622021847845
US-natural/rnn-huber-0.001-s43,rnn,base,43,huber,0.001,14,0.030578514227713717,0.022342657335021752,0.0014372766721097616,0.0008442260816824848
US-natural/rnn-huber-0.001-s43,rnn,base,43,huber,0.001,15,0.026430851094692894,0.027507559835602685,0.0011786588063143174,0.0011100178021300959
US-natural/rnn-huber-0.001-s43,rnn,base,43,huber,0.001,16,0.021620162364145844,0.027155723009113217,0.0006990103747788728,0.0010909425696643714
US-natural/rnn-huber-0.001-s43,rnn,base,43,huber,0.001,17,0.026762931462194498,0.016056188636676797,0.001096403476718476,0.00044215660475823364
US-natural/rnn-huber-0.001-s43,rnn,base,43,huber,0.001,18,0.01773776178692411,0.020162254306027697,0.0005781773008289642,0.0006585665862989332
US-natural/rnn-huber-0.001-s43,rnn,base,43,huber,0.001,19,0.019638993097248182,0.022762552059462194,0.0006686776918824351,0.000782706208794283
US-natural/rnn-huber-0.001-s43,rnn,base,43,huber,0.001,20,0.020651321225952316,0.02086937232228689,0.0007015313542596546,0.0006648394587923601
US-natural/rnn-huber-0.001-s43,rnn,base,43,huber,0.001,21,0.024512329118392646,0.021157983145156583,0.000936494916490792,0.000810316377630123
US-natural/rnn-huber-0.001-s43,rnn,base,43,huber,0.001,22,0.021879264651731154,0.020632040467096074,0.0008343684522661371,0.0007265361529755893
US-natural/rnn-huber-0.001-s43,rnn,base,43,huber,0.001,23,0.021234300917254003,0.02213349244850786,0.0007914320257876267,0.0008127743106015154
US-natural/rnn-huber-0.001-s43,rnn,base,43,huber,0.001,24,0.018572881014159902,0.023220354781103913,0.0006111742803128784,0.0008363422842388794
US-natural/rnn-huber-0.001-s43,rnn,base,43,huber,0.001,25,0.02111440100429711,0.018845195241773326,0.0007203768594799815,0.0005511061121883866
US-natural/rnn-huber-0.001-s43,rnn,base,43,huber,0.001,26,0.018443416860392425,0.018211476249070893,0.000599537143246083,0.0005216989076976329
US-natural/rnn-huber-0.001-s43,rnn,base,43,huber,0.001,27,0.01686783441085902,0.023880585599432715,0.0005303659588897707,0.0008265264883940877
US-natural/rnn-huber-0.001-s43,rnn,base,43,huber,0.001,28,0.017953536938434475,0.02494753901322089,0.0005581918079223964,0.0008617584569623178
US-natural/rnn-huber-0.001-s43,rnn,base,43,huber,0.001,29,0.01676782499480616,0.015690430266795556,0.0004923220808827457,0.00042292811242066673
US-natural/rnn-huber-0.001-s43,rnn,base,43,huber,0.001,30,0.014037099513126464,0.016290088983839584,0.000390528296250081,0.0004453637167526153
US-natural/rnn-huber-0.001-s44,rnn,base,44,huber,0.001,1,0.1702081081193268,0.08403883176303494,0.04936851424702279,0.009017998019219908
US-natural/rnn-huber-0.001-s44,rnn,base,44,huber,0.001,2,0.04977502579294839,0.06455997652117412,0.004093910748180647,0.005291472990677769
US-natural/rnn-huber-0.001-s44,rnn,base,44,huber,0.001,3,0.03719042917822919,0.026860291419183516,0.0023292323319986765,0.001147667326376057
US-natural/rnn-huber-0.001-s44,rnn,base,44,huber,0.001,4,0.026097260578457643,0.020389694134815443,0.0011947454801983113,0.0006713122718070216
US-natural/rnn-huber-0.001-s44,rnn,base,44,huber,0.001,5,0.02077527382216133,0.016848945849810205,0.0007024225389777589,0.0005122661530393785
US-natural/rnn-huber-0.001-s44,rnn,base,44,huber,0.001,6,0.019711152659720746,0.020325943157681194,0.0007398827817890533,0.0006986114111606243
US-natural/rnn-huber-0.001-s44,rnn,base,44,huber,0.001,7,0.021230375306071938,0.0227199883591385,0.0007955522816285277,0.0007622734457414375
US-natural/rnn-huber-0.001-s44,rnn,base,44,huber,0.001,8,0.025419308881671914,0.03046199483368836,0.0011980516099343594,0.0013314571231010871
US-natural/rnn-huber-0.001-s44,rnn,base,44,huber,0.001,9,0.01952251186974331,0.01622933241882685,0.0006875521113102272,0.00047262884522126
US-natural/rnn-huber-0.001-s44,rnn,base,44,huber,0.001,10,0.02002493869577615,0.025044307634020106,0.0006814553756311138,0.0009554940675156369
US-natural/rnn-huber-0.001-s44,rnn,base,44,huber,0.001,11,0.021781117404981454,0.02044270843515491,0.0009089522914157612,0.0006606821133205508
US-natural/rnn-huber-0.001-s44,rnn,base,44,huber,0.001,12,0.02722778091225207,0.018159854256782248,0.0012030152830409004,0.0005870082116282341
US-natural/rnn-huber-0.001-s44,rnn,base,44,huber,0.001,13,0.021222248583804063,0.016660373838916095,0.0008491396484796071,0.0004874047552865402
US-natural/rnn-huber-0.001-s44,rnn,base,44,huber,0.001,14,0.017419731526500348,0.01741658774099748,0.000592613673704343,0.0005498254787063239
US-natural/rnn-huber-0.001-s44,rnn,base,44,huber,0.001,15,0.016367620501578965,0.015278978430445133,0.000566602579453894,0.00041229869305571564
US-natural/rnn-huber-0.001-s44,rnn,base,44,huber,0.001,16,0.01880573166200831,0.015363826423371767,0.000602856963806584,0.00046269427590223496
US-natural/rnn-huber-0.001-s44,rnn,base,44,huber,0.001,17,0.015630387244516597,0.016723423093663405,0.0005119683259152571,0.0004972857637336145
US-natural/rnn-huber-0.001-s44,rnn,base,44,huber,0.001,18,0.017776353174076095,0.016436122726734972,0.0006230461710686418,0.00048077958519212704
US-natural/rnn-huber-0.001-s44,rnn,base,44,huber,0.001,19,0.016249254459506025,0.015991491541816675,0.0004844209438648562,0.0004741479739652531
US-natural/rnn-huber-0.001-s44,rnn,base,44,huber,0.001,20,0.015366694273658655,0.01545125403827298,0.000490359137085149,0.0004512555742169526
US-natural/rnn-huber-0.001-s44,rnn,base,44,huber,0.001,21,0.014638024814771706,0.015355490177092508,0.0004565304040973938,0.00041677231367887225
US-natural/rnn-huber-0.001-s44,rnn,base,44,huber,0.001,22,0.014537005753775673,0.018388149201980918,0.0004459642762106028,0.0005429651261246658
US-natural/rnn-huber-0.001-s44,rnn,base,44,huber,0.001,23,0.016607106796752043,0.018185675062708996,0.0004981941424640911,0.000518889412282128
US-natural/rnn-huber-0.001-s44,rnn,base,44,huber,0.001,24,0.018380395735416097,0.017702448883503044,0.0005511639187883466,0.0005186975527669724
US-natural/rnn-huber-0.001-s44,rnn,base,44,huber,0.001,25,0.02248578430420137,0.050225220915651986,0.000933922016279864,0.003122150730293068
US-natural/rnn-huber-0.001-s44,rnn,base,44,huber,0.001,26,0.028097333641831194,0.021991966063566782,0.0012201493574866531,0.000710102390078246
US-natural/rnn-huber-0.001-s44,rnn,base,44,huber,0.001,27,0.026654617911905494,0.017237446708658236,0.0012535212306979428,0.0004675513404358294
US-natural/rnn-huber-0.001-s44,rnn,base,44,huber,0.001,28,0.023717803065338078,0.01634854562838116,0.0009250886466159666,0.00045969362853199474
US-natural/rnn-huber-0.001-s44,rnn,base,44,huber,0.001,29,0.0158849254116223,0.016914252259982943,0.00047298108781210484,0.0004875478412219986
US-natural/rnn-huber-0.001-s44,rnn,base,44,huber,0.001,30,0.01903489386989093,0.01600393952640462,0.0006527228210633448,0.00043906490678536004
US-natural/lstm-mse-0.0001-s42,lstm,base,42,mse,0.0001,1,0.2365573286903451,0.08805729298129018,0.0932376584900141,0.01408412813998824
US-natural/lstm-mse-0.0001-s42,lstm,base,42,mse,0.0001,2,0.12038540073157929,0.12852322707245392,0.02243619364963465,0.024212694468576025
US-natural/lstm-mse-0.0001-s42,lstm,base,42,mse,0.0001,3,0.08859252042807443,0.07140440175301899,0.012042633959793065,0.008756890705675528
US-natural/lstm-mse-0.0001-s42,lstm,base,42,mse,0.0001,4,0.07824967982259402,0.06536101729176558,0.008927323200078765,0.008094147773244345
US-natural/lstm-mse-0.0001-s42,lstm,base,42,mse,0.0001,5,0.06266713579525136,0.06307219544640243,0.006259239869664464,0.007591424319461395
US-natural/lstm-mse-0.0001-s42,lstm,base,42,mse,0.0001,6,0.052571708803112537,0.06459113471948705,0.004861073369419187,0.007794787958541893
US-natural/lstm-mse-0.0001-s42,lstm,base,42,mse,0.0001,7,0.045844584420261,0.05551071590959859,0.0038469598421285106,0.005871882885934395
US-natural/lstm-mse-0.0001-s42,lstm,base,42,mse,0.0001,8,0.0470579534224228,0.051753625490946024,0.003453486899074882,0.00499867234207152
US-natural/lstm-mse-0.0001-s42,lstm,base,42,mse,0.0001,9,0.03736940330054164,0.05949547415451854,0.002751001960597484,0.006094488977014376
US-natural/lstm-mse-0.0001-s42,lstm,base,42,mse,0.0001,10,0.033468872537637896,0.04618428715231446,0.0021129538140777994,0.003764017621462901
US-natural/lstm-mse-0.0001-s42,lstm,base,42,mse,0.0001,11,0.035411067944484134,0.043912761258936915,0.0020154180011233676,0.003301623250525321
US-natural/lstm-mse-0.0001-s42,lstm,base,42,mse,0.0001,12,0.031032813977073304,0.043803102767407225,0.0017170734243350523,0.0032278531408744477
US-natural/lstm-mse-0.0001-s42,lstm,base,42,mse,0.0001,13,0.028070817689230605,0.040896865012224504,0.001351114982534244,0.0028046828730911516
US-natural/lstm-mse-0.0001-s42,lstm,base,42,mse,0.0001,14,0.026605772770818378,0.03945725380793306,0.001230994242866781,0.0025245910915423792
US-natural/lstm-mse-0.0001-s42,lstm,base,42,mse,0.0001,15,0.02512463966739481,0.03740352503206115,0.001054591871993344,0.002266516616729702
US-natural/lstm-mse-0.0001-s42,lstm,base,42,mse,0.0001,16,0.023417836017836063,0.03461028977121692,0.0009549897142405552,0.001951122397777857
US-natural/lstm-mse-0.0001-s42,lstm,base,42,mse,0.0001,17,0.024123429175829488,0.03836628737276707,0.000967889436303204,0.002321618919770341
US-natural/lstm-mse-0.0001-s42,lstm,base,42,mse,0.0001,18,0.022180576680352886,0.031358564919055,0.0008491320854896311,0.0016145142526337176
US-natural/lstm-mse-0.0001-s42,lstm,base,42,mse,0.0001,19,0.02232706711382954,0.03887264372025891,0.0008121502481162302,0.002329011627922067
US-natural/lstm-mse-0.0001-s42,lstm,base,42,mse,0.0001,20,0.0210474813428805,0.028201681759366833,0.0008136546615558777,0.0013082797007869637
US-natural/lstm-mse-0.0001-s42,lstm,base,42,mse,0.0001,21,0.02152962441489523,0.03651669421660183,0.0007616022610482578,0.0020789044326521605
US-natural/lstm-mse-0.0001-s42,lstm,base,42,mse,0.0001,22,0.021035537212120706,0.028392336255250884,0.0007506528245014789,0.0013461045757278067
US-natural/lstm-mse-0.0001-s42,lstm,base,42,mse,0.0001,23,0.020713864786992314,0.028035732033318213,0.0007434689916180967,0.001324424887721611
US-natural/lstm-mse-0.0001-s42,lstm,base,42,mse,0.0001,24,0.02028653701293032,0.030625629485714914,0.0006716210278572158,0.0015512121127405631
US-natural/lstm-mse-0.0001-s42,lstm,base,42,mse,0.0001,25,0.01905285962096343,0.027541382315407894,0.0006480465516217778,0.0012852468656577305
US-natural/lstm-mse-0.0001-s42,lstm,base,42,mse,0.0001,26,0.01864826309294196,0.032734734948317655,0.0006041298104699,0.0017133817269660457
US-natural/lstm-mse-0.0001-s42,lstm,base,42,mse,0.0001,27,0.018395079755031563,0.026095201770409547,0.0006221193726280673,0.0011454096369676488
US-natural/lstm-mse-0.0001-s42,lstm,base,42,mse,0.0001,28,0.018487719616822402,0.030361194894272546,0.0005922031144847851,0.0015166521071151664
US-natural/lstm-mse-0.0001-s42,lstm,base,42,mse,0.0001,29,0.018002628273215124,0.027827262480894142,0.0005774770122704334,0.001311817703493936
US-natural/lstm-mse-0.0001-s42,lstm,base,42,mse,0.0001,30,0.017845596996041026,0.029612579296963627,0.0005597340683548209,0.0014508280811917598
US-natural/lstm-mse-0.0001-s43,lstm,base,43,mse,0.0001,1,0.07928860918187625,0.05190835314155455,0.008707511726304394,0.0046515924398784795
US-natural/lstm-mse-0.0001-s43,lstm,base,43,mse,0.0001,2,0.06210409205179258,0.045073063304722695,0.005093040262051425,0.003630749442035419
US-natural/lstm-mse-0.0001-s43,lstm,base,43,mse,0.0001,3,0.05281650831575787,0.03942800072532032,0.0040859595927167335,0.0025942634867319285
US-natural/lstm-mse-0.0001-s43,lstm,base,43,mse,0.0001,4,0.03894211303162361,0.037624766200501605,0.002626502006958342,0.0022274943796499473
US-natural/lstm-mse-0.0001-s43,lstm,base,43,mse,0.0001,5,0.03804583324460547,0.03471303185794026,0.002114615131229535,0.001987976839728043
US-natural/lstm-mse-0.0001-s43,lstm,base,43,mse,0.0001,6,0.029879698522643043,0.031936248351544586,0.0015813508316282086,0.001581937461714783
US-natural/lstm-mse-0.0001-s43,lstm,base,43,mse,0.0001,7,0.026134096663544912,0.028747628933119006,0.0011024076457949246,0.0013615663157590064
US-natural/lstm-mse-0.0001-s43,lstm,base,43,mse,0.0001,8,0.02419313647544071,0.02847982316757231,0.0009459855321773847,0.0013120536883400099
US-natural/lstm-mse-0.0001-s43,lstm,base,43,mse,0.0001,9,0.021879125895406325,0.027622803058313647,0.0008079241801814768,0.0012541730767627684
US-natural/lstm-mse-0.0001-s43,lstm,base,43,mse,0.0001,10,0.020426926447402016,0.027371497118684026,0.0007158708589761879,0.001235789725820873
US-natural/lstm-mse-0.0001-s43,lstm,base,43,mse,0.0001,11,0.01979746792889946,0.025944566056209227,0.00067653265005332,0.0011345973449334145
US-natural/lstm-mse-0.0001-s43,lstm,base,43,mse,0.0001,12,0.01910116714895684,0.02546053327681491,0.0006352922648541407,0.0011000752524106213
US-natural/lstm-mse-0.0001-s43,lstm,base,43,mse,0.0001,13,0.017811598487728595,0.029008612121846796,0.0005724717366883164,0.0013185792334478059
US-natural/lstm-mse-0.0001-s43,lstm,base,43,mse,0.0001,14,0.019120876231274165,0.030911031886012692,0.0006480318332016831,0.0014575173359041129
US-natural/lstm-mse-0.0001-s43,lstm,base,43,mse,0.0001,15,0.018625309215250244,0.02687324793445459,0.0006206203701522425,0.0011674506967143889
US-natural/lstm-mse-0.0001-s43,lstm,base,43,mse,0.0001,16,0.017497813851765427,0.025768743574977767,0.0005491775602281091,0.0010940163349499618
US-natural/lstm-mse-0.0001-s43,lstm,base,43,mse,0.0001,17,0.01670824721464245,0.02653946588474981,0.0005055171204221188,0.0011466775996840648
US-natural/lstm-mse-0.0001-s43,lstm,base,43,mse,0.0001,18,0.01654164467261761,0.02675167114012943,0.0004995365161978256,0.0011509598858220414
US-natural/lstm-mse-0.0001-s43,lstm,base,43,mse,0.0001,19,0.01603514327186434,0.02730817304200853,0.00047858958544274715,0.0011964480689262119
US-natural/lstm-mse-0.0001-s43,lstm,base,43,mse,0.0001,20,0.016013045423948356,0.026398863568698507,0.00047272809693028124,0.0011452727158529643
US-natural/lstm-mse-0.0001-s43,lstm,base,43,mse,0.0001,21,0.01573501146469849,0.025677116520019524,0.00046027733735214035,0.0010894666600649852
US-natural/lstm-mse-0.0001-s43,lstm,base,43,mse,0.0001,22,0.015784953958273916,0.026048738235203758,0.00047464776592314335,0.0011017903566957585
US-natural/lstm-mse-0.0001-s43,lstm,base,43,mse,0.0001,23,0.015463632490072408,0.026714740133493606,0.000453532574365723,0.0011422695039623898
US-natural/lstm-mse-0.0001-s43,lstm,base,43,mse,0.0001,24,0.015783296152062313,0.02861067059979848,0.00044054437170894223,0.0012681752041577346
US-natural/lstm-mse-0.0001-s43,lstm,base,43,mse,0.0001,25,0.015305644722452586,0.028993121667529174,0.00044071000614094927,0.0012916837589490948
US-natural/lstm-mse-0.0001-s43,lstm,base,43,mse,0.0001,26,0.015421642903795267,0.028828795298739055,0.00043325437886590734,0.0012895646975147623
US-natural/lstm-mse-0.0001-s43,lstm,base,43,mse,0.0001,27,0.014974603662245739,0.02897130088561682,0.0004126844964174953,0.0012961222454286447
US-natural/lstm-mse-0.0001-s43,lstm,base,43,mse,0.0001,28,0.014594364040293979,0.027096361299749967,0.0003976078362052813,0.001169242124327318
US-natural/lstm-mse-0.0001-s43,lstm,base,43,mse,0.0001,29,0.014638830609290651,0.026594056499864804,0.0004011529961184934,0.0011308110974972882
US-natural/lstm-mse-0.0001-s43,lstm,base,43,mse,0.0001,30,0.014202822413189972,0.02714805673006403,0.00037611367429387293,0.001170377416922235
US-natural/lstm-mse-0.0001-s44,lstm,base,44,mse,0.0001,1,0.06897399154745454,0.0519406738452444,0.0069417769428733135,0.004075196039776584
US-natural/lstm-mse-0.0001-s44,lstm,base,44,mse,0.0001,2,0.06749492777754769,0.0674968448724178,0.006521930262403571,0.005910540263748285
US-natural/lstm-mse-0.0001-s44,lstm,base,44,mse,0.0001,3,0.045815535755222396,0.030366040970526656,0.0032583431474658858,0.0016473348567685724
US-natural/lstm-mse-0.0001-s44,lstm,base,44,mse,0.0001,4,0.031025428752743143,0.02892659287367205,0.0017209211340170798,0.0013998324295341562
US-natural/lstm-mse-0.0001-s44,lstm,base,44,mse,0.0001,5,0.03295284578026833,0.03429200220710989,0.0015470896786251138,0.0018358250093097538
US-natural/lstm-mse-0.0001-s44,lstm,base,44,mse,0.0001,6,0.025047873157786688,0.02647441240557099,0.001116238019438195,0.001173997773942881
US-natural/lstm-mse-0.0001-s44,lstm,base,44,mse,0.0001,7,0.024359470547431445,0.027499709900426654,0.001008879402171461,0.0012517795327841098
US-natural/lstm-mse-0.0001-s44,lstm,base,44,mse,0.0001,8,0.024362893549040265,0.024414167099627227,0.0009961934754158903,0.0010334240862100647
US-natural/lstm-mse-0.0001-s44,lstm,base,44,mse,0.0001,9,0.025097763024861938,0.02772861071084952,0.0010499622648295329,0.0012917012821428578
US-natural/lstm-mse-0.0001-s44,lstm,base,44,mse,0.0001,10,0.025181083722976928,0.024964316382774642,0.0009992931318370713,0.0010718921026977805
US-natural/lstm-mse-0.0001-s44,lstm,base,44,mse,0.0001,11,0.022375979789365223,0.02763640513462574,0.0008301365576236676,0.0012397784506082527
US-natural/lstm-mse-0.0001-s44,lstm,base,44,mse,0.0001,12,0.019945485168336306,0.022476845995608466,0.0007079030719757644,0.0008811281786239858
US-natural/lstm-mse-0.0001-s44,lstm,base,44,mse,0.0001,13,0.020161293789007134,0.022088599904294553,0.0006863974101505558,0.0008532290410846298
US-natural/lstm-mse-0.0001-s44,lstm,base,44,mse,0.0001,14,0.0199398904704395,0.022876733229864766,0.0006746885266841642,0.0008873536499534357
US-natural/lstm-mse-0.0001-s44,lstm,base,44,mse,0.0001,15,0.020066557737442217,0.02478814558126984,0.000681349714099924,0.0009906169956368938
US-natural/lstm-mse-0.0001-s44,lstm,base,44,mse,0.0001,16,0.01877200176346596,0.025571410152031796,0.0005918797128334002,0.0010339511713294844
US-natural/lstm-mse-0.0001-s44,lstm,base,44,mse,0.0001,17,0.0189884447759782,0.023279501508221404,0.0006111058846055217,0.0008926477395205738
US-natural/lstm-mse-0.0001-s44,lstm,base,44,mse,0.0001,18,0.018907791271121337,0.022069211432786555,0.0005959916345354044,0.0008288066079216902
US-natural/lstm-mse-0.0001-s44,lstm,base,44,mse,0.0001,19,0.01721393654142932,0.02102018904348024,0.0005233508864479034,0.0007843939876434994
US-natural/lstm-mse-0.0001-s44,lstm,base,44,mse,0.0001,20,0.016818959191891893,0.02125537855129279,0.0005057491286935027,0.0007881698687029486
US-natural/lstm-mse-0.0001-s44,lstm,base,44,mse,0.0001,21,0.01687155799577173,0.020284662880249674,0.0005007954437159971,0.0007479857728033
US-natural/lstm-mse-0.0001-s44,lstm,base,44,mse,0.0001,22,0.016456624535357754,0.020065913984914325,0.000491733165051311,0.0007470247634876058
US-natural/lstm-mse-0.0001-s44,lstm,base,44,mse,0.0001,23,0.016576400216856486,0.019917768538239792,0.00048358166166198325,0.0007288231816706799
US-natural/lstm-mse-0.0001-s44,lstm,base,44,mse,0.0001,24,0.016340725072933607,0.02126143849375442,0.00046592645758643773,0.0007711410813290051
US-natural/lstm-mse-0.0001-s44,lstm,base,44,mse,0.0001,25,0.015970862292046292,0.019819984494813477,0.0004575020162616488,0.0007195960477301575
US-natural/lstm-mse-0.0001-s44,lstm,base,44,mse,0.0001,26,0.016753061907861973,0.021393398424594135,0.0004816413060971354,0.0007877181676088671
US-natural/lstm-mse-0.0001-s44,lstm,base,44,mse,0.0001,27,0.015832008163773798,0.020253416743444753,0.0004511250672112796,0.0007282195300932031
US-natural/lstm-mse-0.0001-s44,lstm,base,44,mse,0.0001,28,0.015576624053835841,0.020199097581043816,0.0004326930601974381,0.0007303700579093144
US-natural/lstm-mse-0.0001-s44,lstm,base,44,mse,0.0001,29,0.015047372613324962,0.019747958509491615,0.00041918925295087654,0.0007254390108422698
US-natural/lstm-mse-0.0001-s44,lstm,base,44,mse,0.0001,30,0.01503177566063834,0.019990591641819856,0.00041189056340098563,0.0007167958621138135
US-natural/lstm-mse-0.001-s42,lstm,base,42,mse,0.001,1,0.1811884063533776,0.13655943473566626,0.06139185724647794,0.02089271692567199
US-natural/lstm-mse-0.001-s42,lstm,base,42,mse,0.001,2,0.06610583282040272,0.047822688199872176,0.006107777414548659,0.0031358575896912604
US-natural/lstm-mse-0.001-s42,lstm,base,42,mse,0.001,3,0.029612503777838486,0.03100695790300229,0.0016845019935371787,0.0014726865545894024
US-natural/lstm-mse-0.001-s42,lstm,base,42,mse,0.001,4,0.02367043518023409,0.02539809475412737,0.001008102321716153,0.000994519619413382
US-natural/lstm-mse-0.001-s42,lstm,base,42,mse,0.001,5,0.024520962242086972,0.02907855762909598,0.00105159068044776,0.0013110357723840269
US-natural/lstm-mse-0.001-s42,lstm,base,42,mse,0.001,6,0.023126705007584014,0.026592907338287553,0.0009011973791637194,0.0011153897144674145
US-natural/lstm-mse-0.001-s42,lstm,base,42,mse,0.001,7,0.023185142321102307,0.02701113549050075,0.0008841946047748682,0.0011686509432977767
US-natural/lstm-mse-0.001-s42,lstm,base,42,mse,0.001,8,0.019794402123772505,0.03828039234941501,0.0006941022789003558,0.0020590964461063882
US-natural/lstm-mse-0.001-s42,lstm,base,42,mse,0.001,9,0.020794494820287383,0.03924157257892257,0.0007395346781787223,0.002113432816725577
US-natural/lstm-mse-0.001-s42,lstm,base,42,mse,0.001,10,0.02216882923027569,0.03504113865781443,0.00080285197805117,0.0017540762447876947
US-natural/lstm-mse-0.001-s42,lstm,base,42,mse,0.001,11,0.018149329114979112,0.03090499540693408,0.0005750661384900381,0.001408756171700189
US-natural/lstm-mse-0.001-s42,lstm,base,42,mse,0.001,12,0.01852898879271363,0.03611154723169516,0.0006279368272935374,0.0018099313576590687
US-natural/lstm-mse-0.001-s42,lstm,base,42,mse,0.001,13,0.018571603040194284,0.035712658387159944,0.0005955721630266789,0.0017633273949177511
US-natural/lstm-mse-0.001-s42,lstm,base,42,mse,0.001,14,0.018623574882859338,0.028715441549513256,0.0005805475527067526,0.001197917228671214
US-natural/lstm-mse-0.001-s42,lstm,base,42,mse,0.001,15,0.01768052021416639,0.023130755811363753,0.00053686405607179,0.000836186944086904
US-natural/lstm-mse-0.001-s42,lstm,base,42,mse,0.001,16,0.016374780155812372,0.025404829821225175,0.000479680832913699,0.0009969151305490409
US-natural/lstm-mse-0.001-s42,lstm,base,42,mse,0.001,17,0.016320773997134455,0.021475422362648478,0.00048141098813333995,0.0007664991693298529
US-natural/lstm-mse-0.001-s42,lstm,base,42,mse,0.001,18,0.016370836185847365,0.020906718934270277,0.00047345559643334234,0.0007219271703574879
US-natural/lstm-mse-0.001-s42,lstm,base,42,mse,0.001,19,0.017348753580990212,0.01898370277811567,0.0005098110122564672,0.0006015837613147807
US-natural/lstm-mse-0.001-s42,lstm,base,42,mse,0.001,20,0.016280062398085677,0.021834854217842592,0.0004907604865989229,0.0007904093155375266
US-natural/lstm-mse-0.001-s42,lstm,base,42,mse,0.001,21,0.015475217473762688,0.023284551311944412,0.0004420021203488894,0.0008718131207192108
US-natural/lstm-mse-0.001-s42,lstm,base,42,mse,0.001,22,0.01510656300753133,0.0244376330650621,0.00041718511774216236,0.0009345060417035564
US-natural/lstm-mse-0.001-s42,lstm,base,42,mse,0.001,23,0.014805080411010502,0.023882449045139604,0.0004150974838962835,0.000895191300323345
US-natural/lstm-mse-0.001-s42,lstm,base,42,mse,0.001,24,0.01566762386403056,0.028283761176842073,0.00044598009317999926,0.0011972236680551863
US-natural/lstm-mse-0.001-s42,lstm,base,42,mse,0.001,25,0.015526236639638155,0.027205826953843708,0.0004396599011320635,0.0011328833127648504
US-natural/lstm-mse-0.001-s42,lstm,base,42,mse,0.001,26,0.017050248255521244,0.021842196771072322,0.0004990786390515915,0.0007747811998498155
US-natural/lstm-mse-0.001-s42,lstm,base,42,mse,0.001,27,0.015496188023177395,0.022119312165916238,0.00042380764759194025,0.000786689300439189
US-natural/lstm-mse-0.001-s42,lstm,base,42,mse,0.001,28,0.01487520928719942,0.026021902066237102,0.0004089661947730539,0.0010317549430637156
US-natural/lstm-mse-0.001-s42,lstm,base,42,mse,0.001,29,0.015206131516847436,0.01875846853012458,0.0004262513325942878,0.0006013878793959908
US-natural/lstm-mse-0.001-s42,lstm,base,42,mse,0.001,30,0.014810871800469493,0.019834008590039563,0.00039932812009858663,0.0006870396875243183
US-natural/lstm-mse-0.001-s43,lstm,base,43,mse,0.001,1,0.10221628880596109,0.09183004731630383,0.01470982427610838,0.011728405470924423
US-natural/lstm-mse-0.001-s43,lstm,base,43,mse,0.001,2,0.06434569621339796,0.05158148501382982,0.00831915082876251,0.005499100485308863
US-natural/lstm-mse-0.001-s43,lstm,base,43,mse,0.001,3,0.034899959091861325,0.0521939950945376,0.002641124504241142,0.0038510266206453554
US-natural/lstm-mse-0.001-s43,lstm,base,43,mse,0.001,4,0.031814663586420405,0.028320837311025034,0.001681369346873117,0.0014343729456539743
US-natural/lstm-mse-0.001-s43,lstm,base,43,mse,0.001,5,0.026252707213874966,0.022413698129194443,0.0011640703060753637,0.0007984854013157169
US-natural/lstm-mse-0.001-s43,lstm,base,43,mse,0.001,6,0.021575008741274732,0.02049866671280146,0.0008112995946560316,0.0006808880566102211
US-natural/lstm-mse-0.001-s43,lstm,base,43,mse,0.001,7,0.016856964820576383,0.02131361380818196,0.0005329245063980741,0.0007518645212268165
US-natural/lstm-mse-0.001-s43,lstm,base,43,mse,0.001,8,0.0210231305351459,0.024457580519875607,0.0007156074292439662,0.0008839554097495497
US-natural/lstm-mse-0.001-s43,lstm,base,43,mse,0.001,9,0.018383917081622545,0.022524949180876774,0.0005742826632539442,0.0007739780415791708
US-natural/lstm-mse-0.001-s43,lstm,base,43,mse,0.001,10,0.01872793811149594,0.019927189846688592,0.0005802252874333073,0.0006447359620848866
US-natural/lstm-mse-0.001-s43,lstm,base,43,mse,0.001,11,0.015795235574928665,0.020450718235103055,0.0004839321822699953,0.000652681416637797
US-natural/lstm-mse-0.001-s43,lstm,base,43,mse,0.001,12,0.015298397448830785,0.021380280478901698,0.0004503382022645338,0.0007084908552889996
US-natural/lstm-mse-0.001-s43,lstm,base,43,mse,0.001,13,0.01590512654101024,0.020224766152801804,0.00047351977009706234,0.0006526301541350545
US-natural/lstm-mse-0.001-s43,lstm,base,43,mse,0.001,14,0.015378553663144032,0.020820049676182766,0.0004632791367392373,0.0006670782281823684
US-natural/lstm-mse-0.001-s43,lstm,base,43,mse,0.001,15,0.01686108350667439,0.02274160037766505,0.0005134229194905996,0.0007982971143624115
US-natural/lstm-mse-0.001-s43,lstm,base,43,mse,0.001,16,0.019091543968534484,0.021448237987206135,0.0006090264256283593,0.0007115822831028927
US-natural/lstm-mse-0.001-s43,lstm,base,43,mse,0.001,17,0.015316326190862675,0.021455014585320172,0.00044374462195776425,0.000714784377792867
US-natural/lstm-mse-0.001-s43,lstm,base,43,mse,0.001,18,0.0169137534721196,0.02289677392861879,0.0005178932413765308,0.0007794778822791075
US-natural/lstm-mse-0.001-s43,lstm,base,43,mse,0.001,19,0.01763077215603242,0.021842732308406516,0.0005145616767614486,0.0007522857482682898
US-natural/lstm-mse-0.001-s43,lstm,base,43,mse,0.001,20,0.017872226416885566,0.03043289853437383,0.0005725032459385955,0.0013700225457284427
US-natural/lstm-mse-0.001-s43,lstm,base,43,mse,0.001,21,0.019497263335366846,0.021485512594486725,0.0006782672720994864,0.0007582203002480185
US-natural/lstm-mse-0.001-s43,lstm,base,43,mse,0.001,22,0.01660646395006031,0.02248547098097609,0.0004858515544449181,0.0007699748669329149
US-natural/lstm-mse-0.001-s43,lstm,base,43,mse,0.001,23,0.020305985218159732,0.024564650431783127,0.0006747841556356028,0.0009375375233318425
US-natural/lstm-mse-0.001-s43,lstm,base,43,mse,0.001,24,0.021739750776302427,0.02251747826893484,0.0007365943725186398,0.0007967651988866121
US-natural/lstm-mse-0.001-s43,lstm,base,43,mse,0.001,25,0.029930684760517648,0.026777810093911315,0.0012247846011431333,0.0010895373062849213
US-natural/lstm-mse-0.001-s43,lstm,base,43,mse,0.001,26,0.025057603670446404,0.030410387661055954,0.000984344757858894,0.001456711014929685
US-natural/lstm-mse-0.001-s43,lstm,base,43,mse,0.001,27,0.024815528322404867,0.02427902559188219,0.0010641902786040947,0.0009463594739716357
US-natural/lstm-mse-0.001-s43,lstm,base,43,mse,0.001,28,0.022224588281967734,0.0204799783365057,0.0010017087442542858,0.0007428073127232416
US-natural/lstm-mse-0.001-s43,lstm,base,43,mse,0.001,29,0.021309923067028044,0.033982294953740444,0.0011054820655140968,0.0016578959618384665
US-natural/lstm-mse-0.001-s43,lstm,base,43,mse,0.001,30,0.03442453823682641,0.03817515697838979,0.0018018953498673803,0.0021961962456562255
US-natural/lstm-mse-0.001-s44,lstm,base,44,mse,0.001,1,0.13198284303381175,0.08069207774259005,0.032143484730827426,0.009279708482273202
US-natural/lstm-mse-0.001-s44,lstm,base,44,mse,0.001,2,0.07965188972481757,0.07014083458778538,0.00994874289774413,0.006447210014465386
US-natural/lstm-mse-0.001-s44,lstm,base,44,mse,0.001,3,0.057250156579460594,0.031568917379239954,0.004800499886357354,0.001822413050207282
US-natural/lstm-mse-0.001-s44,lstm,base,44,mse,0.001,4,0.03309892140157409,0.032541387235371054,0.001721420132163868,0.0018191563134848218
US-natural/lstm-mse-0.001-s44,lstm,base,44,mse,0.001,5,0.026888266697310165,0.022645255308487426,0.0011035350900113487,0.000789522839555484
US-natural/lstm-mse-0.001-s44,lstm,base,44,mse,0.001,6,0.024003744883253193,0.018827770808333137,0.000965046803918554,0.0005891717675221258
US-natural/lstm-mse-0.001-s44,lstm,base,44,mse,0.001,7,0.01809770315557294,0.018484950791299585,0.0006451612971414192,0.0006212286194823886
US-natural/lstm-mse-0.001-s44,lstm,base,44,mse,0.001,8,0.01854556196795925,0.018102861382073565,0.0005992533743038281,0.0005937338180347334
US-natural/lstm-mse-0.001-s44,lstm,base,44,mse,0.001,9,0.019135786314661143,0.02483457554415084,0.0006212030162442013,0.0009507518373686071
US-natural/lstm-mse-0.001-s44,lstm,base,44,mse,0.001,10,0.017978626130050596,0.019646690494258153,0.0005908230649185125,0.0006627725435326573
US-natural/lstm-mse-0.001-s44,lstm,base,44,mse,0.001,11,0.017516457050818085,0.017461667356240246,0.0005426394493467336,0.0005548283583721222
US-natural/lstm-mse-0.001-s44,lstm,base,44,mse,0.001,12,0.015733767816507576,0.017328775046880237,0.0004858413399070921,0.0005436722510951982
US-natural/lstm-mse-0.001-s44,lstm,base,44,mse,0.001,13,0.016104320005233635,0.017901623653102557,0.00047970555882157075,0.0005787785547031652
US-natural/lstm-mse-0.001-s44,lstm,base,44,mse,0.001,14,0.015999076140559284,0.017554428166642246,0.0004651656274366742,0.0005654744854180663
US-natural/lstm-mse-0.001-s44,lstm,base,44,mse,0.001,15,0.016017547747204822,0.018092451811779584,0.00046624473480625495,0.0005850870555874884
US-natural/lstm-mse-0.001-s44,lstm,base,44,mse,0.001,16,0.014951567907962477,0.01746074394697257,0.0004279983562240087,0.0005548951332973517
US-natural/lstm-mse-0.001-s44,lstm,base,44,mse,0.001,17,0.01511809282692664,0.017594463355364832,0.0004225966628908074,0.0005471770597760473
US-natural/lstm-mse-0.001-s44,lstm,base,44,mse,0.001,18,0.014568997158750669,0.017757437999138644,0.0004069317320047232,0.0005654793382096424
US-natural/lstm-mse-0.001-s44,lstm,base,44,mse,0.001,19,0.014178229740051987,0.017560383677806123,0.00039253613265986,0.0005474022110020887
US-natural/lstm-mse-0.001-s44,lstm,base,44,mse,0.001,20,0.01423471685104064,0.018183646661887494,0.00039009496030782963,0.0005797743347711736
US-natural/lstm-mse-0.001-s44,lstm,base,44,mse,0.001,21,0.014532128890662454,0.018782707984711877,0.0003991199463655184,0.0006034667618434804
US-natural/lstm-mse-0.001-s44,lstm,base,44,mse,0.001,22,0.014994331812435903,0.017917254943673303,0.0004153854557668223,0.0005748915428613929
US-natural/lstm-mse-0.001-s44,lstm,base,44,mse,0.001,23,0.014319061781522337,0.0186865154492145,0.0003964583226492508,0.000591658052547328
US-natural/lstm-mse-0.001-s44,lstm,base,44,mse,0.001,24,0.014014383128490588,0.017147639738473868,0.0003786878360120222,0.0005270959717198875
US-natural/lstm-mse-0.001-s44,lstm,base,44,mse,0.001,25,0.013575002788365055,0.0177785183467803,0.0003677835066214133,0.0005487484174843188
US-natural/lstm-mse-0.001-s44,lstm,base,44,mse,0.001,26,0.013599366505697479,0.01807782189714358,0.000359130528272419,0.0005713255418081305
US-natural/lstm-mse-0.001-s44,lstm,base,44,mse,0.001,27,0.013515570810405074,0.018153557386506168,0.0003561391648744533,0.0005642079027098477
US-natural/lstm-mse-0.001-s44,lstm,base,44,mse,0.001,28,0.01363311353315224,0.017221702110930305,0.0003604888358460746,0.0005232649377157527
US-natural/lstm-mse-0.001-s44,lstm,base,44,mse,0.001,29,0.013539665884861671,0.017806286687581437,0.00035757055051789785,0.0005449574911617588
US-natural/lstm-mse-0.001-s44,lstm,base,44,mse,0.001,30,0.013831550554713933,0.018219161922030134,0.0003652081374321044,0.000572136225503453
US-natural/lstm-mae-0.0001-s42,lstm,base,42,mae,0.0001,1,0.2290621954044348,0.09911037489286556,0.08782002739349674,0.01719574714626262
US-natural/lstm-mae-0.0001-s42,lstm,base,42,mae,0.0001,2,0.10352892814617833,0.08300182365077187,0.016801620884226386,0.01292107662756894
US-natural/lstm-mae-0.0001-s42,lstm,base,42,mae,0.0001,3,0.07694384630084795,0.0668969481919564,0.008931929252954818,0.008447633556774465
US-natural/lstm-mae-0.0001-s42,lstm,base,42,mae,0.0001,4,0.06743442996969856,0.082349539644982,0.008101745047083091,0.011969472206906605
US-natural/lstm-mae-0.0001-s42,lstm,base,42,mae,0.0001,5,0.05297317050719068,0.05840679773794819,0.004778824257122351,0.0068016774065393
US-natural/lstm-mae-0.0001-s42,lstm,base,42,mae,0.0001,6,0.04118797934626253,0.05577680620043154,0.003475342898614931,0.006056216479902322
US-natural/lstm-mae-0.0001-s42,lstm,base,42,mae,0.0001,7,0.033979709747539236,0.05281983904222727,0.0025349693896864647,0.005128781647821045
US-natural/lstm-mae-0.0001-s42,lstm,base,42,mae,0.0001,8,0.030720613189751896,0.06126080693892808,0.0017921997763007532,0.006026846804786986
US-natural/lstm-mae-0.0001-s42,lstm,base,42,mae,0.0001,9,0.027362560588945962,0.0507187612225775,0.001618102051771066,0.004327129816396228
US-natural/lstm-mae-0.0001-s42,lstm,base,42,mae,0.0001,10,0.02548391441103181,0.049293142408091614,0.0012745835562152214,0.003891693260668762
US-natural/lstm-mae-0.0001-s42,lstm,base,42,mae,0.0001,11,0.023363484499491348,0.041165299020157316,0.0010818343074622597,0.0027493993730107807
US-natural/lstm-mae-0.0001-s42,lstm,base,42,mae,0.0001,12,0.02654563821592673,0.041073233999315374,0.001110190921171162,0.0026669431535139023
US-natural/lstm-mae-0.0001-s42,lstm,base,42,mae,0.0001,13,0.02889404330308471,0.034099637618364785,0.0013056395476797914,0.0019074363102468286
US-natural/lstm-mae-0.0001-s42,lstm,base,42,mae,0.0001,14,0.020756756805374022,0.03093465666842343,0.0008078139898415606,0.0015344035711307576
US-natural/lstm-mae-0.0001-s42,lstm,base,42,mae,0.0001,15,0.01953896521679201,0.027400108718324476,0.0007405234956076005,0.001253644513101136
US-natural/lstm-mae-0.0001-s42,lstm,base,42,mae,0.0001,16,0.02223836984457073,0.028215341273451645,0.0008019192675809018,0.0012393749695280981
US-natural/lstm-mae-0.0001-s42,lstm,base,42,mae,0.0001,17,0.021127629420457702,0.02675587175628167,0.0007576711510850389,0.0012006564014385309
US-natural/lstm-mae-0.0001-s42,lstm,base,42,mae,0.0001,18,0.019286634307785582,0.022985334919445675,0.0007028230694021283,0.0009180000368411181
US-natural/lstm-mae-0.0001-s42,lstm,base,42,mae,0.0001,19,0.019188907655026458,0.022515538252394017,0.0006370077244184316,0.0008488284271948354
US-natural/lstm-mae-0.0001-s42,lstm,base,42,mae,0.0001,20,0.01895033052577522,0.023655722962732596,0.0006506467360099145,0.0009277447238723686
US-natural/lstm-mae-0.0001-s42,lstm,base,42,mae,0.0001,21,0.01783966364397405,0.025593457813123423,0.0005995486206462729,0.0010958452461176653
US-natural/lstm-mae-0.0001-s42,lstm,base,42,mae,0.0001,22,0.016022205355862348,0.02358159344065575,0.0005221355005123372,0.0009533564916532727
US-natural/lstm-mae-0.0001-s42,lstm,base,42,mae,0.0001,23,0.016126114696907827,0.027336333722383865,0.000527127276172852,0.0012239727814785655
US-natural/lstm-mae-0.0001-s42,lstm,base,42,mae,0.0001,24,0.016984916014305948,0.030883909751001998,0.0005498125076793903,0.0015018444946764715
US-natural/lstm-mae-0.0001-s42,lstm,base,42,mae,0.0001,25,0.016768359932395654,0.0279281193706767,0.0005390269859980674,0.001279879320700226
US-natural/lstm-mae-0.0001-s42,lstm,base,42,mae,0.0001,26,0.018119288802608133,0.02336547544564337,0.0006016852425075846,0.0009169797249504294
US-natural/lstm-mae-0.0001-s42,lstm,base,42,mae,0.0001,27,0.015595059983303277,0.02247036118114551,0.000502482798466086,0.0008708731852088533
US-natural/lstm-mae-0.0001-s42,lstm,base,42,mae,0.0001,28,0.01527272235469958,0.03139707983626878,0.00048228085225566575,0.001529487532358005
US-natural/lstm-mae-0.0001-s42,lstm,base,42,mae,0.0001,29,0.019477024828486265,0.029193398506557115,0.0006660378254813212,0.0013344757224700015
US-natural/lstm-mae-0.0001-s42,lstm,base,42,mae,0.0001,30,0.016192077580764037,0.029022484193205144,0.0005519062300341091,0.001326838036764384
US-natural/lstm-mae-0.0001-s43,lstm,base,43,mae,0.0001,1,0.08269731592642336,0.05121103716675077,0.00940125324687446,0.004798953923612595
US-natural/lstm-mae-0.0001-s43,lstm,base,43,mae,0.0001,2,0.061926632958773375,0.05721296464214694,0.005634362549958773,0.005684710411121752
US-natural/lstm-mae-0.0001-s43,lstm,base,43,mae,0.0001,3,0.0527212871386399,0.039645362034053486,0.004894459083882744,0.002827668531874097
US-natural/lstm-mae-0.0001-s43,lstm,base,43,mae,0.0001,4,0.038929607203951326,0.039113632251492475,0.002894728991796002,0.0024791383139209826
US-natural/lstm-mae-0.0001-s43,lstm,base,43,mae,0.0001,5,0.033733558985402916,0.040473608601436034,0.002162764612582079,0.002710471465130611
US-natural/lstm-mae-0.0001-s43,lstm,base,43,mae,0.0001,6,0.03313737968372,0.031219832017611197,0.001974314422125628,0.0016126684086620949
US-natural/lstm-mae-0.0001-s43,lstm,base,43,mae,0.0001,7,0.026686049498792292,0.03189345008805538,0.001238190455629614,0.0015713225014186484
US-natural/lstm-mae-0.0001-s43,lstm,base,43,mae,0.0001,8,0.025906224863394993,0.036789416672456,0.0011608751002465207,0.001989299726580293
US-natural/lstm-mae-0.0001-s43,lstm,base,43,mae,0.0001,9,0.022084120357565403,0.030405148176513786,0.0008726170187602715,0.0014419667272951209
US-natural/lstm-mae-0.0001-s43,lstm,base,43,mae,0.0001,10,0.01992078319070339,0.032018939427175104,0.0007211388666594475,0.0016063019973509116
US-natural/lstm-mae-0.0001-s43,lstm,base,43,mae,0.0001,11,0.021052784830729924,0.03444172356659944,0.0007448922879822289,0.001801997693360677
US-natural/lstm-mae-0.0001-s43,lstm,base,43,mae,0.0001,12,0.0214664191427874,0.028455252611301603,0.0007861085745836922,0.001319002703568272
US-natural/lstm-mae-0.0001-s43,lstm,base,43,mae,0.0001,13,0.020552000793752308,0.027467053704911842,0.0007259486635532541,0.001197428659432548
US-natural/lstm-mae-0.0001-s43,lstm,base,43,mae,0.0001,14,0.01813058306802438,0.02622794945711558,0.0005855688580327986,0.0011138946543151449
US-natural/lstm-mae-0.0001-s43,lstm,base,43,mae,0.0001,15,0.017244280151620134,0.027775436008694518,0.0005472181540524209,0.0012039063351206782
US-natural/lstm-mae-0.0001-s43,lstm,base,43,mae,0.0001,16,0.016138535795589642,0.029116398341722062,0.0005293758045288302,0.0013115119623910072
US-natural/lstm-mae-0.0001-s43,lstm,base,43,mae,0.0001,17,0.01624022573490492,0.02746463443022594,0.0005092724294662282,0.0012188973127555329
US-natural/lstm-mae-0.0001-s43,lstm,base,43,mae,0.0001,18,0.016349538810278872,0.028952566644586425,0.0005166468384189582,0.0012792518236289568
US-natural/lstm-mae-0.0001-s43,lstm,base,43,mae,0.0001,19,0.015387459441900892,0.025432019383398466,0.0004747016205032932,0.0010605948223542168
US-natural/lstm-mae-0.0001-s43,lstm,base,43,mae,0.0001,20,0.015384313432354224,0.027277949760583967,0.00047123689402070364,0.0011854669090091135
US-natural/lstm-mae-0.0001-s43,lstm,base,43,mae,0.0001,21,0.016506920602755812,0.024267537564914603,0.0004991503654727079,0.001015426883312626
US-natural/lstm-mae-0.0001-s43,lstm,base,43,mae,0.0001,22,0.017275475353496057,0.026158147007078355,0.0005595862677834013,0.0010955908869073549
US-natural/lstm-mae-0.0001-s43,lstm,base,43,mae,0.0001,23,0.014242299174708359,0.026017370189662485,0.00041492522354772635,0.0010883269011954739
US-natural/lstm-mae-0.0001-s43,lstm,base,43,mae,0.0001,24,0.01548037998440572,0.026382014086958658,0.00045547788758149466,0.001109876558768914
US-natural/lstm-mae-0.0001-s43,lstm,base,43,mae,0.0001,25,0.01650731368756236,0.027993209733044203,0.0005205312820169674,0.0011912690200513822
US-natural/lstm-mae-0.0001-s43,lstm,base,43,mae,0.0001,26,0.015587620262608308,0.025269293830246838,0.0004551816596397128,0.001019747231172174
US-natural/lstm-mae-0.0001-s43,lstm,base,43,mae,0.0001,27,0.014471639443860188,0.02816169094387055,0.0004253787243479677,0.0011936606844072412
US-natural/lstm-mae-0.0001-s43,lstm,base,43,mae,0.0001,28,0.014250899742259392,0.03185881487285589,0.0004204760735049961,0.0014804742263955087
US-natural/lstm-mae-0.0001-s43,lstm,base,43,mae,0.0001,29,0.01580803025032664,0.02649495069986479,0.00044995527746562327,0.0011289432254263368
US-natural/lstm-mae-0.0001-s43,lstm,base,43,mae,0.0001,30,0.014564154778173143,0.02563372991819597,0.00042335611831996,0.0010784608554018627
US-natural/lstm-mae-0.0001-s44,lstm,base,44,mae,0.0001,1,0.06715103962227906,0.047522130070063395,0.006928090684348637,0.004370321468564812
US-natural/lstm-mae-0.0001-s44,lstm,base,44,mae,0.0001,2,0.0543836878489884,0.058652806795349004,0.004509057531925194,0.0054692762077813775
US-natural/lstm-mae-0.0001-s44,lstm,base,44,mae,0.0001,3,0.0449901820542181,0.058549717056026414,0.0031606394824960343,0.004718955739580021
US-natural/lstm-mae-0.0001-s44,lstm,base,44,mae,0.0001,4,0.032437466910402786,0.0335265037060297,0.0017048803639448428,0.0018791698246222988
US-natural/lstm-mae-0.0001-s44,lstm,base,44,mae,0.0001,5,0.029417338407623544,0.026604890392049288,0.001468544864642103,0.00118046635029518
US-natural/lstm-mae-0.0001-s44,lstm,base,44,mae,0.0001,6,0.026847657912384477,0.026491667021932015,0.0011687777203750512,0.0012078194303701965
US-natural/lstm-mae-0.0001-s44,lstm,base,44,mae,0.0001,7,0.024493789274236434,0.0318155165714843,0.0010520868615351967,0.001538156573593498
US-natural/lstm-mae-0.0001-s44,lstm,base,44,mae,0.0001,8,0.024498253571597472,0.03872707340429793,0.0010557088771773815,0.0021247947007906093
US-natural/lstm-mae-0.0001-s44,lstm,base,44,mae,0.0001,9,0.022760776601678294,0.024302331578547266,0.0008770858859854797,0.0009765240754537494
US-natural/lstm-mae-0.0001-s44,lstm,base,44,mae,0.0001,10,0.02221264465726843,0.024440888158715524,0.0008584228407350368,0.0010244891460679162
US-natural/lstm-mae-0.0001-s44,lstm,base,44,mae,0.0001,11,0.025699373139221587,0.0222721609799639,0.001001218087274725,0.0008661245239087257
US-natural/lstm-mae-0.0001-s44,lstm,base,44,mae,0.0001,12,0.027406815139233934,0.023074759322848665,0.0011776431640381205,0.0009411413574699733
US-natural/lstm-mae-0.0001-s44,lstm,base,44,mae,0.0001,13,0.025317635625077793,0.02612247091813886,0.000987428861414904,0.0011934707620300836
US-natural/lstm-mae-0.0001-s44,lstm,base,44,mae,0.0001,14,0.022078464754842993,0.024489101253322126,0.0008108241349071282,0.001051019247804381
US-natural/lstm-mae-0.0001-s44,lstm,base,44,mae,0.0001,15,0.021565851472644525,0.02084676375075193,0.0007378780241206838,0.0007883694216200347
US-natural/lstm-mae-0.0001-s44,lstm,base,44,mae,0.0001,16,0.022445894413580966,0.020489811842130345,0.0008133182105016044,0.0007388438810913275
US-natural/lstm-mae-0.0001-s44,lstm,base,44,mae,0.0001,17,0.017904057663260944,0.02306975203816881,0.0005701483670092635,0.0008616577533121192
US-natural/lstm-mae-0.0001-s44,lstm,base,44,mae,0.0001,18,0.017568460466388745,0.02278115861316527,0.0005712501160556706,0.0008304831747652814
US-natural/lstm-mae-0.0001-s44,lstm,base,44,mae,0.0001,19,0.01683444670533817,0.020595153775493716,0.0005346764477975522,0.0007358419253727564
US-natural/lstm-mae-0.0001-s44,lstm,base,44,mae,0.0001,20,0.01673374479929062,0.019807415511053063,0.0005139260403463455,0.000728039675628431
US-natural/lstm-mae-0.0001-s44,lstm,base,44,mae,0.0001,21,0.016364420433632475,0.02096754533995631,0.0005136315412553371,0.0007579804153742363
US-natural/lstm-mae-0.0001-s44,lstm,base,44,mae,0.0001,22,0.01632731543473941,0.019673467514394184,0.0005059895431277457,0.0007086131194695754
US-natural/lstm-mae-0.0001-s44,lstm,base,44,mae,0.0001,23,0.018687866287336305,0.02099175787283958,0.0006162637419958648,0.0007754997457851261
US-natural/lstm-mae-0.0001-s44,lstm,base,44,mae,0.0001,24,0.018218733040084818,0.026689978653859917,0.0005900314708886349,0.0011050895502882786
US-natural/lstm-mae-0.0001-s44,lstm,base,44,mae,0.0001,25,0.016702518882881365,0.023793923545717993,0.0005336546651684153,0.0009193110771134611
US-natural/lstm-mae-0.0001-s44,lstm,base,44,mae,0.0001,26,0.016629214669250044,0.022179072618598892,0.0005000192534580883,0.0008659192314781826
US-natural/lstm-mae-0.0001-s44,lstm,base,44,mae,0.0001,27,0.017396797551808053,0.021279429666069792,0.0005451366681937993,0.0007680127189696218
US-natural/lstm-mae-0.0001-s44,lstm,base,44,mae,0.0001,28,0.017508124762122577,0.03126438015563834,0.0005028659681943156,0.0014085851870186358
US-natural/lstm-mae-0.0001-s44,lstm,base,44,mae,0.0001,29,0.021744225781127027,0.029044882435433284,0.0007656074172511677,0.0012503376260382154
US-natural/lstm-mae-0.0001-s44,lstm,base,44,mae,0.0001,30,0.023116859373422085,0.021589876890507273,0.0007982461160442476,0.000833732836376898
US-natural/lstm-mae-0.001-s42,lstm,base,42,mae,0.001,1,0.1332387755256825,0.11272996313720421,0.046070412694831024,0.015272236310116028
US-natural/lstm-mae-0.001-s42,lstm,base,42,mae,0.001,2,0.050970889939056,0.07826448154077792,0.004724381101913793,0.007610832101300164
US-natural/lstm-mae-0.001-s42,lstm,base,42,mae,0.001,3,0.039934671969757606,0.04094836156404281,0.0025644802261073955,0.0028876446014490624
US-natural/lstm-mae-0.001-s42,lstm,base,42,mae,0.001,4,0.03497284256446031,0.043793795752784935,0.002072100058340001,0.0025176515505643464
US-natural/lstm-mae-0.001-s42,lstm,base,42,mae,0.001,5,0.03581911153681531,0.037201614438798804,0.0019245634585524376,0.0018853447505471326
US-natural/lstm-mae-0.001-s42,lstm,base,42,mae,0.001,6,0.023936434655823118,0.01743262557308339,0.0010608860289553729,0.0005460520568584191
US-natural/lstm-mae-0.001-s42,lstm,base,42,mae,0.001,7,0.021309648361839965,0.02087589954323618,0.0007820549867324708,0.0007196301890590491
US-natural/lstm-mae-0.001-s42,lstm,base,42,mae,0.001,8,0.018002409929917456,0.028117466502191088,0.0005632916710183796,0.0012141257724039801
US-natural/lstm-mae-0.001-s42,lstm,base,42,mae,0.001,9,0.02070656138554013,0.021089675646889027,0.0007306090304939003,0.0007039910467637705
US-natural/lstm-mae-0.001-s42,lstm,base,42,mae,0.001,10,0.019379306613654043,0.017929698533592435,0.0007018149581007494,0.0005247438568758014
US-natural/lstm-mae-0.001-s42,lstm,base,42,mae,0.001,11,0.019760569004088974,0.025325246896064097,0.0007272429452052202,0.0009483827366297435
US-natural/lstm-mae-0.001-s42,lstm,base,42,mae,0.001,12,0.02011466997621824,0.020914655022202876,0.0007010893857940799,0.0007578650895459043
US-natural/lstm-mae-0.001-s42,lstm,base,42,mae,0.001,13,0.017742155144159322,0.01918428957087333,0.0005673339462445271,0.0005761809888984522
US-natural/lstm-mae-0.001-s42,lstm,base,42,mae,0.001,14,0.018095004136814398,0.025288011757561995,0.0005566395058530635,0.0010050780143083613
US-natural/lstm-mae-0.001-s42,lstm,base,42,mae,0.001,15,0.02024004443574863,0.017259491990771897,0.000716949278014073,0.000498811254653325
US-natural/lstm-mae-0.001-s42,lstm,base,42,mae,0.001,16,0.0188780476258165,0.01740593987521001,0.0006551059757529558,0.0005068624884953062
US-natural/lstm-mae-0.001-s42,lstm,base,42,mae,0.001,17,0.017653192239194766,0.01821501592074285,0.000546629419468711,0.000557311975603508
US-natural/lstm-mae-0.001-s42,lstm,base,42,mae,0.001,18,0.016180142139063203,0.017026156325944765,0.0005563953755540437,0.0004954936110780518
US-natural/lstm-mae-0.001-s42,lstm,base,42,mae,0.001,19,0.015140255891441377,0.016419072609375526,0.0004760566762104592,0.0004792320116908156
US-natural/lstm-mae-0.001-s42,lstm,base,42,mae,0.001,20,0.01808495038959249,0.02185031329532945,0.000612160915986142,0.000760614036328904
US-natural/lstm-mae-0.001-s42,lstm,base,42,mae,0.001,21,0.017561537344479673,0.028417653626910067,0.0005470560264108608,0.001150613535725755
US-natural/lstm-mae-0.001-s42,lstm,base,42,mae,0.001,22,0.0214034728781357,0.018849116369142323,0.0008186588439356072,0.0006327411608836695
US-natural/lstm-mae-0.001-s42,lstm,base,42,mae,0.001,23,0.021106705563084145,0.025934475935542038,0.000809252688098397,0.0010109028430975954
US-natural/lstm-mae-0.001-s42,lstm,base,42,mae,0.001,24,0.018488867153166878,0.02074816091876227,0.0006073159989047659,0.000659677009969702
US-natural/lstm-mae-0.001-s42,lstm,base,42,mae,0.001,25,0.019942003482581443,0.051563906177666895,0.000676850724757714,0.003324057243035747
US-natural/lstm-mae-0.001-s42,lstm,base,42,mae,0.001,26,0.021340218024774954,0.017766258480353944,0.0007893373683821201,0.0005394888364614242
US-natural/lstm-mae-0.001-s42,lstm,base,42,mae,0.001,27,0.01613200405177931,0.020625160587149232,0.0005212998025824624,0.0006788258693116121
US-natural/lstm-mae-0.001-s42,lstm,base,42,mae,0.001,28,0.017635494081342643,0.022118142489020602,0.0005839782472603563,0.0008390928811551409
US-natural/lstm-mae-0.001-s42,lstm,base,42,mae,0.001,29,0.01822082185285417,0.023992492814947336,0.0006174147069159652,0.0008081772647031654
US-natural/lstm-mae-0.001-s42,lstm,base,42,mae,0.001,30,0.021666360841727968,0.019223281334848387,0.0008066362825831186,0.0006287968406314086
US-natural/lstm-mae-0.001-s43,lstm,base,43,mae,0.001,1,0.08978300068763696,0.057245582957120025,0.01475572762487067,0.005588684287504236
US-natural/lstm-mae-0.001-s43,lstm,base,43,mae,0.001,2,0.0608308020964076,0.04171217558009259,0.006656951027938467,0.0025366017410885277
US-natural/lstm-mae-0.001-s43,lstm,base,43,mae,0.001,3,0.03807791037557395,0.026531148894498178,0.0028229259489630375,0.0010875634213324816
US-natural/lstm-mae-0.001-s43,lstm,base,43,mae,0.001,4,0.02660850484613488,0.03943511350864962,0.0012055713441079376,0.0027471519942983257
US-natural/lstm-mae-0.001-s43,lstm,base,43,mae,0.001,5,0.03983045070249366,0.03859660635076246,0.002608553274024421,0.0022374144711882096
US-natural/lstm-mae-0.001-s43,lstm,base,43,mae,0.001,6,0.04486850317221792,0.05683054247208597,0.002798496509231082,0.004262470964078774
US-natural/lstm-mae-0.001-s43,lstm,base,43,mae,0.001,7,0.025942033081479285,0.024771432240268353,0.001159224149486549,0.0010251056786839377
US-natural/lstm-mae-0.001-s43,lstm,base,43,mae,0.001,8,0.01804132208986825,0.023928612173813854,0.0006022210297665728,0.0008490365483294947
US-natural/lstm-mae-0.001-s43,lstm,base,43,mae,0.001,9,0.02519977101246289,0.028832435614056365,0.001015837162041385,0.0011601849986899787
US-natural/lstm-mae-0.001-s43,lstm,base,43,mae,0.001,10,0.025103885664261447,0.0246808077075925,0.0010624041504452867,0.000906360695679281
US-natural/lstm-mae-0.001-s43,lstm,base,43,mae,0.001,11,0.02934195413010011,0.02930859967453455,0.0017378408185957847,0.0013533560297347398
US-natural/lstm-mae-0.001-s43,lstm,base,43,mae,0.001,12,0.03151734556251851,0.02910808240180728,0.001521241778951507,0.0013574956483469144
US-natural/lstm-mae-0.001-s43,lstm,base,43,mae,0.001,13,0.02387272561460115,0.03223654331112216,0.0010793707271580931,0.0014106411519002652
US-natural/lstm-mae-0.001-s43,lstm,base,43,mae,0.001,14,0.022128251989125026,0.029083967615059016,0.0008431057700801158,0.0011989213166090672
US-natural/lstm-mae-0.001-s43,lstm,base,43,mae,0.001,15,0.025026513209021755,0.01872269340027061,0.0009386538777900584,0.0005741972153707572
US-natural/lstm-mae-0.001-s43,lstm,base,43,mae,0.001,16,0.019615226906858154,0.02040763149308371,0.0006298510230832895,0.0006728753946697185
US-natural/lstm-mae-0.001-s43,lstm,base,43,mae,0.001,17,0.016485242668576816,0.020117791544380887,0.0005448563379049281,0.0006321534727758045
US-natural/lstm-mae-0.001-s43,lstm,base,43,mae,0.001,18,0.017463021272685997,0.030384802726327126,0.0005607840642463,0.0012764381048656227
US-natural/lstm-mae-0.001-s43,lstm,base,43,mae,0.001,19,0.02082633101627571,0.023204357248046273,0.000707603613153188,0.0008647730656983042
US-natural/lstm-mae-0.001-s43,lstm,base,43,mae,0.001,20,0.01898672342637314,0.029804211785526877,0.0006213791904577779,0.00129792258057474
US-natural/lstm-mae-0.001-s43,lstm,base,43,mae,0.001,21,0.02906498431384899,0.018487310361137734,0.001213073330107229,0.000566835940186447
US-natural/lstm-mae-0.001-s43,lstm,base,43,mae,0.001,22,0.03049397965293337,0.02742246003563233,0.0013966674233751755,0.0011463428330696082
US-natural/lstm-mae-0.001-s43,lstm,base,43,mae,0.001,23,0.03258200436314045,0.03668512356944833,0.0015999420929049333,0.0018417674744402692
US-natural/lstm-mae-0.001-s43,lstm,base,43,mae,0.001,24,0.023073129211872274,0.022463392068143167,0.0008732788457344793,0.0007972514383911078
US-natural/lstm-mae-0.001-s43,lstm,base,43,mae,0.001,25,0.019039453983745798,0.02249666984191678,0.0006005918934420103,0.00084138408957185
US-natural/lstm-mae-0.001-s43,lstm,base,43,mae,0.001,26,0.017832496440829876,0.01892562589966833,0.0006066943838503973,0.0005980698804956972
US-natural/lstm-mae-0.001-s43,lstm,base,43,mae,0.001,27,0.018607105536139923,0.024770699325872503,0.0005882692787014614,0.0008824533859630566
US-natural/lstm-mae-0.001-s43,lstm,base,43,mae,0.001,28,0.019148633908657557,0.027706898348402644,0.0006538888385964431,0.0010494421650941574
US-natural/lstm-mae-0.001-s43,lstm,base,43,mae,0.001,29,0.019943690654425295,0.01736346929440504,0.0006847104249196649,0.000500169267585476
US-natural/lstm-mae-0.001-s43,lstm,base,43,mae,0.001,30,0.015519593842659565,0.01769530685752636,0.000502814780812732,0.000564915787992406
US-natural/lstm-mae-0.001-s44,lstm,base,44,mae,0.001,1,0.08899878206194696,0.046018271320624346,0.012329980926170828,0.0029945954267073145
US-natural/lstm-mae-0.001-s44,lstm,base,44,mae,0.001,2,0.057851471762585,0.0786509110097662,0.005905227796912424,0.008042602261338556
US-natural/lstm-mae-0.001-s44,lstm,base,44,mae,0.001,3,0.0669349931938486,0.03505211687019226,0.005849479045103274,0.0020213876909324717
US-natural/lstm-mae-0.001-s44,lstm,base,44,mae,0.001,4,0.03762512926549607,0.028827467636759016,0.002754006198887583,0.001344173030835236
US-natural/lstm-mae-0.001-s44,lstm,base,44,mae,0.001,5,0.041684154838240145,0.028896396483686696,0.002503694898934021,0.0012000204435292565
US-natural/lstm-mae-0.001-s44,lstm,base,44,mae,0.001,6,0.02494396719400252,0.021238502595747354,0.0010754824017869648,0.0008278898826125183
US-natural/lstm-mae-0.001-s44,lstm,base,44,mae,0.001,7,0.026942991184354698,0.02122359357493493,0.0012642659055989549,0.0008938580919652255
US-natural/lstm-mae-0.001-s44,lstm,base,44,mae,0.001,8,0.02168631664812753,0.015471079983941363,0.0007404113868183716,0.00045717632611223346
US-natural/lstm-mae-0.001-s44,lstm,base,44,mae,0.001,9,0.01889491620904654,0.023190934726896994,0.0006873929643003994,0.0007910952379248327
US-natural/lstm-mae-0.001-s44,lstm,base,44,mae,0.001,10,0.017282008323539252,0.015669690141977534,0.0005764290565958923,0.0004481984474486952
US-natural/lstm-mae-0.001-s44,lstm,base,44,mae,0.001,11,0.01716258044551158,0.014436499500311471,0.0005702755759272899,0.0003811316870692052
US-natural/lstm-mae-0.001-s44,lstm,base,44,mae,0.001,12,0.016455075032584258,0.01598087840898852,0.0005147858585867575,0.00048346609852881835
US-natural/lstm-mae-0.001-s44,lstm,base,44,mae,0.001,13,0.01596605718981371,0.015728884228926855,0.0005126482163652068,0.00042873713269410765
US-natural/lstm-mae-0.001-s44,lstm,base,44,mae,0.001,14,0.015386209650367572,0.014993002477451159,0.0004735436515343975,0.00042389193160649195
US-natural/lstm-mae-0.001-s44,lstm,base,44,mae,0.001,15,0.015881495732382594,0.016040232949834372,0.0005090569306865272,0.00042738099980875607
US-natural/lstm-mae-0.001-s44,lstm,base,44,mae,0.001,16,0.01667676067196254,0.020067064610883888,0.000513525639087161,0.0006551986433545634
US-natural/lstm-mae-0.001-s44,lstm,base,44,mae,0.001,17,0.018074069679615175,0.01939218095107239,0.0005860338089049092,0.0006058231046079686
US-natural/lstm-mae-0.001-s44,lstm,base,44,mae,0.001,18,0.01908005791770516,0.019195545283295708,0.000633030337318942,0.0005536903310042593
US-natural/lstm-mae-0.001-s44,lstm,base,44,mae,0.001,19,0.018065768410662347,0.01662343943635899,0.0006029927659616161,0.000516315595592521
US-natural/lstm-mae-0.001-s44,lstm,base,44,mae,0.001,20,0.017684915270117105,0.018162607003451008,0.0006184915751353753,0.0006065170127571556
US-natural/lstm-mae-0.001-s44,lstm,base,44,mae,0.001,21,0.017123729499715797,0.015609605139638499,0.0005930399334001054,0.0004596051167673997
US-natural/lstm-mae-0.001-s44,lstm,base,44,mae,0.001,22,0.018090826694092683,0.014658419254193844,0.0005995847364995142,0.00039053695070210404
US-natural/lstm-mae-0.001-s44,lstm,base,44,mae,0.001,23,0.017480634988973558,0.015997789969327703,0.0005585766950491808,0.0004523886674875793
US-natural/lstm-mae-0.001-s44,lstm,base,44,mae,0.001,24,0.016650517154447042,0.015541706057946199,0.0005445161547581724,0.0004257000558935628
US-natural/lstm-mae-0.001-s44,lstm,base,44,mae,0.001,25,0.015174138988299338,0.016874844039209996,0.00047060329955599936,0.000516761344291149
US-natural/lstm-mae-0.001-s44,lstm,base,44,mae,0.001,26,0.015935793165268997,0.01797633280066457,0.0004981191901942035,0.0005116295735425488
US-natural/lstm-mae-0.001-s44,lstm,base,44,mae,0.001,27,0.01604668852888705,0.014556378382915257,0.0004776891207885868,0.00037061498186603635
US-natural/lstm-mae-0.001-s44,lstm,base,44,mae,0.001,28,0.0143746786236113,0.015318361874628667,0.0004101489270327895,0.0004200721315862276
US-natural/lstm-mae-0.001-s44,lstm,base,44,mae,0.001,29,0.014934748102643872,0.01662453410049379,0.0004567936213428489,0.0004943591486248457
US-natural/lstm-mae-0.001-s44,lstm,base,44,mae,0.001,30,0.014196165609138089,0.015730866119999617,0.0004128150002770746,0.00041999890179176945
US-natural/lstm-huber-0.0001-s42,lstm,base,42,huber,0.0001,1,0.22893405037916403,0.09785487673161093,0.08780964119001612,0.016859926828965054
US-natural/lstm-huber-0.0001-s42,lstm,base,42,huber,0.0001,2,0.10177523074721918,0.08185478379299646,0.016263221347217992,0.012608992236814283
US-natural/lstm-huber-0.0001-s42,lstm,base,42,huber,0.0001,3,0.07628983293606359,0.06678761479328424,0.00882608589358551,0.008568289422240232
US-natural/lstm-huber-0.0001-s42,lstm,base,42,huber,0.0001,4,0.06569067940513106,0.08056192094376505,0.007840500182997185,0.011578116622645256
US-natural/lstm-huber-0.0001-s42,lstm,base,42,huber,0.0001,5,0.05236988032757144,0.059585780964092366,0.0046623100466375526,0.006997567676498693
US-natural/lstm-huber-0.0001-s42,lstm,base,42,huber,0.0001,6,0.040640762929854045,0.05501647034532283,0.0033985750506578052,0.005927302532613198
US-natural/lstm-huber-0.0001-s42,lstm,base,42,huber,0.0001,7,0.033835526486103586,0.05250674638579369,0.002504328485184048,0.00507135136899478
US-natural/lstm-huber-0.0001-s42,lstm,base,42,huber,0.0001,8,0.030801259794103433,0.06138083197392197,0.0017826153913130447,0.006042025474916082
US-natural/lstm-huber-0.0001-s42,lstm,base,42,huber,0.0001,9,0.027004030592405238,0.04583702346938701,0.0014949499085442635,0.003712072965770663
US-natural/lstm-huber-0.0001-s42,lstm,base,42,huber,0.0001,10,0.02426301770732117,0.04346278649953536,0.001192655247078894,0.003226220483596591
US-natural/lstm-huber-0.0001-s42,lstm,base,42,huber,0.0001,11,0.02194182968524447,0.036183200685195954,0.000992138460963262,0.0022708524364907076
US-natural/lstm-huber-0.0001-s42,lstm,base,42,huber,0.0001,12,0.021423783310530475,0.043945694834799605,0.0008320525234427142,0.002985660922977037
US-natural/lstm-huber-0.0001-s42,lstm,base,42,huber,0.0001,13,0.026663138507012137,0.04408813479521538,0.0011756189984683783,0.0028992598842431266
US-natural/lstm-huber-0.0001-s42,lstm,base,42,huber,0.0001,14,0.02253948470463685,0.034877217820758796,0.0009309874219696213,0.0018656849197138177
US-natural/lstm-huber-0.0001-s42,lstm,base,42,huber,0.0001,15,0.018736091718200766,0.0251822518436608,0.0006735149588310318,0.0010768022743291015
US-natural/lstm-huber-0.0001-s42,lstm,base,42,huber,0.0001,16,0.017834070137963683,0.02781796317525109,0.0006155725963565219,0.001270930622206633
US-natural/lstm-huber-0.0001-s42,lstm,base,42,huber,0.0001,17,0.016742320683618833,0.02424408017767253,0.0005712320935745188,0.0009918341671930552
US-natural/lstm-huber-0.0001-s42,lstm,base,42,huber,0.0001,18,0.016888690338411207,0.022903740962889555,0.0005788457627118021,0.0008702563584716817
US-natural/lstm-huber-0.0001-s42,lstm,base,42,huber,0.0001,19,0.018778740127593983,0.02325749579676863,0.0006012287711431551,0.0008610173698561323
US-natural/lstm-huber-0.0001-s42,lstm,base,42,huber,0.0001,20,0.01864137792103938,0.023229774425362795,0.0006357924363568612,0.0008815425014565916
US-natural/lstm-huber-0.0001-s42,lstm,base,42,huber,0.0001,21,0.017326837668310818,0.025611564720736668,0.0005715930508176091,0.0010901075418449494
US-natural/lstm-huber-0.0001-s42,lstm,base,42,huber,0.0001,22,0.015816707408202544,0.026650102932080567,0.0005063360603487675,0.0011635329811891851
US-natural/lstm-huber-0.0001-s42,lstm,base,42,huber,0.0001,23,0.015529858968337756,0.026609581325945965,0.000508886664751456,0.0011722472030436379
US-natural/lstm-huber-0.0001-s42,lstm,base,42,huber,0.0001,24,0.016624999674495614,0.03154177693868454,0.0005522339411302046,0.0015604306198679406
US-natural/lstm-huber-0.0001-s42,lstm,base,42,huber,0.0001,25,0.016418218051098818,0.027894469714910067,0.0005231939969156796,0.0012685778552280092
US-natural/lstm-huber-0.0001-s42,lstm,base,42,huber,0.0001,26,0.018989842214430053,0.023060715167731477,0.0006512794036325133,0.0008929636886176758
US-natural/lstm-huber-0.0001-s42,lstm,base,42,huber,0.0001,27,0.01585948299545928,0.022775952701333573,0.0005082339794055419,0.0008856165186900484
US-natural/lstm-huber-0.0001-s42,lstm,base,42,huber,0.0001,28,0.017739151755819436,0.03909771353628883,0.0006024154352043199,0.002247271017580522
US-natural/lstm-huber-0.0001-s42,lstm,base,42,huber,0.0001,29,0.02251896581894767,0.03391823602440126,0.0008394450255486577,0.0017431087805928544
US-natural/lstm-huber-0.0001-s42,lstm,base,42,huber,0.0001,30,0.017605348355781217,0.035405891730039885,0.0006462078241996289,0.0018862412726878275
US-natural/lstm-huber-0.0001-s43,lstm,base,43,huber,0.0001,1,0.08238333570322123,0.051200555745846366,0.009348006111052585,0.004796005318110128
US-natural/lstm-huber-0.0001-s43,lstm,base,43,huber,0.0001,2,0.06191229256459997,0.057748751595027216,0.005656428352927522,0.005750943721197744
US-natural/lstm-huber-0.0001-s43,lstm,base,43,huber,0.0001,3,0.05302897507777466,0.03963561712166755,0.004927704573324873,0.0028193386068942694
US-natural/lstm-huber-0.0001-s43,lstm,base,43,huber,0.0001,4,0.040089986147392155,0.040002879560081715,0.0029930409121625176,0.0025290487189222116
US-natural/lstm-huber-0.0001-s43,lstm,base,43,huber,0.0001,5,0.033248444754249304,0.039746279991249175,0.0021150766521602373,0.002654162052455525
US-natural/lstm-huber-0.0001-s43,lstm,base,43,huber,0.0001,6,0.03264187276791596,0.031292261547519074,0.001905463580362507,0.0016299883453633228
US-natural/lstm-huber-0.0001-s43,lstm,base,43,huber,0.0001,7,0.02640015798086505,0.030577421449617462,0.0012004394809496514,0.0014341479875110098
US-natural/lstm-huber-0.0001-s43,lstm,base,43,huber,0.0001,8,0.02516556665540946,0.03438192204458354,0.0011025730429135303,0.001787668725822198
US-natural/lstm-huber-0.0001-s43,lstm,base,43,huber,0.0001,9,0.02144395193144775,0.02963426859286525,0.0008372724996631326,0.0013951287309649117
US-natural/lstm-huber-0.0001-s43,lstm,base,43,huber,0.0001,10,0.019886841471923267,0.032288540733603044,0.0007365743220172625,0.0016281257016231268
US-natural/lstm-huber-0.0001-s43,lstm,base,43,huber,0.0001,11,0.02069518425659803,0.03344358780616805,0.0007242849237667926,0.001699294905183244
US-natural/lstm-huber-0.0001-s43,lstm,base,43,huber,0.0001,12,0.020305223928672768,0.029012711388881778,0.0007237555280956988,0.0013415056048951275
US-natural/lstm-huber-0.0001-s43,lstm,base,43,huber,0.0001,13,0.020065516432803528,0.02739653777373755,0.0007014997524022558,0.0011953128862408028
US-natural/lstm-huber-0.0001-s43,lstm,base,43,huber,0.0001,14,0.017374665050010774,0.02577646289429219,0.0005570166815229634,0.0010873057015472359
US-natural/lstm-huber-0.0001-s43,lstm,base,43,huber,0.0001,15,0.017138457786793654,0.026283456793768405,0.0005457564822489483,0.0011126853910107364
US-natural/lstm-huber-0.0001-s43,lstm,base,43,huber,0.0001,16,0.01617079288364726,0.02700906199271811,0.0005093955268871405,0.0011724883611312037
US-natural/lstm-huber-0.0001-s43,lstm,base,43,huber,0.0001,17,0.0158513807277203,0.02716802281320022,0.0004892895199985693,0.001195953720129477
US-natural/lstm-huber-0.0001-s43,lstm,base,43,huber,0.0001,18,0.016745521122707448,0.030525460431255532,0.000531191369545817,0.001395437813035582
US-natural/lstm-huber-0.0001-s43,lstm,base,43,huber,0.0001,19,0.015338222660926817,0.025699457686692826,0.0004724748043542996,0.0010766751494730013
US-natural/lstm-huber-0.0001-s43,lstm,base,43,huber,0.0001,20,0.01458836465511911,0.025708574672516166,0.00044252817990304675,0.0010672877092854543
US-natural/lstm-huber-0.0001-s43,lstm,base,43,huber,0.0001,21,0.015332564473774516,0.025449375552850623,0.0004634805316540005,0.0010513751168996603
US-natural/lstm-huber-0.0001-s43,lstm,base,43,huber,0.0001,22,0.016600357001507866,0.025223718147757753,0.0005302082673454119,0.0010296635308570628
US-natural/lstm-huber-0.0001-s43,lstm,base,43,huber,0.0001,23,0.014139445844853523,0.025416371331733592,0.00042005041285494656,0.0010423715020159215
US-natural/lstm-huber-0.0001-s43,lstm,base,43,huber,0.0001,24,0.015406763958029009,0.02717445864170468,0.0004617081764789758,0.001171937944613079
US-natural/lstm-huber-0.0001-s43,lstm,base,43,huber,0.0001,25,0.016077797748969273,0.03156745293491859,0.0004942659969691894,0.0014505668981394692
US-natural/lstm-huber-0.0001-s43,lstm,base,43,huber,0.0001,26,0.015523667488681161,0.027572151895155553,0.00045909517352334106,0.0011785205647734018
US-natural/lstm-huber-0.0001-s43,lstm,base,43,huber,0.0001,27,0.015189507453457034,0.028068695740583988,0.00046039494115554996,0.0012035260673106366
US-natural/lstm-huber-0.0001-s43,lstm,base,43,huber,0.0001,28,0.014155210095219499,0.030827678509111153,0.0004047624557454538,0.00139168368992446
US-natural/lstm-huber-0.0001-s43,lstm,base,43,huber,0.0001,29,0.01494905282425294,0.026480830820791165,0.0004157855092690827,0.001125508232673505
US-natural/lstm-huber-0.0001-s43,lstm,base,43,huber,0.0001,30,0.014250205870898395,0.02585605759845103,0.0003951933399457416,0.001088165784408811
US-natural/lstm-huber-0.0001-s44,lstm,base,44,huber,0.0001,1,0.06759243844780842,0.04679519369888921,0.006994735581279782,0.004202263968763046
US-natural/lstm-huber-0.0001-s44,lstm,base,44,huber,0.0001,2,0.05460789479377261,0.05851898044334306,0.004548182116908023,0.005434747395982383
US-natural/lstm-huber-0.0001-s44,lstm,base,44,huber,0.0001,3,0.045394051740091326,0.058491151804497196,0.003183595196253137,0.004684702003355163
US-natural/lstm-huber-0.0001-s44,lstm,base,44,huber,0.0001,4,0.032400566524194846,0.03051778196124051,0.0017032103416266284,0.0016050609744177218
US-natural/lstm-huber-0.0001-s44,lstm,base,44,huber,0.0001,5,0.02821846072300033,0.026526462109095546,0.0013794280541764559,0.001168442137969049
US-natural/lstm-huber-0.0001-s44,lstm,base,44,huber,0.0001,6,0.02705856839473351,0.02626020136255577,0.0011750004460126698,0.0011810514487758435
US-natural/lstm-huber-0.0001-s44,lstm,base,44,huber,0.0001,7,0.02459034402204555,0.030709023667566795,0.0010464938785087134,0.0014342280349469516
US-natural/lstm-huber-0.0001-s44,lstm,base,44,huber,0.0001,8,0.022356993427964017,0.03186070135490199,0.0008992113323870482,0.0015119076268389027
US-natural/lstm-huber-0.0001-s44,lstm,base,44,huber,0.0001,9,0.021031678185567202,0.02307417579820652,0.0007870747792040155,0.0009051901705584112
US-natural/lstm-huber-0.0001-s44,lstm,base,44,huber,0.0001,10,0.020630453998222695,0.0233777645057885,0.0007776609337423466,0.0009055558482678327
US-natural/lstm-huber-0.0001-s44,lstm,base,44,huber,0.0001,11,0.019640845925386785,0.028361352265991426,0.0007181903707032979,0.0012183139911138788
US-natural/lstm-huber-0.0001-s44,lstm,base,44,huber,0.0001,12,0.02042650956842106,0.02606597143212379,0.0007026485123016355,0.001070066199208922
US-natural/lstm-huber-0.0001-s44,lstm,base,44,huber,0.0001,13,0.019400119249360102,0.02278927201703074,0.0006806984765287357,0.0009535984053774282
US-natural/lstm-huber-0.0001-s44,lstm,base,44,huber,0.0001,14,0.019725521837759902,0.021071992170891233,0.0006687115995831071,0.0008148509005970523
US-natural/lstm-huber-0.0001-s44,lstm,base,44,huber,0.0001,15,0.01841037947444629,0.020347061104835897,0.0006169598200436451,0.0007609671786726363
US-natural/lstm-huber-0.0001-s44,lstm,base,44,huber,0.0001,16,0.018382344600670602,0.022120555581414278,0.0005696125681457643,0.0008208562090091091
US-natural/lstm-huber-0.0001-s44,lstm,base,44,huber,0.0001,17,0.01700254416058784,0.020865743693913537,0.0005265697474363918,0.0007863269533326361
US-natural/lstm-huber-0.0001-s44,lstm,base,44,huber,0.0001,18,0.016833954027674302,0.022966734451191545,0.0005334999402467247,0.0008551641428836954
US-natural/lstm-huber-0.0001-s44,lstm,base,44,huber,0.0001,19,0.01716634438015071,0.020383178015156017,0.0005561747443063787,0.0007287565410625873
US-natural/lstm-huber-0.0001-s44,lstm,base,44,huber,0.0001,20,0.016063361967903384,0.020315655197725803,0.0004986402513505819,0.0007480564181676997
US-natural/lstm-huber-0.0001-s44,lstm,base,44,huber,0.0001,21,0.016594409564498605,0.022402411215061858,0.0005069825156150738,0.0008322962164585865
US-natural/lstm-huber-0.0001-s44,lstm,base,44,huber,0.0001,22,0.018391021370908,0.020479856224685716,0.0005634092826099672,0.0007622739306110622
US-natural/lstm-huber-0.0001-s44,lstm,base,44,huber,0.0001,23,0.021181087753626735,0.025454640286593146,0.0007367556418241283,0.0010709204653872692
US-natural/lstm-huber-0.0001-s44,lstm,base,44,huber,0.0001,24,0.01803947705417457,0.024695235073968747,0.0005768474037196301,0.0010007763830588961
US-natural/lstm-huber-0.0001-s44,lstm,base,44,huber,0.0001,25,0.01655551459694089,0.0220779835558428,0.0005090076133177018,0.0008225189470614232
US-natural/lstm-huber-0.0001-s44,lstm,base,44,huber,0.0001,26,0.015744251098993307,0.02018713504532399,0.00046271618723176276,0.0007860685660408735
US-natural/lstm-huber-0.0001-s44,lstm,base,44,huber,0.0001,27,0.016539512027194853,0.021374379633760193,0.00047898124625349265,0.0008018992256835077
US-natural/lstm-huber-0.0001-s44,lstm,base,44,huber,0.0001,28,0.018661101191006883,0.026651889250116804,0.0005478608997655098,0.0010784501093960984
US-natural/lstm-huber-0.0001-s44,lstm,base,44,huber,0.0001,29,0.01910375455547,0.021446613578758544,0.0006084446522718334,0.0007927920307311522
US-natural/lstm-huber-0.0001-s44,lstm,base,44,huber,0.0001,30,0.01884832228447878,0.019725610662051727,0.0005845018589926652,0.0006882097082733666
US-natural/lstm-huber-0.001-s42,lstm,base,42,huber,0.001,1,0.13487732279103706,0.07944172680867508,0.04781822456940158,0.007936010039436187
US-natural/lstm-huber-0.001-s42,lstm,base,42,huber,0.001,2,0.07493695854061802,0.03424978362628683,0.008834231546548051,0.001864980521328405
US-natural/lstm-huber-0.001-s42,lstm,base,42,huber,0.001,3,0.04302322590425784,0.06270296597678186,0.0026436988675003314,0.005004717611522532
US-natural/lstm-huber-0.001-s42,lstm,base,42,huber,0.001,4,0.04052497626202356,0.0282733065325556,0.0023697282678302157,0.001222398523026182
US-natural/lstm-huber-0.001-s42,lstm,base,42,huber,0.001,5,0.02944358722330657,0.050757665752807546,0.0013358103865542784,0.0031802737584029237
US-natural/lstm-huber-0.001-s42,lstm,base,42,huber,0.001,6,0.03381049807704853,0.022898535595683365,0.0017764807378661451,0.0008212858957778245
US-natural/lstm-huber-0.001-s42,lstm,base,42,huber,0.001,7,0.026675100083342198,0.029209348944601317,0.0011232346085478383,0.0012275026653811002
US-natural/lstm-huber-0.001-s42,lstm,base,42,huber,0.001,8,0.02644874627045831,0.01931549519077364,0.001050839053726388,0.0006400616067459642
US-natural/lstm-huber-0.001-s42,lstm,base,42,huber,0.001,9,0.022055364577544798,0.020321517618981096,0.000853800352934422,0.0007342506406937889
US-natural/lstm-huber-0.001-s42,lstm,base,42,huber,0.001,10,0.01939970099782646,0.021385930639128047,0.0006974658430141619,0.0006966430640636673
US-natural/lstm-huber-0.001-s42,lstm,base,42,huber,0.001,11,0.018406648746615233,0.02401544100346996,0.0006461707551132873,0.0008402350083345799
US-natural/lstm-huber-0.001-s42,lstm,base,42,huber,0.001,12,0.02241835516022078,0.024568405426474888,0.0008855800998871508,0.000889948634518371
US-natural/lstm-huber-0.001-s42,lstm,base,42,huber,0.001,13,0.025758528771184924,0.02015688367417521,0.0010368307443074014,0.0006680808448375716
US-natural/lstm-huber-0.001-s42,lstm,base,42,huber,0.001,14,0.02305009532093285,0.018296882007533526,0.000860967474757479,0.0005723212801356394
US-natural/lstm-huber-0.001-s42,lstm,base,42,huber,0.001,15,0.018721731509072442,0.016820310264233765,0.0006336480084137045,0.0004738803127404722
US-natural/lstm-huber-0.001-s42,lstm,base,42,huber,0.001,16,0.016626982385817186,0.017732548242288013,0.0005302558322450951,0.0005743499345040628
US-natural/lstm-huber-0.001-s42,lstm,base,42,huber,0.001,17,0.021432746526108323,0.024355537125383995,0.0007343822318967458,0.0008470799590784819
US-natural/lstm-huber-0.001-s42,lstm,base,42,huber,0.001,18,0.01910586772527342,0.01830451051257764,0.0007133909662755821,0.0005721407993491108
US-natural/lstm-huber-0.001-s42,lstm,base,42,huber,0.001,19,0.018110569205585982,0.019273080725797406,0.0006160197635845929,0.0005791090310765071
US-natural/lstm-huber-0.001-s42,lstm,base,42,huber,0.001,20,0.016751651262883006,0.017889591018501728,0.0005187389341290846,0.0005738748526724154
US-natural/lstm-huber-0.001-s42,lstm,base,42,huber,0.001,21,0.015531174371704037,0.01838522197075192,0.00047525512077026407,0.0006066937858733545
US-natural/lstm-huber-0.001-s42,lstm,base,42,huber,0.001,22,0.01556688421224494,0.016326243292245374,0.0004547832891314438,0.000464456118179071
US-natural/lstm-huber-0.001-s42,lstm,base,42,huber,0.001,23,0.014408742649158928,0.015632532595496833,0.00043402125472795323,0.0004354460329742581
US-natural/lstm-huber-0.001-s42,lstm,base,42,huber,0.001,24,0.01436991926590926,0.01609478587199511,0.0004416202952130385,0.0004597639654258072
US-natural/lstm-huber-0.001-s42,lstm,base,42,huber,0.001,25,0.014078187127450296,0.017545764492577418,0.00040860469754846644,0.0005228426755854044
US-natural/lstm-huber-0.001-s42,lstm,base,42,huber,0.001,26,0.015113359374373962,0.01630919534885366,0.0004503110727656961,0.0004629527915491341
US-natural/lstm-huber-0.001-s42,lstm,base,42,huber,0.001,27,0.014244543122495595,0.018542441428845976,0.0004304151840315075,0.0006011391730747234
US-natural/lstm-huber-0.001-s42,lstm,base,42,huber,0.001,28,0.015510940819880895,0.01758123789236216,0.00047029679719529067,0.0005101439826926535
US-natural/lstm-huber-0.001-s42,lstm,base,42,huber,0.001,29,0.01708435717358128,0.015519057030846795,0.0005905884555695186,0.00043127850909702213
US-natural/lstm-huber-0.001-s42,lstm,base,42,huber,0.001,30,0.01489600999606343,0.02315988036275332,0.00048558853934131836,0.0008616379244244291
US-natural/lstm-huber-0.001-s43,lstm,base,43,huber,0.001,1,0.08341084744142664,0.04657244348813117,0.013881818422798647,0.0032044000660710536
US-natural/lstm-huber-0.001-s43,lstm,base,43,huber,0.001,2,0.08197170573681689,0.06492792074055231,0.009295752859093146,0.0054689844138606
US-natural/lstm-huber-0.001-s43,lstm,base,43,huber,0.001,3,0.06411901397791595,0.030472413000210773,0.006181094576756009,0.0014213004802468814
US-natural/lstm-huber-0.001-s43,lstm,base,43,huber,0.001,4,0.052059683115723426,0.02994838126297246,0.0036711896430296296,0.001351544635631156
US-natural/lstm-huber-0.001-s43,lstm,base,43,huber,0.001,5,0.03398846439793184,0.03307082699598933,0.0019695949033223113,0.0019305856622413152
US-natural/lstm-huber-0.001-s43,lstm,base,43,huber,0.001,6,0.026502652380133596,0.027136737519318745,0.0012695670268929133,0.0012585246687273493
US-natural/lstm-huber-0.001-s43,lstm,base,43,huber,0.001,7,0.02327197368203407,0.03236040827274191,0.0010056723949588215,0.0017355906031191963
US-natural/lstm-huber-0.001-s43,lstm,base,43,huber,0.001,8,0.03330077811277919,0.028584483158838672,0.00170087166113923,0.0012544761736437101
US-natural/lstm-huber-0.001-s43,lstm,base,43,huber,0.001,9,0.020731875264899922,0.025492437159284297,0.0006992570729607516,0.001028593976510144
US-natural/lstm-huber-0.001-s43,lstm,base,43,huber,0.001,10,0.023227358288226335,0.025538880810324835,0.0008482202230390515,0.0011133923514566365
US-natural/lstm-huber-0.001-s43,lstm,base,43,huber,0.001,11,0.01969427588110429,0.025229707935827194,0.0006879719532018261,0.0009315007033338965
US-natural/lstm-huber-0.001-s43,lstm,base,43,huber,0.001,12,0.02527946169636909,0.026994051606962745,0.0009578699653980648,0.0013189495854782503
US-natural/lstm-huber-0.001-s43,lstm,base,43,huber,0.001,13,0.022366989972875256,0.020593598144435524,0.0008840594398757248,0.0006825475862459216
US-natural/lstm-huber-0.001-s43,lstm,base,43,huber,0.001,14,0.0216375784036041,0.0408601509487111,0.0009396713037773803,0.0021161965319900036
US-natural/lstm-huber-0.001-s43,lstm,base,43,huber,0.001,15,0.02566120158845343,0.020249360372538168,0.0010139500225578016,0.000635206400029139
US-natural/lstm-huber-0.001-s43,lstm,base,43,huber,0.001,16,0.017969411129882647,0.0201154727317195,0.0006145053783449954,0.0006666124504552929
US-natural/lstm-huber-0.001-s43,lstm,base,43,huber,0.001,17,0.017724047719490457,0.023993738842597874,0.0006168138463085376,0.0009155990169755538
US-natural/lstm-huber-0.001-s43,lstm,base,43,huber,0.001,18,0.017173967435882016,0.02017903391386354,0.0005508892416802377,0.0006864535349303323
US-natural/lstm-huber-0.001-s43,lstm,base,43,huber,0.001,19,0.01859992766828718,0.020391031516548513,0.0006031348538105393,0.0006570221075542827
US-natural/lstm-huber-0.001-s43,lstm,base,43,huber,0.001,20,0.017776844345362537,0.019079145539135804,0.0005812967548569631,0.0006066972959017156
US-natural/lstm-huber-0.001-s43,lstm,base,43,huber,0.001,21,0.01930442823520897,0.021221381156495956,0.0006474650291451939,0.0007123663963176108
US-natural/lstm-huber-0.001-s43,lstm,base,43,huber,0.001,22,0.017672250726578048,0.02053481922538223,0.0005501181379700052,0.0006984014181228135
US-natural/lstm-huber-0.001-s43,lstm,base,43,huber,0.001,23,0.018404762492698023,0.019570508202446543,0.0006216939505186523,0.0006306103758085196
US-natural/lstm-huber-0.001-s43,lstm,base,43,huber,0.001,24,0.01909085124456876,0.026462278462463698,0.0007011319735265533,0.0011858925486429369
US-natural/lstm-huber-0.001-s43,lstm,base,43,huber,0.001,25,0.02320729281919769,0.018113067041670632,0.0008324084875389483,0.0005605440007431313
US-natural/lstm-huber-0.001-s43,lstm,base,43,huber,0.001,26,0.018618466801624788,0.017668268746257768,0.0006256725076276439,0.0005056725266217726
US-natural/lstm-huber-0.001-s43,lstm,base,43,huber,0.001,27,0.0200988177800418,0.029955571921721384,0.0006914064229874153,0.00129908184573347
US-natural/lstm-huber-0.001-s43,lstm,base,43,huber,0.001,28,0.02409512512739515,0.02927575788724011,0.0009057295608659782,0.0011879023939635968
US-natural/lstm-huber-0.001-s43,lstm,base,43,huber,0.001,29,0.021203932909908865,0.017061258276700474,0.0007940978907724523,0.000482192172391869
US-natural/lstm-huber-0.001-s43,lstm,base,43,huber,0.001,30,0.015371180348678345,0.017232932024543172,0.0004801421926410222,0.0005628248864315604
US-natural/lstm-huber-0.001-s44,lstm,base,44,huber,0.001,1,0.08894754445372105,0.04541916104267795,0.012249360356488374,0.0029508285642964416
US-natural/lstm-huber-0.001-s44,lstm,base,44,huber,0.001,2,0.05429646133923239,0.083805727061867,0.004887470633247648,0.008719669775692239
US-natural/lstm-huber-0.001-s44,lstm,base,44,huber,0.001,3,0.054131067228059604,0.03038484129042297,0.004983223785670899,0.0015260599414876122
US-natural/lstm-huber-0.001-s44,lstm,base,44,huber,0.001,4,0.039234338561268386,0.02719461364913348,0.0026385443391248324,0.0011662518860391046
US-natural/lstm-huber-0.001-s44,lstm,base,44,huber,0.001,5,0.03832030786655857,0.025728092802967194,0.0021630103235445587,0.0011722805765345028
US-natural/lstm-huber-0.001-s44,lstm,base,44,huber,0.001,6,0.0302276458446881,0.023900299101061978,0.0015111397390280576,0.0010460765849034791
US-natural/lstm-huber-0.001-s44,lstm,base,44,huber,0.001,7,0.02576199203782805,0.020000067300921975,0.0011685643870298639,0.0007655772449167024
US-natural/lstm-huber-0.001-s44,lstm,base,44,huber,0.001,8,0.01957425134279362,0.01774324612982077,0.0006221275869899366,0.0005694076574283177
US-natural/lstm-huber-0.001-s44,lstm,base,44,huber,0.001,9,0.018659454260211313,0.01853929693767774,0.0006643820539469888,0.0005694889322327906
US-natural/lstm-huber-0.001-s44,lstm,base,44,huber,0.001,10,0.01672702412386227,0.015455164266792165,0.0005429750235674925,0.0004378665940201394
US-natural/lstm-huber-0.001-s44,lstm,base,44,huber,0.001,11,0.016006557779777237,0.015421886771192755,0.0005148365126929777,0.0004211953625999748
US-natural/lstm-huber-0.001-s44,lstm,base,44,huber,0.001,12,0.0156695702525109,0.014604640236175519,0.0004906878219827401,0.0004057063983492065
US-natural/lstm-huber-0.001-s44,lstm,base,44,huber,0.001,13,0.01538518060413437,0.014586902533524952,0.00047425092901043917,0.00039417301035113574
US-natural/lstm-huber-0.001-s44,lstm,base,44,huber,0.001,14,0.014860233047864158,0.015258038655402505,0.0004612703621107699,0.0004367507452020054
US-natural/lstm-huber-0.001-s44,lstm,base,44,huber,0.001,15,0.015053501926973155,0.0150264911112879,0.0004693509294561577,0.0003980127874610326
US-natural/lstm-huber-0.001-s44,lstm,base,44,huber,0.001,16,0.015033635657258917,0.018755070454647086,0.00044753196558169396,0.0005842579097339143
US-natural/lstm-huber-0.001-s44,lstm,base,44,huber,0.001,17,0.015488180562422788,0.014683706475473533,0.0004966807385708859,0.0004009084939733799
US-natural/lstm-huber-0.001-s44,lstm,base,44,huber,0.001,18,0.015007671540815361,0.01611796379844908,0.0004545331643667825,0.00048719034892421654
US-natural/lstm-huber-0.001-s44,lstm,base,44,huber,0.001,19,0.014434270240046095,0.015517035689021604,0.0004337754402853165,0.00042591534433566845
US-natural/lstm-huber-0.001-s44,lstm,base,44,huber,0.001,20,0.014856207288026047,0.014700163207712358,0.00045452091943367723,0.00040550849533922516
US-natural/lstm-huber-0.001-s44,lstm,base,44,huber,0.001,21,0.015681474828835532,0.01670048683135792,0.00048801917337656464,0.00047746679657537425
US-natural/lstm-huber-0.001-s44,lstm,base,44,huber,0.001,22,0.017205841086621283,0.02306072590140814,0.0005258582712115001,0.0008223503679329184
US-natural/lstm-huber-0.001-s44,lstm,base,44,huber,0.001,23,0.015761854842473517,0.01584709813430372,0.0004952848629449857,0.000430531854013922
US-natural/lstm-huber-0.001-s44,lstm,base,44,huber,0.001,24,0.01550849307876645,0.01815757930854416,0.0004688602641672444,0.0006502103062121892
US-natural/lstm-huber-0.001-s44,lstm,base,44,huber,0.001,25,0.016492231790583855,0.017050365522096985,0.0005193693380375275,0.00047137144986259634
US-natural/lstm-huber-0.001-s44,lstm,base,44,huber,0.001,26,0.01932337485600651,0.01620960570893465,0.0006422156813693085,0.0004769722738904678
US-natural/lstm-huber-0.001-s44,lstm,base,44,huber,0.001,27,0.016396493588888505,0.016522893035938728,0.0005294037175292332,0.0004927757350563154
US-natural/lstm-huber-0.001-s44,lstm,base,44,huber,0.001,28,0.014094876176747833,0.014912161744508151,0.0004102772151670886,0.0004136862928625315
US-natural/lstm-huber-0.001-s44,lstm,base,44,huber,0.001,29,0.013422469884217981,0.01645373098271437,0.0003938856191709487,0.00045674673474876276
US-natural/lstm-huber-0.001-s44,lstm,base,44,huber,0.001,30,0.014097016607037374,0.015311687032025885,0.0004014437711325659,0.00041611840164934257
US-natural/gru-mse-0.0001-s42,gru,base,42,mse,0.0001,1,0.13511611160450576,0.10903828425946475,0.02559011015423904,0.014136889180065327
US-natural/gru-mse-0.0001-s42,gru,base,42,mse,0.0001,2,0.1059205285772409,0.06734241498822556,0.014328858406172516,0.006731453782296441
US-natural/gru-mse-0.0001-s42,gru,base,42,mse,0.0001,3,0.07743065375530025,0.05796815539719674,0.008128107119066736,0.004543836455983638
US-natural/gru-mse-0.0001-s42,gru,base,42,mse,0.0001,4,0.05426591075925126,0.04142438108824455,0.004170330408050416,0.00265936159884996
US-natural/gru-mse-0.0001-s42,gru,base,42,mse,0.0001,5,0.04339556131988068,0.03487200377549015,0.002630251602414229,0.0018198572006426952
US-natural/gru-mse-0.0001-s42,gru,base,42,mse,0.0001,6,0.0323995296653498,0.03476224810633806,0.0015330152477486033,0.001973713843358414
US-natural/gru-mse-0.0001-s42,gru,base,42,mse,0.0001,7,0.03141745847487761,0.029132103364292797,0.0014595900556563222,0.0013339591909605256
US-natural/gru-mse-0.0001-s42,gru,base,42,mse,0.0001,8,0.029789800586427738,0.03113880417444862,0.0013539389710186915,0.001601231363908961
US-natural/gru-mse-0.0001-s42,gru,base,42,mse,0.0001,9,0.025924017332215887,0.02682805064272007,0.001056946757808343,0.001226595541848057
US-natural/gru-mse-0.0001-s42,gru,base,42,mse,0.0001,10,0.023747580513543008,0.025411295850786123,0.0008961475384779545,0.0011110170207382216
US-natural/gru-mse-0.0001-s42,gru,base,42,mse,0.0001,11,0.02208309508109472,0.02432828863612965,0.0007908770172770674,0.00102217649753088
US-natural/gru-mse-0.0001-s42,gru,base,42,mse,0.0001,12,0.02034421855755988,0.02697713473698919,0.0007169113586573185,0.0012124455094924503
US-natural/gru-mse-0.0001-s42,gru,base,42,mse,0.0001,13,0.020114315360784327,0.023276869487646262,0.0006768229309186502,0.0009407243127947325
US-natural/gru-mse-0.0001-s42,gru,base,42,mse,0.0001,14,0.018976629325109903,0.02299617576642453,0.0006334927837174425,0.0009190885174259838
US-natural/gru-mse-0.0001-s42,gru,base,42,mse,0.0001,15,0.018515700324332803,0.025462725071068663,0.0006210419195050494,0.0010667341862121936
US-natural/gru-mse-0.0001-s42,gru,base,42,mse,0.0001,16,0.018544961425990252,0.02144006850418718,0.0006124385078658986,0.0007998275017283682
US-natural/gru-mse-0.0001-s42,gru,base,42,mse,0.0001,17,0.019206699990092398,0.021533158161673137,0.0006289708024415321,0.0008056784346397272
US-natural/gru-mse-0.0001-s42,gru,base,42,mse,0.0001,18,0.01809038619179198,0.023180381149532248,0.0005896271256195201,0.0009048676040847199
US-natural/gru-mse-0.0001-s42,gru,base,42,mse,0.0001,19,0.017277316895284438,0.023627470927144255,0.0005485675749071774,0.0009382206566683652
US-natural/gru-mse-0.0001-s42,gru,base,42,mse,0.0001,20,0.01716612503915608,0.0236787765713392,0.0005320291570738604,0.000937317511649337
US-natural/gru-mse-0.0001-s42,gru,base,42,mse,0.0001,21,0.017015299778347474,0.024030716638234355,0.0005203004179630164,0.0009576944495273958
US-natural/gru-mse-0.0001-s42,gru,base,42,mse,0.0001,22,0.01707833540369863,0.02416789086722788,0.0005222808684268835,0.0009660914549982452
US-natural/gru-mse-0.0001-s42,gru,base,42,mse,0.0001,23,0.0165184364531279,0.024746425280123767,0.0005011877358046004,0.000998905117140939
US-natural/gru-mse-0.0001-s42,gru,base,42,mse,0.0001,24,0.016301983219311728,0.02161637932501051,0.0004917329229117191,0.0008064835362680841
US-natural/gru-mse-0.0001-s42,gru,base,42,mse,0.0001,25,0.016351991124885445,0.022149347002326212,0.0004987151956737456,0.000836414004071362
US-natural/gru-mse-0.0001-s42,gru,base,42,mse,0.0001,26,0.016246474427233124,0.02435393839435267,0.0004831631291970163,0.000966752592275873
US-natural/gru-mse-0.0001-s42,gru,base,42,mse,0.0001,27,0.015779830656674473,0.023630504326234127,0.00046416814652203034,0.0009214280983911148
US-natural/gru-mse-0.0001-s42,gru,base,42,mse,0.0001,28,0.015757749176419405,0.021813403637901012,0.0004542018195925157,0.0008138530366523805
US-natural/gru-mse-0.0001-s42,gru,base,42,mse,0.0001,29,0.016044896706602065,0.023490331073875638,0.0004826602795826261,0.0009103795513291166
US-natural/gru-mse-0.0001-s42,gru,base,42,mse,0.0001,30,0.01545705040893725,0.024111869894668233,0.00044657579114564574,0.0009503995518286068
US-natural/gru-mse-0.0001-s43,gru,base,43,mse,0.0001,1,0.0731721890756609,0.09830249944263106,0.01025606538916448,0.016687278084893484
US-natural/gru-mse-0.0001-s43,gru,base,43,mse,0.0001,2,0.07360810828493873,0.06945999213266538,0.0091223996416141,0.00792656992179981
US-natural/gru-mse-0.0001-s43,gru,base,43,mse,0.0001,3,0.055343521955167466,0.05940313128411276,0.004648381603237341,0.007056843379793161
US-natural/gru-mse-0.0001-s43,gru,base,43,mse,0.0001,4,0.05034452445838539,0.05371991497138396,0.003939190743360347,0.0060871141970326795
US-natural/gru-mse-0.0001-s43,gru,base,43,mse,0.0001,5,0.042701151805423526,0.04782098697430059,0.002840471138728377,0.004512948110439504
US-natural/gru-mse-0.0001-s43,gru,base,43,mse,0.0001,6,0.03471724877885363,0.043962610343705945,0.002012596644476976,0.0041211095610048844
US-natural/gru-mse-0.0001-s43,gru,base,43,mse,0.0001,7,0.03367747787883104,0.03982479563218393,0.0017975582521974679,0.003376948954962998
US-natural/gru-mse-0.0001-s43,gru,base,43,mse,0.0001,8,0.02877639833874584,0.03764420942832241,0.0013972673428354248,0.0025180241800807197
US-natural/gru-mse-0.0001-s43,gru,base,43,mse,0.0001,9,0.030844086201059818,0.03924398931349422,0.0014643651380726772,0.0030647698660669406
US-natural/gru-mse-0.0001-s43,gru,base,43,mse,0.0001,10,0.025817250628921627,0.032950569338207635,0.0011197773324457324,0.0020846858272912123
US-natural/gru-mse-0.0001-s43,gru,base,43,mse,0.0001,11,0.023168831999122282,0.033527527721645696,0.000942780098037058,0.002251263199901633
US-natural/gru-mse-0.0001-s43,gru,base,43,mse,0.0001,12,0.02108111129143375,0.02920198728493379,0.0008036813209238614,0.0016505920970023992
US-natural/gru-mse-0.0001-s43,gru,base,43,mse,0.0001,13,0.020652091717485974,0.028337340764457482,0.0007547327267454131,0.0016050926099611007
US-natural/gru-mse-0.0001-s43,gru,base,43,mse,0.0001,14,0.019526949391063534,0.027421594365073635,0.0006994775264736252,0.0014983040090463346
US-natural/gru-mse-0.0001-s43,gru,base,43,mse,0.0001,15,0.018535946228352078,0.02741064634227499,0.000641657591634761,0.001509386871385128
US-natural/gru-mse-0.0001-s43,gru,base,43,mse,0.0001,16,0.018159882085874827,0.026285096404816525,0.0006145443454926089,0.001377084932319853
US-natural/gru-mse-0.0001-s43,gru,base,43,mse,0.0001,17,0.0181597543565648,0.025937639979609878,0.0006264892559537415,0.0013422914587784382
US-natural/gru-mse-0.0001-s43,gru,base,43,mse,0.0001,18,0.0179709219829182,0.02924085137392528,0.0005870360540220813,0.0015884544414787236
US-natural/gru-mse-0.0001-s43,gru,base,43,mse,0.0001,19,0.01886270893674822,0.02559420519432857,0.0006441557780649374,0.0012974159946695471
US-natural/gru-mse-0.0001-s43,gru,base,43,mse,0.0001,20,0.017368433333035872,0.024568474245529284,0.000552098431942174,0.001175348329679838
US-natural/gru-mse-0.0001-s43,gru,base,43,mse,0.0001,21,0.017646162097338502,0.02547138469915614,0.0005582030046583636,0.0012850537385215445
US-natural/gru-mse-0.0001-s43,gru,base,43,mse,0.0001,22,0.016422066060946216,0.025131010916971137,0.0005180342369957345,0.0012485776792202938
US-natural/gru-mse-0.0001-s43,gru,base,43,mse,0.0001,23,0.016378893842262914,0.025221211965859767,0.0005100399418966396,0.0012462617176331639
US-natural/gru-mse-0.0001-s43,gru,base,43,mse,0.0001,24,0.016066767616813107,0.02390698355058439,0.0004960066776853539,0.0011173149279487505
US-natural/gru-mse-0.0001-s43,gru,base,43,mse,0.0001,25,0.0158486476461285,0.024122769414677676,0.0004817895453917888,0.0011445608273163573
US-natural/gru-mse-0.0001-s43,gru,base,43,mse,0.0001,26,0.01568528133846946,0.024021767658305014,0.0004716643545378119,0.0011368347879664852
US-natural/gru-mse-0.0001-s43,gru,base,43,mse,0.0001,27,0.015446566775272147,0.02402547739551648,0.00046158917229374604,0.0011401323325556604
US-natural/gru-mse-0.0001-s43,gru,base,43,mse,0.0001,28,0.015365010085493437,0.02422903211766806,0.000454423508933247,0.001154910099702777
US-natural/gru-mse-0.0001-s43,gru,base,43,mse,0.0001,29,0.01539866338688103,0.024400555254227164,0.00045294852671577907,0.001163771930146479
US-natural/gru-mse-0.0001-s43,gru,base,43,mse,0.0001,30,0.015260044041400671,0.025719100051016124,0.00044328286295802543,0.0012624717785337982
US-natural/gru-mse-0.0001-s44,gru,base,44,mse,0.0001,1,0.14857986976069204,0.13296935297964468,0.030109862544202493,0.02071892821307508
US-natural/gru-mse-0.0001-s44,gru,base,44,mse,0.0001,2,0.07508649198641858,0.06092947653080941,0.008699758122301313,0.006466318889744122
US-natural/gru-mse-0.0001-s44,gru,base,44,mse,0.0001,3,0.060050874980707644,0.05056025545793465,0.005753827757633995,0.004869149388686403
US-natural/gru-mse-0.0001-s44,gru,base,44,mse,0.0001,4,0.04569023672279774,0.049398881083663373,0.00339102328919356,0.004479742541399696
US-natural/gru-mse-0.0001-s44,gru,base,44,mse,0.0001,5,0.03847023573631735,0.0471909494555906,0.002566298386278516,0.003942336299533419
US-natural/gru-mse-0.0001-s44,gru,base,44,mse,0.0001,6,0.0390596950650283,0.04473768411352967,0.002522678972983338,0.0035519781472629058
US-natural/gru-mse-0.0001-s44,gru,base,44,mse,0.0001,7,0.03455947034020065,0.0433147501952819,0.002016071726047012,0.00325935991625926
US-natural/gru-mse-0.0001-s44,gru,base,44,mse,0.0001,8,0.03323418312014849,0.04122241426117596,0.001843717342559841,0.002923506372827894
US-natural/gru-mse-0.0001-s44,gru,base,44,mse,0.0001,9,0.03134608278830138,0.03973708513982471,0.0016513767054165528,0.002700011188460242
US-natural/gru-mse-0.0001-s44,gru,base,44,mse,0.0001,10,0.030135803892385,0.03860246793286246,0.0015076853962545558,0.0025295046134677602
US-natural/gru-mse-0.0001-s44,gru,base,44,mse,0.0001,11,0.02829909676100996,0.03712205106703018,0.0013503348234750808,0.002361456411931532
US-natural/gru-mse-0.0001-s44,gru,base,44,mse,0.0001,12,0.027986723811408123,0.03535789196714032,0.001287295845582036,0.002141229754908858
US-natural/gru-mse-0.0001-s44,gru,base,44,mse,0.0001,13,0.026234005124143367,0.0356093569006484,0.0011573533426347655,0.0021524184188585053
US-natural/gru-mse-0.0001-s44,gru,base,44,mse,0.0001,14,0.027428262614970455,0.03360734193526555,0.0011563639737893403,0.001904283555361017
US-natural/gru-mse-0.0001-s44,gru,base,44,mse,0.0001,15,0.02637722565168468,0.03239275841927972,0.0011468970335750904,0.001851854043367258
US-natural/gru-mse-0.0001-s44,gru,base,44,mse,0.0001,16,0.02272043372444598,0.0313955971873447,0.0008805887386892882,0.0017352343378175788
US-natural/gru-mse-0.0001-s44,gru,base,44,mse,0.0001,17,0.02224548163608382,0.02957500060306821,0.0008286583561988326,0.001561836414668358
US-natural/gru-mse-0.0001-s44,gru,base,44,mse,0.0001,18,0.021930870838727305,0.029609239585283432,0.0008034466040362605,0.0015696869911493278
US-natural/gru-mse-0.0001-s44,gru,base,44,mse,0.0001,19,0.02097326130428489,0.028518051199108458,0.0007375799991431562,0.0014830474820018286
US-natural/gru-mse-0.0001-s44,gru,base,44,mse,0.0001,20,0.02039250064581792,0.029190554088448267,0.0007007045270847318,0.0015343257103155603
US-natural/gru-mse-0.0001-s44,gru,base,44,mse,0.0001,21,0.019621159602610322,0.02895621145625675,0.0006632593014200211,0.0015073837582485106
US-natural/gru-mse-0.0001-s44,gru,base,44,mse,0.0001,22,0.019503801417056085,0.0275666513146274,0.0006527425612127253,0.0013999216185601757
US-natural/gru-mse-0.0001-s44,gru,base,44,mse,0.0001,23,0.01929980542558538,0.02655685644137957,0.0006346971602598821,0.0013206948062959125
US-natural/gru-mse-0.0001-s44,gru,base,44,mse,0.0001,24,0.018917667301065713,0.031101403416186595,0.0006088568517850759,0.0016937964318467608
US-natural/gru-mse-0.0001-s44,gru,base,44,mse,0.0001,25,0.018813496050667032,0.025873510871919053,0.0006064491170232063,0.0012731767953636976
US-natural/gru-mse-0.0001-s44,gru,base,44,mse,0.0001,26,0.018151684378663498,0.02810676228551948,0.0005702401146747866,0.001452058798638679
US-natural/gru-mse-0.0001-s44,gru,base,44,mse,0.0001,27,0.017892111301934244,0.026461627994335397,0.0005545135440168288,0.0013233494480556622
US-natural/gru-mse-0.0001-s44,gru,base,44,mse,0.0001,28,0.017632237513099443,0.027949091695980716,0.0005495632041312515,0.00143811950860388
US-natural/gru-mse-0.0001-s44,gru,base,44,mse,0.0001,29,0.017762014495107784,0.02620684967022683,0.0005483885643637462,0.001295693235400826
US-natural/gru-mse-0.0001-s44,gru,base,44,mse,0.0001,30,0.017375560415150305,0.025440973707925675,0.0005209154568778158,0.0012417232151860811
US-natural/gru-mse-0.001-s42,gru,base,42,mse,0.001,1,0.10067775546478702,0.06292651084649464,0.02153902210764211,0.008771604111275423
US-natural/gru-mse-0.001-s42,gru,base,42,mse,0.001,2,0.07406963810288808,0.1321188824643769,0.012825482144325209,0.019986960641968594
US-natural/gru-mse-0.001-s42,gru,base,42,mse,0.001,3,0.07362221912554427,0.0881912189498458,0.008184826691644265,0.010240914377739501
US-natural/gru-mse-0.001-s42,gru,base,42,mse,0.001,4,0.07913867074928341,0.029059166284433807,0.009633283567669838,0.001182272616170636
US-natural/gru-mse-0.001-s42,gru,base,42,mse,0.001,5,0.03378252465115172,0.022549063618431,0.00180442426501527,0.0008580327835607456
US-natural/gru-mse-0.001-s42,gru,base,42,mse,0.001,6,0.023733079181276998,0.024698635117373878,0.0009273519091950129,0.0008888849459444434
US-natural/gru-mse-0.001-s42,gru,base,42,mse,0.001,7,0.019626622479152128,0.0210018385945062,0.0006522461800217808,0.000675260810698132
US-natural/gru-mse-0.001-s42,gru,base,42,mse,0.001,8,0.017890204173978127,0.017777950944424147,0.0005753872393296395,0.0005295747281715084
US-natural/gru-mse-0.001-s42,gru,base,42,mse,0.001,9,0.016647229606440186,0.01723504372064557,0.0005174900604410465,0.0004946597103556335
US-natural/gru-mse-0.001-s42,gru,base,42,mse,0.001,10,0.01591135388771755,0.014929112124393754,0.0004872921709282055,0.0004017552765697294
US-natural/gru-mse-0.001-s42,gru,base,42,mse,0.001,11,0.015255002279755818,0.01729074809373396,0.000449638957407623,0.0004904232601272101
US-natural/gru-mse-0.001-s42,gru,base,42,mse,0.001,12,0.01613456518180479,0.016561943373099478,0.00048020772069433957,0.000459759051046497
US-natural/gru-mse-0.001-s42,gru,base,42,mse,0.001,13,0.015556336922978121,0.01491530515148705,0.0004464499649209804,0.00040314335925357975
US-natural/gru-mse-0.001-s42,gru,base,42,mse,0.001,14,0.015150940203674117,0.015547227622363135,0.000437353790275889,0.00041970245180692525
US-natural/gru-mse-0.001-s42,gru,base,42,mse,0.001,15,0.01484797747659491,0.01541589352252555,0.0004270927221131398,0.0004163140095164514
US-natural/gru-mse-0.001-s42,gru,base,42,mse,0.001,16,0.015167330454749805,0.017749041091867465,0.00044031370340103323,0.0005208714802483837
US-natural/gru-mse-0.001-s42,gru,base,42,mse,0.001,17,0.015108448278453805,0.015850503901526616,0.00043839043808566397,0.0004408964215543256
US-natural/gru-mse-0.001-s42,gru,base,42,mse,0.001,18,0.014735086599199169,0.015042325915668951,0.0004084863860444256,0.00040557600281087284
US-natural/gru-mse-0.001-s42,gru,base,42,mse,0.001,19,0.014770470170531628,0.016415988359289778,0.00042566822406639313,0.00045195654298624136
US-natural/gru-mse-0.001-s42,gru,base,42,mse,0.001,20,0.014608146178565203,0.016319256297583153,0.0004049324045737624,0.0004499897544429321
US-natural/gru-mse-0.001-s42,gru,base,42,mse,0.001,21,0.014532013888154297,0.0154043947206606,0.0003998262791093799,0.00043047907599369316
US-natural/gru-mse-0.001-s42,gru,base,42,mse,0.001,22,0.014497450168467112,0.016177358718935757,0.0003947525309400568,0.0004676611905956882
US-natural/gru-mse-0.001-s42,gru,base,42,mse,0.001,23,0.014806878933520787,0.014984123540932615,0.00042042968863460506,0.0004067223928099054
US-natural/gru-mse-0.001-s42,gru,base,42,mse,0.001,24,0.015173071221549489,0.015291293406527004,0.0004420372714611436,0.0004250441217392805
US-natural/gru-mse-0.001-s42,gru,base,42,mse,0.001,25,0.01473006167985124,0.01719997635131969,0.00039337542889545806,0.0005144081448465507
US-natural/gru-mse-0.001-s42,gru,base,42,mse,0.001,26,0.01676365655563406,0.018493294977375573,0.0004943382553712702,0.0005389439935624276
US-natural/gru-mse-0.001-s42,gru,base,42,mse,0.001,27,0.015076999626226788,0.015888153631975502,0.00041803777197607227,0.0004283994273270903
US-natural/gru-mse-0.001-s42,gru,base,42,mse,0.001,28,0.014213119451867092,0.01694687047110642,0.00037710888802619036,0.0004978935594348177
US-natural/gru-mse-0.001-s42,gru,base,42,mse,0.001,29,0.015944433421200593,0.015941390935780758,0.0004416614501334116,0.0004336392951126998
US-natural/gru-mse-0.001-s42,gru,base,42,mse,0.001,30,0.01650127830297162,0.01780880906827836,0.00046385531363881343,0.0005209991858916335
US-natural/gru-mse-0.001-s43,gru,base,43,mse,0.001,1,0.09606861533290142,0.037092534242069,0.014728721132001549,0.002276024037952656
US-natural/gru-mse-0.001-s43,gru,base,43,mse,0.001,2,0.044087875010732636,0.025400313920881327,0.002732825256123295,0.000938101142790255
US-natural/gru-mse-0.001-s43,gru,base,43,mse,0.001,3,0.03204126752771852,0.02919537139001822,0.0014812632422882,0.0012100100257383798
US-natural/gru-mse-0.001-s43,gru,base,43,mse,0.001,4,0.021452750889075927,0.01831884690102089,0.0008105070341582088,0.0006038397547891064
US-natural/gru-mse-0.001-s43,gru,base,43,mse,0.001,5,0.01963533493136848,0.02042635985377201,0.000698188712414964,0.0007308878287504587
US-natural/gru-mse-0.001-s43,gru,base,43,mse,0.001,6,0.018594465260920463,0.020425423187741085,0.0005784179709856547,0.0007000901444131074
US-natural/gru-mse-0.001-s43,gru,base,43,mse,0.001,7,0.01759553993230841,0.02160189687613345,0.000583843772254709,0.0008123409409933014
US-natural/gru-mse-0.001-s43,gru,base,43,mse,0.001,8,0.021613075160974674,0.019953342268845965,0.0007975106331064543,0.0006309647823445186
US-natural/gru-mse-0.001-s43,gru,base,43,mse,0.001,9,0.02002834836785047,0.017824783475804875,0.0007345223894747603,0.0006348925861208876
US-natural/gru-mse-0.001-s43,gru,base,43,mse,0.001,10,0.01743496225130693,0.021791628175306,0.0005778454354465849,0.0007456908440617311
US-natural/gru-mse-0.001-s43,gru,base,43,mse,0.001,11,0.020175711924219103,0.025501331740586095,0.0007311698915608478,0.0009519637133057135
US-natural/gru-mse-0.001-s43,gru,base,43,mse,0.001,12,0.020064561398554802,0.022768216413122665,0.0006753956475519479,0.0009197624322981687
US-natural/gru-mse-0.001-s43,gru,base,43,mse,0.001,13,0.016460775712806696,0.016683589641061206,0.0005003602936504204,0.0004896871365130766
US-natural/gru-mse-0.001-s43,gru,base,43,mse,0.001,14,0.01773743741194006,0.016534742701873172,0.0005882219175820317,0.00048671614129226494
US-natural/gru-mse-0.001-s43,gru,base,43,mse,0.001,15,0.01463227971352119,0.01922870133178869,0.00042723818419344894,0.0006440459394716103
US-natural/gru-mse-0.001-s43,gru,base,43,mse,0.001,16,0.014724319990328855,0.017068851541532707,0.0004070966543123393,0.000529197435451274
US-natural/gru-mse-0.001-s43,gru,base,43,mse,0.001,17,0.013991460982945523,0.01869918293924815,0.0003693080119810714,0.0006081728184589082
US-natural/gru-mse-0.001-s43,gru,base,43,mse,0.001,18,0.014932450112412633,0.01961193697448802,0.0003970567481140314,0.0006467147101762675
US-natural/gru-mse-0.001-s43,gru,base,43,mse,0.001,19,0.013888884308284841,0.01725375302500519,0.00036804252839391126,0.000522409266588919
US-natural/gru-mse-0.001-s43,gru,base,43,mse,0.001,20,0.013633127122977696,0.01784000772840173,0.00034988192548035947,0.0005563678697898112
US-natural/gru-mse-0.001-s43,gru,base,43,mse,0.001,21,0.013134302718964767,0.018161537786079193,0.00032792424368911994,0.0006076120424069065
US-natural/gru-mse-0.001-s43,gru,base,43,mse,0.001,22,0.013222203908730365,0.019803067204362285,0.0003370309953638902,0.0007102582960384149
US-natural/gru-mse-0.001-s43,gru,base,43,mse,0.001,23,0.013805795207718284,0.020466247377575297,0.0003509038672677479,0.0007637482924119147
US-natural/gru-mse-0.001-s43,gru,base,43,mse,0.001,24,0.01289502597265707,0.019467155352999393,0.0003082933297605345,0.0006573233775795559
US-natural/gru-mse-0.001-s43,gru,base,43,mse,0.001,25,0.013504904117228224,0.0199013414381062,0.00033678544158822414,0.0007375673641570117
US-natural/gru-mse-0.001-s43,gru,base,43,mse,0.001,26,0.013682636537201224,0.019940440111932103,0.00033765944073631455,0.0007131142051108499
US-natural/gru-mse-0.001-s43,gru,base,43,mse,0.001,27,0.012563470861732533,0.023651857899206045,0.0002873630976354396,0.0010191787258615457
US-natural/gru-mse-0.001-s43,gru,base,43,mse,0.001,28,0.014346281065712584,0.027655491191693832,0.00037822550968358423,0.001229436990209672
US-natural/gru-mse-0.001-s43,gru,base,43,mse,0.001,29,0.01691178049903701,0.03887693425703867,0.0005318345761114362,0.0021901230728954167
US-natural/gru-mse-0.001-s43,gru,base,43,mse,0.001,30,0.021525695979560857,0.02728370045421183,0.0009727726770823375,0.0013863443529152921
US-natural/gru-mse-0.001-s44,gru,base,44,mse,0.001,1,0.1292423510779305,0.051647542968795215,0.0226754744575918,0.003685649518617499
US-natural/gru-mse-0.001-s44,gru,base,44,mse,0.001,2,0.07146333309901207,0.033048133952865155,0.0072266858129511015,0.0016857692048154766
US-natural/gru-mse-0.001-s44,gru,base,44,mse,0.001,3,0.04828806780760985,0.0495364958187142,0.0035464603129550074,0.0030221682763794068
US-natural/gru-mse-0.001-s44,gru,base,44,mse,0.001,4,0.03856102306859874,0.030488021707604836,0.002244807138390294,0.0012926796309334662
US-natural/gru-mse-0.001-s44,gru,base,44,mse,0.001,5,0.029415641828166854,0.02049148046857423,0.0014192638966854419,0.0009346854464529561
US-natural/gru-mse-0.001-s44,gru,base,44,mse,0.001,6,0.01929343593642431,0.021916731291826638,0.0007071527493513936,0.0008807420113602871
US-natural/gru-mse-0.001-s44,gru,base,44,mse,0.001,7,0.018368313449675697,0.027421016423994096,0.0006023948018594554,0.0011714287359415809
US-natural/gru-mse-0.001-s44,gru,base,44,mse,0.001,8,0.02045450139495002,0.020364685495769128,0.0006531337845409747,0.0007660352638953875
US-natural/gru-mse-0.001-s44,gru,base,44,mse,0.001,9,0.017640318828530288,0.021044803554220278,0.0005371320051335134,0.0007981802506988162
US-natural/gru-mse-0.001-s44,gru,base,44,mse,0.001,10,0.016878775870396004,0.01938613234619653,0.0004987466122605818,0.000725124335353716
US-natural/gru-mse-0.001-s44,gru,base,44,mse,0.001,11,0.015359344442347654,0.018535304853276275,0.00045551099538567553,0.0006768537608545237
US-natural/gru-mse-0.001-s44,gru,base,44,mse,0.001,12,0.015251939319444506,0.017684760001128504,0.00043057823503365273,0.0006167448739444131
US-natural/gru-mse-0.001-s44,gru,base,44,mse,0.001,13,0.015012256222286809,0.01975502660866709,0.00042181559126885736,0.0007506343391088604
US-natural/gru-mse-0.001-s44,gru,base,44,mse,0.001,14,0.01481995490594324,0.01903140402977095,0.0004204005757703145,0.0007006691567065142
US-natural/gru-mse-0.001-s44,gru,base,44,mse,0.001,15,0.014746680948118833,0.01860521782600142,0.0004099797393225127,0.0006700337378894561
US-natural/gru-mse-0.001-s44,gru,base,44,mse,0.001,16,0.01458466083098638,0.0185086688757898,0.0003954847795174731,0.0006814005639979629
US-natural/gru-mse-0.001-s44,gru,base,44,mse,0.001,17,0.01455803257047452,0.018980819697524933,0.00040030367645563637,0.0006844229992154827
US-natural/gru-mse-0.001-s44,gru,base,44,mse,0.001,18,0.014164295817662133,0.017677774618614465,0.00038114698786948203,0.0006157460381194837
US-natural/gru-mse-0.001-s44,gru,base,44,mse,0.001,19,0.013984343195616618,0.01891426251816763,0.0003770743039045433,0.0006943312959829307
US-natural/gru-mse-0.001-s44,gru,base,44,mse,0.001,20,0.01388136062803562,0.020352173047593312,0.0003709280554961299,0.0007444110666168335
US-natural/gru-mse-0.001-s44,gru,base,44,mse,0.001,21,0.014561896866289063,0.018080941987573637,0.00038279545559999025,0.000650644174686599
US-natural/gru-mse-0.001-s44,gru,base,44,mse,0.001,22,0.014197413140485192,0.018111550447464354,0.00036862532460526576,0.0006379631239904333
US-natural/gru-mse-0.001-s44,gru,base,44,mse,0.001,23,0.014508809738979203,0.02325756206101935,0.00038727092574606596,0.0008919530741374878
US-natural/gru-mse-0.001-s44,gru,base,44,mse,0.001,24,0.014582795616707169,0.018127573611402346,0.0003848839957801021,0.0006711692231251802
US-natural/gru-mse-0.001-s44,gru,base,44,mse,0.001,25,0.015086216636341073,0.018763937435436404,0.0004134056225537432,0.0006792627545385083
US-natural/gru-mse-0.001-s44,gru,base,44,mse,0.001,26,0.013617995927177386,0.017536590582327132,0.00035957568989090536,0.000574942123621018
US-natural/gru-mse-0.001-s44,gru,base,44,mse,0.001,27,0.013581296062551157,0.02108087906404078,0.0003450594035903907,0.0007744153329160137
US-natural/gru-mse-0.001-s44,gru,base,44,mse,0.001,28,0.01551917399201678,0.018363527627789776,0.0004133122469610846,0.0006657471006293309
US-natural/gru-mse-0.001-s44,gru,base,44,mse,0.001,29,0.014415637574761185,0.017950714493329557,0.00038180768477729315,0.0006090317563827233
US-natural/gru-mse-0.001-s44,gru,base,44,mse,0.001,30,0.013636961381419075,0.018529988034531274,0.00035697613442364166,0.0006830851892547094
US-natural/gru-mae-0.0001-s42,gru,base,42,mae,0.0001,1,0.13167570839102946,0.0856056008334852,0.026504580746106867,0.011680720600294403
US-natural/gru-mae-0.0001-s42,gru,base,42,mae,0.0001,2,0.10093846354963146,0.06315345702912552,0.01604624334862479,0.006618923988554526
US-natural/gru-mae-0.0001-s42,gru,base,42,mae,0.0001,3,0.07811939214424261,0.06385868794196668,0.008906914053954058,0.005769891146862148
US-natural/gru-mae-0.0001-s42,gru,base,42,mae,0.0001,4,0.050284312508894834,0.03662198415651699,0.004064341417222389,0.002118137524694697
US-natural/gru-mae-0.0001-s42,gru,base,42,mae,0.0001,5,0.03722277420265928,0.03855279006804816,0.002129248005998544,0.0023428154048716426
US-natural/gru-mae-0.0001-s42,gru,base,42,mae,0.0001,6,0.033627091817205225,0.027762812124700553,0.001661878077932056,0.0012835282422358027
US-natural/gru-mae-0.0001-s42,gru,base,42,mae,0.0001,7,0.025597357409210236,0.02342439249453503,0.0010625928860437447,0.0009376315300266549
US-natural/gru-mae-0.0001-s42,gru,base,42,mae,0.0001,8,0.025742188877291506,0.030475943604000858,0.0010326529001771217,0.0014458828256424558
US-natural/gru-mae-0.0001-s42,gru,base,42,mae,0.0001,9,0.02821012323100335,0.026773402080129734,0.0012376601502884644,0.0011221885773725487
US-natural/gru-mae-0.0001-s42,gru,base,42,mae,0.0001,10,0.022085612774360334,0.02109719933669076,0.0008613294110281097,0.0007775284820703505
US-natural/gru-mae-0.0001-s42,gru,base,42,mae,0.0001,11,0.019691822958332317,0.02066464239523362,0.0006813165344419423,0.0007664628682105675
US-natural/gru-mae-0.0001-s42,gru,base,42,mae,0.0001,12,0.018070048841493408,0.020684822215275768,0.0005826363816222363,0.0007708592025719496
US-natural/gru-mae-0.0001-s42,gru,base,42,mae,0.0001,13,0.020945115678299205,0.02208220224999786,0.0007132872790555226,0.0008472043351526028
US-natural/gru-mae-0.0001-s42,gru,base,42,mae,0.0001,14,0.019109804226511304,0.02077545096634191,0.0006472859227992105,0.0007595200126220106
US-natural/gru-mae-0.0001-s42,gru,base,42,mae,0.0001,15,0.01768063557476205,0.023754244289038665,0.0005441974416184177,0.00092536468099495
US-natural/gru-mae-0.0001-s42,gru,base,42,mae,0.0001,16,0.016115101555775023,0.020491968458970642,0.0005364728838703388,0.0007246923898244177
US-natural/gru-mae-0.0001-s42,gru,base,42,mae,0.0001,17,0.020377904142003963,0.01992903786765222,0.0007299631940852683,0.0007129318292282741
US-natural/gru-mae-0.0001-s42,gru,base,42,mae,0.0001,18,0.0167612494735159,0.02007180962025574,0.0005036682969624862,0.0007123514720091529
US-natural/gru-mae-0.0001-s42,gru,base,42,mae,0.0001,19,0.016835747873206238,0.022238009764283743,0.0005408050925689127,0.0008311371808691398
US-natural/gru-mae-0.0001-s42,gru,base,42,mae,0.0001,20,0.016025829705643303,0.024938661804960696,0.00048774260628180996,0.0009698549757328607
US-natural/gru-mae-0.0001-s42,gru,base,42,mae,0.0001,21,0.015073404662191814,0.020843203026079483,0.0004502572179065023,0.0007377589525930795
US-natural/gru-mae-0.0001-s42,gru,base,42,mae,0.0001,22,0.014589667365788601,0.020489739536609545,0.00043690971827458383,0.0007339832565130543
US-natural/gru-mae-0.0001-s42,gru,base,42,mae,0.0001,23,0.015232231122129037,0.021895310098322483,0.0004726525970571096,0.0007957461908127073
US-natural/gru-mae-0.0001-s42,gru,base,42,mae,0.0001,24,0.014696478211270717,0.02029052747546201,0.0004655730681626789,0.0007046573664454165
US-natural/gru-mae-0.0001-s42,gru,base,42,mae,0.0001,25,0.014351162582421037,0.022479935127879352,0.0004195962176686351,0.0008193355340519198
US-natural/gru-mae-0.0001-s42,gru,base,42,mae,0.0001,26,0.015301331366867016,0.02430882531860761,0.00045310474285652273,0.0009230916703652259
US-natural/gru-mae-0.0001-s42,gru,base,42,mae,0.0001,27,0.013493342598283227,0.024908512667124228,0.0004012939960718007,0.0009632413227356685
US-natural/gru-mae-0.0001-s42,gru,base,42,mae,0.0001,28,0.013679244464847676,0.02113760578293955,0.0003971791723545747,0.0007522811016864411
US-natural/gru-mae-0.0001-s42,gru,base,42,mae,0.0001,29,0.014641246808707709,0.027403120144558226,0.00042820767533728355,0.0011189886325183558
US-natural/gru-mae-0.0001-s42,gru,base,42,mae,0.0001,30,0.017182449472275898,0.023115736981876713,0.0005287785219666288,0.0008819550731303537
US-natural/gru-mae-0.0001-s43,gru,base,43,mae,0.0001,1,0.07414674175249471,0.09951048214314274,0.010405754948227685,0.016783122339481142
US-natural/gru-mae-0.0001-s43,gru,base,43,mae,0.0001,2,0.07616063063533701,0.06637117495736193,0.009483064930065144,0.007917477331152379
US-natural/gru-mae-0.0001-s43,gru,base,43,mae,0.0001,3,0.05427250480758723,0.058826529238538115,0.004983071237937931,0.007120447598219598
US-natural/gru-mae-0.0001-s43,gru,base,43,mae,0.0001,4,0.05389480729222957,0.05443899931323249,0.004435176601484333,0.006268878141532251
US-natural/gru-mae-0.0001-s43,gru,base,43,mae,0.0001,5,0.042267777047361836,0.0437433015607159,0.0028531130910476894,0.004024266402153699
US-natural/gru-mae-0.0001-s43,gru,base,43,mae,0.0001,6,0.03489147818748672,0.03949119968296277,0.002031619460023281,0.0030402186729120047
US-natural/gru-mae-0.0001-s43,gru,base,43,mae,0.0001,7,0.027795668956308393,0.03559441585118039,0.0012873789826658227,0.002718582208394342
US-natural/gru-mae-0.0001-s43,gru,base,43,mae,0.0001,8,0.024290787152946174,0.031553685957934,0.0010458673257764037,0.002050297967377806
US-natural/gru-mae-0.0001-s43,gru,base,43,mae,0.0001,9,0.023658453891765012,0.03231469250251005,0.0010142430249588615,0.002238894392159348
US-natural/gru-mae-0.0001-s43,gru,base,43,mae,0.0001,10,0.02128166641669529,0.02899155447803935,0.0008573653060333457,0.0018158745788661973
US-natural/gru-mae-0.0001-s43,gru,base,43,mae,0.0001,11,0.02003233484435332,0.02727121901558237,0.0007336932087012685,0.0015420004796530677
US-natural/gru-mae-0.0001-s43,gru,base,43,mae,0.0001,12,0.01865984646899724,0.025205764698405363,0.0006661946268930342,0.0012627449448567236
US-natural/gru-mae-0.0001-s43,gru,base,43,mae,0.0001,13,0.01938591426993808,0.024786878304368022,0.000747827628136975,0.0012123523901142754
US-natural/gru-mae-0.0001-s43,gru,base,43,mae,0.0001,14,0.019196787605453767,0.024475328887585093,0.0006930262466482887,0.001022338413208381
US-natural/gru-mae-0.0001-s43,gru,base,43,mae,0.0001,15,0.01820647103560258,0.021898146310954728,0.000626225689676913,0.0008791733178870249
US-natural/gru-mae-0.0001-s43,gru,base,43,mae,0.0001,16,0.016773368646919723,0.021732188760049675,0.0005455345065779464,0.0008533559514646332
US-natural/gru-mae-0.0001-s43,gru,base,43,mae,0.0001,17,0.017184658165968716,0.02221177245446154,0.0005680126435818955,0.0009368057308450652
US-natural/gru-mae-0.0001-s43,gru,base,43,mae,0.0001,18,0.015631044038310355,0.02320605814227344,0.0005049591729419374,0.0010359734792016711
US-natural/gru-mae-0.0001-s43,gru,base,43,mae,0.0001,19,0.016895439119506046,0.02392285360841079,0.0005463579384848157,0.0010714323715427256
US-natural/gru-mae-0.0001-s43,gru,base,43,mae,0.0001,20,0.016405895959274712,0.02259478820416411,0.0005408219712295189,0.0009473988002350643
US-natural/gru-mae-0.0001-s43,gru,base,43,mae,0.0001,21,0.017861242093366335,0.023460840255225955,0.0005654861541670106,0.0009725481188443884
US-natural/gru-mae-0.0001-s43,gru,base,43,mae,0.0001,22,0.015934590682724726,0.022458803034904103,0.0005126075479580935,0.0008975265868738025
US-natural/gru-mae-0.0001-s43,gru,base,43,mae,0.0001,23,0.016163596055507032,0.02204368168719942,0.0005065088433285474,0.0008581779226276173
US-natural/gru-mae-0.0001-s43,gru,base,43,mae,0.0001,24,0.01619773302504871,0.023615681457965883,0.0005091177926938631,0.0009790475670007001
US-natural/gru-mae-0.0001-s43,gru,base,43,mae,0.0001,25,0.017753234407172833,0.02242619655435269,0.0005985446143235302,0.0009484846345753895
US-natural/gru-mae-0.0001-s43,gru,base,43,mae,0.0001,26,0.015339107119982157,0.023531366821295963,0.00047092728650654944,0.001027177799144947
US-natural/gru-mae-0.0001-s43,gru,base,43,mae,0.0001,27,0.014721297357080559,0.0215927007146686,0.0004426952340419965,0.0008972926370478282
US-natural/gru-mae-0.0001-s43,gru,base,43,mae,0.0001,28,0.014675665345763443,0.023781413015092144,0.0004696713042787955,0.0010503527832301783
US-natural/gru-mae-0.0001-s43,gru,base,43,mae,0.0001,29,0.015105370006598132,0.021491590287533623,0.0004496098875079035,0.0009043334914329088
US-natural/gru-mae-0.0001-s43,gru,base,43,mae,0.0001,30,0.013986023034196826,0.021467020124271263,0.00042618116826286006,0.0008923175602506626
US-natural/gru-mae-0.0001-s44,gru,base,44,mae,0.0001,1,0.14847948919730924,0.10503699863809503,0.02987859388970759,0.014288514012583721
US-natural/gru-mae-0.0001-s44,gru,base,44,mae,0.0001,2,0.05954456276991396,0.0587535340806956,0.005837245623355707,0.00615473049478006
US-natural/gru-mae-0.0001-s44,gru,base,44,mae,0.0001,3,0.04251411497369232,0.05183661052434621,0.003548785600175555,0.004995158559465201
US-natural/gru-mae-0.0001-s44,gru,base,44,mae,0.0001,4,0.039577255452685506,0.04660667139825142,0.0028574806233842634,0.0041389430690501085
US-natural/gru-mae-0.0001-s44,gru,base,44,mae,0.0001,5,0.03774307437580498,0.048098842998667124,0.002478918558720096,0.003957499349441819
US-natural/gru-mae-0.0001-s44,gru,base,44,mae,0.0001,6,0.036419670003086484,0.04940880111879639,0.0022294827652579487,0.003922772325194464
US-natural/gru-mae-0.0001-s44,gru,base,44,mae,0.0001,7,0.037481659199341565,0.04109237214708121,0.002301503711893944,0.0028994579434292807
US-natural/gru-mae-0.0001-s44,gru,base,44,mae,0.0001,8,0.030141355971838743,0.03663916360050804,0.0014922844301703557,0.0023389056562860065
US-natural/gru-mae-0.0001-s44,gru,base,44,mae,0.0001,9,0.026319416732744585,0.036413266554994474,0.0011782753825298872,0.0021675453460105708
US-natural/gru-mae-0.0001-s44,gru,base,44,mae,0.0001,10,0.027263071489250387,0.03337827502557123,0.0012919544505780069,0.0019075644840251765
US-natural/gru-mae-0.0001-s44,gru,base,44,mae,0.0001,11,0.023871856329525994,0.038097081098661015,0.0009722182753690574,0.002381334127910598
US-natural/gru-mae-0.0001-s44,gru,base,44,mae,0.0001,12,0.022944789227068614,0.027797985217261775,0.000858661962498401,0.0013780448054697841
US-natural/gru-mae-0.0001-s44,gru,base,44,mae,0.0001,13,0.02076380188700345,0.027601176269839565,0.0007255494136108643,0.0014030501228368575
US-natural/gru-mae-0.0001-s44,gru,base,44,mae,0.0001,14,0.019777616397944744,0.02644530989998505,0.0006913112018764,0.0013510502536014802
US-natural/gru-mae-0.0001-s44,gru,base,44,mae,0.0001,15,0.01841716355211893,0.02619452577315673,0.0006315187305062756,0.0013231329120659192
US-natural/gru-mae-0.0001-s44,gru,base,44,mae,0.0001,16,0.017813560098296582,0.02440654123756787,0.0005866072267692523,0.001140421542862264
US-natural/gru-mae-0.0001-s44,gru,base,44,mae,0.0001,17,0.01851637819845313,0.026311101889564658,0.0006139523085728975,0.0012792434186289813
US-natural/gru-mae-0.0001-s44,gru,base,44,mae,0.0001,18,0.01748885905574588,0.024034834099259793,0.0005873656858056192,0.0011153497129779285
US-natural/gru-mae-0.0001-s44,gru,base,44,mae,0.0001,19,0.01876952555335736,0.02805706060604226,0.0006457985639070792,0.0014661851204661991
US-natural/gru-mae-0.0001-s44,gru,base,44,mae,0.0001,20,0.019427427769056746,0.027636124042986272,0.0006916769586424249,0.0014672380137174161
US-natural/gru-mae-0.0001-s44,gru,base,44,mae,0.0001,21,0.019170405858475032,0.029612608548585103,0.0006094154903975488,0.0015082543114271823
US-natural/gru-mae-0.0001-s44,gru,base,44,mae,0.0001,22,0.017349467894900102,0.028986206653967974,0.0005709433305154002,0.0014861586799555229
US-natural/gru-mae-0.0001-s44,gru,base,44,mae,0.0001,23,0.01643923280533105,0.02304815864957578,0.0005066403892422831,0.0011009000422124464
US-natural/gru-mae-0.0001-s44,gru,base,44,mae,0.0001,24,0.015814224534785013,0.02229452997459019,0.00048256293205331205,0.001016858863296499
US-natural/gru-mae-0.0001-s44,gru,base,44,mae,0.0001,25,0.016405367367122278,0.022273739615861897,0.0005233312783048337,0.001005318876890437
US-natural/gru-mae-0.0001-s44,gru,base,44,mae,0.0001,26,0.014900826418043665,0.023387368950741606,0.0004572203825401746,0.0011217199099439936
US-natural/gru-mae-0.0001-s44,gru,base,44,mae,0.0001,27,0.015423667933530396,0.024102026326321187,0.0004656247838530911,0.0012024456901136994
US-natural/gru-mae-0.0001-s44,gru,base,44,mae,0.0001,28,0.014816878209427486,0.023461725974277637,0.0004487347565119717,0.001129708132880598
US-natural/gru-mae-0.0001-s44,gru,base,44,mae,0.0001,29,0.014688291767288203,0.025051106173587093,0.00044630869072524596,0.0012037932165702902
US-natural/gru-mae-0.0001-s44,gru,base,44,mae,0.0001,30,0.014274642809410293,0.022886478422603888,0.0004339366485192901,0.0010683831431853848
US-natural/gru-mae-0.001-s42,gru,base,42,mae,0.001,1,0.11743861727654949,0.10294728071402501,0.027416417515762046,0.01410523404591263
US-natural/gru-mae-0.001-s42,gru,base,42,mae,0.001,2,0.0678103532177541,0.06522838498962953,0.009081470064717727,0.006069501806077998
US-natural/gru-mae-0.001-s42,gru,base,42,mae,0.001,3,0.05151990830547708,0.09183313935765294,0.004528832835128741,0.009891163525383804
US-natural/gru-mae-0.001-s42,gru,base,42,mae,0.001,4,0.06591940108985253,0.06218942456959002,0.0066535413550488825,0.004898568202012791
US-natural/gru-mae-0.001-s42,gru,base,42,mae,0.001,5,0.045691525877121365,0.05441552464406387,0.00299464809186367,0.003537157386476768
US-natural/gru-mae-0.001-s42,gru,base,42,mae,0.001,6,0.03556563454637118,0.039902151509452095,0.0018069109733141885,0.0021147739320199403
US-natural/gru-mae-0.001-s42,gru,base,42,mae,0.001,7,0.0331312077654369,0.019913473128774173,0.001671251480450347,0.0007439107703903214
US-natural/gru-mae-0.001-s42,gru,base,42,mae,0.001,8,0.02266910099923114,0.01890303975960275,0.0009190402656099427,0.0005932901854946032
US-natural/gru-mae-0.001-s42,gru,base,42,mae,0.001,9,0.01893041815045592,0.024910693144908475,0.0006433938949461893,0.0010446239176416369
US-natural/gru-mae-0.001-s42,gru,base,42,mae,0.001,10,0.03598832248816818,0.01957120918728028,0.002081252049190066,0.0006642596498227098
US-natural/gru-mae-0.001-s42,gru,base,42,mae,0.001,11,0.023143224453805605,0.0517640644192997,0.000881070770272313,0.003307358746500395
US-natural/gru-mae-0.001-s42,gru,base,42,mae,0.001,12,0.06008506781702272,0.018887924606342064,0.005112778453185271,0.0007147735472514163
US-natural/gru-mae-0.001-s42,gru,base,42,mae,0.001,13,0.038198506545854716,0.030331695269246436,0.002069592708767706,0.0015026013219848566
US-natural/gru-mae-0.001-s42,gru,base,42,mae,0.001,14,0.028560280401127666,0.021691870574265724,0.0012454661804043885,0.0009452920884946932
US-natural/gru-mae-0.001-s42,gru,base,42,mae,0.001,15,0.022531194071804653,0.02261718578515002,0.0010969510719908517,0.0010844275193202932
US-natural/gru-mae-0.001-s42,gru,base,42,mae,0.001,16,0.023192948020922408,0.017656727529068477,0.0009488982180586923,0.0005101717816930011
US-natural/gru-mae-0.001-s42,gru,base,42,mae,0.001,17,0.01869135001190978,0.021675238180063193,0.0006676855793236893,0.0008378990116705251
US-natural/gru-mae-0.001-s42,gru,base,42,mae,0.001,18,0.020449458626687754,0.023556784082571464,0.0006902610024308112,0.0008421461728282025
US-natural/gru-mae-0.001-s42,gru,base,42,mae,0.001,19,0.024841213792077488,0.02753862852737672,0.0010111438856116334,0.0012334369101042878
US-natural/gru-mae-0.001-s42,gru,base,42,mae,0.001,20,0.025833673119014983,0.01896761815883477,0.0009953221260201482,0.0006149847489417095
US-natural/gru-mae-0.001-s42,gru,base,42,mae,0.001,21,0.019863703185966287,0.015077834846472703,0.0007344876226033026,0.0004452571887061739
US-natural/gru-mae-0.001-s42,gru,base,42,mae,0.001,22,0.016608736400807105,0.015973478981654313,0.0005523466320626786,0.0005194829700734312
US-natural/gru-mae-0.001-s42,gru,base,42,mae,0.001,23,0.015453972978262563,0.015166030916418969,0.0004947776726829156,0.00046448625405912076
US-natural/gru-mae-0.001-s42,gru,base,42,mae,0.001,24,0.016539072857137058,0.01640859966864075,0.0005391015941016245,0.0005200547721354673
US-natural/gru-mae-0.001-s42,gru,base,42,mae,0.001,25,0.015600313671218984,0.02290041867362003,0.00046969665658119314,0.0009528956706276058
US-natural/gru-mae-0.001-s42,gru,base,42,mae,0.001,26,0.02058419092134939,0.016978009689808348,0.0009312728024530929,0.0006666488512708216
US-natural/gru-mae-0.001-s42,gru,base,42,mae,0.001,27,0.01626749629572579,0.018825116564617075,0.0005602348449355537,0.0006883918110017468
US-natural/gru-mae-0.001-s42,gru,base,42,mae,0.001,28,0.019810965224086236,0.02361252377120406,0.0006590917646122818,0.0011581575768846778
US-natural/gru-mae-0.001-s42,gru,base,42,mae,0.001,29,0.021065900543662457,0.022156722977070387,0.0007889999276321449,0.0008766214808426182
US-natural/gru-mae-0.001-s42,gru,base,42,mae,0.001,30,0.017615245098738984,0.02134081606643376,0.000629907357828269,0.0007472210768524826
US-natural/gru-mae-0.001-s43,gru,base,43,mae,0.001,1,0.08559731406943877,0.1274299206361089,0.01280752256089414,0.018330704197595027
US-natural/gru-mae-0.001-s43,gru,base,43,mae,0.001,2,0.061432762644853416,0.09455186981431618,0.00566487650469064,0.014126312749841309
US-natural/gru-mae-0.001-s43,gru,base,43,mae,0.001,3,0.06836067748927933,0.05061571011248604,0.007346162159101912,0.003586314506465553
US-natural/gru-mae-0.001-s43,gru,base,43,mae,0.001,4,0.034552269046459375,0.03092859474710154,0.0019586796177855107,0.0015481774459345378
US-natural/gru-mae-0.001-s43,gru,base,43,mae,0.001,5,0.03382372820882977,0.021407896072935806,0.001731199223352925,0.0007452999839345914
US-natural/gru-mae-0.001-s43,gru,base,43,mae,0.001,6,0.02399919616354383,0.023435118771254527,0.0009329274102891909,0.0009114849224346323
US-natural/gru-mae-0.001-s43,gru,base,43,mae,0.001,7,0.01848967654236635,0.01937828619335053,0.000607848079794555,0.0006717574535726912
US-natural/gru-mae-0.001-s43,gru,base,43,mae,0.001,8,0.01794398086145284,0.020189815867421888,0.0006798015940567907,0.0006748283243069789
US-natural/gru-mae-0.001-s43,gru,base,43,mae,0.001,9,0.021743253400179255,0.019893060984240186,0.000744373017987304,0.0006371442919064118
US-natural/gru-mae-0.001-s43,gru,base,43,mae,0.001,10,0.029326524248038565,0.02120943401294254,0.0012198002499737431,0.0006688792175979408
US-natural/gru-mae-0.001-s43,gru,base,43,mae,0.001,11,0.026429508550409226,0.02272077301507805,0.0010467627248220022,0.0008344484428840704
US-natural/gru-mae-0.001-s43,gru,base,43,mae,0.001,12,0.024311125805246064,0.021507059135156867,0.0008767355757664938,0.0007352462723685745
US-natural/gru-mae-0.001-s43,gru,base,43,mae,0.001,13,0.02108149368877833,0.014783360973017303,0.0007366544300929078,0.00038443702112740436
US-natural/gru-mae-0.001-s43,gru,base,43,mae,0.001,14,0.019619226789529695,0.01578032265839874,0.0006900180206893684,0.000441729094836484
US-natural/gru-mae-0.001-s43,gru,base,43,mae,0.001,15,0.018394552401910656,0.014679678636785527,0.0005852935255066342,0.00038276486543153016
US-natural/gru-mae-0.001-s43,gru,base,43,mae,0.001,16,0.015004487417444173,0.015618398821499855,0.0004586112348530386,0.0004171858974669745
US-natural/gru-mae-0.001-s43,gru,base,43,mae,0.001,17,0.014664917330527128,0.01652986908804096,0.00045565612932834467,0.0004705072503919143
US-natural/gru-mae-0.001-s43,gru,base,43,mae,0.001,18,0.014471447316674489,0.014540783366470876,0.0004303257590936697,0.0003931504392836211
US-natural/gru-mae-0.001-s43,gru,base,43,mae,0.001,19,0.01640576764882726,0.017123684069156913,0.0005037356610268792,0.000490303762967663
US-natural/gru-mae-0.001-s43,gru,base,43,mae,0.001,20,0.015325781749727022,0.015684618241231716,0.0004673408740656981,0.0004375539790946764
US-natural/gru-mae-0.001-s43,gru,base,43,mae,0.001,21,0.01478713984925563,0.016043647319670968,0.0004266037397557308,0.00045673969583563424
US-natural/gru-mae-0.001-s43,gru,base,43,mae,0.001,22,0.01357485761657054,0.015188362863041338,0.00038837899707137966,0.0004068608926150366
US-natural/gru-mae-0.001-s43,gru,base,43,mae,0.001,23,0.013530344788718235,0.01733573480527347,0.00039516533672632,0.0005115510600704611
US-natural/gru-mae-0.001-s43,gru,base,43,mae,0.001,24,0.013603580349019075,0.015813336642971562,0.0004237507408267604,0.00044383212300997494
US-natural/gru-mae-0.001-s43,gru,base,43,mae,0.001,25,0.01411987804819989,0.015294678109452927,0.0003980183513119039,0.00041732473884849926
US-natural/gru-mae-0.001-s43,gru,base,43,mae,0.001,26,0.015566811705307385,0.018624955184823086,0.0004694756576892585,0.0005545918564081463
US-natural/gru-mae-0.001-s43,gru,base,43,mae,0.001,27,0.015603527607242427,0.016760548949780064,0.00046537242351177326,0.0005043195264758728
US-natural/gru-mae-0.001-s43,gru,base,43,mae,0.001,28,0.01392771210808511,0.014404729046421531,0.00040352208292735077,0.00037021935902553275
US-natural/gru-mae-0.001-s43,gru,base,43,mae,0.001,29,0.015675707694903594,0.020813809027579556,0.00047926845938304097,0.0007123651453859566
US-natural/gru-mae-0.001-s43,gru,base,43,mae,0.001,30,0.015848759127977393,0.016693536871216157,0.0004535858505741692,0.0004908973373138213
US-natural/gru-mae-0.001-s44,gru,base,44,mae,0.001,1,0.10561122936815756,0.09774700423021437,0.016925180454978303,0.013903746882386443
US-natural/gru-mae-0.001-s44,gru,base,44,mae,0.001,2,0.0806892991885611,0.03789146852982039,0.008985512361584526,0.0023121101214127996
US-natural/gru-mae-0.001-s44,gru,base,44,mae,0.001,3,0.040758931553446225,0.0298583776917633,0.0027789117839794432,0.0013596346631347667
US-natural/gru-mae-0.001-s44,gru,base,44,mae,0.001,4,0.028860656940322946,0.022258262851123086,0.0013504396080145612,0.0007809037325062298
US-natural/gru-mae-0.001-s44,gru,base,44,mae,0.001,5,0.023334336631587245,0.024771233345732932,0.0008504641684566846,0.0011109987533633862
US-natural/gru-mae-0.001-s44,gru,base,44,mae,0.001,6,0.026236796934613768,0.03173887045437492,0.0011280218289964185,0.00140592174127497
US-natural/gru-mae-0.001-s44,gru,base,44,mae,0.001,7,0.027610337624390913,0.04261757887416749,0.0011422654891268232,0.002346722509931179
US-natural/gru-mae-0.001-s44,gru,base,44,mae,0.001,8,0.03733665642105504,0.019223506332278806,0.002096503757833481,0.0006758711967666575
US-natural/gru-mae-0.001-s44,gru,base,44,mae,0.001,9,0.025227213552785368,0.01792825948924878,0.0010754690455923271,0.0006634198421269355
US-natural/gru-mae-0.001-s44,gru,base,44,mae,0.001,10,0.020813625065386376,0.022652748021793286,0.000815733513061864,0.0008963188123647133
US-natural/gru-mae-0.001-s44,gru,base,44,mae,0.001,11,0.027803787628003212,0.02049476935643822,0.0012027869303353294,0.0007016473068497517
US-natural/gru-mae-0.001-s44,gru,base,44,mae,0.001,12,0.04291923596634041,0.035175273726600474,0.0026731184694750616,0.0017849505020265826
US-natural/gru-mae-0.001-s44,gru,base,44,mae,0.001,13,0.029031665964605952,0.035117834246246864,0.0012649956499036369,0.0017090885441760418
US-natural/gru-mae-0.001-s44,gru,base,44,mae,0.001,14,0.0213012961917778,0.01611664463573815,0.0007488431953321527,0.0004738230276923464
US-natural/gru-mae-0.001-s44,gru,base,44,mae,0.001,15,0.018232009646472456,0.015891793183009192,0.0005870245906057086,0.0004633253935853134
US-natural/gru-mae-0.001-s44,gru,base,44,mae,0.001,16,0.01682753405448207,0.01594043503119348,0.0005285257441516873,0.000480078157733439
US-natural/gru-mae-0.001-s44,gru,base,44,mae,0.001,17,0.015914127793079595,0.014378056917321502,0.000469804758929828,0.0004234278901447355
US-natural/gru-mae-0.001-s44,gru,base,44,mae,0.001,18,0.01529122291377871,0.015001885876915408,0.00043786800544830343,0.00041567209780231216
US-natural/gru-mae-0.001-s44,gru,base,44,mae,0.001,19,0.01654729315342009,0.017832024041576203,0.0005060951675169277,0.0005619144239626488
US-natural/gru-mae-0.001-s44,gru,base,44,mae,0.001,20,0.01575083131144497,0.021487736411127823,0.0004688261174502419,0.0007305334259827407
US-natural/gru-mae-0.001-s44,gru,base,44,mae,0.001,21,0.017660228004875687,0.014807981008385254,0.0005273125516649481,0.0004087635237882113
US-natural/gru-mae-0.001-s44,gru,base,44,mae,0.001,22,0.019776898264382684,0.01614995500749198,0.0006568674397323268,0.00048197159269961295
US-natural/gru-mae-0.001-s44,gru,base,44,mae,0.001,23,0.01803326688517054,0.01595124801608523,0.000538270774060408,0.0004804699670869556
US-natural/gru-mae-0.001-s44,gru,base,44,mae,0.001,24,0.015670351011980072,0.016800712982818634,0.00045015541325380237,0.0004896890129453105
US-natural/gru-mae-0.001-s44,gru,base,44,mae,0.001,25,0.01508335614099566,0.016137830103513152,0.0004300252654594638,0.0004674037779590672
US-natural/gru-mae-0.001-s44,gru,base,44,mae,0.001,26,0.019645459526421525,0.023083700729489093,0.0006597244523641281,0.0007649509786173702
US-natural/gru-mae-0.001-s44,gru,base,44,mae,0.001,27,0.020180799005773725,0.014143524026414701,0.0007065332378275889,0.00039689101306720044
US-natural/gru-mae-0.001-s44,gru,base,44,mae,0.001,28,0.01664187995908426,0.01526280491241104,0.0004897110309189799,0.00045831180475026836
US-natural/gru-mae-0.001-s44,gru,base,44,mae,0.001,29,0.015676270186850597,0.014071417967131,0.00047264514996796296,0.00037532626867057086
US-natural/gru-mae-0.001-s44,gru,base,44,mae,0.001,30,0.0148610704018667,0.01440594763446744,0.00046536415085017416,0.00039898163477529165
US-natural/gru-huber-0.0001-s42,gru,base,42,huber,0.0001,1,0.13152627060588085,0.08662579632222826,0.02642949456175292,0.011639667872942683
US-natural/gru-huber-0.0001-s42,gru,base,42,huber,0.0001,2,0.10153531811337645,0.0628506763324545,0.015957328506209737,0.006760474528044307
US-natural/gru-huber-0.0001-s42,gru,base,42,huber,0.0001,3,0.0791934703970637,0.06705409977140152,0.009222524268003423,0.006223740680487029
US-natural/gru-huber-0.0001-s42,gru,base,42,huber,0.0001,4,0.05123979783582274,0.03710855327331723,0.0042652590408400895,0.0021957116351989056
US-natural/gru-huber-0.0001-s42,gru,base,42,huber,0.0001,5,0.037843327223399205,0.037838850101482246,0.002170911226665267,0.0022712937854833548
US-natural/gru-huber-0.0001-s42,gru,base,42,huber,0.0001,6,0.03327131534337703,0.027191231715674696,0.0016448656393268479,0.0012379213404456236
US-natural/gru-huber-0.0001-s42,gru,base,42,huber,0.0001,7,0.026895494312180166,0.024301197478869798,0.0011700911880637747,0.000991381181549541
US-natural/gru-huber-0.0001-s42,gru,base,42,huber,0.0001,8,0.026186810320144558,0.027691067594891688,0.0010458240032569872,0.0012324542120569504
US-natural/gru-huber-0.0001-s42,gru,base,42,huber,0.0001,9,0.02791762600963071,0.030789319823121466,0.0012376691289480823,0.0014083745608730143
US-natural/gru-huber-0.0001-s42,gru,base,42,huber,0.0001,10,0.02090709906480186,0.022866231699608615,0.0007624147884723521,0.000863525727906969
US-natural/gru-huber-0.0001-s42,gru,base,42,huber,0.0001,11,0.020260693014233475,0.01986529578722951,0.0007427044817464441,0.0007103656052455158
US-natural/gru-huber-0.0001-s42,gru,base,42,huber,0.0001,12,0.017389129989410303,0.020085915537910674,0.0005522273861804534,0.0007214531694564365
US-natural/gru-huber-0.0001-s42,gru,base,42,huber,0.0001,13,0.020060900575535147,0.021613757706919774,0.0006732427487084391,0.0008119982742231088
US-natural/gru-huber-0.0001-s42,gru,base,42,huber,0.0001,14,0.018512189180863513,0.02071797317991337,0.0006169292382977616,0.0007583090647455728
US-natural/gru-huber-0.0001-s42,gru,base,42,huber,0.0001,15,0.017066486712010775,0.02383043796383046,0.0005279614611144189,0.0009287589727930912
US-natural/gru-huber-0.0001-s42,gru,base,42,huber,0.0001,16,0.01597008242599007,0.020293478931940154,0.0005203434422828847,0.0007218191258542111
US-natural/gru-huber-0.0001-s42,gru,base,42,huber,0.0001,17,0.018901154940210815,0.021042133454833727,0.000641171483286105,0.000765095078804439
US-natural/gru-huber-0.0001-s42,gru,base,42,huber,0.0001,18,0.015685773658316565,0.02018519539754096,0.00047422138516147475,0.0007171701267137305
US-natural/gru-huber-0.0001-s42,gru,base,42,huber,0.0001,19,0.015788893079904154,0.02656356583201977,0.0004991672678022249,0.0010789993532239425
US-natural/gru-huber-0.0001-s42,gru,base,42,huber,0.0001,20,0.016195985822960418,0.025905083654060208,0.0004920512109913125,0.0010394844680478854
US-natural/gru-huber-0.0001-s42,gru,base,42,huber,0.0001,21,0.015511977638950049,0.021522971405252406,0.0004563459480716571,0.0007665107202381365
US-natural/gru-huber-0.0001-s42,gru,base,42,huber,0.0001,22,0.014279923797647072,0.022888325750183104,0.00042585478884408015,0.0008514799056572256
US-natural/gru-huber-0.0001-s42,gru,base,42,huber,0.0001,23,0.01487428897926679,0.02078309718947727,0.00045293841303498654,0.0007329350759217749
US-natural/gru-huber-0.0001-s42,gru,base,42,huber,0.0001,24,0.015548075268446076,0.019756280948898912,0.00048469969828955953,0.0006765369077758299
US-natural/gru-huber-0.0001-s42,gru,base,42,huber,0.0001,25,0.014225972493633254,0.023682535874789794,0.0004125732304440038,0.0008894304973890344
US-natural/gru-huber-0.0001-s42,gru,base,42,huber,0.0001,26,0.015647125209830984,0.0243357386650319,0.00046443763832553235,0.0009228096444909348
US-natural/gru-huber-0.0001-s42,gru,base,42,huber,0.0001,27,0.01436340438280782,0.02415855848694724,0.000414281402964558,0.0009167159032978774
US-natural/gru-huber-0.0001-s42,gru,base,42,huber,0.0001,28,0.013548365590668382,0.021073219820507742,0.0003880460446021302,0.0007575129072385056
US-natural/gru-huber-0.0001-s42,gru,base,42,huber,0.0001,29,0.016338103401912347,0.024233523880901137,0.0004927114552516534,0.000927781105217202
US-natural/gru-huber-0.0001-s42,gru,base,42,huber,0.0001,30,0.017291771083088166,0.024378168109591467,0.0005299759095026606,0.0009493181418069284
US-natural/gru-huber-0.0001-s43,gru,base,43,huber,0.0001,1,0.07404327585042525,0.09880294718174033,0.010389974958356871,0.01661579535052815
US-natural/gru-huber-0.0001-s43,gru,base,43,huber,0.0001,2,0.07524831440175866,0.06572518761116287,0.009337415403804162,0.00792191429843428
US-natural/gru-huber-0.0001-s43,gru,base,43,huber,0.0001,3,0.05403440303036702,0.05845865343155083,0.004950225546667611,0.00706884494921705
US-natural/gru-huber-0.0001-s43,gru,base,43,huber,0.0001,4,0.05366292856369128,0.054051236416515894,0.0043911612252571725,0.006193221134163426
US-natural/gru-huber-0.0001-s43,gru,base,43,huber,0.0001,5,0.04185508385376313,0.04334383670959832,0.002802856724814862,0.0039484791280432665
US-natural/gru-huber-0.0001-s43,gru,base,43,huber,0.0001,6,0.03357326947644118,0.039021715023879466,0.0019216052090755807,0.0030202134231412277
US-natural/gru-huber-0.0001-s43,gru,base,43,huber,0.0001,7,0.0273090402332557,0.03615890326825502,0.0012507133515629763,0.0027826732584457963
US-natural/gru-huber-0.0001-s43,gru,base,43,huber,0.0001,8,0.023714232419790586,0.03126696607588969,0.0010055574868434436,0.002005486956937588
US-natural/gru-huber-0.0001-s43,gru,base,43,huber,0.0001,9,0.022775414748782544,0.029690866524910757,0.0009773110687339547,0.0019139141654937874
US-natural/gru-huber-0.0001-s43,gru,base,43,huber,0.0001,10,0.022311114072974522,0.028907046525422916,0.0009254146151121314,0.0017860675431873583
US-natural/gru-huber-0.0001-s43,gru,base,43,huber,0.0001,11,0.019704951540913458,0.027518875440048572,0.0007223749528505402,0.0015472486723189206
US-natural/gru-huber-0.0001-s43,gru,base,43,huber,0.0001,12,0.018663046315067527,0.024105803089110537,0.0006691667376742988,0.0011482994469052456
US-natural/gru-huber-0.0001-s43,gru,base,43,huber,0.0001,13,0.01891957606685008,0.02400230957108409,0.00070345397456198,0.0011315500293299036
US-natural/gru-huber-0.0001-s43,gru,base,43,huber,0.0001,14,0.017694228274215597,0.022809661957876842,0.0006171533466084709,0.0009697592491705538
US-natural/gru-huber-0.0001-s43,gru,base,43,huber,0.0001,15,0.01699870024994205,0.02232084300927792,0.0005669039199132973,0.0009709848711012963
US-natural/gru-huber-0.0001-s43,gru,base,43,huber,0.0001,16,0.01586748453640194,0.021653597234033928,0.0005243670610739765,0.0008961413313560668
US-natural/gru-huber-0.0001-s43,gru,base,43,huber,0.0001,17,0.015568956994722084,0.021738879440552746,0.0005064033283118239,0.0009136114272849402
US-natural/gru-huber-0.0001-s43,gru,base,43,huber,0.0001,18,0.015337096757920356,0.022688303695434828,0.0004895807762725584,0.0009947542851710704
US-natural/gru-huber-0.0001-s43,gru,base,43,huber,0.0001,19,0.015647240662922737,0.02147459972537066,0.0004970663805359498,0.0009003594661267342
US-natural/gru-huber-0.0001-s43,gru,base,43,huber,0.0001,20,0.015654180532664208,0.02351700035577755,0.0005087258505949316,0.0009671281754832217
US-natural/gru-huber-0.0001-s43,gru,base,43,huber,0.0001,21,0.017406972640996405,0.02471520844350929,0.0005446974989579333,0.0010428597280122151
US-natural/gru-huber-0.0001-s43,gru,base,43,huber,0.0001,22,0.01663237496465912,0.021866524405857193,0.0005528155590750227,0.0008911480925039128
US-natural/gru-huber-0.0001-s43,gru,base,43,huber,0.0001,23,0.015055978493019736,0.02108042809602424,0.00047033077248668674,0.0008146661830679831
US-natural/gru-huber-0.0001-s43,gru,base,43,huber,0.0001,24,0.015550611090203536,0.022358317187164946,0.0004918194007735478,0.000948002041414695
US-natural/gru-huber-0.0001-s43,gru,base,43,huber,0.0001,25,0.01646207071584238,0.02524167579999365,0.0005375941319995775,0.0011785395463297424
US-natural/gru-huber-0.0001-s43,gru,base,43,huber,0.0001,26,0.015505438257992275,0.022210971811641764,0.0004810485126546168,0.0009199317207890434
US-natural/gru-huber-0.0001-s43,gru,base,43,huber,0.0001,27,0.01454387751202035,0.02184508021475752,0.00044671850251558863,0.0009321814619612421
US-natural/gru-huber-0.0001-s43,gru,base,43,huber,0.0001,28,0.014073391190232886,0.02268573849080786,0.0004422052088966649,0.0009960392965179892
US-natural/gru-huber-0.0001-s43,gru,base,43,huber,0.0001,29,0.014019095853020781,0.021811157514696734,0.00042579229324499196,0.000933869736398928
US-natural/gru-huber-0.0001-s43,gru,base,43,huber,0.0001,30,0.013557132654795991,0.021673490817112884,0.00040883963782062583,0.0009079447979670687
US-natural/gru-huber-0.0001-s44,gru,base,44,huber,0.0001,1,0.14825594321278518,0.1042682836439029,0.029830153406352315,0.014123964092185044
US-natural/gru-huber-0.0001-s44,gru,base,44,huber,0.0001,2,0.059690196634731754,0.05914641501490469,0.00587012741050866,0.0061970997824683
US-natural/gru-huber-0.0001-s44,gru,base,44,huber,0.0001,3,0.043144684560678416,0.0524411303862982,0.0035860860929172846,0.0050495008081475334
US-natural/gru-huber-0.0001-s44,gru,base,44,huber,0.0001,4,0.03997769360091398,0.04689720657731229,0.0028977262123886308,0.004165082354565216
US-natural/gru-huber-0.0001-s44,gru,base,44,huber,0.0001,5,0.037618375121850865,0.04738694953465506,0.0024559629949701435,0.003887252885689994
US-natural/gru-huber-0.0001-s44,gru,base,44,huber,0.0001,6,0.03625679229971858,0.05001965061724585,0.002217124847225184,0.003999027686727309
US-natural/gru-huber-0.0001-s44,gru,base,44,huber,0.0001,7,0.03852621061976872,0.04012436017723873,0.0024227973174986463,0.002819553754119702
US-natural/gru-huber-0.0001-s44,gru,base,44,huber,0.0001,8,0.02981964391104443,0.03645878766307148,0.00146504896220841,0.00230770141350355
US-natural/gru-huber-0.0001-s44,gru,base,44,huber,0.0001,9,0.025802727615683897,0.03531446886974254,0.0011446810982415978,0.002073994215091836
US-natural/gru-huber-0.0001-s44,gru,base,44,huber,0.0001,10,0.024941936616672107,0.031384430708333924,0.001078278309089183,0.0017127915737843813
US-natural/gru-huber-0.0001-s44,gru,base,44,huber,0.0001,11,0.022069607686291737,0.030543174125982085,0.0008550367133097476,0.0016494622413311736
US-natural/gru-huber-0.0001-s44,gru,base,44,huber,0.0001,12,0.02069306257491899,0.02785027570387872,0.000748196499517852,0.0014104679474443052
US-natural/gru-huber-0.0001-s44,gru,base,44,huber,0.0001,13,0.019396637171353644,0.02775366277370939,0.000651420803386101,0.0014070583832519834
US-natural/gru-huber-0.0001-s44,gru,base,44,huber,0.0001,14,0.018880714360721883,0.02577434848243229,0.000651975362636645,0.0012693750084226698
US-natural/gru-huber-0.0001-s44,gru,base,44,huber,0.0001,15,0.017841804906770148,0.025029635521621768,0.000599560743598078,0.0012198902603407567
US-natural/gru-huber-0.0001-s44,gru,base,44,huber,0.0001,16,0.017388826902439806,0.026373212173976188,0.0005621603722473413,0.001297571431969385
US-natural/gru-huber-0.0001-s44,gru,base,44,huber,0.0001,17,0.01836853157242165,0.03065304299259393,0.0005969539338804956,0.0016308589945401464
US-natural/gru-huber-0.0001-s44,gru,base,44,huber,0.0001,18,0.017078516590989874,0.02552195632876587,0.000542257749248251,0.0012556684936993322
US-natural/gru-huber-0.0001-s44,gru,base,44,huber,0.0001,19,0.01715936810641889,0.030274869920138024,0.0005744403995669558,0.0016292786567337753
US-natural/gru-huber-0.0001-s44,gru,base,44,huber,0.0001,20,0.0180231983603993,0.02989319162505752,0.0005917757643029161,0.001618069623735119
US-natural/gru-huber-0.0001-s44,gru,base,44,huber,0.0001,21,0.018165775989699363,0.024828934702518183,0.0005752217468024334,0.0011775532002249215
US-natural/gru-huber-0.0001-s44,gru,base,44,huber,0.0001,22,0.016937292294577674,0.023660724147459185,0.0005335756859299178,0.0010980945762152606
US-natural/gru-huber-0.0001-s44,gru,base,44,huber,0.0001,23,0.018039078627573556,0.03451398962970434,0.0005888599689514353,0.0019189714404998794
US-natural/gru-huber-0.0001-s44,gru,base,44,huber,0.0001,24,0.0193683924929193,0.026464917538975608,0.0006233279670485858,0.0013375230425417626
US-natural/gru-huber-0.0001-s44,gru,base,44,huber,0.0001,25,0.01745370118957997,0.023776716330297463,0.0005808469722633961,0.0011857028634304414
US-natural/gru-huber-0.0001-s44,gru,base,44,huber,0.0001,26,0.018921790661330824,0.022357196992692282,0.0006254490043020616,0.0009317934641215073
US-natural/gru-huber-0.0001-s44,gru,base,44,huber,0.0001,27,0.018708862131286953,0.023805796299122245,0.0006526974232739939,0.0010924313567284964
US-natural/gru-huber-0.0001-s44,gru,base,44,huber,0.0001,28,0.016540921114488842,0.02678667308174979,0.0005143623646789465,0.001352277168860861
US-natural/gru-huber-0.0001-s44,gru,base,44,huber,0.0001,29,0.01566135269951736,0.0227585765905168,0.00047287788114447457,0.0010464015621640206
US-natural/gru-huber-0.0001-s44,gru,base,44,huber,0.0001,30,0.014091565720788379,0.02272353371267916,0.0004265171837865741,0.0010409729632480972
US-natural/gru-huber-0.001-s42,gru,base,42,huber,0.001,1,0.11944115425734231,0.12785018816927424,0.027749796048054616,0.021252357828208154
US-natural/gru-huber-0.001-s42,gru,base,42,huber,0.001,2,0.06949965749791845,0.03813506796424995,0.010609129473496294,0.0022994898894717914
US-natural/gru-huber-0.001-s42,gru,base,42,huber,0.001,3,0.08437208993815583,0.032344172128178965,0.010358238709656952,0.0017593554584604324
US-natural/gru-huber-0.001-s42,gru,base,42,huber,0.001,4,0.06344099381174689,0.020378146232672343,0.005474932128037247,0.0006894316140748665
US-natural/gru-huber-0.001-s42,gru,base,42,huber,0.001,5,0.03212456426369472,0.0337750467135981,0.0016711734168935986,0.001552485027843435
US-natural/gru-huber-0.001-s42,gru,base,42,huber,0.001,6,0.03428688277765203,0.03852179339963024,0.0018489779380603559,0.0019296825721600952
US-natural/gru-huber-0.001-s42,gru,base,42,huber,0.001,7,0.028727043146272037,0.022219004884586245,0.0012450452786715374,0.0009244787167035864
US-natural/gru-huber-0.001-s42,gru,base,42,huber,0.001,8,0.02393017991616278,0.01798739807085569,0.0010376298584370185,0.000542908804551556
US-natural/gru-huber-0.001-s42,gru,base,42,huber,0.001,9,0.02098721901656952,0.01663678384826063,0.0009059351223861692,0.0005283372089702789
US-natural/gru-huber-0.001-s42,gru,base,42,huber,0.001,10,0.022185601617570983,0.01705967461450535,0.0007744564038833093,0.0005134568600443485
US-natural/gru-huber-0.001-s42,gru,base,42,huber,0.001,11,0.019981943298217862,0.03538911195481529,0.0007108037877912517,0.0015816733476055206
US-natural/gru-huber-0.001-s42,gru,base,42,huber,0.001,12,0.025308585757824242,0.031499705503968814,0.001209770216170392,0.0013538584846669577
US-natural/gru-huber-0.001-s42,gru,base,42,huber,0.001,13,0.024645080076117747,0.02146231532936981,0.0009272938321582301,0.0007329541674133092
US-natural/gru-huber-0.001-s42,gru,base,42,huber,0.001,14,0.021220315321201628,0.021100899735676006,0.0007552595381396705,0.0007020674759148121
US-natural/gru-huber-0.001-s42,gru,base,42,huber,0.001,15,0.02351046478468986,0.015515714699499743,0.0009479318021062815,0.0004667927989138308
US-natural/gru-huber-0.001-s42,gru,base,42,huber,0.001,16,0.01837366724496608,0.018190283418102794,0.0006054010941677517,0.0006045230762748511
US-natural/gru-huber-0.001-s42,gru,base,42,huber,0.001,17,0.020342591157258682,0.01499838866661466,0.0006649974749900632,0.00042198611906362973
US-natural/gru-huber-0.001-s42,gru,base,42,huber,0.001,18,0.02158459821944127,0.01854777991189141,0.0007637784104288115,0.0005992548062973083
US-natural/gru-huber-0.001-s42,gru,base,42,huber,0.001,19,0.01967529195182139,0.019296642646892827,0.0006807309628812648,0.0006468891681065494
US-natural/gru-huber-0.001-s42,gru,base,42,huber,0.001,20,0.021071235182729225,0.020188736091564394,0.0008646367863191707,0.0006967006487430022
US-natural/gru-huber-0.001-s42,gru,base,42,huber,0.001,21,0.020146591317203172,0.016183907505032978,0.0007073685146904357,0.0005108033594288852
US-natural/gru-huber-0.001-s42,gru,base,42,huber,0.001,22,0.01957125596508385,0.020485724047608445,0.000677263748422901,0.000602387052987641
US-natural/gru-huber-0.001-s42,gru,base,42,huber,0.001,23,0.017529441196388777,0.016222504518203517,0.0005331755301996521,0.00046069133563761855
US-natural/gru-huber-0.001-s42,gru,base,42,huber,0.001,24,0.021047277851774338,0.018182477367174824,0.0006954423150510667,0.0006236377579726066
US-natural/gru-huber-0.001-s42,gru,base,42,huber,0.001,25,0.016303675141080082,0.020430406796160504,0.0005069038879774674,0.0007127843603881419
US-natural/gru-huber-0.001-s42,gru,base,42,huber,0.001,26,0.021905746348089065,0.019462875641609822,0.0008101671897592302,0.0005835220698129784
US-natural/gru-huber-0.001-s42,gru,base,42,huber,0.001,27,0.01783411266698814,0.01509657874063618,0.0005531865578178971,0.00042125810956476767
US-natural/gru-huber-0.001-s42,gru,base,42,huber,0.001,28,0.01559024371149613,0.02192083162542733,0.00048168894958326605,0.0010734109174879661
US-natural/gru-huber-0.001-s42,gru,base,42,huber,0.001,29,0.017816657947787865,0.022307479461753738,0.0006957325187572137,0.0007141089328651365
US-natural/gru-huber-0.001-s42,gru,base,42,huber,0.001,30,0.022020573854668414,0.02358219501858791,0.0007448006011388683,0.0007579400571054337
US-natural/gru-huber-0.001-s43,gru,base,43,huber,0.001,1,0.08519489987038308,0.11652174183725456,0.012739971180644101,0.015537653755853087
US-natural/gru-huber-0.001-s43,gru,base,43,huber,0.001,2,0.05703830034170806,0.0720687258357477,0.005173269302916013,0.008988477596739533
US-natural/gru-huber-0.001-s43,gru,base,43,huber,0.001,3,0.05136509834240847,0.027967886655802028,0.00448731031206844,0.001477975158612336
US-natural/gru-huber-0.001-s43,gru,base,43,huber,0.001,4,0.03983186705274333,0.041769784671482985,0.002354751217861001,0.0024863526476928428
US-natural/gru-huber-0.001-s43,gru,base,43,huber,0.001,5,0.04199154738415881,0.0245769528405263,0.0024433618382570096,0.0010286091890316556
US-natural/gru-huber-0.001-s43,gru,base,43,huber,0.001,6,0.0297274361615149,0.019756404939996895,0.0013842544696577854,0.0006402869869129553
US-natural/gru-huber-0.001-s43,gru,base,43,huber,0.001,7,0.02782964441241654,0.02725329729334036,0.001189755939629208,0.0011271809731845002
US-natural/gru-huber-0.001-s43,gru,base,43,huber,0.001,8,0.028274777828744227,0.017687613495074885,0.0012419901207545636,0.000555295907014772
US-natural/gru-huber-0.001-s43,gru,base,43,huber,0.001,9,0.018892712664465797,0.019279510317764575,0.0006590411182796354,0.0005674930545954942
US-natural/gru-huber-0.001-s43,gru,base,43,huber,0.001,10,0.019264253780650848,0.016430722460845076,0.0006592450595853426,0.0004583611393444893
US-natural/gru-huber-0.001-s43,gru,base,43,huber,0.001,11,0.017482673153420773,0.01553860617504335,0.0005686269180216168,0.00041216974453522063
US-natural/gru-huber-0.001-s43,gru,base,43,huber,0.001,12,0.016560652695929358,0.01478390059542213,0.0005026702936314006,0.0003777966861636596
US-natural/gru-huber-0.001-s43,gru,base,43,huber,0.001,13,0.016223993576692568,0.016213864781850336,0.0005029702118234728,0.00044863436407898273
US-natural/gru-huber-0.001-s43,gru,base,43,huber,0.001,14,0.01561336353005312,0.016639072072877077,0.00048141814527886343,0.0004834796422821877
US-natural/gru-huber-0.001-s43,gru,base,43,huber,0.001,15,0.016541927917190582,0.01969278182912394,0.0005190611745600603,0.0006412800590940547
US-natural/gru-huber-0.001-s43,gru,base,43,huber,0.001,16,0.016750316248997067,0.015125328075000857,0.0005256984236017866,0.00041081612111965336
US-natural/gru-huber-0.001-s43,gru,base,43,huber,0.001,17,0.015198654713910392,0.01697363698788098,0.0004426786622866019,0.000543872612142676
US-natural/gru-huber-0.001-s43,gru,base,43,huber,0.001,18,0.014606803807795098,0.01382885145663245,0.0004230060783656572,0.0003516777914044464
US-natural/gru-huber-0.001-s43,gru,base,43,huber,0.001,19,0.015078165346725132,0.01826516532883329,0.0004404998398283213,0.0005862948705100192
US-natural/gru-huber-0.001-s43,gru,base,43,huber,0.001,20,0.015809763791481173,0.015342629745643417,0.00048098593379015297,0.0004111823300384268
US-natural/gru-huber-0.001-s43,gru,base,43,huber,0.001,21,0.015624855828043332,0.01618364186197372,0.0004476879613531397,0.0004935715186072825
US-natural/gru-huber-0.001-s43,gru,base,43,huber,0.001,22,0.01420426225954179,0.014682630708522035,0.0004130065260542762,0.00038104965683315964
US-natural/gru-huber-0.001-s43,gru,base,43,huber,0.001,23,0.014335269038026014,0.015369214478497586,0.0004445395860556951,0.0004368698744922175
US-natural/gru-huber-0.001-s43,gru,base,43,huber,0.001,24,0.014569553151216472,0.015781413443878352,0.00043408486840137647,0.0004583679682542912
US-natural/gru-huber-0.001-s43,gru,base,43,huber,0.001,25,0.014135119108953636,0.014910339351869322,0.00041310261312344626,0.00040017372042397187
US-natural/gru-huber-0.001-s43,gru,base,43,huber,0.001,26,0.013562947054595575,0.01675989156491428,0.00040941817193621086,0.0004907320001409216
US-natural/gru-huber-0.001-s43,gru,base,43,huber,0.001,27,0.01378354146503068,0.01514950176136525,0.00041064124068660265,0.0004218335301789986
US-natural/gru-huber-0.001-s43,gru,base,43,huber,0.001,28,0.012900963019203172,0.014994632258463007,0.00037444777849393205,0.00039431368199383145
US-natural/gru-huber-0.001-s43,gru,base,43,huber,0.001,29,0.013136918064799778,0.016218041079133067,0.00037640879926709094,0.000492893158296169
US-natural/gru-huber-0.001-s43,gru,base,43,huber,0.001,30,0.012598293261929011,0.016913180179319195,0.00037422704475440405,0.0005191058993900666
US-natural/gru-huber-0.001-s44,gru,base,44,huber,0.001,1,0.10369253848158758,0.08878969440110282,0.016450788644855413,0.011684421809557982
US-natural/gru-huber-0.001-s44,gru,base,44,huber,0.001,2,0.07706282852174567,0.04558470416047762,0.00818228261206402,0.0031830529496387687
US-natural/gru-huber-0.001-s44,gru,base,44,huber,0.001,3,0.04220965987707431,0.04108517890127878,0.0028485484604805597,0.0022240720317074354
US-natural/gru-huber-0.001-s44,gru,base,44,huber,0.001,4,0.02945694934745933,0.028066096540626133,0.0013781763852069764,0.0011488924165398069
US-natural/gru-huber-0.001-s44,gru,base,44,huber,0.001,5,0.025079087439231075,0.0340938079157297,0.0009562013251272277,0.0019111752430389672
US-natural/gru-huber-0.001-s44,gru,base,44,huber,0.001,6,0.028575888820437795,0.02976391590270487,0.0013443698326964348,0.0013321073781265502
US-natural/gru-huber-0.001-s44,gru,base,44,huber,0.001,7,0.03385124474278133,0.05398891117591024,0.0018327372667118708,0.003406095143452702
US-natural/gru-huber-0.001-s44,gru,base,44,huber,0.001,8,0.04004706900296658,0.02509394860810726,0.0022954769122917286,0.001169652234348359
US-natural/gru-huber-0.001-s44,gru,base,44,huber,0.001,9,0.02407931466804038,0.01825955783852445,0.0009470179745402534,0.0005885701033728083
US-natural/gru-huber-0.001-s44,gru,base,44,huber,0.001,10,0.01926628374299741,0.016456380818109576,0.0006208102705373838,0.0005489563946826669
US-natural/gru-huber-0.001-s44,gru,base,44,huber,0.001,11,0.02081342677396787,0.029617393568088114,0.00073380173355795,0.0012869751012377295
US-natural/gru-huber-0.001-s44,gru,base,44,huber,0.001,12,0.02543979552452778,0.024016751970859104,0.0009836230643793023,0.0008689498689908574
US-natural/gru-huber-0.001-s44,gru,base,44,huber,0.001,13,0.0243782626692019,0.02008525602881442,0.0009513841330429466,0.0006714407883159748
US-natural/gru-huber-0.001-s44,gru,base,44,huber,0.001,14,0.016491408965655086,0.016116663440316717,0.0005140148461596298,0.00046933880753894514
US-natural/gru-huber-0.001-s44,gru,base,44,huber,0.001,15,0.015541444734489877,0.015030192057801166,0.0004594336919161144,0.00045348412778810826
US-natural/gru-huber-0.001-s44,gru,base,44,huber,0.001,16,0.016681294174636877,0.016895236641674256,0.0005025127661494391,0.0005375622678352296
US-natural/gru-huber-0.001-s44,gru,base,44,huber,0.001,17,0.015650457104572125,0.016239757688360675,0.0004485637184610626,0.0004952911265773122
US-natural/gru-huber-0.001-s44,gru,base,44,huber,0.001,18,0.014741599111662031,0.015771090529585675,0.00042183680485130407,0.00048074257880702844
US-natural/gru-huber-0.001-s44,gru,base,44,huber,0.001,19,0.01421395995348046,0.01921180580384956,0.00041075783678980535,0.0006345705816268311
US-natural/gru-huber-0.001-s44,gru,base,44,huber,0.001,20,0.015178900811277348,0.017347774166804684,0.0004407478236562548,0.0005431539708521205
US-natural/gru-huber-0.001-s44,gru,base,44,huber,0.001,21,0.014229754806232321,0.016766366860086222,0.0003986498873429988,0.0005268768495135478
US-natural/gru-huber-0.001-s44,gru,base,44,huber,0.001,22,0.014254483142634009,0.014933306611501718,0.0003989921386429116,0.00046246354281534224
US-natural/gru-huber-0.001-s44,gru,base,44,huber,0.001,23,0.014646039444898066,0.015598492869240962,0.00042549870308680276,0.0004987582633175436
US-natural/gru-huber-0.001-s44,gru,base,44,huber,0.001,24,0.016064021168131937,0.02001014062763724,0.0005067680646435004,0.0006367217616089392
US-natural/gru-huber-0.001-s44,gru,base,44,huber,0.001,25,0.016851023476684254,0.015645683178976112,0.0005343226589772026,0.0004616639658966647
US-natural/gru-huber-0.001-s44,gru,base,44,huber,0.001,26,0.01626249020415547,0.018380083152924186,0.0005247248381143416,0.0006944720017932367
US-natural/gru-huber-0.001-s44,gru,base,44,huber,0.001,27,0.015102709747688686,0.016362888478535512,0.00048430618066948154,0.0005278282825752199
US-natural/gru-huber-0.001-s44,gru,base,44,huber,0.001,28,0.016622841092649915,0.01971366608065868,0.000548322220098062,0.0006217598093875075
US-natural/gru-huber-0.001-s44,gru,base,44,huber,0.001,29,0.015385678815211704,0.021211756810600745,0.00044651808934063355,0.0007393758404383577
US-natural/gru-huber-0.001-s44,gru,base,44,huber,0.001,30,0.018811862537546548,0.022177056346884813,0.0005686719741416054,0.0007731042726105291
US-natural/dlinear-mse-0.0001-s42,dlinear,base,42,mse,0.0001,1,0.13165028112733207,0.14276216351475976,0.028486156669759195,0.024912642218399807
US-natural/dlinear-mse-0.0001-s42,dlinear,base,42,mse,0.0001,2,0.07494909704532232,0.06699801837289028,0.009653713460563271,0.0063732919763958475
US-natural/dlinear-mse-0.0001-s42,dlinear,base,42,mse,0.0001,3,0.05427715238632842,0.046490323511256905,0.004730900999284335,0.004255693232550032
US-natural/dlinear-mse-0.0001-s42,dlinear,base,42,mse,0.0001,4,0.042382867971060466,0.04344330718194428,0.003504197396610898,0.003577357590678728
US-natural/dlinear-mse-0.0001-s42,dlinear,base,42,mse,0.0001,5,0.03945942877243054,0.041251900795569736,0.0027595222826766706,0.003108680041731293
US-natural/dlinear-mse-0.0001-s42,dlinear,base,42,mse,0.0001,6,0.033936535916973876,0.038433187061099786,0.0023162971023947573,0.002713126213045871
US-natural/dlinear-mse-0.0001-s42,dlinear,base,42,mse,0.0001,7,0.031011116682559656,0.03814764441216974,0.0018912552348721446,0.0024341638482992495
US-natural/dlinear-mse-0.0001-s42,dlinear,base,42,mse,0.0001,8,0.028685504424827864,0.03402274465980623,0.0016352947172397678,0.001983686079860715
US-natural/dlinear-mse-0.0001-s42,dlinear,base,42,mse,0.0001,9,0.027028115392816816,0.03363659891188494,0.001434392219073508,0.001863562661118101
US-natural/dlinear-mse-0.0001-s42,dlinear,base,42,mse,0.0001,10,0.026431126953042904,0.03012812738022479,0.0013304970988770868,0.0015129784549316274
US-natural/dlinear-mse-0.0001-s42,dlinear,base,42,mse,0.0001,11,0.02467828394500544,0.029221370835293286,0.0011588125805996408,0.0013821074497278039
US-natural/dlinear-mse-0.0001-s42,dlinear,base,42,mse,0.0001,12,0.024014287091200043,0.03396014891514853,0.0010538684582879871,0.0017461316832621877
US-natural/dlinear-mse-0.0001-s42,dlinear,base,42,mse,0.0001,13,0.025332047684480028,0.026019793158133568,0.0011129297842408328,0.0011277951972897444
US-natural/dlinear-mse-0.0001-s42,dlinear,base,42,mse,0.0001,14,0.023153002030697825,0.025678510757983206,0.0009868109094750067,0.0010665038411145388
US-natural/dlinear-mse-0.0001-s42,dlinear,base,42,mse,0.0001,15,0.022120107504631878,0.02750050865630479,0.0008496982156507636,0.0011923348445122017
US-natural/dlinear-mse-0.0001-s42,dlinear,base,42,mse,0.0001,16,0.02142483884971519,0.023883136871947368,0.0008201833579609825,0.000920830194419315
US-natural/dlinear-mse-0.0001-s42,dlinear,base,42,mse,0.0001,17,0.02066049643484216,0.023665790363370184,0.0007598878407701315,0.0008921044924923459
US-natural/dlinear-mse-0.0001-s42,dlinear,base,42,mse,0.0001,18,0.021234271551564064,0.025765039366474975,0.0007516875268929208,0.0010527679829145933
US-natural/dlinear-mse-0.0001-s42,dlinear,base,42,mse,0.0001,19,0.020125333592714147,0.026757650341752016,0.0006938074824894023,0.0011196917700024675
US-natural/dlinear-mse-0.0001-s42,dlinear,base,42,mse,0.0001,20,0.019855969724951485,0.02265408290686058,0.0006821902507739008,0.0008223138519569847
US-natural/dlinear-mse-0.0001-s42,dlinear,base,42,mse,0.0001,21,0.01880317517297597,0.02424858726876218,0.0006188166184493307,0.0009247826686958645
US-natural/dlinear-mse-0.0001-s42,dlinear,base,42,mse,0.0001,22,0.018444472481576317,0.02511265741852704,0.000602287342033536,0.0009845964964658627
US-natural/dlinear-mse-0.0001-s42,dlinear,base,42,mse,0.0001,23,0.018407153309502287,0.02358880507808394,0.0005945443470705279,0.0008694781524795869
US-natural/dlinear-mse-0.0001-s42,dlinear,base,42,mse,0.0001,24,0.01790488550299498,0.02443677351390286,0.0005672952945850523,0.0009363040604797504
US-natural/dlinear-mse-0.0001-s42,dlinear,base,42,mse,0.0001,25,0.01789473197584783,0.0236249047448927,0.000561701413852358,0.0008752531385377215
US-natural/dlinear-mse-0.0001-s42,dlinear,base,42,mse,0.0001,26,0.017796159216703925,0.024048509309043706,0.0005534023459253859,0.0009118374152108471
US-natural/dlinear-mse-0.0001-s42,dlinear,base,42,mse,0.0001,27,0.01757854631993178,0.026674564800847102,0.0005433116637743011,0.0011013907110239071
US-natural/dlinear-mse-0.0001-s42,dlinear,base,42,mse,0.0001,28,0.018056932139185296,0.022489895101529184,0.0005535554356090801,0.000800939280734984
US-natural/dlinear-mse-0.0001-s42,dlinear,base,42,mse,0.0001,29,0.018078232553777173,0.021564357679724658,0.0005410887809957921,0.0007506339079852459
US-natural/dlinear-mse-0.0001-s42,dlinear,base,42,mse,0.0001,30,0.01790200624234553,0.023432304441760324,0.0005463931252007631,0.0008668358160843303
US-natural/dlinear-mse-0.0001-s43,dlinear,base,43,mse,0.0001,1,0.3991569881871469,0.12395753767939058,0.19701602467419735,0.020997177618001243
US-natural/dlinear-mse-0.0001-s43,dlinear,base,43,mse,0.0001,2,0.08098781277908447,0.12219770442847767,0.011624947235691449,0.020506719413660224
US-natural/dlinear-mse-0.0001-s43,dlinear,base,43,mse,0.0001,3,0.09850411433329448,0.06437012707473666,0.015546812716328953,0.006646588696416434
US-natural/dlinear-mse-0.0001-s43,dlinear,base,43,mse,0.0001,4,0.08087299756753434,0.06361875304619095,0.0088877442312878,0.005596107297446704
US-natural/dlinear-mse-0.0001-s43,dlinear,base,43,mse,0.0001,5,0.06198632716099215,0.051891280331148,0.005588743180993338,0.0042313643127609305
US-natural/dlinear-mse-0.0001-s43,dlinear,base,43,mse,0.0001,6,0.05112002004085214,0.04864657764105479,0.004429407686590171,0.0037518474238881962
US-natural/dlinear-mse-0.0001-s43,dlinear,base,43,mse,0.0001,7,0.04989953778986393,0.04409740274199179,0.0038680912714687036,0.003005273962114256
US-natural/dlinear-mse-0.0001-s43,dlinear,base,43,mse,0.0001,8,0.04358714412794464,0.043391698907185194,0.0031403493901759737,0.0029672201409026546
US-natural/dlinear-mse-0.0001-s43,dlinear,base,43,mse,0.0001,9,0.042823924339964674,0.03929150669622854,0.002823702115987135,0.0023799084192998917
US-natural/dlinear-mse-0.0001-s43,dlinear,base,43,mse,0.0001,10,0.03689649289328297,0.040670363593903594,0.0022149363566817686,0.0026256946622625855
US-natural/dlinear-mse-0.0001-s43,dlinear,base,43,mse,0.0001,11,0.035429449539542295,0.037178943070545506,0.0020278891853357274,0.002150381738314281
US-natural/dlinear-mse-0.0001-s43,dlinear,base,43,mse,0.0001,12,0.03321071215155903,0.03592098361886978,0.0017472177679014025,0.0019911074964732178
US-natural/dlinear-mse-0.0001-s43,dlinear,base,43,mse,0.0001,13,0.031829934544195713,0.03526240932044974,0.0015763466880288168,0.0019048490045494829
US-natural/dlinear-mse-0.0001-s43,dlinear,base,43,mse,0.0001,14,0.030270431408268576,0.035629343976709894,0.0014309992193056393,0.0019489345150579477
US-natural/dlinear-mse-0.0001-s43,dlinear,base,43,mse,0.0001,15,0.029060205391832773,0.03460185635708139,0.0013238761916689926,0.0018167887804396141
US-natural/dlinear-mse-0.0001-s43,dlinear,base,43,mse,0.0001,16,0.02796035644151872,0.034688982809145556,0.001220218316939728,0.0018350687460152184
US-natural/dlinear-mse-0.0001-s43,dlinear,base,43,mse,0.0001,17,0.02701719952423345,0.03367600131997436,0.0011348562512797891,0.0017245134753626767
US-natural/dlinear-mse-0.0001-s43,dlinear,base,43,mse,0.0001,18,0.026346117979927097,0.03301212465456906,0.0010798250880099747,0.0016614675263038003
US-natural/dlinear-mse-0.0001-s43,dlinear,base,43,mse,0.0001,19,0.02561886717096553,0.03334173602719501,0.001037369587857872,0.001710271815565273
US-natural/dlinear-mse-0.0001-s43,dlinear,base,43,mse,0.0001,20,0.025490387144000762,0.033039342168114084,0.0009961676845044423,0.001691015624544826
US-natural/dlinear-mse-0.0001-s43,dlinear,base,43,mse,0.0001,21,0.024622721530367275,0.03174160507614638,0.0009309982002632619,0.0015721247346456473
US-natural/dlinear-mse-0.0001-s43,dlinear,base,43,mse,0.0001,22,0.02403902399021297,0.03112727359975602,0.0009158459206583502,0.001531247939112252
US-natural/dlinear-mse-0.0001-s43,dlinear,base,43,mse,0.0001,23,0.025057179205933658,0.03003060557246356,0.0009367415517847506,0.0014441328036965651
US-natural/dlinear-mse-0.0001-s43,dlinear,base,43,mse,0.0001,24,0.02355190499803903,0.03134863048681153,0.0009049311317588134,0.0015852844739097027
US-natural/dlinear-mse-0.0001-s43,dlinear,base,43,mse,0.0001,25,0.023729188963278827,0.03028650116464953,0.0008619955157378412,0.0015010277233232568
US-natural/dlinear-mse-0.0001-s43,dlinear,base,43,mse,0.0001,26,0.02265738539407108,0.03047940653737577,0.0008350733297511551,0.0015285000084408712
US-natural/dlinear-mse-0.0001-s43,dlinear,base,43,mse,0.0001,27,0.02205240508498266,0.028429878139566257,0.0007770900489951709,0.0013684479504940004
US-natural/dlinear-mse-0.0001-s43,dlinear,base,43,mse,0.0001,28,0.021567318692724175,0.030693215643412156,0.0007729757249617839,0.0015721043658365067
US-natural/dlinear-mse-0.0001-s43,dlinear,base,43,mse,0.0001,29,0.02154189829589366,0.028380895243694235,0.000750863565141197,0.001383182261262571
US-natural/dlinear-mse-0.0001-s43,dlinear,base,43,mse,0.0001,30,0.02138899321240648,0.030052498822622592,0.0007428452435807972,0.0015295187746375977
US-natural/dlinear-mse-0.0001-s44,dlinear,base,44,mse,0.0001,1,0.2860747136623626,0.12016270885732164,0.11987475574204609,0.022769995772762966
US-natural/dlinear-mse-0.0001-s44,dlinear,base,44,mse,0.0001,2,0.11068938020231034,0.11781176026180037,0.023022566019938136,0.026553319684024412
US-natural/dlinear-mse-0.0001-s44,dlinear,base,44,mse,0.0001,3,0.09242403569247486,0.1033632642206831,0.01599787073618305,0.014713891547603861
US-natural/dlinear-mse-0.0001-s44,dlinear,base,44,mse,0.0001,4,0.0829277913017263,0.08485475169372318,0.010293556298775559,0.011070201838500795
US-natural/dlinear-mse-0.0001-s44,dlinear,base,44,mse,0.0001,5,0.0630452603569535,0.071373719616242,0.0068068545913480185,0.009409591977557084
US-natural/dlinear-mse-0.0001-s44,dlinear,base,44,mse,0.0001,6,0.05567287942496567,0.0655835403174107,0.005420452420561848,0.007452115105238949
US-natural/dlinear-mse-0.0001-s44,dlinear,base,44,mse,0.0001,7,0.046970865733853076,0.05964328009345122,0.0038709546121006655,0.006267681693979533
US-natural/dlinear-mse-0.0001-s44,dlinear,base,44,mse,0.0001,8,0.041401130592773755,0.05421297486499008,0.003037915805420041,0.0050739275341101465
US-natural/dlinear-mse-0.0001-s44,dlinear,base,44,mse,0.0001,9,0.03666485465921521,0.050722315488735355,0.002355891184174019,0.004430734758529885
US-natural/dlinear-mse-0.0001-s44,dlinear,base,44,mse,0.0001,10,0.033322754035743106,0.04700916964940404,0.0019585586041354756,0.003759535421389208
US-natural/dlinear-mse-0.0001-s44,dlinear,base,44,mse,0.0001,11,0.030103188672995877,0.04520127998550388,0.0016143098469768196,0.003515020825907705
US-natural/dlinear-mse-0.0001-s44,dlinear,base,44,mse,0.0001,12,0.029212618931053876,0.04199707830940076,0.0014380129954963058,0.0029037539359382174
US-natural/dlinear-mse-0.0001-s44,dlinear,base,44,mse,0.0001,13,0.028214226657484964,0.03937406365683516,0.0012849510168818953,0.0025824172032817318
US-natural/dlinear-mse-0.0001-s44,dlinear,base,44,mse,0.0001,14,0.02748362739019775,0.0374609034774977,0.0012118700969002219,0.002325288208458151
US-natural/dlinear-mse-0.0001-s44,dlinear,base,44,mse,0.0001,15,0.027540280996390984,0.036178455822490505,0.0012100334007279499,0.002170627724328498
US-natural/dlinear-mse-0.0001-s44,dlinear,base,44,mse,0.0001,16,0.02526224421218528,0.03502141637866522,0.0010192255370215842,0.002045969409850346
US-natural/dlinear-mse-0.0001-s44,dlinear,base,44,mse,0.0001,17,0.024455101840683377,0.03400641895223008,0.0009602901226224023,0.0019351868171526196
US-natural/dlinear-mse-0.0001-s44,dlinear,base,44,mse,0.0001,18,0.023668162874688696,0.03274637364352255,0.0009088610613377615,0.001804584976246909
US-natural/dlinear-mse-0.0001-s44,dlinear,base,44,mse,0.0001,19,0.023381044029073872,0.03225843840916388,0.0008837291693159886,0.0017678108200873217
US-natural/dlinear-mse-0.0001-s44,dlinear,base,44,mse,0.0001,20,0.02297376609389691,0.031510465094458505,0.0008655380297550292,0.0017045719422086971
US-natural/dlinear-mse-0.0001-s44,dlinear,base,44,mse,0.0001,21,0.02235712234408551,0.03084658062331144,0.0008172502354025445,0.0016247535823531577
US-natural/dlinear-mse-0.0001-s44,dlinear,base,44,mse,0.0001,22,0.021427651852145964,0.03076347153510479,0.0007742139358354514,0.0016232761286603076
US-natural/dlinear-mse-0.0001-s44,dlinear,base,44,mse,0.0001,23,0.021414841713372986,0.029843396835622826,0.0007734827952691787,0.0015255550517369824
US-natural/dlinear-mse-0.0001-s44,dlinear,base,44,mse,0.0001,24,0.02110659118118071,0.02954128303020281,0.0007534005254279635,0.0015086472102177372
US-natural/dlinear-mse-0.0001-s44,dlinear,base,44,mse,0.0001,25,0.02113694427183852,0.029641982239217445,0.0007469182867417654,0.001530704875638858
US-natural/dlinear-mse-0.0001-s44,dlinear,base,44,mse,0.0001,26,0.020196794163691845,0.028761043879688163,0.0006992372203509561,0.001435348412637869
US-natural/dlinear-mse-0.0001-s44,dlinear,base,44,mse,0.0001,27,0.019880399312066522,0.028754786376191305,0.0006769442689512002,0.0014412359087829457
US-natural/dlinear-mse-0.0001-s44,dlinear,base,44,mse,0.0001,28,0.019472688639420248,0.028216337399341585,0.0006628787882506995,0.001398942604859972
US-natural/dlinear-mse-0.0001-s44,dlinear,base,44,mse,0.0001,29,0.019098995102976746,0.027951862180433263,0.0006405207987770539,0.0013724724193419802
US-natural/dlinear-mse-0.0001-s44,dlinear,base,44,mse,0.0001,30,0.0187778101655802,0.027531047116666114,0.0006202782859733982,0.0013255935903271614
US-natural/dlinear-mse-0.001-s42,dlinear,base,42,mse,0.001,1,0.15201306003990575,0.13316777683424935,0.03655912555637936,0.021249259661256598
US-natural/dlinear-mse-0.001-s42,dlinear,base,42,mse,0.001,2,0.09360385570229485,0.0828501933513089,0.013521113648722612,0.008612878736480234
US-natural/dlinear-mse-0.001-s42,dlinear,base,42,mse,0.001,3,0.0540093681120067,0.034094376098660784,0.00472574243805719,0.0015990892984619816
US-natural/dlinear-mse-0.001-s42,dlinear,base,42,mse,0.001,4,0.026044183734854755,0.02549020743909095,0.001140947605317254,0.0009985204961046453
US-natural/dlinear-mse-0.001-s42,dlinear,base,42,mse,0.001,5,0.021696077373285508,0.018803626462257778,0.0008527042591417221,0.0005731228979945155
US-natural/dlinear-mse-0.001-s42,dlinear,base,42,mse,0.001,6,0.02095564412126739,0.01781177025261373,0.0007751163123695337,0.0005354924826106921
US-natural/dlinear-mse-0.001-s42,dlinear,base,42,mse,0.001,7,0.018592019204993288,0.017339670516282712,0.0006300817831318463,0.0005014835558055476
US-natural/dlinear-mse-0.001-s42,dlinear,base,42,mse,0.001,8,0.019098509424986674,0.019303000431869496,0.0006614896373712424,0.0005943452162658104
US-natural/dlinear-mse-0.001-s42,dlinear,base,42,mse,0.001,9,0.01954694416736712,0.022368673193371224,0.0006416827786448632,0.0007623437644239807
US-natural/dlinear-mse-0.001-s42,dlinear,base,42,mse,0.001,10,0.017576300606509037,0.021226029550685463,0.0005687730148903555,0.0006997888541770824
US-natural/dlinear-mse-0.001-s42,dlinear,base,42,mse,0.001,11,0.017455200203536792,0.020491760359744995,0.0005454301153609468,0.0006604145408147388
US-natural/dlinear-mse-0.001-s42,dlinear,base,42,mse,0.001,12,0.01667934948684789,0.021803536220767868,0.0005214568907775069,0.000731607247472425
US-natural/dlinear-mse-0.001-s42,dlinear,base,42,mse,0.001,13,0.016568009515092106,0.017914290973324542,0.0005033738959820943,0.0005313397295951587
US-natural/dlinear-mse-0.001-s42,dlinear,base,42,mse,0.001,14,0.016090420326559003,0.019882422520264464,0.00047527832645319465,0.0006266925235812217
US-natural/dlinear-mse-0.001-s42,dlinear,base,42,mse,0.001,15,0.01562366468385868,0.016779731353640095,0.0004603686194562619,0.00048009751677259875
US-natural/dlinear-mse-0.001-s42,dlinear,base,42,mse,0.001,16,0.016612493012637,0.01859561263780674,0.0004921401338940662,0.0005679201239414836
US-natural/dlinear-mse-0.001-s42,dlinear,base,42,mse,0.001,17,0.017519195020299166,0.021572185082804136,0.000531545464638269,0.0007243681649471045
US-natural/dlinear-mse-0.001-s42,dlinear,base,42,mse,0.001,18,0.01536558957986742,0.01781778789067133,0.0004368439449981518,0.0005379355281633592
US-natural/dlinear-mse-0.001-s42,dlinear,base,42,mse,0.001,19,0.015115893660215542,0.02227293837524808,0.0004279306032965617,0.0007716348670417229
US-natural/dlinear-mse-0.001-s42,dlinear,base,42,mse,0.001,20,0.015040057201761367,0.019347747587078957,0.00042236647647204186,0.0006066935159690934
US-natural/dlinear-mse-0.001-s42,dlinear,base,42,mse,0.001,21,0.014903097079485806,0.017056581925135622,0.00040615083617053015,0.0004906594007084828
US-natural/dlinear-mse-0.001-s42,dlinear,base,42,mse,0.001,22,0.014833806709321572,0.01776912891419149,0.0003979256082481349,0.0005344188544787863
US-natural/dlinear-mse-0.001-s42,dlinear,base,42,mse,0.001,23,0.01469106166894824,0.02192537663414996,0.00039063114436234224,0.000749420999225133
US-natural/dlinear-mse-0.001-s42,dlinear,base,42,mse,0.001,24,0.013999430250751208,0.01995505573917378,0.0003769539196095942,0.0006501868190055726
US-natural/dlinear-mse-0.001-s42,dlinear,base,42,mse,0.001,25,0.013765497889480718,0.01865440226059066,0.0003598219314348542,0.0005811009456897072
US-natural/dlinear-mse-0.001-s42,dlinear,base,42,mse,0.001,26,0.01442527889204002,0.01803330679354672,0.0003705235182818894,0.0005493686559214536
US-natural/dlinear-mse-0.001-s42,dlinear,base,42,mse,0.001,27,0.013970045156015465,0.019595962343267742,0.0003618677030217975,0.0006297007577209777
US-natural/dlinear-mse-0.001-s42,dlinear,base,42,mse,0.001,28,0.01359493084300495,0.01781323615486676,0.0003410973342367392,0.0005404664724472919
US-natural/dlinear-mse-0.001-s42,dlinear,base,42,mse,0.001,29,0.01386050873484853,0.018359004521502586,0.0003380066577421686,0.0005751475751848345
US-natural/dlinear-mse-0.001-s42,dlinear,base,42,mse,0.001,30,0.013570647347826578,0.02208319862746569,0.00033568779358422664,0.0007660111201091612
US-natural/dlinear-mse-0.001-s43,dlinear,base,43,mse,0.001,1,0.13673974648316703,0.11381908507644274,0.03682079300654371,0.014801651696625175
US-natural/dlinear-mse-0.001-s43,dlinear,base,43,mse,0.001,2,0.07634060345353874,0.09490853008615893,0.009077479241415057,0.010554450976427331
US-natural/dlinear-mse-0.001-s43,dlinear,base,43,mse,0.001,3,0.07015752048191069,0.02156719972436261,0.007384118336485083,0.0007814888671087106
US-natural/dlinear-mse-0.001-s43,dlinear,base,43,mse,0.001,4,0.031640401167643335,0.04420533988820782,0.0014249546983988268,0.0024173200615160437
US-natural/dlinear-mse-0.001-s43,dlinear,base,43,mse,0.001,5,0.024515852016599102,0.025097308375896087,0.0010245145650845439,0.0009999977038385656
US-natural/dlinear-mse-0.001-s43,dlinear,base,43,mse,0.001,6,0.02075064463900739,0.022735970033907763,0.0007669374143273825,0.00086084027762451
US-natural/dlinear-mse-0.001-s43,dlinear,base,43,mse,0.001,7,0.01870306850794429,0.02271863579375459,0.0006475688431670837,0.0008247562071909688
US-natural/dlinear-mse-0.001-s43,dlinear,base,43,mse,0.001,8,0.018428554396039628,0.02662883219449137,0.0005953732182958699,0.001049797924794752
US-natural/dlinear-mse-0.001-s43,dlinear,base,43,mse,0.001,9,0.017544513107482715,0.0267509050643961,0.0005625377304295984,0.001071933638970276
US-natural/dlinear-mse-0.001-s43,dlinear,base,43,mse,0.001,10,0.016283033589234632,0.02263697701776052,0.0005248733000901454,0.0008450366450027605
US-natural/dlinear-mse-0.001-s43,dlinear,base,43,mse,0.001,11,0.016680082927618144,0.022581660468408878,0.0005139784431942096,0.0008340383752684341
US-natural/dlinear-mse-0.001-s43,dlinear,base,43,mse,0.001,12,0.016429481288316596,0.023500577241522724,0.0005048813736794163,0.0008852114713507961
US-natural/dlinear-mse-0.001-s43,dlinear,base,43,mse,0.001,13,0.017581760804562998,0.028474782555258635,0.0005513011095380296,0.0011729443376252233
US-natural/dlinear-mse-0.001-s43,dlinear,base,43,mse,0.001,14,0.016478075562720067,0.022235056928101814,0.0004981166237009986,0.0008102586361113048
US-natural/dlinear-mse-0.001-s43,dlinear,base,43,mse,0.001,15,0.015428447721073301,0.023473989037169806,0.0004668862345233814,0.0008727278331839101
US-natural/dlinear-mse-0.001-s43,dlinear,base,43,mse,0.001,16,0.01553557315993852,0.023026409568398597,0.0004616164349597007,0.000858726529113464
US-natural/dlinear-mse-0.001-s43,dlinear,base,43,mse,0.001,17,0.015751037799327954,0.021021079491509238,0.00046119472436574653,0.0007752589696659601
US-natural/dlinear-mse-0.001-s43,dlinear,base,43,mse,0.001,18,0.015793186849792123,0.021968656152051017,0.000470384811875433,0.0008266947934993498
US-natural/dlinear-mse-0.001-s43,dlinear,base,43,mse,0.001,19,0.015711490577472415,0.021304703257183016,0.0004557957957136996,0.0007665275635163749
US-natural/dlinear-mse-0.001-s43,dlinear,base,43,mse,0.001,20,0.015524807491941146,0.028844993738639437,0.00044283517223417986,0.0011936170440867465
US-natural/dlinear-mse-0.001-s43,dlinear,base,43,mse,0.001,21,0.016657391732061766,0.026025038319310956,0.0004934096569200241,0.0010018930105193202
US-natural/dlinear-mse-0.001-s43,dlinear,base,43,mse,0.001,22,0.017581809315378134,0.02261465134086089,0.0005264979186195118,0.000808677555027877
US-natural/dlinear-mse-0.001-s43,dlinear,base,43,mse,0.001,23,0.014815959072979796,0.021007188641529354,0.0004359588314035183,0.0007490558586796948
US-natural/dlinear-mse-0.001-s43,dlinear,base,43,mse,0.001,24,0.014315326914265271,0.023325816540262015,0.00040981194636631354,0.0008931241199779329
US-natural/dlinear-mse-0.001-s43,dlinear,base,43,mse,0.001,25,0.014154248656630414,0.02193642979140298,0.00039700246054552015,0.0008044297324537378
US-natural/dlinear-mse-0.001-s43,dlinear,base,43,mse,0.001,26,0.013702923733975126,0.02296473273244861,0.00037858745810970154,0.0008583801809929759
US-natural/dlinear-mse-0.001-s43,dlinear,base,43,mse,0.001,27,0.013756201008303126,0.021615543358364644,0.0003702886608061857,0.0007892861610604745
US-natural/dlinear-mse-0.001-s43,dlinear,base,43,mse,0.001,28,0.013347232827561317,0.022373566575877846,0.0003529214926567659,0.0008303943193538291
US-natural/dlinear-mse-0.001-s43,dlinear,base,43,mse,0.001,29,0.013410938147753591,0.021282362268157783,0.000358878689710428,0.0007590140889916208
US-natural/dlinear-mse-0.001-s43,dlinear,base,43,mse,0.001,30,0.014004738792553656,0.024980159129577933,0.0003690262089866621,0.0009658215021046683
US-natural/dlinear-mse-0.001-s44,dlinear,base,44,mse,0.001,1,0.2234303901038778,0.08635997286742167,0.07283881972315509,0.010951923875400614
US-natural/dlinear-mse-0.001-s44,dlinear,base,44,mse,0.001,2,0.0869493303623523,0.06653971089590784,0.010565705369094534,0.0069977667629283966
US-natural/dlinear-mse-0.001-s44,dlinear,base,44,mse,0.001,3,0.03169424315437604,0.04158537965999291,0.00195730847909392,0.0025694123982762966
US-natural/dlinear-mse-0.001-s44,dlinear,base,44,mse,0.001,4,0.028563732931598154,0.02805976265292094,0.0013169631556366073,0.001442636669708535
US-natural/dlinear-mse-0.001-s44,dlinear,base,44,mse,0.001,5,0.023521208753026226,0.02626986356438744,0.0009488649401274926,0.001278989845135793
US-natural/dlinear-mse-0.001-s44,dlinear,base,44,mse,0.001,6,0.01922807193303348,0.022252385585005863,0.0006458408777622348,0.0010023049864618442
US-natural/dlinear-mse-0.001-s44,dlinear,base,44,mse,0.001,7,0.018619828683725234,0.02157863298156872,0.0006414450301810771,0.0009409757552728919
US-natural/dlinear-mse-0.001-s44,dlinear,base,44,mse,0.001,8,0.018169394646042895,0.026699394277113746,0.0005705904008416124,0.0012288430512739218
US-natural/dlinear-mse-0.001-s44,dlinear,base,44,mse,0.001,9,0.02040043592304241,0.020903121334665552,0.0007237144648155659,0.0007799002810869966
US-natural/dlinear-mse-0.001-s44,dlinear,base,44,mse,0.001,10,0.018708076647722605,0.02184239623394126,0.000597905582414197,0.0007663758203181737
US-natural/dlinear-mse-0.001-s44,dlinear,base,44,mse,0.001,11,0.018238355598657868,0.020173521709578326,0.0005691208700489623,0.0007481332616624775
US-natural/dlinear-mse-0.001-s44,dlinear,base,44,mse,0.001,12,0.017144412764509797,0.02045199421574679,0.0005246981650044441,0.0007946386030432941
US-natural/dlinear-mse-0.001-s44,dlinear,base,44,mse,0.001,13,0.01739004600096741,0.02045767286012985,0.0005190889867255059,0.0006982483055815412
US-natural/dlinear-mse-0.001-s44,dlinear,base,44,mse,0.001,14,0.017072194675480986,0.02006543158927505,0.0005270211613422203,0.000736838137452292
US-natural/dlinear-mse-0.001-s44,dlinear,base,44,mse,0.001,15,0.016303179398071493,0.023414588197859843,0.00046991163447958583,0.0008901430387591334
US-natural/dlinear-mse-0.001-s44,dlinear,base,44,mse,0.001,16,0.01628776056297568,0.021827622922067504,0.0004683293168652727,0.0008043006817355068
US-natural/dlinear-mse-0.001-s44,dlinear,base,44,mse,0.001,17,0.01613094932332187,0.02005649113882476,0.00046986872338283044,0.0007114537999358513
US-natural/dlinear-mse-0.001-s44,dlinear,base,44,mse,0.001,18,0.0153745278594097,0.01984025950314423,0.0004262753885327119,0.0006964863084105451
US-natural/dlinear-mse-0.001-s44,dlinear,base,44,mse,0.001,19,0.01466851220240091,0.020147632791101343,0.0004063370977682061,0.0007213395468783519
US-natural/dlinear-mse-0.001-s44,dlinear,base,44,mse,0.001,20,0.014964539016092957,0.019837647708966576,0.00040563205916248585,0.0007150661404716875
US-natural/dlinear-mse-0.001-s44,dlinear,base,44,mse,0.001,21,0.014929909822159073,0.020623738290857157,0.00041820832413968356,0.0007790109221134874
US-natural/dlinear-mse-0.001-s44,dlinear,base,44,mse,0.001,22,0.017268791022179535,0.020513296551397175,0.00048051081034323546,0.0007592703053910431
US-natural/dlinear-mse-0.001-s44,dlinear,base,44,mse,0.001,23,0.016282464570525693,0.022806351898131225,0.0004707227682853323,0.0008385687310904371
US-natural/dlinear-mse-0.001-s44,dlinear,base,44,mse,0.001,24,0.01516795116182932,0.019931995330060872,0.0004053459414532851,0.0006787947361587351
US-natural/dlinear-mse-0.001-s44,dlinear,base,44,mse,0.001,25,0.014614331371426433,0.019792871834810207,0.000411095610294293,0.0006860726755125724
US-natural/dlinear-mse-0.001-s44,dlinear,base,44,mse,0.001,26,0.015877102730400584,0.022404647533303526,0.0004499016027844615,0.0010056740727569019
US-natural/dlinear-mse-0.001-s44,dlinear,base,44,mse,0.001,27,0.016419860521116332,0.024951771491638103,0.00045413824740454534,0.0009700169275404959
US-natural/dlinear-mse-0.001-s44,dlinear,base,44,mse,0.001,28,0.017114718208651233,0.022488771300781328,0.000500349650029628,0.0008673613026931087
US-natural/dlinear-mse-0.001-s44,dlinear,base,44,mse,0.001,29,0.01796690210939556,0.02135154916549226,0.0005321676484971688,0.0007497687734449558
US-natural/dlinear-mse-0.001-s44,dlinear,base,44,mse,0.001,30,0.016926802660776053,0.02142912416782167,0.0004938828966597779,0.0008086864520154967
US-natural/dlinear-mae-0.0001-s42,dlinear,base,42,mae,0.0001,1,0.12710669846420092,0.10253572061367305,0.027316306866547423,0.015100094622425352
US-natural/dlinear-mae-0.0001-s42,dlinear,base,42,mae,0.0001,2,0.07272768755287452,0.0513754238276041,0.00789203705220133,0.005023477363563582
US-natural/dlinear-mae-0.0001-s42,dlinear,base,42,mae,0.0001,3,0.05490042926314988,0.050626116940144364,0.005229756370750235,0.0046612290491640195
US-natural/dlinear-mae-0.0001-s42,dlinear,base,42,mae,0.0001,4,0.04250432074283149,0.04396570983032103,0.0035815208713435662,0.004008740350844416
US-natural/dlinear-mae-0.0001-s42,dlinear,base,42,mae,0.0001,5,0.034921300457649705,0.040232508604144374,0.002424677371405861,0.003715153383538099
US-natural/dlinear-mae-0.0001-s42,dlinear,base,42,mae,0.0001,6,0.03085694571988829,0.03747747754297361,0.0021549825952287306,0.0029840514173263256
US-natural/dlinear-mae-0.0001-s42,dlinear,base,42,mae,0.0001,7,0.02762817819585126,0.03535057433129728,0.0017780892280964472,0.0025369838330427737
US-natural/dlinear-mae-0.0001-s42,dlinear,base,42,mae,0.0001,8,0.028267569612978948,0.037029112789921756,0.001660978816539822,0.0023638190230349343
US-natural/dlinear-mae-0.0001-s42,dlinear,base,42,mae,0.0001,9,0.026349628489757488,0.037398800094714565,0.0014356604688643255,0.0022646457074001363
US-natural/dlinear-mae-0.0001-s42,dlinear,base,42,mae,0.0001,10,0.023266881350258343,0.03092659858636125,0.0013371565268570369,0.0018515198629761817
US-natural/dlinear-mae-0.0001-s42,dlinear,base,42,mae,0.0001,11,0.022692008352166684,0.02925743703484881,0.0012523481553700308,0.0015813065116836466
US-natural/dlinear-mae-0.0001-s42,dlinear,base,42,mae,0.0001,12,0.02107625521922212,0.030313371621507438,0.0010752182198801208,0.0015446102054861657
US-natural/dlinear-mae-0.0001-s42,dlinear,base,42,mae,0.0001,13,0.022288633038392167,0.035767634556760956,0.001036262544244219,0.0018761382542733557
US-natural/dlinear-mae-0.0001-s42,dlinear,base,42,mae,0.0001,14,0.02323182460441106,0.03107203182711944,0.0010317682006906043,0.0014866641282119523
US-natural/dlinear-mae-0.0001-s42,dlinear,base,42,mae,0.0001,15,0.020277958651285066,0.024817955875417002,0.0008555146803870447,0.0011153745376535854
US-natural/dlinear-mae-0.0001-s42,dlinear,base,42,mae,0.0001,16,0.024357779423997476,0.0233140499291846,0.0011310266035278293,0.0009824242297035261
US-natural/dlinear-mae-0.0001-s42,dlinear,base,42,mae,0.0001,17,0.023556716541901418,0.025805887371644264,0.0009643074235225269,0.0010823647863028695
US-natural/dlinear-mae-0.0001-s42,dlinear,base,42,mae,0.0001,18,0.018277253894143815,0.02194733657803695,0.0006496371133447956,0.0008025548387097935
US-natural/dlinear-mae-0.0001-s42,dlinear,base,42,mae,0.0001,19,0.017091723700788774,0.022052409353582377,0.0005861967780678335,0.0007971052159087564
US-natural/dlinear-mae-0.0001-s42,dlinear,base,42,mae,0.0001,20,0.016224598742080855,0.0240160578959758,0.0005306460031725943,0.0009235533702691562
US-natural/dlinear-mae-0.0001-s42,dlinear,base,42,mae,0.0001,21,0.016669173973393608,0.020945871083499337,0.0005465096830373022,0.0007218374712175531
US-natural/dlinear-mae-0.0001-s42,dlinear,base,42,mae,0.0001,22,0.017846066273699612,0.025213869131275803,0.0005738577024127278,0.0010161044445068119
US-natural/dlinear-mae-0.0001-s42,dlinear,base,42,mae,0.0001,23,0.015740203198466928,0.021343404189097425,0.00047529040778828584,0.000742171080228926
US-natural/dlinear-mae-0.0001-s42,dlinear,base,42,mae,0.0001,24,0.016011536122860288,0.023137949469156243,0.0004895566923038934,0.0008714853462438377
US-natural/dlinear-mae-0.0001-s42,dlinear,base,42,mae,0.0001,25,0.015182852044056937,0.025304169961155004,0.0004631053283150298,0.0010487284138138364
US-natural/dlinear-mae-0.0001-s42,dlinear,base,42,mae,0.0001,26,0.015193604889997301,0.02105896409925789,0.00048426627784605065,0.0007304419244342903
US-natural/dlinear-mae-0.0001-s42,dlinear,base,42,mae,0.0001,27,0.016306528367576786,0.02709228474534218,0.0004886827527700707,0.0011582036493796679
US-natural/dlinear-mae-0.0001-s42,dlinear,base,42,mae,0.0001,28,0.01582834655248641,0.021465002752912,0.0004974716484490815,0.0007853892322758993
US-natural/dlinear-mae-0.0001-s42,dlinear,base,42,mae,0.0001,29,0.017141791712449166,0.024859775442633878,0.0005474019071878681,0.001047802912879727
US-natural/dlinear-mae-0.0001-s42,dlinear,base,42,mae,0.0001,30,0.015495494391890036,0.02881103945319918,0.0004596105374015685,0.0013121960728797637
US-natural/dlinear-mae-0.0001-s43,dlinear,base,43,mae,0.0001,1,0.39372014572015746,0.10723144571655924,0.19401896532313678,0.015418934205032143
US-natural/dlinear-mae-0.0001-s43,dlinear,base,43,mae,0.0001,2,0.07633024104139431,0.0717339300502519,0.010494565894854061,0.008307290619956623
US-natural/dlinear-mae-0.0001-s43,dlinear,base,43,mae,0.0001,3,0.06804296552310245,0.05496685757457845,0.007291919748279123,0.004744726764663294
US-natural/dlinear-mae-0.0001-s43,dlinear,base,43,mae,0.0001,4,0.05848292576247842,0.05575048723419924,0.005351214351189305,0.004921440365670781
US-natural/dlinear-mae-0.0001-s43,dlinear,base,43,mae,0.0001,5,0.04432831750899588,0.03737160301024473,0.003419556254548964,0.0021378131442323363
US-natural/dlinear-mae-0.0001-s43,dlinear,base,43,mae,0.0001,6,0.03655434185160433,0.036973891459920874,0.002150779046397021,0.002209570577036717
US-natural/dlinear-mae-0.0001-s43,dlinear,base,43,mae,0.0001,7,0.032202396480270665,0.03411509044686288,0.0016908930904280938,0.0018408623382856924
US-natural/dlinear-mae-0.0001-s43,dlinear,base,43,mae,0.0001,8,0.027475279451739908,0.031458230868144525,0.0012192828861210903,0.0015180583783772376
US-natural/dlinear-mae-0.0001-s43,dlinear,base,43,mae,0.0001,9,0.0260001953709914,0.030552061583501152,0.0011117143599216307,0.0014133373112693113
US-natural/dlinear-mae-0.0001-s43,dlinear,base,43,mae,0.0001,10,0.02290245417915831,0.03127635029644714,0.0008993779484198597,0.001592064886952234
US-natural/dlinear-mae-0.0001-s43,dlinear,base,43,mae,0.0001,11,0.02194414803330498,0.029455375014037326,0.0008033915050802415,0.0014787074390181134
US-natural/dlinear-mae-0.0001-s43,dlinear,base,43,mae,0.0001,12,0.02095200832909154,0.027746704521498015,0.0007423972364121578,0.001385450414257456
US-natural/dlinear-mae-0.0001-s43,dlinear,base,43,mae,0.0001,13,0.022298306232154768,0.030839881750673533,0.0008427273992347444,0.0015090771899224722
US-natural/dlinear-mae-0.0001-s43,dlinear,base,43,mae,0.0001,14,0.02054186224102153,0.028700970847422087,0.0007654575403795603,0.00131734716739451
US-natural/dlinear-mae-0.0001-s43,dlinear,base,43,mae,0.0001,15,0.01960382194558687,0.02568655944697884,0.0007074715830679931,0.001104419807317087
US-natural/dlinear-mae-0.0001-s43,dlinear,base,43,mae,0.0001,16,0.01886276128327993,0.02609837983457414,0.0006568700975555585,0.0011611677825409906
US-natural/dlinear-mae-0.0001-s43,dlinear,base,43,mae,0.0001,17,0.01954922999078935,0.026326266874116957,0.0006623780084744291,0.0012292703651581587
US-natural/dlinear-mae-0.0001-s43,dlinear,base,43,mae,0.0001,18,0.021112663091426558,0.027470427638954905,0.0007706492754496034,0.001328892697624046
US-natural/dlinear-mae-0.0001-s43,dlinear,base,43,mae,0.0001,19,0.021391956058102547,0.024973857683783587,0.0007660010849446107,0.0010840835853404209
US-natural/dlinear-mae-0.0001-s43,dlinear,base,43,mae,0.0001,20,0.017673916018873855,0.025397441951636762,0.0005890307447231668,0.0011601071507548915
US-natural/dlinear-mae-0.0001-s43,dlinear,base,43,mae,0.0001,21,0.016865858298856784,0.026098358428132164,0.0005569615195694976,0.0011114160523144206
US-natural/dlinear-mae-0.0001-s43,dlinear,base,43,mae,0.0001,22,0.017817658365737496,0.024706716758774627,0.0005972433616256671,0.0010615539812609822
US-natural/dlinear-mae-0.0001-s43,dlinear,base,43,mae,0.0001,23,0.016133188344423056,0.024873656377290266,0.0005119136136170851,0.001070618406275019
US-natural/dlinear-mae-0.0001-s43,dlinear,base,43,mae,0.0001,24,0.016272202149391218,0.026619527123938357,0.0005586475989233567,0.001259762127926751
US-natural/dlinear-mae-0.0001-s43,dlinear,base,43,mae,0.0001,25,0.018032100684978288,0.026041695161447914,0.0006138274690721148,0.001184535288633208
US-natural/dlinear-mae-0.0001-s43,dlinear,base,43,mae,0.0001,26,0.015671607477956324,0.029404080128374015,0.0004966660472586019,0.0012954959637638023
US-natural/dlinear-mae-0.0001-s43,dlinear,base,43,mae,0.0001,27,0.01892948313755262,0.023323166491485213,0.0006304090096080094,0.0009620746051384756
US-natural/dlinear-mae-0.0001-s43,dlinear,base,43,mae,0.0001,28,0.016526764134033752,0.025230921342341884,0.0005076704959277775,0.001135955840234193
US-natural/dlinear-mae-0.0001-s43,dlinear,base,43,mae,0.0001,29,0.01486763610943449,0.023587374891006242,0.0004768546533784996,0.0009639863489345544
US-natural/dlinear-mae-0.0001-s43,dlinear,base,43,mae,0.0001,30,0.01607521199932607,0.02518874821149918,0.0005033608025708047,0.0010650902350299533
US-natural/dlinear-mae-0.0001-s44,dlinear,base,44,mae,0.0001,1,0.27652263685358547,0.11512447124919153,0.11676562069775136,0.026553136680091304
US-natural/dlinear-mae-0.0001-s44,dlinear,base,44,mae,0.0001,2,0.11387800090980664,0.1003135139636552,0.02239582837175621,0.018057591319320557
US-natural/dlinear-mae-0.0001-s44,dlinear,base,44,mae,0.0001,3,0.08287010487287139,0.08530625738080143,0.011650157659552681,0.013451131801852154
US-natural/dlinear-mae-0.0001-s44,dlinear,base,44,mae,0.0001,4,0.07105348450329123,0.07161626787897632,0.009700812636070498,0.010023603929828227
US-natural/dlinear-mae-0.0001-s44,dlinear,base,44,mae,0.0001,5,0.04823421447751385,0.0629071956296967,0.005071993383054747,0.008239720792439743
US-natural/dlinear-mae-0.0001-s44,dlinear,base,44,mae,0.0001,6,0.038676428033740086,0.053524958403323775,0.00359434187001665,0.005737042229533058
US-natural/dlinear-mae-0.0001-s44,dlinear,base,44,mae,0.0001,7,0.03202324505942855,0.04677311543939707,0.0024501715386931904,0.004228282746472164
US-natural/dlinear-mae-0.0001-s44,dlinear,base,44,mae,0.0001,8,0.02982021116306437,0.03999305647688783,0.0017768316067389113,0.0029626757117722467
US-natural/dlinear-mae-0.0001-s44,dlinear,base,44,mae,0.0001,9,0.024294910448362628,0.03561278684648256,0.001160733724637242,0.0023172774330305498
US-natural/dlinear-mae-0.0001-s44,dlinear,base,44,mae,0.0001,10,0.023810794318215204,0.03129913561661539,0.0010233902968669428,0.0017476517542168795
US-natural/dlinear-mae-0.0001-s44,dlinear,base,44,mae,0.0001,11,0.02305486022731673,0.029734281753648797,0.00092551070465906,0.0015497342176293153
US-natural/dlinear-mae-0.0001-s44,dlinear,base,44,mae,0.0001,12,0.02056518240716607,0.02672662552637957,0.0007966214881183379,0.001242292639746983
US-natural/dlinear-mae-0.0001-s44,dlinear,base,44,mae,0.0001,13,0.01954847665612229,0.027028529899245,0.0007202958625386468,0.0012527733718363408
US-natural/dlinear-mae-0.0001-s44,dlinear,base,44,mae,0.0001,14,0.018798807781803966,0.026117677978795537,0.0006741374192492828,0.0011920200244084677
US-natural/dlinear-mae-0.0001-s44,dlinear,base,44,mae,0.0001,15,0.018207504428335037,0.025599410118058986,0.0006249795491002298,0.0012491457295584164
US-natural/dlinear-mae-0.0001-s44,dlinear,base,44,mae,0.0001,16,0.016743006961129705,0.025597245690438843,0.0005739789672426002,0.0012154582850334187
US-natural/dlinear-mae-0.0001-s44,dlinear,base,44,mae,0.0001,17,0.016658404910003952,0.025927174095216863,0.0005771878818016697,0.0011801119312043807
US-natural/dlinear-mae-0.0001-s44,dlinear,base,44,mae,0.0001,18,0.017878753258589373,0.027765330768338342,0.0005970162326540527,0.0012570938364233294
US-natural/dlinear-mae-0.0001-s44,dlinear,base,44,mae,0.0001,19,0.017337455411543953,0.02496935462304841,0.0005997990036882352,0.001063826834259505
US-natural/dlinear-mae-0.0001-s44,dlinear,base,44,mae,0.0001,20,0.019883044205827986,0.02870239729987748,0.000706098777486242,0.001286072011073441
US-natural/dlinear-mae-0.0001-s44,dlinear,base,44,mae,0.0001,21,0.022248203849385976,0.026621684374839093,0.0007907939761977659,0.0012730744977499338
US-natural/dlinear-mae-0.0001-s44,dlinear,base,44,mae,0.0001,22,0.017796570923597526,0.024272922579555916,0.0006115611982912421,0.0011217239125620403
US-natural/dlinear-mae-0.0001-s44,dlinear,base,44,mae,0.0001,23,0.016263221324894477,0.024047751317055815,0.0005345985899634582,0.0010316274083403425
US-natural/dlinear-mae-0.0001-s44,dlinear,base,44,mae,0.0001,24,0.014906297248423257,0.023885884769316874,0.0005064942528904963,0.001035748042308038
US-natural/dlinear-mae-0.0001-s44,dlinear,base,44,mae,0.0001,25,0.014786369042149675,0.022586400990167142,0.0004662637608919116,0.000943286683986551
US-natural/dlinear-mae-0.0001-s44,dlinear,base,44,mae,0.0001,26,0.015742884321001294,0.024714706753110622,0.00047594389969614505,0.0011473000323519852
US-natural/dlinear-mae-0.0001-s44,dlinear,base,44,mae,0.0001,27,0.017177029987467944,0.02509615613541498,0.0005299509772994627,0.0010936700858287837
US-natural/dlinear-mae-0.0001-s44,dlinear,base,44,mae,0.0001,28,0.014776018505337796,0.026192857209859036,0.00044543805098388333,0.0011831784175078974
US-natural/dlinear-mae-0.0001-s44,dlinear,base,44,mae,0.0001,29,0.01683972567454782,0.024664529989005913,0.0005416990503928421,0.0010793707432370046
US-natural/dlinear-mae-0.0001-s44,dlinear,base,44,mae,0.0001,30,0.016696033555788557,0.025597524625615507,0.000511616794691585,0.0011617305992566295
US-natural/dlinear-mae-0.001-s42,dlinear,base,42,mae,0.001,1,0.1443693177900356,0.0715682800481855,0.03361793519918078,0.006624444396779392
US-natural/dlinear-mae-0.001-s42,dlinear,base,42,mae,0.001,2,0.05494826458253218,0.07753354556734998,0.005129200999728048,0.007480908225088242
US-natural/dlinear-mae-0.001-s42,dlinear,base,42,mae,0.001,3,0.04611870235640482,0.04663383086502324,0.0029359237292466674,0.0029061253560826463
US-natural/dlinear-mae-0.001-s42,dlinear,base,42,mae,0.001,4,0.03237874478834701,0.017427327641304266,0.0018439487535165842,0.0005281827503148747
US-natural/dlinear-mae-0.001-s42,dlinear,base,42,mae,0.001,5,0.019571418632876054,0.018207180596834554,0.0007054313093847691,0.0005677647702453941
US-natural/dlinear-mae-0.001-s42,dlinear,base,42,mae,0.001,6,0.02688226495987317,0.02735021613085547,0.001102165546816476,0.0010687206430510386
US-natural/dlinear-mae-0.001-s42,dlinear,base,42,mae,0.001,7,0.027313657994965455,0.018337090718243087,0.0011764224046838011,0.0005558967038388349
US-natural/dlinear-mae-0.001-s42,dlinear,base,42,mae,0.001,8,0.023222543871541903,0.025540234087180286,0.0008669662185473062,0.0009389074737111176
US-natural/dlinear-mae-0.001-s42,dlinear,base,42,mae,0.001,9,0.02184711589233426,0.018286257586666275,0.0008141601854797286,0.0005559541520634294
US-natural/dlinear-mae-0.001-s42,dlinear,base,42,mae,0.001,10,0.026420708298920795,0.02026679258126233,0.0012057454656818286,0.0006275812448816902
US-natural/dlinear-mae-0.001-s42,dlinear,base,42,mae,0.001,11,0.017291742554916237,0.017343496260325622,0.0005358200875619093,0.0005429731916345736
US-natural/dlinear-mae-0.001-s42,dlinear,base,42,mae,0.001,12,0.016829392640437386,0.024640470630078553,0.0005366435410203118,0.000884651722074
US-natural/dlinear-mae-0.001-s42,dlinear,base,42,mae,0.001,13,0.0192862916634868,0.01967804025902726,0.0006464143292731199,0.0006121835041859056
US-natural/dlinear-mae-0.001-s42,dlinear,base,42,mae,0.001,14,0.01950217242837048,0.017002672433942274,0.0006403292098643814,0.0005182902007820186
US-natural/dlinear-mae-0.001-s42,dlinear,base,42,mae,0.001,15,0.017922309929841902,0.016769784990330282,0.0005898259427165183,0.0005149444661609257
US-natural/dlinear-mae-0.001-s42,dlinear,base,42,mae,0.001,16,0.015946359989160636,0.016716063590854417,0.0004704365426315547,0.00046718111869965183
US-natural/dlinear-mae-0.001-s42,dlinear,base,42,mae,0.001,17,0.01595888808687224,0.015978452358874014,0.0004685025219720321,0.0004423989647361782
US-natural/dlinear-mae-0.001-s42,dlinear,base,42,mae,0.001,18,0.01640675474345777,0.023935826737862823,0.0004973534054705021,0.0008986991548008916
US-natural/dlinear-mae-0.001-s42,dlinear,base,42,mae,0.001,19,0.019022186294455113,0.018445855677967676,0.000618726992767435,0.0005493568452376136
US-natural/dlinear-mae-0.001-s42,dlinear,base,42,mae,0.001,20,0.015186172454631327,0.018530293433566977,0.0004871745340161773,0.0005480525582757073
US-natural/dlinear-mae-0.001-s42,dlinear,base,42,mae,0.001,21,0.015354518854787577,0.016323882423507005,0.0004870252459733616,0.00046333521327459096
US-natural/dlinear-mae-0.001-s42,dlinear,base,42,mae,0.001,22,0.014841648855718838,0.018938269095165494,0.0004259054993036242,0.0005589069533789863
US-natural/dlinear-mae-0.001-s42,dlinear,base,42,mae,0.001,23,0.01545583436566799,0.017697971856918085,0.00047356811056112135,0.0005283852597932827
US-natural/dlinear-mae-0.001-s42,dlinear,base,42,mae,0.001,24,0.02096558157982724,0.02599600384485909,0.000691995217050225,0.0009682332889775986
US-natural/dlinear-mae-0.001-s42,dlinear,base,42,mae,0.001,25,0.016468845346050472,0.038596086535964,0.0005349844300625385,0.0020148489443282814
US-natural/dlinear-mae-0.001-s42,dlinear,base,42,mae,0.001,26,0.021694041437287145,0.01633468094967258,0.0008253364018343742,0.0004677778967949204
US-natural/dlinear-mae-0.001-s42,dlinear,base,42,mae,0.001,27,0.01484234917315575,0.01524050975443911,0.00042892124665793054,0.00043028645560441026
US-natural/dlinear-mae-0.001-s42,dlinear,base,42,mae,0.001,28,0.015305636827049461,0.017551291070607277,0.0004500615543752704,0.0005210314774826968
US-natural/dlinear-mae-0.001-s42,dlinear,base,42,mae,0.001,29,0.016671150756747178,0.014765629713863573,0.0005331732942031897,0.0004192964577385258
US-natural/dlinear-mae-0.001-s42,dlinear,base,42,mae,0.001,30,0.014005981515868071,0.018399734102079277,0.00036976211201324405,0.0005458540523040733
US-natural/dlinear-mae-0.001-s43,dlinear,base,43,mae,0.001,1,0.12564277787850747,0.03715435225308722,0.03491195501858714,0.002023823785790665
US-natural/dlinear-mae-0.001-s43,dlinear,base,43,mae,0.001,2,0.08047251506779081,0.03808045605005954,0.008929448377810768,0.0024456836105863082
US-natural/dlinear-mae-0.001-s43,dlinear,base,43,mae,0.001,3,0.04161069369674646,0.037045324847153824,0.0027517919291286186,0.001975598938219825
US-natural/dlinear-mae-0.001-s43,dlinear,base,43,mae,0.001,4,0.04539066110304915,0.03021011122634798,0.003460610962733913,0.0015459959562231901
US-natural/dlinear-mae-0.001-s43,dlinear,base,43,mae,0.001,5,0.03907338805426995,0.02437767459167829,0.0021244471754163596,0.0009175607163006789
US-natural/dlinear-mae-0.001-s43,dlinear,base,43,mae,0.001,6,0.031123587179215647,0.020684963664333783,0.0013758904504686616,0.0007159766579013992
US-natural/dlinear-mae-0.001-s43,dlinear,base,43,mae,0.001,7,0.024254709407583966,0.032534575436677295,0.0009942669616740103,0.0015308922848152873
US-natural/dlinear-mae-0.001-s43,dlinear,base,43,mae,0.001,8,0.019891915216508616,0.021606239820768793,0.0007455660598409643,0.0007349276621850417
US-natural/dlinear-mae-0.001-s43,dlinear,base,43,mae,0.001,9,0.018055464182400078,0.016011193519474966,0.0006384828803753941,0.0004407001581013937
US-natural/dlinear-mae-0.001-s43,dlinear,base,43,mae,0.001,10,0.02308230579729492,0.01848563012433557,0.0008573688362206581,0.0005602971436925182
US-natural/dlinear-mae-0.001-s43,dlinear,base,43,mae,0.001,11,0.027346002661815166,0.03120827462216117,0.0011780732738113726,0.0021214418140922814
US-natural/dlinear-mae-0.001-s43,dlinear,base,43,mae,0.001,12,0.031221908997327925,0.02132253316039989,0.001516868475760098,0.0007076883270797443
US-natural/dlinear-mae-0.001-s43,dlinear,base,43,mae,0.001,13,0.030463818929638647,0.023132877729775236,0.0014559406360907792,0.0008983126164533975
US-natural/dlinear-mae-0.001-s43,dlinear,base,43,mae,0.001,14,0.02208113059449913,0.017686770707632624,0.0008558031949124896,0.00054342460937805
US-natural/dlinear-mae-0.001-s43,dlinear,base,43,mae,0.001,15,0.020475639340649738,0.01967031911226831,0.0007050825800346205,0.000608682376628968
US-natural/dlinear-mae-0.001-s43,dlinear,base,43,mae,0.001,16,0.01604513449743795,0.01639426736884542,0.0005337899013878642,0.000483021273409999
US-natural/dlinear-mae-0.001-s43,dlinear,base,43,mae,0.001,17,0.014704235568498833,0.017580065655394207,0.0004571071383169409,0.0005199626908488798
US-natural/dlinear-mae-0.001-s43,dlinear,base,43,mae,0.001,18,0.017729008774303133,0.01567132975802857,0.000542135585402269,0.0004320476827986555
US-natural/dlinear-mae-0.001-s43,dlinear,base,43,mae,0.001,19,0.015662397440611056,0.018835361866347714,0.00046575269289361986,0.0005825890332766659
US-natural/dlinear-mae-0.001-s43,dlinear,base,43,mae,0.001,20,0.01874198149326945,0.01715728489890041,0.0006539119029713262,0.0004988579409617202
US-natural/dlinear-mae-0.001-s43,dlinear,base,43,mae,0.001,21,0.02156483452489472,0.021455552368509826,0.00071443595786344,0.0007516642791252091
US-natural/dlinear-mae-0.001-s43,dlinear,base,43,mae,0.001,22,0.02037855203291011,0.021257519606169978,0.0006995010393074697,0.0007349823322877612
US-natural/dlinear-mae-0.001-s43,dlinear,base,43,mae,0.001,23,0.021203993978321043,0.01723913174932082,0.0008373515964038653,0.00048815678180489513
US-natural/dlinear-mae-0.001-s43,dlinear,base,43,mae,0.001,24,0.018466650326184834,0.01837544773844579,0.0006116867012244122,0.0005731000770747993
US-natural/dlinear-mae-0.001-s43,dlinear,base,43,mae,0.001,25,0.01668996281368637,0.015944771069749328,0.0004969432824523403,0.000446184469331297
US-natural/dlinear-mae-0.001-s43,dlinear,base,43,mae,0.001,26,0.01607311246371753,0.015196626046372907,0.0004832399736609726,0.00041991370460480576
US-natural/dlinear-mae-0.001-s43,dlinear,base,43,mae,0.001,27,0.017394762257086565,0.017312062181531626,0.0005635940645251269,0.000495766185932302
US-natural/dlinear-mae-0.001-s43,dlinear,base,43,mae,0.001,28,0.017637414818606187,0.017815001069149756,0.0005517836828055048,0.0005264029799022694
US-natural/dlinear-mae-0.001-s43,dlinear,base,43,mae,0.001,29,0.01593915478135737,0.016078890374013225,0.0005008626197158351,0.0004629212142880608
US-natural/dlinear-mae-0.001-s43,dlinear,base,43,mae,0.001,30,0.01622481007079086,0.018177749803583595,0.0004980652726421319,0.0005371325468391018
US-natural/dlinear-mae-0.001-s44,dlinear,base,44,mae,0.001,1,0.24130287787604238,0.09398584405449212,0.08041632197756851,0.01778241165996928
US-natural/dlinear-mae-0.001-s44,dlinear,base,44,mae,0.001,2,0.047840782799131204,0.08163968423897071,0.003765544739605675,0.00800320926997837
US-natural/dlinear-mae-0.001-s44,dlinear,base,44,mae,0.001,3,0.05436271136835785,0.03177400506003238,0.005155909126852371,0.0017823333126703908
US-natural/dlinear-mae-0.001-s44,dlinear,base,44,mae,0.001,4,0.033484700550698736,0.024116713424562956,0.0019784024123842077,0.000913445657075162
US-natural/dlinear-mae-0.001-s44,dlinear,base,44,mae,0.001,5,0.024651453363791747,0.022824033520760786,0.001173143488991091,0.0009173396429571178
US-natural/dlinear-mae-0.001-s44,dlinear,base,44,mae,0.001,6,0.02475493354134896,0.025182674969120328,0.0010652967828323672,0.0012844961080174981
US-natural/dlinear-mae-0.001-s44,dlinear,base,44,mae,0.001,7,0.019473992790915568,0.022182941242543292,0.0007389332730818323,0.00083059229581466
US-natural/dlinear-mae-0.001-s44,dlinear,base,44,mae,0.001,8,0.023062256581749548,0.021892893824689032,0.0008242173273991,0.0007576737356202194
US-natural/dlinear-mae-0.001-s44,dlinear,base,44,mae,0.001,9,0.024543497419959266,0.022331534041064912,0.0009878844584366962,0.001125093600454821
US-natural/dlinear-mae-0.001-s44,dlinear,base,44,mae,0.001,10,0.03662545286732534,0.0312520141575908,0.0020507799242177717,0.0014946576874311668
US-natural/dlinear-mae-0.001-s44,dlinear,base,44,mae,0.001,11,0.023243012813801152,0.02384522677972264,0.0009516017082820733,0.0008281911411029761
US-natural/dlinear-mae-0.001-s44,dlinear,base,44,mae,0.001,12,0.02494874712077167,0.021991231996381245,0.0009689913724210893,0.000755095977753886
US-natural/dlinear-mae-0.001-s44,dlinear,base,44,mae,0.001,13,0.025433745382017474,0.021187442441608716,0.0010192167996095852,0.0007379678724081021
US-natural/dlinear-mae-0.001-s44,dlinear,base,44,mae,0.001,14,0.018654759042446747,0.019516605845586572,0.0006225445397389815,0.0006170861930301045
US-natural/dlinear-mae-0.001-s44,dlinear,base,44,mae,0.001,15,0.020915720355268827,0.020484223477521567,0.0007633198001342299,0.000726637081597242
US-natural/dlinear-mae-0.001-s44,dlinear,base,44,mae,0.001,16,0.024212915320791676,0.018925794911886517,0.0009471611377556929,0.0005784737392022122
US-natural/dlinear-mae-0.001-s44,dlinear,base,44,mae,0.001,17,0.02214894265017008,0.015569079354107118,0.00086274603088474,0.00046875104850687744
US-natural/dlinear-mae-0.001-s44,dlinear,base,44,mae,0.001,18,0.01642147523438139,0.02302236850406295,0.0005181838347361634,0.0008192695253130783
US-natural/dlinear-mae-0.001-s44,dlinear,base,44,mae,0.001,19,0.0184906836844081,0.020185104566807017,0.0006056433789418121,0.0007487084388434369
US-natural/dlinear-mae-0.001-s44,dlinear,base,44,mae,0.001,20,0.02684044392985926,0.02850465132550209,0.0012172165435510767,0.0011745604482581548
US-natural/dlinear-mae-0.001-s44,dlinear,base,44,mae,0.001,21,0.019719959825117074,0.019777378140471952,0.0007435279117066096,0.000664383207826336
US-natural/dlinear-mae-0.001-s44,dlinear,base,44,mae,0.001,22,0.022512607970620272,0.02151695005240144,0.000884648793276432,0.0006773664854088513
US-natural/dlinear-mae-0.001-s44,dlinear,base,44,mae,0.001,23,0.01754138288523178,0.015583234105895105,0.0005961902895986696,0.0004745786776431234
US-natural/dlinear-mae-0.001-s44,dlinear,base,44,mae,0.001,24,0.01631045527701217,0.017108081534688103,0.0005415501635508109,0.0005552169870127345
US-natural/dlinear-mae-0.001-s44,dlinear,base,44,mae,0.001,25,0.016830692413241914,0.020319332893225305,0.0005883936942863026,0.0006963396927230848
US-natural/dlinear-mae-0.001-s44,dlinear,base,44,mae,0.001,26,0.016297633231486,0.018442213843103707,0.0004978632955383092,0.0005180395768000436
US-natural/dlinear-mae-0.001-s44,dlinear,base,44,mae,0.001,27,0.01922564767073914,0.016402980145627563,0.0006435301303691343,0.0004685975811500033
US-natural/dlinear-mae-0.001-s44,dlinear,base,44,mae,0.001,28,0.015305884968362568,0.021453250159246186,0.000499138798820313,0.0007007207920485624
US-natural/dlinear-mae-0.001-s44,dlinear,base,44,mae,0.001,29,0.017642841687957597,0.025685189564398785,0.0005810891779885333,0.0009698261624532452
US-natural/dlinear-mae-0.001-s44,dlinear,base,44,mae,0.001,30,0.0217330221738349,0.022219543740065305,0.0007955764098486517,0.0007429162203672746
US-natural/dlinear-huber-0.0001-s42,dlinear,base,42,huber,0.0001,1,0.1282931178697892,0.10784888619567269,0.027606760441945096,0.016263465611616297
US-natural/dlinear-huber-0.0001-s42,dlinear,base,42,huber,0.0001,2,0.07461282088797483,0.05237674376349068,0.008218409660436223,0.005106842400845235
US-natural/dlinear-huber-0.0001-s42,dlinear,base,42,huber,0.0001,3,0.05493805532762132,0.05028757037338116,0.005236538690055795,0.004678955251599356
US-natural/dlinear-huber-0.0001-s42,dlinear,base,42,huber,0.0001,4,0.041976155180139425,0.04466955795949483,0.0035342270238279344,0.004047843971761969
US-natural/dlinear-huber-0.0001-s42,dlinear,base,42,huber,0.0001,5,0.03470457624631714,0.04046136489682542,0.0024308203430259685,0.003766445694665686
US-natural/dlinear-huber-0.0001-s42,dlinear,base,42,huber,0.0001,6,0.03081229410414436,0.03790848301478127,0.002152730340707432,0.0029829818385245623
US-natural/dlinear-huber-0.0001-s42,dlinear,base,42,huber,0.0001,7,0.02779936470530744,0.035535334066934265,0.001812169630880663,0.0025277150798021153
US-natural/dlinear-huber-0.0001-s42,dlinear,base,42,huber,0.0001,8,0.02880761657104887,0.03728840296019725,0.0016950679499063946,0.0023814516144236085
US-natural/dlinear-huber-0.0001-s42,dlinear,base,42,huber,0.0001,9,0.02634144353128297,0.03879763526431276,0.0014420059565428568,0.002343419332468287
US-natural/dlinear-huber-0.0001-s42,dlinear,base,42,huber,0.0001,10,0.023488525564601462,0.03234671024345251,0.001359942300850533,0.0018665783945527594
US-natural/dlinear-huber-0.0001-s42,dlinear,base,42,huber,0.0001,11,0.022459919694592743,0.02909803564858642,0.0011951773215660077,0.0015677121292563532
US-natural/dlinear-huber-0.0001-s42,dlinear,base,42,huber,0.0001,12,0.0207344315507606,0.02959050129741381,0.0010119989719737015,0.0014959896402350916
US-natural/dlinear-huber-0.0001-s42,dlinear,base,42,huber,0.0001,13,0.019885658215579815,0.03415200466025814,0.0008806858734034872,0.001749189213482599
US-natural/dlinear-huber-0.0001-s42,dlinear,base,42,huber,0.0001,14,0.020857901541609013,0.028099723763787474,0.0008786776903208997,0.0012773645345625414
US-natural/dlinear-huber-0.0001-s42,dlinear,base,42,huber,0.0001,15,0.019970054640649024,0.02419414381699281,0.0008032971073654453,0.0010577665949424182
US-natural/dlinear-huber-0.0001-s42,dlinear,base,42,huber,0.0001,16,0.02143178884398677,0.024871097727280515,0.0009314543645631633,0.0010513935693304728
US-natural/dlinear-huber-0.0001-s42,dlinear,base,42,huber,0.0001,17,0.023110999026323346,0.027664515378497175,0.0009091825729593941,0.0011843157066003325
US-natural/dlinear-huber-0.0001-s42,dlinear,base,42,huber,0.0001,18,0.018959881903181524,0.02200525314013743,0.0006907551992351214,0.0007993302371510537
US-natural/dlinear-huber-0.0001-s42,dlinear,base,42,huber,0.0001,19,0.01672230164374435,0.023029648207952187,0.0005498396447595675,0.000848698866441551
US-natural/dlinear-huber-0.0001-s42,dlinear,base,42,huber,0.0001,20,0.01608292044865469,0.022064287010754722,0.0005135690654007712,0.0007838044713865827
US-natural/dlinear-huber-0.0001-s42,dlinear,base,42,huber,0.0001,21,0.015897797670736562,0.021406432115574234,0.0004953169204055283,0.0007361075659330025
US-natural/dlinear-huber-0.0001-s42,dlinear,base,42,huber,0.0001,22,0.015788156697128294,0.02509431085512627,0.0004886748889198521,0.0010040318136540036
US-natural/dlinear-huber-0.0001-s42,dlinear,base,42,huber,0.0001,23,0.015771035550883394,0.020977639310440915,0.0004840802044121147,0.0007125767608669914
US-natural/dlinear-huber-0.0001-s42,dlinear,base,42,huber,0.0001,24,0.016220240739915702,0.02465081510971112,0.0005043076696508846,0.0009811425839131394
US-natural/dlinear-huber-0.0001-s42,dlinear,base,42,huber,0.0001,25,0.014751663463396474,0.02657052779994388,0.0004546742731120016,0.0011114109361275118
US-natural/dlinear-huber-0.0001-s42,dlinear,base,42,huber,0.0001,26,0.015394069135375157,0.02239194122680884,0.0004623385999218148,0.0008216320981363072
US-natural/dlinear-huber-0.0001-s42,dlinear,base,42,huber,0.0001,27,0.014044754733111554,0.022424406122110677,0.0004342707637990155,0.0008441011933350894
US-natural/dlinear-huber-0.0001-s42,dlinear,base,42,huber,0.0001,28,0.014047363792597592,0.021144318663049586,0.0004272465129382331,0.0007407595070622295
US-natural/dlinear-huber-0.0001-s42,dlinear,base,42,huber,0.0001,29,0.01599269046680894,0.029007573490304975,0.0005024537309557192,0.0013311688288504262
US-natural/dlinear-huber-0.0001-s42,dlinear,base,42,huber,0.0001,30,0.016637167095366636,0.024773040104363066,0.0005122950000392027,0.0009933624048076809
US-natural/dlinear-huber-0.0001-s43,dlinear,base,43,huber,0.0001,1,0.39373995579632437,0.10684382408285076,0.19403316132869874,0.015289602177384811
US-natural/dlinear-huber-0.0001-s43,dlinear,base,43,huber,0.0001,2,0.07701951027857769,0.07301715679836587,0.010652016496086079,0.0086349061817303
US-natural/dlinear-huber-0.0001-s43,dlinear,base,43,huber,0.0001,3,0.06733015608033575,0.05476797086442185,0.007241903619572239,0.004640851464892411
US-natural/dlinear-huber-0.0001-s43,dlinear,base,43,huber,0.0001,4,0.058083186439895185,0.058063275658928507,0.005328913376918204,0.005288809366755973
US-natural/dlinear-huber-0.0001-s43,dlinear,base,43,huber,0.0001,5,0.045181714288276255,0.037622696085332814,0.0035400021275991413,0.0021619037583580666
US-natural/dlinear-huber-0.0001-s43,dlinear,base,43,huber,0.0001,6,0.03676425714702089,0.0366835271485225,0.002182661614477956,0.0021835704038965765
US-natural/dlinear-huber-0.0001-s43,dlinear,base,43,huber,0.0001,7,0.032381590184324176,0.03382797517914492,0.0017143303069022172,0.0018150139369738213
US-natural/dlinear-huber-0.0001-s43,dlinear,base,43,huber,0.0001,8,0.027537151217645908,0.03202481887221552,0.001222474531374699,0.0015866304738104875
US-natural/dlinear-huber-0.0001-s43,dlinear,base,43,huber,0.0001,9,0.02554887405070229,0.030202532324045128,0.0010655623134792247,0.0014097101913564886
US-natural/dlinear-huber-0.0001-s43,dlinear,base,43,huber,0.0001,10,0.022684201476610412,0.030585263263543726,0.0008612826521895582,0.0015300460124189133
US-natural/dlinear-huber-0.0001-s43,dlinear,base,43,huber,0.0001,11,0.02167803531113586,0.029418114539299413,0.0007947027137255464,0.0014862204718083991
US-natural/dlinear-huber-0.0001-s43,dlinear,base,43,huber,0.0001,12,0.021708081703164156,0.028950755402919102,0.0007827159591926999,0.001501096079379898
US-natural/dlinear-huber-0.0001-s43,dlinear,base,43,huber,0.0001,13,0.02405745138708816,0.033341199611803526,0.0009521429143883308,0.0016979257304757108
US-natural/dlinear-huber-0.0001-s43,dlinear,base,43,huber,0.0001,14,0.022420013733528005,0.032250567294829426,0.0008849509725137169,0.001547340436262213
US-natural/dlinear-huber-0.0001-s43,dlinear,base,43,huber,0.0001,15,0.020498174560824995,0.02808148733273961,0.0007153211378882812,0.0012374642126471594
US-natural/dlinear-huber-0.0001-s43,dlinear,base,43,huber,0.0001,16,0.01903222574817892,0.025209120038528203,0.0006760403178965429,0.0010662838618177393
US-natural/dlinear-huber-0.0001-s43,dlinear,base,43,huber,0.0001,17,0.01932268368242992,0.026747040833365966,0.0006555295773754219,0.0012759047367135068
US-natural/dlinear-huber-0.0001-s43,dlinear,base,43,huber,0.0001,18,0.01974956154193472,0.025488626488690623,0.0007048390803003589,0.0011821220066630857
US-natural/dlinear-huber-0.0001-s43,dlinear,base,43,huber,0.0001,19,0.020145219699664513,0.025436214682308583,0.0006903025605872866,0.0011363655940058396
US-natural/dlinear-huber-0.0001-s43,dlinear,base,43,huber,0.0001,20,0.017583273237992973,0.024275309193206054,0.000591504846680799,0.0010277594236761526
US-natural/dlinear-huber-0.0001-s43,dlinear,base,43,huber,0.0001,21,0.016299020203610536,0.02554748087832225,0.0005328571183117593,0.0010869321126618897
US-natural/dlinear-huber-0.0001-s43,dlinear,base,43,huber,0.0001,22,0.01653241445856249,0.025173676601673974,0.0005357105596793068,0.0011250894237975798
US-natural/dlinear-huber-0.0001-s43,dlinear,base,43,huber,0.0001,23,0.01608645796511625,0.02459187175960647,0.0005446214739929502,0.0010560344576920624
US-natural/dlinear-huber-0.0001-s43,dlinear,base,43,huber,0.0001,24,0.01576036350553029,0.02579810364080786,0.0005249660625454064,0.001196954558918586
US-natural/dlinear-huber-0.0001-s43,dlinear,base,43,huber,0.0001,25,0.017115618291582355,0.024480886921814514,0.0005383587709823461,0.0010340766506129171
US-natural/dlinear-huber-0.0001-s43,dlinear,base,43,huber,0.0001,26,0.015795529862439893,0.02442610503125198,0.0005151684288936748,0.0009862280211244037
US-natural/dlinear-huber-0.0001-s43,dlinear,base,43,huber,0.0001,27,0.016843910868974132,0.024292043898685653,0.0005581946880411104,0.001048366857452446
US-natural/dlinear-huber-0.0001-s43,dlinear,base,43,huber,0.0001,28,0.01516647557939571,0.024657752909846932,0.0004840477983102781,0.001059989954435482
US-natural/dlinear-huber-0.0001-s43,dlinear,base,43,huber,0.0001,29,0.014966061029733179,0.024874162691001577,0.00047348402358924447,0.001037193424056948
US-natural/dlinear-huber-0.0001-s43,dlinear,base,43,huber,0.0001,30,0.014733969566044253,0.025033896455490468,0.0004659079890683959,0.001053390748507094
US-natural/dlinear-huber-0.0001-s44,dlinear,base,44,huber,0.0001,1,0.2766222071304826,0.11496744119307685,0.11679491769951016,0.0264856086307044
US-natural/dlinear-huber-0.0001-s44,dlinear,base,44,huber,0.0001,2,0.11451255209001059,0.1006229886394921,0.022581925079068404,0.0178925943728904
US-natural/dlinear-huber-0.0001-s44,dlinear,base,44,huber,0.0001,3,0.08302052147584711,0.08511572175535857,0.011601938918532966,0.013361579210941655
US-natural/dlinear-huber-0.0001-s44,dlinear,base,44,huber,0.0001,4,0.07055749741922085,0.07140635537948851,0.009593292822819666,0.009976684043297475
US-natural/dlinear-huber-0.0001-s44,dlinear,base,44,huber,0.0001,5,0.04816806876209938,0.062394773759047,0.005087895042323124,0.008091367471428025
US-natural/dlinear-huber-0.0001-s44,dlinear,base,44,huber,0.0001,6,0.03829953302048196,0.05340291250860336,0.003498729710077519,0.005742147609759438
US-natural/dlinear-huber-0.0001-s44,dlinear,base,44,huber,0.0001,7,0.032208667381195266,0.04693779574756771,0.0024336538516864905,0.004303944658592867
US-natural/dlinear-huber-0.0001-s44,dlinear,base,44,huber,0.0001,8,0.029450331921007926,0.040016651381709886,0.001758770838739543,0.002976949006422091
US-natural/dlinear-huber-0.0001-s44,dlinear,base,44,huber,0.0001,9,0.024273550529048827,0.03551947986359279,0.001142076615647931,0.002302712258648316
US-natural/dlinear-huber-0.0001-s44,dlinear,base,44,huber,0.0001,10,0.02377030593455536,0.03136069511881649,0.0010303521164713243,0.0017559507635890566
US-natural/dlinear-huber-0.0001-s44,dlinear,base,44,huber,0.0001,11,0.02295399557147467,0.029717318282888417,0.000906612283131292,0.0015536849483525357
US-natural/dlinear-huber-0.0001-s44,dlinear,base,44,huber,0.0001,12,0.020870379783563053,0.027196416761797928,0.000821120056032849,0.0012698092997935181
US-natural/dlinear-huber-0.0001-s44,dlinear,base,44,huber,0.0001,13,0.019631548488590844,0.02830608936216989,0.0007402002203904894,0.0013115703143746897
US-natural/dlinear-huber-0.0001-s44,dlinear,base,44,huber,0.0001,14,0.018611932184819147,0.024410470851540255,0.0006610263455946421,0.0010894184416945715
US-natural/dlinear-huber-0.0001-s44,dlinear,base,44,huber,0.0001,15,0.017561027544802144,0.02513664797794481,0.0005973363196747351,0.001172504423756281
US-natural/dlinear-huber-0.0001-s44,dlinear,base,44,huber,0.0001,16,0.016538774205339033,0.024900616445753986,0.0005605275702132624,0.0011394198945563383
US-natural/dlinear-huber-0.0001-s44,dlinear,base,44,huber,0.0001,17,0.015854556352176332,0.02520260477378452,0.0005315717474695672,0.001155830629290711
US-natural/dlinear-huber-0.0001-s44,dlinear,base,44,huber,0.0001,18,0.01679872714043621,0.02506522405289971,0.0005473223744713159,0.0011178686410906343
US-natural/dlinear-huber-0.0001-s44,dlinear,base,44,huber,0.0001,19,0.015632331483213344,0.024123722000279554,0.0005217210656248404,0.001040649186231044
US-natural/dlinear-huber-0.0001-s44,dlinear,base,44,huber,0.0001,20,0.015864402838081482,0.024123664237499214,0.0005124455493070037,0.0010293907490268523
US-natural/dlinear-huber-0.0001-s44,dlinear,base,44,huber,0.0001,21,0.01676371417038548,0.026339435699322,0.0005253827171794917,0.0012251294470610318
US-natural/dlinear-huber-0.0001-s44,dlinear,base,44,huber,0.0001,22,0.019590890775043574,0.024690829062709686,0.0006548778527817866,0.0011273923864002938
US-natural/dlinear-huber-0.0001-s44,dlinear,base,44,huber,0.0001,23,0.019059140764181665,0.027857327924565335,0.000645436370614167,0.0012765344361802377
US-natural/dlinear-huber-0.0001-s44,dlinear,base,44,huber,0.0001,24,0.016653979167410914,0.02405599237708,0.0005015537829704517,0.0010118953912442304
US-natural/dlinear-huber-0.0001-s44,dlinear,base,44,huber,0.0001,25,0.015790424955367234,0.023430290192385593,0.0005131977061221879,0.000958217991483587
US-natural/dlinear-huber-0.0001-s44,dlinear,base,44,huber,0.0001,26,0.015933528224810787,0.025035417185107534,0.0005073255333358073,0.0012110244452605027
US-natural/dlinear-huber-0.0001-s44,dlinear,base,44,huber,0.0001,27,0.021697782452192445,0.02846583363893183,0.0007910296138786207,0.0013624843299730788
US-natural/dlinear-huber-0.0001-s44,dlinear,base,44,huber,0.0001,28,0.016872732554823768,0.025214704114536884,0.0005299866755243722,0.0011243727906539882
US-natural/dlinear-huber-0.0001-s44,dlinear,base,44,huber,0.0001,29,0.01668267612691242,0.02768116314835475,0.000537048733660726,0.0012790542681504452
US-natural/dlinear-huber-0.0001-s44,dlinear,base,44,huber,0.0001,30,0.01587592628235381,0.02530793477672234,0.00046920407305356073,0.0011545198773576593
US-natural/dlinear-huber-0.001-s42,dlinear,base,42,huber,0.001,1,0.13734483812572057,0.07551582875305168,0.032137710288766566,0.006998156575851209
US-natural/dlinear-huber-0.001-s42,dlinear,base,42,huber,0.001,2,0.06266486396624897,0.09619708847007086,0.005817869351130973,0.011016986748145304
US-natural/dlinear-huber-0.001-s42,dlinear,base,42,huber,0.001,3,0.044772455137101104,0.026615894019734833,0.0032171900714662795,0.001082388261509144
US-natural/dlinear-huber-0.001-s42,dlinear,base,42,huber,0.001,4,0.03557731207902925,0.020653851880745863,0.0017588817004996918,0.0006537851171512752
US-natural/dlinear-huber-0.001-s42,dlinear,base,42,huber,0.001,5,0.023517311235246384,0.03293694239561144,0.0009293163839497077,0.0016071246585419232
US-natural/dlinear-huber-0.001-s42,dlinear,base,42,huber,0.001,6,0.02145930294782705,0.020597979996922082,0.0008217469949266626,0.0006580808932146818
US-natural/dlinear-huber-0.001-s42,dlinear,base,42,huber,0.001,7,0.018358766365954404,0.015637861480324974,0.0005981995543213188,0.0004338608507110112
US-natural/dlinear-huber-0.001-s42,dlinear,base,42,huber,0.001,8,0.019241040184569777,0.02161520801665592,0.0006319850807743227,0.0007205679762957177
US-natural/dlinear-huber-0.001-s42,dlinear,base,42,huber,0.001,9,0.019094668484570938,0.017215532492755658,0.0006165165962935543,0.000509263538911945
US-natural/dlinear-huber-0.001-s42,dlinear,base,42,huber,0.001,10,0.023899575684910957,0.019977610424322074,0.0010016971534348666,0.0006591625845666059
US-natural/dlinear-huber-0.001-s42,dlinear,base,42,huber,0.001,11,0.01643282227370081,0.016781235270898167,0.000524527561122794,0.0004793994780105237
US-natural/dlinear-huber-0.001-s42,dlinear,base,42,huber,0.001,12,0.018552489821788556,0.016593657757859134,0.0005936183363914272,0.00048760944880036944
US-natural/dlinear-huber-0.001-s42,dlinear,base,42,huber,0.001,13,0.01720979823318738,0.01517982788417485,0.0005298278313926101,0.0004058256188774043
US-natural/dlinear-huber-0.001-s42,dlinear,base,42,huber,0.001,14,0.01741240342014209,0.01836142671395512,0.0005746271726940059,0.0005502249835957516
US-natural/dlinear-huber-0.001-s42,dlinear,base,42,huber,0.001,15,0.02668158716279719,0.016123147948295807,0.001067636080082218,0.00044548884083588466
US-natural/dlinear-huber-0.001-s42,dlinear,base,42,huber,0.001,16,0.017907903846089607,0.01779823852482176,0.0005834918481258796,0.0005417468465800382
US-natural/dlinear-huber-0.001-s42,dlinear,base,42,huber,0.001,17,0.01849405392223974,0.017856667585328702,0.0005758842067483473,0.0005195344184993857
US-natural/dlinear-huber-0.001-s42,dlinear,base,42,huber,0.001,18,0.016570146044619267,0.0204602930471158,0.0005172913333360148,0.0006885512762236141
US-natural/dlinear-huber-0.001-s42,dlinear,base,42,huber,0.001,19,0.019803797888827274,0.03262919900127758,0.0006411027544635468,0.0013696350736658186
US-natural/dlinear-huber-0.001-s42,dlinear,base,42,huber,0.001,20,0.025095990527649038,0.030031935960156842,0.0010464800927660074,0.0012232985295410467
US-natural/dlinear-huber-0.001-s42,dlinear,base,42,huber,0.001,21,0.02357516616529161,0.01962105160057722,0.0008569232627605519,0.0006193519493551097
US-natural/dlinear-huber-0.001-s42,dlinear,base,42,huber,0.001,22,0.01807247639042898,0.01868316354264923,0.0005542473125624921,0.0005941040665315825
US-natural/dlinear-huber-0.001-s42,dlinear,base,42,huber,0.001,23,0.020494661071119115,0.017005811632219935,0.0006910241450950995,0.0005104187350507441
US-natural/dlinear-huber-0.001-s42,dlinear,base,42,huber,0.001,24,0.017675326138705746,0.015636256457083178,0.0005895655322183112,0.0004517041359941708
US-natural/dlinear-huber-0.001-s42,dlinear,base,42,huber,0.001,25,0.01572625334120258,0.01449640363868446,0.00048507312618743364,0.00040571377308679823
US-natural/dlinear-huber-0.001-s42,dlinear,base,42,huber,0.001,26,0.015451719405511197,0.015030785420452508,0.000460220741327451,0.0004249969110613497
US-natural/dlinear-huber-0.001-s42,dlinear,base,42,huber,0.001,27,0.014641289676380209,0.016220457334357924,0.0004373387178479921,0.0004509034883771315
US-natural/dlinear-huber-0.001-s42,dlinear,base,42,huber,0.001,28,0.013577136903780198,0.016758968323912236,0.000384962592764533,0.000509756296374483
US-natural/dlinear-huber-0.001-s42,dlinear,base,42,huber,0.001,29,0.013642271732188363,0.015712371979872897,0.0004135188813442105,0.0004433957083346939
US-natural/dlinear-huber-0.001-s42,dlinear,base,42,huber,0.001,30,0.013538906177444705,0.022407234251817443,0.0003696240680724881,0.0007430271438875944
US-natural/dlinear-huber-0.001-s43,dlinear,base,43,huber,0.001,1,0.13232881844042385,0.044508660389066625,0.03630149698840817,0.003116304888470361
US-natural/dlinear-huber-0.001-s43,dlinear,base,43,huber,0.001,2,0.09646857694805212,0.05959462169549998,0.01241299040333735,0.004829852609365107
US-natural/dlinear-huber-0.001-s43,dlinear,base,43,huber,0.001,3,0.055272207362714376,0.024077033367550044,0.004632196490089034,0.000959840557879843
US-natural/dlinear-huber-0.001-s43,dlinear,base,43,huber,0.001,4,0.06617520003645928,0.024930765505184402,0.0063656160296088424,0.0009323586341681181
US-natural/dlinear-huber-0.001-s43,dlinear,base,43,huber,0.001,5,0.044258682135784176,0.021706036293058187,0.002739613069312128,0.000786517991434163
US-natural/dlinear-huber-0.001-s43,dlinear,base,43,huber,0.001,6,0.02196653877221116,0.02286572201695177,0.0008649733744945552,0.0008761383432045502
US-natural/dlinear-huber-0.001-s43,dlinear,base,43,huber,0.001,7,0.02071040093247102,0.021990065029189668,0.0007476523317281325,0.000755353664059276
US-natural/dlinear-huber-0.001-s43,dlinear,base,43,huber,0.001,8,0.019115322007910926,0.01618749836417502,0.0006338511892306192,0.0004738028543323695
US-natural/dlinear-huber-0.001-s43,dlinear,base,43,huber,0.001,9,0.02185406707825661,0.03748712303227208,0.0008042257176370509,0.001843730776727199
US-natural/dlinear-huber-0.001-s43,dlinear,base,43,huber,0.001,10,0.025230831854708848,0.025910673270900707,0.0010012748782721817,0.000988259096299064
US-natural/dlinear-huber-0.001-s43,dlinear,base,43,huber,0.001,11,0.023039535258544314,0.017687133190096217,0.0008911309826639455,0.0005737389873911073
US-natural/dlinear-huber-0.001-s43,dlinear,base,43,huber,0.001,12,0.017990607403626707,0.022109992988569083,0.0005833430371194992,0.0007975650083611725
US-natural/dlinear-huber-0.001-s43,dlinear,base,43,huber,0.001,13,0.017640591679777374,0.023740801615136368,0.0005798532144985102,0.0008675710114358886
US-natural/dlinear-huber-0.001-s43,dlinear,base,43,huber,0.001,14,0.019327747719911473,0.022558010026443663,0.0006407415776479454,0.0007497080451287679
US-natural/dlinear-huber-0.001-s43,dlinear,base,43,huber,0.001,15,0.024289509081449095,0.030250319815024098,0.0009356392188430373,0.0013750252456649328
US-natural/dlinear-huber-0.001-s43,dlinear,base,43,huber,0.001,16,0.02483475823598565,0.02717500172144085,0.0010327110294843756,0.0010922941629013
US-natural/dlinear-huber-0.001-s43,dlinear,base,43,huber,0.001,17,0.025938613402025777,0.025862021019902492,0.0009735419310081549,0.001010811420332342
US-natural/dlinear-huber-0.001-s43,dlinear,base,43,huber,0.001,18,0.02223900591214957,0.01830683501749032,0.0008419424584826809,0.0005453514114923649
US-natural/dlinear-huber-0.001-s43,dlinear,base,43,huber,0.001,19,0.01971367058992726,0.015615045584125253,0.000687632342317481,0.0004263394797010508
US-natural/dlinear-huber-0.001-s43,dlinear,base,43,huber,0.001,20,0.01586630978675556,0.02149135048612549,0.0004770021536568292,0.0007143626283840707
US-natural/dlinear-huber-0.001-s43,dlinear,base,43,huber,0.001,21,0.018209076041928333,0.021990093874964235,0.0005667770442214181,0.0007609860013146321
US-natural/dlinear-huber-0.001-s43,dlinear,base,43,huber,0.001,22,0.020367960329185877,0.018679074684091395,0.0006775350797066387,0.0005878497301052026
US-natural/dlinear-huber-0.001-s43,dlinear,base,43,huber,0.001,23,0.017746884178274337,0.01982040999163135,0.0005981756327290862,0.0006788244397520008
US-natural/dlinear-huber-0.001-s43,dlinear,base,43,huber,0.001,24,0.016325311806570066,0.01848447540309717,0.0005190129548351282,0.0005638886262892554
US-natural/dlinear-huber-0.001-s43,dlinear,base,43,huber,0.001,25,0.01571985656702758,0.015952699846642892,0.000462338555174287,0.0004508185886967659
US-natural/dlinear-huber-0.001-s43,dlinear,base,43,huber,0.001,26,0.014120473632214808,0.01567152067047983,0.00041067346945234393,0.0004484273589074989
US-natural/dlinear-huber-0.001-s43,dlinear,base,43,huber,0.001,27,0.014054632037861758,0.016368258644359188,0.0004206101258972976,0.00046121521679176256
US-natural/dlinear-huber-0.001-s43,dlinear,base,43,huber,0.001,28,0.0138331318887567,0.016125954809433997,0.0004107705806491522,0.00045252551763357544
US-natural/dlinear-huber-0.001-s43,dlinear,base,43,huber,0.001,29,0.01333988344279217,0.016581560583602974,0.0004089862955057893,0.0004845053281471339
US-natural/dlinear-huber-0.001-s43,dlinear,base,43,huber,0.001,30,0.013464147553539677,0.01690161621699808,0.0003860081509389333,0.0004931197246109329
US-natural/dlinear-huber-0.001-s44,dlinear,base,44,huber,0.001,1,0.21964985977418233,0.1522958017886415,0.06993831849715917,0.03458601250568111
US-natural/dlinear-huber-0.001-s44,dlinear,base,44,huber,0.001,2,0.07169167533917564,0.12178441709867169,0.008766269654764708,0.01749886046941903
US-natural/dlinear-huber-0.001-s44,dlinear,base,44,huber,0.001,3,0.0733249801040594,0.05783779971493743,0.008032549799682502,0.00432708437701252
US-natural/dlinear-huber-0.001-s44,dlinear,base,44,huber,0.001,4,0.04520919084469552,0.03581529427840966,0.0035805269247947877,0.0019125615760858085
US-natural/dlinear-huber-0.001-s44,dlinear,base,44,huber,0.001,5,0.04741838120399402,0.02304751765221873,0.0035294561790153163,0.0009978194812740957
US-natural/dlinear-huber-0.001-s44,dlinear,base,44,huber,0.001,6,0.020768677426584604,0.02167492377363595,0.0008587484488369377,0.0008006548037536474
US-natural/dlinear-huber-0.001-s44,dlinear,base,44,huber,0.001,7,0.023378423016688462,0.022839619144943098,0.0009510576274993861,0.0008306932869927524
US-natural/dlinear-huber-0.001-s44,dlinear,base,44,huber,0.001,8,0.030512982901095952,0.01973420133355821,0.0015813020557283244,0.0006655083972531225
US-natural/dlinear-huber-0.001-s44,dlinear,base,44,huber,0.001,9,0.03493960950386812,0.019052719555491072,0.0017903164436128575,0.000564355094056999
US-natural/dlinear-huber-0.001-s44,dlinear,base,44,huber,0.001,10,0.025948520738124137,0.025010466208351335,0.0011453783294850756,0.0012968545482728141
US-natural/dlinear-huber-0.001-s44,dlinear,base,44,huber,0.001,11,0.020782862116391645,0.029988007879632423,0.0010103436840642119,0.0018791678014031296
US-natural/dlinear-huber-0.001-s44,dlinear,base,44,huber,0.001,12,0.02061048753794735,0.023358743120636884,0.0007684643490481318,0.0009627811238731862
US-natural/dlinear-huber-0.001-s44,dlinear,base,44,huber,0.001,13,0.019981829970087225,0.018230397161531815,0.0007522968584900579,0.0005325384434773986
US-natural/dlinear-huber-0.001-s44,dlinear,base,44,huber,0.001,14,0.019436871223659752,0.020289342835566312,0.0006433324144630923,0.0006751454804024867
US-natural/dlinear-huber-0.001-s44,dlinear,base,44,huber,0.001,15,0.019927888004559188,0.016086778154843377,0.0007011364588864287,0.0004750302407006763
US-natural/dlinear-huber-0.001-s44,dlinear,base,44,huber,0.001,16,0.017566544962501818,0.017644230001107965,0.0005508860990145466,0.0005111150258611679
US-natural/dlinear-huber-0.001-s44,dlinear,base,44,huber,0.001,17,0.01882006391825655,0.01759040819868278,0.0006141721213062471,0.0005672841956983441
US-natural/dlinear-huber-0.001-s44,dlinear,base,44,huber,0.001,18,0.019123310756370943,0.01807813253667017,0.0006603338467275365,0.0005161743929756206
US-natural/dlinear-huber-0.001-s44,dlinear,base,44,huber,0.001,19,0.015777006858255643,0.018776795859071053,0.0004770979800668457,0.0005567738582675953
US-natural/dlinear-huber-0.001-s44,dlinear,base,44,huber,0.001,20,0.016887112608657436,0.01699225586119387,0.000534674044671261,0.0005082006475679166
US-natural/dlinear-huber-0.001-s44,dlinear,base,44,huber,0.001,21,0.016447974169567458,0.015377351149873028,0.0004973191232201277,0.00043281185612702806
US-natural/dlinear-huber-0.001-s44,dlinear,base,44,huber,0.001,22,0.01600408077292188,0.017151496485566978,0.0004774629887297527,0.0005168738000199178
US-natural/dlinear-huber-0.001-s44,dlinear,base,44,huber,0.001,23,0.01897179827452483,0.020021626770605323,0.000602314963062294,0.0006132173369801752
US-natural/dlinear-huber-0.001-s44,dlinear,base,44,huber,0.001,24,0.018732856074972864,0.016864901043824047,0.0005978946429906773,0.0005296308459334364
US-natural/dlinear-huber-0.001-s44,dlinear,base,44,huber,0.001,25,0.017683443425694497,0.02098797981521521,0.000620786677313686,0.0007856303905883841
US-natural/dlinear-huber-0.001-s44,dlinear,base,44,huber,0.001,26,0.016040866670099598,0.014824603361990738,0.0005080297391680185,0.00039226335839837907
US-natural/dlinear-huber-0.001-s44,dlinear,base,44,huber,0.001,27,0.018363079192403115,0.01576072024732946,0.0006504589133631084,0.00042706279788701495
US-natural/dlinear-huber-0.001-s44,dlinear,base,44,huber,0.001,28,0.01633579797038131,0.015083989830462068,0.0005031434198188116,0.0004330901126712152
US-natural/dlinear-huber-0.001-s44,dlinear,base,44,huber,0.001,29,0.015210079326883808,0.019207128286689246,0.0004685670086477615,0.000611618045413919
US-natural/dlinear-huber-0.001-s44,dlinear,base,44,huber,0.001,30,0.015588582826071049,0.016340132880981365,0.0004794692954121132,0.0005070016279480514
US-natural/rnn-post-mae-s42,rnn,posttraining,42,mae,0.0001,1,0.015490219022665981,0.020544595560580303,0.00044574771309824574,0.0006899589985597005
US-natural/rnn-post-mae-s42,rnn,posttraining,42,mae,0.0001,2,0.015940382253179508,0.02095823396465547,0.0004713607134277033,0.0006965174842798283
US-natural/rnn-post-mae-s42,rnn,posttraining,42,mae,0.0001,3,0.016601603441659802,0.021410820551857158,0.0005043981596868271,0.0007153201742642538
US-natural/rnn-post-mae-s42,rnn,posttraining,42,mae,0.0001,4,0.015068463758971641,0.02207106810834752,0.00041850095620205556,0.0007713604498992441
US-natural/rnn-post-mae-s42,rnn,posttraining,42,mae,0.0001,5,0.01391992194550793,0.02349469151629486,0.00040644996732910866,0.000843370208691474
US-natural/rnn-post-mse-s42,rnn,posttraining,42,mse,0.0001,1,0.0149801997545955,0.02111576112321136,0.00044016816779603743,0.0007185763669446367
US-natural/rnn-post-mse-s42,rnn,posttraining,42,mse,0.0001,2,0.01455744786573566,0.019594245561923518,0.00042622943215077944,0.0006231504365015575
US-natural/rnn-post-mse-s42,rnn,posttraining,42,mse,0.0001,3,0.015170963222749011,0.0186644410470861,0.000425052750189624,0.0005766855019947022
US-natural/rnn-post-mse-s42,rnn,posttraining,42,mse,0.0001,4,0.01573557934737175,0.020687552172267788,0.00043268959076288814,0.0006822059305486461
US-natural/rnn-post-mse-s42,rnn,posttraining,42,mse,0.0001,5,0.013693729370031023,0.022051086141925923,0.0003789774145922706,0.0007656841916657454
US-natural/rnn-post-mae-s43,rnn,posttraining,43,mae,0.0001,1,0.01516139556125647,0.022395334301062185,0.0004124543269975525,0.0007846805850118713
US-natural/rnn-post-mae-s43,rnn,posttraining,43,mae,0.0001,2,0.016195989237463328,0.027085719478031463,0.0004653681053925771,0.0010423582029165596
US-natural/rnn-post-mae-s43,rnn,posttraining,43,mae,0.0001,3,0.017125323842913178,0.0207921217584585,0.00048480157993712267,0.0007767102193711704
US-natural/rnn-post-mae-s43,rnn,posttraining,43,mae,0.0001,4,0.016251656621790313,0.018468386518537657,0.00046635635670696493,0.0006341711704000197
US-natural/rnn-post-mae-s43,rnn,posttraining,43,mae,0.0001,5,0.014423364578510938,0.01850670856668131,0.0003741688807925334,0.0006214029176835816
US-natural/rnn-post-mse-s43,rnn,posttraining,43,mse,0.0001,1,0.01635414125922288,0.018903905523304898,0.00046181487562636,0.000612262931052341
US-natural/rnn-post-mse-s43,rnn,posttraining,43,mse,0.0001,2,0.0151558512600597,0.019184850210777062,0.000408415799515974,0.000671239342518638
US-natural/rnn-post-mse-s43,rnn,posttraining,43,mse,0.0001,3,0.013805834787978642,0.01837092186592272,0.0003481216809724699,0.0006142377630840381
US-natural/rnn-post-mse-s43,rnn,posttraining,43,mse,0.0001,4,0.013465369286597847,0.01875298412447366,0.0003377884575872086,0.0006249144670771648
US-natural/rnn-post-mse-s43,rnn,posttraining,43,mse,0.0001,5,0.013248200040109659,0.01819073304341904,0.00033045704927653574,0.0006010578822318364
US-natural/rnn-post-mae-s44,rnn,posttraining,44,mae,0.0001,1,0.014783763589432983,0.01598948738314004,0.00041899049118321124,0.0004397242958291429
US-natural/rnn-post-mae-s44,rnn,posttraining,44,mae,0.0001,2,0.014315286604491453,0.016066154431852667,0.00040449524332910176,0.00044510026183105367
US-natural/rnn-post-mae-s44,rnn,posttraining,44,mae,0.0001,3,0.015712127733365923,0.01566949226511016,0.0004568424443134464,0.0004358814226268781
US-natural/rnn-post-mae-s44,rnn,posttraining,44,mae,0.0001,4,0.015122748601831751,0.01638170465926098,0.0004337080649400886,0.0004660382607912693
US-natural/rnn-post-mae-s44,rnn,posttraining,44,mae,0.0001,5,0.015106882076312628,0.015017906382693118,0.0004167858618137726,0.0003976200659687058
US-natural/rnn-post-mse-s44,rnn,posttraining,44,mse,0.0001,1,0.01457859201981426,0.015493232048930449,0.0004159918534461429,0.0004269304354861164
US-natural/rnn-post-mse-s44,rnn,posttraining,44,mse,0.0001,2,0.014696180811399907,0.015184302325834875,0.00041191385662902295,0.00040536142660942186
US-natural/rnn-post-mse-s44,rnn,posttraining,44,mse,0.0001,3,0.014980162638102666,0.01588519391321208,0.00042273906160662106,0.0004385469198824148
US-natural/rnn-post-mse-s44,rnn,posttraining,44,mse,0.0001,4,0.014449186948407376,0.01596086256734723,0.000396642847709735,0.0004455598149525277
US-natural/rnn-post-mse-s44,rnn,posttraining,44,mse,0.0001,5,0.01426534669886492,0.015190476801698804,0.00038926974182435425,0.0004058004045886228
US-natural/lstm-post-mae-s42,lstm,posttraining,42,mae,0.0001,1,0.015158429011388412,0.030306171044619128,0.0004142011650399603,0.0013403543479707145
US-natural/lstm-post-mae-s42,lstm,posttraining,42,mae,0.0001,2,0.015618580123200358,0.02114591665105718,0.00045092354325836244,0.0007335172166237448
US-natural/lstm-post-mae-s42,lstm,posttraining,42,mae,0.0001,3,0.013977522022869575,0.02429531780136306,0.0003694777260401981,0.0009102766561360161
US-natural/lstm-post-mae-s42,lstm,posttraining,42,mae,0.0001,4,0.015402957994627797,0.026776046123237716,0.00043591506394309126,0.0010588127117743284
US-natural/lstm-post-mae-s42,lstm,posttraining,42,mae,0.0001,5,0.015284685024922843,0.02003482484213575,0.0004293578374813636,0.0006631046437493679
US-natural/lstm-post-mse-s42,lstm,posttraining,42,mse,0.0001,1,0.014742666173569067,0.0238253105286378,0.00039984430584259176,0.0008932101737017485
US-natural/lstm-post-mse-s42,lstm,posttraining,42,mse,0.0001,2,0.01434318059635568,0.021511217208716217,0.0003807881741509973,0.0007531268569744005
US-natural/lstm-post-mse-s42,lstm,posttraining,42,mse,0.0001,3,0.013526445808252746,0.021896969365817753,0.00035269027235879075,0.0007898307713725243
US-natural/lstm-post-mse-s42,lstm,posttraining,42,mse,0.0001,4,0.013514698534744095,0.02048602237034369,0.0003444809840890904,0.0007128983569825466
US-natural/lstm-post-mse-s42,lstm,posttraining,42,mse,0.0001,5,0.013719265394764547,0.02099414470557375,0.00034397288694385056,0.000727516582973875
US-natural/lstm-post-mae-s43,lstm,posttraining,43,mae,0.0001,1,0.027349209406401807,0.023863177065212907,0.0013586818725591385,0.0009184009397698574
US-natural/lstm-post-mae-s43,lstm,posttraining,43,mae,0.0001,2,0.022040925760132297,0.024553473370477356,0.0009197665632443337,0.000919296868219138
US-natural/lstm-post-mae-s43,lstm,posttraining,43,mae,0.0001,3,0.017877481236794203,0.021870070328978312,0.0006219900770093246,0.0007703686307702441
US-natural/lstm-post-mae-s43,lstm,posttraining,43,mae,0.0001,4,0.016422101522050758,0.02055328111536818,0.0005234410551423397,0.0006813903947437056
US-natural/lstm-post-mae-s43,lstm,posttraining,43,mae,0.0001,5,0.014752830990401629,0.020265172463316262,0.00041630757059044955,0.0006611395212260407
US-natural/lstm-post-mse-s43,lstm,posttraining,43,mse,0.0001,1,0.029819799415301492,0.022334750959912542,0.001467051315210562,0.0008195491255828649
US-natural/lstm-post-mse-s43,lstm,posttraining,43,mse,0.0001,2,0.019721791683509255,0.020998531335210124,0.0006972103817483004,0.0007166108578544511
US-natural/lstm-post-mse-s43,lstm,posttraining,43,mse,0.0001,3,0.015885054221177003,0.0204420304677493,0.0004775024944457937,0.000664848115808428
US-natural/lstm-post-mse-s43,lstm,posttraining,43,mse,0.0001,4,0.014180643432353021,0.019973738205153385,0.000399800647361345,0.0006416093745544623
US-natural/lstm-post-mse-s43,lstm,posttraining,43,mse,0.0001,5,0.013655335548245025,0.019761238286185076,0.0003708046952445267,0.0006332240502096916
US-natural/lstm-post-mae-s44,lstm,posttraining,44,mae,0.0001,1,0.01543850966120709,0.018786359819346683,0.0004291867632816547,0.0005782380345409568
US-natural/lstm-post-mae-s44,lstm,posttraining,44,mae,0.0001,2,0.015421468126600373,0.02014946850084462,0.00044402841793629366,0.000616042517094215
US-natural/lstm-post-mae-s44,lstm,posttraining,44,mae,0.0001,3,0.015740395621485773,0.01746663423509143,0.0004399756432546496,0.0005293171667407277
US-natural/lstm-post-mae-s44,lstm,posttraining,44,mae,0.0001,4,0.013494318352374957,0.017780970251284584,0.00035621926364587907,0.0005420786619056518
US-natural/lstm-post-mae-s44,lstm,posttraining,44,mae,0.0001,5,0.013704646092899966,0.017508579805477507,0.0003618664901950219,0.0005256605464080344
US-natural/lstm-post-mse-s44,lstm,posttraining,44,mse,0.0001,1,0.01403219508462967,0.01718018980044757,0.0003874943499306318,0.0005115254840729922
US-natural/lstm-post-mse-s44,lstm,posttraining,44,mse,0.0001,2,0.013363741101994668,0.018360004207741767,0.00035196025554615483,0.0005771977933052206
US-natural/lstm-post-mse-s44,lstm,posttraining,44,mse,0.0001,3,0.013295169448981419,0.018242610987269522,0.00034062644712800423,0.0005612956467137286
US-natural/lstm-post-mse-s44,lstm,posttraining,44,mse,0.0001,4,0.012980081968529966,0.01834655715995986,0.0003313427113834111,0.0005647493733485215
US-natural/lstm-post-mse-s44,lstm,posttraining,44,mse,0.0001,5,0.013011757987345721,0.01882199793969462,0.000329835282616732,0.0005949661321288302
US-natural/gru-post-mae-s42,gru,posttraining,42,mae,0.0001,1,0.015079673970967763,0.01689021496865629,0.00040527893540101534,0.0004867216772329093
US-natural/gru-post-mae-s42,gru,posttraining,42,mae,0.0001,2,0.015164810597496485,0.016125023619954174,0.0004088201789512848,0.0004494528044572158
US-natural/gru-post-mae-s42,gru,posttraining,42,mae,0.0001,3,0.013347094323375112,0.015573831761714294,0.0003567807033003107,0.0004291996071806297
US-natural/gru-post-mae-s42,gru,posttraining,42,mae,0.0001,4,0.012870766472830204,0.015817569767823586,0.000338353156646806,0.00043630618292480906
US-natural/gru-post-mae-s42,gru,posttraining,42,mae,0.0001,5,0.013230872476484088,0.01565101105774776,0.00034234575191386513,0.00042581504242158216
US-natural/gru-post-mse-s42,gru,posttraining,42,mse,0.0001,1,0.014305363201146759,0.016777762447815738,0.0003806157066463543,0.00047834357342156094
US-natural/gru-post-mse-s42,gru,posttraining,42,mse,0.0001,2,0.014737036944466743,0.015479780035911416,0.00039128225413005566,0.00041937843009954163
US-natural/gru-post-mse-s42,gru,posttraining,42,mse,0.0001,3,0.013035463319020035,0.015478178455091605,0.00033770719296591665,0.0004250056232613241
US-natural/gru-post-mse-s42,gru,posttraining,42,mse,0.0001,4,0.012922265921690223,0.015883635709941713,0.00033148073546041527,0.0004490985424395037
US-natural/gru-post-mse-s42,gru,posttraining,42,mse,0.0001,5,0.012941079500198044,0.016597759211078124,0.00032596794557584086,0.0004630751067364766
US-natural/gru-post-mae-s43,gru,posttraining,43,mae,0.0001,1,0.020626736717557114,0.024611989945458424,0.0008677631175743134,0.0012547296485596062
US-natural/gru-post-mae-s43,gru,posttraining,43,mae,0.0001,2,0.018633997238196028,0.02594053315260327,0.0006092420859541706,0.001251125382182385
US-natural/gru-post-mae-s43,gru,posttraining,43,mae,0.0001,3,0.017876624683820033,0.020414223051530508,0.000574364729894261,0.0007170717781302172
US-natural/gru-post-mae-s43,gru,posttraining,43,mae,0.0001,4,0.014946993377055308,0.018384915100283374,0.0003907511626933891,0.0006233936073188843
US-natural/gru-post-mae-s43,gru,posttraining,43,mae,0.0001,5,0.012952018058857205,0.018491748211606488,0.00030682362942768685,0.0006387910927999295
US-natural/gru-post-mse-s43,gru,posttraining,43,mse,0.0001,1,0.020230513349232784,0.024591289035318483,0.0008096685450138427,0.0011905905878930331
US-natural/gru-post-mse-s43,gru,posttraining,43,mse,0.0001,2,0.018871521889268338,0.021475092150627702,0.0005643418858566054,0.0008943166301152033
US-natural/gru-post-mse-s43,gru,posttraining,43,mse,0.0001,3,0.015588559099297206,0.019028576690694913,0.00041649047342218046,0.0006281135615944066
US-natural/gru-post-mse-s43,gru,posttraining,43,mse,0.0001,4,0.013595463536508645,0.018876809986932173,0.0003265027486372526,0.0006437497986338069
US-natural/gru-post-mse-s43,gru,posttraining,43,mse,0.0001,5,0.012944841082668464,0.01922652332957708,0.0002972697457273961,0.0006715333859176108
US-natural/gru-post-mae-s44,gru,posttraining,44,mae,0.0001,1,0.015182082192694124,0.01811071447921842,0.00040287493854518293,0.0006426894945518532
US-natural/gru-post-mae-s44,gru,posttraining,44,mae,0.0001,2,0.01468324019235596,0.023527468801246183,0.0003847404587707982,0.0009232265551067194
US-natural/gru-post-mae-s44,gru,posttraining,44,mae,0.0001,3,0.015571299895255925,0.01942345496154142,0.0004217399047659511,0.0007123118002662714
US-natural/gru-post-mae-s44,gru,posttraining,44,mae,0.0001,4,0.013644856688154882,0.018350322773773187,0.0003432370225491922,0.0006552678535677043
US-natural/gru-post-mae-s44,gru,posttraining,44,mae,0.0001,5,0.012557019310304998,0.01903981714213185,0.00031400758584258505,0.0007004136341609222
US-natural/gru-post-mse-s44,gru,posttraining,44,mse,0.0001,1,0.01482824694258949,0.020477981189202136,0.00038899944879136584,0.0007505441181996999
US-natural/gru-post-mse-s44,gru,posttraining,44,mse,0.0001,2,0.014230031683160225,0.024601183235949984,0.0003676350207412576,0.0009556303140788458
US-natural/gru-post-mse-s44,gru,posttraining,44,mse,0.0001,3,0.015176349041836611,0.022036828249747883,0.0004024058264005901,0.0008552600209931608
US-natural/gru-post-mse-s44,gru,posttraining,44,mse,0.0001,4,0.013627655580336417,0.01935848647070575,0.0003433191752452792,0.0007223654531247451
US-natural/gru-post-mse-s44,gru,posttraining,44,mse,0.0001,5,0.01297387861162163,0.019339026671422097,0.0003159197934374308,0.0006739706340720983
US-natural/dlinear-post-mae-s42,dlinear,posttraining,42,mae,0.0001,1,0.014820565037913555,0.019099910989517646,0.0003798800648915827,0.0006191497250501442
US-natural/dlinear-post-mae-s42,dlinear,posttraining,42,mae,0.0001,2,0.014298607458005598,0.022628553009370448,0.00035413380157131005,0.0008136089665017683
US-natural/dlinear-post-mae-s42,dlinear,posttraining,42,mae,0.0001,3,0.013320732921929914,0.01838365556218556,0.00032106278477469043,0.0005820395776248511
US-natural/dlinear-post-mae-s42,dlinear,posttraining,42,mae,0.0001,4,0.01283708647738407,0.017753722892119635,0.0003136792580333673,0.00054220553629773
US-natural/dlinear-post-mae-s42,dlinear,posttraining,42,mae,0.0001,5,0.013398578115463834,0.019050970581845336,0.0003328655216046838,0.0006195715880462251
US-natural/dlinear-post-mse-s42,dlinear,posttraining,42,mse,0.0001,1,0.014511817227401844,0.019189323358169114,0.0003696539716125252,0.0006382885711382574
US-natural/dlinear-post-mse-s42,dlinear,posttraining,42,mse,0.0001,2,0.01423704458161774,0.019389194567413927,0.00035064440229941204,0.0006412344019524718
US-natural/dlinear-post-mse-s42,dlinear,posttraining,42,mse,0.0001,3,0.012677821679752578,0.019889406523197924,0.0003001675487205482,0.0006626015652024319
US-natural/dlinear-post-mse-s42,dlinear,posttraining,42,mse,0.0001,4,0.012542582130865097,0.018840018199189484,0.00029578325339341756,0.000605167172619607
US-natural/dlinear-post-mse-s42,dlinear,posttraining,42,mse,0.0001,5,0.012434069950257297,0.018635725641807963,0.0002876567996723401,0.0005973101270991839
US-natural/dlinear-post-mae-s43,dlinear,posttraining,43,mae,0.0001,1,0.015567924426205417,0.02232535443039909,0.00041441486305288756,0.0008515141843712909
US-natural/dlinear-post-mae-s43,dlinear,posttraining,43,mae,0.0001,2,0.013747543121957346,0.020802170503591823,0.00035904635570815533,0.0007601872303530034
US-natural/dlinear-post-mae-s43,dlinear,posttraining,43,mae,0.0001,3,0.013784403254257248,0.022830270482795706,0.00036809958873666704,0.0008704802931066028
US-natural/dlinear-post-mae-s43,dlinear,posttraining,43,mae,0.0001,4,0.013141678996671395,0.020265555981994574,0.0003501488965862854,0.000736524940965012
US-natural/dlinear-post-mae-s43,dlinear,posttraining,43,mae,0.0001,5,0.013349958247307286,0.022771378105390518,0.0003534677535774812,0.000879259705147096
US-natural/dlinear-post-mse-s43,dlinear,posttraining,43,mse,0.0001,1,0.013297845490446917,0.023151505183377656,0.0003504694255575576,0.0008825696251752942
US-natural/dlinear-post-mse-s43,dlinear,posttraining,43,mse,0.0001,2,0.01323089965131241,0.023576872207299638,0.00033622995938594244,0.0008881726025371977
US-natural/dlinear-post-mse-s43,dlinear,posttraining,43,mse,0.0001,3,0.013002543812720101,0.022358002678775354,0.0003233502320782562,0.0008265248245692061
US-natural/dlinear-post-mse-s43,dlinear,posttraining,43,mse,0.0001,4,0.012620835544913849,0.023270777204376362,0.00031494682112346873,0.0008799950711951885
US-natural/dlinear-post-mse-s43,dlinear,posttraining,43,mse,0.0001,5,0.012794934719078761,0.02257587927034701,0.00030983430718748925,0.000843657300031372
US-natural/dlinear-post-mae-s44,dlinear,posttraining,44,mae,0.0001,1,0.015488238092358194,0.021820914650364686,0.00041956994518089764,0.0009034231201554589
US-natural/dlinear-post-mae-s44,dlinear,posttraining,44,mae,0.0001,2,0.015295547679174673,0.020927662332169927,0.0004345983005440891,0.0007960378881892732
US-natural/dlinear-post-mae-s44,dlinear,posttraining,44,mae,0.0001,3,0.015360415677245477,0.019689463781108026,0.0004283202474530994,0.000711222059917682
US-natural/dlinear-post-mae-s44,dlinear,posttraining,44,mae,0.0001,4,0.013960242111562413,0.01974723638379962,0.0003699842610363686,0.0007416123351280568
US-natural/dlinear-post-mae-s44,dlinear,posttraining,44,mae,0.0001,5,0.013622319559966576,0.020350082250095058,0.00035105569928294754,0.0007038708489128883
US-natural/dlinear-post-mse-s44,dlinear,posttraining,44,mse,0.0001,1,0.015451621809581113,0.02134544762807815,0.0004266526925048252,0.000789005023936683
US-natural/dlinear-post-mse-s44,dlinear,posttraining,44,mse,0.0001,2,0.014534772865726608,0.021181800434799933,0.00038009643857916074,0.0007264324965279313
US-natural/dlinear-post-mse-s44,dlinear,posttraining,44,mse,0.0001,3,0.013996263264192623,0.02023586986367782,0.0003644511386514875,0.000690030924307546
US-natural/dlinear-post-mse-s44,dlinear,posttraining,44,mse,0.0001,4,0.013965834962584958,0.020586269648200463,0.0003545344906570164,0.0007184512141980132
US-natural/dlinear-post-mse-s44,dlinear,posttraining,44,mse,0.0001,5,0.013273193242770376,0.020282902203750276,0.00033652625147341227,0.0007180555504994068
