run_id,kind,stage,seed,loss,learning_rate,epoch,train_mae_during_updates,validation_mae_after_epoch,train_mse_during_updates,validation_mse_after_epoch
rnn-mse-0.0001-s42,rnn,base,42,mse,0.0001,1,0.42382143139839173,0.19507514812328197,0.23961967937648296,0.05063366481551418
rnn-mse-0.0001-s42,rnn,base,42,mse,0.0001,2,0.17529487162828444,0.11532209848088247,0.045235915761440995,0.02378950057652589
rnn-mse-0.0001-s42,rnn,base,42,mse,0.0001,3,0.15168456695973873,0.1258546470767922,0.034629068011417984,0.025298942592753858
rnn-mse-0.0001-s42,rnn,base,42,mse,0.0001,4,0.11512463986873626,0.0798604831168497,0.02171116042882204,0.010839136260458165
rnn-mse-0.0001-s42,rnn,base,42,mse,0.0001,5,0.08662189207971097,0.06064374940814795,0.011953554977662862,0.005833213831539508
rnn-mse-0.0001-s42,rnn,base,42,mse,0.0001,6,0.07117645051330328,0.051744050801628166,0.00875065402360633,0.004444509094874202
rnn-mse-0.0001-s42,rnn,base,42,mse,0.0001,7,0.05652902852743864,0.05143846677685225,0.006152162665966898,0.004394439501360196
rnn-mse-0.0001-s42,rnn,base,42,mse,0.0001,8,0.049212696589529516,0.05172386312926257,0.004687838887912221,0.004267547577102151
rnn-mse-0.0001-s42,rnn,base,42,mse,0.0001,9,0.04310704730451107,0.046813980434779766,0.0037631488725310192,0.0035695265478420035
rnn-mse-0.0001-s42,rnn,base,42,mse,0.0001,10,0.03906010631471872,0.04412938544043788,0.0031721601146273313,0.003186145337746927
rnn-mse-0.0001-s42,rnn,base,42,mse,0.0001,11,0.03724170345813036,0.04413251214557224,0.002796863380353898,0.0031579567981814896
rnn-mse-0.0001-s42,rnn,base,42,mse,0.0001,12,0.035733779333531855,0.043927187334608146,0.002509899259894155,0.0031097015969593217
rnn-mse-0.0001-s42,rnn,base,42,mse,0.0001,13,0.03423618227243423,0.04272935754723019,0.0022764958965126427,0.0029425627069064866
rnn-mse-0.0001-s42,rnn,base,42,mse,0.0001,14,0.03278062790632248,0.04188943309364496,0.0020799028599867595,0.0028097223809540823
rnn-mse-0.0001-s42,rnn,base,42,mse,0.0001,15,0.031385015696287155,0.041489339757848666,0.0019094647344900296,0.0027302555895100038
rnn-mse-0.0001-s42,rnn,base,42,mse,0.0001,16,0.03006175793707371,0.040987534324328105,0.0017587675014510752,0.0026418552397646836
rnn-mse-0.0001-s42,rnn,base,42,mse,0.0001,17,0.02886627968400717,0.040371009238340236,0.0016255482652923093,0.0025486035764010415
rnn-mse-0.0001-s42,rnn,base,42,mse,0.0001,18,0.02778175426647067,0.03985940339388671,0.0015075512317707762,0.0024720477716376386
rnn-mse-0.0001-s42,rnn,base,42,mse,0.0001,19,0.026812986563891174,0.03936797946139618,0.0014019923808518797,0.002402771210849837
rnn-mse-0.0001-s42,rnn,base,42,mse,0.0001,20,0.025924628227949144,0.038847063481807706,0.0013074003538349644,0.002334596221852634
rnn-mse-0.0001-s42,rnn,base,42,mse,0.0001,21,0.025076605286449193,0.03835820717116197,0.0012226988328620791,0.0022723169755880478
rnn-mse-0.0001-s42,rnn,base,42,mse,0.0001,22,0.02425478454679251,0.03789312769141462,0.0011466017458587885,0.002215176317150946
rnn-mse-0.0001-s42,rnn,base,42,mse,0.0001,23,0.023480016645044087,0.03743857305358957,0.001078209758270532,0.0021610616723558417
rnn-mse-0.0001-s42,rnn,base,42,mse,0.0001,24,0.022771513648331167,0.03701558387665837,0.00101670761796413,0.002110691835965823
rnn-mse-0.0001-s42,rnn,base,42,mse,0.0001,25,0.022138360794633626,0.03661680453353458,0.0009613504429580644,0.002064133194033746
rnn-mse-0.0001-s42,rnn,base,42,mse,0.0001,26,0.021563177462667227,0.03623198295632998,0.0009114617321756668,0.0020206232020562446
rnn-mse-0.0001-s42,rnn,base,42,mse,0.0001,27,0.021051561180502176,0.035868513390973765,0.0008664618319016882,0.001980371891382944
rnn-mse-0.0001-s42,rnn,base,42,mse,0.0001,28,0.02058744225651026,0.035528592861912865,0.000825792583054863,0.0019428985361527238
rnn-mse-0.0001-s42,rnn,base,42,mse,0.0001,29,0.02013739598914981,0.03521172865121453,0.0007890370732638984,0.001908243695894877
rnn-mse-0.0001-s42,rnn,base,42,mse,0.0001,30,0.019714860152453183,0.034954338079249414,0.0007557257107691839,0.0018760755343397181
rnn-mse-0.0001-s43,rnn,base,43,mse,0.0001,1,0.09393884316086769,0.07844018080720196,0.01671205471502617,0.012406491773867014
rnn-mse-0.0001-s43,rnn,base,43,mse,0.0001,2,0.08012178372591734,0.061111159484695504,0.011447926051914692,0.007826660898151911
rnn-mse-0.0001-s43,rnn,base,43,mse,0.0001,3,0.06303815227001905,0.06026216684668152,0.006588686443865299,0.005286053247335884
rnn-mse-0.0001-s43,rnn,base,43,mse,0.0001,4,0.0438489256426692,0.04147504886819257,0.0035757272940827533,0.003356979088426602
rnn-mse-0.0001-s43,rnn,base,43,mse,0.0001,5,0.03557830611243844,0.035095521545520536,0.0025789974257349967,0.002438016447962986
rnn-mse-0.0001-s43,rnn,base,43,mse,0.0001,6,0.03235902283340693,0.032862201498614414,0.0020190328446915372,0.001943884432936708
rnn-mse-0.0001-s43,rnn,base,43,mse,0.0001,7,0.028270455822348595,0.029163937518994012,0.0014658997766673564,0.0015731741113726187
rnn-mse-0.0001-s43,rnn,base,43,mse,0.0001,8,0.026192817278206347,0.028556071139044233,0.0012740074802422897,0.0014346802908996189
rnn-mse-0.0001-s43,rnn,base,43,mse,0.0001,9,0.025040397606790065,0.028111600917246606,0.0011252759315539152,0.001350430276296619
rnn-mse-0.0001-s43,rnn,base,43,mse,0.0001,10,0.023602362535893918,0.027415423509147434,0.000994920771336183,0.0012714952187336706
rnn-mse-0.0001-s43,rnn,base,43,mse,0.0001,11,0.022667409852147102,0.02718123103733416,0.0009195287246257066,0.0012405035719792875
rnn-mse-0.0001-s43,rnn,base,43,mse,0.0001,12,0.021795892715454103,0.02659798189997673,0.0008433678653091192,0.0011886752046713675
rnn-mse-0.0001-s43,rnn,base,43,mse,0.0001,13,0.02096978034824133,0.026237903011065943,0.0007878830132540315,0.0011577390595684173
rnn-mse-0.0001-s43,rnn,base,43,mse,0.0001,14,0.020198426861315965,0.025843360385409107,0.0007373431319138036,0.001119924895034206
rnn-mse-0.0001-s43,rnn,base,43,mse,0.0001,15,0.019551471155136824,0.025539184375493615,0.0006965793494600802,0.0010899777722510474
rnn-mse-0.0001-s43,rnn,base,43,mse,0.0001,16,0.01897719781845808,0.02523862883724548,0.0006610659591387957,0.0010602977489017778
rnn-mse-0.0001-s43,rnn,base,43,mse,0.0001,17,0.018499319348484276,0.02498038834719746,0.0006311875040410087,0.0010348364232211477
rnn-mse-0.0001-s43,rnn,base,43,mse,0.0001,18,0.01808939650654793,0.02472973028542819,0.0006051117496099323,0.0010118120638826103
rnn-mse-0.0001-s43,rnn,base,43,mse,0.0001,19,0.017711423989385366,0.024495569506177196,0.0005825277708936483,0.000991661635796643
rnn-mse-0.0001-s43,rnn,base,43,mse,0.0001,20,0.01737917084246874,0.024277735018619784,0.0005625863210298121,0.0009739497046986664
rnn-mse-0.0001-s43,rnn,base,43,mse,0.0001,21,0.017108664847910404,0.024084175226313096,0.0005449110671179369,0.0009581993040801199
rnn-mse-0.0001-s43,rnn,base,43,mse,0.0001,22,0.01685887956991792,0.023908050496269154,0.0005291128138196655,0.0009442958342670291
rnn-mse-0.0001-s43,rnn,base,43,mse,0.0001,23,0.016640600748360157,0.023745281732192747,0.0005148681142600253,0.0009319404920528608
rnn-mse-0.0001-s43,rnn,base,43,mse,0.0001,24,0.01645211670547724,0.02359815275779477,0.0005019411473767832,0.0009209592477418483
rnn-mse-0.0001-s43,rnn,base,43,mse,0.0001,25,0.016276372689753772,0.02346814501064795,0.0004901470194454305,0.0009112466281900804
rnn-mse-0.0001-s43,rnn,base,43,mse,0.0001,26,0.016114010568708183,0.02334510492229903,0.0004792891835677437,0.0009025891639154267
rnn-mse-0.0001-s43,rnn,base,43,mse,0.0001,27,0.015975025296211243,0.023229861507813136,0.0004692852991865948,0.0008948425620069934
rnn-mse-0.0001-s43,rnn,base,43,mse,0.0001,28,0.01584886647760868,0.023123558500298746,0.00045999523863429206,0.0008878630210852458
rnn-mse-0.0001-s43,rnn,base,43,mse,0.0001,29,0.015730240754783152,0.023025146099152387,0.00045136931439628827,0.000881729678992458
rnn-mse-0.0001-s43,rnn,base,43,mse,0.0001,30,0.015614567510783672,0.022933366039284954,0.00044328580843284727,0.0008762737921508098
rnn-mse-0.0001-s44,rnn,base,44,mse,0.0001,1,0.08306695558130742,0.1102904271196436,0.010859778383746743,0.019078104598102746
rnn-mse-0.0001-s44,rnn,base,44,mse,0.0001,2,0.06119475960731506,0.07355242219788057,0.007613558450248093,0.010941548072905451
rnn-mse-0.0001-s44,rnn,base,44,mse,0.0001,3,0.050783876329660416,0.07754574351840549,0.004818042099941522,0.010137004012035
rnn-mse-0.0001-s44,rnn,base,44,mse,0.0001,4,0.04435993954539299,0.06411362938858844,0.003946954401908442,0.007493334216997027
rnn-mse-0.0001-s44,rnn,base,44,mse,0.0001,5,0.040949939750134945,0.06227499395608902,0.003172766196075827,0.006696865366150936
rnn-mse-0.0001-s44,rnn,base,44,mse,0.0001,6,0.037148486636579034,0.056160535690961064,0.0026281825557816774,0.005582397093099577
rnn-mse-0.0001-s44,rnn,base,44,mse,0.0001,7,0.03585439007729292,0.054564785019115165,0.0023229161044582723,0.005147013585600588
rnn-mse-0.0001-s44,rnn,base,44,mse,0.0001,8,0.03353978041559458,0.05163600033632031,0.0019993148976936936,0.004644514537519879
rnn-mse-0.0001-s44,rnn,base,44,mse,0.0001,9,0.03202803712338209,0.050287503362805755,0.0017745653982274233,0.004362017787234099
rnn-mse-0.0001-s44,rnn,base,44,mse,0.0001,10,0.03035407643765211,0.04904675478184665,0.001567475323099643,0.004122465852372073
rnn-mse-0.0001-s44,rnn,base,44,mse,0.0001,11,0.028809221275150777,0.04771233763959673,0.0013853134296368808,0.0038922786522932627
rnn-mse-0.0001-s44,rnn,base,44,mse,0.0001,12,0.027543637715280057,0.04675757766321853,0.0012410347844706848,0.0037180511487854852
rnn-mse-0.0001-s44,rnn,base,44,mse,0.0001,13,0.026331520266830923,0.04568139596117867,0.001111772027797997,0.0035454144856582087
rnn-mse-0.0001-s44,rnn,base,44,mse,0.0001,14,0.025145367719233036,0.04464608359116095,0.0010010567493736744,0.003385058805967371
rnn-mse-0.0001-s44,rnn,base,44,mse,0.0001,15,0.023973317258059977,0.04375441151636618,0.00090692434750963,0.0032455206262292685
rnn-mse-0.0001-s44,rnn,base,44,mse,0.0001,16,0.022867773286998273,0.043004285764914975,0.0008254056912846864,0.0031182588750703465
rnn-mse-0.0001-s44,rnn,base,44,mse,0.0001,17,0.021865826472640036,0.04236004164925328,0.0007563031220342964,0.0030057179707067986
rnn-mse-0.0001-s44,rnn,base,44,mse,0.0001,18,0.020984131190925837,0.04183575149487566,0.0006987281260080636,0.002914792918427675
rnn-mse-0.0001-s44,rnn,base,44,mse,0.0001,19,0.020224392134696244,0.04144550203173249,0.0006500983407022431,0.002845421054021076
rnn-mse-0.0001-s44,rnn,base,44,mse,0.0001,20,0.019584654085338115,0.04111326229241159,0.0006083432643208652,0.002787578154217314
rnn-mse-0.0001-s44,rnn,base,44,mse,0.0001,21,0.01899971915408969,0.040748303245615076,0.0005726016184780747,0.0027328687107742384
rnn-mse-0.0001-s44,rnn,base,44,mse,0.0001,22,0.018451116140931846,0.0403575383954578,0.0005426190997241065,0.0026832924922928214
rnn-mse-0.0001-s44,rnn,base,44,mse,0.0001,23,0.017940886411815883,0.04004599614827721,0.0005178566323593258,0.0026458582306211746
rnn-mse-0.0001-s44,rnn,base,44,mse,0.0001,24,0.017471545562148093,0.0398839987538479,0.0004972077353158965,0.0026222213706070625
rnn-mse-0.0001-s44,rnn,base,44,mse,0.0001,25,0.01705044899135828,0.03977501298542376,0.000479225255548954,0.0026034411068798767
rnn-mse-0.0001-s44,rnn,base,44,mse,0.0001,26,0.016698742751032114,0.039549668547179964,0.00046284306445159017,0.002576336562116113
rnn-mse-0.0001-s44,rnn,base,44,mse,0.0001,27,0.016343257296830414,0.03911111801862717,0.00044766340288333596,0.0025370161963143836
rnn-mse-0.0001-s44,rnn,base,44,mse,0.0001,28,0.01597633557394147,0.03858259543776512,0.00043411267542978747,0.002499390258971188
rnn-mse-0.0001-s44,rnn,base,44,mse,0.0001,29,0.015676446538418532,0.03827109008475586,0.00042355082550784575,0.002484211812865127
rnn-mse-0.0001-s44,rnn,base,44,mse,0.0001,30,0.015497680008411407,0.03842123630974028,0.00041632518550613893,0.0024999613149298563
rnn-mse-0.001-s42,rnn,base,42,mse,0.001,1,0.26678844094276427,0.1636788092277668,0.11162400038447232,0.035466021051009496
rnn-mse-0.001-s42,rnn,base,42,mse,0.001,2,0.1524311773478985,0.09366874131891463,0.036278812843374905,0.010948659790058931
rnn-mse-0.001-s42,rnn,base,42,mse,0.001,3,0.14681798815727234,0.05047753770594244,0.02781330794095993,0.0042304430174192895
rnn-mse-0.001-s42,rnn,base,42,mse,0.001,4,0.08186852224171162,0.029595673184289975,0.009148383454885334,0.0015873307930531963
rnn-mse-0.001-s42,rnn,base,42,mse,0.001,5,0.052040477842092515,0.03080821081444069,0.0037903373944573105,0.0014147485752969429
rnn-mse-0.001-s42,rnn,base,42,mse,0.001,6,0.03172168852761388,0.03583954200148583,0.001449290764867328,0.001886287096163465
rnn-mse-0.001-s42,rnn,base,42,mse,0.001,7,0.024750266410410404,0.026402078182608993,0.0011869103967910633,0.0010746080115765196
rnn-mse-0.001-s42,rnn,base,42,mse,0.001,8,0.020934140123426915,0.02426497815521779,0.0008288042765343562,0.000957706814989689
rnn-mse-0.001-s42,rnn,base,42,mse,0.001,9,0.019695312064141036,0.02142802852516373,0.0007588004315039143,0.0007849798198515566
rnn-mse-0.001-s42,rnn,base,42,mse,0.001,10,0.01856658300384879,0.020993691479304324,0.0006810150982346386,0.0007634460387635044
rnn-mse-0.001-s42,rnn,base,42,mse,0.001,11,0.018187633343040945,0.020825216336244786,0.0006382263876730576,0.0007520196886886239
rnn-mse-0.001-s42,rnn,base,42,mse,0.001,12,0.017480083089321852,0.020559465333267496,0.0006157544718007557,0.0007306334545083465
rnn-mse-0.001-s42,rnn,base,42,mse,0.001,13,0.017127032298594712,0.020446382235321733,0.000583365053171292,0.0007219230071145662
rnn-mse-0.001-s42,rnn,base,42,mse,0.001,14,0.016691804118454456,0.02017467791835467,0.0005663403251674026,0.0006999639708535849
rnn-mse-0.001-s42,rnn,base,42,mse,0.001,15,0.016428830474615096,0.02000506996970486,0.0005419722656370141,0.0006865140965264463
rnn-mse-0.001-s42,rnn,base,42,mse,0.001,16,0.01609870819374919,0.01977650203431646,0.000524810142815113,0.0006699245774210862
rnn-mse-0.001-s42,rnn,base,42,mse,0.001,17,0.01585366912186146,0.019591942553718884,0.0005061594012659044,0.0006569399085290368
rnn-mse-0.001-s42,rnn,base,42,mse,0.001,18,0.015571641642600298,0.019385161864812726,0.0004905300185782835,0.0006435557308712439
rnn-mse-0.001-s42,rnn,base,42,mse,0.001,19,0.015350941475480795,0.019183666517751084,0.00047545444394927474,0.0006312677044425746
rnn-mse-0.001-s42,rnn,base,42,mse,0.001,20,0.015121421217918396,0.018981482906060086,0.0004617580270860344,0.0006197395550973145
rnn-mse-0.001-s42,rnn,base,42,mse,0.001,21,0.014915081765502691,0.018781079320857923,0.00044911224831594153,0.0006088470371011041
rnn-mse-0.001-s42,rnn,base,42,mse,0.001,22,0.01470922091975808,0.018593408074229954,0.00043737263622460886,0.0005989259256037056
rnn-mse-0.001-s42,rnn,base,42,mse,0.001,23,0.014544640108942986,0.018405360445656157,0.00042667077796068045,0.0005895361704730291
rnn-mse-0.001-s42,rnn,base,42,mse,0.001,24,0.014398834761232137,0.018232462658650344,0.0004167459672316909,0.0005809556436024313
rnn-mse-0.001-s42,rnn,base,42,mse,0.001,25,0.014270288031548261,0.018062842837362376,0.0004076785276993178,0.0005730216920643148
rnn-mse-0.001-s42,rnn,base,42,mse,0.001,26,0.0141447139903903,0.017920072552644543,0.00039935482491273435,0.0005657810486876837
rnn-mse-0.001-s42,rnn,base,42,mse,0.001,27,0.014019835274666548,0.017784369712764467,0.00039173725963337347,0.0005592005985952845
rnn-mse-0.001-s42,rnn,base,42,mse,0.001,28,0.013898913003504276,0.017654325361191124,0.00038475504697998986,0.0005532675345656806
rnn-mse-0.001-s42,rnn,base,42,mse,0.001,29,0.013784827385097741,0.017560471218355276,0.00037834700488019734,0.0005479689745428644
rnn-mse-0.001-s42,rnn,base,42,mse,0.001,30,0.013680833112448453,0.017471955664869813,0.00037244281265884637,0.0005432824760242107
rnn-mse-0.001-s43,rnn,base,43,mse,0.001,1,0.09621127918362618,0.04136789031326771,0.011964154231827706,0.0027342982197835763
rnn-mse-0.001-s43,rnn,base,43,mse,0.001,2,0.06717394143342972,0.03545972261991766,0.00644320339197293,0.001989814644696674
rnn-mse-0.001-s43,rnn,base,43,mse,0.001,3,0.03595994496718049,0.03934445077622378,0.0021978525561280548,0.002135429108791329
rnn-mse-0.001-s43,rnn,base,43,mse,0.001,4,0.03913895934820175,0.02585525730693782,0.0023324777954258024,0.0011716193291013716
rnn-mse-0.001-s43,rnn,base,43,mse,0.001,5,0.026995213888585567,0.029754257077972093,0.0011190855235327034,0.0015781509082040024
rnn-mse-0.001-s43,rnn,base,43,mse,0.001,6,0.026581427175551654,0.027907519346034085,0.0010931200464256107,0.001325100562017825
rnn-mse-0.001-s43,rnn,base,43,mse,0.001,7,0.028841878566890956,0.032013845692078276,0.0013794516824418678,0.0014112589035735086
rnn-mse-0.001-s43,rnn,base,43,mse,0.001,8,0.03041798770427704,0.029120695901413758,0.0014327136654173956,0.001555369843306296
rnn-mse-0.001-s43,rnn,base,43,mse,0.001,9,0.0278973288834095,0.03242667015917875,0.0011862613289849832,0.001710007741779986
rnn-mse-0.001-s43,rnn,base,43,mse,0.001,10,0.03025203486904502,0.03172800132521877,0.0013005490996874868,0.001574059790517721
rnn-mse-0.001-s43,rnn,base,43,mse,0.001,11,0.032923050597310065,0.026943693682551385,0.0017028983274940401,0.0010778512896245551
rnn-mse-0.001-s43,rnn,base,43,mse,0.001,12,0.0329844206571579,0.04070390759518853,0.0016022791212890297,0.0025133889129695794
rnn-mse-0.001-s43,rnn,base,43,mse,0.001,13,0.03234879579395056,0.021604600383175743,0.0016056847060099244,0.000863460894389492
rnn-mse-0.001-s43,rnn,base,43,mse,0.001,14,0.029579824116081,0.03706145206535304,0.0012447057757526635,0.0018487633800961904
rnn-mse-0.001-s43,rnn,base,43,mse,0.001,15,0.0348384378477931,0.02339398520136321,0.0019131251465296373,0.0009044369734409782
rnn-mse-0.001-s43,rnn,base,43,mse,0.001,16,0.025676801241934298,0.027330846125604928,0.0009765775757841766,0.0013434087075034364
rnn-mse-0.001-s43,rnn,base,43,mse,0.001,17,0.027728204615414143,0.028911880596920295,0.001271678533521481,0.0012087064467508485
rnn-mse-0.001-s43,rnn,base,43,mse,0.001,18,0.024967023450881243,0.016922529186639522,0.0009826379973674193,0.0005357288792125742
rnn-mse-0.001-s43,rnn,base,43,mse,0.001,19,0.020332441944628955,0.0212096792128351,0.0006854896753793582,0.0007530176984060004
rnn-mse-0.001-s43,rnn,base,43,mse,0.001,20,0.018063313607126475,0.019881801514161957,0.0005573612434091046,0.0006839209184464481
rnn-mse-0.001-s43,rnn,base,43,mse,0.001,21,0.01647253017872572,0.016171324832571877,0.00048046078154584393,0.0004895477176264481
rnn-mse-0.001-s43,rnn,base,43,mse,0.001,22,0.014454240165650844,0.017369875401534417,0.00041027933184523135,0.0005545211110815957
rnn-mse-0.001-s43,rnn,base,43,mse,0.001,23,0.013927572406828403,0.01673016888261945,0.00037369730707723645,0.0005334558441838318
rnn-mse-0.001-s43,rnn,base,43,mse,0.001,24,0.013572250306606293,0.016749434876773092,0.0003633927903138101,0.0005205085660606899
rnn-mse-0.001-s43,rnn,base,43,mse,0.001,25,0.013451764639467002,0.01652073664245782,0.0003589716856367886,0.0005172776767587359
rnn-mse-0.001-s43,rnn,base,43,mse,0.001,26,0.013057572953402995,0.0169125372061023,0.00034623657338670453,0.0005423134761965937
rnn-mse-0.001-s43,rnn,base,43,mse,0.001,27,0.013017270527780057,0.016733148280117245,0.0003422275651246309,0.0005270578258205205
rnn-mse-0.001-s43,rnn,base,43,mse,0.001,28,0.013136782683432102,0.016573969157481636,0.00034014392731478437,0.0005143475009525126
rnn-mse-0.001-s43,rnn,base,43,mse,0.001,29,0.013012687955051661,0.016906364696721236,0.00033979245417867785,0.0005375694862946316
rnn-mse-0.001-s43,rnn,base,43,mse,0.001,30,0.012811693362891674,0.01720916628147717,0.0003324685341794975,0.0005554963787155295
rnn-mse-0.001-s44,rnn,base,44,mse,0.001,1,0.22902457006275653,0.1348205602279416,0.07250451855361462,0.028516634422595853
rnn-mse-0.001-s44,rnn,base,44,mse,0.001,2,0.18028827272355558,0.18964982827504476,0.04156126426532865,0.04150859081634769
rnn-mse-0.001-s44,rnn,base,44,mse,0.001,3,0.12839417941868306,0.05257753831920801,0.021898498944938182,0.00467453186262261
rnn-mse-0.001-s44,rnn,base,44,mse,0.001,4,0.04131968393921852,0.039439699909201376,0.0026570313260890544,0.002314971630564994
rnn-mse-0.001-s44,rnn,base,44,mse,0.001,5,0.035934424586594106,0.03308484156926473,0.002006279514171183,0.0016526669983890046
rnn-mse-0.001-s44,rnn,base,44,mse,0.001,6,0.02727055558934808,0.03138088945437361,0.0014626619871705771,0.0016581977217423696
rnn-mse-0.001-s44,rnn,base,44,mse,0.001,7,0.025560949556529523,0.0298531758012595,0.0011757845262764023,0.0015228714216155587
rnn-mse-0.001-s44,rnn,base,44,mse,0.001,8,0.02214139895513654,0.02999994327072744,0.0009733973100082948,0.001581633085798886
rnn-mse-0.001-s44,rnn,base,44,mse,0.001,9,0.02122116172686219,0.028265397002299627,0.0008587371441535652,0.0014522476803028473
rnn-mse-0.001-s44,rnn,base,44,mse,0.001,10,0.019458650611341,0.027568805645461436,0.0007307432737434283,0.0013836172495589212
rnn-mse-0.001-s44,rnn,base,44,mse,0.001,11,0.018663234543055296,0.026360079659907908,0.0006510603940114379,0.0012926242702330152
rnn-mse-0.001-s44,rnn,base,44,mse,0.001,12,0.01764206578955054,0.025892624052034484,0.0005740485357819125,0.0012558878364938278
rnn-mse-0.001-s44,rnn,base,44,mse,0.001,13,0.01690712943673134,0.02549798699716727,0.0005213185839238576,0.0012271239642157323
rnn-mse-0.001-s44,rnn,base,44,mse,0.001,14,0.01623920854181051,0.025131083224658613,0.0004805997537914664,0.0012032236205413937
rnn-mse-0.001-s44,rnn,base,44,mse,0.001,15,0.01563541395589709,0.024996537218491235,0.0004502187730395235,0.0011874510466845498
rnn-mse-0.001-s44,rnn,base,44,mse,0.001,16,0.01513756001368165,0.024813755670631373,0.00042950520728481936,0.0011709863138902518
rnn-mse-0.001-s44,rnn,base,44,mse,0.001,17,0.014751802012324334,0.024622794447673693,0.00041475407633697616,0.0011552422406600304
rnn-mse-0.001-s44,rnn,base,44,mse,0.001,18,0.014493599720299243,0.024457113817334175,0.00040353831282118334,0.0011419083539362031
rnn-mse-0.001-s44,rnn,base,44,mse,0.001,19,0.014326757099479438,0.024289541843312758,0.0003945350996218622,0.001129494097808169
rnn-mse-0.001-s44,rnn,base,44,mse,0.001,20,0.014181638788431882,0.024097428360471018,0.000386995128064882,0.0011170594258820294
rnn-mse-0.001-s44,rnn,base,44,mse,0.001,21,0.014045566134154797,0.023910518128562857,0.00038041790685383603,0.0011054815677063608
rnn-mse-0.001-s44,rnn,base,44,mse,0.001,22,0.01391357220709324,0.023758175058497324,0.00037443425972014663,0.0010953503514260605
rnn-mse-0.001-s44,rnn,base,44,mse,0.001,23,0.013791930861771107,0.02363008056525831,0.00036890163755742833,0.0010852076208080958
rnn-mse-0.001-s44,rnn,base,44,mse,0.001,24,0.013687057513743639,0.023481518968387887,0.00036391331668710335,0.0010743161753958299
rnn-mse-0.001-s44,rnn,base,44,mse,0.001,25,0.013596711959689856,0.023333164442468572,0.0003595330228563398,0.001064379557242824
rnn-mse-0.001-s44,rnn,base,44,mse,0.001,26,0.013521461561322213,0.02323785901621536,0.00035554160567699,0.0010575371345988027
rnn-mse-0.001-s44,rnn,base,44,mse,0.001,27,0.01344640664756298,0.02321180502573649,0.0003515912758302875,0.001051781231675435
rnn-mse-0.001-s44,rnn,base,44,mse,0.001,28,0.013353402074426413,0.023164562756816547,0.0003474888158962131,0.00104286603120811
rnn-mse-0.001-s44,rnn,base,44,mse,0.001,29,0.013251418992877007,0.02299119532108307,0.0003437532854150049,0.0010308645428503277
rnn-mse-0.001-s44,rnn,base,44,mse,0.001,30,0.013167119957506657,0.02278594523668289,0.00034082839702023195,0.0010238912672287336
rnn-mae-0.0001-s42,rnn,base,42,mae,0.0001,1,0.4105269730091095,0.16839878890249466,0.23020425140857698,0.03896992706038334
rnn-mae-0.0001-s42,rnn,base,42,mae,0.0001,2,0.16862015314400197,0.11863145371554075,0.04053831582423299,0.024421205318153456
rnn-mae-0.0001-s42,rnn,base,42,mae,0.0001,3,0.14383544065058232,0.10282269087102679,0.03075396819040179,0.017256031783849553
rnn-mae-0.0001-s42,rnn,base,42,mae,0.0001,4,0.09134205654263497,0.059342671406489834,0.014030074584297836,0.005658025921460379
rnn-mae-0.0001-s42,rnn,base,42,mae,0.0001,5,0.06434058342128993,0.05422899954848819,0.007712835754500702,0.004840531332970218
rnn-mae-0.0001-s42,rnn,base,42,mae,0.0001,6,0.05111098363995552,0.04348322213799865,0.004715989070245996,0.0030779946138392443
rnn-mae-0.0001-s42,rnn,base,42,mae,0.0001,7,0.04290113393217325,0.04188169372026567,0.003667349007446319,0.0028679091979197605
rnn-mae-0.0001-s42,rnn,base,42,mae,0.0001,8,0.035368280671536925,0.042017270721219205,0.0024551469716243444,0.002846354174565662
rnn-mae-0.0001-s42,rnn,base,42,mae,0.0001,9,0.030419345200061797,0.03925542432676863,0.002025317557854578,0.002422824828385341
rnn-mae-0.0001-s42,rnn,base,42,mae,0.0001,10,0.02779172044247389,0.030943050863290276,0.0016741605155402794,0.001579416459814335
rnn-mae-0.0001-s42,rnn,base,42,mae,0.0001,11,0.02664971221238375,0.034599853155237656,0.0014518570795189589,0.0018973254025223907
rnn-mae-0.0001-s42,rnn,base,42,mae,0.0001,12,0.02357947239652276,0.038483693464486685,0.0011952287110034376,0.0022394495817867144
rnn-mae-0.0001-s42,rnn,base,42,mae,0.0001,13,0.021457786578685044,0.037108739424082965,0.0010168115462874995,0.002069599762196756
rnn-mae-0.0001-s42,rnn,base,42,mae,0.0001,14,0.02127686096355319,0.02695852058629195,0.0009251401279470883,0.0011777016090625829
rnn-mae-0.0001-s42,rnn,base,42,mae,0.0001,15,0.024561495706439018,0.027427594391284164,0.0010680409090127797,0.0012079944366295994
rnn-mae-0.0001-s42,rnn,base,42,mae,0.0001,16,0.03163910135626793,0.0445024763820348,0.0015112909197341651,0.002783214652703868
rnn-mae-0.0001-s42,rnn,base,42,mae,0.0001,17,0.024624762125313282,0.028066397727363638,0.001101056535844691,0.0011991879869364546
rnn-mae-0.0001-s42,rnn,base,42,mae,0.0001,18,0.021567809395492077,0.02495925059473073,0.0008228856007917784,0.0009848238908927197
rnn-mae-0.0001-s42,rnn,base,42,mae,0.0001,19,0.024719965644180775,0.03285317531338444,0.0010189251101110131,0.0016256795006079805
rnn-mae-0.0001-s42,rnn,base,42,mae,0.0001,20,0.020314502250403165,0.043209470063447955,0.0007847387387300842,0.002607598784379661
rnn-mae-0.0001-s42,rnn,base,42,mae,0.0001,21,0.028081431239843368,0.02561229005869892,0.0012651821598410606,0.0009838950837513915
rnn-mae-0.0001-s42,rnn,base,42,mae,0.0001,22,0.020302248932421208,0.025590141793643988,0.000707851629704237,0.0010119924093251703
rnn-mae-0.0001-s42,rnn,base,42,mae,0.0001,23,0.025063089840114117,0.03811412616460411,0.0009921697637764737,0.0020757384167087297
rnn-mae-0.0001-s42,rnn,base,42,mae,0.0001,24,0.020053641684353352,0.03250014966836682,0.000747465058520902,0.0015281678082559396
rnn-mae-0.0001-s42,rnn,base,42,mae,0.0001,25,0.022012817300856115,0.02377889312941719,0.0007876394607592374,0.0008653233589871821
rnn-mae-0.0001-s42,rnn,base,42,mae,0.0001,26,0.019408324919641017,0.02612908944763519,0.0006613183722947724,0.0010428116766787651
rnn-mae-0.0001-s42,rnn,base,42,mae,0.0001,27,0.022154911048710348,0.03783427529312946,0.0008126307075144723,0.0020170944061613195
rnn-mae-0.0001-s42,rnn,base,42,mae,0.0001,28,0.020570527017116546,0.02800677152419532,0.0007714828330790624,0.0011466989875771106
rnn-mae-0.0001-s42,rnn,base,42,mae,0.0001,29,0.019626453518867493,0.02346895114277248,0.0006520022550830617,0.000839457549348784
rnn-mae-0.0001-s42,rnn,base,42,mae,0.0001,30,0.023207524232566355,0.03256552202834023,0.0008539845308405347,0.001557831291143817
rnn-mae-0.0001-s43,rnn,base,43,mae,0.0001,1,0.08991181384772062,0.10247094774687732,0.016115274868207054,0.01770038216943956
rnn-mae-0.0001-s43,rnn,base,43,mae,0.0001,2,0.09028593823313713,0.06302540727235653,0.014706472784746438,0.007814787356700334
rnn-mae-0.0001-s43,rnn,base,43,mae,0.0001,3,0.06477707736194134,0.053183757927682665,0.0067842150281649085,0.004933489294274261
rnn-mae-0.0001-s43,rnn,base,43,mae,0.0001,4,0.044422279298305514,0.040047852446635564,0.003892396064475179,0.0033039887784980237
rnn-mae-0.0001-s43,rnn,base,43,mae,0.0001,5,0.038722751662135124,0.03430121587934317,0.002812861534766853,0.0024048010801413543
rnn-mae-0.0001-s43,rnn,base,43,mae,0.0001,6,0.030649691075086593,0.030825219896656497,0.0019716024107765406,0.0018263299457935824
rnn-mae-0.0001-s43,rnn,base,43,mae,0.0001,7,0.029121736995875835,0.02909690723926933,0.001576219085836783,0.0016346835923657097
rnn-mae-0.0001-s43,rnn,base,43,mae,0.0001,8,0.024831995368003845,0.02780263752297119,0.001270959194516763,0.0014124258667127126
rnn-mae-0.0001-s43,rnn,base,43,mae,0.0001,9,0.022395162284374236,0.026806185008199125,0.0010049500415334478,0.0012783794957040636
rnn-mae-0.0001-s43,rnn,base,43,mae,0.0001,10,0.02150883385911584,0.025831659055418437,0.0008932468481361866,0.0011639650001328576
rnn-mae-0.0001-s43,rnn,base,43,mae,0.0001,11,0.02010772507637739,0.024991994737475008,0.0008253954962128774,0.0010454267569541655
rnn-mae-0.0001-s43,rnn,base,43,mae,0.0001,12,0.01959579875692725,0.023377570358139498,0.000769489980302751,0.0009105777613715165
rnn-mae-0.0001-s43,rnn,base,43,mae,0.0001,13,0.019079502020031214,0.027609561411318956,0.0007024831313174218,0.0012473886224648192
rnn-mae-0.0001-s43,rnn,base,43,mae,0.0001,14,0.021892810147255658,0.024946839224409174,0.0007732895464869216,0.0010514392396780076
rnn-mae-0.0001-s43,rnn,base,43,mae,0.0001,15,0.022360054031014442,0.024663966397444406,0.0008317427767906338,0.0009741493931936997
rnn-mae-0.0001-s43,rnn,base,43,mae,0.0001,16,0.023058006539940834,0.025658181696026412,0.0009168390970444307,0.0010036761156731733
rnn-mae-0.0001-s43,rnn,base,43,mae,0.0001,17,0.029137571714818476,0.027636356237861846,0.0013410708110313863,0.0012930428466966582
rnn-mae-0.0001-s43,rnn,base,43,mae,0.0001,18,0.02057225611060858,0.027652932330965996,0.0006951534160180017,0.0012758609834472062
rnn-mae-0.0001-s43,rnn,base,43,mae,0.0001,19,0.02299814810976386,0.023491744310767563,0.0008520086499629542,0.0009321959482298957
rnn-mae-0.0001-s43,rnn,base,43,mae,0.0001,20,0.01978037040680647,0.024504149718968957,0.0007173382356995717,0.000934559641474927
rnn-mae-0.0001-s43,rnn,base,43,mae,0.0001,21,0.023517419956624507,0.025230553125341733,0.0009224857174558565,0.0011026778215266488
rnn-mae-0.0001-s43,rnn,base,43,mae,0.0001,22,0.019142625387758017,0.0269370443429108,0.0006144005921669305,0.0011922644610792674
rnn-mae-0.0001-s43,rnn,base,43,mae,0.0001,23,0.022535004746168853,0.024629734649702355,0.0008199383417377248,0.0009730783342901204
rnn-mae-0.0001-s43,rnn,base,43,mae,0.0001,24,0.019727226346731186,0.02333744223471041,0.0007082055162754841,0.0008496112358342442
rnn-mae-0.0001-s43,rnn,base,43,mae,0.0001,25,0.02299263486638665,0.026046643212989523,0.0008818508620606735,0.0011346215360659969
rnn-mae-0.0001-s43,rnn,base,43,mae,0.0001,26,0.01947173224762082,0.023488401883730182,0.0006189133069710806,0.0009281573692095224
rnn-mae-0.0001-s43,rnn,base,43,mae,0.0001,27,0.020963470079004766,0.02344858447710673,0.0007393617474008351,0.0008834525140830212
rnn-mae-0.0001-s43,rnn,base,43,mae,0.0001,28,0.020127558894455434,0.021552233977450264,0.0006982691964367404,0.0007472255948448071
rnn-mae-0.0001-s43,rnn,base,43,mae,0.0001,29,0.01875238586217165,0.02641763750601698,0.000648435260518454,0.0011894280638511257
rnn-mae-0.0001-s43,rnn,base,43,mae,0.0001,30,0.01920469943434,0.02240177112872954,0.0005984422954497859,0.0009054628644931923
rnn-mae-0.0001-s44,rnn,base,44,mae,0.0001,1,0.08486923575401306,0.118648369996636,0.01155384376179427,0.02213956828194636
rnn-mae-0.0001-s44,rnn,base,44,mae,0.0001,2,0.07111280895769596,0.07971517324999526,0.009956126916222274,0.013341957534214965
rnn-mae-0.0001-s44,rnn,base,44,mae,0.0001,3,0.055371873639523984,0.0981820814035557,0.006132648035418242,0.015689566013989624
rnn-mae-0.0001-s44,rnn,base,44,mae,0.0001,4,0.05569884069263935,0.06973149332183379,0.006313779170159251,0.0099640013632813
rnn-mae-0.0001-s44,rnn,base,44,mae,0.0001,5,0.04598094392567873,0.07676947403837134,0.004366238112561404,0.010224285007764896
rnn-mae-0.0001-s44,rnn,base,44,mae,0.0001,6,0.044029766134917735,0.06579837575554848,0.00409638108103536,0.008006442227849254
rnn-mae-0.0001-s44,rnn,base,44,mae,0.0001,7,0.03803572431206703,0.05978438332676887,0.0030513478966895493,0.0068279434038602095
rnn-mae-0.0001-s44,rnn,base,44,mae,0.0001,8,0.03762032985687256,0.05812588979800542,0.002866669330978766,0.006311961140966525
rnn-mae-0.0001-s44,rnn,base,44,mae,0.0001,9,0.03621413316577673,0.05799615350034502,0.0026140038447920234,0.006004957320099627
rnn-mae-0.0001-s44,rnn,base,44,mae,0.0001,10,0.03289494961500168,0.05933738770308318,0.002217518596444279,0.005813329239134435
rnn-mae-0.0001-s44,rnn,base,44,mae,0.0001,11,0.03375559076666832,0.04780322096689984,0.0020742232125485318,0.004264340120264226
rnn-mae-0.0001-s44,rnn,base,44,mae,0.0001,12,0.028531692922115326,0.04856307467928639,0.0014981156709836796,0.004248966157212163
rnn-mae-0.0001-s44,rnn,base,44,mae,0.0001,13,0.03907016254961491,0.04628920734480575,0.0022930126753635703,0.004017246335192963
rnn-mae-0.0001-s44,rnn,base,44,mae,0.0001,14,0.038023391552269456,0.054946483257744046,0.002201898238854483,0.00459498330709283
rnn-mae-0.0001-s44,rnn,base,44,mae,0.0001,15,0.028977684304118158,0.043285539691095,0.0014114337769569828,0.0031244353667177534
rnn-mae-0.0001-s44,rnn,base,44,mae,0.0001,16,0.025153004191815855,0.03776232517427868,0.0010857122775632887,0.0026541708438243303
rnn-mae-0.0001-s44,rnn,base,44,mae,0.0001,17,0.022716391645371915,0.03786412360215628,0.0009845372376730665,0.0026761995085204642
rnn-mae-0.0001-s44,rnn,base,44,mae,0.0001,18,0.02594835814088583,0.039704170740313,0.0011729169025784358,0.002799114704787455
rnn-mae-0.0001-s44,rnn,base,44,mae,0.0001,19,0.025931736640632152,0.05113920737747793,0.0011417667847126722,0.003669893372527979
rnn-mae-0.0001-s44,rnn,base,44,mae,0.0001,20,0.029925078339874744,0.039141076416881,0.0013483345188433304,0.002378042169881088
rnn-mae-0.0001-s44,rnn,base,44,mae,0.0001,21,0.028151218220591544,0.0330506176446323,0.001267197635024786,0.002157788906737955
rnn-mae-0.0001-s44,rnn,base,44,mae,0.0001,22,0.023073200322687625,0.035864644000927606,0.0009442611481063068,0.002394462150901004
rnn-mae-0.0001-s44,rnn,base,44,mae,0.0001,23,0.02839999683201313,0.04761100510756175,0.0012448727386072278,0.0034054418853311625
rnn-mae-0.0001-s44,rnn,base,44,mae,0.0001,24,0.024626474361866713,0.04926391682691044,0.0009978025977034123,0.0033871308814182326
rnn-mae-0.0001-s44,rnn,base,44,mae,0.0001,25,0.02667301017791033,0.03404423619310061,0.0010961419146042317,0.0020012287918857678
rnn-mae-0.0001-s44,rnn,base,44,mae,0.0001,26,0.021156782004982232,0.03277322819663419,0.0007817171514034271,0.0021041792114610196
rnn-mae-0.0001-s44,rnn,base,44,mae,0.0001,27,0.023940395191311838,0.03560303949095585,0.0009650936699472368,0.002282758426197149
rnn-mae-0.0001-s44,rnn,base,44,mae,0.0001,28,0.02492053620517254,0.046980197065406376,0.0009849060646956787,0.0032249493231238037
rnn-mae-0.0001-s44,rnn,base,44,mae,0.0001,29,0.023526537977159024,0.04313718657250758,0.0008717280958080664,0.0027163850367759113
rnn-mae-0.0001-s44,rnn,base,44,mae,0.0001,30,0.02336931424215436,0.03238658663575296,0.0008808184007648379,0.0018653946678602585
rnn-mae-0.001-s42,rnn,base,42,mae,0.001,1,0.23019496649503707,0.10637545552518633,0.09870200902223587,0.014639269753738686
rnn-mae-0.001-s42,rnn,base,42,mae,0.001,2,0.09973261803388596,0.04352215074554638,0.013987586228176951,0.0028897683442294323
rnn-mae-0.001-s42,rnn,base,42,mae,0.001,3,0.05823492761701345,0.05851891813454805,0.006112292653415352,0.0057434729895451
rnn-mae-0.001-s42,rnn,base,42,mae,0.001,4,0.0636844528838992,0.03696831735195937,0.006078887498006225,0.0019831229919671186
rnn-mae-0.001-s42,rnn,base,42,mae,0.001,5,0.04214797466993332,0.042153384232962575,0.0025702035811264066,0.002979301080038702
rnn-mae-0.001-s42,rnn,base,42,mae,0.001,6,0.04353303480893374,0.031044722238072642,0.002811783237848431,0.0016166328377073148
rnn-mae-0.001-s42,rnn,base,42,mae,0.001,7,0.03918973002582789,0.03916922867022179,0.00219670360093005,0.0021983792020128694
rnn-mae-0.001-s42,rnn,base,42,mae,0.001,8,0.03553492426872253,0.027267200789517828,0.0020141382279689423,0.0011179232782322086
rnn-mae-0.001-s42,rnn,base,42,mae,0.001,9,0.029827857576310634,0.025689365818268722,0.0012825993646401912,0.0011755065378599317
rnn-mae-0.001-s42,rnn,base,42,mae,0.001,10,0.027381935529410838,0.03114892979738889,0.0012333378224866464,0.0015344418048496462
rnn-mae-0.001-s42,rnn,base,42,mae,0.001,11,0.030678366124629975,0.020358927554830358,0.0013819600106216967,0.0006746488885255531
rnn-mae-0.001-s42,rnn,base,42,mae,0.001,12,0.030024314858019353,0.04051149407470668,0.0012261373107321561,0.002101236942258698
rnn-mae-0.001-s42,rnn,base,42,mae,0.001,13,0.03236815873533487,0.020935073184470337,0.0015928605527733453,0.0007568517675584492
rnn-mae-0.001-s42,rnn,base,42,mae,0.001,14,0.02968227453529835,0.04360278557848047,0.0012239282252267003,0.00260298592167803
rnn-mae-0.001-s42,rnn,base,42,mae,0.001,15,0.04493259191513062,0.030939940749495118,0.0028343892743578182,0.001407323852698836
rnn-mae-0.001-s42,rnn,base,42,mae,0.001,16,0.02641114518046379,0.031927261308387474,0.0010959644307149575,0.0014133152842987328
rnn-mae-0.001-s42,rnn,base,42,mae,0.001,17,0.036430359445512296,0.022790270643653694,0.00197891314746812,0.0009532505991282287
rnn-mae-0.001-s42,rnn,base,42,mae,0.001,18,0.022767923027276992,0.02396075175040298,0.0008352300763363018,0.0009289572319378041
rnn-mae-0.001-s42,rnn,base,42,mae,0.001,19,0.028369340300559997,0.023311805269784398,0.0012138292600866406,0.0008300921181216836
rnn-mae-0.001-s42,rnn,base,42,mae,0.001,20,0.020753471460193396,0.02210333021012721,0.0007140338799217716,0.0007295316426919912
rnn-mae-0.001-s42,rnn,base,42,mae,0.001,21,0.026455245353281497,0.02155337079807564,0.0010477530537173151,0.0007804229756368807
rnn-mae-0.001-s42,rnn,base,42,mae,0.001,22,0.021178330667316912,0.020485677514915115,0.0007178021420259029,0.0006811853793570427
rnn-mae-0.001-s42,rnn,base,42,mae,0.001,23,0.023789222165942193,0.022182989355038714,0.0009369814295496326,0.0007664184465452477
rnn-mae-0.001-s42,rnn,base,42,mae,0.001,24,0.02255871081724763,0.018925296273772364,0.0007929095620056615,0.0005733194538926774
rnn-mae-0.001-s42,rnn,base,42,mae,0.001,25,0.02605648562312126,0.022173861800520507,0.001039889383537229,0.0007787346684684356
rnn-mae-0.001-s42,rnn,base,42,mae,0.001,26,0.02043460439890623,0.01658792559195448,0.0007028817111859098,0.0004753171079317798
rnn-mae-0.001-s42,rnn,base,42,mae,0.001,27,0.019049225375056267,0.028534781587896525,0.0006248076140764169,0.0010876237388907208
rnn-mae-0.001-s42,rnn,base,42,mae,0.001,28,0.024132630974054336,0.018876935072519162,0.0008928445953642949,0.0006782224529026145
rnn-mae-0.001-s42,rnn,base,42,mae,0.001,29,0.019709141086786987,0.02219331301058884,0.0006429142493288964,0.0007590576250718355
rnn-mae-0.001-s42,rnn,base,42,mae,0.001,30,0.022374587133526802,0.019534294610774074,0.000840932883147616,0.0006074916886131245
rnn-mae-0.001-s43,rnn,base,43,mae,0.001,1,0.09226947240531444,0.045647435193812404,0.011455569835379719,0.003470699329584561
rnn-mae-0.001-s43,rnn,base,43,mae,0.001,2,0.07558609247207641,0.05662345174286101,0.009188394364900886,0.0045907622254971
rnn-mae-0.001-s43,rnn,base,43,mae,0.001,3,0.05043617375195027,0.06429958856768078,0.0039225822314620015,0.005485151590848411
rnn-mae-0.001-s43,rnn,base,43,mae,0.001,4,0.06920853359624743,0.06421471315401572,0.006974183712736703,0.005642120022740629
rnn-mae-0.001-s43,rnn,base,43,mae,0.001,5,0.06928460448980331,0.04953129679240562,0.006180809997022152,0.004071766501551287
rnn-mae-0.001-s43,rnn,base,43,mae,0.001,6,0.07120046764612198,0.035992888030078676,0.007549433686654084,0.002079304644872469
rnn-mae-0.001-s43,rnn,base,43,mae,0.001,7,0.028828703425824644,0.029686393285239185,0.0015041948499856517,0.0012673985937403309
rnn-mae-0.001-s43,rnn,base,43,mae,0.001,8,0.028839794173836707,0.026724112709915197,0.0013135913875885307,0.001100276405836835
rnn-mae-0.001-s43,rnn,base,43,mae,0.001,9,0.03134344276040792,0.03767516815827952,0.0015166926081292332,0.0020876667712366693
rnn-mae-0.001-s43,rnn,base,43,mae,0.001,10,0.02673903852701187,0.022518633168052745,0.0011359817872289568,0.000770445958133442
rnn-mae-0.001-s43,rnn,base,43,mae,0.001,11,0.02568452078849077,0.030217233479574876,0.0009948309598257765,0.0013939403626998818
rnn-mae-0.001-s43,rnn,base,43,mae,0.001,12,0.029438910819590092,0.02017136173391784,0.0013510003627743572,0.00064190313181219
rnn-mae-0.001-s43,rnn,base,43,mae,0.001,13,0.027242251206189394,0.036497320759075656,0.0011905394989298657,0.001993626207371967
rnn-mae-0.001-s43,rnn,base,43,mae,0.001,14,0.02647842187434435,0.019360948636851928,0.0010444316372741013,0.0006365982472844836
rnn-mae-0.001-s43,rnn,base,43,mae,0.001,15,0.024011687934398653,0.03496211571273981,0.0008680507045937702,0.0017528845195624013
rnn-mae-0.001-s43,rnn,base,43,mae,0.001,16,0.030548743158578872,0.01541317548878767,0.0014389490475878119,0.00043395916323384477
rnn-mae-0.001-s43,rnn,base,43,mae,0.001,17,0.02050354527309537,0.034863569435698016,0.0007401220878819004,0.0018291621693168525
rnn-mae-0.001-s43,rnn,base,43,mae,0.001,18,0.024545184057205915,0.01662933516005675,0.0009785039583221078,0.0005396285641903955
rnn-mae-0.001-s43,rnn,base,43,mae,0.001,19,0.017738296836614608,0.02362763390496925,0.0005418041342636571,0.0008585467982036923
rnn-mae-0.001-s43,rnn,base,43,mae,0.001,20,0.021090340428054334,0.017293118782065534,0.0007759188592899591,0.0005132740749373894
rnn-mae-0.001-s43,rnn,base,43,mae,0.001,21,0.018879858870059253,0.025651176742933414,0.0006650267474469729,0.001088468265435141
rnn-mae-0.001-s43,rnn,base,43,mae,0.001,22,0.020148440822958948,0.0180156197881809,0.0006423071172321215,0.0005410614380337022
rnn-mae-0.001-s43,rnn,base,43,mae,0.001,23,0.018837409652769567,0.02499090767017117,0.0005982975446386263,0.001001461594434524
rnn-mae-0.001-s43,rnn,base,43,mae,0.001,24,0.022028742358088493,0.016262702091976448,0.0008276420965557918,0.00047540539397030243
rnn-mae-0.001-s43,rnn,base,43,mae,0.001,25,0.018245422467589378,0.023352894883740833,0.00061341119435383,0.0009087175467155045
rnn-mae-0.001-s43,rnn,base,43,mae,0.001,26,0.019776492845267057,0.01681023927198516,0.0006141432997537777,0.0004974304349161685
rnn-mae-0.001-s43,rnn,base,43,mae,0.001,27,0.01643864717334509,0.021160142841162504,0.0004891540491371415,0.0007854189848768766
rnn-mae-0.001-s43,rnn,base,43,mae,0.001,28,0.019898743275552987,0.016644819191208592,0.0006985562038607895,0.0004940337682556774
rnn-mae-0.001-s43,rnn,base,43,mae,0.001,29,0.01636261781677604,0.01919395209600528,0.0005263150116661564,0.0006971729166926472
rnn-mae-0.001-s43,rnn,base,43,mae,0.001,30,0.01751515977084637,0.02080189090360094,0.0005346809848560952,0.0006894348131027073
rnn-mae-0.001-s44,rnn,base,44,mae,0.001,1,0.25343559086322787,0.11522186461974074,0.08850581127917394,0.021746953404336064
rnn-mae-0.001-s44,rnn,base,44,mae,0.001,2,0.16408452317118644,0.16869826725235693,0.03613693807274103,0.033693360288937886
rnn-mae-0.001-s44,rnn,base,44,mae,0.001,3,0.10850616246461868,0.061284118863167585,0.01790453544817865,0.005958577521421291
rnn-mae-0.001-s44,rnn,base,44,mae,0.001,4,0.08446909449994564,0.04815455327431361,0.011344561929581687,0.003710121096594742
rnn-mae-0.001-s44,rnn,base,44,mae,0.001,5,0.04820622950792312,0.05515519297785229,0.003855072380974889,0.0041782109998166565
rnn-mae-0.001-s44,rnn,base,44,mae,0.001,6,0.04239890594035387,0.06453850434886085,0.002816994511522353,0.0056784510474514075
rnn-mae-0.001-s44,rnn,base,44,mae,0.001,7,0.05549712497740984,0.0317030671156115,0.004904444946441799,0.0014958435109023143
rnn-mae-0.001-s44,rnn,base,44,mae,0.001,8,0.0462287163361907,0.04353436459269788,0.0031616249703802168,0.002719663315521622
rnn-mae-0.001-s44,rnn,base,44,mae,0.001,9,0.03957768343389034,0.037790358204532554,0.0024277374788653104,0.0021996165841334948
rnn-mae-0.001-s44,rnn,base,44,mae,0.001,10,0.03501469325274229,0.05068106430548209,0.0019218009081669151,0.0032748993434425855
rnn-mae-0.001-s44,rnn,base,44,mae,0.001,11,0.04136122521013021,0.023510133143928316,0.00231115254573524,0.0008852432561710614
rnn-mae-0.001-s44,rnn,base,44,mae,0.001,12,0.034725801460444926,0.033228253462800277,0.0018337098343181423,0.0015573117834584856
rnn-mae-0.001-s44,rnn,base,44,mae,0.001,13,0.033807017281651495,0.02812612190566681,0.001695581478998065,0.0013671831865967423
rnn-mae-0.001-s44,rnn,base,44,mae,0.001,14,0.027914550341665744,0.04294371229630929,0.001219744360423647,0.0024284697301616824
rnn-mae-0.001-s44,rnn,base,44,mae,0.001,15,0.03520055245608091,0.028609245367072246,0.0018512094742618502,0.0014489996824758472
rnn-mae-0.001-s44,rnn,base,44,mae,0.001,16,0.024937951378524302,0.024959168293409877,0.0010085943707963453,0.0009942600247019005
rnn-mae-0.001-s44,rnn,base,44,mae,0.001,17,0.02202134383842349,0.023060606751177045,0.0008523603726644069,0.0009272189246042183
rnn-mae-0.001-s44,rnn,base,44,mae,0.001,18,0.020141099020838736,0.0278701210739436,0.0006812030915170908,0.0011180432379694172
rnn-mae-0.001-s44,rnn,base,44,mae,0.001,19,0.028165600914508104,0.029720020984058026,0.0011624156788457185,0.0013389166604072132
rnn-mae-0.001-s44,rnn,base,44,mae,0.001,20,0.021259318199008705,0.024066438043007145,0.0007907291495939716,0.0008921268889766739
rnn-mae-0.001-s44,rnn,base,44,mae,0.001,21,0.024437516182661056,0.023240398988127707,0.0010047199728433042,0.0009114549598760075
rnn-mae-0.001-s44,rnn,base,44,mae,0.001,22,0.019898477103561164,0.02532753145529164,0.0006467074272222817,0.0009821091138292105
rnn-mae-0.001-s44,rnn,base,44,mae,0.001,23,0.024343493208289147,0.02672306439942784,0.0009385615034261718,0.0011306009587348886
rnn-mae-0.001-s44,rnn,base,44,mae,0.001,24,0.01932865483686328,0.022196784387860033,0.0007054402871290222,0.000767422964822294
rnn-mae-0.001-s44,rnn,base,44,mae,0.001,25,0.021858865581452846,0.024050164029554084,0.000806160713545978,0.0009544094567428584
rnn-mae-0.001-s44,rnn,base,44,mae,0.001,26,0.020665380265563728,0.02454122044146061,0.0006755248774425127,0.0009243080338583914
rnn-mae-0.001-s44,rnn,base,44,mae,0.001,27,0.02497382266446948,0.028378209195755146,0.0009601241064956412,0.001222130606658067
rnn-mae-0.001-s44,rnn,base,44,mae,0.001,28,0.022431843169033527,0.019454021089606813,0.00085632597329095,0.0005980921303422225
rnn-mae-0.001-s44,rnn,base,44,mae,0.001,29,0.019201687630265953,0.02546809546097561,0.0006390318361809477,0.0009845871943980455
rnn-mae-0.001-s44,rnn,base,44,mae,0.001,30,0.02077007070183754,0.023927356827038306,0.0006781768432119861,0.0010824639091475143
rnn-huber-0.0001-s42,rnn,base,42,huber,0.0001,1,0.4105431616306305,0.1684151776410915,0.2302151970565319,0.03897751420736313
rnn-huber-0.0001-s42,rnn,base,42,huber,0.0001,2,0.1685802772641182,0.11918944779921462,0.04053460373543203,0.024601611523475085
rnn-huber-0.0001-s42,rnn,base,42,huber,0.0001,3,0.14478541538119316,0.10358562179737621,0.031081466027535497,0.017460013760460746
rnn-huber-0.0001-s42,rnn,base,42,huber,0.0001,4,0.0917818196117878,0.05983156263828278,0.014131058985367418,0.0057126586144376134
rnn-huber-0.0001-s42,rnn,base,42,huber,0.0001,5,0.06525057516992092,0.05291666548561167,0.007872515637427569,0.004679873735747403
rnn-huber-0.0001-s42,rnn,base,42,huber,0.0001,6,0.05109166167676449,0.04474680403040515,0.004715748882154003,0.003241541114618519
rnn-huber-0.0001-s42,rnn,base,42,huber,0.0001,7,0.04243442239239812,0.04217595528397295,0.0036132473178440705,0.002915892055844543
rnn-huber-0.0001-s42,rnn,base,42,huber,0.0001,8,0.03534376285970211,0.040588062311764116,0.002474295371212065,0.002680915146548715
rnn-huber-0.0001-s42,rnn,base,42,huber,0.0001,9,0.03017882164567709,0.0403502912984954,0.0020096520165679976,0.0025313702317092705
rnn-huber-0.0001-s42,rnn,base,42,huber,0.0001,10,0.02766903406009078,0.03170776675558752,0.0016713429882656782,0.0016439857849575303
rnn-huber-0.0001-s42,rnn,base,42,huber,0.0001,11,0.026310293283313513,0.03452179760292724,0.0014230167027562857,0.00188556425359652
rnn-huber-0.0001-s42,rnn,base,42,huber,0.0001,12,0.023608546424657106,0.03805104254020585,0.0012055384999257513,0.0021947720553725956
rnn-huber-0.0001-s42,rnn,base,42,huber,0.0001,13,0.021257560700178146,0.036204473412147276,0.0010105093417223543,0.001978670515085536
rnn-huber-0.0001-s42,rnn,base,42,huber,0.0001,14,0.020436161756515504,0.0277456471213588,0.0008904183530830778,0.0012389696796028013
rnn-huber-0.0001-s42,rnn,base,42,huber,0.0001,15,0.02195947291329503,0.02731081828199051,0.0009330462853540666,0.0011978607118146977
rnn-huber-0.0001-s42,rnn,base,42,huber,0.0001,16,0.025857851654291154,0.040928326436766874,0.001138324529165402,0.0024081819613153738
rnn-huber-0.0001-s42,rnn,base,42,huber,0.0001,17,0.02167868008837104,0.03794080467411765,0.0009095119617995806,0.0020935799741117213
rnn-huber-0.0001-s42,rnn,base,42,huber,0.0001,18,0.024365267623215912,0.025156888779666688,0.0009968965052394197,0.000992038995954553
rnn-huber-0.0001-s42,rnn,base,42,huber,0.0001,19,0.02334406226873398,0.028466084889239737,0.0009253264506696723,0.0012511588301061204
rnn-huber-0.0001-s42,rnn,base,42,huber,0.0001,20,0.026438339613378048,0.042139894349707496,0.0010995836200891063,0.0024826621058983383
rnn-huber-0.0001-s42,rnn,base,42,huber,0.0001,21,0.023414833564311267,0.028096433728933334,0.0009735718558658846,0.0011671648700333512
rnn-huber-0.0001-s42,rnn,base,42,huber,0.0001,22,0.02049163691699505,0.024320624416901006,0.0007166896713897586,0.0009124734774188794
rnn-huber-0.0001-s42,rnn,base,42,huber,0.0001,23,0.023595926351845264,0.03172367023373092,0.0008996420365292579,0.0015040810892565384
rnn-huber-0.0001-s42,rnn,base,42,huber,0.0001,24,0.01947659719735384,0.04145656995199345,0.0006954876036616043,0.0023975509606922667
rnn-huber-0.0001-s42,rnn,base,42,huber,0.0001,25,0.02578966924920678,0.025310874550982757,0.0010931612137937917,0.000953627250769555
rnn-huber-0.0001-s42,rnn,base,42,huber,0.0001,26,0.020052820816636084,0.024387927380976854,0.0006560447232914157,0.0009107757589340003
rnn-huber-0.0001-s42,rnn,base,42,huber,0.0001,27,0.024409028328955175,0.03528226056584605,0.000921840441878885,0.001795777297337298
rnn-huber-0.0001-s42,rnn,base,42,huber,0.0001,28,0.018128884583711626,0.034381184492398194,0.0006235480497707613,0.0016895385342650115
rnn-huber-0.0001-s42,rnn,base,42,huber,0.0001,29,0.023325502313673495,0.023038918449095003,0.0008580658031860366,0.0008117051943338959
rnn-huber-0.0001-s42,rnn,base,42,huber,0.0001,30,0.01923185158520937,0.025045230460387688,0.000620819887262769,0.0009558759123104176
rnn-huber-0.0001-s43,rnn,base,43,huber,0.0001,1,0.08976792730391026,0.10238840624138161,0.01613420289941132,0.017695328513919202
rnn-huber-0.0001-s43,rnn,base,43,huber,0.0001,2,0.08999588899314404,0.06320213134642001,0.014600820012856276,0.007777556651099413
rnn-huber-0.0001-s43,rnn,base,43,huber,0.0001,3,0.06537085063755513,0.05324043195556711,0.006826408248161897,0.004882601014752355
rnn-huber-0.0001-s43,rnn,base,43,huber,0.0001,4,0.0437478369101882,0.03968015684297791,0.0037988933792803435,0.003264260783153414
rnn-huber-0.0001-s43,rnn,base,43,huber,0.0001,5,0.037367780786007644,0.03369373197632807,0.0026914416346699,0.0023258968812620473
rnn-huber-0.0001-s43,rnn,base,43,huber,0.0001,6,0.030098306015133858,0.03036390113885756,0.0019043368665734306,0.0017665050022683485
rnn-huber-0.0001-s43,rnn,base,43,huber,0.0001,7,0.02827691286802292,0.02872669224937757,0.0014977942511904985,0.0015923264884838352
rnn-huber-0.0001-s43,rnn,base,43,huber,0.0001,8,0.024806361831724643,0.027585502258605427,0.0012430927366949619,0.0013878631120961573
rnn-huber-0.0001-s43,rnn,base,43,huber,0.0001,9,0.02191100725904107,0.02661012751912629,0.0009557040873914957,0.0012635623786115535
rnn-huber-0.0001-s43,rnn,base,43,huber,0.0001,10,0.020747565757483245,0.025474791201176468,0.0008405486732954159,0.0011154637969512907
rnn-huber-0.0001-s43,rnn,base,43,huber,0.0001,11,0.019374072179198266,0.024534389335248204,0.0007609838212374598,0.001003610323338459
rnn-huber-0.0001-s43,rnn,base,43,huber,0.0001,12,0.018630478531122208,0.023439726095508647,0.0007112454564776272,0.0009214398261435606
rnn-huber-0.0001-s43,rnn,base,43,huber,0.0001,13,0.017681641131639482,0.024061000388529565,0.0006423625454772264,0.0010040576755138183
rnn-huber-0.0001-s43,rnn,base,43,huber,0.0001,14,0.017816231306642293,0.029062324707154873,0.0006031337572494522,0.001383438493401088
rnn-huber-0.0001-s43,rnn,base,43,huber,0.0001,15,0.02061716839671135,0.023875143834286267,0.0006937239639228209,0.0009553625481203198
rnn-huber-0.0001-s43,rnn,base,43,huber,0.0001,16,0.020336914341896772,0.026692642906197796,0.0007419686400680803,0.0011147187160397017
rnn-huber-0.0001-s43,rnn,base,43,huber,0.0001,17,0.02712834272533655,0.02348337358346692,0.0011614914576057345,0.0008444971573125157
rnn-huber-0.0001-s43,rnn,base,43,huber,0.0001,18,0.02467581434175372,0.026719117716506674,0.0009936511763953605,0.0012311609177332785
rnn-huber-0.0001-s43,rnn,base,43,huber,0.0001,19,0.020644774846732616,0.028790202253946552,0.0006918612780282274,0.00138422971919041
rnn-huber-0.0001-s43,rnn,base,43,huber,0.0001,20,0.023984515015035866,0.02357933579219712,0.0009088304417673498,0.0009330431059761732
rnn-huber-0.0001-s43,rnn,base,43,huber,0.0001,21,0.019521205127239226,0.025246184884949965,0.0007040723125101067,0.0009797566044316799
rnn-huber-0.0001-s43,rnn,base,43,huber,0.0001,22,0.024726252537220716,0.024108922288373663,0.000992287276312709,0.0009857876334097926
rnn-huber-0.0001-s43,rnn,base,43,huber,0.0001,23,0.01847927290946245,0.02947950393513397,0.0005910788255278021,0.0014208648151166185
rnn-huber-0.0001-s43,rnn,base,43,huber,0.0001,24,0.02283313274383545,0.022853569989954983,0.0008274668944068253,0.0009284489676011381
rnn-huber-0.0001-s43,rnn,base,43,huber,0.0001,25,0.018667460605502128,0.024796538689622172,0.0006442855476052501,0.0009549190712816737
rnn-huber-0.0001-s43,rnn,base,43,huber,0.0001,26,0.023292731773108245,0.022687767239080534,0.0008924214111175388,0.000860721425636223
rnn-huber-0.0001-s43,rnn,base,43,huber,0.0001,27,0.017897105868905784,0.02834414007763068,0.000572185410419479,0.0013206041586171422
rnn-huber-0.0001-s43,rnn,base,43,huber,0.0001,28,0.02103875521570444,0.02179313611101221,0.000700697026331909,0.0008598155260120553
rnn-huber-0.0001-s43,rnn,base,43,huber,0.0001,29,0.018044345173984767,0.024052866506907675,0.0005934666784014553,0.0009040496898470101
rnn-huber-0.0001-s43,rnn,base,43,huber,0.0001,30,0.02207597577944398,0.021697533792919582,0.000807828271354083,0.0007864447707241332
rnn-huber-0.0001-s44,rnn,base,44,huber,0.0001,1,0.08472853377461434,0.11860490617928682,0.011521903658285737,0.022109176066738588
rnn-huber-0.0001-s44,rnn,base,44,huber,0.0001,2,0.07071404121816158,0.0795364224386436,0.009870687103830277,0.013287707815740119
rnn-huber-0.0001-s44,rnn,base,44,huber,0.0001,3,0.05503401886671781,0.09734766588166908,0.006050108338240534,0.015460719568309961
rnn-huber-0.0001-s44,rnn,base,44,huber,0.0001,4,0.055359112843871114,0.06944012325946931,0.0062308916239999235,0.009871103367940694
rnn-huber-0.0001-s44,rnn,base,44,huber,0.0001,5,0.0454363252967596,0.07533714015174794,0.00427847346290946,0.009970797901904142
rnn-huber-0.0001-s44,rnn,base,44,huber,0.0001,6,0.04313435032963753,0.06705368144644631,0.003972011333098635,0.008170089046298354
rnn-huber-0.0001-s44,rnn,base,44,huber,0.0001,7,0.03773333374410868,0.059561865666398296,0.0030445535143371672,0.0068019332226227835
rnn-huber-0.0001-s44,rnn,base,44,huber,0.0001,8,0.036003402806818484,0.057053951698320886,0.0027015943196602166,0.006205907248443475
rnn-huber-0.0001-s44,rnn,base,44,huber,0.0001,9,0.038066992349922654,0.05824519779395174,0.0026940232783090323,0.006094303404636405
rnn-huber-0.0001-s44,rnn,base,44,huber,0.0001,10,0.03396695144474506,0.06183820871843232,0.002281106828013435,0.006214708417516064
rnn-huber-0.0001-s44,rnn,base,44,huber,0.0001,11,0.03480173666030169,0.04858161480062538,0.0021553648228291424,0.004391909516588958
rnn-huber-0.0001-s44,rnn,base,44,huber,0.0001,12,0.028591286577284335,0.04667170602414343,0.00149328030529432,0.004054469257782869
rnn-huber-0.0001-s44,rnn,base,44,huber,0.0001,13,0.03448551390320063,0.04508810465534528,0.0019337835896294565,0.0038370813950206395
rnn-huber-0.0001-s44,rnn,base,44,huber,0.0001,14,0.03672155439853668,0.055914615232635426,0.0020667753531597556,0.0046797698846569764
rnn-huber-0.0001-s44,rnn,base,44,huber,0.0001,15,0.03070906884968281,0.044299831876048336,0.0015413765038829296,0.003183899142055048
rnn-huber-0.0001-s44,rnn,base,44,huber,0.0001,16,0.02752095237374306,0.037514389071751524,0.0012336869025602938,0.0026450680793021564
rnn-huber-0.0001-s44,rnn,base,44,huber,0.0001,17,0.024246117658913137,0.03851215120542933,0.001110714627429843,0.0027625113380727946
rnn-huber-0.0001-s44,rnn,base,44,huber,0.0001,18,0.02986961267888546,0.046855591127166044,0.0014114260528003797,0.0034161213733669782
rnn-huber-0.0001-s44,rnn,base,44,huber,0.0001,19,0.024424163810908794,0.05120675486546976,0.0010249802755424753,0.003646802676289722
rnn-huber-0.0001-s44,rnn,base,44,huber,0.0001,20,0.02755196439102292,0.03543298761877749,0.0011916909599676729,0.0021716501059321066
rnn-huber-0.0001-s44,rnn,base,44,huber,0.0001,21,0.022909618634730577,0.033863284494037985,0.0008975856355391443,0.002259514992841071
rnn-huber-0.0001-s44,rnn,base,44,huber,0.0001,22,0.026396487094461917,0.03672394937387219,0.001146426470950246,0.0024534221997277606
rnn-huber-0.0001-s44,rnn,base,44,huber,0.0001,23,0.029227175004780292,0.051384774954230696,0.0013086392777040602,0.003701320883852464
rnn-huber-0.0001-s44,rnn,base,44,huber,0.0001,24,0.026599451899528503,0.0417320207313255,0.0010868437238968909,0.0025740605451304603
rnn-huber-0.0001-s44,rnn,base,44,huber,0.0001,25,0.024784803576767444,0.031840853903580595,0.0010070734657347201,0.0019120352627295587
rnn-huber-0.0001-s44,rnn,base,44,huber,0.0001,26,0.01986543061211705,0.033500757068395615,0.0007272558636032045,0.0021334640586886692
rnn-huber-0.0001-s44,rnn,base,44,huber,0.0001,27,0.02696978151798248,0.0430761286229999,0.0011155722837429493,0.0028581974338050243
rnn-huber-0.0001-s44,rnn,base,44,huber,0.0001,28,0.020832113921642303,0.046827936365648554,0.0007395051652565598,0.0030923984824093404
rnn-huber-0.0001-s44,rnn,base,44,huber,0.0001,29,0.023304686695337296,0.037051278821848055,0.0008496367780026048,0.002135023316885862
rnn-huber-0.0001-s44,rnn,base,44,huber,0.0001,30,0.022609999403357506,0.03133705128674154,0.0008340855041751638,0.0019222646363131288
rnn-huber-0.001-s42,rnn,base,42,huber,0.001,1,0.23016024827957154,0.1064623381252642,0.09869516002945602,0.014664348145877873
rnn-huber-0.001-s42,rnn,base,42,huber,0.001,2,0.09762120991945267,0.044612254271352736,0.013547750969883055,0.0030057848607948807
rnn-huber-0.001-s42,rnn,base,42,huber,0.001,3,0.051988301798701286,0.04799924221027781,0.005229884857544676,0.0038477368587606447
rnn-huber-0.001-s42,rnn,base,42,huber,0.001,4,0.0497977813705802,0.03609611847334438,0.003770210809307173,0.0018827308564343386
rnn-huber-0.001-s42,rnn,base,42,huber,0.001,5,0.02878526384010911,0.02818906369998499,0.0014801726734731346,0.0014115844237999732
rnn-huber-0.001-s42,rnn,base,42,huber,0.001,6,0.03514865860342979,0.045001359394303074,0.001729247742332518,0.00260329720115772
rnn-huber-0.001-s42,rnn,base,42,huber,0.001,7,0.0403580266982317,0.031984699572677966,0.002271675143856555,0.0015505644611376165
rnn-huber-0.001-s42,rnn,base,42,huber,0.001,8,0.04817988034337759,0.056634892606072955,0.0029041154659353195,0.004030541863499416
rnn-huber-0.001-s42,rnn,base,42,huber,0.001,9,0.04800774492323399,0.030935254886194512,0.0036125225276919084,0.0014442491089640599
rnn-huber-0.001-s42,rnn,base,42,huber,0.001,10,0.042985949851572516,0.02825969627334012,0.0027592855039983988,0.001181848417898571
rnn-huber-0.001-s42,rnn,base,42,huber,0.001,11,0.03358270917087793,0.023730261837718664,0.0016536234063096345,0.0008471143868518993
rnn-huber-0.001-s42,rnn,base,42,huber,0.001,12,0.029296877793967724,0.03920177356512458,0.0012689915340160951,0.0019991438421938157
rnn-huber-0.001-s42,rnn,base,42,huber,0.001,13,0.0385163314640522,0.02588048942938999,0.0023113199771614746,0.0011763524665083323
rnn-huber-0.001-s42,rnn,base,42,huber,0.001,14,0.039067565090954305,0.028408608475217114,0.002121695451205596,0.001195714538227077
rnn-huber-0.001-s42,rnn,base,42,huber,0.001,15,0.03091171234846115,0.02683226006726424,0.0014429030838073232,0.0010594408174424811
rnn-huber-0.001-s42,rnn,base,42,huber,0.001,16,0.026468581706285476,0.020645412057638167,0.0010659453779226168,0.0006696961995826483
rnn-huber-0.001-s42,rnn,base,42,huber,0.001,17,0.027895906195044517,0.024234644268397932,0.0011763612797949462,0.0009425875297488852
rnn-huber-0.001-s42,rnn,base,42,huber,0.001,18,0.024231577664613722,0.018422552163678187,0.0009289874549722299,0.0005598837016064121
rnn-huber-0.001-s42,rnn,base,42,huber,0.001,19,0.02110129352658987,0.02966885046550521,0.000770182503038086,0.001211803407770478
rnn-huber-0.001-s42,rnn,base,42,huber,0.001,20,0.026746927574276925,0.01759876168022553,0.0011052759393351153,0.0005488820697387887
rnn-huber-0.001-s42,rnn,base,42,huber,0.001,21,0.023630822729319333,0.023171885746220748,0.0008651183248730377,0.0008214120962225866
rnn-huber-0.001-s42,rnn,base,42,huber,0.001,22,0.023775193933397533,0.018891071742055593,0.000912652698752936,0.0005902974840460552
rnn-huber-0.001-s42,rnn,base,42,huber,0.001,23,0.01986392177641392,0.021838571765908487,0.0006504051430965774,0.000700663171786194
rnn-huber-0.001-s42,rnn,base,42,huber,0.001,24,0.024275129288434984,0.019914043901695145,0.0008965411165263504,0.0006974001557359265
rnn-huber-0.001-s42,rnn,base,42,huber,0.001,25,0.017818345036357642,0.018729471187624667,0.0005654298845911398,0.0005793921489923916
rnn-huber-0.001-s42,rnn,base,42,huber,0.001,26,0.020436140429228544,0.021391951541105906,0.0007405621916404925,0.0006951703480876017
rnn-huber-0.001-s42,rnn,base,42,huber,0.001,27,0.020085097663104533,0.01746660654467565,0.0006598151521757245,0.0005124852213258338
rnn-huber-0.001-s42,rnn,base,42,huber,0.001,28,0.020460639614611864,0.0199739801455979,0.0006885327311465517,0.0006523038333937249
rnn-huber-0.001-s42,rnn,base,42,huber,0.001,29,0.018552319053560494,0.016049365271572715,0.0006087899935664609,0.00044098444341216235
rnn-huber-0.001-s42,rnn,base,42,huber,0.001,30,0.017283146642148493,0.023066856794887118,0.0005437692539999262,0.0007480784778534952
rnn-huber-0.001-s43,rnn,base,43,huber,0.001,1,0.0877205889672041,0.04659796390268538,0.010516427049878985,0.0032322815196864584
rnn-huber-0.001-s43,rnn,base,43,huber,0.001,2,0.07916598320007324,0.056368764379510175,0.009991422155871987,0.004634612315782795
rnn-huber-0.001-s43,rnn,base,43,huber,0.001,3,0.051854606904089454,0.06093981580601798,0.004049506210139953,0.004713864590006846
rnn-huber-0.001-s43,rnn,base,43,huber,0.001,4,0.056840738654136656,0.028794291311943974,0.004697307903552428,0.0013134096001050676
rnn-huber-0.001-s43,rnn,base,43,huber,0.001,5,0.046480593457818034,0.06294484809041023,0.00312596996081993,0.005206276026243965
rnn-huber-0.001-s43,rnn,base,43,huber,0.001,6,0.04555595424026251,0.034278799669334184,0.0030694369750563057,0.0025079141230822575
rnn-huber-0.001-s43,rnn,base,43,huber,0.001,7,0.044160188548266886,0.06894167247745726,0.0028860256250482054,0.0058976117021369715
rnn-huber-0.001-s43,rnn,base,43,huber,0.001,8,0.05426500923931599,0.02240596116968879,0.004320759436814115,0.0007714767179331156
rnn-huber-0.001-s43,rnn,base,43,huber,0.001,9,0.03417183989658952,0.047444992650438236,0.0017323073494480922,0.003243688330985606
rnn-huber-0.001-s43,rnn,base,43,huber,0.001,10,0.03493916466832161,0.023114555880979257,0.0018895249289926142,0.0010559367412632263
rnn-huber-0.001-s43,rnn,base,43,huber,0.001,11,0.03012536857277155,0.03797989871214937,0.0013668202562257647,0.0018380204051802005
rnn-huber-0.001-s43,rnn,base,43,huber,0.001,12,0.034334863722324374,0.019489498291578557,0.00182480760558974,0.0006838196892877696
rnn-huber-0.001-s43,rnn,base,43,huber,0.001,13,0.027086155489087105,0.03493490187382257,0.0010972097428748385,0.0018355355110812794
rnn-huber-0.001-s43,rnn,base,43,huber,0.001,14,0.028940039779990913,0.023292980839808783,0.0013060576195130125,0.001036397143939717
rnn-huber-0.001-s43,rnn,base,43,huber,0.001,15,0.024464976228773593,0.02830859780035637,0.0009970271057682112,0.001165918247015388
rnn-huber-0.001-s43,rnn,base,43,huber,0.001,16,0.026875008177012206,0.018046247552114505,0.0012059217580826953,0.000591373524878657
rnn-huber-0.001-s43,rnn,base,43,huber,0.001,17,0.021465259976685046,0.026733123787023402,0.0007415821251925081,0.0010828061579054014
rnn-huber-0.001-s43,rnn,base,43,huber,0.001,18,0.023481472861021757,0.021603780598552138,0.0008407173649175092,0.0008231336268147936
rnn-huber-0.001-s43,rnn,base,43,huber,0.001,19,0.02088392125442624,0.022806333943649573,0.0007660285889869555,0.0008349073714473182
rnn-huber-0.001-s43,rnn,base,43,huber,0.001,20,0.021825506910681726,0.017901810700142826,0.0008366988535271957,0.000598439498679471
rnn-huber-0.001-s43,rnn,base,43,huber,0.001,21,0.01786979204043746,0.02174413913378009,0.0005591527282376773,0.0007394691036703686
rnn-huber-0.001-s43,rnn,base,43,huber,0.001,22,0.01865641651675105,0.019395319855323546,0.0005682495175278746,0.0007065649605701092
rnn-huber-0.001-s43,rnn,base,43,huber,0.001,23,0.018451585527509452,0.022809221057428254,0.0006173943882458843,0.0008178500725922209
rnn-huber-0.001-s43,rnn,base,43,huber,0.001,24,0.019551597721874713,0.016203644271526072,0.0006981272948905825,0.0004979567816782812
rnn-huber-0.001-s43,rnn,base,43,huber,0.001,25,0.016216249391436576,0.021891738543355906,0.0004930285504087806,0.0007576159908677692
rnn-huber-0.001-s43,rnn,base,43,huber,0.001,26,0.017792056407779457,0.017704926451875103,0.0005250027417787351,0.0005786331441615605
rnn-huber-0.001-s43,rnn,base,43,huber,0.001,27,0.017712499387562274,0.024029642605671177,0.0005498645012266933,0.0009206316054419235
rnn-huber-0.001-s43,rnn,base,43,huber,0.001,28,0.019563212431967257,0.01588367429320459,0.0006988047622144222,0.0004730211228080508
rnn-huber-0.001-s43,rnn,base,43,huber,0.001,29,0.016168934665620326,0.021946152865334793,0.0005072147134342231,0.0007794457205347027
rnn-huber-0.001-s43,rnn,base,43,huber,0.001,30,0.017896123882383107,0.01708587448078173,0.0005233347066678107,0.0005032504005443856
rnn-huber-0.001-s44,rnn,base,44,huber,0.001,1,0.2575681585818529,0.11231618065524984,0.09035221573431045,0.021001939875660118
rnn-huber-0.001-s44,rnn,base,44,huber,0.001,2,0.17736466713249682,0.1516718117175279,0.043219323828816415,0.02787212659087446
rnn-huber-0.001-s44,rnn,base,44,huber,0.001,3,0.09791315011680127,0.0630340724631592,0.015977179282344878,0.006037232417751242
rnn-huber-0.001-s44,rnn,base,44,huber,0.001,4,0.07974706850945949,0.047757269290310364,0.009984990349039435,0.003488121955672762
rnn-huber-0.001-s44,rnn,base,44,huber,0.001,5,0.0471780689433217,0.05449639338034171,0.0038684421248035505,0.0039006617334153915
rnn-huber-0.001-s44,rnn,base,44,huber,0.001,6,0.05435916241258383,0.056879240660755725,0.004156889102887362,0.004285854390925831
rnn-huber-0.001-s44,rnn,base,44,huber,0.001,7,0.048107214644551276,0.033116582449939515,0.0037677837768569588,0.001637209000721298
rnn-huber-0.001-s44,rnn,base,44,huber,0.001,8,0.044250049628317356,0.04284650469543757,0.002918749305536039,0.0025117794944283863
rnn-huber-0.001-s44,rnn,base,44,huber,0.001,9,0.04178184699267149,0.037325777499764054,0.002581621694844216,0.0021595217442760867
rnn-huber-0.001-s44,rnn,base,44,huber,0.001,10,0.037464783899486064,0.053233966010588184,0.002167287902557291,0.003707407556336235
rnn-huber-0.001-s44,rnn,base,44,huber,0.001,11,0.04092174749821424,0.028859471626303815,0.0025817710848059505,0.0012741855669042303
rnn-huber-0.001-s44,rnn,base,44,huber,0.001,12,0.036609904188662765,0.029229015208504818,0.002123476334963925,0.0013001848085507474
rnn-huber-0.001-s44,rnn,base,44,huber,0.001,13,0.024823405779898167,0.02593439425583239,0.0010499365482246504,0.0010649155170001365
rnn-huber-0.001-s44,rnn,base,44,huber,0.001,14,0.028024738188833,0.030001370056911753,0.0012415256584063171,0.0013299789072738753
rnn-huber-0.001-s44,rnn,base,44,huber,0.001,15,0.02587374746799469,0.02753873693722266,0.001043192087672651,0.0011336976933913926
rnn-huber-0.001-s44,rnn,base,44,huber,0.001,16,0.03176289908587933,0.030246555874193157,0.001484189584152773,0.001323590309497107
rnn-huber-0.001-s44,rnn,base,44,huber,0.001,17,0.024981855135411023,0.02430525201338309,0.001040384784573689,0.0008696432440990099
rnn-huber-0.001-s44,rnn,base,44,huber,0.001,18,0.02644774578511715,0.02949001699410103,0.001112427686166484,0.0012676622123560972
rnn-huber-0.001-s44,rnn,base,44,huber,0.001,19,0.023810830991715194,0.023947496160312935,0.0008683261345140636,0.0008981526715042829
rnn-huber-0.001-s44,rnn,base,44,huber,0.001,20,0.02565547255799174,0.03117819896174802,0.0010078220948344097,0.0014645194147575509
rnn-huber-0.001-s44,rnn,base,44,huber,0.001,21,0.023575528990477324,0.021827329750414248,0.0009413316292921081,0.0007428101257472816
rnn-huber-0.001-s44,rnn,base,44,huber,0.001,22,0.022844410967081785,0.02679507599936591,0.0008740549616049975,0.0010502625981138813
rnn-huber-0.001-s44,rnn,base,44,huber,0.001,23,0.021144758723676205,0.022062564965475488,0.0006969245354412123,0.0008058542256347008
rnn-huber-0.001-s44,rnn,base,44,huber,0.001,24,0.022641355544328688,0.02962004215353065,0.0008103348009171896,0.0013522046600916871
rnn-huber-0.001-s44,rnn,base,44,huber,0.001,25,0.021912498120218515,0.020031228482171343,0.0008176084811566398,0.000658148983752148
rnn-huber-0.001-s44,rnn,base,44,huber,0.001,26,0.018919910583645106,0.024075659792180414,0.0006433410133467987,0.0008636107767449209
rnn-huber-0.001-s44,rnn,base,44,huber,0.001,27,0.019230436626821758,0.020705587209926712,0.0006001042012940161,0.0007320303170234655
rnn-huber-0.001-s44,rnn,base,44,huber,0.001,28,0.020194318052381276,0.026861854021747907,0.0006672206218354404,0.0011437550573006135
rnn-huber-0.001-s44,rnn,base,44,huber,0.001,29,0.019476491305977107,0.019410622575216824,0.0006761438969988375,0.0006319574893159033
rnn-huber-0.001-s44,rnn,base,44,huber,0.001,30,0.017308627255260944,0.022418885995392445,0.0005628940285532736,0.0007547977156247254
lstm-mse-0.0001-s42,lstm,base,42,mse,0.0001,1,0.07777888737618924,0.11294776780737771,0.01487540064845234,0.01907863896340132
lstm-mse-0.0001-s42,lstm,base,42,mse,0.0001,2,0.07078630980104209,0.08976716818632903,0.008957156230462716,0.01359968861496007
lstm-mse-0.0001-s42,lstm,base,42,mse,0.0001,3,0.052859045751392844,0.059352129145904826,0.006226430530659854,0.009097943790429445
lstm-mse-0.0001-s42,lstm,base,42,mse,0.0001,4,0.03722206959500909,0.0638301333895436,0.0038310018251650037,0.007571470133822273
lstm-mse-0.0001-s42,lstm,base,42,mse,0.0001,5,0.035001224651932714,0.05109129004456379,0.0029064844187814743,0.005548899659576515
lstm-mse-0.0001-s42,lstm,base,42,mse,0.0001,6,0.029500430822372435,0.046517345364446995,0.0021422986872494222,0.004461346437326736
lstm-mse-0.0001-s42,lstm,base,42,mse,0.0001,7,0.027130987122654916,0.04459649705224567,0.0016684092610375957,0.003781693750406029
lstm-mse-0.0001-s42,lstm,base,42,mse,0.0001,8,0.02488996833562851,0.04068998857228844,0.0013527429749956355,0.00317191355344322
lstm-mse-0.0001-s42,lstm,base,42,mse,0.0001,9,0.023898299597203732,0.03993358268505997,0.0011494127160403878,0.0028436008616592044
lstm-mse-0.0001-s42,lstm,base,42,mse,0.0001,10,0.02263259394094348,0.03784401580967285,0.0009886687417747452,0.0025268310392102984
lstm-mse-0.0001-s42,lstm,base,42,mse,0.0001,11,0.0215867449529469,0.037017613069878684,0.0008740561024751514,0.0023393944763854422
lstm-mse-0.0001-s42,lstm,base,42,mse,0.0001,12,0.020609812717884778,0.035855348697967,0.0007816595054464415,0.0021725638924787443
lstm-mse-0.0001-s42,lstm,base,42,mse,0.0001,13,0.01963068749755621,0.03513020914461878,0.0007115991669707,0.0020580033551798097
lstm-mse-0.0001-s42,lstm,base,42,mse,0.0001,14,0.018871182668954135,0.034500137923492324,0.0006575708815944381,0.001968124554992688
lstm-mse-0.0001-s42,lstm,base,42,mse,0.0001,15,0.01810376662760973,0.03393819005125099,0.0006148145039333031,0.0018953854261242128
lstm-mse-0.0001-s42,lstm,base,42,mse,0.0001,16,0.017506727762520314,0.03354013537367185,0.0005799515507533215,0.0018433331136798693
lstm-mse-0.0001-s42,lstm,base,42,mse,0.0001,17,0.016944496426731348,0.03314799992022691,0.0005514621181646362,0.001799052480297784
lstm-mse-0.0001-s42,lstm,base,42,mse,0.0001,18,0.016450969502329826,0.03285226922620226,0.0005267698215902783,0.0017672819706300894
lstm-mse-0.0001-s42,lstm,base,42,mse,0.0001,19,0.01604110961779952,0.03260581009089947,0.0005055742221884429,0.0017432508265806568
lstm-mse-0.0001-s42,lstm,base,42,mse,0.0001,20,0.015701971761882306,0.032402166627623415,0.0004869000447797589,0.001725338969414157
lstm-mse-0.0001-s42,lstm,base,42,mse,0.0001,21,0.01538606695830822,0.032254701231916746,0.0004702085265307687,0.0017128903242000552
lstm-mse-0.0001-s42,lstm,base,42,mse,0.0001,22,0.015083703771233558,0.03213335973797021,0.0004552942278678529,0.0017038374229472269
lstm-mse-0.0001-s42,lstm,base,42,mse,0.0001,23,0.01480006743222475,0.03203247378545779,0.00044183227146277204,0.0016972524422238133
lstm-mse-0.0001-s42,lstm,base,42,mse,0.0001,24,0.014536342676728964,0.03194506296681033,0.0004295846585591789,0.0016926239246795713
lstm-mse-0.0001-s42,lstm,base,42,mse,0.0001,25,0.0142947593703866,0.03186915298854863,0.00041841164202196526,0.0016894467567369618
lstm-mse-0.0001-s42,lstm,base,42,mse,0.0001,26,0.014102376438677311,0.03180916677746508,0.00040816771434037946,0.0016872901564325999
lstm-mse-0.0001-s42,lstm,base,42,mse,0.0001,27,0.013944090530276298,0.031765566835248914,0.00039872544948593713,0.0016860021340781477
lstm-mse-0.0001-s42,lstm,base,42,mse,0.0001,28,0.013798440806567669,0.03172909919586447,0.00038997426236164756,0.0016853495621708809
lstm-mse-0.0001-s42,lstm,base,42,mse,0.0001,29,0.01366482600569725,0.03170383587755539,0.0003818205892457627,0.0016852514134909683
lstm-mse-0.0001-s42,lstm,base,42,mse,0.0001,30,0.013538348395377398,0.03169300880421091,0.0003741854707186576,0.0016856256150209379
lstm-mse-0.0001-s43,lstm,base,43,mse,0.0001,1,0.1022334098815918,0.06186634580846186,0.02049241231288761,0.0053293732184640785
lstm-mse-0.0001-s43,lstm,base,43,mse,0.0001,2,0.08789192326366901,0.038752504507148705,0.009722382901236415,0.002687206203376667
lstm-mse-0.0001-s43,lstm,base,43,mse,0.0001,3,0.04687018599361181,0.04488016513210756,0.004050917591666803,0.0033128264636077265
lstm-mse-0.0001-s43,lstm,base,43,mse,0.0001,4,0.03720259815454483,0.03042856186490368,0.0028726267802994697,0.0017877139838809078
lstm-mse-0.0001-s43,lstm,base,43,mse,0.0001,5,0.035354967787861825,0.028570951673167724,0.0020024322089739143,0.001612156290664441
lstm-mse-0.0001-s43,lstm,base,43,mse,0.0001,6,0.027702932711690664,0.02791015079451932,0.001439194622798823,0.001580025311516322
lstm-mse-0.0001-s43,lstm,base,43,mse,0.0001,7,0.027868858259171247,0.02751100473795776,0.001251953124301508,0.0015104999951155926
lstm-mse-0.0001-s43,lstm,base,43,mse,0.0001,8,0.024858143553137778,0.026869053821320887,0.0010295107204001397,0.0014759557403589564
lstm-mse-0.0001-s43,lstm,base,43,mse,0.0001,9,0.02409669840708375,0.026641096188514322,0.0009525751403998584,0.0014664046763856377
lstm-mse-0.0001-s43,lstm,base,43,mse,0.0001,10,0.022538294736295938,0.026381028229715647,0.0008495684131048619,0.0014582739858370688
lstm-mse-0.0001-s43,lstm,base,43,mse,0.0001,11,0.021455030422657728,0.026151268646396972,0.0007866525935241953,0.0014499980300940849
lstm-mse-0.0001-s43,lstm,base,43,mse,0.0001,12,0.020533773768693208,0.025956600766491006,0.0007354271991061978,0.0014421287678285605
lstm-mse-0.0001-s43,lstm,base,43,mse,0.0001,13,0.019700403418391944,0.02579149743197141,0.0006937705504242331,0.0014321633817248598
lstm-mse-0.0001-s43,lstm,base,43,mse,0.0001,14,0.019113107305020093,0.02561579387359045,0.0006615542893996462,0.0014221088549001488
lstm-mse-0.0001-s43,lstm,base,43,mse,0.0001,15,0.01860759649425745,0.025446505430671902,0.000633144867606461,0.0014110686069923556
lstm-mse-0.0001-s43,lstm,base,43,mse,0.0001,16,0.018207062501460314,0.02529032891271291,0.0006086920271627605,0.0014000166934069799
lstm-mse-0.0001-s43,lstm,base,43,mse,0.0001,17,0.01784062245860696,0.025136891862860434,0.0005868876411113888,0.0013888796157617536
lstm-mse-0.0001-s43,lstm,base,43,mse,0.0001,18,0.017484113853424788,0.0249927648032705,0.0005670134574756958,0.0013778367901169178
lstm-mse-0.0001-s43,lstm,base,43,mse,0.0001,19,0.017167493235319853,0.02484989137975154,0.000549271389900241,0.0013670548768627837
lstm-mse-0.0001-s43,lstm,base,43,mse,0.0001,20,0.01686865193769336,0.02470980154833308,0.0005329385661752894,0.0013565442106617546
lstm-mse-0.0001-s43,lstm,base,43,mse,0.0001,21,0.016590315196663142,0.024570305279835506,0.0005181791049835738,0.0013464056957875276
lstm-mse-0.0001-s43,lstm,base,43,mse,0.0001,22,0.016331207100301982,0.024434230662882327,0.0005045763820817229,0.0013366631769006036
lstm-mse-0.0001-s43,lstm,base,43,mse,0.0001,23,0.01609040070325136,0.02430327491213878,0.0004920811465126462,0.0013274317292531056
lstm-mse-0.0001-s43,lstm,base,43,mse,0.0001,24,0.01586277736350894,0.024188638299151702,0.00048055079896585083,0.0013187637052464265
lstm-mse-0.0001-s43,lstm,base,43,mse,0.0001,25,0.015643282793462276,0.02409513683092815,0.000469833001261577,0.0013106279937481439
lstm-mse-0.0001-s43,lstm,base,43,mse,0.0001,26,0.015433813352137804,0.0240072194210909,0.00045984791504452007,0.0013030664654690082
lstm-mse-0.0001-s43,lstm,base,43,mse,0.0001,27,0.01524937804788351,0.023922615629379397,0.00045050166663713754,0.001296041440865439
lstm-mse-0.0001-s43,lstm,base,43,mse,0.0001,28,0.015071680396795272,0.02384964507073164,0.00044172158231958747,0.0012895919040871646
lstm-mse-0.0001-s43,lstm,base,43,mse,0.0001,29,0.014910861570388078,0.023788371585585454,0.00043344363002688623,0.0012836253483934949
lstm-mse-0.0001-s43,lstm,base,43,mse,0.0001,30,0.014762492384761572,0.02373005287652766,0.0004256037136656232,0.0012781295897352888
lstm-mse-0.0001-s44,lstm,base,44,mse,0.0001,1,0.746453332901001,0.37519711565088343,0.5891014784574509,0.16965790280589352
lstm-mse-0.0001-s44,lstm,base,44,mse,0.0001,2,0.20012220963835717,0.1385614857905441,0.057882808800786736,0.03832408149416248
lstm-mse-0.0001-s44,lstm,base,44,mse,0.0001,3,0.1553693048655987,0.22024243540234037,0.03456867067143321,0.06866000002181089
lstm-mse-0.0001-s44,lstm,base,44,mse,0.0001,4,0.1314932953566313,0.11271908084551494,0.03067361852154136,0.026768338414667935
lstm-mse-0.0001-s44,lstm,base,44,mse,0.0001,5,0.09231881834566594,0.11040954377364229,0.015729839936830102,0.02068048071944051
lstm-mse-0.0001-s44,lstm,base,44,mse,0.0001,6,0.08852087929844857,0.09852856735664385,0.012647878215648233,0.019327293756348944
lstm-mse-0.0001-s44,lstm,base,44,mse,0.0001,7,0.07040179744362832,0.09914032289827311,0.009328659879975021,0.020429070774224345
lstm-mse-0.0001-s44,lstm,base,44,mse,0.0001,8,0.06888551600277423,0.09522505187326008,0.009467726130969823,0.018757761976060768
lstm-mse-0.0001-s44,lstm,base,44,mse,0.0001,9,0.06602139361202716,0.08864782976883429,0.008799682452809066,0.016323607168332845
lstm-mse-0.0001-s44,lstm,base,44,mse,0.0001,10,0.062348229065537455,0.08572553238934941,0.007770423870533704,0.015137306211033354
lstm-mse-0.0001-s44,lstm,base,44,mse,0.0001,11,0.05876174047589302,0.08412059759376225,0.006926896865479648,0.014394921644728768
lstm-mse-0.0001-s44,lstm,base,44,mse,0.0001,12,0.05616665408015251,0.08152458168290279,0.006392428535036743,0.013388084589193265
lstm-mse-0.0001-s44,lstm,base,44,mse,0.0001,13,0.0537504767999053,0.07861092919828715,0.005872580234427005,0.012335153685934427
lstm-mse-0.0001-s44,lstm,base,44,mse,0.0001,14,0.05129723288118839,0.0763125859890823,0.005334401945583522,0.011497251083212043
lstm-mse-0.0001-s44,lstm,base,44,mse,0.0001,15,0.04900141507387161,0.07427735334193265,0.004865879262797535,0.010766516581039737
lstm-mse-0.0001-s44,lstm,base,44,mse,0.0001,16,0.04692610334604978,0.07223253022465441,0.004468857368919998,0.010057101534093144
lstm-mse-0.0001-s44,lstm,base,44,mse,0.0001,17,0.04500801376998424,0.07031166451396766,0.004106271802447737,0.00941252449820577
lstm-mse-0.0001-s44,lstm,base,44,mse,0.0001,18,0.043210852704942224,0.06855517745845847,0.0037772258976474403,0.008847644588806563
lstm-mse-0.0001-s44,lstm,base,44,mse,0.0001,19,0.04154702816158533,0.06691411661880987,0.0034879518789239228,0.008335685651507918
lstm-mse-0.0001-s44,lstm,base,44,mse,0.0001,20,0.040054183639585975,0.06533760705755817,0.0032318351964931934,0.007870046358503816
lstm-mse-0.0001-s44,lstm,base,44,mse,0.0001,21,0.03869906309992075,0.06386579552458392,0.003003090200945735,0.00745350290822831
lstm-mse-0.0001-s44,lstm,base,44,mse,0.0001,22,0.037424962408840655,0.06252966592157329,0.0028004925756249578,0.00707851742454632
lstm-mse-0.0001-s44,lstm,base,44,mse,0.0001,23,0.03625302724540234,0.06128978014544204,0.002621342136990279,0.006738346844428668
lstm-mse-0.0001-s44,lstm,base,44,mse,0.0001,24,0.03525031376630068,0.06014199902613958,0.002462313114665449,0.006430771731754282
lstm-mse-0.0001-s44,lstm,base,44,mse,0.0001,25,0.03430693652480841,0.0590941890384312,0.0023210267187096178,0.006151790236536827
lstm-mse-0.0001-s44,lstm,base,44,mse,0.0001,26,0.033409859798848626,0.058153790276911525,0.0021953654068056494,0.005897701021577059
lstm-mse-0.0001-s44,lstm,base,44,mse,0.0001,27,0.032559899240732194,0.05725866389219408,0.002083027613116428,0.005666004441230109
lstm-mse-0.0001-s44,lstm,base,44,mse,0.0001,28,0.03179613575339317,0.056397267168870675,0.0019822788482997565,0.005454191052855027
lstm-mse-0.0001-s44,lstm,base,44,mse,0.0001,29,0.03106379248201847,0.05556767774676835,0.0018915045773610472,0.0052598701798598525
lstm-mse-0.0001-s44,lstm,base,44,mse,0.0001,30,0.03038095086812973,0.05477128197197561,0.001809350767871365,0.005081220914575237
lstm-mse-0.001-s42,lstm,base,42,mse,0.001,1,0.14272165074944496,0.1465701773210808,0.029659456759691238,0.027464792625633654
lstm-mse-0.001-s42,lstm,base,42,mse,0.001,2,0.10386705249547959,0.09218348518565848,0.01504637892358005,0.009967080821041708
lstm-mse-0.001-s42,lstm,base,42,mse,0.001,3,0.09163177888840437,0.030035080546858134,0.011522047081962227,0.0014932416521737145
lstm-mse-0.001-s42,lstm,base,42,mse,0.001,4,0.0648248853161931,0.021896085805363126,0.006553235580213368,0.0009645859530859592
lstm-mse-0.001-s42,lstm,base,42,mse,0.001,5,0.03417254108935595,0.02355202208790514,0.001630740927066654,0.0010436052061979556
lstm-mse-0.001-s42,lstm,base,42,mse,0.001,6,0.02601288743317127,0.026013763552462613,0.0009778781444765628,0.0009912913876447688
lstm-mse-0.001-s42,lstm,base,42,mse,0.001,7,0.023396828677505255,0.021718961269491247,0.0008683321677381173,0.0008766197541262954
lstm-mse-0.001-s42,lstm,base,42,mse,0.001,8,0.01756548136472702,0.0211006927476437,0.000558717233070638,0.0007425140031113254
lstm-mse-0.001-s42,lstm,base,42,mse,0.001,9,0.01829883558675647,0.01945938031292624,0.0005889669642783702,0.0007203652357458378
lstm-mse-0.001-s42,lstm,base,42,mse,0.001,10,0.0162986203096807,0.019651176442426664,0.0004946947345160879,0.0007043215158369599
lstm-mse-0.001-s42,lstm,base,42,mse,0.001,11,0.01641088854521513,0.019399475251083022,0.0005005746294045821,0.0007093050415817372
lstm-mse-0.001-s42,lstm,base,42,mse,0.001,12,0.015668217185884716,0.019523774660019963,0.00046770780318183824,0.0007102470631555964
lstm-mse-0.001-s42,lstm,base,42,mse,0.001,13,0.015483320411294698,0.019447959386916073,0.0004602003828040324,0.0007076218670354811
lstm-mse-0.001-s42,lstm,base,42,mse,0.001,14,0.015253412164747715,0.019393700733780862,0.0004475386987905949,0.000708244787313527
lstm-mse-0.001-s42,lstm,base,42,mse,0.001,15,0.014992966968566179,0.019441783476482937,0.00043486655777087436,0.000708764478784158
lstm-mse-0.001-s42,lstm,base,42,mse,0.001,16,0.01489817313849926,0.0193963250697211,0.00042740852222777903,0.0007101346727857298
lstm-mse-0.001-s42,lstm,base,42,mse,0.001,17,0.014721954893320798,0.019416335997758088,0.00041706963093020023,0.0007107016418120582
lstm-mse-0.001-s42,lstm,base,42,mse,0.001,18,0.01461878465488553,0.019384479088087877,0.0004100908146938309,0.0007106608508534178
lstm-mse-0.001-s42,lstm,base,42,mse,0.001,19,0.014492736011743546,0.019373553611890033,0.0004027550370665267,0.0007110676752981143
lstm-mse-0.001-s42,lstm,base,42,mse,0.001,20,0.014374140929430724,0.019381451358397802,0.00039612476975889874,0.0007114532263518345
lstm-mse-0.001-s42,lstm,base,42,mse,0.001,21,0.014264259953051805,0.019387443474045505,0.0003902488315361552,0.0007116420708674317
lstm-mse-0.001-s42,lstm,base,42,mse,0.001,22,0.01415298255160451,0.019397860047993837,0.00038461065996671097,0.0007119007852721821
lstm-mse-0.001-s42,lstm,base,42,mse,0.001,23,0.014043002389371395,0.019408779108413942,0.0003793381270952523,0.0007119800680946489
lstm-mse-0.001-s42,lstm,base,42,mse,0.001,24,0.013933447375893592,0.01941460531066965,0.0003744045359781012,0.0007118258076607837
lstm-mse-0.001-s42,lstm,base,42,mse,0.001,25,0.013831318821758032,0.019419976648081233,0.00036968796921428294,0.0007117285540853454
lstm-mse-0.001-s42,lstm,base,42,mse,0.001,26,0.01372694903984666,0.019425962320356458,0.0003651483028079383,0.0007116085683702732
lstm-mse-0.001-s42,lstm,base,42,mse,0.001,27,0.013620827347040176,0.019427788726709506,0.0003607945400290191,0.0007112708542047552
lstm-mse-0.001-s42,lstm,base,42,mse,0.001,28,0.013518190570175647,0.0194286509865412,0.00035660185531014574,0.0007109448274907966
lstm-mse-0.001-s42,lstm,base,42,mse,0.001,29,0.013425283040851355,0.019432041400836573,0.0003525319756590761,0.0007107886371495961
lstm-mse-0.001-s42,lstm,base,42,mse,0.001,30,0.013334345258772373,0.019435594996644392,0.00034856927377404647,0.0007104929581853664
lstm-mse-0.001-s43,lstm,base,43,mse,0.001,1,0.11892971806228161,0.097984072179706,0.019136577448807656,0.01171201804169902
lstm-mse-0.001-s43,lstm,base,43,mse,0.001,2,0.048076269961893556,0.036156626404435545,0.004008731595240534,0.0022764513225950024
lstm-mse-0.001-s43,lstm,base,43,mse,0.001,3,0.05263962615281344,0.040079011643926306,0.0038786435849033295,0.0023295585829247204
lstm-mse-0.001-s43,lstm,base,43,mse,0.001,4,0.06783707924187184,0.05674791176010061,0.00580649736803025,0.004294568721067022
lstm-mse-0.001-s43,lstm,base,43,mse,0.001,5,0.03689122907817364,0.02490318211968298,0.002106510047451593,0.0010443751410262106
lstm-mse-0.001-s43,lstm,base,43,mse,0.001,6,0.028663435205817222,0.023070188170229947,0.0012050239776726813,0.0009527042389554144
lstm-mse-0.001-s43,lstm,base,43,mse,0.001,7,0.020915702823549508,0.022527160205774836,0.0007545924396254122,0.0010093607916065526
lstm-mse-0.001-s43,lstm,base,43,mse,0.001,8,0.01566912210546434,0.020016030353252535,0.00046984988002805037,0.0007801197469234466
lstm-mse-0.001-s43,lstm,base,43,mse,0.001,9,0.015556827746331691,0.019490035388756682,0.00044572143669938666,0.0007964086737181922
lstm-mse-0.001-s43,lstm,base,43,mse,0.001,10,0.014870915655046701,0.0194215958248134,0.00042534177482593804,0.0007793106866301969
lstm-mse-0.001-s43,lstm,base,43,mse,0.001,11,0.01427046386525035,0.019487283406434235,0.00040811370126903057,0.0007758037217340812
lstm-mse-0.001-s43,lstm,base,43,mse,0.001,12,0.014446721691638232,0.019290075720184378,0.000403187406482175,0.0007889384982667656
lstm-mse-0.001-s43,lstm,base,43,mse,0.001,13,0.014270114107057452,0.019367061762346163,0.00039500108687207103,0.0007853380047621344
lstm-mse-0.001-s43,lstm,base,43,mse,0.001,14,0.01403627865947783,0.019404128324930315,0.00038664494350086897,0.0007799367284557472
lstm-mse-0.001-s43,lstm,base,43,mse,0.001,15,0.013959207758307456,0.01933981350588578,0.00037918082816759127,0.0007822436574820637
lstm-mse-0.001-s43,lstm,base,43,mse,0.001,16,0.013942467560991646,0.019304983731773164,0.00037429220974445344,0.0007851689841589649
lstm-mse-0.001-s43,lstm,base,43,mse,0.001,17,0.01380617069080472,0.019309491284743505,0.00036867532617179677,0.0007844242630569541
lstm-mse-0.001-s43,lstm,base,43,mse,0.001,18,0.013657353585585952,0.019332177785259707,0.00036246248200768607,0.0007832217245811113
lstm-mse-0.001-s43,lstm,base,43,mse,0.001,19,0.013596322946250438,0.019320156425237656,0.0003562213285476901,0.0007829205232189485
lstm-mse-0.001-s43,lstm,base,43,mse,0.001,20,0.013551182905212044,0.0192631040941234,0.0003520740880048834,0.0007838288655168273
lstm-mse-0.001-s43,lstm,base,43,mse,0.001,21,0.013413637038320303,0.01920114901882631,0.0003482132546196226,0.0007856708313165991
lstm-mse-0.001-s43,lstm,base,43,mse,0.001,22,0.013362023886293173,0.0191942961472604,0.00034512578713474795,0.0007822842897709321
lstm-mse-0.001-s43,lstm,base,43,mse,0.001,23,0.013296047784388065,0.01940982973685971,0.0003388215154700447,0.0007813926867028284
lstm-mse-0.001-s43,lstm,base,43,mse,0.001,24,0.013357065431773663,0.019297393197538676,0.000338430159172276,0.0007750139957621555
lstm-mse-0.001-s43,lstm,base,43,mse,0.001,25,0.01314902100712061,0.019194183781467103,0.0003333185835799668,0.0007911226247583896
lstm-mse-0.001-s43,lstm,base,43,mse,0.001,26,0.013342111743986607,0.018972909029711178,0.0003444382775342092,0.0007987478150796422
lstm-mse-0.001-s43,lstm,base,43,mse,0.001,27,0.013639349676668643,0.019217971760641644,0.000350412698026048,0.0007835833287875479
lstm-mse-0.001-s43,lstm,base,43,mse,0.001,28,0.013935277983546258,0.022129270206722947,0.0003539973899023607,0.0008673848359009113
lstm-mse-0.001-s43,lstm,base,43,mse,0.001,29,0.016285294387489557,0.020920856317712202,0.0004415803065057844,0.0008050720299016339
lstm-mse-0.001-s43,lstm,base,43,mse,0.001,30,0.015993552561849356,0.022767798257646736,0.0004415051807882264,0.001018537168123725
lstm-mse-0.001-s44,lstm,base,44,mse,0.001,1,0.29565656185150146,0.20780512889226277,0.1422248630784452,0.0576488995441684
lstm-mse-0.001-s44,lstm,base,44,mse,0.001,2,0.2016522116959095,0.1780497893139168,0.05430140215903521,0.0442926375678292
lstm-mse-0.001-s44,lstm,base,44,mse,0.001,3,0.17827191203832626,0.0721128793226348,0.039783374220132825,0.0078058212930854
lstm-mse-0.001-s44,lstm,base,44,mse,0.001,4,0.06408711038529873,0.056910022955249856,0.005836770229507238,0.005003646505927598
lstm-mse-0.001-s44,lstm,base,44,mse,0.001,5,0.06266213022172451,0.040419258632593685,0.005519038822967559,0.002329850135396959
lstm-mse-0.001-s44,lstm,base,44,mse,0.001,6,0.03407162874937057,0.032401486989800575,0.0018839826167095452,0.0016528093675367052
lstm-mse-0.001-s44,lstm,base,44,mse,0.001,7,0.031496699154376986,0.03037886645782877,0.001743066671770066,0.0013539850577082553
lstm-mse-0.001-s44,lstm,base,44,mse,0.001,8,0.024944127164781095,0.02840988253139787,0.0010713044728618115,0.0011768891828574447
lstm-mse-0.001-s44,lstm,base,44,mse,0.001,9,0.023717578686773776,0.02643796758795226,0.0009979901748010888,0.0010503651050385089
lstm-mse-0.001-s44,lstm,base,44,mse,0.001,10,0.02128873150795698,0.025637780647310947,0.0007903220946900546,0.0009539922581838996
lstm-mse-0.001-s44,lstm,base,44,mse,0.001,11,0.019915437512099742,0.024005970289861716,0.0007090911822160706,0.0008641617863085466
lstm-mse-0.001-s44,lstm,base,44,mse,0.001,12,0.018904717080295085,0.023252760825885666,0.0006543809387949296,0.0008072352045457121
lstm-mse-0.001-s44,lstm,base,44,mse,0.001,13,0.017623800598084927,0.022429378979184008,0.0005786797759355977,0.0007629603119480803
lstm-mse-0.001-s44,lstm,base,44,mse,0.001,14,0.017299468349665403,0.02188104429040794,0.0005578834854532034,0.0007360673021240574
lstm-mse-0.001-s44,lstm,base,44,mse,0.001,15,0.016817841120064257,0.021536945455052234,0.0005278035780065693,0.0007173191601867546
lstm-mse-0.001-s44,lstm,base,44,mse,0.001,16,0.016419613733887672,0.021179332701420344,0.0005047929254942574,0.0006958432770463534
lstm-mse-0.001-s44,lstm,base,44,mse,0.001,17,0.016158882528543472,0.020908080586404712,0.0004897869104752318,0.0006799104016627772
lstm-mse-0.001-s44,lstm,base,44,mse,0.001,18,0.015904272440820932,0.020697336650832936,0.00047420541814062743,0.0006677387482745366
lstm-mse-0.001-s44,lstm,base,44,mse,0.001,19,0.015667750872671603,0.020502521083862694,0.00046021347516216337,0.0006569468728870291
lstm-mse-0.001-s44,lstm,base,44,mse,0.001,20,0.015473539009690285,0.020358793637542814,0.0004485294368350878,0.0006483832957369655
lstm-mse-0.001-s44,lstm,base,44,mse,0.001,21,0.015289635118097066,0.020249142180438395,0.00043788445327663794,0.0006417503488827842
lstm-mse-0.001-s44,lstm,base,44,mse,0.001,22,0.01512075075879693,0.020148562736533305,0.00042797001951839776,0.0006361138900198663
lstm-mse-0.001-s44,lstm,base,44,mse,0.001,23,0.014960047043859958,0.02004943328599135,0.0004189668863546103,0.0006309709497684337
lstm-mse-0.001-s44,lstm,base,44,mse,0.001,24,0.014804512914270162,0.019952418082566172,0.000410856754751876,0.0006262522347107598
lstm-mse-0.001-s44,lstm,base,44,mse,0.001,25,0.014653729088604451,0.01985952867263997,0.00040346590394619853,0.0006220238406159398
lstm-mse-0.001-s44,lstm,base,44,mse,0.001,26,0.01452611517161131,0.01977001454129263,0.00039663723146077245,0.0006181617733091116
lstm-mse-0.001-s44,lstm,base,44,mse,0.001,27,0.014406016562134027,0.019684790826782032,0.00039027654129313304,0.0006144775356881803
lstm-mse-0.001-s44,lstm,base,44,mse,0.001,28,0.014292160049080849,0.019599997479882506,0.00038435161695815623,0.0006107433384318871
lstm-mse-0.001-s44,lstm,base,44,mse,0.001,29,0.014187243301421404,0.019511942337784503,0.0003788466288824566,0.0006068991399068316
lstm-mse-0.001-s44,lstm,base,44,mse,0.001,30,0.014087411668151617,0.019427636859041673,0.00037372500519268216,0.0006031061823402221
lstm-mae-0.0001-s42,lstm,base,42,mae,0.0001,1,0.08045952506363392,0.10338746640417311,0.015456357691437005,0.01792855980909533
lstm-mae-0.0001-s42,lstm,base,42,mae,0.0001,2,0.06585255526006221,0.07547658204480454,0.009060714673250914,0.013272273247302683
lstm-mae-0.0001-s42,lstm,base,42,mae,0.0001,3,0.050463109463453296,0.06712087577691785,0.006789272138848901,0.010497452099635093
lstm-mae-0.0001-s42,lstm,base,42,mae,0.0001,4,0.03830620236694813,0.057267065594593686,0.004309111644397489,0.008280281144780693
lstm-mae-0.0001-s42,lstm,base,42,mae,0.0001,5,0.03154512569308281,0.05439737899987786,0.003507842478575185,0.006866400649219199
lstm-mae-0.0001-s42,lstm,base,42,mae,0.0001,6,0.03011325988918543,0.043761466415943924,0.0026444472750881687,0.005843265463287632
lstm-mae-0.0001-s42,lstm,base,42,mae,0.0001,7,0.03032131548970938,0.04424978850616349,0.0023790097591700034,0.005478938484857618
lstm-mae-0.0001-s42,lstm,base,42,mae,0.0001,8,0.0279701579362154,0.04640056895161117,0.002307831449434161,0.005186110728903225
lstm-mae-0.0001-s42,lstm,base,42,mae,0.0001,9,0.023643800243735313,0.04480225122361271,0.0018339864705922081,0.004761051506890605
lstm-mae-0.0001-s42,lstm,base,42,mae,0.0001,10,0.023543646465986966,0.040707853615835864,0.0015730888495454564,0.0042873817810754255
lstm-mae-0.0001-s42,lstm,base,42,mae,0.0001,11,0.021331144869327544,0.03953146183932269,0.0012510770029621199,0.004069746192975866
lstm-mae-0.0001-s42,lstm,base,42,mae,0.0001,12,0.024858272541314362,0.04005471668033688,0.0012362556255538948,0.0038711557445047355
lstm-mae-0.0001-s42,lstm,base,42,mae,0.0001,13,0.023129744827747344,0.04302264903154638,0.0012595056607096922,0.00373832566353182
lstm-mae-0.0001-s42,lstm,base,42,mae,0.0001,14,0.021916394401341677,0.04368214779705913,0.001149500820611138,0.003391594324191963
lstm-mae-0.0001-s42,lstm,base,42,mae,0.0001,15,0.025219165487214923,0.03314267666665492,0.0011605856096139177,0.0024639009782630537
lstm-mae-0.0001-s42,lstm,base,42,mae,0.0001,16,0.02346640219911933,0.033897211423350705,0.0008667453104862944,0.002283572451496083
lstm-mae-0.0001-s42,lstm,base,42,mae,0.0001,17,0.022047496866434813,0.035581965854874366,0.0008378668193472549,0.002162418461025313
lstm-mae-0.0001-s42,lstm,base,42,mae,0.0001,18,0.01754518421366811,0.037133267301100274,0.0006336089281830937,0.0022623898077721674
lstm-mae-0.0001-s42,lstm,base,42,mae,0.0001,19,0.01953780874609947,0.03030503127310011,0.000746820452332031,0.0016340304569220515
lstm-mae-0.0001-s42,lstm,base,42,mae,0.0001,20,0.01992540918290615,0.02960258691261212,0.0007175117090810091,0.0015792607383681807
lstm-mae-0.0001-s42,lstm,base,42,mae,0.0001,21,0.01954738227650523,0.03238403420481417,0.000640349808963947,0.0018975042865214938
lstm-mae-0.0001-s42,lstm,base,42,mae,0.0001,22,0.020753756165504456,0.03750157168617955,0.0007465043148840777,0.002245813408970005
lstm-mae-0.0001-s42,lstm,base,42,mae,0.0001,23,0.02013241434469819,0.032857931777834894,0.0007314281596336514,0.0018501961409735184
lstm-mae-0.0001-s42,lstm,base,42,mae,0.0001,24,0.023535020742565395,0.03190188752832236,0.0009261969404178672,0.001836031321781101
lstm-mae-0.0001-s42,lstm,base,42,mae,0.0001,25,0.01983264908194542,0.0314957244252717,0.0006404056854080409,0.0017163488192535523
lstm-mae-0.0001-s42,lstm,base,42,mae,0.0001,26,0.01667912877164781,0.034557229183890203,0.0005522991385078057,0.0019441054250044678
lstm-mae-0.0001-s42,lstm,base,42,mae,0.0001,27,0.016806404571980238,0.03184950953280484,0.0005720166358514689,0.0016974023457064673
lstm-mae-0.0001-s42,lstm,base,42,mae,0.0001,28,0.018879442103207113,0.029595599033766323,0.0006683583342237398,0.0015947887301013838
lstm-mae-0.0001-s42,lstm,base,42,mae,0.0001,29,0.018572979047894476,0.03175698438038429,0.000586949588614516,0.0018078969843271706
lstm-mae-0.0001-s42,lstm,base,42,mae,0.0001,30,0.019023194350302218,0.036235033320607964,0.0006482110664364881,0.0021131885677783025
lstm-mae-0.0001-s43,lstm,base,43,mae,0.0001,1,0.1033827818930149,0.06471079461000584,0.020524719811510293,0.0057626044532905025
lstm-mae-0.0001-s43,lstm,base,43,mae,0.0001,2,0.06861136499792338,0.0477649236994761,0.007751830527558923,0.0038068209766168835
lstm-mae-0.0001-s43,lstm,base,43,mae,0.0001,3,0.05184203926473856,0.03234498138642973,0.005147849017521367,0.0021641077618200885
lstm-mae-0.0001-s43,lstm,base,43,mae,0.0001,4,0.04491330832242966,0.03278622674169364,0.00310088531114161,0.002067600518758236
lstm-mae-0.0001-s43,lstm,base,43,mae,0.0001,5,0.03787311892956495,0.029423611983656884,0.0025141162797808645,0.001753740124102613
lstm-mae-0.0001-s43,lstm,base,43,mae,0.0001,6,0.029626364074647426,0.03498791732169964,0.0014622061280533671,0.002111864673335933
lstm-mae-0.0001-s43,lstm,base,43,mae,0.0001,7,0.03314681826159358,0.028311525271446616,0.0017204739764565603,0.0016813854402345089
lstm-mae-0.0001-s43,lstm,base,43,mae,0.0001,8,0.021439280081540345,0.03305328322781457,0.00086763477884233,0.001914627366932109
lstm-mae-0.0001-s43,lstm,base,43,mae,0.0001,9,0.024369637854397296,0.027264348576190294,0.0009600901685189456,0.001612933508672372
lstm-mae-0.0001-s43,lstm,base,43,mae,0.0001,10,0.01916552782058716,0.02767470959160063,0.0006765845697373152,0.0016105157551700594
lstm-mae-0.0001-s43,lstm,base,43,mae,0.0001,11,0.01928831385448575,0.02620926973996339,0.000688243038894143,0.0015609227383888706
lstm-mae-0.0001-s43,lstm,base,43,mae,0.0001,12,0.019388383161276578,0.02519198905814577,0.0006775698100682348,0.001480438436071078
lstm-mae-0.0001-s43,lstm,base,43,mae,0.0001,13,0.01814863057807088,0.026352189019046447,0.0005998557011480443,0.0014280779875763174
lstm-mae-0.0001-s43,lstm,base,43,mae,0.0001,14,0.018009726237505675,0.029255857691168785,0.0005617064307443798,0.0015445806504296208
lstm-mae-0.0001-s43,lstm,base,43,mae,0.0001,15,0.0203042920678854,0.024887507464046832,0.0006986338805290871,0.001332944052086936
lstm-mae-0.0001-s43,lstm,base,43,mae,0.0001,16,0.01880280366167426,0.027161418867331963,0.0006314283062238246,0.0015453487733827422
lstm-mae-0.0001-s43,lstm,base,43,mae,0.0001,17,0.02334631495177746,0.023986193965430613,0.0008493219909723848,0.0013497315664103048
lstm-mae-0.0001-s43,lstm,base,43,mae,0.0001,18,0.01985453683882952,0.02683718615659961,0.0006670999748166651,0.0013920594732216732
lstm-mae-0.0001-s43,lstm,base,43,mae,0.0001,19,0.019614182133227586,0.026896724477410316,0.0006375657016178593,0.0013828136896740439
lstm-mae-0.0001-s43,lstm,base,43,mae,0.0001,20,0.02161830263212323,0.023604016350927175,0.0007688746671192348,0.0012398036028672423
lstm-mae-0.0001-s43,lstm,base,43,mae,0.0001,21,0.016746003925800324,0.024756251399715743,0.0005267672589980066,0.001318207772931567
lstm-mae-0.0001-s43,lstm,base,43,mae,0.0001,22,0.021034661587327717,0.02320312169139032,0.0007024843012914062,0.001226420436351974
lstm-mae-0.0001-s43,lstm,base,43,mae,0.0001,23,0.01888279840350151,0.030800608628325992,0.0005909717787289992,0.001571989035302842
lstm-mae-0.0001-s43,lstm,base,43,mae,0.0001,24,0.023710035346448423,0.0239576975159623,0.0008598252694355324,0.0012511854790823742
lstm-mae-0.0001-s43,lstm,base,43,mae,0.0001,25,0.021294386126101017,0.025455779844412097,0.0007547539833467453,0.0013707480824517984
lstm-mae-0.0001-s43,lstm,base,43,mae,0.0001,26,0.017341216187924148,0.023420179041999358,0.0005335487425327301,0.0012637984089518862
lstm-mae-0.0001-s43,lstm,base,43,mae,0.0001,27,0.017720914259552956,0.02661909552084075,0.0005556241500016768,0.001336286990273813
lstm-mae-0.0001-s43,lstm,base,43,mae,0.0001,28,0.019290867447853088,0.02554630766864176,0.0006130878304247744,0.001293343240265838
lstm-mae-0.0001-s43,lstm,base,43,mae,0.0001,29,0.0197201794013381,0.023560898599249345,0.0006540302274515852,0.0012311284779570996
lstm-mae-0.0001-s43,lstm,base,43,mae,0.0001,30,0.015393392648547888,0.02436795300907559,0.0004572696445393376,0.0012788459529272384
lstm-mae-0.0001-s44,lstm,base,44,mae,0.0001,1,0.7419776201248169,0.36399679426793696,0.5831854194402695,0.15930494191469968
lstm-mae-0.0001-s44,lstm,base,44,mae,0.0001,2,0.17801423817873002,0.22315369259428094,0.04701894512400031,0.07117181272694358
lstm-mae-0.0001-s44,lstm,base,44,mae,0.0001,3,0.16946791857481003,0.11804894181313338,0.04385836618021131,0.029368481360789803
lstm-mae-0.0001-s44,lstm,base,44,mae,0.0001,4,0.11771845854818822,0.11390552981584161,0.02234075826127082,0.021161669478924186
lstm-mae-0.0001-s44,lstm,base,44,mae,0.0001,5,0.07332072108983993,0.12433028011410324,0.009352229512296617,0.028408401324931117
lstm-mae-0.0001-s44,lstm,base,44,mae,0.0001,6,0.07930281460285186,0.08826294321980742,0.012596340198069812,0.01625107091040937
lstm-mae-0.0001-s44,lstm,base,44,mae,0.0001,7,0.058868379704654215,0.09617974346986523,0.007130707369651645,0.01859395680086756
lstm-mae-0.0001-s44,lstm,base,44,mae,0.0001,8,0.05889422781765461,0.07736877420986141,0.007708165422081947,0.012442554425258465
lstm-mae-0.0001-s44,lstm,base,44,mae,0.0001,9,0.04520899299532175,0.077425653156307,0.00476174596697092,0.01234254592736424
lstm-mae-0.0001-s44,lstm,base,44,mae,0.0001,10,0.04421553034335375,0.07447613571529035,0.004768842278281227,0.011308339554644017
lstm-mae-0.0001-s44,lstm,base,44,mae,0.0001,11,0.03922003787010908,0.0675983749743965,0.003977730119368061,0.009174497670890694
lstm-mae-0.0001-s44,lstm,base,44,mae,0.0001,12,0.03526558671146631,0.06543022677026412,0.003161513851955533,0.00853702982508198
lstm-mae-0.0001-s44,lstm,base,44,mae,0.0001,13,0.03322708196938038,0.06300526599365253,0.0028574338532052932,0.007873984142982711
lstm-mae-0.0001-s44,lstm,base,44,mae,0.0001,14,0.03143103308975696,0.061456766158894255,0.0025795969704631716,0.00744201906879122
lstm-mae-0.0001-s44,lstm,base,44,mae,0.0001,15,0.029902270808815957,0.05779092223555953,0.0023661445622565223,0.006455044003410472
lstm-mae-0.0001-s44,lstm,base,44,mae,0.0001,16,0.02817421481013298,0.05508802636630005,0.0020566811959724872,0.0056795635437420396
lstm-mae-0.0001-s44,lstm,base,44,mae,0.0001,17,0.026708990149199963,0.05321528334860449,0.00181940458714962,0.005230872689625593
lstm-mae-0.0001-s44,lstm,base,44,mae,0.0001,18,0.0257937615737319,0.0505187278682435,0.0016785518615506589,0.004587923267347463
lstm-mae-0.0001-s44,lstm,base,44,mae,0.0001,19,0.025284285098314284,0.04825302256202256,0.0015394912799820304,0.0041542005052583085
lstm-mae-0.0001-s44,lstm,base,44,mae,0.0001,20,0.024112623743712903,0.04702535362707244,0.0014269662060542032,0.0040474831031773375
lstm-mae-0.0001-s44,lstm,base,44,mae,0.0001,21,0.026413832418620588,0.050089172605011195,0.0015527220326475798,0.00453258226496271
lstm-mae-0.0001-s44,lstm,base,44,mae,0.0001,22,0.031876498647034165,0.05868163820770052,0.0019882199296262114,0.005685079666889376
lstm-mae-0.0001-s44,lstm,base,44,mae,0.0001,23,0.04721355233341455,0.04305821802053186,0.003178709850180894,0.0028766181255276834
lstm-mae-0.0001-s44,lstm,base,44,mae,0.0001,24,0.025712271686643362,0.042786300285822816,0.0012324317387538031,0.00287917358261809
lstm-mae-0.0001-s44,lstm,base,44,mae,0.0001,25,0.03366914875805378,0.04280215787390868,0.001729064027313143,0.0029414336050481156
lstm-mae-0.0001-s44,lstm,base,44,mae,0.0001,26,0.0335814367979765,0.04585215808064849,0.0019272894132882357,0.003597414668614942
lstm-mae-0.0001-s44,lstm,base,44,mae,0.0001,27,0.025658789090812206,0.04590121477290436,0.0012858453759690748,0.0035888937370920624
lstm-mae-0.0001-s44,lstm,base,44,mae,0.0001,28,0.03558116927742958,0.03635522140258992,0.0019067998859100045,0.002137637316870193
lstm-mae-0.0001-s44,lstm,base,44,mae,0.0001,29,0.02221038527786732,0.0367619010447352,0.0009590752655640244,0.0021048811487465475
lstm-mae-0.0001-s44,lstm,base,44,mae,0.0001,30,0.021021895483136176,0.0385321783936686,0.0008845073549309746,0.0023168639276668224
lstm-mae-0.001-s42,lstm,base,42,mae,0.001,1,0.11178622543811798,0.09370245265739935,0.02516510880086571,0.01593099948518944
lstm-mae-0.001-s42,lstm,base,42,mae,0.001,2,0.08126478642225266,0.06476082983944151,0.009651058097369969,0.005369133754046978
lstm-mae-0.001-s42,lstm,base,42,mae,0.001,3,0.09935855325311423,0.037132721256326745,0.014244394307024778,0.002060867370865135
lstm-mae-0.001-s42,lstm,base,42,mae,0.001,4,0.07175666783005,0.03042569331548832,0.008381161600118503,0.0015445844761820303
lstm-mae-0.001-s42,lstm,base,42,mae,0.001,5,0.024598724953830243,0.027101234594980875,0.0009979389142245054,0.0012444191616614935
lstm-mae-0.001-s42,lstm,base,42,mae,0.001,6,0.031633480358868836,0.02936075597449585,0.001496369720553048,0.0012277804940283574
lstm-mae-0.001-s42,lstm,base,42,mae,0.001,7,0.03593148365616798,0.01977470629607086,0.002019097495940514,0.0006477841112495366
lstm-mae-0.001-s42,lstm,base,42,mae,0.001,8,0.03477563140913844,0.030195599615021988,0.001940781627490651,0.0014533284525559457
lstm-mae-0.001-s42,lstm,base,42,mae,0.001,9,0.03153225332498551,0.02645042984297982,0.0013631529232952743,0.0014966809675873568
lstm-mae-0.001-s42,lstm,base,42,mae,0.001,10,0.03152238521724939,0.052679834487261594,0.001666377088986337,0.0033226495470713687
lstm-mae-0.001-s42,lstm,base,42,mae,0.001,11,0.04374496294185519,0.020179864157129218,0.002592403344169725,0.0007153049035911897
lstm-mae-0.001-s42,lstm,base,42,mae,0.001,12,0.02257003150880337,0.035068404329595744,0.0008024743874557316,0.0017915253885331804
lstm-mae-0.001-s42,lstm,base,42,mae,0.001,13,0.02632629740983248,0.020429711892373033,0.0011067814426496624,0.0007159961614956114
lstm-mae-0.001-s42,lstm,base,42,mae,0.001,14,0.0226706150919199,0.03480066000311463,0.0008126100758090616,0.001605167888380863
lstm-mae-0.001-s42,lstm,base,42,mae,0.001,15,0.0315041740424931,0.01704911368864554,0.001493843985372223,0.0005025058577841803
lstm-mae-0.001-s42,lstm,base,42,mae,0.001,16,0.023481134325265884,0.02218266231594262,0.0009113276537391357,0.0007871849594974062
lstm-mae-0.001-s42,lstm,base,42,mae,0.001,17,0.01840810738503933,0.022377637201161295,0.0005760970336268656,0.0008257824088946951
lstm-mae-0.001-s42,lstm,base,42,mae,0.001,18,0.02173561295494437,0.026220604253036003,0.0007932091626571492,0.0009959490499804142
lstm-mae-0.001-s42,lstm,base,42,mae,0.001,19,0.02400318458676338,0.01782731393835059,0.0009325547493062913,0.0005547282232092348
lstm-mae-0.001-s42,lstm,base,42,mae,0.001,20,0.02144919354468584,0.022134166873163646,0.0007688551413593814,0.0008350903286891817
lstm-mae-0.001-s42,lstm,base,42,mae,0.001,21,0.020225419104099272,0.021397922153550165,0.0006582011090358719,0.0007707061092972893
lstm-mae-0.001-s42,lstm,base,42,mae,0.001,22,0.021968918200582267,0.027984040561649534,0.0008024543742067181,0.0010950036260678811
lstm-mae-0.001-s42,lstm,base,42,mae,0.001,23,0.024343487992882728,0.015985115624412342,0.000949665909865871,0.0004707880371521848
lstm-mae-0.001-s42,lstm,base,42,mae,0.001,24,0.018708490859717132,0.025654817193194672,0.0006123789527919144,0.0010283582205711692
lstm-mae-0.001-s42,lstm,base,42,mae,0.001,25,0.02034643990918994,0.019024911840204838,0.0006565839139511809,0.0006207880741890727
lstm-mae-0.001-s42,lstm,base,42,mae,0.001,26,0.019658851996064187,0.02463588561448786,0.0006446965606301091,0.0008842173260981561
lstm-mae-0.001-s42,lstm,base,42,mae,0.001,27,0.022529536951333286,0.015526128863846814,0.0008163212987710722,0.00043198876999128884
lstm-mae-0.001-s42,lstm,base,42,mae,0.001,28,0.016861355863511562,0.023785973712801934,0.0005206902642385103,0.0008864065688275905
lstm-mae-0.001-s42,lstm,base,42,mae,0.001,29,0.019375268649309874,0.017783223051163886,0.0005965193777228706,0.0005688089636990938
lstm-mae-0.001-s42,lstm,base,42,mae,0.001,30,0.018691216316074132,0.022628689060608546,0.0005864390433998779,0.0007607736012518958
lstm-mae-0.001-s43,lstm,base,43,mae,0.001,1,0.15434546619653702,0.15916622391453497,0.032907280314248055,0.027657921612262725
lstm-mae-0.001-s43,lstm,base,43,mae,0.001,2,0.08262766525149345,0.040471980224053065,0.010323540074750781,0.002756870153717938
lstm-mae-0.001-s43,lstm,base,43,mae,0.001,3,0.0920168947428465,0.03976177822936464,0.013517141179181635,0.002594378708292627
lstm-mae-0.001-s43,lstm,base,43,mae,0.001,4,0.05927460622042417,0.022180261863050638,0.006505041458876803,0.0008115303144290078
lstm-mae-0.001-s43,lstm,base,43,mae,0.001,5,0.029196839034557342,0.023254500929680136,0.0012087296199752018,0.0008077233084434367
lstm-mae-0.001-s43,lstm,base,43,mae,0.001,6,0.026291118748486043,0.03058524276647303,0.0010234935863991268,0.0015746045786525227
lstm-mae-0.001-s43,lstm,base,43,mae,0.001,7,0.03749339263886213,0.023617786044875782,0.0020166181901004167,0.0009225089741111905
lstm-mae-0.001-s43,lstm,base,43,mae,0.001,8,0.02816442456096411,0.029937002131784404,0.0012728339963359759,0.0012099779047140922
lstm-mae-0.001-s43,lstm,base,43,mae,0.001,9,0.023788391798734664,0.01937641373111142,0.0009334898728411645,0.000678904723867567
lstm-mae-0.001-s43,lstm,base,43,mae,0.001,10,0.024956120923161507,0.021183435674066897,0.0009509901516139508,0.0007358866023693095
lstm-mae-0.001-s43,lstm,base,43,mae,0.001,11,0.02163752131164074,0.01783442539335401,0.0007762543973512948,0.0005873247983227311
lstm-mae-0.001-s43,lstm,base,43,mae,0.001,12,0.019687866140156985,0.023661808283240708,0.0006852648220956326,0.0008615247390008773
lstm-mae-0.001-s43,lstm,base,43,mae,0.001,13,0.020758273731917142,0.017979603688474056,0.0006965128355659545,0.0006040189294489446
lstm-mae-0.001-s43,lstm,base,43,mae,0.001,14,0.02263883827254176,0.021171774425440364,0.0007859364384785294,0.0007256573967256203
lstm-mae-0.001-s43,lstm,base,43,mae,0.001,15,0.018759877514094116,0.01672747663601681,0.0006281586247496307,0.0005259477762996944
lstm-mae-0.001-s43,lstm,base,43,mae,0.001,16,0.018213965836912392,0.02019929372602039,0.000608175719389692,0.0006540770267343355
lstm-mae-0.001-s43,lstm,base,43,mae,0.001,17,0.01931243874132633,0.018037410335684265,0.0006162849749671295,0.0005766624378911392
lstm-mae-0.001-s43,lstm,base,43,mae,0.001,18,0.023433555103838443,0.02362824719813135,0.0008335392369190231,0.0008524388204225236
lstm-mae-0.001-s43,lstm,base,43,mae,0.001,19,0.01911087203770876,0.015858767064357245,0.000662010170344729,0.0004802196261826558
lstm-mae-0.001-s43,lstm,base,43,mae,0.001,20,0.01710276398807764,0.02363434781630834,0.0005326888247509487,0.0007944557130233281
lstm-mae-0.001-s43,lstm,base,43,mae,0.001,21,0.019469688180834055,0.01968954366942247,0.0006384053012880031,0.0007137918034223495
lstm-mae-0.001-s43,lstm,base,43,mae,0.001,22,0.015800951700657605,0.017057451723074473,0.0004987690728739836,0.0005291921870256947
lstm-mae-0.001-s43,lstm,base,43,mae,0.001,23,0.01592237316071987,0.015546761791187304,0.0005036617978475988,0.0004459020882172303
lstm-mae-0.001-s43,lstm,base,43,mae,0.001,24,0.014664499927312136,0.018104926565731014,0.00042858625238295645,0.0005434311614846121
lstm-mae-0.001-s43,lstm,base,43,mae,0.001,25,0.01529007889330387,0.016024760115477772,0.0004324612600612454,0.00048297907051164657
lstm-mae-0.001-s43,lstm,base,43,mae,0.001,26,0.016028240974992513,0.01756473110505828,0.0004640563245629892,0.0005615077384626837
lstm-mae-0.001-s43,lstm,base,43,mae,0.001,27,0.015935971215367318,0.015938373317045194,0.0004941364561091178,0.00046874980121005877
lstm-mae-0.001-s43,lstm,base,43,mae,0.001,28,0.017237289994955062,0.017756369427122453,0.0005473933422763366,0.0005279767228919944
lstm-mae-0.001-s43,lstm,base,43,mae,0.001,29,0.01670722123235464,0.017731781890270887,0.00048193418042501434,0.0005193249170487332
lstm-mae-0.001-s43,lstm,base,43,mae,0.001,30,0.01830111360177398,0.020597224172066757,0.0005817135592224076,0.0007106564686788867
lstm-mae-0.001-s44,lstm,base,44,mae,0.001,1,0.25639688819646833,0.15781814566364996,0.10471653109416365,0.039788077454324125
lstm-mae-0.001-s44,lstm,base,44,mae,0.001,2,0.12865187469869852,0.07284096415947985,0.027733059134334326,0.009046327168794556
lstm-mae-0.001-s44,lstm,base,44,mae,0.001,3,0.07829371206462384,0.06438824084621889,0.009432432247558608,0.005854729199092145
lstm-mae-0.001-s44,lstm,base,44,mae,0.001,4,0.0468036187812686,0.04368053079341297,0.0036761000577826054,0.003915818329120089
lstm-mae-0.001-s44,lstm,base,44,mae,0.001,5,0.0513282785192132,0.039890564191672535,0.0037490021088160573,0.0025413158700016707
lstm-mae-0.001-s44,lstm,base,44,mae,0.001,6,0.06118114497512579,0.11804783156624547,0.005484567140229046,0.015960417204984912
lstm-mae-0.001-s44,lstm,base,44,mae,0.001,7,0.1393477816134691,0.047989218047371614,0.025776526471599937,0.0030623619599888722
lstm-mae-0.001-s44,lstm,base,44,mae,0.001,8,0.08856982290744782,0.05598574628432592,0.009986841538920998,0.003963813142575047
lstm-mae-0.001-s44,lstm,base,44,mae,0.001,9,0.038950357027351855,0.053431956745960095,0.002333367086248472,0.003658775500608263
lstm-mae-0.001-s44,lstm,base,44,mae,0.001,10,0.047578966431319716,0.03605119025127755,0.0033348950208164753,0.001876676863240492
lstm-mae-0.001-s44,lstm,base,44,mae,0.001,11,0.06158031150698662,0.06885026704382013,0.004908823443111032,0.005663571192848461
lstm-mae-0.001-s44,lstm,base,44,mae,0.001,12,0.07958614528179168,0.034271833742106406,0.008021158585324883,0.0017582407385041867
lstm-mae-0.001-s44,lstm,base,44,mae,0.001,13,0.0428805772215128,0.03781700785513278,0.0025850436417385937,0.0018767766111219923
lstm-mae-0.001-s44,lstm,base,44,mae,0.001,14,0.027581324987113475,0.028489523125743425,0.0011457036423962563,0.001168832839337281
lstm-mae-0.001-s44,lstm,base,44,mae,0.001,15,0.037060090154409406,0.036666250394450296,0.0019282133725937456,0.001891217585998001
lstm-mae-0.001-s44,lstm,base,44,mae,0.001,16,0.03618720406666398,0.03978168368339539,0.0018801532554789447,0.0021988893082986274
lstm-mae-0.001-s44,lstm,base,44,mae,0.001,17,0.04546218980103731,0.03212871554273146,0.00283926161355339,0.001553788957082563
lstm-mae-0.001-s44,lstm,base,44,mae,0.001,18,0.02334141256287694,0.031811740566734914,0.0008933076809626072,0.0013845523927119318
lstm-mae-0.001-s44,lstm,base,44,mae,0.001,19,0.0310464252717793,0.020248016659860257,0.0014292223408119754,0.0007062624044785345
lstm-mae-0.001-s44,lstm,base,44,mae,0.001,20,0.032162285223603246,0.03738026519616445,0.0014629128389060497,0.0019157573330664524
lstm-mae-0.001-s44,lstm,base,44,mae,0.001,21,0.036006631702184676,0.021401362217686796,0.0018655553983990103,0.0007239397382363677
lstm-mae-0.001-s44,lstm,base,44,mae,0.001,22,0.019187121000140906,0.01863970545430978,0.0006893341822433285,0.0005883173823046187
lstm-mae-0.001-s44,lstm,base,44,mae,0.001,23,0.018745309580117463,0.024978141403860517,0.0005657394212903455,0.0009025268446378134
lstm-mae-0.001-s44,lstm,base,44,mae,0.001,24,0.024245496559888124,0.01993039331778332,0.0008805095567367971,0.0006911258627143171
lstm-mae-0.001-s44,lstm,base,44,mae,0.001,25,0.021990633755922317,0.03170671290545552,0.0007569168141344562,0.0014562328591839306
lstm-mae-0.001-s44,lstm,base,44,mae,0.001,26,0.029242172837257385,0.020623677706828825,0.0012643056747037918,0.0006475110413265173
lstm-mae-0.001-s44,lstm,base,44,mae,0.001,27,0.023706787172704934,0.027221305420001347,0.0009279763558879495,0.0010756263526639452
lstm-mae-0.001-s44,lstm,base,44,mae,0.001,28,0.024306272715330125,0.022286587581038474,0.0008780411153566092,0.0007374138780438375
lstm-mae-0.001-s44,lstm,base,44,mae,0.001,29,0.029251956939697267,0.028756554548939068,0.0012358177424175664,0.0012688650801363918
lstm-mae-0.001-s44,lstm,base,44,mae,0.001,30,0.022074815444648267,0.0218883261360504,0.0008351683092769236,0.0007823320739488635
lstm-huber-0.0001-s42,lstm,base,42,huber,0.0001,1,0.07932828441262245,0.10464194891629396,0.015099389851093293,0.018048067432310848
lstm-huber-0.0001-s42,lstm,base,42,huber,0.0001,2,0.066629278101027,0.07566739737435624,0.009282684791833163,0.013244644692167639
lstm-huber-0.0001-s42,lstm,base,42,huber,0.0001,3,0.048531944304704665,0.06872578326750685,0.0064487845578696575,0.010519876834694986
lstm-huber-0.0001-s42,lstm,base,42,huber,0.0001,4,0.03829808700829744,0.05733290132549074,0.004373885504901409,0.0081958232930413
lstm-huber-0.0001-s42,lstm,base,42,huber,0.0001,5,0.031272243708372116,0.05171210754800726,0.003325587912695482,0.0067449035381691325
lstm-huber-0.0001-s42,lstm,base,42,huber,0.0001,6,0.028622679784893988,0.04467497356235981,0.002617799228755757,0.0058780724049062915
lstm-huber-0.0001-s42,lstm,base,42,huber,0.0001,7,0.02934836717322469,0.04406607664293713,0.0023328791809035464,0.005515733419020695
lstm-huber-0.0001-s42,lstm,base,42,huber,0.0001,8,0.027407641895115374,0.04660004635375959,0.0022316957911243662,0.005238101874581642
lstm-huber-0.0001-s42,lstm,base,42,huber,0.0001,9,0.02328235162422061,0.04530272314118015,0.001850985646888148,0.0048386931962644065
lstm-huber-0.0001-s42,lstm,base,42,huber,0.0001,10,0.023558572866022587,0.04060009607562312,0.001610791086568497,0.0042612637108605765
lstm-huber-0.0001-s42,lstm,base,42,huber,0.0001,11,0.02178900521248579,0.03911429149685083,0.001240813908225391,0.004116364579466689
lstm-huber-0.0001-s42,lstm,base,42,huber,0.0001,12,0.024945040978491307,0.040173063592778314,0.0012654001795453951,0.0038048835359168827
lstm-huber-0.0001-s42,lstm,base,42,huber,0.0001,13,0.02155724847689271,0.043326128991665665,0.0011840113060316072,0.003719190839264128
lstm-huber-0.0001-s42,lstm,base,42,huber,0.0001,14,0.022873097099363804,0.041737057820514394,0.0011949484323849902,0.003210520553316369
lstm-huber-0.0001-s42,lstm,base,42,huber,0.0001,15,0.025907604862004517,0.033189882041403544,0.0011484935734188185,0.002455186470049537
lstm-huber-0.0001-s42,lstm,base,42,huber,0.0001,16,0.02393789030611515,0.034482351366292546,0.0008865552212228067,0.0022806973897213875
lstm-huber-0.0001-s42,lstm,base,42,huber,0.0001,17,0.023558367043733597,0.03749998617503378,0.0009365714206069243,0.002266014252651345
lstm-huber-0.0001-s42,lstm,base,42,huber,0.0001,18,0.018010858353227376,0.03531243937710921,0.0006468977822805755,0.0020768332200262834
lstm-huber-0.0001-s42,lstm,base,42,huber,0.0001,19,0.021027641277760266,0.02972892559374924,0.0008176336443284527,0.0016247752506320398
lstm-huber-0.0001-s42,lstm,base,42,huber,0.0001,20,0.019674263335764407,0.03211732541935312,0.0006619631923967973,0.0019168213346145218
lstm-huber-0.0001-s42,lstm,base,42,huber,0.0001,21,0.020725688990205528,0.03571643202945038,0.000726150737318676,0.0020376130179674537
lstm-huber-0.0001-s42,lstm,base,42,huber,0.0001,22,0.017721333913505076,0.03501594338428091,0.0006230769227840938,0.002002835300906251
lstm-huber-0.0001-s42,lstm,base,42,huber,0.0001,23,0.02127525471150875,0.02909967461945834,0.0008122273022308946,0.0015447276120539755
lstm-huber-0.0001-s42,lstm,base,42,huber,0.0001,24,0.01934219282120466,0.031230513054739544,0.000628928595688194,0.001780705191238128
lstm-huber-0.0001-s42,lstm,base,42,huber,0.0001,25,0.01895237099379301,0.03488228808122652,0.0006352622876875103,0.0019649533792053934
lstm-huber-0.0001-s42,lstm,base,42,huber,0.0001,26,0.01678059743717313,0.033676888076243576,0.0005705206654965878,0.0018938715220429003
lstm-huber-0.0001-s42,lstm,base,42,huber,0.0001,27,0.019954318460077048,0.028895636206423794,0.000729808525647968,0.001525384871961756
lstm-huber-0.0001-s42,lstm,base,42,huber,0.0001,28,0.017861698754131794,0.030987115038765802,0.0005583322592428886,0.001738373879601972
lstm-huber-0.0001-s42,lstm,base,42,huber,0.0001,29,0.0179824604652822,0.03429295311647433,0.0005913350527407601,0.0019081236052982233
lstm-huber-0.0001-s42,lstm,base,42,huber,0.0001,30,0.0162740764208138,0.03290527369137163,0.0005424306640634313,0.0018159452636070826
lstm-huber-0.0001-s43,lstm,base,43,huber,0.0001,1,0.1033239794895053,0.0644584590362178,0.020519942988175898,0.005727611725322075
lstm-huber-0.0001-s43,lstm,base,43,huber,0.0001,2,0.06804091464728117,0.04692873295258593,0.007657865504734218,0.0036954978662025596
lstm-huber-0.0001-s43,lstm,base,43,huber,0.0001,3,0.05033282469958067,0.03190558689335982,0.004906994168413803,0.0021276198434255398
lstm-huber-0.0001-s43,lstm,base,43,huber,0.0001,4,0.04167871121317148,0.034993526353328315,0.002905228082090616,0.0022693295978199416
lstm-huber-0.0001-s43,lstm,base,43,huber,0.0001,5,0.03664055671542883,0.030091185288296806,0.0024363987991819157,0.0017948760560506749
lstm-huber-0.0001-s43,lstm,base,43,huber,0.0001,6,0.027618276234716178,0.035814993028287535,0.0013907506945542991,0.0021883607218990586
lstm-huber-0.0001-s43,lstm,base,43,huber,0.0001,7,0.031179673224687576,0.02784453050957786,0.0015419196046423168,0.001647509779151598
lstm-huber-0.0001-s43,lstm,base,43,huber,0.0001,8,0.02102641174569726,0.028251051481951166,0.0008471963607007638,0.001641435714878349
lstm-huber-0.0001-s43,lstm,base,43,huber,0.0001,9,0.020702319871634244,0.028650506144320523,0.0007394479820504784,0.0016345487329763946
lstm-huber-0.0001-s43,lstm,base,43,huber,0.0001,10,0.020380220469087364,0.026717631318778905,0.0007144861170672812,0.0015322313105032123
lstm-huber-0.0001-s43,lstm,base,43,huber,0.0001,11,0.01927455309778452,0.025975828176295315,0.0006897905564983376,0.001540586082437248
lstm-huber-0.0001-s43,lstm,base,43,huber,0.0001,12,0.020336260180920364,0.025418929948850914,0.0007192572229541838,0.001518631562659586
lstm-huber-0.0001-s43,lstm,base,43,huber,0.0001,13,0.019748117588460446,0.025173968124996733,0.0006780037074349821,0.0013972430225867019
lstm-huber-0.0001-s43,lstm,base,43,huber,0.0001,14,0.016993097588419916,0.030916039935416646,0.0005282494879793376,0.0016487939811432389
lstm-huber-0.0001-s43,lstm,base,43,huber,0.0001,15,0.02338754674419761,0.024881835744060853,0.0008610349090304225,0.0013468309025349164
lstm-huber-0.0001-s43,lstm,base,43,huber,0.0001,16,0.02062477171421051,0.02678885447482268,0.0007194026286015287,0.0015237523195402766
lstm-huber-0.0001-s43,lstm,base,43,huber,0.0001,17,0.023405647464096548,0.024443437752348404,0.0008467677515000104,0.0013737745744745351
lstm-huber-0.0001-s43,lstm,base,43,huber,0.0001,18,0.02254318241029978,0.029872713306987726,0.0008184424659702927,0.0015512458878759018
lstm-huber-0.0001-s43,lstm,base,43,huber,0.0001,19,0.01941055655479431,0.026343972028957472,0.000639755351585336,0.0013714504661038519
lstm-huber-0.0001-s43,lstm,base,43,huber,0.0001,20,0.02131427302956581,0.02473165765404701,0.0007469905613106675,0.0013354044687865234
lstm-huber-0.0001-s43,lstm,base,43,huber,0.0001,21,0.017988546658307313,0.02510965611371729,0.0005776513804448769,0.0013871067955969246
lstm-huber-0.0001-s43,lstm,base,43,huber,0.0001,22,0.021269754413515328,0.02539724446833134,0.0007268856425071135,0.001312919068732299
lstm-huber-0.0001-s43,lstm,base,43,huber,0.0001,23,0.015853764954954386,0.02921509855185394,0.00046983930369606244,0.001491440225207178
lstm-huber-0.0001-s43,lstm,base,43,huber,0.0001,24,0.02035755245015025,0.024213453706491878,0.0006757120310794563,0.0012682828521873388
lstm-huber-0.0001-s43,lstm,base,43,huber,0.0001,25,0.018435681983828545,0.02491169413206754,0.0005959112670097966,0.0013469409947800967
lstm-huber-0.0001-s43,lstm,base,43,huber,0.0001,26,0.018814372736960648,0.02370388901757973,0.0005954118096269667,0.001288009346117852
lstm-huber-0.0001-s43,lstm,base,43,huber,0.0001,27,0.020195679645985364,0.02768023748088766,0.0006694452356896363,0.0013882159487197728
lstm-huber-0.0001-s43,lstm,base,43,huber,0.0001,28,0.017877478431910277,0.02653296208354058,0.0005427511088782922,0.0013286098623346467
lstm-huber-0.0001-s43,lstm,base,43,huber,0.0001,29,0.019584576413035393,0.023550273388348242,0.0006528214813442901,0.0012299013121433004
lstm-huber-0.0001-s43,lstm,base,43,huber,0.0001,30,0.015843671187758444,0.024333405053174054,0.00047514639154542235,0.0012904422023523323
lstm-huber-0.0001-s44,lstm,base,44,huber,0.0001,1,0.7419967174530029,0.36402760589564287,0.5832115262746811,0.15933284803673073
lstm-huber-0.0001-s44,lstm,base,44,huber,0.0001,2,0.17807277515530587,0.2234541823466619,0.04704150501638651,0.07131134697960483
lstm-huber-0.0001-s44,lstm,base,44,huber,0.0001,3,0.17003998383879662,0.11818889958990944,0.044060306064784525,0.029414317013557862
lstm-huber-0.0001-s44,lstm,base,44,huber,0.0001,4,0.11759034320712089,0.1142769546420486,0.022307170019485057,0.021202827127719367
lstm-huber-0.0001-s44,lstm,base,44,huber,0.0001,5,0.07348048761487007,0.1266068842675951,0.009386310703121126,0.029050527178440932
lstm-huber-0.0001-s44,lstm,base,44,huber,0.0001,6,0.080392637103796,0.08831008765156623,0.012848869315348566,0.016266740625724196
lstm-huber-0.0001-s44,lstm,base,44,huber,0.0001,7,0.058674510568380356,0.09551288032973254,0.00710597017314285,0.018436741465012785
lstm-huber-0.0001-s44,lstm,base,44,huber,0.0001,8,0.05830877386033535,0.07780008968655709,0.007641720050014555,0.012634582438557926
lstm-huber-0.0001-s44,lstm,base,44,huber,0.0001,9,0.045137785747647284,0.07808700479842999,0.004839423374505714,0.01252482517329217
lstm-huber-0.0001-s44,lstm,base,44,huber,0.0001,10,0.042780380323529245,0.0726606527964274,0.0046544042881578205,0.010744783075319396
lstm-huber-0.0001-s44,lstm,base,44,huber,0.0001,11,0.03813525084406137,0.06815121655386908,0.0037590326624922453,0.009290040563360823
lstm-huber-0.0001-s44,lstm,base,44,huber,0.0001,12,0.035115781053900716,0.06532253257378384,0.0031750381109304725,0.008435338993418823
lstm-huber-0.0001-s44,lstm,base,44,huber,0.0001,13,0.03326316252350807,0.06291111798750029,0.0028225506714079527,0.007806599861942232
lstm-huber-0.0001-s44,lstm,base,44,huber,0.0001,14,0.03128211405128241,0.06062625566566432,0.0025443474121857436,0.007237162888136313
lstm-huber-0.0001-s44,lstm,base,44,huber,0.0001,15,0.0295107064768672,0.05850267826958939,0.002314123435644433,0.006695816691757904
lstm-huber-0.0001-s44,lstm,base,44,huber,0.0001,16,0.028106958605349064,0.05629963056632766,0.0021201621450018136,0.006118004360770876
lstm-huber-0.0001-s44,lstm,base,44,huber,0.0001,17,0.0268051004037261,0.05392773220384563,0.0019295926991617306,0.0054838036307720125
lstm-huber-0.0001-s44,lstm,base,44,huber,0.0001,18,0.025468413718044758,0.05125627076184308,0.0017273942532483489,0.004798755305819214
lstm-huber-0.0001-s44,lstm,base,44,huber,0.0001,19,0.02428727289661765,0.04823113196977863,0.0015219941531540826,0.004059241566358617
lstm-huber-0.0001-s44,lstm,base,44,huber,0.0001,20,0.0239592332392931,0.04611648138336561,0.0013537238439312205,0.0035145701289702965
lstm-huber-0.0001-s44,lstm,base,44,huber,0.0001,21,0.027073200047016143,0.045068577490746976,0.0014222241356037558,0.0033167195131277873
lstm-huber-0.0001-s44,lstm,base,44,huber,0.0001,22,0.03202887922525406,0.04345137368611716,0.001676332560600713,0.003389434833985029
lstm-huber-0.0001-s44,lstm,base,44,huber,0.0001,23,0.028062608372420073,0.05161310006622915,0.0015706101985415444,0.004607489709397433
lstm-huber-0.0001-s44,lstm,base,44,huber,0.0001,24,0.038598228618502615,0.046968423271620714,0.0024240793252829464,0.0038497610181501066
lstm-huber-0.0001-s44,lstm,base,44,huber,0.0001,25,0.04284598287194967,0.03942895148087431,0.002600229892414063,0.002447646634256536
lstm-huber-0.0001-s44,lstm,base,44,huber,0.0001,26,0.022126500960439444,0.03967934490215999,0.0009853716634097508,0.0024753562988566787
lstm-huber-0.0001-s44,lstm,base,44,huber,0.0001,27,0.027806607075035572,0.03928413757433494,0.0013123532815370708,0.0024745333614797954
lstm-huber-0.0001-s44,lstm,base,44,huber,0.0001,28,0.03207724373787642,0.0416229121800926,0.0017271987773710862,0.0029766696212054403
lstm-huber-0.0001-s44,lstm,base,44,huber,0.0001,29,0.0243127285502851,0.04446016894998374,0.001162690867204219,0.003352525991525639
lstm-huber-0.0001-s44,lstm,base,44,huber,0.0001,30,0.033671737648546696,0.03469412769708369,0.001752732152817771,0.0020561296312802436
lstm-huber-0.001-s42,lstm,base,42,huber,0.001,1,0.11196319311857224,0.09546328802351599,0.0252136679016985,0.016822482907661685
lstm-huber-0.001-s42,lstm,base,42,huber,0.001,2,0.08191701285541057,0.06447466744316949,0.009849149698857218,0.005263432018734791
lstm-huber-0.001-s42,lstm,base,42,huber,0.001,3,0.09907864481210708,0.03478321353042567,0.01415929167997092,0.0018675115028465236
lstm-huber-0.001-s42,lstm,base,42,huber,0.001,4,0.0733403567224741,0.036581169289571266,0.008467280369950458,0.0020806985355361746
lstm-huber-0.001-s42,lstm,base,42,huber,0.001,5,0.026062311977148055,0.023004761600384005,0.0012056984298396856,0.0008524918601054836
lstm-huber-0.001-s42,lstm,base,42,huber,0.001,6,0.02667213911190629,0.04025678557378275,0.0011006936663761735,0.002064922910735563
lstm-huber-0.001-s42,lstm,base,42,huber,0.001,7,0.04472386334091425,0.024874399795576378,0.002920118614565581,0.0010167720188662686
lstm-huber-0.001-s42,lstm,base,42,huber,0.001,8,0.038096651807427405,0.04286932804518276,0.0022144170594401657,0.0028251360101556335
lstm-huber-0.001-s42,lstm,base,42,huber,0.001,9,0.035447060503065585,0.02447929066364412,0.0020644448493840175,0.0010808627778681479
lstm-huber-0.001-s42,lstm,base,42,huber,0.001,10,0.0269832581281662,0.04418505300526266,0.0011648988904198632,0.0024406273012842843
lstm-huber-0.001-s42,lstm,base,42,huber,0.001,11,0.04079229738563299,0.01937404795791264,0.0023620826759724878,0.0006448599632777688
lstm-huber-0.001-s42,lstm,base,42,huber,0.001,12,0.026718525681644678,0.02880942617301588,0.0011662267352221534,0.0012405715462389505
lstm-huber-0.001-s42,lstm,base,42,huber,0.001,13,0.02283302117139101,0.020813282910320495,0.0008405394299188628,0.0007246248321650826
lstm-huber-0.001-s42,lstm,base,42,huber,0.001,14,0.023601720109581947,0.03499850898429199,0.0008630615950096399,0.0016083673936211401
lstm-huber-0.001-s42,lstm,base,42,huber,0.001,15,0.0310021304525435,0.01751892228645307,0.0014274149638367818,0.0005277478794731131
lstm-huber-0.001-s42,lstm,base,42,huber,0.001,16,0.022715646028518676,0.027399514518954136,0.0008574349485570565,0.0011409966316056886
lstm-huber-0.001-s42,lstm,base,42,huber,0.001,17,0.020826051756739617,0.01811747485426841,0.0007264816071256064,0.0005845100656626057
lstm-huber-0.001-s42,lstm,base,42,huber,0.001,18,0.02009731763973832,0.027716440445295087,0.000641383470792789,0.0010722382705555195
lstm-huber-0.001-s42,lstm,base,42,huber,0.001,19,0.02663517538458109,0.01745198813991414,0.0010720516540459358,0.0005164597711646584
lstm-huber-0.001-s42,lstm,base,42,huber,0.001,20,0.017427167389541864,0.026306821943985093,0.0005423630849691108,0.0011082998985700585
lstm-huber-0.001-s42,lstm,base,42,huber,0.001,21,0.020606707502156495,0.01939102541655302,0.0006872975776786916,0.0006409391653034146
lstm-huber-0.001-s42,lstm,base,42,huber,0.001,22,0.01949799619615078,0.024536448772306794,0.0006134652576292865,0.000882772755102013
lstm-huber-0.001-s42,lstm,base,42,huber,0.001,23,0.024147632531821728,0.017410164216050395,0.0009180389999528416,0.0005071748343417076
lstm-huber-0.001-s42,lstm,base,42,huber,0.001,24,0.016220802254974843,0.023044912054858827,0.0004805557487998158,0.0008789556124678778
lstm-huber-0.001-s42,lstm,base,42,huber,0.001,25,0.018999611120671035,0.01944865985876984,0.0006050480573321692,0.0006383331757711454
lstm-huber-0.001-s42,lstm,base,42,huber,0.001,26,0.018175945803523063,0.022264561153672358,0.0005600769247394056,0.0007525471951036404
lstm-huber-0.001-s42,lstm,base,42,huber,0.001,27,0.021480802074074747,0.01720216455007041,0.0007588190070237033,0.0004968939975326605
lstm-huber-0.001-s42,lstm,base,42,huber,0.001,28,0.01612352756783366,0.022032085737144505,0.0004723826772533357,0.0007983391825325304
lstm-huber-0.001-s42,lstm,base,42,huber,0.001,29,0.01826830245554447,0.01933452514586625,0.0005707744610845111,0.0006273169652558863
lstm-huber-0.001-s42,lstm,base,42,huber,0.001,30,0.017508357763290405,0.02096696330441369,0.0005338141723768786,0.0006827493648786374
lstm-huber-0.001-s43,lstm,base,43,huber,0.001,1,0.14783603139221668,0.09950338121917512,0.030533621681388467,0.012533767645557721
lstm-huber-0.001-s43,lstm,base,43,huber,0.001,2,0.05023471508175135,0.03173182343167287,0.0046358428138773885,0.001949616080943357
lstm-huber-0.001-s43,lstm,base,43,huber,0.001,3,0.043160860612988475,0.0879615655651799,0.0028604214312508702,0.009394499845802784
lstm-huber-0.001-s43,lstm,base,43,huber,0.001,4,0.09609638787806034,0.09975631893784911,0.01135695183183998,0.011094112100976486
lstm-huber-0.001-s43,lstm,base,43,huber,0.001,5,0.051709981821477416,0.02244035465021928,0.003977659984957427,0.0008796509811266636
lstm-huber-0.001-s43,lstm,base,43,huber,0.001,6,0.030261555314064027,0.036685685316721596,0.001379510250990279,0.0017431817293443062
lstm-huber-0.001-s43,lstm,base,43,huber,0.001,7,0.035454141162335875,0.02362352027385323,0.0018005026853643359,0.0009168936780446933
lstm-huber-0.001-s43,lstm,base,43,huber,0.001,8,0.031422176770865916,0.025349758717196958,0.0014963654015446083,0.0010324064758606255
lstm-huber-0.001-s43,lstm,base,43,huber,0.001,9,0.022379737347364426,0.01967588202268989,0.0008428114757407457,0.0007280844451290452
lstm-huber-0.001-s43,lstm,base,43,huber,0.001,10,0.01910047559067607,0.022488032605637004,0.0006744157188222743,0.0008076246702802126
lstm-huber-0.001-s43,lstm,base,43,huber,0.001,11,0.022884517442435026,0.019933515849212807,0.0007874171569710597,0.0006490902236826649
lstm-huber-0.001-s43,lstm,base,43,huber,0.001,12,0.02505216924473643,0.022838193702476996,0.000970603151654359,0.0008431916150988804
lstm-huber-0.001-s43,lstm,base,43,huber,0.001,13,0.01888819960877299,0.018395856954157352,0.0006320355401840061,0.0006323733595544818
lstm-huber-0.001-s43,lstm,base,43,huber,0.001,14,0.018294234946370124,0.019286545911044985,0.0006233935913769528,0.0006450261707262446
lstm-huber-0.001-s43,lstm,base,43,huber,0.001,15,0.018659303802996872,0.019922218182020716,0.0005665961070917547,0.0006324682940935923
lstm-huber-0.001-s43,lstm,base,43,huber,0.001,16,0.021452805679291486,0.020205433087216482,0.0007490022573620081,0.0007019702422743042
lstm-huber-0.001-s43,lstm,base,43,huber,0.001,17,0.017017964832484724,0.01668743142099292,0.0005392066654167138,0.0005305103812133893
lstm-huber-0.001-s43,lstm,base,43,huber,0.001,18,0.01657360978424549,0.018261267727723827,0.0005291535780997947,0.0005937319598160684
lstm-huber-0.001-s43,lstm,base,43,huber,0.001,19,0.016780192870646714,0.019480590508491904,0.0004948047557263635,0.0006074126185719958
lstm-huber-0.001-s43,lstm,base,43,huber,0.001,20,0.018259385973215102,0.017835807855482454,0.0005752011566073634,0.0005868396062093476
lstm-huber-0.001-s43,lstm,base,43,huber,0.001,21,0.016003929916769265,0.01683114836751311,0.0004925298810121604,0.0005347466385164471
lstm-huber-0.001-s43,lstm,base,43,huber,0.001,22,0.016099456511437894,0.016618996982773145,0.0004972380149411038,0.0005297593850021561
lstm-huber-0.001-s43,lstm,base,43,huber,0.001,23,0.015606024023145437,0.020463266575502025,0.0004646988192689605,0.0006490136106515786
lstm-huber-0.001-s43,lstm,base,43,huber,0.001,24,0.017185835540294646,0.015935573768284587,0.0005162429049960337,0.0005004244717484754
lstm-huber-0.001-s43,lstm,base,43,huber,0.001,25,0.016268197912722826,0.018290258267963374,0.0004733790367026813,0.0005934668758763345
lstm-huber-0.001-s43,lstm,base,43,huber,0.001,26,0.016362421680241823,0.015849610204222025,0.0005068477417808026,0.0004919885765519683
lstm-huber-0.001-s43,lstm,base,43,huber,0.001,27,0.015479046571999788,0.018937647370276627,0.00047746249256306326,0.0005904640543222842
lstm-huber-0.001-s43,lstm,base,43,huber,0.001,28,0.01678858920931816,0.017140052674545183,0.0004792433901457116,0.0005056528042553475
lstm-huber-0.001-s43,lstm,base,43,huber,0.001,29,0.01784617081284523,0.01919449531921634,0.0005569591259700247,0.0006330297033181758
lstm-huber-0.001-s43,lstm,base,43,huber,0.001,30,0.016083805821835995,0.015424156527000445,0.0004991307912860065,0.0004678042767207242
lstm-huber-0.001-s44,lstm,base,44,huber,0.001,1,0.25570552200078966,0.15152964547828393,0.10447216350585223,0.03722102464073234
lstm-huber-0.001-s44,lstm,base,44,huber,0.001,2,0.12837085649371147,0.07260048149360551,0.028101227362640202,0.008949689055292833
lstm-huber-0.001-s44,lstm,base,44,huber,0.001,3,0.07960021290928125,0.06241878908541468,0.009798701171530411,0.005555272029919757
lstm-huber-0.001-s44,lstm,base,44,huber,0.001,4,0.04781056344509125,0.04222985951022969,0.0037203523970674723,0.0036286148401106604
lstm-huber-0.001-s44,lstm,base,44,huber,0.001,5,0.05078807547688484,0.03952902262961423,0.0035707646748051047,0.0024814246375441415
lstm-huber-0.001-s44,lstm,base,44,huber,0.001,6,0.06243843138217926,0.10071003718508614,0.005531964241527021,0.012378768640121928
lstm-huber-0.001-s44,lstm,base,44,huber,0.001,7,0.13968201875686645,0.04622968987182335,0.026332445279695093,0.002820608176773897
lstm-huber-0.001-s44,lstm,base,44,huber,0.001,8,0.0913911834359169,0.05109368115663528,0.010908643342554569,0.0033451147446477854
lstm-huber-0.001-s44,lstm,base,44,huber,0.001,9,0.029679754003882407,0.033332543095780744,0.0014352488215081394,0.0016610224720487302
lstm-huber-0.001-s44,lstm,base,44,huber,0.001,10,0.034885738231241706,0.035309335865356305,0.0017302315565757454,0.0017209714205280223
lstm-huber-0.001-s44,lstm,base,44,huber,0.001,11,0.042446451261639595,0.03544822739506209,0.0022812079987488687,0.0020876863096081825
lstm-huber-0.001-s44,lstm,base,44,huber,0.001,12,0.04579578619450331,0.06237710236951157,0.0029894217266701164,0.004717700895680873
lstm-huber-0.001-s44,lstm,base,44,huber,0.001,13,0.060583540424704554,0.03988218382000923,0.004689354146830737,0.002194883882206071
lstm-huber-0.001-s44,lstm,base,44,huber,0.001,14,0.03253817427903414,0.04796383013879811,0.0016492353723151609,0.0028672542983528087
lstm-huber-0.001-s44,lstm,base,44,huber,0.001,15,0.04015851281583309,0.02183265560479076,0.0023225436598295346,0.000727778112438197
lstm-huber-0.001-s44,lstm,base,44,huber,0.001,16,0.03808203730732203,0.040618018695601714,0.002065301942639053,0.0022077303190060236
lstm-huber-0.001-s44,lstm,base,44,huber,0.001,17,0.047486032173037526,0.024094619795128152,0.00296779916388914,0.0008747502277536249
lstm-huber-0.001-s44,lstm,base,44,huber,0.001,18,0.035071024764329196,0.03453923514871685,0.0017343902814900502,0.001634056850646933
lstm-huber-0.001-s44,lstm,base,44,huber,0.001,19,0.028861708473414183,0.026718867004469588,0.0012026407814119012,0.0010292104553189818
lstm-huber-0.001-s44,lstm,base,44,huber,0.001,20,0.03583748918026686,0.03174775797459814,0.0017853093799203635,0.00145241842881121
lstm-huber-0.001-s44,lstm,base,44,huber,0.001,21,0.02887659389525652,0.02713274454904927,0.0012568377831485122,0.0011131477089495294
lstm-huber-0.001-s44,lstm,base,44,huber,0.001,22,0.0323114100843668,0.023971837579652114,0.0015133238601265475,0.000938353487894077
lstm-huber-0.001-s44,lstm,base,44,huber,0.001,23,0.021792546007782222,0.03067855709404857,0.0007813781092409044,0.00127931709823854
lstm-huber-0.001-s44,lstm,base,44,huber,0.001,24,0.026451894827187062,0.019100690922803348,0.0010573083054623567,0.0006298531346988898
lstm-huber-0.001-s44,lstm,base,44,huber,0.001,25,0.02645788760855794,0.030125170270050013,0.0010432727227453142,0.0013284285311345701
lstm-huber-0.001-s44,lstm,base,44,huber,0.001,26,0.02747369557619095,0.018918289720184275,0.001132687952485867,0.0005846508211645953
lstm-huber-0.001-s44,lstm,base,44,huber,0.001,27,0.0206586510874331,0.024386132577503168,0.0007582868689496536,0.0009079379503856655
lstm-huber-0.001-s44,lstm,base,44,huber,0.001,28,0.021924950089305638,0.021528705747591123,0.0007204782959888689,0.000709212228388491
lstm-huber-0.001-s44,lstm,base,44,huber,0.001,29,0.025368963740766047,0.02520566530249737,0.0009526376350549981,0.0010021697850552975
lstm-huber-0.001-s44,lstm,base,44,huber,0.001,30,0.020808295160532,0.024109028817878828,0.0007425611693179235,0.0009189193080938249
gru-mse-0.0001-s42,gru,base,42,mse,0.0001,1,0.14435243979096413,0.11499264692818677,0.02677944665774703,0.017778520975951794
gru-mse-0.0001-s42,gru,base,42,mse,0.0001,2,0.06251504942774773,0.07154015124671989,0.00602186881005764,0.010248051549273508
gru-mse-0.0001-s42,gru,base,42,mse,0.0001,3,0.0717510363087058,0.06705090657428459,0.008204799517989159,0.007258894667029381
gru-mse-0.0001-s42,gru,base,42,mse,0.0001,4,0.060074007138609886,0.06603104110669207,0.004883270431309939,0.006725108695940839
gru-mse-0.0001-s42,gru,base,42,mse,0.0001,5,0.042942425981163976,0.05455634668469429,0.0027431065682321787,0.005400252693194758
gru-mse-0.0001-s42,gru,base,42,mse,0.0001,6,0.04508018624037504,0.054695572621292536,0.0028733607847243547,0.005192391170809666
gru-mse-0.0001-s42,gru,base,42,mse,0.0001,7,0.03767197839915752,0.05360499810841349,0.0020800303551368414,0.005008876340946666
gru-mse-0.0001-s42,gru,base,42,mse,0.0001,8,0.03253694158047438,0.05205681437143573,0.0016188597975997255,0.004810791510950636
gru-mse-0.0001-s42,gru,base,42,mse,0.0001,9,0.03046687915921211,0.052789684081519093,0.001442669070092961,0.004896951700491762
gru-mse-0.0001-s42,gru,base,42,mse,0.0001,10,0.026630413252860308,0.05190498795774248,0.0011617249750997872,0.004795196090169527
gru-mse-0.0001-s42,gru,base,42,mse,0.0001,11,0.025051148235797883,0.052015545453738286,0.0010459935656399466,0.004818442718263854
gru-mse-0.0001-s42,gru,base,42,mse,0.0001,12,0.023254385404288768,0.0516888647167771,0.000924093161302153,0.004793028122986908
gru-mse-0.0001-s42,gru,base,42,mse,0.0001,13,0.022051939461380243,0.05157435032780524,0.0008459777382086031,0.00479118797014019
gru-mse-0.0001-s42,gru,base,42,mse,0.0001,14,0.02103383932262659,0.051490535435301285,0.0007821102335583419,0.0047893619423525205
gru-mse-0.0001-s42,gru,base,42,mse,0.0001,15,0.02020058101043105,0.05136729641645043,0.0007309848966542632,0.004783642433445763
gru-mse-0.0001-s42,gru,base,42,mse,0.0001,16,0.019488313887268304,0.051255187143882115,0.0006887468436616473,0.004777529555441881
gru-mse-0.0001-s42,gru,base,42,mse,0.0001,17,0.018894747737795113,0.05110331187369647,0.0006525075616082177,0.0047649634838173235
gru-mse-0.0001-s42,gru,base,42,mse,0.0001,18,0.018420253321528433,0.05094981290124081,0.0006212936859810725,0.004751128389465588
gru-mse-0.0001-s42,gru,base,42,mse,0.0001,19,0.017993630096316337,0.050791992136725674,0.0005938872243859805,0.004735189941884191
gru-mse-0.0001-s42,gru,base,42,mse,0.0001,20,0.017604782804846765,0.05063747261409406,0.0005696409440133721,0.004718821713080009
gru-mse-0.0001-s42,gru,base,42,mse,0.0001,21,0.01726279780268669,0.050488184971941845,0.0005480939638800919,0.00470227377437469
gru-mse-0.0001-s42,gru,base,42,mse,0.0001,22,0.01694354508072138,0.050348165865849566,0.0005287663487251848,0.0046853752220394436
gru-mse-0.0001-s42,gru,base,42,mse,0.0001,23,0.01665002144873142,0.05022317252501293,0.0005113590130349621,0.004668690045191734
gru-mse-0.0001-s42,gru,base,42,mse,0.0001,24,0.016382458712905647,0.05010136919165099,0.0004955903277732432,0.004652085487247893
gru-mse-0.0001-s42,gru,base,42,mse,0.0001,25,0.016143336798995732,0.04998727907185201,0.00048128400230780245,0.004636262891020764
gru-mse-0.0001-s42,gru,base,42,mse,0.0001,26,0.01591833010315895,0.04987856142774776,0.00046821563300909476,0.004620120690756098
gru-mse-0.0001-s42,gru,base,42,mse,0.0001,27,0.015713301487267017,0.04977538544270727,0.00045623608311871065,0.004604660276392543
gru-mse-0.0001-s42,gru,base,42,mse,0.0001,28,0.015517822466790676,0.04967725725361594,0.000445225190196652,0.0045898384250769465
gru-mse-0.0001-s42,gru,base,42,mse,0.0001,29,0.015338684245944024,0.04958358033111802,0.00043507935624802484,0.004574924216743697
gru-mse-0.0001-s42,gru,base,42,mse,0.0001,30,0.015183379128575324,0.04949449183488334,0.00042571338126435877,0.004560705332119983
gru-mse-0.0001-s43,gru,base,43,mse,0.0001,1,0.3119057357311249,0.131534704124486,0.11251597926020622,0.023453545956699937
gru-mse-0.0001-s43,gru,base,43,mse,0.0001,2,0.09586336454376579,0.08055795856096126,0.016622227884363384,0.010810252425640269
gru-mse-0.0001-s43,gru,base,43,mse,0.0001,3,0.08198630027472972,0.11288511907612836,0.009889468201436102,0.017748459318169842
gru-mse-0.0001-s43,gru,base,43,mse,0.0001,4,0.07247361466288567,0.07353877276182175,0.008334235055372119,0.008825555852510863
gru-mse-0.0001-s43,gru,base,43,mse,0.0001,5,0.05738286450505257,0.052588814897117794,0.0045262213214300575,0.004585851774619961
gru-mse-0.0001-s43,gru,base,43,mse,0.0001,6,0.049683090019971135,0.048013026087924286,0.0035209516834584067,0.0040237407889907005
gru-mse-0.0001-s43,gru,base,43,mse,0.0001,7,0.04276999598369002,0.05117773260507319,0.0026858697645366194,0.004652863350714108
gru-mse-0.0001-s43,gru,base,43,mse,0.0001,8,0.037777384743094444,0.05364489254576189,0.0022466914379037917,0.004894498314846445
gru-mse-0.0001-s43,gru,base,43,mse,0.0001,9,0.034114277176558974,0.05010366839943109,0.0019786184799158945,0.004326721833570412
gru-mse-0.0001-s43,gru,base,43,mse,0.0001,10,0.031080569606274366,0.047579406119055215,0.001730012911139056,0.003905487738342749
gru-mse-0.0001-s43,gru,base,43,mse,0.0001,11,0.028853384032845496,0.04787044977700269,0.0015368084103101864,0.0038399630372791932
gru-mse-0.0001-s43,gru,base,43,mse,0.0001,12,0.02691845512017608,0.04816189761515017,0.001385226909769699,0.0037787616399496244
gru-mse-0.0001-s43,gru,base,43,mse,0.0001,13,0.025402927491813897,0.047328867432143956,0.0012606269272509962,0.0035915110018794184
gru-mse-0.0001-s43,gru,base,43,mse,0.0001,14,0.02416047276929021,0.046577573181302456,0.0011503586691105738,0.003426383731507317
gru-mse-0.0001-s43,gru,base,43,mse,0.0001,15,0.023094973340630532,0.046268803653893645,0.0010559106565779075,0.003326803726075148
gru-mse-0.0001-s43,gru,base,43,mse,0.0001,16,0.02214465560391545,0.04587072346497465,0.0009766759379999713,0.0032312802866929107
gru-mse-0.0001-s43,gru,base,43,mse,0.0001,17,0.021307208482176064,0.04533860368861092,0.0009096897469135001,0.003133213101817226
gru-mse-0.0001-s43,gru,base,43,mse,0.0001,18,0.0206049632281065,0.04490111715815685,0.0008531161583960056,0.0030557640612608305
gru-mse-0.0001-s43,gru,base,43,mse,0.0001,19,0.01998481135815382,0.04453254264813882,0.000805385914281942,0.002992276393773931
gru-mse-0.0001-s43,gru,base,43,mse,0.0001,20,0.01944917142391205,0.044145688249005215,0.0007648805098142475,0.002933000486033658
gru-mse-0.0001-s43,gru,base,43,mse,0.0001,21,0.01898025330156088,0.043791822371659454,0.0007303458492970094,0.002881297793377329
gru-mse-0.0001-s43,gru,base,43,mse,0.0001,22,0.018586640898138284,0.043461176725449385,0.0007006475934758782,0.0028363244694278194
gru-mse-0.0001-s43,gru,base,43,mse,0.0001,23,0.018232817947864532,0.04315180000331667,0.0006748535524820909,0.0027953962510865594
gru-mse-0.0001-s43,gru,base,43,mse,0.0001,24,0.01791868805885315,0.04285882278173058,0.0006522323848912493,0.0027582053750477456
gru-mse-0.0001-s43,gru,base,43,mse,0.0001,25,0.017641267739236355,0.042588169872760775,0.0006322172193904407,0.0027245355795861947
gru-mse-0.0001-s43,gru,base,43,mse,0.0001,26,0.017400316335260867,0.04233463020236404,0.0006142913014627993,0.002693687553552014
gru-mse-0.0001-s43,gru,base,43,mse,0.0001,27,0.01721934648230672,0.04211038803612745,0.0005981461843475699,0.0026649376955228273
gru-mse-0.0001-s43,gru,base,43,mse,0.0001,28,0.01705158669501543,0.04189812391996384,0.0005834750045323744,0.002638651201225541
gru-mse-0.0001-s43,gru,base,43,mse,0.0001,29,0.01689527165144682,0.04169599309011742,0.0005700334804714657,0.002613805940685173
gru-mse-0.0001-s43,gru,base,43,mse,0.0001,30,0.016754130832850933,0.04151357848335196,0.0005576930198003538,0.002590627052510778
gru-mse-0.0001-s44,gru,base,44,mse,0.0001,1,0.09105470217764378,0.08679100390247725,0.012699749181047082,0.01375556271566354
gru-mse-0.0001-s44,gru,base,44,mse,0.0001,2,0.06737576313316822,0.07385668365491761,0.006693542888388038,0.012882036332006531
gru-mse-0.0001-s44,gru,base,44,mse,0.0001,3,0.05070854164659977,0.06540223130335411,0.004257963038980961,0.010427764375991602
gru-mse-0.0001-s44,gru,base,44,mse,0.0001,4,0.04510377198457718,0.058246850008489906,0.003294492862187326,0.009551845239561603
gru-mse-0.0001-s44,gru,base,44,mse,0.0001,5,0.03769161272794008,0.05426734867333262,0.0025169989094138145,0.008517661477283885
gru-mse-0.0001-s44,gru,base,44,mse,0.0001,6,0.03433442674577236,0.05097200782900607,0.002003674424486235,0.007710851538124391
gru-mse-0.0001-s44,gru,base,44,mse,0.0001,7,0.031126920692622663,0.04835557061488981,0.0016136034566443414,0.007048420858336612
gru-mse-0.0001-s44,gru,base,44,mse,0.0001,8,0.028491106070578098,0.04623931521480834,0.0013274226716021077,0.00652221829557136
gru-mse-0.0001-s44,gru,base,44,mse,0.0001,9,0.02613274734467268,0.044477140475754386,0.0011174374376423657,0.006119517971119085
gru-mse-0.0001-s44,gru,base,44,mse,0.0001,10,0.024095675721764565,0.04295683627327283,0.000970817482448183,0.005830768684541841
gru-mse-0.0001-s44,gru,base,44,mse,0.0001,11,0.02249413188546896,0.04167358104001593,0.0008556612039683387,0.005590150207690722
gru-mse-0.0001-s44,gru,base,44,mse,0.0001,12,0.021299809962511063,0.040686950177230216,0.0007730589481070637,0.005422473456430318
gru-mse-0.0001-s44,gru,base,44,mse,0.0001,13,0.020246332883834837,0.04002905734297302,0.0007071339088724927,0.005270665320265969
gru-mse-0.0001-s44,gru,base,44,mse,0.0001,14,0.019427964743226767,0.03949092981853971,0.0006564646289916709,0.005156967928309718
gru-mse-0.0001-s44,gru,base,44,mse,0.0001,15,0.018718779738992452,0.03906828003625075,0.0006159437733003869,0.005058928386467785
gru-mse-0.0001-s44,gru,base,44,mse,0.0001,16,0.018157966248691083,0.03869907520711422,0.000582648566341959,0.004977466336007368
gru-mse-0.0001-s44,gru,base,44,mse,0.0001,17,0.017686251644045116,0.03836526022879062,0.0005552270915359259,0.004909131772001274
gru-mse-0.0001-s44,gru,base,44,mse,0.0001,18,0.017297707684338092,0.03807624431533946,0.0005321111369994469,0.004848356928495276
gru-mse-0.0001-s44,gru,base,44,mse,0.0001,19,0.016955345682799817,0.0378269941235582,0.0005123427457874641,0.004793948049579436
gru-mse-0.0001-s44,gru,base,44,mse,0.0001,20,0.016631514113396407,0.03760588882422006,0.0004952999704983085,0.00474490452238738
gru-mse-0.0001-s44,gru,base,44,mse,0.0001,21,0.016331981495022775,0.037411109999650055,0.00048037038359325377,0.004699801274195866
gru-mse-0.0001-s44,gru,base,44,mse,0.0001,22,0.016061778366565704,0.037231243995052794,0.0004671044865972362,0.004658137737984631
gru-mse-0.0001-s44,gru,base,44,mse,0.0001,23,0.015839622635394335,0.037063418308066,0.0004551661346340552,0.00461910072276455
gru-mse-0.0001-s44,gru,base,44,mse,0.0001,24,0.015630358550697564,0.03690922254075606,0.0004443146375706419,0.004582676090972705
gru-mse-0.0001-s44,gru,base,44,mse,0.0001,25,0.015432500559836627,0.036769156613283685,0.00043433027021819723,0.0045480062087773585
gru-mse-0.0001-s44,gru,base,44,mse,0.0001,26,0.015244851540774106,0.03664253188504113,0.00042509128543315454,0.004515323869418353
gru-mse-0.0001-s44,gru,base,44,mse,0.0001,27,0.015067443251609802,0.036524340193028804,0.00041647793041192925,0.004484562296743711
gru-mse-0.0001-s44,gru,base,44,mse,0.0001,28,0.01490491284057498,0.03641886319965124,0.0004084091022377834,0.0044552214256125605
gru-mse-0.0001-s44,gru,base,44,mse,0.0001,29,0.014756480231881142,0.03631724693157055,0.00040080977778416126,0.004427107088203128
gru-mse-0.0001-s44,gru,base,44,mse,0.0001,30,0.014616344589740038,0.03621789153527331,0.00039362124880426563,0.0044002754358829135
gru-mse-0.001-s42,gru,base,42,mse,0.001,1,0.13243280686438083,0.08321340299314922,0.031164645194076003,0.010179202765640286
gru-mse-0.001-s42,gru,base,42,mse,0.001,2,0.10428086780011654,0.07512594395213656,0.014204609207808971,0.0074316311558639565
gru-mse-0.001-s42,gru,base,42,mse,0.001,3,0.09531820174306631,0.07343260208489719,0.014745408302405848,0.008419328034613972
gru-mse-0.001-s42,gru,base,42,mse,0.001,4,0.10223163217306137,0.0971151101368445,0.01404818668961525,0.011477401466281326
gru-mse-0.001-s42,gru,base,42,mse,0.001,5,0.059515091218054296,0.03491264090493873,0.005385172215756029,0.0021502174212838765
gru-mse-0.001-s42,gru,base,42,mse,0.001,6,0.05295459143817425,0.032941443666263864,0.004135919752297923,0.0017960725826452729
gru-mse-0.001-s42,gru,base,42,mse,0.001,7,0.0346569636836648,0.03939551257148937,0.0017466022400185466,0.0026369888055207276
gru-mse-0.001-s42,gru,base,42,mse,0.001,8,0.021915394626557828,0.02993508185501452,0.0008286854688776657,0.0016059782024024538
gru-mse-0.001-s42,gru,base,42,mse,0.001,9,0.018874470703303815,0.0300085857372593,0.0006379338854458183,0.0016623502344979594
gru-mse-0.001-s42,gru,base,42,mse,0.001,10,0.016038015205413102,0.026742263248673192,0.000482827823725529,0.0013639700659378259
gru-mse-0.001-s42,gru,base,42,mse,0.001,11,0.015856555476784707,0.027426307275891303,0.0004850017256103456,0.0014253080591852603
gru-mse-0.001-s42,gru,base,42,mse,0.001,12,0.014361954480409621,0.02669281213785763,0.00041725610644789414,0.0013592045342428955
gru-mse-0.001-s42,gru,base,42,mse,0.001,13,0.014424637239426375,0.026429737621435412,0.00041579155658837407,0.0013325464224046165
gru-mse-0.001-s42,gru,base,42,mse,0.001,14,0.01416676240041852,0.026320836534378705,0.0004027116061479319,0.0013208663119089411
gru-mse-0.001-s42,gru,base,42,mse,0.001,15,0.01412809332832694,0.02602382965937809,0.0003945072785427328,0.0012929455456927557
gru-mse-0.001-s42,gru,base,42,mse,0.001,16,0.014094592165201902,0.026027077905557774,0.00039161225722637025,0.0012885988804218532
gru-mse-0.001-s42,gru,base,42,mse,0.001,17,0.013918914459645748,0.02605236927392306,0.0003837405522062909,0.0012874913738212652
gru-mse-0.001-s42,gru,base,42,mse,0.001,18,0.013837848324328661,0.02593259991457065,0.0003765209716220852,0.0012760622702814915
gru-mse-0.001-s42,gru,base,42,mse,0.001,19,0.01382029289379716,0.02585494203010091,0.00037287365048541685,0.0012670455345263085
gru-mse-0.001-s42,gru,base,42,mse,0.001,20,0.013718192279338837,0.02587857461637921,0.00036883356369799003,0.0012658802050821208
gru-mse-0.001-s42,gru,base,42,mse,0.001,21,0.013569651264697313,0.025881095423742576,0.000363010660657892,0.0012653845181274746
gru-mse-0.001-s42,gru,base,42,mse,0.001,22,0.013470886554569007,0.025815637050955385,0.00035777068478637375,0.0012603965909134044
gru-mse-0.001-s42,gru,base,42,mse,0.001,23,0.013430254813283683,0.025772755358506132,0.0003546085470588878,0.0012548604747280479
gru-mse-0.001-s42,gru,base,42,mse,0.001,24,0.01333888228982687,0.02578513870636622,0.00035164880973752587,0.0012536152934276119
gru-mse-0.001-s42,gru,base,42,mse,0.001,25,0.013211124669760465,0.025816502304816687,0.00034739692418952475,0.0012558530543982569
gru-mse-0.001-s42,gru,base,42,mse,0.001,26,0.013096109218895435,0.025823626301630778,0.00034245267816004345,0.001257057860709244
gru-mse-0.001-s42,gru,base,42,mse,0.001,27,0.013026672694832087,0.025761401798162196,0.00033928658376680687,0.0012528899563390209
gru-mse-0.001-s42,gru,base,42,mse,0.001,28,0.012991419062018394,0.025703189466838482,0.00033715693061822096,0.0012476075046126628
gru-mse-0.001-s42,gru,base,42,mse,0.001,29,0.012939498852938413,0.025717055162897816,0.00033550463340361605,0.0012464371014006988
gru-mse-0.001-s42,gru,base,42,mse,0.001,30,0.012863946706056595,0.02582487136953407,0.00033189189634867943,0.0012533736741817039
gru-mse-0.001-s43,gru,base,43,mse,0.001,1,0.15701312087476255,0.08002519041851715,0.041121606790693474,0.010729201258746561
gru-mse-0.001-s43,gru,base,43,mse,0.001,2,0.09457756634801626,0.0730264965030882,0.012371134801651352,0.0077891453962635115
gru-mse-0.001-s43,gru,base,43,mse,0.001,3,0.06029544360935688,0.06230128791045259,0.0055791817139834166,0.005645515856815985
gru-mse-0.001-s43,gru,base,43,mse,0.001,4,0.07087221294641495,0.05389180762900247,0.007776096987072378,0.003466334293975874
gru-mse-0.001-s43,gru,base,43,mse,0.001,5,0.03777294931933284,0.04054564783970515,0.002160105349321384,0.002171429717499349
gru-mse-0.001-s43,gru,base,43,mse,0.001,6,0.02193099297583103,0.020468783744231417,0.0007931341300718486,0.0006750781404897915
gru-mse-0.001-s43,gru,base,43,mse,0.001,7,0.018327069655060767,0.021793820032918895,0.0006486702637630515,0.0007977453418317492
gru-mse-0.001-s43,gru,base,43,mse,0.001,8,0.01593317575752735,0.0165601908677706,0.000472949339018669,0.0005121617916436797
gru-mse-0.001-s43,gru,base,43,mse,0.001,9,0.0145772953517735,0.0176741657640647,0.0004317422455642372,0.000565276436800896
gru-mse-0.001-s43,gru,base,43,mse,0.001,10,0.01442074440419674,0.016917619357506433,0.0004160179669270292,0.00052879331655007
gru-mse-0.001-s43,gru,base,43,mse,0.001,11,0.013717394415289163,0.017635122403778413,0.0003996033396106213,0.0005644248025621184
gru-mse-0.001-s43,gru,base,43,mse,0.001,12,0.013547004293650388,0.017012377938738575,0.0003862341298372485,0.0005349879984148881
gru-mse-0.001-s43,gru,base,43,mse,0.001,13,0.013384181912988425,0.017387061579911798,0.00038174802757566794,0.0005540611813086326
gru-mse-0.001-s43,gru,base,43,mse,0.001,14,0.013342089671641588,0.016975967234207523,0.0003737767481652554,0.0005370546134481966
gru-mse-0.001-s43,gru,base,43,mse,0.001,15,0.013288972433656454,0.017336114716750603,0.00037128159383428285,0.0005544225881479819
gru-mse-0.001-s43,gru,base,43,mse,0.001,16,0.013192989770323038,0.01719523772459339,0.0003647766847279854,0.0005496944078778917
gru-mse-0.001-s43,gru,base,43,mse,0.001,17,0.01316712498664856,0.017327682811904836,0.0003617659429437481,0.0005557670612621156
gru-mse-0.001-s43,gru,base,43,mse,0.001,18,0.013106286432594061,0.017344562702432828,0.0003575392343918793,0.0005573674245237338
gru-mse-0.001-s43,gru,base,43,mse,0.001,19,0.013064591400325298,0.017357801763271844,0.000354271203832468,0.0005588694609253219
gru-mse-0.001-s43,gru,base,43,mse,0.001,20,0.013020692020654678,0.017426120979642426,0.0003511278438963927,0.0005627803773946922
gru-mse-0.001-s43,gru,base,43,mse,0.001,21,0.012967366445809602,0.01744792468983818,0.0003479013663309161,0.000564806015636013
gru-mse-0.001-s43,gru,base,43,mse,0.001,22,0.01291886242106557,0.017462967867376628,0.00034502495400374756,0.0005665077161716505
gru-mse-0.001-s43,gru,base,43,mse,0.001,23,0.01286847898736596,0.017491780048995105,0.00034228145086672156,0.0005687942577491479
gru-mse-0.001-s43,gru,base,43,mse,0.001,24,0.012813396845012903,0.017510759754589312,0.00033957864216063174,0.0005706582505135211
gru-mse-0.001-s43,gru,base,43,mse,0.001,25,0.012760368268936872,0.01751558238433467,0.0003369909987668507,0.0005718726436262605
gru-mse-0.001-s43,gru,base,43,mse,0.001,26,0.012709175050258637,0.01752149550313199,0.0003345169847307261,0.0005730911853283437
gru-mse-0.001-s43,gru,base,43,mse,0.001,27,0.012658513151109219,0.017533669331007532,0.0003320930161862634,0.0005744595046120661
gru-mse-0.001-s43,gru,base,43,mse,0.001,28,0.012608281243592501,0.017539456472904592,0.00032970421088975856,0.0005754200184364216
gru-mse-0.001-s43,gru,base,43,mse,0.001,29,0.012558683939278125,0.017536075047596737,0.0003273757749411743,0.0005759256670932734
gru-mse-0.001-s43,gru,base,43,mse,0.001,30,0.012509775627404452,0.017538758808815922,0.00032509805751033125,0.0005766478895330456
gru-mse-0.001-s44,gru,base,44,mse,0.001,1,0.1830686151981354,0.195919394603482,0.04474194021895528,0.046814028173685074
gru-mse-0.001-s44,gru,base,44,mse,0.001,2,0.1540452167391777,0.13532069667621896,0.027360372152179478,0.022042506767643823
gru-mse-0.001-s44,gru,base,44,mse,0.001,3,0.08422435708343982,0.041109885496121865,0.009128810249967501,0.002793091660606916
gru-mse-0.001-s44,gru,base,44,mse,0.001,4,0.024762554094195366,0.039233067769695214,0.0009937031019944698,0.0027272363796968153
gru-mse-0.001-s44,gru,base,44,mse,0.001,5,0.0259195851162076,0.02349863142740947,0.0011028586886823177,0.0012336785562284704
gru-mse-0.001-s44,gru,base,44,mse,0.001,6,0.017270089592784643,0.023065046979873268,0.0005529185640625655,0.0012859301063818513
gru-mse-0.001-s44,gru,base,44,mse,0.001,7,0.01714489543810487,0.02030439939763811,0.0005766717353253625,0.001073277130382377
gru-mse-0.001-s44,gru,base,44,mse,0.001,8,0.016683027241379024,0.020421871101414715,0.0005208034010138363,0.0011238639342115709
gru-mse-0.001-s44,gru,base,44,mse,0.001,9,0.01581781981512904,0.020227847062051295,0.0004942220184602775,0.0011049745669071045
gru-mse-0.001-s44,gru,base,44,mse,0.001,10,0.015805268194526434,0.020190005928829864,0.0004820943417144008,0.0011034547431066771
gru-mse-0.001-s44,gru,base,44,mse,0.001,11,0.015244492795318365,0.020080774725863226,0.000465290920692496,0.0010873502451296964
gru-mse-0.001-s44,gru,base,44,mse,0.001,12,0.015220809262245893,0.020035737435574883,0.0004589141070027836,0.0010852160100411209
gru-mse-0.001-s44,gru,base,44,mse,0.001,13,0.014920037984848023,0.019947946037131327,0.0004483320051804185,0.0010751968660365997
gru-mse-0.001-s44,gru,base,44,mse,0.001,14,0.014778412878513336,0.019908620982810304,0.0004402102829772048,0.001074319081143821
gru-mse-0.001-s44,gru,base,44,mse,0.001,15,0.014596440084278583,0.019821673086671918,0.00043227853311691435,0.0010638268667713014
gru-mse-0.001-s44,gru,base,44,mse,0.001,16,0.014430875331163407,0.01979130652077772,0.00042438590025994927,0.0010623935108284327
gru-mse-0.001-s44,gru,base,44,mse,0.001,17,0.014297568518668414,0.019724373188283708,0.00041782785265240816,0.0010557353056221339
gru-mse-0.001-s44,gru,base,44,mse,0.001,18,0.014153091795742511,0.019690884360008768,0.000410642429778818,0.0010532685802361272
gru-mse-0.001-s44,gru,base,44,mse,0.001,19,0.014037512615323067,0.01964743725127644,0.0004044664165121503,0.0010486302691451446
gru-mse-0.001-s44,gru,base,44,mse,0.001,20,0.013912707008421421,0.019614152065305798,0.00039811665992601776,0.0010450924863107502
gru-mse-0.001-s44,gru,base,44,mse,0.001,21,0.013799704611301422,0.01958073495576779,0.0003922339419659693,0.001041656778370789
gru-mse-0.001-s44,gru,base,44,mse,0.001,22,0.013700475730001927,0.019547892886179464,0.00038648976624244824,0.0010380384962816068
gru-mse-0.001-s44,gru,base,44,mse,0.001,23,0.013612409215420484,0.01951997096615809,0.000380922819749685,0.0010346173907574093
gru-mse-0.001-s44,gru,base,44,mse,0.001,24,0.013529598154127598,0.01949643961119431,0.0003755621335585602,0.001031171637953742
gru-mse-0.001-s44,gru,base,44,mse,0.001,25,0.013450114894658327,0.01947414155497595,0.00037034429115010423,0.0010277062600060297
gru-mse-0.001-s44,gru,base,44,mse,0.001,26,0.013369502825662493,0.019451864360383264,0.00036528664495563137,0.0010243137001654961
gru-mse-0.001-s44,gru,base,44,mse,0.001,27,0.013295837398618459,0.019431164232945,0.0003603736637160182,0.0010208608842933447
gru-mse-0.001-s44,gru,base,44,mse,0.001,28,0.01322382390499115,0.019413076348050878,0.00035559262105380187,0.0010173737690180402
gru-mse-0.001-s44,gru,base,44,mse,0.001,29,0.01315100616775453,0.01940118660805402,0.0003509392547130119,0.0010139129329386546
gru-mse-0.001-s44,gru,base,44,mse,0.001,30,0.013076564529910684,0.019394100071103485,0.0003464172470557969,0.0010104991085460857
gru-mae-0.0001-s42,gru,base,42,mae,0.0001,1,0.13628044575452805,0.11015530581827516,0.02386909010820091,0.01647450447910362
gru-mae-0.0001-s42,gru,base,42,mae,0.0001,2,0.06587703414261341,0.07503706959110719,0.006882985145784915,0.01114181525039452
gru-mae-0.0001-s42,gru,base,42,mae,0.0001,3,0.0777271755039692,0.06779807800496065,0.008860869955969974,0.007291551113680557
gru-mae-0.0001-s42,gru,base,42,mae,0.0001,4,0.05137140676379204,0.057178374531644365,0.003848418506095186,0.006057171108787535
gru-mae-0.0001-s42,gru,base,42,mae,0.0001,5,0.048968174029141665,0.05632388437235797,0.0037403153924969955,0.0055974514559946125
gru-mae-0.0001-s42,gru,base,42,mae,0.0001,6,0.04014715366065502,0.058431541588571334,0.0026573870854917914,0.005657154332018561
gru-mae-0.0001-s42,gru,base,42,mae,0.0001,7,0.03349044695496559,0.056320978673519914,0.002066805513459258,0.00524188760081651
gru-mae-0.0001-s42,gru,base,42,mae,0.0001,8,0.025465626642107962,0.050950812575993716,0.0013106336555210873,0.004568361785021369
gru-mae-0.0001-s42,gru,base,42,mae,0.0001,9,0.024248931836336852,0.051555865865062785,0.0011322917271172628,0.004632933427476221
gru-mae-0.0001-s42,gru,base,42,mae,0.0001,10,0.02365245632827282,0.053973796770528513,0.0011147586745209991,0.004986111833541481
gru-mae-0.0001-s42,gru,base,42,mae,0.0001,11,0.021679603029042482,0.051468643242562256,0.0008975586577435024,0.004762928175774437
gru-mae-0.0001-s42,gru,base,42,mae,0.0001,12,0.021096471417695283,0.048727508344584045,0.0008006663469132036,0.0045012118001640945
gru-mae-0.0001-s42,gru,base,42,mae,0.0001,13,0.019745553750544785,0.04962596902968707,0.0007465991991921328,0.00451266427817582
gru-mae-0.0001-s42,gru,base,42,mae,0.0001,14,0.026158311683684588,0.056383919150189116,0.0012470886271330529,0.005388956041834145
gru-mae-0.0001-s42,gru,base,42,mae,0.0001,15,0.02573902364820242,0.05672745980598309,0.001067739081918262,0.005631205434393552
gru-mae-0.0001-s42,gru,base,42,mae,0.0001,16,0.023355558700859546,0.043354478354255356,0.0009234614321030676,0.0038574481374342683
gru-mae-0.0001-s42,gru,base,42,mae,0.0001,17,0.024737707711756228,0.04823398327937833,0.0010253436106722803,0.004249159414838586
gru-mae-0.0001-s42,gru,base,42,mae,0.0001,18,0.028348056133836508,0.06146391980625965,0.001388799212872982,0.006076212974127244
gru-mae-0.0001-s42,gru,base,42,mae,0.0001,19,0.024300737865269186,0.05203630201242588,0.0008957233192631974,0.0049555688441075664
gru-mae-0.0001-s42,gru,base,42,mae,0.0001,20,0.02576260073110461,0.043091311774871965,0.001028174185194075,0.003616056298940546
gru-mae-0.0001-s42,gru,base,42,mae,0.0001,21,0.02443812657147646,0.04970759358946924,0.0009965261560864747,0.004396841463770855
gru-mae-0.0001-s42,gru,base,42,mae,0.0001,22,0.027396550215780736,0.05602368693108912,0.001124025956960395,0.005351333692669868
gru-mae-0.0001-s42,gru,base,42,mae,0.0001,23,0.018684662505984308,0.04614644158217642,0.000611189688788727,0.0041138384719724185
gru-mae-0.0001-s42,gru,base,42,mae,0.0001,24,0.021743717975914477,0.0442896854546335,0.0007769213174469769,0.0037479320648816173
gru-mae-0.0001-s42,gru,base,42,mae,0.0001,25,0.019168793130666016,0.05064570974144671,0.0007150696139433422,0.004450295300274673
gru-mae-0.0001-s42,gru,base,42,mae,0.0001,26,0.02350611574947834,0.05158179031202087,0.0008865574171068146,0.004754598607757577
gru-mae-0.0001-s42,gru,base,42,mae,0.0001,27,0.01828422462567687,0.04670988532404105,0.0005861528581590392,0.004184317819912124
gru-mae-0.0001-s42,gru,base,42,mae,0.0001,28,0.023525629378855228,0.04286568432494446,0.0008730138360988349,0.003559858819331836
gru-mae-0.0001-s42,gru,base,42,mae,0.0001,29,0.019042426347732545,0.04958149509297477,0.0006888165065902285,0.004316025795156343
gru-mae-0.0001-s42,gru,base,42,mae,0.0001,30,0.0255046334117651,0.05498985990330025,0.0010127079061931,0.005214413916002269
gru-mae-0.0001-s43,gru,base,43,mae,0.0001,1,0.307161445915699,0.12030521244914444,0.1099501010030508,0.01986963619236593
gru-mae-0.0001-s43,gru,base,43,mae,0.0001,2,0.08809886276721954,0.081930010062125,0.013832528184866532,0.01118765188794997
gru-mae-0.0001-s43,gru,base,43,mae,0.0001,3,0.07514690849930047,0.09758644206104455,0.00872017975198105,0.01353894025604758
gru-mae-0.0001-s43,gru,base,43,mae,0.0001,4,0.057080361247062686,0.047277899886722916,0.004975756030762568,0.003992358944809961
gru-mae-0.0001-s43,gru,base,43,mae,0.0001,5,0.04322841744869947,0.04966505792129923,0.0028930854983627795,0.004672690807772732
gru-mae-0.0001-s43,gru,base,43,mae,0.0001,6,0.03203666675835848,0.05291433820018062,0.0020495092758210376,0.004937495997486015
gru-mae-0.0001-s43,gru,base,43,mae,0.0001,7,0.027781513798981906,0.055504032859095824,0.0016865964396856725,0.004987595407982115
gru-mae-0.0001-s43,gru,base,43,mae,0.0001,8,0.024352507013827563,0.044076784672560515,0.0014087468705838546,0.0032997216175620755
gru-mae-0.0001-s43,gru,base,43,mae,0.0001,9,0.02189740091562271,0.042337219223931986,0.0010911132572800851,0.0029766360763460397
gru-mae-0.0001-s43,gru,base,43,mae,0.0001,10,0.02107142098248005,0.04347203103480516,0.0009563979590893723,0.0029431786922806944
gru-mae-0.0001-s43,gru,base,43,mae,0.0001,11,0.01884200582280755,0.04275600109939222,0.0008114680938888341,0.0027477010041130363
gru-mae-0.0001-s43,gru,base,43,mae,0.0001,12,0.017941128835082053,0.036143224810560544,0.000742074300069362,0.0020906411602886186
gru-mae-0.0001-s43,gru,base,43,mae,0.0001,13,0.017358006816357373,0.034534432573450936,0.0007012067799223587,0.001922367985739752
gru-mae-0.0001-s43,gru,base,43,mae,0.0001,14,0.017186964489519597,0.04061670568254259,0.0006712499176501297,0.0024155675312849106
gru-mae-0.0001-s43,gru,base,43,mae,0.0001,15,0.01590132564306259,0.03539818504618274,0.0005818901918246411,0.001934265408285514
gru-mae-0.0001-s43,gru,base,43,mae,0.0001,16,0.01620726175606251,0.030535998857683606,0.0005997401516651734,0.001585389796592709
gru-mae-0.0001-s43,gru,base,43,mae,0.0001,17,0.016140326112508773,0.03143786990808116,0.0005996751628117636,0.0016419031471876359
gru-mae-0.0001-s43,gru,base,43,mae,0.0001,18,0.015251176990568638,0.03698251058382017,0.0005382333663874305,0.00208465674917938
gru-mae-0.0001-s43,gru,base,43,mae,0.0001,19,0.015038374718278647,0.03361413790671914,0.0005088264573714696,0.0018164155069152238
gru-mae-0.0001-s43,gru,base,43,mae,0.0001,20,0.015402602683752774,0.02625051229088395,0.0005478696606587618,0.0012370001093518954
gru-mae-0.0001-s43,gru,base,43,mae,0.0001,21,0.016714546363800764,0.029981257683700985,0.0006118237564805895,0.0015388543040629615
gru-mae-0.0001-s43,gru,base,43,mae,0.0001,22,0.01616229321807623,0.04084560610353947,0.0005550196612603032,0.0023670704095382932
gru-mae-0.0001-s43,gru,base,43,mae,0.0001,23,0.01835106695070863,0.02537927594449785,0.0006406593442079611,0.0011512479943188805
gru-mae-0.0001-s43,gru,base,43,mae,0.0001,24,0.015730454493314026,0.02521932137509187,0.0005511129318620078,0.0011592710073778613
gru-mae-0.0001-s43,gru,base,43,mae,0.0001,25,0.017253559734672307,0.03242991341760865,0.0006254832842387259,0.0017203185129565774
gru-mae-0.0001-s43,gru,base,43,mae,0.0001,26,0.015210499800741673,0.038846118817174875,0.0004998517979402095,0.002183012876452671
gru-mae-0.0001-s43,gru,base,43,mae,0.0001,27,0.01931003825739026,0.021703709068673627,0.0006859798246296123,0.000918334569669915
gru-mae-0.0001-s43,gru,base,43,mae,0.0001,28,0.01713101165369153,0.02768407323294216,0.0006087055939133279,0.0013695478784265342
gru-mae-0.0001-s43,gru,base,43,mae,0.0001,29,0.016290940903127195,0.03548584217550578,0.0005585126986261457,0.0019379006625429073
gru-mae-0.0001-s43,gru,base,43,mae,0.0001,30,0.015820261649787427,0.027767433170919065,0.0005066159530542791,0.0013091552787011973
gru-mae-0.0001-s44,gru,base,44,mae,0.0001,1,0.09038479663431645,0.08404636011907347,0.012455569533631205,0.013699210384058663
gru-mae-0.0001-s44,gru,base,44,mae,0.0001,2,0.06438532434403896,0.07217707978906455,0.0062918256968259815,0.013663872887587383
gru-mae-0.0001-s44,gru,base,44,mae,0.0001,3,0.04728235043585301,0.0634613406189062,0.004117449332261458,0.011354880732445357
gru-mae-0.0001-s44,gru,base,44,mae,0.0001,4,0.04164904672652483,0.05859790303640895,0.0033561565913259985,0.010505593909248193
gru-mae-0.0001-s44,gru,base,44,mae,0.0001,5,0.036464153043925765,0.055386169675599645,0.002580220077652484,0.00954750664715431
gru-mae-0.0001-s44,gru,base,44,mae,0.0001,6,0.03182181641459465,0.05129702500998974,0.0019857365696225315,0.008720141740977178
gru-mae-0.0001-s44,gru,base,44,mae,0.0001,7,0.027487794402986765,0.048368334721911835,0.0015535566111793742,0.00778614972530502
gru-mae-0.0001-s44,gru,base,44,mae,0.0001,8,0.0242156308144331,0.04527300845279738,0.001216137851588428,0.007116453503840603
gru-mae-0.0001-s44,gru,base,44,mae,0.0001,9,0.021548548154532908,0.04388824127338551,0.0009704652940854431,0.006424982575117611
gru-mae-0.0001-s44,gru,base,44,mae,0.0001,10,0.019580125622451306,0.04230474936603396,0.000774896249640733,0.00574356232116568
gru-mae-0.0001-s44,gru,base,44,mae,0.0001,11,0.018676153477281333,0.04321587870794314,0.0006796792149543762,0.0051489434349436865
gru-mae-0.0001-s44,gru,base,44,mae,0.0001,12,0.020052492246031763,0.04338533994224336,0.0006983861967455596,0.004914270409736438
gru-mae-0.0001-s44,gru,base,44,mae,0.0001,13,0.024006534181535245,0.04186352760427528,0.0009398205846082419,0.005617345025530085
gru-mae-0.0001-s44,gru,base,44,mae,0.0001,14,0.029794462770223618,0.04658883903865461,0.0014198183227563277,0.006605658461167304
gru-mae-0.0001-s44,gru,base,44,mae,0.0001,15,0.03691658116877079,0.04128228990292108,0.0019028179754968732,0.004768474617783256
gru-mae-0.0001-s44,gru,base,44,mae,0.0001,16,0.01943556573241949,0.04010945644091677,0.0006571868754690513,0.004147442655543003
gru-mae-0.0001-s44,gru,base,44,mae,0.0001,17,0.02310672951862216,0.03712318059470918,0.0008462845828034915,0.004407511478402066
gru-mae-0.0001-s44,gru,base,44,mae,0.0001,18,0.021841521933674814,0.041579631357281294,0.000855361731373705,0.005462110430191926
gru-mae-0.0001-s44,gru,base,44,mae,0.0001,19,0.028814906533807517,0.03907179846255868,0.0012382273707771674,0.004314175332654957
gru-mae-0.0001-s44,gru,base,44,mae,0.0001,20,0.020612338185310365,0.03987286351621151,0.000690843493794091,0.0038074086372809554
gru-mae-0.0001-s44,gru,base,44,mae,0.0001,21,0.022378334030508994,0.034015115564344105,0.0008001376612810418,0.003863310435338429
gru-mae-0.0001-s44,gru,base,44,mae,0.0001,22,0.018125100154429676,0.037123645510938434,0.0006469745276262984,0.004650876695867973
gru-mae-0.0001-s44,gru,base,44,mae,0.0001,23,0.023412999976426364,0.03461343739181757,0.0008890374127076938,0.004099262689339445
gru-mae-0.0001-s44,gru,base,44,mae,0.0001,24,0.02020253837108612,0.03594589689401565,0.0006902151581016369,0.003598317236605066
gru-mae-0.0001-s44,gru,base,44,mae,0.0001,25,0.01877837460488081,0.032740191915244965,0.0005861507816007361,0.0034678641580588496
gru-mae-0.0001-s44,gru,base,44,mae,0.0001,26,0.018346511386334897,0.03520901085187991,0.0006186191996675916,0.0041666970366215405
gru-mae-0.0001-s44,gru,base,44,mae,0.0001,27,0.019027935154736043,0.03546182151745867,0.0006748479441739619,0.0044747116548630094
gru-mae-0.0001-s44,gru,base,44,mae,0.0001,28,0.02458168314769864,0.03708047027941103,0.0009435639381990768,0.0035755139061991402
gru-mae-0.0001-s44,gru,base,44,mae,0.0001,29,0.01929292604327202,0.03345367889851332,0.0005952633015112952,0.0032294490293780756
gru-mae-0.0001-s44,gru,base,44,mae,0.0001,30,0.01972808884456754,0.0325065857903273,0.0006638089194893837,0.0036734240157615945
gru-mae-0.001-s42,gru,base,42,mae,0.001,1,0.1192258395254612,0.060705335962551614,0.030067872337531297,0.006104393750084219
gru-mae-0.001-s42,gru,base,42,mae,0.001,2,0.04763297531753778,0.06502302261414351,0.0032550581789109858,0.007558288933122876
gru-mae-0.001-s42,gru,base,42,mae,0.001,3,0.09403417184948921,0.0740663913389047,0.013276666624005885,0.009397113999282872
gru-mae-0.001-s42,gru,base,42,mae,0.001,4,0.10895421542227268,0.05136192216089478,0.01563584806281142,0.004422144399507454
gru-mae-0.001-s42,gru,base,42,mae,0.001,5,0.05221941228955984,0.03464312403014413,0.0041295530769275505,0.0023746538169992465
gru-mae-0.001-s42,gru,base,42,mae,0.001,6,0.02428111555054784,0.0351031299404524,0.0009655444344389252,0.002237094857695478
gru-mae-0.001-s42,gru,base,42,mae,0.001,7,0.02316822838038206,0.032425686247922754,0.0008453304675640538,0.0018450538558816467
gru-mae-0.001-s42,gru,base,42,mae,0.001,8,0.024877825751900673,0.03998599499464035,0.0010112359392223879,0.002380767404274256
gru-mae-0.001-s42,gru,base,42,mae,0.001,9,0.036424399074167016,0.06431512708465258,0.002025350762414746,0.005915583525266912
gru-mae-0.001-s42,gru,base,42,mae,0.001,10,0.07279005311429501,0.08612173492157901,0.007186755537986755,0.009195974255325617
gru-mae-0.001-s42,gru,base,42,mae,0.001,11,0.0548426809720695,0.055760246970587304,0.004240902612218633,0.004464029246527288
gru-mae-0.001-s42,gru,base,42,mae,0.001,12,0.06219961531460285,0.05527877520631861,0.004950382583774626,0.003996346815040818
gru-mae-0.001-s42,gru,base,42,mae,0.001,13,0.04268291462212801,0.03576957851096436,0.0027132787043228747,0.0022630345570009754
gru-mae-0.001-s42,gru,base,42,mae,0.001,14,0.05279795825481415,0.054995541440116036,0.003594422130845487,0.0038978245816434975
gru-mae-0.001-s42,gru,base,42,mae,0.001,15,0.04522960726171732,0.02664043094134993,0.002697846258524805,0.0010742914826281508
gru-mae-0.001-s42,gru,base,42,mae,0.001,16,0.036041326075792315,0.041895483323821314,0.001774695742642507,0.0025794834536672744
gru-mae-0.001-s42,gru,base,42,mae,0.001,17,0.05313305612653494,0.022042530457730646,0.004074765424593352,0.0006829847797268519
gru-mae-0.001-s42,gru,base,42,mae,0.001,18,0.02391465296968818,0.027889290631369308,0.0009453655773540958,0.0011455018564851748
gru-mae-0.001-s42,gru,base,42,mae,0.001,19,0.0260969745926559,0.026509764335221713,0.001062928352621384,0.0010706164482851615
gru-mae-0.001-s42,gru,base,42,mae,0.001,20,0.03243176843971014,0.035665359596411386,0.0014628479111706838,0.0016982668208786183
gru-mae-0.001-s42,gru,base,42,mae,0.001,21,0.02782155033200979,0.017756147544693065,0.0012344246875727548,0.0004957333907778202
gru-mae-0.001-s42,gru,base,42,mae,0.001,22,0.019227811880409718,0.01808004800092291,0.0006280761430389248,0.0005009893600665102
gru-mae-0.001-s42,gru,base,42,mae,0.001,23,0.01678420128300786,0.016446307667151647,0.0005171317505300976,0.0004978748852240473
gru-mae-0.001-s42,gru,base,42,mae,0.001,24,0.015151271875947715,0.01495354520501914,0.00047122872492764143,0.0004266250918455491
gru-mae-0.001-s42,gru,base,42,mae,0.001,25,0.014517237711697818,0.014734952193167474,0.00045241656771395357,0.0003986623349461566
gru-mae-0.001-s42,gru,base,42,mae,0.001,26,0.013726944383233786,0.015124775172659644,0.00040807294062688014,0.0004090001190046745
gru-mae-0.001-s42,gru,base,42,mae,0.001,27,0.013610297348350286,0.014869812441368898,0.0003906459154677577,0.0004114457030987574
gru-mae-0.001-s42,gru,base,42,mae,0.001,28,0.013514105696231127,0.015202835533354017,0.00039761871739756315,0.0004394731412132926
gru-mae-0.001-s42,gru,base,42,mae,0.001,29,0.013781749829649925,0.015127113709847132,0.0004241534377797507,0.00043710671188482256
gru-mae-0.001-s42,gru,base,42,mae,0.001,30,0.013992151338607072,0.014760296943563003,0.00043128945253556594,0.00041068064456339926
gru-mae-0.001-s43,gru,base,43,mae,0.001,1,0.1433091476559639,0.09897196408775118,0.035366661939769985,0.014731011042992273
gru-mae-0.001-s43,gru,base,43,mae,0.001,2,0.06530852131545543,0.031263517588377,0.007331814599456266,0.001492456964182633
gru-mae-0.001-s43,gru,base,43,mae,0.001,3,0.03699210397899151,0.05497069848632371,0.0021494139364222065,0.004191611871916663
gru-mae-0.001-s43,gru,base,43,mae,0.001,4,0.037852220237255096,0.029040044477140464,0.0021437309769680724,0.0012552689334067205
gru-mae-0.001-s43,gru,base,43,mae,0.001,5,0.02930925702676177,0.031538982240966074,0.0012313602725043892,0.0016850048738652496
gru-mae-0.001-s43,gru,base,43,mae,0.001,6,0.05179406348615885,0.02969223749306467,0.003713339890236966,0.0013231265970885201
gru-mae-0.001-s43,gru,base,43,mae,0.001,7,0.02924421476200223,0.028892184490406956,0.0014331825281260536,0.0012141445358456284
gru-mae-0.001-s43,gru,base,43,mae,0.001,8,0.028882373683154584,0.020017200832565626,0.0012550467654364184,0.0006430615660199826
gru-mae-0.001-s43,gru,base,43,mae,0.001,9,0.02538199322298169,0.02590604022283245,0.0010813416098244487,0.0011405547781140302
gru-mae-0.001-s43,gru,base,43,mae,0.001,10,0.035927772708237174,0.03005673743232533,0.0020532415306661277,0.001199082129083022
gru-mae-0.001-s43,gru,base,43,mae,0.001,11,0.025999044068157673,0.023239900351122573,0.0010667947819456459,0.0008576222481982162
gru-mae-0.001-s43,gru,base,43,mae,0.001,12,0.027696124743670225,0.02468080429567231,0.0011666393838822842,0.0008643947834907858
gru-mae-0.001-s43,gru,base,43,mae,0.001,13,0.02684023780748248,0.020085315075185566,0.001135808794060722,0.0007143556011012859
gru-mae-0.001-s43,gru,base,43,mae,0.001,14,0.022643907088786365,0.02821994077552248,0.0008499047602526843,0.001095841795473394
gru-mae-0.001-s43,gru,base,43,mae,0.001,15,0.02456710459664464,0.028101039553682008,0.0009499636318651028,0.0011861155389514923
gru-mae-0.001-s43,gru,base,43,mae,0.001,16,0.025092690903693437,0.024880036835869153,0.0009707740333396942,0.0009166753449891176
gru-mae-0.001-s43,gru,base,43,mae,0.001,17,0.02082668459042907,0.015990303111849007,0.0007722637034021318,0.00044370636061541045
gru-mae-0.001-s43,gru,base,43,mae,0.001,18,0.01868066219612956,0.024393021639574457,0.0006555081272381358,0.0008913467901206954
gru-mae-0.001-s43,gru,base,43,mae,0.001,19,0.02022427599877119,0.01778055721273025,0.0006644857348874211,0.0005501949365242142
gru-mae-0.001-s43,gru,base,43,mae,0.001,20,0.018395754601806404,0.021430983939380557,0.0005936936911894008,0.0007289811177610385
gru-mae-0.001-s43,gru,base,43,mae,0.001,21,0.02024043267592788,0.01675588923195998,0.0007026204228168353,0.00047017880984909693
gru-mae-0.001-s43,gru,base,43,mae,0.001,22,0.014704378880560398,0.018038872932946242,0.00043480891617946326,0.000556823749772135
gru-mae-0.001-s43,gru,base,43,mae,0.001,23,0.015558683220297099,0.016241652311550246,0.00045457101077772677,0.0004899271287420695
gru-mae-0.001-s43,gru,base,43,mae,0.001,24,0.015857079066336155,0.017206816030321297,0.0004670657654060051,0.0005290802633950349
gru-mae-0.001-s43,gru,base,43,mae,0.001,25,0.01687109610065818,0.01568509016737894,0.0005446266295621172,0.00044655103658981343
gru-mae-0.001-s43,gru,base,43,mae,0.001,26,0.014256978407502174,0.0176889775596835,0.0004232964201946743,0.000539232843072602
gru-mae-0.001-s43,gru,base,43,mae,0.001,27,0.014705778192728758,0.016343616376872417,0.00042931739735649896,0.0004869898247610157
gru-mae-0.001-s43,gru,base,43,mae,0.001,28,0.015534464083611966,0.017391729485933427,0.00045773479214403776,0.000531188607823828
gru-mae-0.001-s43,gru,base,43,mae,0.001,29,0.0160027508623898,0.015778988206552134,0.0005122156537254341,0.0004492025709219484
gru-mae-0.001-s43,gru,base,43,mae,0.001,30,0.014332391321659088,0.01933739517160036,0.0004285854389308952,0.00061267123426121
gru-mae-0.001-s44,gru,base,44,mae,0.001,1,0.2357885383069515,0.0868509497217558,0.0695711967535317,0.012418047758250462
gru-mae-0.001-s44,gru,base,44,mae,0.001,2,0.11484510824084282,0.1266864225820259,0.016136442963033914,0.020317388160361185
gru-mae-0.001-s44,gru,base,44,mae,0.001,3,0.08468210622668267,0.03315177369448874,0.008689751103520393,0.002138360320478333
gru-mae-0.001-s44,gru,base,44,mae,0.001,4,0.025912026595324277,0.03182852812525299,0.0010123613436007872,0.0016345955333370646
gru-mae-0.001-s44,gru,base,44,mae,0.001,5,0.029410048946738244,0.026466499903687723,0.0014017927343957127,0.0014937232774509875
gru-mae-0.001-s44,gru,base,44,mae,0.001,6,0.024576613493263722,0.03538665656966192,0.000973125986638479,0.002326253148580522
gru-mae-0.001-s44,gru,base,44,mae,0.001,7,0.03364508710801602,0.025185410912942,0.0016623807954601944,0.0010866311712932118
gru-mae-0.001-s44,gru,base,44,mae,0.001,8,0.02559840939939022,0.022147412032440857,0.0010190447210334241,0.0008778249103299998
gru-mae-0.001-s44,gru,base,44,mae,0.001,9,0.02279134336858988,0.02760368277905164,0.0008472679794067517,0.0015200342698436645
gru-mae-0.001-s44,gru,base,44,mae,0.001,10,0.02200535321608186,0.01882488763442746,0.0008818413276458159,0.0008362472076745083
gru-mae-0.001-s44,gru,base,44,mae,0.001,11,0.016860225703567266,0.01884882951638213,0.0005703089569578879,0.0006064476769771082
gru-mae-0.001-s44,gru,base,44,mae,0.001,12,0.01831170227378607,0.020318100235804364,0.0005843098944751546,0.0008135576424171666
gru-mae-0.001-s44,gru,base,44,mae,0.001,13,0.016586848814040423,0.02156796756165999,0.0005377482084440999,0.000929869325288261
gru-mae-0.001-s44,gru,base,44,mae,0.001,14,0.017827567737549545,0.01591002966656729,0.000616362139408011,0.0004885664252840258
gru-mae-0.001-s44,gru,base,44,mae,0.001,15,0.01589653305709362,0.01682519560886754,0.0004897086982964538,0.0005272877180552179
gru-mae-0.001-s44,gru,base,44,mae,0.001,16,0.016926053166389465,0.01932117115982153,0.0005418107342848088,0.0007509332857336159
gru-mae-0.001-s44,gru,base,44,mae,0.001,17,0.01629462568089366,0.016490977712803417,0.0005266323903924785,0.0005873315227088622
gru-mae-0.001-s44,gru,base,44,mae,0.001,18,0.014472691994160413,0.01716284587013501,0.0004515713044384029,0.0005469268733307857
gru-mae-0.001-s44,gru,base,44,mae,0.001,19,0.015566578134894371,0.01646931547395609,0.00046764663275098426,0.0005617755274417706
gru-mae-0.001-s44,gru,base,44,mae,0.001,20,0.01581632308661938,0.022532907721621018,0.0004912911725114099,0.0009264416753366175
gru-mae-0.001-s44,gru,base,44,mae,0.001,21,0.01711134482175112,0.016131959151890543,0.0005941006325883791,0.0005170504346972814
gru-mae-0.001-s44,gru,base,44,mae,0.001,22,0.014502564631402492,0.015906281362253208,0.00044678662306978366,0.0004745908687322366
gru-mae-0.001-s44,gru,base,44,mae,0.001,23,0.014957237895578146,0.015675456228631514,0.0004329526374931447,0.0005049387964256176
gru-mae-0.001-s44,gru,base,44,mae,0.001,24,0.014795222505927085,0.018860437065638877,0.0004509632708504796,0.0006800046052645754
gru-mae-0.001-s44,gru,base,44,mae,0.001,25,0.01566395806148648,0.015824834271161645,0.000512438673467841,0.0004940118074753425
gru-mae-0.001-s44,gru,base,44,mae,0.001,26,0.014351831283420324,0.015831455953971105,0.00043829409769386985,0.00046787679645974466
gru-mae-0.001-s44,gru,base,44,mae,0.001,27,0.01429436206817627,0.017572536747212764,0.0004154250753344968,0.0006360980149582718
gru-mae-0.001-s44,gru,base,44,mae,0.001,28,0.014527564495801925,0.021191993210878637,0.00044726783962687475,0.0008587530331203231
gru-mae-0.001-s44,gru,base,44,mae,0.001,29,0.016160754766315222,0.015540285684444287,0.0005382306379033252,0.0004830226496172448
gru-mae-0.001-s44,gru,base,44,mae,0.001,30,0.014061638526618481,0.016475825887863282,0.00042114235839108005,0.0004751240302101468
gru-huber-0.0001-s42,gru,base,42,huber,0.0001,1,0.13626428470015525,0.1099623515650078,0.023867815034464,0.01642070841734056
gru-huber-0.0001-s42,gru,base,42,huber,0.0001,2,0.06586966626346111,0.07269604563437126,0.0068339097779244184,0.010607511882187316
gru-huber-0.0001-s42,gru,base,42,huber,0.0001,3,0.07591334544122219,0.06749708404143652,0.00842954465188086,0.007263186894771126
gru-huber-0.0001-s42,gru,base,42,huber,0.0001,4,0.050829255022108555,0.05736645625697242,0.0038608471979387103,0.006112775000467621
gru-huber-0.0001-s42,gru,base,42,huber,0.0001,5,0.04902249500155449,0.05703156240008495,0.0037802096805535255,0.005649820066712521
gru-huber-0.0001-s42,gru,base,42,huber,0.0001,6,0.03906575031578541,0.05773997102622633,0.0025601782181183808,0.005571060870877571
gru-huber-0.0001-s42,gru,base,42,huber,0.0001,7,0.032680056616663934,0.05669374601156623,0.002005295376875438,0.005284854053968081
gru-huber-0.0001-s42,gru,base,42,huber,0.0001,8,0.025361671298742294,0.05074643983885094,0.0012809106265194714,0.004538391783178128
gru-huber-0.0001-s42,gru,base,42,huber,0.0001,9,0.02371521545574069,0.052074812145696744,0.001117833460739348,0.004697153978567157
gru-huber-0.0001-s42,gru,base,42,huber,0.0001,10,0.02269632453098893,0.05285912313395076,0.0010438708355650305,0.004859984744581635
gru-huber-0.0001-s42,gru,base,42,huber,0.0001,11,0.020633560325950383,0.051338594406843185,0.0008399227954214439,0.004779048402862692
gru-huber-0.0001-s42,gru,base,42,huber,0.0001,12,0.0186607850715518,0.049941057063363214,0.0006958356563700363,0.004677131549558706
gru-huber-0.0001-s42,gru,base,42,huber,0.0001,13,0.017653287574648856,0.04947260365717941,0.0006473382090916857,0.004551844964562742
gru-huber-0.0001-s42,gru,base,42,huber,0.0001,14,0.01982435444369912,0.05099260747708656,0.0007827428911696188,0.004692485626286792
gru-huber-0.0001-s42,gru,base,42,huber,0.0001,15,0.02293318137526512,0.05177632545431455,0.000969061499927193,0.004907973747079571
gru-huber-0.0001-s42,gru,base,42,huber,0.0001,16,0.019968716613948344,0.05475712079140875,0.0007027733925497159,0.005427506514307526
gru-huber-0.0001-s42,gru,base,42,huber,0.0001,17,0.028520941641181706,0.04362499237888389,0.00129284920549253,0.003825079010264879
gru-huber-0.0001-s42,gru,base,42,huber,0.0001,18,0.0228824345394969,0.050088742527144924,0.0008993555617053062,0.004483307469032567
gru-huber-0.0001-s42,gru,base,42,huber,0.0001,19,0.0297557033598423,0.06405818026374888,0.0015554725920083,0.006456838969003271
gru-huber-0.0001-s42,gru,base,42,huber,0.0001,20,0.026092117093503474,0.05280755118087486,0.0010012252838350832,0.005047178945366155
gru-huber-0.0001-s42,gru,base,42,huber,0.0001,21,0.027469741366803645,0.04303658585305567,0.0011295330710709094,0.0035594712528917525
gru-huber-0.0001-s42,gru,base,42,huber,0.0001,22,0.02572196116670966,0.050670230554209814,0.0010930936987278983,0.004501653927447343
gru-huber-0.0001-s42,gru,base,42,huber,0.0001,23,0.029288495518267156,0.05703830454084608,0.001242637529503554,0.005486048664897681
gru-huber-0.0001-s42,gru,base,42,huber,0.0001,24,0.019464600272476672,0.04553109930345306,0.0006363234075251967,0.004060219566303271
gru-huber-0.0001-s42,gru,base,42,huber,0.0001,25,0.022161998227238654,0.0439042244658426,0.0008032241923501715,0.0037064525721318743
gru-huber-0.0001-s42,gru,base,42,huber,0.0001,26,0.019846746418625116,0.05138050476434054,0.000755384101648815,0.004528483404364023
gru-huber-0.0001-s42,gru,base,42,huber,0.0001,27,0.02417145185172558,0.052378231480165766,0.000915422145044431,0.004857892078278517
gru-huber-0.0001-s42,gru,base,42,huber,0.0001,28,0.018453812506049872,0.045139218977204076,0.0005973047227598727,0.003987491623222552
gru-huber-0.0001-s42,gru,base,42,huber,0.0001,29,0.021673116460442544,0.043742268642893545,0.0007749001699266956,0.003676320854746909
gru-huber-0.0001-s42,gru,base,42,huber,0.0001,30,0.018583195097744466,0.050043822811157615,0.0006724567181663587,0.004345696739404014
gru-huber-0.0001-s43,gru,base,43,huber,0.0001,1,0.3071773111820221,0.1203280207183626,0.1099586296826601,0.019876553449365827
gru-huber-0.0001-s43,gru,base,43,huber,0.0001,2,0.08812396712601185,0.08217294067144394,0.013838960183784365,0.011244063825277543
gru-huber-0.0001-s43,gru,base,43,huber,0.0001,3,0.07582192365080118,0.09917446405247406,0.008872772369068116,0.013867884201722013
gru-huber-0.0001-s43,gru,base,43,huber,0.0001,4,0.05727258436381817,0.04734571307069725,0.0050332699436694385,0.004029872282235711
gru-huber-0.0001-s43,gru,base,43,huber,0.0001,5,0.0426918413490057,0.05068636980873567,0.0028280328144319354,0.004807701056685161
gru-huber-0.0001-s43,gru,base,43,huber,0.0001,6,0.03257641606032848,0.05393068804233162,0.0020896467845886945,0.005067032890359836
gru-huber-0.0001-s43,gru,base,43,huber,0.0001,7,0.027736100554466247,0.0532745193000193,0.001685879283468239,0.004701524138174675
gru-huber-0.0001-s43,gru,base,43,huber,0.0001,8,0.023801639955490828,0.04560940955524091,0.0013608159468276426,0.003457718545191542
gru-huber-0.0001-s43,gru,base,43,huber,0.0001,9,0.021734613180160522,0.044764013119317866,0.0010737634802353568,0.003196324282153337
gru-huber-0.0001-s43,gru,base,43,huber,0.0001,10,0.020007792487740518,0.04148784903464494,0.0009160490531940013,0.002721746503030536
gru-huber-0.0001-s43,gru,base,43,huber,0.0001,11,0.018660860322415828,0.039797824538416335,0.0008014173319679685,0.0024553373050703493
gru-huber-0.0001-s43,gru,base,43,huber,0.0001,12,0.017520079109817743,0.037792505337684246,0.0007177184656029567,0.0022116918177171436
gru-huber-0.0001-s43,gru,base,43,huber,0.0001,13,0.0166339005343616,0.03608281590320446,0.0006583325608517044,0.0020291944241358174
gru-huber-0.0001-s43,gru,base,43,huber,0.0001,14,0.0158290296792984,0.03477860211774155,0.0006142986341728829,0.0019126739956576515
gru-huber-0.0001-s43,gru,base,43,huber,0.0001,15,0.015413681138306856,0.03445832456151644,0.0005794818600406871,0.0018838528832593173
gru-huber-0.0001-s43,gru,base,43,huber,0.0001,16,0.014992235321551561,0.03486816420875214,0.0005461434629978612,0.0019117753124899333
gru-huber-0.0001-s43,gru,base,43,huber,0.0001,17,0.014557351358234882,0.03419493025651685,0.0005201846215641126,0.0018531278461321361
gru-huber-0.0001-s43,gru,base,43,huber,0.0001,18,0.014270531572401523,0.031847967786921394,0.0005080895803985186,0.0016726791220544664
gru-huber-0.0001-s43,gru,base,43,huber,0.0001,19,0.014204202592372895,0.03023524985269264,0.0005082137591671199,0.0015458973646336408
gru-huber-0.0001-s43,gru,base,43,huber,0.0001,20,0.014195198286324739,0.031145078095572966,0.0005061800475232303,0.0016136525069466896
gru-huber-0.0001-s43,gru,base,43,huber,0.0001,21,0.013895542453974485,0.0350052201775489,0.00047873216681182384,0.0019141122483199945
gru-huber-0.0001-s43,gru,base,43,huber,0.0001,22,0.013691836688667535,0.035864520983563526,0.0004592265424435027,0.001973923249601352
gru-huber-0.0001-s43,gru,base,43,huber,0.0001,23,0.014331893343478442,0.028753702770228737,0.00048722078354330735,0.0014243366114829702
gru-huber-0.0001-s43,gru,base,43,huber,0.0001,24,0.015034238249063492,0.023408439824426617,0.0005353458604076877,0.0010062359057849755
gru-huber-0.0001-s43,gru,base,43,huber,0.0001,25,0.01856930088251829,0.03015703905235838,0.0006785950798075646,0.001534009569634994
gru-huber-0.0001-s43,gru,base,43,huber,0.0001,26,0.016225370578467846,0.04293428685654093,0.0005302418532664888,0.002569789136759937
gru-huber-0.0001-s43,gru,base,43,huber,0.0001,27,0.019551130291074515,0.026956480024037537,0.0006957131146918983,0.0012868734432332633
gru-huber-0.0001-s43,gru,base,43,huber,0.0001,28,0.016764651983976364,0.024132426772956496,0.000579157512402162,0.0010629377916403528
gru-huber-0.0001-s43,gru,base,43,huber,0.0001,29,0.019594170991331337,0.03595870141353872,0.0007336015536566265,0.0019952925396393294
gru-huber-0.0001-s43,gru,base,43,huber,0.0001,30,0.015554833598434925,0.03538208082318306,0.0004956978344125673,0.0018846161197870969
gru-huber-0.0001-s44,gru,base,44,huber,0.0001,1,0.09035789333283901,0.08405411974699409,0.012458119029179215,0.013692277633257349
gru-huber-0.0001-s44,gru,base,44,huber,0.0001,2,0.06470957100391388,0.07221167145503891,0.006342933478299529,0.013629880520791091
gru-huber-0.0001-s44,gru,base,44,huber,0.0001,3,0.04739817678928375,0.06305937106134715,0.004114745475817472,0.011331184136280273
gru-huber-0.0001-s44,gru,base,44,huber,0.0001,4,0.041764612309634686,0.05885733116280149,0.003382401433191262,0.010368858133679841
gru-huber-0.0001-s44,gru,base,44,huber,0.0001,5,0.037203742749989034,0.05420554932896738,0.002598130248952657,0.009614470819683953
gru-huber-0.0001-s44,gru,base,44,huber,0.0001,6,0.0314036613330245,0.05130019989554529,0.0019848471914883704,0.00859087266543173
gru-huber-0.0001-s44,gru,base,44,huber,0.0001,7,0.027602116204798223,0.04885683175590303,0.0015408389910589904,0.007683938131689232
gru-huber-0.0001-s44,gru,base,44,huber,0.0001,8,0.02462959587574005,0.04565896213882499,0.0012068194802850485,0.0070197310680264816
gru-huber-0.0001-s44,gru,base,44,huber,0.0001,9,0.02196592828258872,0.04268525155882041,0.0009572223207214847,0.006577485226659552
gru-huber-0.0001-s44,gru,base,44,huber,0.0001,10,0.02061605602502823,0.041963186804895046,0.0008300492190755904,0.0063896604703687545
gru-huber-0.0001-s44,gru,base,44,huber,0.0001,11,0.02411288097500801,0.039215109007502046,0.0009556835808325559,0.00542868500967786
gru-huber-0.0001-s44,gru,base,44,huber,0.0001,12,0.02221015589311719,0.04309835315302566,0.000838915936765261,0.004612640606420529
gru-huber-0.0001-s44,gru,base,44,huber,0.0001,13,0.024966192804276942,0.038838392765157756,0.0009394510620040819,0.004318767933377617
gru-huber-0.0001-s44,gru,base,44,huber,0.0001,14,0.0263546010479331,0.042084346297714445,0.0010842700663488357,0.005415485690227123
gru-huber-0.0001-s44,gru,base,44,huber,0.0001,15,0.023782534152269365,0.03945192018592799,0.0009718536079162732,0.005496501561073172
gru-huber-0.0001-s44,gru,base,44,huber,0.0001,16,0.027966541703790426,0.0386723722020785,0.0011883026862051338,0.004320982447178621
gru-huber-0.0001-s44,gru,base,44,huber,0.0001,17,0.020494495797902346,0.039191612256345924,0.0006618915009312332,0.003913823474000243
gru-huber-0.0001-s44,gru,base,44,huber,0.0001,18,0.024890583101660015,0.03669346223274867,0.0009552739618811756,0.004311820329166949
gru-huber-0.0001-s44,gru,base,44,huber,0.0001,19,0.018507747445255518,0.038050135721762975,0.0006644435343332589,0.0050033444728426356
gru-huber-0.0001-s44,gru,base,44,huber,0.0001,20,0.024450916051864623,0.03735812739641578,0.0009500421467237175,0.004241799977521792
gru-huber-0.0001-s44,gru,base,44,huber,0.0001,21,0.0204965733923018,0.03964351771606339,0.0006760547956218943,0.0038250910527831703
gru-huber-0.0001-s44,gru,base,44,huber,0.0001,22,0.02244510380551219,0.03410463591140729,0.0007859233330236748,0.0038710817263496143
gru-huber-0.0001-s44,gru,base,44,huber,0.0001,23,0.01683050310239196,0.03565628086389215,0.0005771790616563522,0.004449020041997924
gru-huber-0.0001-s44,gru,base,44,huber,0.0001,24,0.0205612163990736,0.0342316920351651,0.0007342613549553789,0.004064618620139771
gru-huber-0.0001-s44,gru,base,44,huber,0.0001,25,0.01929331459105015,0.037719745616670006,0.0006423088911105878,0.0036469949258456902
gru-huber-0.0001-s44,gru,base,44,huber,0.0001,26,0.0199277026578784,0.03301981646153662,0.0006387246045051143,0.003487687450790502
gru-huber-0.0001-s44,gru,base,44,huber,0.0001,27,0.018031241558492183,0.033855679044844926,0.0006094068885431625,0.004004173957164986
gru-huber-0.0001-s44,gru,base,44,huber,0.0001,28,0.016941179987043142,0.03376294867032104,0.0005790275085018948,0.004230299154921711
gru-huber-0.0001-s44,gru,base,44,huber,0.0001,29,0.02096616066992283,0.03498624710849038,0.0007434425293467939,0.0035264558995280553
gru-huber-0.0001-s44,gru,base,44,huber,0.0001,30,0.017793447710573673,0.03464292311971938,0.0005209216906223446,0.003248113596324671
gru-huber-0.001-s42,gru,base,42,huber,0.001,1,0.1259195886552334,0.05179675433922697,0.03107726378366351,0.004353878110716188
gru-huber-0.001-s42,gru,base,42,huber,0.001,2,0.07633118294179439,0.08577648762751508,0.00775025924667716,0.012740554407032
gru-huber-0.001-s42,gru,base,42,huber,0.001,3,0.12944334670901297,0.1428916013903088,0.0308355626068078,0.02220306564812307
gru-huber-0.001-s42,gru,base,42,huber,0.001,4,0.1474370935931802,0.06631430624811738,0.03360783490352333,0.006442068672428528
gru-huber-0.001-s42,gru,base,42,huber,0.001,5,0.043613532558083534,0.03988306450623053,0.002788379875710234,0.002683940180577338
gru-huber-0.001-s42,gru,base,42,huber,0.001,6,0.0499666815623641,0.05853040527414392,0.0033994719735346733,0.004853431918416862
gru-huber-0.001-s42,gru,base,42,huber,0.001,7,0.0739267399534583,0.09358604975320675,0.009889279271010309,0.01128166347604107
gru-huber-0.001-s42,gru,base,42,huber,0.001,8,0.07401015888899565,0.0815834606135333,0.00823721643537283,0.008514826372265815
gru-huber-0.001-s42,gru,base,42,huber,0.001,9,0.06055285558104515,0.029988457869600367,0.0050855045323260125,0.001608152245602536
gru-huber-0.001-s42,gru,base,42,huber,0.001,10,0.04721518866717815,0.07527593274911244,0.0032794417173136027,0.007157919083342508
gru-huber-0.001-s42,gru,base,42,huber,0.001,11,0.06175035871565342,0.02618422653802015,0.004972525301855058,0.0011859075172752555
gru-huber-0.001-s42,gru,base,42,huber,0.001,12,0.022416172176599504,0.0328160031526177,0.0008271869824966416,0.0017488092550559452
gru-huber-0.001-s42,gru,base,42,huber,0.001,13,0.026427788473665715,0.03389931359776744,0.0010799945041071624,0.0016826816039004673
gru-huber-0.001-s42,gru,base,42,huber,0.001,14,0.02856824789196253,0.02915192592751097,0.00118581373244524,0.0011970368787404839
gru-huber-0.001-s42,gru,base,42,huber,0.001,15,0.03471609614789486,0.022661133607228597,0.0018255454080644995,0.000751987667064424
gru-huber-0.001-s42,gru,base,42,huber,0.001,16,0.02324947752058506,0.02433025874197483,0.0009304358172812499,0.0008537337177484814
gru-huber-0.001-s42,gru,base,42,huber,0.001,17,0.022733180224895476,0.020012923192094873,0.0007986368291312829,0.0006661610759760219
gru-huber-0.001-s42,gru,base,42,huber,0.001,18,0.019325191900134087,0.019704975801761504,0.0006464049394708127,0.0006148043177004351
gru-huber-0.001-s42,gru,base,42,huber,0.001,19,0.022228735592216255,0.020393288880586623,0.000822383988997899,0.0006522157386859396
gru-huber-0.001-s42,gru,base,42,huber,0.001,20,0.016989920008927583,0.01770671959966421,0.0004973592134774662,0.0005320815073058906
gru-huber-0.001-s42,gru,base,42,huber,0.001,21,0.02027145242318511,0.020013099356933878,0.0006859686283860356,0.0006585746184336366
gru-huber-0.001-s42,gru,base,42,huber,0.001,22,0.01848493665456772,0.016624448165573454,0.0006380210470524617,0.00044658296909700664
gru-huber-0.001-s42,gru,base,42,huber,0.001,23,0.015669298265129326,0.01733423160320079,0.00047316655982285736,0.00047352203659506306
gru-huber-0.001-s42,gru,base,42,huber,0.001,24,0.016048036236315965,0.016921432992374457,0.0004779983530170284,0.0005218056052129854
gru-huber-0.001-s42,gru,base,42,huber,0.001,25,0.01483282595872879,0.015412412535537172,0.00046074709825916216,0.0004314300070594375
gru-huber-0.001-s42,gru,base,42,huber,0.001,26,0.014422658272087574,0.01591731826602309,0.00044999433812336064,0.00043233223776850433
gru-huber-0.001-s42,gru,base,42,huber,0.001,27,0.01347704092040658,0.015737813538699238,0.00039063291987986306,0.00044446156944441436
gru-huber-0.001-s42,gru,base,42,huber,0.001,28,0.014334587380290031,0.016550948526020404,0.0004168608371401206,0.000509096632702966
gru-huber-0.001-s42,gru,base,42,huber,0.001,29,0.014607929904013873,0.015472220843312916,0.00045475664956029505,0.0004305651731556281
gru-huber-0.001-s42,gru,base,42,huber,0.001,30,0.0143230015411973,0.016776772436720353,0.00044339698797557503,0.0004605513111326016
gru-huber-0.001-s43,gru,base,43,huber,0.001,1,0.1434694617986679,0.09326661350550475,0.0351743201026693,0.013185921752894366
gru-huber-0.001-s43,gru,base,43,huber,0.001,2,0.06088462118059397,0.03097552251484659,0.006468117734766565,0.001475771629527487
gru-huber-0.001-s43,gru,base,43,huber,0.001,3,0.035756514966487886,0.04558069376205957,0.0020591178385075183,0.002915744152765169
gru-huber-0.001-s43,gru,base,43,huber,0.001,4,0.030320887360721825,0.03195353925780014,0.0013686862148460932,0.0014699759065277046
gru-huber-0.001-s43,gru,base,43,huber,0.001,5,0.023905879259109496,0.02567680512589437,0.0008671472867717966,0.0010725919811563841
gru-huber-0.001-s43,gru,base,43,huber,0.001,6,0.04244142509996891,0.028184174898046033,0.0025810275867115704,0.001192550972768071
gru-huber-0.001-s43,gru,base,43,huber,0.001,7,0.04252287615090609,0.031276992542876136,0.002697868290852057,0.0013888471302817818
gru-huber-0.001-s43,gru,base,43,huber,0.001,8,0.024425493739545345,0.019428136344585154,0.0009670521569205448,0.0006809548425263966
gru-huber-0.001-s43,gru,base,43,huber,0.001,9,0.020479809679090976,0.02475398290488455,0.0007130567246349528,0.0009717611287703255
gru-huber-0.001-s43,gru,base,43,huber,0.001,10,0.02986398097127676,0.017184003877143066,0.0013508710748283193,0.00048795513597455013
gru-huber-0.001-s43,gru,base,43,huber,0.001,11,0.01995064541697502,0.02568786116661849,0.0006846549629699438,0.0009809036782287338
gru-huber-0.001-s43,gru,base,43,huber,0.001,12,0.020803874451667072,0.018954540664951006,0.000737339974148199,0.000609460664822513
gru-huber-0.001-s43,gru,base,43,huber,0.001,13,0.017131914384663105,0.01811149509416686,0.0005291244095133151,0.0005518866230785433
gru-huber-0.001-s43,gru,base,43,huber,0.001,14,0.018785571958869696,0.018706242478004207,0.0006187469669384881,0.0005750738123121361
gru-huber-0.001-s43,gru,base,43,huber,0.001,15,0.019397836551070212,0.019648368456573397,0.0006824316747952253,0.0006571889427033495
gru-huber-0.001-s43,gru,base,43,huber,0.001,16,0.01766717005521059,0.025581170177018202,0.0005203785694902763,0.0010128720462994857
gru-huber-0.001-s43,gru,base,43,huber,0.001,17,0.021199353411793707,0.018382271282650808,0.0007286438398296013,0.0005902522267273593
gru-huber-0.001-s43,gru,base,43,huber,0.001,18,0.019779698736965657,0.019757173541519377,0.000685869055450894,0.0006372005166701489
gru-huber-0.001-s43,gru,base,43,huber,0.001,19,0.024024399090558292,0.024197376781591663,0.000996470812242478,0.0008197363578128042
gru-huber-0.001-s43,gru,base,43,huber,0.001,20,0.02083974927663803,0.02053029526852899,0.0007254733893205412,0.0006942340677293638
gru-huber-0.001-s43,gru,base,43,huber,0.001,21,0.02119868490844965,0.021853365976777343,0.0007375413595582358,0.00071534704917145
gru-huber-0.001-s43,gru,base,43,huber,0.001,22,0.02337561333552003,0.02264625646725849,0.000943754953914322,0.0008029348132873161
gru-huber-0.001-s43,gru,base,43,huber,0.001,23,0.018850869592279197,0.021841402303565433,0.0006074865348637104,0.0007731618469632748
gru-huber-0.001-s43,gru,base,43,huber,0.001,24,0.023978455737233163,0.02592030981624568,0.0008673661475768312,0.000982222181779367
gru-huber-0.001-s43,gru,base,43,huber,0.001,25,0.021379992086440324,0.018030068878498343,0.0007817568941391074,0.0005878896908446525
gru-huber-0.001-s43,gru,base,43,huber,0.001,26,0.019048426207154988,0.020184985072248512,0.0006114745061495342,0.0006295006095940523
gru-huber-0.001-s43,gru,base,43,huber,0.001,27,0.017891795933246614,0.02008906285519953,0.0005655321147060022,0.000666942709358409
gru-huber-0.001-s43,gru,base,43,huber,0.001,28,0.01691157165914774,0.015431733719176716,0.0005502116444404237,0.000438312209250095
gru-huber-0.001-s43,gru,base,43,huber,0.001,29,0.013961902074515819,0.015825815036616942,0.00038578352468903175,0.0004609444329549593
gru-huber-0.001-s43,gru,base,43,huber,0.001,30,0.013610298279672861,0.01508485644503876,0.00037524416256928816,0.000443278395579438
gru-huber-0.001-s44,gru,base,44,huber,0.001,1,0.23578752726316451,0.08662131432857778,0.06957138455472886,0.012345819394707818
gru-huber-0.001-s44,gru,base,44,huber,0.001,2,0.11469685882329941,0.12552596154036344,0.016106207948178054,0.020000753455139974
gru-huber-0.001-s44,gru,base,44,huber,0.001,3,0.08488903194665909,0.03392920187777943,0.008701838809065521,0.0021714286068109452
gru-huber-0.001-s44,gru,base,44,huber,0.001,4,0.02587565453723073,0.03248396601389956,0.0010103137377882377,0.0016769564888414203
gru-huber-0.001-s44,gru,base,44,huber,0.001,5,0.029745510872453453,0.027295220643281937,0.0014376455161254852,0.0015363938075973204
gru-huber-0.001-s44,gru,base,44,huber,0.001,6,0.025223725382238625,0.031525036168319205,0.0010062925575766712,0.0020641660567855945
gru-huber-0.001-s44,gru,base,44,huber,0.001,7,0.03152118269354105,0.023477868425349394,0.0015395818802062422,0.0010062625599352435
gru-huber-0.001-s44,gru,base,44,huber,0.001,8,0.023928821831941605,0.022451352948943775,0.0009266226697945967,0.0009287654085912638
gru-huber-0.001-s44,gru,base,44,huber,0.001,9,0.020606236718595027,0.029531249086614007,0.0007257628196384758,0.001702679077560013
gru-huber-0.001-s44,gru,base,44,huber,0.001,10,0.023587096761912108,0.019699617475271224,0.0009942748554749414,0.0008117027619543175
gru-huber-0.001-s44,gru,base,44,huber,0.001,11,0.01785420309752226,0.018807425750074564,0.000576891700620763,0.0006251064485965159
gru-huber-0.001-s44,gru,base,44,huber,0.001,12,0.020251967012882233,0.02418407150716693,0.0006861028465209529,0.0010397812631843543
gru-huber-0.001-s44,gru,base,44,huber,0.001,13,0.018015471380203964,0.01678846392918516,0.0006237660956685432,0.000613923536406623
gru-huber-0.001-s44,gru,base,44,huber,0.001,14,0.015606591291725636,0.017002007834337377,0.00048793997411848976,0.0005357403481698216
gru-huber-0.001-s44,gru,base,44,huber,0.001,15,0.016420545242726802,0.017965668032842653,0.000502503092866391,0.0006649700747975321
gru-huber-0.001-s44,gru,base,44,huber,0.001,16,0.014880026131868363,0.017379105387738458,0.0004667672896175645,0.0006632971509437387
gru-huber-0.001-s44,gru,base,44,huber,0.001,17,0.014904371276497842,0.01606333338552051,0.0004810866230400279,0.0005180346820486227
gru-huber-0.001-s44,gru,base,44,huber,0.001,18,0.01444019889459014,0.01600363093117873,0.00043426405609352513,0.0005361844355421555
gru-huber-0.001-s44,gru,base,44,huber,0.001,19,0.014485080819576978,0.018448170702214595,0.0004397475961013697,0.0007114138449887159
gru-huber-0.001-s44,gru,base,44,huber,0.001,20,0.01499253073707223,0.016249816768147327,0.00047309669898822906,0.0005689774294970212
gru-huber-0.001-s44,gru,base,44,huber,0.001,21,0.014323092065751553,0.016580117769815304,0.00044648475377471184,0.000509349014114209
gru-huber-0.001-s44,gru,base,44,huber,0.001,22,0.014816781226545572,0.01702363914637654,0.00043031670211348685,0.0006187610055483809
gru-huber-0.001-s44,gru,base,44,huber,0.001,23,0.014391634333878755,0.018667222773311315,0.00044038910564268006,0.0007281983954642244
gru-huber-0.001-s44,gru,base,44,huber,0.001,24,0.015174769889563322,0.015658242655573067,0.00048291776693076827,0.0005026940983952954
gru-huber-0.001-s44,gru,base,44,huber,0.001,25,0.01444969130679965,0.01678570573804555,0.0004316504317102954,0.0005113306815339321
gru-huber-0.001-s44,gru,base,44,huber,0.001,26,0.015323753748089076,0.019395164165783813,0.00045163907707319596,0.0007709595294996958
gru-huber-0.001-s44,gru,base,44,huber,0.001,27,0.01513617429882288,0.01764211564290303,0.0004768184022395872,0.0006808743078080523
gru-huber-0.001-s44,gru,base,44,huber,0.001,28,0.015097047574818135,0.016509290267195966,0.0004792802908923477,0.000492127060122719
gru-huber-0.001-s44,gru,base,44,huber,0.001,29,0.01568756951019168,0.015751916094234698,0.0004632285767002031,0.000489745333713169
gru-huber-0.001-s44,gru,base,44,huber,0.001,30,0.014808958303183318,0.02091804398568692,0.0004461495933355764,0.0008542313833324308
dlinear-mse-0.0001-s42,dlinear,base,42,mse,0.0001,1,0.1991034336388111,0.10468908796707789,0.05322208111174405,0.017518961826270378
dlinear-mse-0.0001-s42,dlinear,base,42,mse,0.0001,2,0.11505743488669395,0.12356145006638986,0.018833335116505624,0.019603995537316357
dlinear-mse-0.0001-s42,dlinear,base,42,mse,0.0001,3,0.09927751049399376,0.07351224513517486,0.01455815725494176,0.008968054196210924
dlinear-mse-0.0001-s42,dlinear,base,42,mse,0.0001,4,0.07409212812781334,0.06231119725163336,0.008629720471799374,0.006805434594517229
dlinear-mse-0.0001-s42,dlinear,base,42,mse,0.0001,5,0.05890235938131809,0.06049914324173221,0.005338087119162083,0.005759003128925407
dlinear-mse-0.0001-s42,dlinear,base,42,mse,0.0001,6,0.05178598277270794,0.05779650349307943,0.003947769850492477,0.00519841055351275
dlinear-mse-0.0001-s42,dlinear,base,42,mse,0.0001,7,0.04672548174858093,0.04963140316583492,0.0031819431693293153,0.004060165243464763
dlinear-mse-0.0001-s42,dlinear,base,42,mse,0.0001,8,0.04086981732398272,0.04492285287490597,0.0024296044022776185,0.0034219551995327627
dlinear-mse-0.0001-s42,dlinear,base,42,mse,0.0001,9,0.03552372846752405,0.04274098161194059,0.0019043238775338978,0.003133710457391485
dlinear-mse-0.0001-s42,dlinear,base,42,mse,0.0001,10,0.032275115326046946,0.0402816513898196,0.0015920633508358152,0.002805605245305708
dlinear-mse-0.0001-s42,dlinear,base,42,mse,0.0001,11,0.029662846960127352,0.03767973392925881,0.001359847211278975,0.0024855952589186254
dlinear-mse-0.0001-s42,dlinear,base,42,mse,0.0001,12,0.027435577102005483,0.03613782039395085,0.0011825312860310078,0.002297361343409176
dlinear-mse-0.0001-s42,dlinear,base,42,mse,0.0001,13,0.025750713143497705,0.034946755402617984,0.0010589963960228488,0.0021535923256090395
dlinear-mse-0.0001-s42,dlinear,base,42,mse,0.0001,14,0.024446827918291093,0.03381078781353103,0.0009676745248725638,0.0020210053314696306
dlinear-mse-0.0001-s42,dlinear,base,42,mse,0.0001,15,0.023351261764764784,0.03302428678230003,0.0008970119757577777,0.0019296336367174431
dlinear-mse-0.0001-s42,dlinear,base,42,mse,0.0001,16,0.022439994663000108,0.03241535852904673,0.0008413251038291491,0.0018615912111407077
dlinear-mse-0.0001-s42,dlinear,base,42,mse,0.0001,17,0.02162994723767042,0.03188197696926417,0.0007952146406751126,0.0018034113295100353
dlinear-mse-0.0001-s42,dlinear,base,42,mse,0.0001,18,0.020928250905126334,0.03148848004639149,0.0007562582090031355,0.0017597367995660063
dlinear-mse-0.0001-s42,dlinear,base,42,mse,0.0001,19,0.0202989786863327,0.031147603290500463,0.0007224816596135497,0.0017248460104585521
dlinear-mse-0.0001-s42,dlinear,base,42,mse,0.0001,20,0.019719736464321614,0.0308400295122906,0.0006926528236363083,0.001695058850950941
dlinear-mse-0.0001-s42,dlinear,base,42,mse,0.0001,21,0.01922418177127838,0.030570547434466855,0.0006662556377705186,0.0016706501728751594
dlinear-mse-0.0001-s42,dlinear,base,42,mse,0.0001,22,0.0187945993617177,0.03032156165551256,0.0006426668347558007,0.0016495332622003776
dlinear-mse-0.0001-s42,dlinear,base,42,mse,0.0001,23,0.018401776254177094,0.030088246365388236,0.0006215224595507607,0.0016308768695496299
dlinear-mse-0.0001-s42,dlinear,base,42,mse,0.0001,24,0.01807002378627658,0.029876092766170148,0.0006025507464073598,0.0016143938069473262
dlinear-mse-0.0001-s42,dlinear,base,42,mse,0.0001,25,0.017790562286973,0.029676567597521675,0.0005854534101672471,0.0015993991310501265
dlinear-mse-0.0001-s42,dlinear,base,42,mse,0.0001,26,0.017566999047994615,0.029495358701657367,0.0005700153269572183,0.001585673029034364
dlinear-mse-0.0001-s42,dlinear,base,42,mse,0.0001,27,0.01735987439751625,0.029322222344301364,0.0005560320510994643,0.0015729842371203834
dlinear-mse-0.0001-s42,dlinear,base,42,mse,0.0001,28,0.017180856224149464,0.029155853294112064,0.0005433168189483695,0.0015611140053132895
dlinear-mse-0.0001-s42,dlinear,base,42,mse,0.0001,29,0.017013876419514417,0.02899598469612775,0.0005317153278156184,0.0015499568742665427
dlinear-mse-0.0001-s42,dlinear,base,42,mse,0.0001,30,0.016854161489754917,0.028848583789335358,0.0005210847826674581,0.0015393845987057796
dlinear-mse-0.0001-s43,dlinear,base,43,mse,0.0001,1,0.1224318217486143,0.055464353522768725,0.022742156637832522,0.00913229000116526
dlinear-mse-0.0001-s43,dlinear,base,43,mse,0.0001,2,0.07509724274277688,0.061264752569022,0.01645821628626436,0.00693611735995445
dlinear-mse-0.0001-s43,dlinear,base,43,mse,0.0001,3,0.08269989900290967,0.08277755517650534,0.011435207910835743,0.008105822762957326
dlinear-mse-0.0001-s43,dlinear,base,43,mse,0.0001,4,0.06939030066132545,0.05578011942130548,0.007975543104112148,0.004799589018026988
dlinear-mse-0.0001-s43,dlinear,base,43,mse,0.0001,5,0.05344106536358595,0.04906948862804307,0.006469992065103724,0.0038299570601709465
dlinear-mse-0.0001-s43,dlinear,base,43,mse,0.0001,6,0.052766209468245506,0.0512059274646971,0.00526631319662556,0.0036244855693506974
dlinear-mse-0.0001-s43,dlinear,base,43,mse,0.0001,7,0.04766100849956274,0.04383348168598281,0.004028631810797378,0.0028093831441192716
dlinear-mse-0.0001-s43,dlinear,base,43,mse,0.0001,8,0.04215047955513,0.03963868377937211,0.0032336237403796987,0.002319490143822299
dlinear-mse-0.0001-s43,dlinear,base,43,mse,0.0001,9,0.03924817256629467,0.0380342257519563,0.0026575273950584233,0.0020952307739881453
dlinear-mse-0.0001-s43,dlinear,base,43,mse,0.0001,10,0.03559786751866341,0.034952546076642145,0.0021388318098615857,0.0017818689199716406
dlinear-mse-0.0001-s43,dlinear,base,43,mse,0.0001,11,0.032544508669525386,0.03296652632179083,0.001788180903531611,0.0016101611321102138
dlinear-mse-0.0001-s43,dlinear,base,43,mse,0.0001,12,0.030019516125321388,0.03159386224492833,0.0015151114886975848,0.0014878873514977318
dlinear-mse-0.0001-s43,dlinear,base,43,mse,0.0001,13,0.027796323969960214,0.030362013741223902,0.0013007872446905821,0.0013773278928258352
dlinear-mse-0.0001-s43,dlinear,base,43,mse,0.0001,14,0.026041853427886962,0.029785084572655184,0.0011461910413345321,0.0013132694030732468
dlinear-mse-0.0001-s43,dlinear,base,43,mse,0.0001,15,0.024546031840145588,0.02910571790955685,0.0010211752203758806,0.001252472937900435
dlinear-mse-0.0001-s43,dlinear,base,43,mse,0.0001,16,0.023326972872018813,0.028614751180564914,0.0009261767379939556,0.0012103474423013352
dlinear-mse-0.0001-s43,dlinear,base,43,mse,0.0001,17,0.022320667188614605,0.028145998702556997,0.0008495977133861742,0.001174373068432841
dlinear-mse-0.0001-s43,dlinear,base,43,mse,0.0001,18,0.02151089422404766,0.02776887316118788,0.0007880996621679514,0.0011455777747970488
dlinear-mse-0.0001-s43,dlinear,base,43,mse,0.0001,19,0.020806358102709054,0.02741811972249437,0.0007377730420557782,0.001121644843024788
dlinear-mse-0.0001-s43,dlinear,base,43,mse,0.0001,20,0.020222921203821898,0.027094482064799027,0.0006959259233553893,0.0011011752601781928
dlinear-mse-0.0001-s43,dlinear,base,43,mse,0.0001,21,0.019734505284577607,0.026811306578693565,0.000660836833412759,0.0010836626756591378
dlinear-mse-0.0001-s43,dlinear,base,43,mse,0.0001,22,0.01931486325338483,0.02657350681170269,0.0006309162476100027,0.0010681658483075874
dlinear-mse-0.0001-s43,dlinear,base,43,mse,0.0001,23,0.018921564891934396,0.02636177891658412,0.0006051627860870212,0.0010544099405200946
dlinear-mse-0.0001-s43,dlinear,base,43,mse,0.0001,24,0.018555760942399503,0.026160607611139617,0.0005826595821417868,0.0010419799506457316
dlinear-mse-0.0001-s43,dlinear,base,43,mse,0.0001,25,0.01821926385164261,0.025971542988662367,0.0005627727427054196,0.0010306722290503482
dlinear-mse-0.0001-s43,dlinear,base,43,mse,0.0001,26,0.017907920852303506,0.025807108647293516,0.0005449731295811943,0.0010203325659623025
dlinear-mse-0.0001-s43,dlinear,base,43,mse,0.0001,27,0.017637496907263996,0.025656257762953088,0.0005288741667754948,0.0010108108347695736
dlinear-mse-0.0001-s43,dlinear,base,43,mse,0.0001,28,0.017382737062871457,0.025520428959970122,0.0005141797242686153,0.001002062138825379
dlinear-mse-0.0001-s43,dlinear,base,43,mse,0.0001,29,0.017137648165225984,0.02539697759957225,0.0005006619860068895,0.0009940071402255585
dlinear-mse-0.0001-s43,dlinear,base,43,mse,0.0001,30,0.016905001550912856,0.025284719467163087,0.00048815104382811115,0.000986636935353831
dlinear-mse-0.0001-s44,dlinear,base,44,mse,0.0001,1,0.2610741600394249,0.14011860390504202,0.09830710217356682,0.028501844019801527
dlinear-mse-0.0001-s44,dlinear,base,44,mse,0.0001,2,0.12790629863739014,0.10727957320158128,0.023750008922070263,0.024030323687044008
dlinear-mse-0.0001-s44,dlinear,base,44,mse,0.0001,3,0.10441515166312457,0.08845734153356817,0.021070453990250825,0.01659179607544232
dlinear-mse-0.0001-s44,dlinear,base,44,mse,0.0001,4,0.0757443042472005,0.08455887000869822,0.011115749832242727,0.014068846083763574
dlinear-mse-0.0001-s44,dlinear,base,44,mse,0.0001,5,0.06505574733018875,0.07833191244690507,0.008643437724094838,0.012440431507787219
dlinear-mse-0.0001-s44,dlinear,base,44,mse,0.0001,6,0.05470496416091919,0.06499588702011991,0.006700063589960337,0.010017093177884817
dlinear-mse-0.0001-s44,dlinear,base,44,mse,0.0001,7,0.04522296134382486,0.05972186510485632,0.005476201814599335,0.008739801366485793
dlinear-mse-0.0001-s44,dlinear,base,44,mse,0.0001,8,0.03949501775205135,0.057069231997485516,0.004499924584524706,0.007773371938943725
dlinear-mse-0.0001-s44,dlinear,base,44,mse,0.0001,9,0.036285790614783764,0.053922294618354905,0.0037921008188277483,0.006792745959979516
dlinear-mse-0.0001-s44,dlinear,base,44,mse,0.0001,10,0.03366483636200428,0.049625020791535024,0.0032244179485132916,0.005799626588338503
dlinear-mse-0.0001-s44,dlinear,base,44,mse,0.0001,11,0.031408088840544225,0.046572810370061134,0.0027307219512294977,0.004978021950443724
dlinear-mse-0.0001-s44,dlinear,base,44,mse,0.0001,12,0.02975952997803688,0.04403769321463726,0.00231226600590162,0.004277806529986534
dlinear-mse-0.0001-s44,dlinear,base,44,mse,0.0001,13,0.028362206369638442,0.041256213671079386,0.0019690282992087305,0.0036555459397883774
dlinear-mse-0.0001-s44,dlinear,base,44,mse,0.0001,14,0.027031390741467477,0.03875464406554346,0.0016807135485578328,0.0031363428750342723
dlinear-mse-0.0001-s44,dlinear,base,44,mse,0.0001,15,0.02580199670046568,0.036636965501087686,0.0014417560654692353,0.002715208357807973
dlinear-mse-0.0001-s44,dlinear,base,44,mse,0.0001,16,0.024699548631906508,0.03467051360273251,0.0012486324994824827,0.0023695054923235956
dlinear-mse-0.0001-s44,dlinear,base,44,mse,0.0001,17,0.023663569055497647,0.03292165299256643,0.001092734740814194,0.002091723055410613
dlinear-mse-0.0001-s44,dlinear,base,44,mse,0.0001,18,0.022723172046244144,0.03139277115740158,0.0009678979113232344,0.0018725338578439766
dlinear-mse-0.0001-s44,dlinear,base,44,mse,0.0001,19,0.021904936246573924,0.030080475316693386,0.0008693005220266059,0.001699464156344119
dlinear-mse-0.0001-s44,dlinear,base,44,mse,0.0001,20,0.021173970587551594,0.029064083775436438,0.0007916819275123998,0.0015645013904927677
dlinear-mse-0.0001-s44,dlinear,base,44,mse,0.0001,21,0.02052218932658434,0.028212691084654243,0.0007307670806767419,0.0014601606056978064
dlinear-mse-0.0001-s44,dlinear,base,44,mse,0.0001,22,0.01996146058663726,0.027524838869080498,0.0006829811783973128,0.001379547813902954
dlinear-mse-0.0001-s44,dlinear,base,44,mse,0.0001,23,0.01951209157705307,0.02703837889281136,0.0006452466623159125,0.0013175946715313735
dlinear-mse-0.0001-s44,dlinear,base,44,mse,0.0001,24,0.01912677036598325,0.026680681695816694,0.0006151492008939386,0.0012699149116222677
dlinear-mse-0.0001-s44,dlinear,base,44,mse,0.0001,25,0.01878738505765796,0.026396963938518807,0.0005907905404455959,0.0012330411220857597
dlinear-mse-0.0001-s44,dlinear,base,44,mse,0.0001,26,0.018466864712536335,0.02616659820217777,0.0005707147996872663,0.0012043358129664773
dlinear-mse-0.0001-s44,dlinear,base,44,mse,0.0001,27,0.018170508556067944,0.025969551193217436,0.0005538399302167818,0.001181702515815333
dlinear-mse-0.0001-s44,dlinear,base,44,mse,0.0001,28,0.017896858043968678,0.02580889397887168,0.0005393660860136152,0.0011635871654208233
dlinear-mse-0.0001-s44,dlinear,base,44,mse,0.0001,29,0.017648728284984826,0.025670438011487325,0.0005267127809929662,0.0011488165222410182
dlinear-mse-0.0001-s44,dlinear,base,44,mse,0.0001,30,0.01742129949852824,0.02554612923413515,0.0005154576036147773,0.0011365177066181785
dlinear-mse-0.001-s42,dlinear,base,42,mse,0.001,1,0.1202865842729807,0.0977435412230315,0.021567171695642172,0.015661448426544666
dlinear-mse-0.001-s42,dlinear,base,42,mse,0.001,2,0.09056000597774982,0.11578887507871345,0.011030517879407852,0.016471329145133495
dlinear-mse-0.001-s42,dlinear,base,42,mse,0.001,3,0.09538883473724127,0.0789616400996844,0.012685409933328628,0.007061042001953831
dlinear-mse-0.001-s42,dlinear,base,42,mse,0.001,4,0.06699884962290525,0.03352926323811213,0.0059158904012292625,0.001534736592805496
dlinear-mse-0.001-s42,dlinear,base,42,mse,0.001,5,0.03637353237718344,0.01743008020437426,0.0019237244967371225,0.0005701537134074089
dlinear-mse-0.001-s42,dlinear,base,42,mse,0.001,6,0.024084713496267795,0.019625961911623125,0.0008877885731635616,0.0006389886993457805
dlinear-mse-0.001-s42,dlinear,base,42,mse,0.001,7,0.01922219656407833,0.018029952863300287,0.0006025743103236891,0.0006009262068093651
dlinear-mse-0.001-s42,dlinear,base,42,mse,0.001,8,0.01895007323473692,0.017349766063745376,0.0006141051679151132,0.0005665973299915937
dlinear-mse-0.001-s42,dlinear,base,42,mse,0.001,9,0.015518947690725326,0.01691994469060942,0.00046882421447662636,0.0005394106058196889
dlinear-mse-0.001-s42,dlinear,base,42,mse,0.001,10,0.016050096321851014,0.016372056360597964,0.0004783645388670266,0.0005088256023117099
dlinear-mse-0.001-s42,dlinear,base,42,mse,0.001,11,0.014973440766334533,0.016720943470244054,0.000448177610815037,0.0005187836976902973
dlinear-mse-0.001-s42,dlinear,base,42,mse,0.001,12,0.014894692786037922,0.01634367671277788,0.0004325675428844988,0.0005035598732151643
dlinear-mse-0.001-s42,dlinear,base,42,mse,0.001,13,0.014828926511108875,0.01656219704007661,0.0004291857316275127,0.0005100755020976067
dlinear-mse-0.001-s42,dlinear,base,42,mse,0.001,14,0.014551559463143349,0.016364383290487308,0.0004139137963647954,0.0005017495148220203
dlinear-mse-0.001-s42,dlinear,base,42,mse,0.001,15,0.014592443220317363,0.016367083953486548,0.0004112760863790754,0.000498908090715607
dlinear-mse-0.001-s42,dlinear,base,42,mse,0.001,16,0.014430064894258975,0.016382345012216658,0.00040199062568717635,0.000497744384833991
dlinear-mse-0.001-s42,dlinear,base,42,mse,0.001,17,0.014335539471358062,0.016347387364065206,0.000394733929715585,0.0004952408281732695
dlinear-mse-0.001-s42,dlinear,base,42,mse,0.001,18,0.014279753156006336,0.016364300595941367,0.0003890813000907656,0.0004941574986636018
dlinear-mse-0.001-s42,dlinear,base,42,mse,0.001,19,0.014173263683915138,0.016389399897997026,0.0003823486200417392,0.0004937848962274277
dlinear-mse-0.001-s42,dlinear,base,42,mse,0.001,20,0.014066857006400823,0.016401731547106196,0.00037600317591568455,0.0004932646157815017
dlinear-mse-0.001-s42,dlinear,base,42,mse,0.001,21,0.013973291870206595,0.016414649322353026,0.00037031427928013727,0.0004928541764254785
dlinear-mse-0.001-s42,dlinear,base,42,mse,0.001,22,0.01388941640034318,0.016437618020508023,0.00036479413392953575,0.0004930067354709738
dlinear-mse-0.001-s42,dlinear,base,42,mse,0.001,23,0.013802243676036597,0.016464252293937737,0.0003593415778595954,0.0004935516678314242
dlinear-mse-0.001-s42,dlinear,base,42,mse,0.001,24,0.013717846851795912,0.016482764999899598,0.0003541204387147445,0.0004939374483742372
dlinear-mse-0.001-s42,dlinear,base,42,mse,0.001,25,0.013636245205998421,0.016497921743602664,0.00034923074417747557,0.0004941246424870634
dlinear-mse-0.001-s42,dlinear,base,42,mse,0.001,26,0.013554562721401453,0.016519628934286257,0.0003445605434535537,0.0004946551512047234
dlinear-mse-0.001-s42,dlinear,base,42,mse,0.001,27,0.013465965073555708,0.016551810509904667,0.00033989874427788893,0.0004957810567079664
dlinear-mse-0.001-s42,dlinear,base,42,mse,0.001,28,0.013377100555226206,0.01658422734450411,0.000335171160986647,0.0004969561724768331
dlinear-mse-0.001-s42,dlinear,base,42,mse,0.001,29,0.013294105883687735,0.016603561476976784,0.00033050477140932343,0.000497519166566673
dlinear-mse-0.001-s42,dlinear,base,42,mse,0.001,30,0.013212858606129885,0.016618980701874803,0.0003260286401200574,0.0004978005400281054
dlinear-mse-0.001-s43,dlinear,base,43,mse,0.001,1,0.12037653345614671,0.1013525037853806,0.0227373406291008,0.011505079973075125
dlinear-mse-0.001-s43,dlinear,base,43,mse,0.001,2,0.07183952070772648,0.043510588037746926,0.008617964835138991,0.002748286520579347
dlinear-mse-0.001-s43,dlinear,base,43,mse,0.001,3,0.058062797784805296,0.0351122697332391,0.005199240811634809,0.0022036413748369173
dlinear-mse-0.001-s43,dlinear,base,43,mse,0.001,4,0.04543180912733078,0.026001784205436706,0.003040250699268654,0.0011396521529941648
dlinear-mse-0.001-s43,dlinear,base,43,mse,0.001,5,0.022106774151325226,0.01908184652803121,0.0009395343367941678,0.0006005303996735839
dlinear-mse-0.001-s43,dlinear,base,43,mse,0.001,6,0.018729780428111555,0.01686640482533861,0.0006036141450749711,0.000494902709680092
dlinear-mse-0.001-s43,dlinear,base,43,mse,0.001,7,0.016050898004323244,0.01763968838861695,0.000530682948010508,0.0005353171656477368
dlinear-mse-0.001-s43,dlinear,base,43,mse,0.001,8,0.015159691590815783,0.017397147803394884,0.000447609752882272,0.0005443813497010894
dlinear-mse-0.001-s43,dlinear,base,43,mse,0.001,9,0.014347793534398079,0.01751882589801594,0.0004262556962203234,0.0005570312953312639
dlinear-mse-0.001-s43,dlinear,base,43,mse,0.001,10,0.014261557999998332,0.017150897477512007,0.00041167025483446196,0.0005364413491743444
dlinear-mse-0.001-s43,dlinear,base,43,mse,0.001,11,0.013986090570688248,0.017089401682217915,0.0004041986358060967,0.0005309868041270723
dlinear-mse-0.001-s43,dlinear,base,43,mse,0.001,12,0.013824275881052017,0.017078734741166786,0.0003932761523174122,0.0005336406252657373
dlinear-mse-0.001-s43,dlinear,base,43,mse,0.001,13,0.013786227069795131,0.017068074988546195,0.0003873054083669558,0.0005362939421535918
dlinear-mse-0.001-s43,dlinear,base,43,mse,0.001,14,0.013657299242913723,0.01705903700656361,0.0003812180395470932,0.0005380202623739563
dlinear-mse-0.001-s43,dlinear,base,43,mse,0.001,15,0.013563574012368917,0.017046595447593266,0.0003748269969946705,0.0005390923612544106
dlinear-mse-0.001-s43,dlinear,base,43,mse,0.001,16,0.013493286725133658,0.017030304035654774,0.00036928681656718255,0.0005398532718471769
dlinear-mse-0.001-s43,dlinear,base,43,mse,0.001,17,0.01342268092557788,0.01701510467187122,0.00036413852649275213,0.000540587397645814
dlinear-mse-0.001-s43,dlinear,base,43,mse,0.001,18,0.013353367894887924,0.017002246294308593,0.0003593025918235071,0.0005412846894210411
dlinear-mse-0.001-s43,dlinear,base,43,mse,0.001,19,0.013283974584192037,0.01698771889011065,0.0003548191394656897,0.0005418475868214888
dlinear-mse-0.001-s43,dlinear,base,43,mse,0.001,20,0.0132156390696764,0.016974864127459348,0.0003506159613607451,0.000542419485066569
dlinear-mse-0.001-s43,dlinear,base,43,mse,0.001,21,0.013146909419447184,0.016966544843658254,0.00034661583631532265,0.00054316163188088
dlinear-mse-0.001-s43,dlinear,base,43,mse,0.001,22,0.013093056157231331,0.016960393464951602,0.00034279168903594837,0.0005439218752413851
dlinear-mse-0.001-s43,dlinear,base,43,mse,0.001,23,0.013037004321813584,0.01695121223175967,0.000339141275617294,0.000544479547534138
dlinear-mse-0.001-s43,dlinear,base,43,mse,0.001,24,0.012977338768541813,0.016941713872883055,0.0003356385321239941,0.0005449872541551788
dlinear-mse-0.001-s43,dlinear,base,43,mse,0.001,25,0.012918767612427473,0.01693986895735617,0.0003322298638522625,0.0005458590943211069
dlinear-mse-0.001-s43,dlinear,base,43,mse,0.001,26,0.012863245047628879,0.016949368295846163,0.0003288555279141292,0.0005472706447579656
dlinear-mse-0.001-s43,dlinear,base,43,mse,0.001,27,0.012802621535956859,0.01696631280636346,0.00032548746894462967,0.0005489212738919176
dlinear-mse-0.001-s43,dlinear,base,43,mse,0.001,28,0.012737527210265397,0.01697539367057659,0.00032214167804340833,0.000550286244618258
dlinear-mse-0.001-s43,dlinear,base,43,mse,0.001,29,0.012670932989567518,0.01697407620096648,0.00031883528718026357,0.0005511997177058623
dlinear-mse-0.001-s43,dlinear,base,43,mse,0.001,30,0.01260602385737002,0.01698376804728199,0.0003155840619001538,0.0005522752031942623
dlinear-mse-0.001-s44,dlinear,base,44,mse,0.001,1,0.2256685931235552,0.13854061011914853,0.07485603750683367,0.02669910092458681
dlinear-mse-0.001-s44,dlinear,base,44,mse,0.001,2,0.11478838436305523,0.043926617075447684,0.018995039584115147,0.0033101158413854945
dlinear-mse-0.001-s44,dlinear,base,44,mse,0.001,3,0.07858735155314207,0.06790299973002187,0.00882312243047636,0.0053191879902172974
dlinear-mse-0.001-s44,dlinear,base,44,mse,0.001,4,0.06067622825503349,0.04308992014439018,0.0049263561144471165,0.0026358703685993396
dlinear-mse-0.001-s44,dlinear,base,44,mse,0.001,5,0.03210888039320707,0.024028938277452082,0.0015296204015612601,0.0009929258214671994
dlinear-mse-0.001-s44,dlinear,base,44,mse,0.001,6,0.023399299010634422,0.022891905248441077,0.0008657471160404384,0.0009081247507883408
dlinear-mse-0.001-s44,dlinear,base,44,mse,0.001,7,0.017898685391992332,0.02097769142990863,0.0005439217406092211,0.0007697700283541861
dlinear-mse-0.001-s44,dlinear,base,44,mse,0.001,8,0.016119793336838485,0.02007799040940073,0.00047768927906872706,0.000710375684408333
dlinear-mse-0.001-s44,dlinear,base,44,mse,0.001,9,0.016079532075673343,0.020413577794614765,0.0004451427681487985,0.0007381201400507793
dlinear-mse-0.001-s44,dlinear,base,44,mse,0.001,10,0.014580744411796331,0.02016442679558639,0.00039963669405551627,0.0007339492557177975
dlinear-mse-0.001-s44,dlinear,base,44,mse,0.001,11,0.014511177316308022,0.019981045358710817,0.0003941196293453686,0.0007197769066637934
dlinear-mse-0.001-s44,dlinear,base,44,mse,0.001,12,0.014426093734800815,0.01973480735388067,0.00038253968523349613,0.0007017592784702881
dlinear-mse-0.001-s44,dlinear,base,44,mse,0.001,13,0.013900329545140266,0.01974498687863902,0.00037101785201230084,0.0007058623045277609
dlinear-mse-0.001-s44,dlinear,base,44,mse,0.001,14,0.013605980714783073,0.01969316990149242,0.000364851131598698,0.0007058242110091399
dlinear-mse-0.001-s44,dlinear,base,44,mse,0.001,15,0.01355983791872859,0.019579322867233444,0.00035874166496796533,0.0006970108124530977
dlinear-mse-0.001-s44,dlinear,base,44,mse,0.001,16,0.013540593720972539,0.019488817039463254,0.0003531634691171348,0.0006911159290380224
dlinear-mse-0.001-s44,dlinear,base,44,mse,0.001,17,0.013338080141693354,0.01955583433241204,0.00034802194859366863,0.0006990214499334494
dlinear-mse-0.001-s44,dlinear,base,44,mse,0.001,18,0.01317975865676999,0.01955813629966643,0.00034610596776474267,0.0007007063591757927
dlinear-mse-0.001-s44,dlinear,base,44,mse,0.001,19,0.013075649179518223,0.01952418467650811,0.0003417480016651098,0.0006938563284132181
dlinear-mse-0.001-s44,dlinear,base,44,mse,0.001,20,0.01317216157913208,0.019414914151032765,0.0003364689866430126,0.0006847135820188904
dlinear-mse-0.001-s44,dlinear,base,44,mse,0.001,21,0.013070388883352279,0.019380610639712324,0.00033223563514184207,0.0006885496258662358
dlinear-mse-0.001-s44,dlinear,base,44,mse,0.001,22,0.012970027048140764,0.01954605128892042,0.00033107424242189153,0.0007031304173223261
dlinear-mse-0.001-s44,dlinear,base,44,mse,0.001,23,0.013033212255686521,0.019579579198250065,0.0003342994605191052,0.0007028283359465638
dlinear-mse-0.001-s44,dlinear,base,44,mse,0.001,24,0.012996962433680892,0.01971743451776328,0.0003290139575256035,0.0006970195898449876
dlinear-mse-0.001-s44,dlinear,base,44,mse,0.001,25,0.013178099878132343,0.01951909146651074,0.0003267407009843737,0.0006815734053681674
dlinear-mse-0.001-s44,dlinear,base,44,mse,0.001,26,0.013021613005548716,0.01934456769032059,0.00032435210669063964,0.0006791107848618628
dlinear-mse-0.001-s44,dlinear,base,44,mse,0.001,27,0.012921944074332715,0.020138897457056576,0.0003227244917070493,0.0007315288566503484
dlinear-mse-0.001-s44,dlinear,base,44,mse,0.001,28,0.01369910193607211,0.02071714206012311,0.0003481589796137996,0.0007634511123156968
dlinear-mse-0.001-s44,dlinear,base,44,mse,0.001,29,0.014320645295083523,0.020286797876987193,0.0003660313566797413,0.0007414577169348141
dlinear-mse-0.001-s44,dlinear,base,44,mse,0.001,30,0.01431726049631834,0.021513505017867796,0.00036000816035084424,0.000789685648245116
dlinear-mae-0.0001-s42,dlinear,base,42,mae,0.0001,1,0.1994443230330944,0.10385039183828566,0.053366928035393356,0.017330544552317372
dlinear-mae-0.0001-s42,dlinear,base,42,mae,0.0001,2,0.10601442456245422,0.09592776717963042,0.016567209642380475,0.013512057735136262
dlinear-mae-0.0001-s42,dlinear,base,42,mae,0.0001,3,0.08901754878461361,0.06861276641764023,0.01251937822671607,0.008291042619815994
dlinear-mae-0.0001-s42,dlinear,base,42,mae,0.0001,4,0.0630963172763586,0.0668698677862132,0.0063685158616863195,0.006648899701044516
dlinear-mae-0.0001-s42,dlinear,base,42,mae,0.0001,5,0.05509528312832117,0.04927919444938501,0.00463175504701212,0.004038750301805083
dlinear-mae-0.0001-s42,dlinear,base,42,mae,0.0001,6,0.03922673165798187,0.045183625292998776,0.0024472760211210697,0.0032982968777004215
dlinear-mae-0.0001-s42,dlinear,base,42,mae,0.0001,7,0.031164948362857103,0.03527038104280278,0.0015085876075318083,0.002211139521872004
dlinear-mae-0.0001-s42,dlinear,base,42,mae,0.0001,8,0.02471064552664757,0.0328371197813087,0.001020456399419345,0.0019504886206791357
dlinear-mae-0.0001-s42,dlinear,base,42,mae,0.0001,9,0.021947831939905883,0.030357662395194725,0.0008617179031716659,0.001671216329904618
dlinear-mae-0.0001-s42,dlinear,base,42,mae,0.0001,10,0.02015661709010601,0.028954696172365436,0.0007822256215149537,0.0015197042401673066
dlinear-mae-0.0001-s42,dlinear,base,42,mae,0.0001,11,0.018983604945242406,0.02751402064330048,0.0007269693000125699,0.001380724499122826
dlinear-mae-0.0001-s42,dlinear,base,42,mae,0.0001,12,0.01884668888524175,0.0276899932573239,0.0007275670155650005,0.0013916579842636432
dlinear-mae-0.0001-s42,dlinear,base,42,mae,0.0001,13,0.0177969666197896,0.028888018291305613,0.0006656707526417449,0.0015412856091710705
dlinear-mae-0.0001-s42,dlinear,base,42,mae,0.0001,14,0.01700769066810608,0.029588763484800305,0.0005849339620908722,0.0016615831659658365
dlinear-mae-0.0001-s42,dlinear,base,42,mae,0.0001,15,0.017428971454501153,0.02527041390400242,0.0005757058359449729,0.001252645552072122
dlinear-mae-0.0001-s42,dlinear,base,42,mae,0.0001,16,0.018121531791985036,0.024989696881837314,0.0006491170264780521,0.0011600728778392766
dlinear-mae-0.0001-s42,dlinear,base,42,mae,0.0001,17,0.017822846304625273,0.02597503416516163,0.0006522663941723294,0.0012437063581913848
dlinear-mae-0.0001-s42,dlinear,base,42,mae,0.0001,18,0.01588578214868903,0.02762382015309952,0.0005428756470791995,0.0014740716791021879
dlinear-mae-0.0001-s42,dlinear,base,42,mae,0.0001,19,0.016098795179277658,0.029659040037680554,0.0005046350750490091,0.0016729964163257843
dlinear-mae-0.0001-s42,dlinear,base,42,mae,0.0001,20,0.01757488138973713,0.02368888252725204,0.0005600023810984567,0.0011137424763378308
dlinear-mae-0.0001-s42,dlinear,base,42,mae,0.0001,21,0.018774980772286655,0.024790424984638338,0.0006631611671764403,0.0010803994050042497
dlinear-mae-0.0001-s42,dlinear,base,42,mae,0.0001,22,0.022285794839262962,0.026999013967536113,0.0008697668352397158,0.0014199636363493348
dlinear-mae-0.0001-s42,dlinear,base,42,mae,0.0001,23,0.016814484726637602,0.03393822491720871,0.0005104791169287636,0.002122532791475317
dlinear-mae-0.0001-s42,dlinear,base,42,mae,0.0001,24,0.021378918923437594,0.023730358405521623,0.0007222292275400833,0.0012093251389968726
dlinear-mae-0.0001-s42,dlinear,base,42,mae,0.0001,25,0.018516739178448916,0.023350936850463903,0.0006342333363136277,0.000976267727673985
dlinear-mae-0.0001-s42,dlinear,base,42,mae,0.0001,26,0.020934367459267376,0.02413631487223837,0.0007677640984184109,0.0010534056460191669
dlinear-mae-0.0001-s42,dlinear,base,42,mae,0.0001,27,0.017079571820795537,0.028605208214786317,0.0005507944180862979,0.0015557128185820248
dlinear-mae-0.0001-s42,dlinear,base,42,mae,0.0001,28,0.017152023687958717,0.02473921443991087,0.0005189580522710457,0.0012744054081849753
dlinear-mae-0.0001-s42,dlinear,base,42,mae,0.0001,29,0.017240890953689813,0.023023427919381195,0.0005451159464428202,0.0009662648057133925
dlinear-mae-0.0001-s42,dlinear,base,42,mae,0.0001,30,0.020077961683273315,0.0229000733130508,0.0007027466577710584,0.0009534113040124928
dlinear-mae-0.0001-s43,dlinear,base,43,mae,0.0001,1,0.12147826515138149,0.06542836656724965,0.022744809999130665,0.011802378819427556
dlinear-mae-0.0001-s43,dlinear,base,43,mae,0.0001,2,0.08832592517137527,0.06472987880309423,0.019944713136646898,0.007579376871042229
dlinear-mae-0.0001-s43,dlinear,base,43,mae,0.0001,3,0.06709098983556032,0.04851032085716724,0.01178539227694273,0.006794026918295357
dlinear-mae-0.0001-s43,dlinear,base,43,mae,0.0001,4,0.060008212178945544,0.04842818183479486,0.011368638603016734,0.005633605285375207
dlinear-mae-0.0001-s43,dlinear,base,43,mae,0.0001,5,0.05468097366392612,0.04246149877155268,0.009189468089607545,0.005066556272666074
dlinear-mae-0.0001-s43,dlinear,base,43,mae,0.0001,6,0.050474263820797206,0.040468806925195236,0.008145525494182949,0.004148859216797131
dlinear-mae-0.0001-s43,dlinear,base,43,mae,0.0001,7,0.045911376271396874,0.03806991177024665,0.006824709738430102,0.0034750959335791845
dlinear-mae-0.0001-s43,dlinear,base,43,mae,0.0001,8,0.042482571210712194,0.034686879772278995,0.005483484666910954,0.0029972559725003384
dlinear-mae-0.0001-s43,dlinear,base,43,mae,0.0001,9,0.03995419107377529,0.03231325792493644,0.004552580142626539,0.002464638809518268
dlinear-mae-0.0001-s43,dlinear,base,43,mae,0.0001,10,0.03740424085408449,0.03102430509472335,0.003819838087656535,0.0019694625999330095
dlinear-mae-0.0001-s43,dlinear,base,43,mae,0.0001,11,0.0341410331428051,0.030312044559805483,0.0030775402483413927,0.0016010587508962662
dlinear-mae-0.0001-s43,dlinear,base,43,mae,0.0001,12,0.02999707395210862,0.029726718476525058,0.00230554569279775,0.001374331749630747
dlinear-mae-0.0001-s43,dlinear,base,43,mae,0.0001,13,0.027885356917977333,0.02435238288232574,0.001601356637547724,0.0010502039084073018
dlinear-mae-0.0001-s43,dlinear,base,43,mae,0.0001,14,0.02639751136302948,0.022854809214671454,0.0013881335355108604,0.000867596883499236
dlinear-mae-0.0001-s43,dlinear,base,43,mae,0.0001,15,0.027129899896681308,0.026805022124339033,0.0013259469385957345,0.0010626894180421477
dlinear-mae-0.0001-s43,dlinear,base,43,mae,0.0001,16,0.021310901362448932,0.027639994646112123,0.0008382760905078612,0.0010857764536652851
dlinear-mae-0.0001-s43,dlinear,base,43,mae,0.0001,17,0.01895091449841857,0.02423730688514533,0.0006409592519048601,0.0008797014666790212
dlinear-mae-0.0001-s43,dlinear,base,43,mae,0.0001,18,0.019337850529700516,0.022344163349933093,0.0006161228258861229,0.0007805859864068528
dlinear-mae-0.0001-s43,dlinear,base,43,mae,0.0001,19,0.019984074495732786,0.023202122527140157,0.0007147600612370297,0.0008373239599340767
dlinear-mae-0.0001-s43,dlinear,base,43,mae,0.0001,20,0.024511898308992384,0.03364558023986993,0.00093965842097532,0.0016793902868542957
dlinear-mae-0.0001-s43,dlinear,base,43,mae,0.0001,21,0.021662705391645432,0.02544174010830897,0.0007830659596947953,0.0009924001582139344
dlinear-mae-0.0001-s43,dlinear,base,43,mae,0.0001,22,0.02185740051791072,0.02207860859731833,0.0007630712614627555,0.0008156345592363289
dlinear-mae-0.0001-s43,dlinear,base,43,mae,0.0001,23,0.019418732542544604,0.022273583558422547,0.0006348239257931709,0.0007602386111910972
dlinear-mae-0.0001-s43,dlinear,base,43,mae,0.0001,24,0.017868092842400075,0.02669812839616228,0.0005547567969188094,0.001052796647504524
dlinear-mae-0.0001-s43,dlinear,base,43,mae,0.0001,25,0.01562198791652918,0.022951960729228126,0.0004535703963483684,0.0008323361312418625
dlinear-mae-0.0001-s43,dlinear,base,43,mae,0.0001,26,0.016177795734256505,0.020493134456100286,0.0004599490566761233,0.0006969643435527192
dlinear-mae-0.0001-s43,dlinear,base,43,mae,0.0001,27,0.016290087159723042,0.020127367890543407,0.00047106744023039937,0.0006708774866570753
dlinear-mae-0.0001-s43,dlinear,base,43,mae,0.0001,28,0.020429542008787393,0.027837517167683002,0.000676988136547152,0.0011627928509066502
dlinear-mae-0.0001-s43,dlinear,base,43,mae,0.0001,29,0.01859087999910116,0.025914331608348423,0.0005874912050785497,0.0010477990813173906
dlinear-mae-0.0001-s43,dlinear,base,43,mae,0.0001,30,0.018090007454156877,0.020899173424199776,0.0005675823573255912,0.0007539519134701954
dlinear-mae-0.0001-s44,dlinear,base,44,mae,0.0001,1,0.2499841921031475,0.1282562228264632,0.09358896594494581,0.023474178428727167
dlinear-mae-0.0001-s44,dlinear,base,44,mae,0.0001,2,0.14346893280744552,0.1281903665098879,0.03206639671698212,0.02950576667121991
dlinear-mae-0.0001-s44,dlinear,base,44,mae,0.0001,3,0.10779422000050545,0.10242479741573333,0.019153329264372587,0.018112046368144178
dlinear-mae-0.0001-s44,dlinear,base,44,mae,0.0001,4,0.0821733832359314,0.09037777836675998,0.012271944049280137,0.01589115137855212
dlinear-mae-0.0001-s44,dlinear,base,44,mae,0.0001,5,0.059002934396266936,0.0706906468504005,0.008140620565973223,0.012501926727472218
dlinear-mae-0.0001-s44,dlinear,base,44,mae,0.0001,6,0.043969867564737794,0.06878807573682733,0.00619508225354366,0.011224486142465915
dlinear-mae-0.0001-s44,dlinear,base,44,mae,0.0001,7,0.03827751483768225,0.05693531428222303,0.005108135176124051,0.009094004911646523
dlinear-mae-0.0001-s44,dlinear,base,44,mae,0.0001,8,0.0343858877196908,0.05334589646922217,0.0041963222087360915,0.007687833546164998
dlinear-mae-0.0001-s44,dlinear,base,44,mae,0.0001,9,0.03212401252239942,0.05050783776160744,0.0036580044135916976,0.006811597581987304
dlinear-mae-0.0001-s44,dlinear,base,44,mae,0.0001,10,0.03029531575739384,0.046214913121528096,0.00313614952028729,0.006105303712495327
dlinear-mae-0.0001-s44,dlinear,base,44,mae,0.0001,11,0.028037906624376774,0.04315399856617053,0.00266197495511733,0.005226675468158511
dlinear-mae-0.0001-s44,dlinear,base,44,mae,0.0001,12,0.025444491393864156,0.040423721426890956,0.002276222882210277,0.004557184609519835
dlinear-mae-0.0001-s44,dlinear,base,44,mae,0.0001,13,0.02352379998192191,0.03776670243177149,0.0019037384248804302,0.003912442577011124
dlinear-mae-0.0001-s44,dlinear,base,44,mae,0.0001,14,0.02228106912225485,0.0355846653588944,0.0015540858847089111,0.0033008292723766147
dlinear-mae-0.0001-s44,dlinear,base,44,mae,0.0001,15,0.021245317067950964,0.033718080121885846,0.0013502458910807035,0.00285001895336555
dlinear-mae-0.0001-s44,dlinear,base,44,mae,0.0001,16,0.019992585945874452,0.0325787255368023,0.001159559775260277,0.002490644908889576
dlinear-mae-0.0001-s44,dlinear,base,44,mae,0.0001,17,0.01929141590371728,0.03242276270908338,0.0009978542599128558,0.0021265674497785597
dlinear-mae-0.0001-s44,dlinear,base,44,mae,0.0001,18,0.020142584200948478,0.02923982823267579,0.0009105638600885868,0.001753034621436166
dlinear-mae-0.0001-s44,dlinear,base,44,mae,0.0001,19,0.018832877185195683,0.02838720692390645,0.000672745268093422,0.0015256510231497317
dlinear-mae-0.0001-s44,dlinear,base,44,mae,0.0001,20,0.02001265799626708,0.029412672710087566,0.0006472762644989416,0.0014621433745897203
dlinear-mae-0.0001-s44,dlinear,base,44,mae,0.0001,21,0.021381332352757455,0.02647709862018625,0.00074379880388733,0.0013009165717112073
dlinear-mae-0.0001-s44,dlinear,base,44,mae,0.0001,22,0.017834263388067484,0.03279192596673965,0.0006120107122114859,0.0017486778564354474
dlinear-mae-0.0001-s44,dlinear,base,44,mae,0.0001,23,0.025664510764181615,0.027406034646210848,0.0010623060283251108,0.0013124219643133176
dlinear-mae-0.0001-s44,dlinear,base,44,mae,0.0001,24,0.022420190554112197,0.031075279414653777,0.0007954661588883028,0.0014022987279868513
dlinear-mae-0.0001-s44,dlinear,base,44,mae,0.0001,25,0.023595718760043384,0.026718900266482874,0.0008351161697646603,0.0011577391076975296
dlinear-mae-0.0001-s44,dlinear,base,44,mae,0.0001,26,0.024079376086592674,0.030156738228268094,0.0009110558283282443,0.001559346413705498
dlinear-mae-0.0001-s44,dlinear,base,44,mae,0.0001,27,0.01980723598971963,0.025145819572800838,0.000679509129258804,0.0011456191260044257
dlinear-mae-0.0001-s44,dlinear,base,44,mae,0.0001,28,0.018477815110236405,0.025926037463876936,0.0005881091114133596,0.0010897609504388161
dlinear-mae-0.0001-s44,dlinear,base,44,mae,0.0001,29,0.01871253326535225,0.026797867607739237,0.0005486286943778395,0.0011254231073609035
dlinear-mae-0.0001-s44,dlinear,base,44,mae,0.0001,30,0.021227309992536903,0.02729861828050128,0.0007165343617089093,0.0013557794691425645
dlinear-mae-0.001-s42,dlinear,base,42,mae,0.001,1,0.13647007569670677,0.15772742562823824,0.026886536995880304,0.03432261316726605
dlinear-mae-0.001-s42,dlinear,base,42,mae,0.001,2,0.10013388134539128,0.114093461908676,0.014269319945015013,0.015454192335406939
dlinear-mae-0.001-s42,dlinear,base,42,mae,0.001,3,0.08189529292285443,0.04907880411655815,0.009381399559788405,0.0031359330414690904
dlinear-mae-0.001-s42,dlinear,base,42,mae,0.001,4,0.05775520596653223,0.06584993887830663,0.004602435068227351,0.005808413077870177
dlinear-mae-0.001-s42,dlinear,base,42,mae,0.001,5,0.07993748411536217,0.05867548695317021,0.008063840004615486,0.004343554936349392
dlinear-mae-0.001-s42,dlinear,base,42,mae,0.001,6,0.036820347607135775,0.03535130878013593,0.00199595870799385,0.0018979189408667109
dlinear-mae-0.001-s42,dlinear,base,42,mae,0.001,7,0.04077591029927134,0.03446996907393138,0.002359457832062617,0.0016678119621550043
dlinear-mae-0.001-s42,dlinear,base,42,mae,0.001,8,0.028852086514234543,0.027365520513719984,0.001311198333860375,0.0010363271666897667
dlinear-mae-0.001-s42,dlinear,base,42,mae,0.001,9,0.03720760140568018,0.026748516686536647,0.0019333302858285605,0.0010206303481633465
dlinear-mae-0.001-s42,dlinear,base,42,mae,0.001,10,0.023880573362112044,0.02458014067400385,0.0008741551253478974,0.0009711598156071786
dlinear-mae-0.001-s42,dlinear,base,42,mae,0.001,11,0.026560145989060403,0.02960256992114915,0.0010491385008208453,0.001291900632592539
dlinear-mae-0.001-s42,dlinear,base,42,mae,0.001,12,0.024558936525136233,0.01561315263862963,0.0009951164392987266,0.0004798331886478182
dlinear-mae-0.001-s42,dlinear,base,42,mae,0.001,13,0.02128634983673692,0.02135911694969292,0.0007775650825351477,0.0007546924061090168
dlinear-mae-0.001-s42,dlinear,base,42,mae,0.001,14,0.019583316706120967,0.022776209687193235,0.0006106242071837187,0.0008526570653042721
dlinear-mae-0.001-s42,dlinear,base,42,mae,0.001,15,0.022644481062889098,0.027816626498544657,0.0008146408581524156,0.0011204857318834573
dlinear-mae-0.001-s42,dlinear,base,42,mae,0.001,16,0.023932706005871295,0.015245363619868403,0.000928739964729175,0.0004523987034055473
dlinear-mae-0.001-s42,dlinear,base,42,mae,0.001,17,0.02031741626560688,0.023380847896138826,0.0007172858429839834,0.0008267316596444558
dlinear-mae-0.001-s42,dlinear,base,42,mae,0.001,18,0.019990035332739353,0.01842371686189263,0.0006704893166897818,0.0006049636997179025
dlinear-mae-0.001-s42,dlinear,base,42,mae,0.001,19,0.016292756609618663,0.019600416844089825,0.0005054052613559179,0.0006533565601178755
dlinear-mae-0.001-s42,dlinear,base,42,mae,0.001,20,0.01797328293323517,0.015398619427449174,0.0005977827240712941,0.00045074534336217095
dlinear-mae-0.001-s42,dlinear,base,42,mae,0.001,21,0.01584245515987277,0.020220433327334898,0.00048440039245178923,0.0006472746277857502
dlinear-mae-0.001-s42,dlinear,base,42,mae,0.001,22,0.016790153086185457,0.01716507591859058,0.0004999470853363164,0.0005466656015616738
dlinear-mae-0.001-s42,dlinear,base,42,mae,0.001,23,0.016049009934067725,0.01845081703806365,0.0004693062859587371,0.0005990716908989406
dlinear-mae-0.001-s42,dlinear,base,42,mae,0.001,24,0.016415110602974892,0.015186378621944675,0.0005248171684797854,0.00044308014492142116
dlinear-mae-0.001-s42,dlinear,base,42,mae,0.001,25,0.015819670353084802,0.01763439462692649,0.0004981572317774407,0.0005476132231436808
dlinear-mae-0.001-s42,dlinear,base,42,mae,0.001,26,0.015752556920051574,0.01797719970345497,0.0004454332432942465,0.000566181631357823
dlinear-mae-0.001-s42,dlinear,base,42,mae,0.001,27,0.0164057613350451,0.019365558911252904,0.00048516987735638397,0.0006314644969447896
dlinear-mae-0.001-s42,dlinear,base,42,mae,0.001,28,0.015970188844949006,0.016432903506965548,0.0004950757545884698,0.0004952899486481867
dlinear-mae-0.001-s42,dlinear,base,42,mae,0.001,29,0.01674283519387245,0.018052766258241953,0.000540410215035081,0.000552351451888508
dlinear-mae-0.001-s42,dlinear,base,42,mae,0.001,30,0.017423857282847167,0.017774788980130796,0.000510080203821417,0.0005391573621805206
dlinear-mae-0.001-s43,dlinear,base,43,mae,0.001,1,0.09183567594736815,0.0425282727237101,0.019615105399861932,0.0026824446412286275
dlinear-mae-0.001-s43,dlinear,base,43,mae,0.001,2,0.0733900561928749,0.09681859380669064,0.00789133422076702,0.010391500823337722
dlinear-mae-0.001-s43,dlinear,base,43,mae,0.001,3,0.08490859903395176,0.04568745698089953,0.010951064625987782,0.003015878313669452
dlinear-mae-0.001-s43,dlinear,base,43,mae,0.001,4,0.048906218446791175,0.06753730834634215,0.003326731559354812,0.006164268930270164
dlinear-mae-0.001-s43,dlinear,base,43,mae,0.001,5,0.04114552130922675,0.041716498412467815,0.0031015119340736417,0.0022155275559742693
dlinear-mae-0.001-s43,dlinear,base,43,mae,0.001,6,0.03425406515598297,0.022957563317484327,0.00184377346013207,0.0008374789076495087
dlinear-mae-0.001-s43,dlinear,base,43,mae,0.001,7,0.02324306219816208,0.02937226990858714,0.0009919435280608014,0.0012631299043143237
dlinear-mae-0.001-s43,dlinear,base,43,mae,0.001,8,0.03629306983202696,0.02707384145922131,0.001799001538893208,0.0010357706764436982
dlinear-mae-0.001-s43,dlinear,base,43,mae,0.001,9,0.02717156633734703,0.022406894016872955,0.0011315867261146196,0.0008470820299677413
dlinear-mae-0.001-s43,dlinear,base,43,mae,0.001,10,0.030237842071801423,0.023685089029647687,0.0013420249859336763,0.0008797958320765583
dlinear-mae-0.001-s43,dlinear,base,43,mae,0.001,11,0.022438647504895926,0.018371245692725535,0.0008731225389055908,0.000532714355762841
dlinear-mae-0.001-s43,dlinear,base,43,mae,0.001,12,0.023169652838259936,0.026833163160416815,0.0008738545497180894,0.0010674739622993877
dlinear-mae-0.001-s43,dlinear,base,43,mae,0.001,13,0.02103394428268075,0.01946545807575738,0.000695166943478398,0.0007009642442291672
dlinear-mae-0.001-s43,dlinear,base,43,mae,0.001,14,0.021423428691923617,0.020552387833595274,0.0007535374505096115,0.0007074533871168064
dlinear-mae-0.001-s43,dlinear,base,43,mae,0.001,15,0.01793886534869671,0.016491037572699565,0.0006251818180317059,0.0004811070285978968
dlinear-mae-0.001-s43,dlinear,base,43,mae,0.001,16,0.01721238614991307,0.019599445212494442,0.000567253831832204,0.000636741967820045
dlinear-mae-0.001-s43,dlinear,base,43,mae,0.001,17,0.01741253323853016,0.018636711914506224,0.0005089754122309387,0.0006131786749594742
dlinear-mae-0.001-s43,dlinear,base,43,mae,0.001,18,0.01769406720995903,0.018290474955682402,0.0005471431315527298,0.0006148892618646776
dlinear-mae-0.001-s43,dlinear,base,43,mae,0.001,19,0.017000752873718737,0.019985219173961215,0.0005500423721969128,0.0006496609994900172
dlinear-mae-0.001-s43,dlinear,base,43,mae,0.001,20,0.019406438153237105,0.01844320509030863,0.0006887510826345533,0.0005885107915943351
dlinear-mae-0.001-s43,dlinear,base,43,mae,0.001,21,0.01801434876397252,0.019998854557397187,0.0005614337889710442,0.0006695003153894234
dlinear-mae-0.001-s43,dlinear,base,43,mae,0.001,22,0.018114195577800273,0.01762713552625091,0.000558806509070564,0.0005752941384411383
dlinear-mae-0.001-s43,dlinear,base,43,mae,0.001,23,0.016021427512168885,0.020093539384780108,0.00048297878820449116,0.0006733285709439467
dlinear-mae-0.001-s43,dlinear,base,43,mae,0.001,24,0.018442594353109597,0.01736034265960808,0.0006203089229529724,0.0005336548514336486
dlinear-mae-0.001-s43,dlinear,base,43,mae,0.001,25,0.015917734522372485,0.01900598054268846,0.0004782940653967671,0.0006775743558709682
dlinear-mae-0.001-s43,dlinear,base,43,mae,0.001,26,0.016863875091075897,0.017125167442416704,0.0005132971884449944,0.0005496541745270844
dlinear-mae-0.001-s43,dlinear,base,43,mae,0.001,27,0.015759635530412198,0.020356291670490193,0.0004722013341961429,0.0007042068647462185
dlinear-mae-0.001-s43,dlinear,base,43,mae,0.001,28,0.01815106999129057,0.01681221619386364,0.0006120527512393891,0.00047732883917719676
dlinear-mae-0.001-s43,dlinear,base,43,mae,0.001,29,0.0164003549143672,0.018791073684891066,0.0004861803332460113,0.000622296916898685
dlinear-mae-0.001-s43,dlinear,base,43,mae,0.001,30,0.017387672141194344,0.018486541675196755,0.0005345660989405588,0.0006009616231528559
dlinear-mae-0.001-s44,dlinear,base,44,mae,0.001,1,0.2602295853197575,0.1604107724847617,0.09502636948600411,0.03553956935389174
dlinear-mae-0.001-s44,dlinear,base,44,mae,0.001,2,0.10446272436529398,0.11519302814095109,0.017287299770396204,0.01580277150841775
dlinear-mae-0.001-s44,dlinear,base,44,mae,0.001,3,0.0962623231112957,0.04120855181029549,0.011362204467877746,0.003194231499219313
dlinear-mae-0.001-s44,dlinear,base,44,mae,0.001,4,0.053414134122431275,0.08637254966629876,0.004295413807267323,0.008174492425664707
dlinear-mae-0.001-s44,dlinear,base,44,mae,0.001,5,0.07940824963152408,0.040023188389561794,0.007956386683508754,0.002787565716749264
dlinear-mae-0.001-s44,dlinear,base,44,mae,0.001,6,0.03201005170121789,0.03533386078283743,0.0016476997450808994,0.002115696829666073
dlinear-mae-0.001-s44,dlinear,base,44,mae,0.001,7,0.027471346780657768,0.029539949405524464,0.001413029117975384,0.0012889840187401407
dlinear-mae-0.001-s44,dlinear,base,44,mae,0.001,8,0.022043571062386035,0.028779920080193765,0.0007854359020711855,0.0013139129402892043
dlinear-mae-0.001-s44,dlinear,base,44,mae,0.001,9,0.019263821188360453,0.028951953751621424,0.0006839413254056126,0.0012280959021558778
dlinear-mae-0.001-s44,dlinear,base,44,mae,0.001,10,0.021647813636809586,0.030207144772564924,0.0008004170813364908,0.001269060573368161
dlinear-mae-0.001-s44,dlinear,base,44,mae,0.001,11,0.027969093527644873,0.03409987089948522,0.0012372904398944228,0.0017497938311727787
dlinear-mae-0.001-s44,dlinear,base,44,mae,0.001,12,0.04728808104991913,0.031844987140761484,0.0032193426333833484,0.0015118961208456852
dlinear-mae-0.001-s44,dlinear,base,44,mae,0.001,13,0.04727728348225355,0.02937541772369985,0.0031712817144580185,0.001371634391533142
dlinear-mae-0.001-s44,dlinear,base,44,mae,0.001,14,0.018246801290661096,0.024339120959242184,0.0007342150005570147,0.0009204858491473176
dlinear-mae-0.001-s44,dlinear,base,44,mae,0.001,15,0.018186509422957898,0.027828212316941332,0.0006160614895634354,0.0011970010900835472
dlinear-mae-0.001-s44,dlinear,base,44,mae,0.001,16,0.02486203834414482,0.029707843223931614,0.0009495317543041892,0.001341055026191666
dlinear-mae-0.001-s44,dlinear,base,44,mae,0.001,17,0.03643886493518948,0.027317308744898548,0.0019674305454827844,0.001070730166759825
dlinear-mae-0.001-s44,dlinear,base,44,mae,0.001,18,0.03872121479362249,0.04278064535723792,0.002061416700598784,0.0026024544439106076
dlinear-mae-0.001-s44,dlinear,base,44,mae,0.001,19,0.031429927237331866,0.032087668279806775,0.001488164730835706,0.0015702990978887236
dlinear-mae-0.001-s44,dlinear,base,44,mae,0.001,20,0.040329094789922235,0.03939205468804748,0.002356879867147654,0.0020183500773445877
dlinear-mae-0.001-s44,dlinear,base,44,mae,0.001,21,0.03628769079223275,0.024560532912060066,0.0018579405106720515,0.000996601213356135
dlinear-mae-0.001-s44,dlinear,base,44,mae,0.001,22,0.034195327013731,0.017136524162358707,0.0016377815685700626,0.0005395159886339335
dlinear-mae-0.001-s44,dlinear,base,44,mae,0.001,23,0.0208757858723402,0.028506246871418423,0.0008032322046346962,0.00145979841580373
dlinear-mae-0.001-s44,dlinear,base,44,mae,0.001,24,0.019079034589231013,0.016843709308240147,0.0006802107280236668,0.0005126636292078291
dlinear-mae-0.001-s44,dlinear,base,44,mae,0.001,25,0.01601168615743518,0.018641599040064547,0.00047138287918642164,0.0005937244760355464
dlinear-mae-0.001-s44,dlinear,base,44,mae,0.001,26,0.017195199429988862,0.01746228505615835,0.0005637320515234024,0.000570801243776697
dlinear-mae-0.001-s44,dlinear,base,44,mae,0.001,27,0.015427462197840214,0.018496407761617942,0.00048449482128489765,0.0005674864960989605
dlinear-mae-0.001-s44,dlinear,base,44,mae,0.001,28,0.01699209474027157,0.01684762279468554,0.00048566142068011685,0.0005033707405716457
dlinear-mae-0.001-s44,dlinear,base,44,mae,0.001,29,0.01510474644601345,0.016066981548512424,0.00042951852519763635,0.00046562261478458013
dlinear-mae-0.001-s44,dlinear,base,44,mae,0.001,30,0.014368691481649876,0.016766148922895945,0.00042133498936891556,0.0005287478371799268
dlinear-huber-0.0001-s42,dlinear,base,42,huber,0.0001,1,0.19938098043203353,0.10448664929027911,0.053336649760603906,0.01744437157003968
dlinear-huber-0.0001-s42,dlinear,base,42,huber,0.0001,2,0.10667802020907402,0.09569324839998175,0.01671710661612451,0.013483153711314555
dlinear-huber-0.0001-s42,dlinear,base,42,huber,0.0001,3,0.09062678385525942,0.06844649470790669,0.012863036990165711,0.008379637501288758
dlinear-huber-0.0001-s42,dlinear,base,42,huber,0.0001,4,0.06333331950008869,0.06732154474766167,0.006400635169120506,0.006726956136386703
dlinear-huber-0.0001-s42,dlinear,base,42,huber,0.0001,5,0.05505411177873611,0.05009723741699148,0.0045852445298805835,0.004155488162198
dlinear-huber-0.0001-s42,dlinear,base,42,huber,0.0001,6,0.039676749333739283,0.045189089355645355,0.002487961307633668,0.0033176616360260933
dlinear-huber-0.0001-s42,dlinear,base,42,huber,0.0001,7,0.031358502060174945,0.035124840821932866,0.0015265241032466292,0.0021765324959738385
dlinear-huber-0.0001-s42,dlinear,base,42,huber,0.0001,8,0.024786855280399322,0.032723892480134964,0.0010335714498069138,0.001902231128230967
dlinear-huber-0.0001-s42,dlinear,base,42,huber,0.0001,9,0.02197612840682268,0.029798769812892985,0.0008594669314334169,0.0016012382577173412
dlinear-huber-0.0001-s42,dlinear,base,42,huber,0.0001,10,0.020667542796581985,0.02835924826838352,0.0008080594270722941,0.0014579882478789874
dlinear-huber-0.0001-s42,dlinear,base,42,huber,0.0001,11,0.01974290320649743,0.02879492227953893,0.0007760561828035861,0.0014982376368371424
dlinear-huber-0.0001-s42,dlinear,base,42,huber,0.0001,12,0.01812767134979367,0.02929764330663063,0.000673296389868483,0.00158614277003195
dlinear-huber-0.0001-s42,dlinear,base,42,huber,0.0001,13,0.01729983910918236,0.02767535775072045,0.0005942616640822962,0.0014526568991304549
dlinear-huber-0.0001-s42,dlinear,base,42,huber,0.0001,14,0.01723430473357439,0.02585734395241296,0.0005894628877285868,0.0012601994814489174
dlinear-huber-0.0001-s42,dlinear,base,42,huber,0.0001,15,0.01740296436473727,0.025869022378766978,0.0006258116220124066,0.0012343501769161473
dlinear-huber-0.0001-s42,dlinear,base,42,huber,0.0001,16,0.01704301033169031,0.02697311046498793,0.0006140639918157831,0.0013654268070779465
dlinear-huber-0.0001-s42,dlinear,base,42,huber,0.0001,17,0.015830419026315212,0.02826218342891446,0.0005309517873683944,0.0015461315732897708
dlinear-huber-0.0001-s42,dlinear,base,42,huber,0.0001,18,0.01620756834745407,0.026625192179172127,0.0005129190860316158,0.0013940282418237377
dlinear-huber-0.0001-s42,dlinear,base,42,huber,0.0001,19,0.016509256884455682,0.02404981718433124,0.0005326466503902339,0.0011024170662966314
dlinear-huber-0.0001-s42,dlinear,base,42,huber,0.0001,20,0.017919602803885937,0.024361787977869864,0.0006337290891679004,0.0010827927020188696
dlinear-huber-0.0001-s42,dlinear,base,42,huber,0.0001,21,0.018712343741208316,0.02714777369466093,0.0006705694933771156,0.0014190298267985108
dlinear-huber-0.0001-s42,dlinear,base,42,huber,0.0001,22,0.016658416017889977,0.032506296604319855,0.0005073716180049815,0.0019978602718630873
dlinear-huber-0.0001-s42,dlinear,base,42,huber,0.0001,23,0.020247912406921385,0.024128671500969815,0.000663157130475156,0.0011992767785192916
dlinear-huber-0.0001-s42,dlinear,base,42,huber,0.0001,24,0.01808221694082022,0.024440714703113944,0.0006127473287051543,0.001021624979114643
dlinear-huber-0.0001-s42,dlinear,base,42,huber,0.0001,25,0.02390746623277664,0.025279960850322688,0.0009380134346429258,0.0011650232274809645
dlinear-huber-0.0001-s42,dlinear,base,42,huber,0.0001,26,0.017861718963831662,0.03151876425577534,0.0005700570152839645,0.001849939710357123
dlinear-huber-0.0001-s42,dlinear,base,42,huber,0.0001,27,0.019712578784674407,0.02419922957541766,0.000631210433493834,0.0012610043781697406
dlinear-huber-0.0001-s42,dlinear,base,42,huber,0.0001,28,0.017872382048517467,0.023509201655785242,0.000584974096273072,0.0009721595164457406
dlinear-huber-0.0001-s42,dlinear,base,42,huber,0.0001,29,0.021210827864706516,0.02369423883932608,0.0007664993332582526,0.0010048448806628586
dlinear-huber-0.0001-s42,dlinear,base,42,huber,0.0001,30,0.01740378374233842,0.028856482453368328,0.0005536463329917751,0.0015590817822764317
dlinear-huber-0.0001-s43,dlinear,base,43,huber,0.0001,1,0.12154274918138981,0.06594012305140495,0.02276204121299088,0.011895399928713838
dlinear-huber-0.0001-s43,dlinear,base,43,huber,0.0001,2,0.088348538428545,0.06418906585485847,0.02000653559807688,0.007553942744723625
dlinear-huber-0.0001-s43,dlinear,base,43,huber,0.0001,3,0.0671525189653039,0.0483284558273024,0.011795645038364454,0.006837429342515491
dlinear-huber-0.0001-s43,dlinear,base,43,huber,0.0001,4,0.06024329075589776,0.04905452268819014,0.01146060962928459,0.0056040012915791184
dlinear-huber-0.0001-s43,dlinear,base,43,huber,0.0001,5,0.05456542242318392,0.042440884353386034,0.009200060341390781,0.005182084003980789
dlinear-huber-0.0001-s43,dlinear,base,43,huber,0.0001,6,0.051278633438050746,0.04130251294484845,0.008154693196411244,0.004116577121291171
dlinear-huber-0.0001-s43,dlinear,base,43,huber,0.0001,7,0.045760236121714114,0.03773508236088135,0.006725559987535235,0.0035115130254308935
dlinear-huber-0.0001-s43,dlinear,base,43,huber,0.0001,8,0.04258395424112678,0.0348946840122894,0.005527828517369926,0.0029404185401896636
dlinear-huber-0.0001-s43,dlinear,base,43,huber,0.0001,9,0.03919055666774511,0.03278995724739852,0.004593597582424991,0.002397048574251433
dlinear-huber-0.0001-s43,dlinear,base,43,huber,0.0001,10,0.035858518164604905,0.030842470543252096,0.003689277796365786,0.0019400614218924332
dlinear-huber-0.0001-s43,dlinear,base,43,huber,0.0001,11,0.03258725451305509,0.028899993512917447,0.002870909031480551,0.0015570754012851804
dlinear-huber-0.0001-s43,dlinear,base,43,huber,0.0001,12,0.02956899059936404,0.027086744112549004,0.00220396594813792,0.0012533564944061692
dlinear-huber-0.0001-s43,dlinear,base,43,huber,0.0001,13,0.026660650316625834,0.025521100933353105,0.0016558879855438136,0.0010419723163876268
dlinear-huber-0.0001-s43,dlinear,base,43,huber,0.0001,14,0.02383530642837286,0.024059317247183236,0.0012143277170252986,0.0008956652647746658
dlinear-huber-0.0001-s43,dlinear,base,43,huber,0.0001,15,0.02181719904765487,0.023880201357382315,0.0009357969844131731,0.0008474613820133661
dlinear-huber-0.0001-s43,dlinear,base,43,huber,0.0001,16,0.02019896451383829,0.024827522067008195,0.0007650568702956661,0.0009081393872663654
dlinear-huber-0.0001-s43,dlinear,base,43,huber,0.0001,17,0.01848248429596424,0.027127842784479814,0.0006383533065672964,0.001104138250876632
dlinear-huber-0.0001-s43,dlinear,base,43,huber,0.0001,18,0.017413479182869195,0.02688323972677743,0.0005499121703905985,0.001109428705509614
dlinear-huber-0.0001-s43,dlinear,base,43,huber,0.0001,19,0.01708933599293232,0.02346953606164014,0.0005256870208540931,0.0008765744019506706
dlinear-huber-0.0001-s43,dlinear,base,43,huber,0.0001,20,0.01703250678256154,0.021509180466334026,0.0005061338626546786,0.0007404467916650767
dlinear-huber-0.0001-s43,dlinear,base,43,huber,0.0001,21,0.01880648210644722,0.021469595876556856,0.0006129718909505755,0.0007340142378342096
dlinear-huber-0.0001-s43,dlinear,base,43,huber,0.0001,22,0.02363628800958395,0.03112556554928974,0.000865828784299083,0.0014251596199486543
dlinear-huber-0.0001-s43,dlinear,base,43,huber,0.0001,23,0.020132796559482812,0.031355844645036594,0.0006753076639142818,0.0014677534854315498
dlinear-huber-0.0001-s43,dlinear,base,43,huber,0.0001,24,0.024331865645945073,0.022177580702635976,0.0009073385561350733,0.0008200644925064235
dlinear-huber-0.0001-s43,dlinear,base,43,huber,0.0001,25,0.020111445151269437,0.02082098209195667,0.0006562377966474742,0.0007097318091567744
dlinear-huber-0.0001-s43,dlinear,base,43,huber,0.0001,26,0.0237050786614418,0.028889865883522565,0.0008573004364734515,0.0012569079761979756
dlinear-huber-0.0001-s43,dlinear,base,43,huber,0.0001,27,0.018498752266168594,0.027061693535910713,0.0005808789443108253,0.0011120639418044853
dlinear-huber-0.0001-s43,dlinear,base,43,huber,0.0001,28,0.01833914117887616,0.02132630230927909,0.0005736093269661068,0.0007761513046851313
dlinear-huber-0.0001-s43,dlinear,base,43,huber,0.0001,29,0.017250061966478825,0.020487652153328612,0.0005184130975976586,0.000700883757693831
dlinear-huber-0.0001-s43,dlinear,base,43,huber,0.0001,30,0.020168378856033085,0.025670993272904997,0.000654868884885218,0.000995797289242209
dlinear-huber-0.0001-s44,dlinear,base,44,huber,0.0001,1,0.24995033517479898,0.12817290237656345,0.09357157628983259,0.023450855648627988
dlinear-huber-0.0001-s44,dlinear,base,44,huber,0.0001,2,0.1435622863471508,0.12754989525786153,0.032199963554739953,0.029373853607103227
dlinear-huber-0.0001-s44,dlinear,base,44,huber,0.0001,3,0.10785124190151692,0.10291789941213748,0.019192544906400145,0.0181785578046132
dlinear-huber-0.0001-s44,dlinear,base,44,huber,0.0001,4,0.08282696437090635,0.09044331963415499,0.012395292043220252,0.015884369625537485
dlinear-huber-0.0001-s44,dlinear,base,44,huber,0.0001,5,0.0596391137689352,0.07088946207529968,0.008237671724054962,0.012588075216411164
dlinear-huber-0.0001-s44,dlinear,base,44,huber,0.0001,6,0.04442073013633489,0.07001299464868174,0.006277845829026773,0.011430399454440231
dlinear-huber-0.0001-s44,dlinear,base,44,huber,0.0001,7,0.038924876414239404,0.05773508826063739,0.005212556128390134,0.009262226741648866
dlinear-huber-0.0001-s44,dlinear,base,44,huber,0.0001,8,0.0346906004473567,0.05445418086730772,0.004260159801924601,0.007812329613888222
dlinear-huber-0.0001-s44,dlinear,base,44,huber,0.0001,9,0.03251828476786613,0.04940607562937118,0.003693605778971687,0.006808530516853487
dlinear-huber-0.0001-s44,dlinear,base,44,huber,0.0001,10,0.03006986193358898,0.0463732792340495,0.0031509488471783698,0.006097726870912421
dlinear-huber-0.0001-s44,dlinear,base,44,huber,0.0001,11,0.02773535829037428,0.04306166098211651,0.002682197920512408,0.00525404925569159
dlinear-huber-0.0001-s44,dlinear,base,44,huber,0.0001,12,0.025829868763685225,0.04026003616551558,0.0022610176121816037,0.004501109320403042
dlinear-huber-0.0001-s44,dlinear,base,44,huber,0.0001,13,0.023763247672468422,0.03808295018281098,0.001915489643579349,0.003912491988039282
dlinear-huber-0.0001-s44,dlinear,base,44,huber,0.0001,14,0.021797307208180426,0.03557003019032655,0.0016000900606741198,0.003319632696824286
dlinear-huber-0.0001-s44,dlinear,base,44,huber,0.0001,15,0.020438603684306146,0.033340674480078394,0.0013064106431556865,0.002793036761620358
dlinear-huber-0.0001-s44,dlinear,base,44,huber,0.0001,16,0.019731243420392276,0.03163225123727763,0.0010715016222093254,0.0023764451149704486
dlinear-huber-0.0001-s44,dlinear,base,44,huber,0.0001,17,0.01880977489054203,0.029837726994797035,0.0009016536496346816,0.0020145559960467463
dlinear-huber-0.0001-s44,dlinear,base,44,huber,0.0001,18,0.01772123984992504,0.02853629713602088,0.0007789473827870097,0.00174014101233937
dlinear-huber-0.0001-s44,dlinear,base,44,huber,0.0001,19,0.01713039167225361,0.028157490333197293,0.0006863378075649962,0.0015577639073146403
dlinear-huber-0.0001-s44,dlinear,base,44,huber,0.0001,20,0.01765826577320695,0.026729941799270886,0.0006302207431872376,0.0013437266042240447
dlinear-huber-0.0001-s44,dlinear,base,44,huber,0.0001,21,0.018030571937561034,0.025176429734737785,0.0005735501326853409,0.0011145030703994929
dlinear-huber-0.0001-s44,dlinear,base,44,huber,0.0001,22,0.018355661258101463,0.028845065901124917,0.0005431614044937305,0.0012810023689073407
dlinear-huber-0.0001-s44,dlinear,base,44,huber,0.0001,23,0.0214796875603497,0.02625681610295066,0.0006904471811139956,0.001136585023831921
dlinear-huber-0.0001-s44,dlinear,base,44,huber,0.0001,24,0.02152617070823908,0.03027669919171819,0.0007169124539359473,0.0015619309260121858
dlinear-huber-0.0001-s44,dlinear,base,44,huber,0.0001,25,0.023226121626794338,0.029956601539419758,0.0008743424463318661,0.0014934088985211458
dlinear-huber-0.0001-s44,dlinear,base,44,huber,0.0001,26,0.02892143614590168,0.030211518056414744,0.0012167402281193062,0.0013496784631300855
dlinear-huber-0.0001-s44,dlinear,base,44,huber,0.0001,27,0.02279635230079293,0.0263818579553454,0.0007658410293515771,0.001131569332533723
dlinear-huber-0.0001-s44,dlinear,base,44,huber,0.0001,28,0.02323881918564439,0.030596622093408195,0.000830549826787319,0.001598877122806799
dlinear-huber-0.0001-s44,dlinear,base,44,huber,0.0001,29,0.020833212323486804,0.028687536681967753,0.0007131697988370433,0.0013875491785627135
dlinear-huber-0.0001-s44,dlinear,base,44,huber,0.0001,30,0.024119768384844066,0.0266848578773163,0.0009086288016987964,0.0011447572623620983
dlinear-huber-0.001-s42,dlinear,base,42,huber,0.001,1,0.13555172458291054,0.15200968009454233,0.02660731542855501,0.032625481858849524
dlinear-huber-0.001-s42,dlinear,base,42,huber,0.001,2,0.09855544120073319,0.11832197959776278,0.01377050643786788,0.016436968343677343
dlinear-huber-0.001-s42,dlinear,base,42,huber,0.001,3,0.08228330966085196,0.04767934130849662,0.009516841085860506,0.002971244200684682
dlinear-huber-0.001-s42,dlinear,base,42,huber,0.001,4,0.05307158827781677,0.07085409710804622,0.003967882390134037,0.0065165465956346855
dlinear-huber-0.001-s42,dlinear,base,42,huber,0.001,5,0.08146860972046852,0.06225566886089466,0.008349467627704143,0.004871452344512498
dlinear-huber-0.001-s42,dlinear,base,42,huber,0.001,6,0.0400415213778615,0.03679842136248394,0.002341516426531598,0.002074918884318322
dlinear-huber-0.001-s42,dlinear,base,42,huber,0.001,7,0.04500521346926689,0.039194731607481284,0.0028322071477305142,0.002095392679243728
dlinear-huber-0.001-s42,dlinear,base,42,huber,0.001,8,0.02914018239825964,0.020278588778994702,0.0014146696543321014,0.0006837672383645205
dlinear-huber-0.001-s42,dlinear,base,42,huber,0.001,9,0.030655616894364357,0.025137314393564508,0.0013505953829735518,0.0009032839378859433
dlinear-huber-0.001-s42,dlinear,base,42,huber,0.001,10,0.024278428871184587,0.028084183318747416,0.0008821259369142353,0.0012265230005141347
dlinear-huber-0.001-s42,dlinear,base,42,huber,0.001,11,0.03052167799323797,0.031970846321847705,0.001353507797466591,0.0014527053925795135
dlinear-huber-0.001-s42,dlinear,base,42,huber,0.001,12,0.025623265001922847,0.015613972264583465,0.00107056385895703,0.0004730203822233576
dlinear-huber-0.001-s42,dlinear,base,42,huber,0.001,13,0.021228568628430367,0.02275860101260521,0.0007977151137311012,0.0008028670020091037
dlinear-huber-0.001-s42,dlinear,base,42,huber,0.001,14,0.01912249531596899,0.019101034360075438,0.0005996891559334472,0.0006620190727214018
dlinear-huber-0.001-s42,dlinear,base,42,huber,0.001,15,0.01921265423297882,0.02264946305917369,0.0006039351748768241,0.0008128879130473016
dlinear-huber-0.001-s42,dlinear,base,42,huber,0.001,16,0.0201995849609375,0.015523794376187854,0.0007152212172513827,0.00046255312152896765
dlinear-huber-0.001-s42,dlinear,base,42,huber,0.001,17,0.018407826032489537,0.020447184235133507,0.0006361387553624809,0.0006810062569221136
dlinear-huber-0.001-s42,dlinear,base,42,huber,0.001,18,0.017915158066898584,0.018434211039156826,0.0005385045515140519,0.0006205733164851726
dlinear-huber-0.001-s42,dlinear,base,42,huber,0.001,19,0.018774961959570645,0.02161136102621202,0.0005765694309957326,0.0007524711808569178
dlinear-huber-0.001-s42,dlinear,base,42,huber,0.001,20,0.01813805429264903,0.015083373172415628,0.0006088585461839103,0.00043878466757531795
dlinear-huber-0.001-s42,dlinear,base,42,huber,0.001,21,0.016440274380147456,0.020419131398752885,0.0005235446995357051,0.000666124656197132
dlinear-huber-0.001-s42,dlinear,base,42,huber,0.001,22,0.01678505036979914,0.017919859441894073,0.000492789366398938,0.0005948390638136684
dlinear-huber-0.001-s42,dlinear,base,42,huber,0.001,23,0.017114337999373674,0.02035227513147725,0.0005052374282968231,0.0006853080427929483
dlinear-huber-0.001-s42,dlinear,base,42,huber,0.001,24,0.017172349244356157,0.015160511123637359,0.0005580690572969616,0.0004425702283495209
dlinear-huber-0.001-s42,dlinear,base,42,huber,0.001,25,0.01579707460477948,0.019719322225837797,0.0004916723817586898,0.0006242401003233951
dlinear-huber-0.001-s42,dlinear,base,42,huber,0.001,26,0.016417786478996277,0.01736649063726266,0.00047034059825818987,0.0005530106381263101
dlinear-huber-0.001-s42,dlinear,base,42,huber,0.001,27,0.016742098797112703,0.020003293730594493,0.000488383072661236,0.0006673705522660855
dlinear-huber-0.001-s42,dlinear,base,42,huber,0.001,28,0.016684982273727656,0.01503763676241592,0.0005293030379107222,0.0004400655456939367
dlinear-huber-0.001-s42,dlinear,base,42,huber,0.001,29,0.015298707317560912,0.02118709974542812,0.00045399274240480735,0.0007119262782874069
dlinear-huber-0.001-s42,dlinear,base,42,huber,0.001,30,0.01629110472276807,0.01677864795481717,0.0004642323692678474,0.0005207406417294233
dlinear-huber-0.001-s43,dlinear,base,43,huber,0.001,1,0.09163311943411827,0.04285001826507074,0.019588790799025445,0.0026894685898528055
dlinear-huber-0.001-s43,dlinear,base,43,huber,0.001,2,0.07355834804475307,0.10485015450804322,0.007884089078288525,0.011993620917201043
dlinear-huber-0.001-s43,dlinear,base,43,huber,0.001,3,0.08721967041492462,0.04636828794523522,0.011499527213163673,0.0030068122195424855
dlinear-huber-0.001-s43,dlinear,base,43,huber,0.001,4,0.051119316928088666,0.06423696778990605,0.0036813642596825956,0.0059622368206166555
dlinear-huber-0.001-s43,dlinear,base,43,huber,0.001,5,0.04306208267807961,0.03129199621854005,0.003309611990698613,0.0016013961406079707
dlinear-huber-0.001-s43,dlinear,base,43,huber,0.001,6,0.030743435118347408,0.021153207895932374,0.0015759194357087836,0.0007174493046477437
dlinear-huber-0.001-s43,dlinear,base,43,huber,0.001,7,0.024800128024071454,0.01916710303199512,0.0010571835038717837,0.000585565119723065
dlinear-huber-0.001-s43,dlinear,base,43,huber,0.001,8,0.022008509282022713,0.018878981857388108,0.0008086895002634264,0.0006950351467821747
dlinear-huber-0.001-s43,dlinear,base,43,huber,0.001,9,0.01777853025123477,0.020059519378399407,0.0005545933352550491,0.0007126493922745188
dlinear-huber-0.001-s43,dlinear,base,43,huber,0.001,10,0.017889006435871123,0.01716005335803385,0.0005448958807392045,0.0005365881745496558
dlinear-huber-0.001-s43,dlinear,base,43,huber,0.001,11,0.017493888270109892,0.022158579045423756,0.0005794722208520397,0.000759429878693212
dlinear-huber-0.001-s43,dlinear,base,43,huber,0.001,12,0.020788941718637943,0.021375809527105754,0.0007874910734244622,0.0006916849817908197
dlinear-huber-0.001-s43,dlinear,base,43,huber,0.001,13,0.0234677754342556,0.02370554819289181,0.0008807746722595766,0.0009082394003160988
dlinear-huber-0.001-s43,dlinear,base,43,huber,0.001,14,0.022337955981492998,0.024395888298749925,0.0008154252645908855,0.0010024867195170372
dlinear-huber-0.001-s43,dlinear,base,43,huber,0.001,15,0.0269809577614069,0.02444000300709848,0.0010748703818535433,0.0009430363726871157
dlinear-huber-0.001-s43,dlinear,base,43,huber,0.001,16,0.021931315772235394,0.017434737983125226,0.0008680935978190973,0.0004796394805587759
dlinear-huber-0.001-s43,dlinear,base,43,huber,0.001,17,0.022703580372035504,0.027489125135320203,0.0008526531833922491,0.0011610527233979493
dlinear-huber-0.001-s43,dlinear,base,43,huber,0.001,18,0.024080977868288757,0.0194027135355605,0.0008739833516301587,0.000659891041599352
dlinear-huber-0.001-s43,dlinear,base,43,huber,0.001,19,0.021039119735360146,0.021107691471223478,0.0007511291041737422,0.0007390447387782236
dlinear-huber-0.001-s43,dlinear,base,43,huber,0.001,20,0.017881667986512185,0.015453603877513497,0.0006202835313160904,0.00042074357657434627
dlinear-huber-0.001-s43,dlinear,base,43,huber,0.001,21,0.015982533805072308,0.020266833639255275,0.0004902776287053712,0.0006682789121340546
dlinear-huber-0.001-s43,dlinear,base,43,huber,0.001,22,0.017595489136874677,0.01709624134969932,0.0005241306294919923,0.0005507440465778388
dlinear-huber-0.001-s43,dlinear,base,43,huber,0.001,23,0.015850638318806887,0.0194234202719397,0.0004745264726807363,0.0006317153685139837
dlinear-huber-0.001-s43,dlinear,base,43,huber,0.001,24,0.01596807250753045,0.015893745015340823,0.0005160745931789279,0.000444755641338243
dlinear-huber-0.001-s43,dlinear,base,43,huber,0.001,25,0.015033769235014916,0.018898389247004634,0.00044739495060639454,0.0005917144234343949
dlinear-huber-0.001-s43,dlinear,base,43,huber,0.001,26,0.01632473850622773,0.016725571439773948,0.00047055472241481767,0.0005287010533114274
dlinear-huber-0.001-s43,dlinear,base,43,huber,0.001,27,0.015402885153889656,0.01915270842059895,0.0004529567755525932,0.0006271950337880601
dlinear-huber-0.001-s43,dlinear,base,43,huber,0.001,28,0.01591138681396842,0.015995902471520284,0.0005071105639217422,0.00045211207416960623
dlinear-huber-0.001-s43,dlinear,base,43,huber,0.001,29,0.014971102122217417,0.019054489010186106,0.0004418578784679994,0.0006044315901817754
dlinear-huber-0.001-s43,dlinear,base,43,huber,0.001,30,0.01617825115099549,0.017076557246899163,0.00046896793064661325,0.0005479717146415539
dlinear-huber-0.001-s44,dlinear,base,44,huber,0.001,1,0.2600039288401604,0.16071951146479005,0.09494447009637952,0.035654180427944215
dlinear-huber-0.001-s44,dlinear,base,44,huber,0.001,2,0.1050836866721511,0.1121819171640608,0.017515483777970076,0.014988967707311665
dlinear-huber-0.001-s44,dlinear,base,44,huber,0.001,3,0.09593655467033387,0.046695739306785444,0.01113382816547528,0.0036315961533950436
dlinear-huber-0.001-s44,dlinear,base,44,huber,0.001,4,0.05403646193444729,0.08272875856470178,0.004351141682127491,0.007593916456594511
dlinear-huber-0.001-s44,dlinear,base,44,huber,0.001,5,0.07730480208992958,0.03571302554121724,0.0076701683457940815,0.002476768214169338
dlinear-huber-0.001-s44,dlinear,base,44,huber,0.001,6,0.03364105187356472,0.0354609108771439,0.001761471468489617,0.002072184433496592
dlinear-huber-0.001-s44,dlinear,base,44,huber,0.001,7,0.029170554131269455,0.03055162193874518,0.0014969720068620518,0.0014009933461676593
dlinear-huber-0.001-s44,dlinear,base,44,huber,0.001,8,0.022992166131734847,0.03215799222665804,0.0008348929812200367,0.0015940704344150922
dlinear-huber-0.001-s44,dlinear,base,44,huber,0.001,9,0.020404344890266657,0.02432075875500838,0.0007755839513265527,0.0009514764925740935
dlinear-huber-0.001-s44,dlinear,base,44,huber,0.001,10,0.01948719136416912,0.020294556739153684,0.0006573484279215336,0.0007075430747742454
dlinear-huber-0.001-s44,dlinear,base,44,huber,0.001,11,0.018492698296904565,0.024180914744458815,0.0006191892345668748,0.000963405489865518
dlinear-huber-0.001-s44,dlinear,base,44,huber,0.001,12,0.029222515225410462,0.04948548318611251,0.001237811750615947,0.0031067472641114835
dlinear-huber-0.001-s44,dlinear,base,44,huber,0.001,13,0.05106169804930687,0.03312287272678481,0.0033686804352328183,0.0017929706929458512
dlinear-huber-0.001-s44,dlinear,base,44,huber,0.001,14,0.02696633767336607,0.055346068463943625,0.001197321154177189,0.004231529489711479
dlinear-huber-0.001-s44,dlinear,base,44,huber,0.001,15,0.04636861104518175,0.027659944113757877,0.003001388849224895,0.0014912013820355275
dlinear-huber-0.001-s44,dlinear,base,44,huber,0.001,16,0.03478521816432476,0.043282413965574015,0.0018048072379315272,0.0024587887257372064
dlinear-huber-0.001-s44,dlinear,base,44,huber,0.001,17,0.045635665953159335,0.02327857637019069,0.0030820329557172954,0.0008435023144422168
dlinear-huber-0.001-s44,dlinear,base,44,huber,0.001,18,0.03729511294513941,0.03897776973468286,0.001962387381354347,0.002049447244240178
dlinear-huber-0.001-s44,dlinear,base,44,huber,0.001,19,0.03006988037377596,0.025133396995564303,0.0013715091801714153,0.0011568402271088282
dlinear-huber-0.001-s44,dlinear,base,44,huber,0.001,20,0.023218010272830724,0.03366031518412961,0.0008702528371941298,0.0015559056717729955
dlinear-huber-0.001-s44,dlinear,base,44,huber,0.001,21,0.03280677683651447,0.01807307854846672,0.0015254140220349655,0.0005734769644698611
dlinear-huber-0.001-s44,dlinear,base,44,huber,0.001,22,0.021708417125046252,0.02408013650112682,0.000746350278495811,0.0008946627738488907
dlinear-huber-0.001-s44,dlinear,base,44,huber,0.001,23,0.02151632644236088,0.021022391139909072,0.0008226150006521493,0.0007319991280652445
dlinear-huber-0.001-s44,dlinear,base,44,huber,0.001,24,0.0202487756498158,0.025631570940216383,0.0006787057165638544,0.0009544372103711659
dlinear-huber-0.001-s44,dlinear,base,44,huber,0.001,25,0.02322127968072891,0.01772120919906431,0.000855066669464577,0.0005717178140508218
dlinear-huber-0.001-s44,dlinear,base,44,huber,0.001,26,0.01721235141158104,0.02104915738519695,0.0005422531830845401,0.0007071023416722677
dlinear-huber-0.001-s44,dlinear,base,44,huber,0.001,27,0.017525076679885388,0.01761678654562544,0.0005933931533945724,0.0005476147597181369
dlinear-huber-0.001-s44,dlinear,base,44,huber,0.001,28,0.015527750831097364,0.0196587266607417,0.0004961358194123022,0.0006330061505583149
dlinear-huber-0.001-s44,dlinear,base,44,huber,0.001,29,0.017932774592190982,0.017561569837508378,0.0005307026614900679,0.000522020187323775
dlinear-huber-0.001-s44,dlinear,base,44,huber,0.001,30,0.018330848682671784,0.019146398151362383,0.0005807275883853436,0.0006284303458717962
rnn-post-mae-s42,rnn,posttraining,42,mae,0.0001,1,0.014161295257508755,0.01690191765557285,0.0003852063018712215,0.0005217097539840594
rnn-post-mae-s42,rnn,posttraining,42,mae,0.0001,2,0.013950333185493945,0.01708637146210229,0.0003878039482515305,0.0005263457285494682
rnn-post-mae-s42,rnn,posttraining,42,mae,0.0001,3,0.014150240551680326,0.01713378944399732,0.00040799213747959583,0.000551817923917918
rnn-post-mae-s42,rnn,posttraining,42,mae,0.0001,4,0.013617180287837982,0.016691036253339713,0.0003749872063053772,0.000512229862323255
rnn-post-mae-s42,rnn,posttraining,42,mae,0.0001,5,0.013336942438036204,0.018214284977013315,0.0003690833895234391,0.0005485542514145857
rnn-post-mse-s42,rnn,posttraining,42,mse,0.0001,1,0.01573718599975109,0.01914795379464825,0.00044251868384890256,0.0006320411324311324
rnn-post-mse-s42,rnn,posttraining,42,mse,0.0001,2,0.016060691606253386,0.019686291187449738,0.0004811814840650186,0.0006194369198594898
rnn-post-mse-s42,rnn,posttraining,42,mse,0.0001,3,0.016892744414508342,0.018629281957530313,0.0004979021148756146,0.0005927758844875454
rnn-post-mse-s42,rnn,posttraining,42,mse,0.0001,4,0.016323250718414783,0.018024699838349114,0.00046209453430492433,0.0005816126372708284
rnn-post-mse-s42,rnn,posttraining,42,mse,0.0001,5,0.014972051326185464,0.01866194046343918,0.000428994647518266,0.0005654834380644995
rnn-post-mae-s43,rnn,posttraining,43,mae,0.0001,1,0.014350454322993755,0.01956300676834804,0.0003714394770213403,0.0006623696214605675
rnn-post-mae-s43,rnn,posttraining,43,mae,0.0001,2,0.013948625791817904,0.016874404306764956,0.00037842462043045086,0.0005409097320538153
rnn-post-mae-s43,rnn,posttraining,43,mae,0.0001,3,0.0137423531152308,0.016175881787030784,0.0003668686986202374,0.0005032760271138547
rnn-post-mae-s43,rnn,posttraining,43,mae,0.0001,4,0.013174209976568818,0.01774448419196738,0.0003552570124156773,0.0005762395995487976
rnn-post-mae-s43,rnn,posttraining,43,mae,0.0001,5,0.012786206137388945,0.016770604673635076,0.00033923375158337874,0.0005418449289950163
rnn-post-mse-s43,rnn,posttraining,43,mse,0.0001,1,0.013342576194554567,0.017203159292263015,0.0003473202537861653,0.0005297630435692285
rnn-post-mse-s43,rnn,posttraining,43,mse,0.0001,2,0.013703819829970598,0.01705597541122525,0.000361246428656159,0.0005341521616274904
rnn-post-mse-s43,rnn,posttraining,43,mse,0.0001,3,0.013559791725128889,0.019779145759012965,0.0003528718472807668,0.0006793105940300006
rnn-post-mse-s43,rnn,posttraining,43,mse,0.0001,4,0.014049454778432845,0.017434488119626487,0.00037241792888380586,0.000561786133200965
rnn-post-mse-s43,rnn,posttraining,43,mse,0.0001,5,0.013703029323369264,0.016917620971798896,0.0003503181040287018,0.0005255906125832418
rnn-post-mae-s44,rnn,posttraining,44,mae,0.0001,1,0.014200242888182401,0.024431074507258555,0.0003714047488756478,0.0011645652918593475
rnn-post-mae-s44,rnn,posttraining,44,mae,0.0001,2,0.014506474882364274,0.022780102656947243,0.0004105518717551604,0.0010676281880242404
rnn-post-mae-s44,rnn,posttraining,44,mae,0.0001,3,0.014077954925596714,0.02323784171431153,0.0003819150777417235,0.001100474295715146
rnn-post-mae-s44,rnn,posttraining,44,mae,0.0001,4,0.014208159875124693,0.02550050718364892,0.00038420305063482376,0.0011984741444595985
rnn-post-mae-s44,rnn,posttraining,44,mae,0.0001,5,0.01602722508832812,0.026790742148403768,0.0004485947545617819,0.0011847168672829867
rnn-post-mse-s44,rnn,posttraining,44,mse,0.0001,1,0.013905754033476114,0.02392491866593008,0.00035437876504147426,0.001043693953693879
rnn-post-mse-s44,rnn,posttraining,44,mse,0.0001,2,0.01381582897156477,0.022406185280393672,0.0003624527947977185,0.0009923911558602143
rnn-post-mse-s44,rnn,posttraining,44,mse,0.0001,3,0.013500392064452171,0.022626927163865832,0.000354741515184287,0.0010568694836736
rnn-post-mse-s44,rnn,posttraining,44,mse,0.0001,4,0.013273313269019127,0.023594175334329958,0.0003377791595994495,0.0010836888570338488
rnn-post-mse-s44,rnn,posttraining,44,mse,0.0001,5,0.013687350135296584,0.02337811467824159,0.00034075853473041206,0.0010355413184259777
lstm-post-mae-s42,lstm,posttraining,42,mae,0.0001,1,0.014465923793613911,0.02237721903042661,0.0003839532902929932,0.0009319401941158705
lstm-post-mae-s42,lstm,posttraining,42,mae,0.0001,2,0.015034754667431116,0.021597600286757505,0.000431596658017952,0.0007819956166376532
lstm-post-mae-s42,lstm,posttraining,42,mae,0.0001,3,0.014760713279247283,0.01828631184719227,0.0004029305273434147,0.000631499679595301
lstm-post-mae-s42,lstm,posttraining,42,mae,0.0001,4,0.014307408407330514,0.020071016755644922,0.00039118951244745406,0.0007625796240366375
lstm-post-mae-s42,lstm,posttraining,42,mae,0.0001,5,0.013767610117793084,0.021014047841782922,0.00037770037888549266,0.0007766473827090253
lstm-post-mse-s42,lstm,posttraining,42,mse,0.0001,1,0.014221466705203056,0.02049572585771481,0.0003696442174259573,0.0008250278979108703
lstm-post-mse-s42,lstm,posttraining,42,mse,0.0001,2,0.014031399600207805,0.01986901055055636,0.000371752172941342,0.0007163981254928297
lstm-post-mse-s42,lstm,posttraining,42,mse,0.0001,3,0.013812112901359797,0.01856510363933113,0.000361618580063805,0.0006460007590552171
lstm-post-mse-s42,lstm,posttraining,42,mse,0.0001,4,0.01405486548319459,0.021071814780158026,0.0003732430370291695,0.0008300675631121352
lstm-post-mse-s42,lstm,posttraining,42,mse,0.0001,5,0.014230232499539853,0.02112757837468827,0.00038925354165257885,0.0008066471309306238
lstm-post-mae-s43,lstm,posttraining,43,mae,0.0001,1,0.017202465608716012,0.024247150868177414,0.000514772764290683,0.001099657776541318
lstm-post-mae-s43,lstm,posttraining,43,mae,0.0001,2,0.019526824355125427,0.02121391375031736,0.0006552012564498,0.0008200286307665347
lstm-post-mae-s43,lstm,posttraining,43,mae,0.0001,3,0.014232966490089894,0.018544759387495342,0.0003703383932588622,0.0007597262356688993
lstm-post-mae-s43,lstm,posttraining,43,mae,0.0001,4,0.013179469387978315,0.019060226357369512,0.00034157173286075704,0.0007338755729573744
lstm-post-mae-s43,lstm,posttraining,43,mae,0.0001,5,0.012708523776382208,0.018676233636560263,0.00031580928261973893,0.0007467011570783884
lstm-post-mse-s43,lstm,posttraining,43,mse,0.0001,1,0.017096558306366205,0.020396179202254172,0.0005044012301368639,0.0008826400448688893
lstm-post-mse-s43,lstm,posttraining,43,mse,0.0001,2,0.01676180437207222,0.021541764828617926,0.00048079080515890383,0.0008460514294845915
lstm-post-mse-s43,lstm,posttraining,43,mse,0.0001,3,0.013558427803218365,0.01860126789521288,0.000360641840234166,0.0007806564078674894
lstm-post-mse-s43,lstm,posttraining,43,mse,0.0001,4,0.01321407244540751,0.019082396132526575,0.0003263116181187797,0.0007497950667230826
lstm-post-mse-s43,lstm,posttraining,43,mse,0.0001,5,0.01273089200258255,0.018464495558981543,0.0003110923178610392,0.000747034011550972
lstm-post-mae-s44,lstm,posttraining,44,mae,0.0001,1,0.017028692923486233,0.021213849833994,0.0004975050847860985,0.000717785670551368
lstm-post-mae-s44,lstm,posttraining,44,mae,0.0001,2,0.016249680425971746,0.02427545985965817,0.00044587208394659684,0.0008931069539997865
lstm-post-mae-s44,lstm,posttraining,44,mae,0.0001,3,0.0175139750353992,0.019122749387666033,0.0005213560623815283,0.0005971209749717403
lstm-post-mae-s44,lstm,posttraining,44,mae,0.0001,4,0.01761449845507741,0.023189245702491867,0.0005289049615385011,0.0008205088346989618
lstm-post-mae-s44,lstm,posttraining,44,mae,0.0001,5,0.023209587018936873,0.020951721900039248,0.0008195955902920105,0.0007134963641874492
lstm-post-mse-s44,lstm,posttraining,44,mse,0.0001,1,0.016165291890501976,0.020672868040424806,0.00046320610272232443,0.0006793491165067449
lstm-post-mse-s44,lstm,posttraining,44,mse,0.0001,2,0.016142329014837743,0.021479586015144984,0.00043762829736806454,0.0007307884348038998
lstm-post-mse-s44,lstm,posttraining,44,mse,0.0001,3,0.01508326195180416,0.0193975067180064,0.0004114702751394361,0.0006044495649230494
lstm-post-mse-s44,lstm,posttraining,44,mse,0.0001,4,0.015023525804281235,0.021021495497337093,0.00041117905784631147,0.0006863282756293537
lstm-post-mse-s44,lstm,posttraining,44,mse,0.0001,5,0.019863086752593517,0.020677486324199922,0.0006157474010251463,0.0006477609246589795
gru-post-mae-s42,gru,posttraining,42,mae,0.0001,1,0.013583961129188537,0.027281354892033118,0.00035662870650412517,0.0013849247639343418
gru-post-mae-s42,gru,posttraining,42,mae,0.0001,2,0.014936059899628162,0.027299630738518856,0.0004074555516126566,0.0013918848454960863
gru-post-mae-s42,gru,posttraining,42,mae,0.0001,3,0.013749406021088362,0.0259632410067651,0.000367015200026799,0.0012577530296295192
gru-post-mae-s42,gru,posttraining,42,mae,0.0001,4,0.014273264538496732,0.027377274949793463,0.00038146384176798167,0.0013140882772859186
gru-post-mae-s42,gru,posttraining,42,mae,0.0001,5,0.017535064741969107,0.027803543258320403,0.0005272920170682482,0.001388250964400531
gru-post-mse-s42,gru,posttraining,42,mse,0.0001,1,0.01386055164039135,0.026951259526389618,0.00035509096342138945,0.0013193654085086935
gru-post-mse-s42,gru,posttraining,42,mse,0.0001,2,0.014205841533839702,0.025882687405855566,0.0003792722622165456,0.0012436391412780654
gru-post-mse-s42,gru,posttraining,42,mse,0.0001,3,0.013406035955995321,0.026442820337359552,0.000339685998915229,0.0012861788488441595
gru-post-mse-s42,gru,posttraining,42,mse,0.0001,4,0.013835428096354008,0.02845491252977539,0.00035529283923096955,0.0014447443072977304
gru-post-mse-s42,gru,posttraining,42,mse,0.0001,5,0.01621021730825305,0.02530768150118766,0.0004490080231335014,0.0012573486821363783
gru-post-mae-s43,gru,posttraining,43,mae,0.0001,1,0.013128987047821283,0.02076544233908256,0.0003401080743060447,0.0007347654310891542
gru-post-mae-s43,gru,posttraining,43,mae,0.0001,2,0.01345340283587575,0.02073875404894352,0.0003546215550159104,0.0007190001330821327
gru-post-mae-s43,gru,posttraining,43,mae,0.0001,3,0.013906080462038516,0.01612392617734494,0.0003715719285537489,0.0004981504310207028
gru-post-mae-s43,gru,posttraining,43,mae,0.0001,4,0.013825627136975526,0.01651513538564797,0.0003742641594726592,0.0005158482055843773
gru-post-mae-s43,gru,posttraining,43,mae,0.0001,5,0.013928001280874014,0.020596002697668692,0.000387181194673758,0.0007065750610005732
gru-post-mse-s43,gru,posttraining,43,mse,0.0001,1,0.012718820292502642,0.017770525288802606,0.00033105350303230807,0.0006031490420422482
gru-post-mse-s43,gru,posttraining,43,mse,0.0001,2,0.012645006366074085,0.016810118613971605,0.00032437785994261504,0.0005449703351284067
gru-post-mse-s43,gru,posttraining,43,mse,0.0001,3,0.012611445132642984,0.016819961424227113,0.0003211632792954333,0.000538870749814022
gru-post-mse-s43,gru,posttraining,43,mse,0.0001,4,0.0136551171541214,0.01848363880481985,0.00035281903547002,0.0006360916597596197
gru-post-mse-s43,gru,posttraining,43,mse,0.0001,5,0.013649943936616182,0.02372553652773301,0.00034221564419567585,0.0009059268387284613
gru-post-mae-s44,gru,posttraining,44,mae,0.0001,1,0.014016226679086686,0.02262707944545481,0.0003829286215477623,0.0013170799055067753
gru-post-mae-s44,gru,posttraining,44,mae,0.0001,2,0.015427209716290236,0.019588013400358182,0.0004520660193520598,0.0009465091944784271
gru-post-mae-s44,gru,posttraining,44,mae,0.0001,3,0.015504555683583022,0.019331797364133374,0.0004145087557844818,0.0009288679531352871
gru-post-mae-s44,gru,posttraining,44,mae,0.0001,4,0.01400926047936082,0.019567322137731092,0.00038046073459554466,0.0010342905928458397
gru-post-mae-s44,gru,posttraining,44,mae,0.0001,5,0.013219789136201143,0.01976035292501803,0.00035793389833997934,0.0010094562564282334
gru-post-mse-s44,gru,posttraining,44,mse,0.0001,1,0.01438459400087595,0.021611714052657285,0.00037638978974428026,0.0010030638110711827
gru-post-mse-s44,gru,posttraining,44,mse,0.0001,2,0.014821139257401228,0.020020971336850414,0.00040272020851261914,0.0011429932680955433
gru-post-mse-s44,gru,posttraining,44,mse,0.0001,3,0.01596214435994625,0.019940768585850796,0.00043567882821662354,0.0011574838717933744
gru-post-mse-s44,gru,posttraining,44,mse,0.0001,4,0.014923964254558086,0.020351951445142426,0.00041678385314298795,0.0009482417732619474
gru-post-mse-s44,gru,posttraining,44,mse,0.0001,5,0.014569937065243722,0.02009597886353731,0.00039473929209634664,0.0010646371869370342
dlinear-post-mae-s42,dlinear,posttraining,42,mae,0.0001,1,0.0139783070422709,0.017967527435609587,0.0003479853388853371,0.0005492371773235155
dlinear-post-mae-s42,dlinear,posttraining,42,mae,0.0001,2,0.013278859620913862,0.016297552500058102,0.0003512889154080767,0.0004768955458766194
dlinear-post-mae-s42,dlinear,posttraining,42,mae,0.0001,3,0.013259213604032993,0.016407547904937356,0.0003364503558259457,0.0004905958557544552
dlinear-post-mae-s42,dlinear,posttraining,42,mae,0.0001,4,0.01426594527438283,0.016719581021202936,0.000373485944874119,0.0004944003723923945
dlinear-post-mae-s42,dlinear,posttraining,42,mae,0.0001,5,0.013090453390032054,0.01798182892854567,0.00033007883976097217,0.000545927214638882
dlinear-post-mse-s42,dlinear,posttraining,42,mse,0.0001,1,0.014022169495001435,0.016302916973277376,0.00035399428597884255,0.00047773802555942286
dlinear-post-mse-s42,dlinear,posttraining,42,mse,0.0001,2,0.015340383537113667,0.016516639926919232,0.0004031320393551141,0.0004805311254501619
dlinear-post-mse-s42,dlinear,posttraining,42,mse,0.0001,3,0.014719725027680397,0.020388911740371475,0.0003850250941468403,0.0006539500488778921
dlinear-post-mse-s42,dlinear,posttraining,42,mse,0.0001,4,0.014634342957288026,0.01780253620473323,0.00039538910059491175,0.0005608129980154681
dlinear-post-mse-s42,dlinear,posttraining,42,mse,0.0001,5,0.01385753769427538,0.016657572963999376,0.0003401172521989793,0.0004936337603592418
dlinear-post-mae-s43,dlinear,posttraining,43,mae,0.0001,1,0.012867471855133771,0.017857349691567596,0.00032436622277600693,0.0005727710351089223
dlinear-post-mae-s43,dlinear,posttraining,43,mae,0.0001,2,0.0144793801009655,0.017329837623293754,0.00039040060801198706,0.0005772440388143339
dlinear-post-mae-s43,dlinear,posttraining,43,mae,0.0001,3,0.014211926609277725,0.019287790785785075,0.0003728034949745052,0.0006900352895846246
dlinear-post-mae-s43,dlinear,posttraining,43,mae,0.0001,4,0.014549557492136956,0.01770643707778719,0.0003954657993745059,0.0005907745809828932
dlinear-post-mae-s43,dlinear,posttraining,43,mae,0.0001,5,0.01288852421566844,0.0169955818189515,0.00033329829602735117,0.0005401442666037905
dlinear-post-mse-s43,dlinear,posttraining,43,mse,0.0001,1,0.012911592051386834,0.017578084484018663,0.0003265465311415028,0.0005885852746561998
dlinear-post-mse-s43,dlinear,posttraining,43,mse,0.0001,2,0.012928326800465583,0.017141218007438713,0.0003279955039033666,0.0005510429914230136
dlinear-post-mse-s43,dlinear,posttraining,43,mse,0.0001,3,0.012747758068144321,0.01764279335599255,0.0003149140087771229,0.0005767483152104197
dlinear-post-mse-s43,dlinear,posttraining,43,mse,0.0001,4,0.012943425960838795,0.01914840244722587,0.00031704346474725753,0.0006718175722872494
dlinear-post-mse-s43,dlinear,posttraining,43,mse,0.0001,5,0.01381407380104065,0.018449854229887326,0.00035058726207353174,0.0006280256601274703
dlinear-post-mae-s44,dlinear,posttraining,44,mae,0.0001,1,0.013530195597559214,0.02264007061926855,0.0003338235852424987,0.0008430052669643407
dlinear-post-mae-s44,dlinear,posttraining,44,mae,0.0001,2,0.014777385443449021,0.021838487070743685,0.0004173726454610005,0.0008024939236175097
dlinear-post-mae-s44,dlinear,posttraining,44,mae,0.0001,3,0.01397268082946539,0.02145557620873054,0.0003636419591202866,0.0008266935163798432
dlinear-post-mae-s44,dlinear,posttraining,44,mae,0.0001,4,0.0174738978035748,0.024523101471088552,0.0004830457997741178,0.0009823578597408615
dlinear-post-mae-s44,dlinear,posttraining,44,mae,0.0001,5,0.018733665626496077,0.02082437416193662,0.0005592939152847976,0.0007479741587303578
dlinear-post-mse-s44,dlinear,posttraining,44,mse,0.0001,1,0.013412723364308477,0.021123140429457028,0.0003302098761196248,0.0007502713903064701
dlinear-post-mse-s44,dlinear,posttraining,44,mse,0.0001,2,0.01448241677135229,0.02010161345479665,0.0003788777583395131,0.0007347342304624531
dlinear-post-mse-s44,dlinear,posttraining,44,mse,0.0001,3,0.013222954142838717,0.021965504720531128,0.00032741237519076096,0.0008294448901088563
dlinear-post-mse-s44,dlinear,posttraining,44,mse,0.0001,4,0.01632218100130558,0.02294296395999414,0.0004303431749576703,0.0008582412758928344
dlinear-post-mse-s44,dlinear,posttraining,44,mse,0.0001,5,0.0176312611438334,0.021545557408697076,0.0005068329948699102,0.0007912321539252945
