run_id,kind,stage,seed,loss,learning_rate,epoch,train_mae_during_updates,validation_mae_after_epoch,train_mse_during_updates,validation_mse_after_epoch
US-natural/rnn-mse-0.0001-s42,rnn,base,42,mse,0.0001,1,0.16456758052750292,0.09651561071305835,0.04701661766371609,0.01782217379653241
US-natural/rnn-mse-0.0001-s42,rnn,base,42,mse,0.0001,2,0.07854623408520636,0.12413919661292677,0.011008977481756792,0.018645207523324592
US-natural/rnn-mse-0.0001-s42,rnn,base,42,mse,0.0001,3,0.08155446249893941,0.07682268487433849,0.01010382719695127,0.009673099597677213
US-natural/rnn-mse-0.0001-s42,rnn,base,42,mse,0.0001,4,0.06567683950001722,0.0763405992729273,0.0068468410284125035,0.008953803059796085
US-natural/rnn-mse-0.0001-s42,rnn,base,42,mse,0.0001,5,0.05687766609492256,0.07336894066073124,0.0053480135483886465,0.00815020921541036
US-natural/rnn-mse-0.0001-s42,rnn,base,42,mse,0.0001,6,0.052065724770320225,0.07284038371734683,0.004542679339160885,0.007813882549500138
US-natural/rnn-mse-0.0001-s42,rnn,base,42,mse,0.0001,7,0.0466220763012044,0.06066336654468544,0.0037652229477670735,0.005782795029895712
US-natural/rnn-mse-0.0001-s42,rnn,base,42,mse,0.0001,8,0.043170441938303106,0.05536836161474553,0.0032404730753870336,0.004905671146878151
US-natural/rnn-mse-0.0001-s42,rnn,base,42,mse,0.0001,9,0.04213683065358971,0.06923615121597736,0.0029150267501728694,0.006434178424082295
US-natural/rnn-mse-0.0001-s42,rnn,base,42,mse,0.0001,10,0.03789083294710823,0.06081674543551754,0.002481356646365784,0.0050609322049996715
US-natural/rnn-mse-0.0001-s42,rnn,base,42,mse,0.0001,11,0.03803225327057406,0.04151826283021297,0.0024519734424663397,0.002851955806760971
US-natural/rnn-mse-0.0001-s42,rnn,base,42,mse,0.0001,12,0.0402064777970776,0.053811627412174254,0.0024708597910520144,0.0040419192441584675
US-natural/rnn-mse-0.0001-s42,rnn,base,42,mse,0.0001,13,0.0332381754433906,0.058065989744037025,0.0018326518201164696,0.00463013740832233
US-natural/rnn-mse-0.0001-s42,rnn,base,42,mse,0.0001,14,0.03123608292664489,0.05649246170993308,0.0017006117199446743,0.004287149275478572
US-natural/rnn-mse-0.0001-s42,rnn,base,42,mse,0.0001,15,0.02897565989607436,0.04932139843976989,0.0015135481622336549,0.0033728863492462507
US-natural/rnn-mse-0.0001-s42,rnn,base,42,mse,0.0001,16,0.027895322707973725,0.04633930204353419,0.0013863807457222225,0.0030013793408772225
US-natural/rnn-mse-0.0001-s42,rnn,base,42,mse,0.0001,17,0.026746642688445996,0.04304670753697394,0.0012934614369341946,0.0026608432315544128
US-natural/rnn-mse-0.0001-s42,rnn,base,42,mse,0.0001,18,0.02617852642179566,0.055052766047558765,0.0011945137325587798,0.004160958887382749
US-natural/rnn-mse-0.0001-s42,rnn,base,42,mse,0.0001,19,0.026246809005187784,0.046129508587019974,0.0012007811018959693,0.0030851965888029553
US-natural/rnn-mse-0.0001-s42,rnn,base,42,mse,0.0001,20,0.02459830657558168,0.0426614979196563,0.0010652143164228468,0.002635211655377992
US-natural/rnn-mse-0.0001-s42,rnn,base,42,mse,0.0001,21,0.024476596449295007,0.0482103054411718,0.0010362597923237438,0.003285052714424146
US-natural/rnn-mse-0.0001-s42,rnn,base,42,mse,0.0001,22,0.02334368369181063,0.041028209437520974,0.0009838700038923875,0.002437066654726227
US-natural/rnn-mse-0.0001-s42,rnn,base,42,mse,0.0001,23,0.022820060783398932,0.03907306522396736,0.000936659920446138,0.0022481226365301562
US-natural/rnn-mse-0.0001-s42,rnn,base,42,mse,0.0001,24,0.02231944537224853,0.043397973054522004,0.0009071034752766723,0.002706212569270205
US-natural/rnn-mse-0.0001-s42,rnn,base,42,mse,0.0001,25,0.023401854241955365,0.05093325831721173,0.0009423431932115911,0.00356949585962398
US-natural/rnn-mse-0.0001-s42,rnn,base,42,mse,0.0001,26,0.0212039998675257,0.04297589591343615,0.0008593070394523813,0.002635840557499733
US-natural/rnn-mse-0.0001-s42,rnn,base,42,mse,0.0001,27,0.0207701079526809,0.045935408247251355,0.0008117124934469668,0.0030163627468195735
US-natural/rnn-mse-0.0001-s42,rnn,base,42,mse,0.0001,28,0.020779231592264934,0.03861464977285106,0.0008034004766025349,0.002226924267502116
US-natural/rnn-mse-0.0001-s42,rnn,base,42,mse,0.0001,29,0.02070186030966309,0.04120409336561087,0.0008013857745573569,0.0024791361890111607
US-natural/rnn-mse-0.0001-s42,rnn,base,42,mse,0.0001,30,0.0205419054059368,0.04218305861553422,0.0007846140743847205,0.0026471627759313623
US-natural/rnn-mse-0.0001-s43,rnn,base,43,mse,0.0001,1,0.37045133399777613,0.11957024930604972,0.1764594677018991,0.0212911299464095
US-natural/rnn-mse-0.0001-s43,rnn,base,43,mse,0.0001,2,0.1384285292366592,0.13383022901951658,0.034078562696995336,0.02430214783807356
US-natural/rnn-mse-0.0001-s43,rnn,base,43,mse,0.0001,3,0.11010993011335694,0.1125810762196025,0.01765269471401854,0.01909434560144377
US-natural/rnn-mse-0.0001-s43,rnn,base,43,mse,0.0001,4,0.11259447146463811,0.10154805554610165,0.01701449586818152,0.015352742972830355
US-natural/rnn-mse-0.0001-s43,rnn,base,43,mse,0.0001,5,0.09720844644869694,0.09711365469888623,0.013725655922092352,0.013399669523316046
US-natural/rnn-mse-0.0001-s43,rnn,base,43,mse,0.0001,6,0.09016967380759812,0.09175282209979846,0.012191628520297707,0.012529721203340193
US-natural/rnn-mse-0.0001-s43,rnn,base,43,mse,0.0001,7,0.08515197745314422,0.08297868027052044,0.010745755344338042,0.010159310433082455
US-natural/rnn-mse-0.0001-s43,rnn,base,43,mse,0.0001,8,0.0741922804773795,0.07895475198554015,0.008217208875893618,0.009257802680467534
US-natural/rnn-mse-0.0001-s43,rnn,base,43,mse,0.0001,9,0.07843555005285115,0.07399822070762634,0.008671705452147894,0.008259334998602446
US-natural/rnn-mse-0.0001-s43,rnn,base,43,mse,0.0001,10,0.06427724506054446,0.06888461160339834,0.006406946893578827,0.007192252838842752
US-natural/rnn-mse-0.0001-s43,rnn,base,43,mse,0.0001,11,0.05750966313157306,0.06471725650383758,0.005019041019740061,0.006531462953500434
US-natural/rnn-mse-0.0001-s43,rnn,base,43,mse,0.0001,12,0.05403112719476649,0.06099358404921714,0.004480667120342407,0.005920553241599024
US-natural/rnn-mse-0.0001-s43,rnn,base,43,mse,0.0001,13,0.04706442836940638,0.060637559649502425,0.003750788011403318,0.005964297535086224
US-natural/rnn-mse-0.0001-s43,rnn,base,43,mse,0.0001,14,0.04697980986107528,0.05560979021288486,0.0034466167469443965,0.0051803066012615535
US-natural/rnn-mse-0.0001-s43,rnn,base,43,mse,0.0001,15,0.041838112319636474,0.05541053988724258,0.002966139549691322,0.0052447574094936725
US-natural/rnn-mse-0.0001-s43,rnn,base,43,mse,0.0001,16,0.03862722725380189,0.05170145022278769,0.0025763990851893548,0.004664238567590202
US-natural/rnn-mse-0.0001-s43,rnn,base,43,mse,0.0001,17,0.039686760909825945,0.0525744005782529,0.00261198447705785,0.004724081617286773
US-natural/rnn-mse-0.0001-s43,rnn,base,43,mse,0.0001,18,0.03569039038821087,0.04936533517879865,0.0022283845976522874,0.004167466764750357
US-natural/rnn-mse-0.0001-s43,rnn,base,43,mse,0.0001,19,0.0341564126132105,0.048009245320366975,0.002028364366461551,0.003987300333843046
US-natural/rnn-mse-0.0001-s43,rnn,base,43,mse,0.0001,20,0.0333652334182655,0.04761848171730087,0.0019661512884421857,0.00393889338355602
US-natural/rnn-mse-0.0001-s43,rnn,base,43,mse,0.0001,21,0.031748140476022736,0.046936763618933605,0.0018153882273832472,0.0038505260310403664
US-natural/rnn-mse-0.0001-s43,rnn,base,43,mse,0.0001,22,0.031129966424417663,0.047571207555716664,0.0017420071481756563,0.0038627244054326992
US-natural/rnn-mse-0.0001-s43,rnn,base,43,mse,0.0001,23,0.030152271285314655,0.0461925849718103,0.0016414276667363122,0.0036828189558692
US-natural/rnn-mse-0.0001-s43,rnn,base,43,mse,0.0001,24,0.029571937853867653,0.04496254643876889,0.001593767978661948,0.003505973163155044
US-natural/rnn-mse-0.0001-s43,rnn,base,43,mse,0.0001,25,0.028872694823570966,0.046963263855195586,0.0015348733238713975,0.0037521557208160935
US-natural/rnn-mse-0.0001-s43,rnn,base,43,mse,0.0001,26,0.027745392113060156,0.04311424749114093,0.0014323717187210666,0.0032845594435684756
US-natural/rnn-mse-0.0001-s43,rnn,base,43,mse,0.0001,27,0.027586354597165286,0.04454121420281405,0.0014210622528589322,0.003414603748286207
US-natural/rnn-mse-0.0001-s43,rnn,base,43,mse,0.0001,28,0.02673425256196207,0.04524625613782918,0.0013545640628473035,0.003488550568176192
US-natural/rnn-mse-0.0001-s43,rnn,base,43,mse,0.0001,29,0.02720367128963039,0.04870153483505434,0.0013630676714548038,0.0038522164017749873
US-natural/rnn-mse-0.0001-s43,rnn,base,43,mse,0.0001,30,0.027193778101636326,0.04227355158664692,0.0013525243752704693,0.003122758059536807
US-natural/rnn-mse-0.0001-s44,rnn,base,44,mse,0.0001,1,0.242202306966891,0.11387739023932543,0.0873145122879193,0.022580018948480315
US-natural/rnn-mse-0.0001-s44,rnn,base,44,mse,0.0001,2,0.10591758515678826,0.08375967150678672,0.017094535410148874,0.012456485661406135
US-natural/rnn-mse-0.0001-s44,rnn,base,44,mse,0.0001,3,0.07557056744316587,0.06282878398055138,0.008717794795560705,0.007432922604552379
US-natural/rnn-mse-0.0001-s44,rnn,base,44,mse,0.0001,4,0.059613807955694424,0.04926266613445503,0.005416266964339325,0.004862636321889032
US-natural/rnn-mse-0.0001-s44,rnn,base,44,mse,0.0001,5,0.04506454035313265,0.043979222249034285,0.0035260063351529674,0.0039734803173242395
US-natural/rnn-mse-0.0001-s44,rnn,base,44,mse,0.0001,6,0.03557742976226458,0.03501153399212879,0.0020921764515348293,0.0025841029485122653
US-natural/rnn-mse-0.0001-s44,rnn,base,44,mse,0.0001,7,0.03129896522013562,0.0314396759628294,0.0017284825171441892,0.002052952965786989
US-natural/rnn-mse-0.0001-s44,rnn,base,44,mse,0.0001,8,0.03054800180361142,0.030856868324295534,0.0014867844624032666,0.0018383838108847101
US-natural/rnn-mse-0.0001-s44,rnn,base,44,mse,0.0001,9,0.02794198846560678,0.025617994773100995,0.0013941652260635643,0.0013364057070760094
US-natural/rnn-mse-0.0001-s44,rnn,base,44,mse,0.0001,10,0.028374513402205353,0.03173649496506595,0.0013722555097661277,0.0017903145091903397
US-natural/rnn-mse-0.0001-s44,rnn,base,44,mse,0.0001,11,0.02820382543087815,0.028276316522971467,0.0013484428241651713,0.0014386467840321457
US-natural/rnn-mse-0.0001-s44,rnn,base,44,mse,0.0001,12,0.025569202933650555,0.02449725356355705,0.0011527646493643118,0.0011115180254577962
US-natural/rnn-mse-0.0001-s44,rnn,base,44,mse,0.0001,13,0.025042020232937362,0.02402146670302705,0.0011156051885290097,0.0010652906338203768
US-natural/rnn-mse-0.0001-s44,rnn,base,44,mse,0.0001,14,0.024163750554436318,0.024049636873877626,0.001068930981449709,0.0010605061508007865
US-natural/rnn-mse-0.0001-s44,rnn,base,44,mse,0.0001,15,0.024287511448161127,0.028493875448495184,0.0010473708730632607,0.0013874617615377762
US-natural/rnn-mse-0.0001-s44,rnn,base,44,mse,0.0001,16,0.023778258808768233,0.023299229150451146,0.0010270775487443361,0.0010258565902076346
US-natural/rnn-mse-0.0001-s44,rnn,base,44,mse,0.0001,17,0.02347220680980715,0.025422455472036632,0.000983978795281534,0.0011738081057569752
US-natural/rnn-mse-0.0001-s44,rnn,base,44,mse,0.0001,18,0.023130382955047143,0.023242871540149205,0.0009733950771243203,0.001008321246903058
US-natural/rnn-mse-0.0001-s44,rnn,base,44,mse,0.0001,19,0.022989547579715795,0.021813376475076297,0.000991546939293324,0.000912182326855363
US-natural/rnn-mse-0.0001-s44,rnn,base,44,mse,0.0001,20,0.022676640680691054,0.023792278989893893,0.0009401620392353407,0.001038651112639545
US-natural/rnn-mse-0.0001-s44,rnn,base,44,mse,0.0001,21,0.022113866557313323,0.024568327084350073,0.0008969668045377269,0.001090084607395545
US-natural/rnn-mse-0.0001-s44,rnn,base,44,mse,0.0001,22,0.0222377902538019,0.024416762939492402,0.0009283778658963651,0.0010753236001616844
US-natural/rnn-mse-0.0001-s44,rnn,base,44,mse,0.0001,23,0.0221780527599329,0.02425352428827647,0.0008912352430405837,0.0010611264955710104
US-natural/rnn-mse-0.0001-s44,rnn,base,44,mse,0.0001,24,0.02208021451963756,0.025937117305013233,0.0008968827570633163,0.0011599800711883006
US-natural/rnn-mse-0.0001-s44,rnn,base,44,mse,0.0001,25,0.02164778902205287,0.024225911606840945,0.0008741715020779234,0.0010454398409470175
US-natural/rnn-mse-0.0001-s44,rnn,base,44,mse,0.0001,26,0.020884298193997255,0.022360898791358386,0.0008360107345014745,0.0009176049672050696
US-natural/rnn-mse-0.0001-s44,rnn,base,44,mse,0.0001,27,0.020468247758587677,0.02630572066225312,0.0008033516013541687,0.0011910910049537607
US-natural/rnn-mse-0.0001-s44,rnn,base,44,mse,0.0001,28,0.020641868407731166,0.022081496254917978,0.0008139998898974838,0.0009065767423215049
US-natural/rnn-mse-0.0001-s44,rnn,base,44,mse,0.0001,29,0.02032940856600233,0.02252987941612155,0.0007898638305849291,0.000945441537409572
US-natural/rnn-mse-0.0001-s44,rnn,base,44,mse,0.0001,30,0.02009645004376753,0.024810557307712824,0.0007653100316270252,0.0010901292802128122
US-natural/rnn-mse-0.001-s42,rnn,base,42,mse,0.001,1,0.20818297238922107,0.10871701237855665,0.0663393538287404,0.015347825550345917
US-natural/rnn-mse-0.001-s42,rnn,base,42,mse,0.001,2,0.09769859634540162,0.043277461431490485,0.013480161776579814,0.0027026208615894467
US-natural/rnn-mse-0.001-s42,rnn,base,42,mse,0.001,3,0.04726771768621138,0.03027019044538441,0.003365977130766971,0.0013560381967930226
US-natural/rnn-mse-0.001-s42,rnn,base,42,mse,0.001,4,0.03472775965996894,0.023591415334201053,0.002089290001709426,0.0009023177760685108
US-natural/rnn-mse-0.001-s42,rnn,base,42,mse,0.001,5,0.032222196180376216,0.022338080137889876,0.0017693845808602095,0.0008193167553007252
US-natural/rnn-mse-0.001-s42,rnn,base,42,mse,0.001,6,0.026585310331324916,0.022509147087163596,0.0012229345699727274,0.0008102328450916272
US-natural/rnn-mse-0.001-s42,rnn,base,42,mse,0.001,7,0.026301458242722845,0.023782010736736105,0.001170835306025186,0.0009046217052063295
US-natural/rnn-mse-0.001-s42,rnn,base,42,mse,0.001,8,0.021957519522198474,0.022313451551788342,0.000925842286142988,0.0008453764993040435
US-natural/rnn-mse-0.001-s42,rnn,base,42,mse,0.001,9,0.020108240990314843,0.023661789530795126,0.000789659978173247,0.0008996361929548252
US-natural/rnn-mse-0.001-s42,rnn,base,42,mse,0.001,10,0.0200063002092879,0.023239378526606735,0.0007754005113065797,0.0009006130454601053
US-natural/rnn-mse-0.001-s42,rnn,base,42,mse,0.001,11,0.021180561720758988,0.027086686955588652,0.0008466379130908552,0.0010918796858619788
US-natural/rnn-mse-0.001-s42,rnn,base,42,mse,0.001,12,0.021647558768895393,0.021384347829332646,0.0008777614167417966,0.0008032478077778346
US-natural/rnn-mse-0.001-s42,rnn,base,42,mse,0.001,13,0.02060267398933668,0.025205240239391326,0.0008131170880540034,0.0009997506689868947
US-natural/rnn-mse-0.001-s42,rnn,base,42,mse,0.001,14,0.018677416911021115,0.027768642652664405,0.0007158972670209318,0.001221823421845204
US-natural/rnn-mse-0.001-s42,rnn,base,42,mse,0.001,15,0.018376240771315822,0.029517523256549917,0.0006979952408926189,0.0012841298369470954
US-natural/rnn-mse-0.001-s42,rnn,base,42,mse,0.001,16,0.017420468389492263,0.025506842255187425,0.0006548525605321776,0.0010232147873432814
US-natural/rnn-mse-0.001-s42,rnn,base,42,mse,0.001,17,0.01728055599221237,0.023441759728872084,0.0006356745699416772,0.0009270253868499183
US-natural/rnn-mse-0.001-s42,rnn,base,42,mse,0.001,18,0.016894946221789883,0.021647863444585302,0.000625779617621101,0.0007873867433148172
US-natural/rnn-mse-0.001-s42,rnn,base,42,mse,0.001,19,0.01731553843736216,0.021650477456494722,0.0006210961202290988,0.0007999702924860314
US-natural/rnn-mse-0.001-s42,rnn,base,42,mse,0.001,20,0.0164410988078711,0.022776589534872434,0.0005940900663952599,0.0008446605284603469
US-natural/rnn-mse-0.001-s42,rnn,base,42,mse,0.001,21,0.01659535559365215,0.026311017551896243,0.0005956135661211919,0.0010765745465225601
US-natural/rnn-mse-0.001-s42,rnn,base,42,mse,0.001,22,0.016570671180957838,0.02526326930009223,0.0005942970362621517,0.0010078895087119756
US-natural/rnn-mse-0.001-s42,rnn,base,42,mse,0.001,23,0.016075279623462474,0.022201362905572224,0.0005729738398007181,0.0008134405950606031
US-natural/rnn-mse-0.001-s42,rnn,base,42,mse,0.001,24,0.016075971022143934,0.021168381414261944,0.0005705270401004308,0.000756191411020106
US-natural/rnn-mse-0.001-s42,rnn,base,42,mse,0.001,25,0.017315134331082633,0.029637625539990668,0.0006059975139076895,0.0012896935626524524
US-natural/rnn-mse-0.001-s42,rnn,base,42,mse,0.001,26,0.017053950798761337,0.023402681609687285,0.0006022306804390493,0.0008806094266946779
US-natural/rnn-mse-0.001-s42,rnn,base,42,mse,0.001,27,0.016413697098532288,0.02159615579216275,0.0005870243531517388,0.0007958673547980556
US-natural/rnn-mse-0.001-s42,rnn,base,42,mse,0.001,28,0.01647179636528055,0.02614402522864669,0.0005766610053835169,0.00105119278794554
US-natural/rnn-mse-0.001-s42,rnn,base,42,mse,0.001,29,0.016442068752200716,0.022307212541747452,0.0005758421998198877,0.0008341238007531305
US-natural/rnn-mse-0.001-s42,rnn,base,42,mse,0.001,30,0.01661235857437074,0.026269847136370362,0.0005733183199873527,0.0010512593558956705
US-natural/rnn-mse-0.001-s43,rnn,base,43,mse,0.001,1,0.25211717493907093,0.1393274644367153,0.10034527922260836,0.026874882598803503
US-natural/rnn-mse-0.001-s43,rnn,base,43,mse,0.001,2,0.08752794460481293,0.05489127697151658,0.012400911175521792,0.004360280598528052
US-natural/rnn-mse-0.001-s43,rnn,base,43,mse,0.001,3,0.04797225952142357,0.03464517467197058,0.003738812958247202,0.0022119095249403184
US-natural/rnn-mse-0.001-s43,rnn,base,43,mse,0.001,4,0.03935471121827906,0.03706546747101875,0.0026748424357350034,0.0023314573438343307
US-natural/rnn-mse-0.001-s43,rnn,base,43,mse,0.001,5,0.0345339711888565,0.03744432887224127,0.002133415700364951,0.002435001752840967
US-natural/rnn-mse-0.001-s43,rnn,base,43,mse,0.001,6,0.02964832801341316,0.02792235254041626,0.001466256501950086,0.00153221351116718
US-natural/rnn-mse-0.001-s43,rnn,base,43,mse,0.001,7,0.02688342627079327,0.029759287996198345,0.0012653608804230555,0.0016205887316398365
US-natural/rnn-mse-0.001-s43,rnn,base,43,mse,0.001,8,0.029139194251551887,0.02904341534854375,0.0013768724455171823,0.0015456616736502485
US-natural/rnn-mse-0.001-s43,rnn,base,43,mse,0.001,9,0.02251523334322354,0.02799188327930216,0.000963580949423814,0.0014282418827407453
US-natural/rnn-mse-0.001-s43,rnn,base,43,mse,0.001,10,0.023681245531356393,0.028488666725281175,0.0009770544822965278,0.0014820479807852798
US-natural/rnn-mse-0.001-s43,rnn,base,43,mse,0.001,11,0.02256309774779901,0.026056175498145286,0.000950142781449563,0.0013666608182713736
US-natural/rnn-mse-0.001-s43,rnn,base,43,mse,0.001,12,0.0201525914429476,0.02598787173817761,0.0008096685732256186,0.0013267839382443759
US-natural/rnn-mse-0.001-s43,rnn,base,43,mse,0.001,13,0.0192436157975601,0.02764362190775786,0.0007461103003968103,0.0013896912910709074
US-natural/rnn-mse-0.001-s43,rnn,base,43,mse,0.001,14,0.01993966281006095,0.02575726714462595,0.0007689179518878649,0.001233254670500971
US-natural/rnn-mse-0.001-s43,rnn,base,43,mse,0.001,15,0.019049886249462966,0.024131222699641817,0.0007529179192618047,0.001167124103132021
US-natural/rnn-mse-0.001-s43,rnn,base,43,mse,0.001,16,0.018019908037520658,0.02400178139541428,0.0006844503462648526,0.0011378725984439527
US-natural/rnn-mse-0.001-s43,rnn,base,43,mse,0.001,17,0.018520557153532086,0.024230991596207844,0.0007088489433651179,0.0011513516522805892
US-natural/rnn-mse-0.001-s43,rnn,base,43,mse,0.001,18,0.017590690290346413,0.023553629142132188,0.000656956403944799,0.0010899600626109627
US-natural/rnn-mse-0.001-s43,rnn,base,43,mse,0.001,19,0.017949720387019055,0.023413236363840104,0.0006665751148579927,0.001075004763257397
US-natural/rnn-mse-0.001-s43,rnn,base,43,mse,0.001,20,0.017891673861629084,0.023310953178765404,0.0006661224356715736,0.001078519890183229
US-natural/rnn-mse-0.001-s43,rnn,base,43,mse,0.001,21,0.016689304798646897,0.02367750500324048,0.000609870917987554,0.0010923104807291544
US-natural/rnn-mse-0.001-s43,rnn,base,43,mse,0.001,22,0.01648529235472214,0.0228233668078534,0.0006020866365598289,0.001030478593554525
US-natural/rnn-mse-0.001-s43,rnn,base,43,mse,0.001,23,0.016354087360157712,0.022875486724523126,0.000585971805411554,0.0010351749874389293
US-natural/rnn-mse-0.001-s43,rnn,base,43,mse,0.001,24,0.01576799742510623,0.022831906268703652,0.0005636558641455026,0.0010344801368370354
US-natural/rnn-mse-0.001-s43,rnn,base,43,mse,0.001,25,0.015588197537670939,0.023121527507532238,0.0005515164418973668,0.001052715087339756
US-natural/rnn-mse-0.001-s43,rnn,base,43,mse,0.001,26,0.01773208694363553,0.023087240172885735,0.0006292450989615696,0.0010674537720637136
US-natural/rnn-mse-0.001-s43,rnn,base,43,mse,0.001,27,0.016339617005842966,0.02623252767015331,0.000565265000094823,0.00129630061821162
US-natural/rnn-mse-0.001-s43,rnn,base,43,mse,0.001,28,0.01726327488399159,0.024272712521193843,0.0006087951704490507,0.0010851358037242591
US-natural/rnn-mse-0.001-s43,rnn,base,43,mse,0.001,29,0.018007474876478816,0.02486406403763327,0.000623500433418854,0.0011168997703671325
US-natural/rnn-mse-0.001-s43,rnn,base,43,mse,0.001,30,0.018738158154357754,0.02765284462735008,0.0007191279826367719,0.0013410674845353327
US-natural/rnn-mse-0.001-s44,rnn,base,44,mse,0.001,1,0.15298566564950386,0.07108831888971266,0.04508762255787554,0.0067585405804902595
US-natural/rnn-mse-0.001-s44,rnn,base,44,mse,0.001,2,0.06458618825946079,0.050679376499681156,0.007437756898705044,0.0036989146535518166
US-natural/rnn-mse-0.001-s44,rnn,base,44,mse,0.001,3,0.04061570778472696,0.02732416758214333,0.0027797052691536026,0.0014321592016728923
US-natural/rnn-mse-0.001-s44,rnn,base,44,mse,0.001,4,0.02831245477843845,0.02064482940021936,0.0014540461648361056,0.0009694326504741062
US-natural/rnn-mse-0.001-s44,rnn,base,44,mse,0.001,5,0.023338072782004126,0.022871927236313656,0.001035803782777904,0.0014237413963758177
US-natural/rnn-mse-0.001-s44,rnn,base,44,mse,0.001,6,0.021387204866942955,0.020542101438633383,0.0008792272798383171,0.001231622472884057
US-natural/rnn-mse-0.001-s44,rnn,base,44,mse,0.001,7,0.020665243245460405,0.020197737357271196,0.0008198873070746619,0.0011735084795473389
US-natural/rnn-mse-0.001-s44,rnn,base,44,mse,0.001,8,0.019721080030212876,0.0196089443628962,0.0007596019341091464,0.001067512421654508
US-natural/rnn-mse-0.001-s44,rnn,base,44,mse,0.001,9,0.020405586971651856,0.020384617339826626,0.0007956261320766796,0.0009836285240739425
US-natural/rnn-mse-0.001-s44,rnn,base,44,mse,0.001,10,0.019589828355679812,0.019999875452092752,0.0007607444842857726,0.000996058497271395
US-natural/rnn-mse-0.001-s44,rnn,base,44,mse,0.001,11,0.02220235500700552,0.024498833166106116,0.0008895073706437905,0.0013026025111883542
US-natural/rnn-mse-0.001-s44,rnn,base,44,mse,0.001,12,0.024600983184222183,0.022791872244730095,0.0010291723183412432,0.0012716615632471038
US-natural/rnn-mse-0.001-s44,rnn,base,44,mse,0.001,13,0.019314311592705483,0.018979608939406107,0.0007732561769909404,0.0009609506419490788
US-natural/rnn-mse-0.001-s44,rnn,base,44,mse,0.001,14,0.018456756117816463,0.01907192169535559,0.0007019774750347333,0.0009433402624739402
US-natural/rnn-mse-0.001-s44,rnn,base,44,mse,0.001,15,0.017895904025690985,0.018826480820797256,0.0006719478260079629,0.0009296679386887671
US-natural/rnn-mse-0.001-s44,rnn,base,44,mse,0.001,16,0.017085191366289932,0.01960871603527694,0.0006476481147147057,0.0009464717151876574
US-natural/rnn-mse-0.001-s44,rnn,base,44,mse,0.001,17,0.016970343271124868,0.01893118289880352,0.000642026738095059,0.0009152180216641212
US-natural/rnn-mse-0.001-s44,rnn,base,44,mse,0.001,18,0.016591655576403613,0.01931642399678838,0.0006286762523127826,0.0009158259457818212
US-natural/rnn-mse-0.001-s44,rnn,base,44,mse,0.001,19,0.01767152667790011,0.01912055386062492,0.0006601711824940534,0.0009474060759900903
US-natural/rnn-mse-0.001-s44,rnn,base,44,mse,0.001,20,0.018656051809730193,0.019119898669594213,0.0006906094395995313,0.0009497964519008724
US-natural/rnn-mse-0.001-s44,rnn,base,44,mse,0.001,21,0.017386369512888626,0.01882777585846394,0.0006477024293671876,0.0008690497032303352
US-natural/rnn-mse-0.001-s44,rnn,base,44,mse,0.001,22,0.016527650509348853,0.020358129502440626,0.0006181156234758392,0.0009563621246700163
US-natural/rnn-mse-0.001-s44,rnn,base,44,mse,0.001,23,0.016798390400283778,0.023108208557784626,0.0006406862297640423,0.0011130953127783886
US-natural/rnn-mse-0.001-s44,rnn,base,44,mse,0.001,24,0.017376890884222423,0.02380978008280163,0.0006401589156038489,0.001165696114922238
US-natural/rnn-mse-0.001-s44,rnn,base,44,mse,0.001,25,0.017775699590750923,0.018942775275426323,0.0006701844685469821,0.0009125160401192416
US-natural/rnn-mse-0.001-s44,rnn,base,44,mse,0.001,26,0.01707357376260043,0.01952086266988152,0.0006223516827006572,0.0009977996402576168
US-natural/rnn-mse-0.001-s44,rnn,base,44,mse,0.001,27,0.015697470378315027,0.019551385644699593,0.0005775910817145802,0.0009344308566564451
US-natural/rnn-mse-0.001-s44,rnn,base,44,mse,0.001,28,0.015627518636064788,0.020040477795145107,0.0005762238966857166,0.0009947069717998933
US-natural/rnn-mse-0.001-s44,rnn,base,44,mse,0.001,29,0.015653718901163936,0.019291949269911148,0.0005681326819818925,0.0009068999784552321
US-natural/rnn-mse-0.001-s44,rnn,base,44,mse,0.001,30,0.015371656588046886,0.020503372891509667,0.0005701730386766404,0.0010583234416301137
US-natural/rnn-mae-0.0001-s42,rnn,base,42,mae,0.0001,1,0.15955555819842654,0.0799289889499909,0.044937146870073635,0.012528408119206018
US-natural/rnn-mae-0.0001-s42,rnn,base,42,mae,0.0001,2,0.07629254206112909,0.08886018852163857,0.0097190899558001,0.011253272906435633
US-natural/rnn-mae-0.0001-s42,rnn,base,42,mae,0.0001,3,0.06546537638615836,0.07586195730694334,0.00731289373064222,0.009348162523218476
US-natural/rnn-mae-0.0001-s42,rnn,base,42,mae,0.0001,4,0.057229709117549245,0.06119425171310152,0.005421227763353341,0.007048751303486207
US-natural/rnn-mae-0.0001-s42,rnn,base,42,mae,0.0001,5,0.04700507514703968,0.05829749353620771,0.004118084065734633,0.006060747022501539
US-natural/rnn-mae-0.0001-s42,rnn,base,42,mae,0.0001,6,0.04225844744531046,0.0565485845520587,0.0032694361542408615,0.005454186683582657
US-natural/rnn-mae-0.0001-s42,rnn,base,42,mae,0.0001,7,0.03905436095795402,0.05906803222497115,0.0028225338774014058,0.005234339774841137
US-natural/rnn-mae-0.0001-s42,rnn,base,42,mae,0.0001,8,0.03804226689188285,0.05063349772110343,0.0026515409259558684,0.004276118874526679
US-natural/rnn-mae-0.0001-s42,rnn,base,42,mae,0.0001,9,0.03170294391789742,0.045738443636269985,0.001904853769027128,0.003439032334150786
US-natural/rnn-mae-0.0001-s42,rnn,base,42,mae,0.0001,10,0.030643156302244488,0.057039584274252805,0.0018297761949316314,0.004412906818701258
US-natural/rnn-mae-0.0001-s42,rnn,base,42,mae,0.0001,11,0.02781154687455383,0.06624714972458393,0.001557740876219304,0.005439167728491922
US-natural/rnn-mae-0.0001-s42,rnn,base,42,mae,0.0001,12,0.029722454190434254,0.04897634466434033,0.0016393533987956442,0.0034187771600614437
US-natural/rnn-mae-0.0001-s42,rnn,base,42,mae,0.0001,13,0.027276925249839736,0.039117526172570964,0.0013725733008971566,0.0024435205765155447
US-natural/rnn-mae-0.0001-s42,rnn,base,42,mae,0.0001,14,0.035184638075762414,0.038583297721536236,0.0018655298907798198,0.002340822522341715
US-natural/rnn-mae-0.0001-s42,rnn,base,42,mae,0.0001,15,0.026170397383109105,0.054500799709180404,0.0012641188939479908,0.0038615473229266562
US-natural/rnn-mae-0.0001-s42,rnn,base,42,mae,0.0001,16,0.02227752371856258,0.04198417324670065,0.0009918728018547085,0.002597330809176413
US-natural/rnn-mae-0.0001-s42,rnn,base,42,mae,0.0001,17,0.022485274076583368,0.0411756196209008,0.0009770988656785618,0.0024554541021262707
US-natural/rnn-mae-0.0001-s42,rnn,base,42,mae,0.0001,18,0.020342280158479113,0.049211243515564045,0.0008344777523258608,0.0033890763427785416
US-natural/rnn-mae-0.0001-s42,rnn,base,42,mae,0.0001,19,0.02113228571441036,0.037602543774261345,0.0008849248890895419,0.0021891949270902394
US-natural/rnn-mae-0.0001-s42,rnn,base,42,mae,0.0001,20,0.020264093000355723,0.05043287821548649,0.0008100731714578672,0.003397370779421545
US-natural/rnn-mae-0.0001-s42,rnn,base,42,mae,0.0001,21,0.02352859601960484,0.03905868784620364,0.0009705094800096911,0.0022112820215030382
US-natural/rnn-mae-0.0001-s42,rnn,base,42,mae,0.0001,22,0.01970805720832779,0.03254819295325041,0.0007932791785847413,0.0016932036811824393
US-natural/rnn-mae-0.0001-s42,rnn,base,42,mae,0.0001,23,0.02067764706776945,0.047923867393304634,0.0008206201775681498,0.0031235578019445953
US-natural/rnn-mae-0.0001-s42,rnn,base,42,mae,0.0001,24,0.020279402536502615,0.04043135726173336,0.000813525515025711,0.002407212731587781
US-natural/rnn-mae-0.0001-s42,rnn,base,42,mae,0.0001,25,0.018821131766234473,0.03653814839481786,0.0007297604601660307,0.0021466044693891316
US-natural/rnn-mae-0.0001-s42,rnn,base,42,mae,0.0001,26,0.018488842658350737,0.04477322612724673,0.0007006737228781507,0.0028165127114542976
US-natural/rnn-mae-0.0001-s42,rnn,base,42,mae,0.0001,27,0.020074277169624358,0.026304333991049367,0.0007828284623160558,0.0010919767434640695
US-natural/rnn-mae-0.0001-s42,rnn,base,42,mae,0.0001,28,0.02120256384793616,0.04333011602770622,0.000857436179758295,0.0026227398344749503
US-natural/rnn-mae-0.0001-s42,rnn,base,42,mae,0.0001,29,0.024514970632147092,0.029936007977136695,0.0009803959554306036,0.0014344453643720305
US-natural/rnn-mae-0.0001-s42,rnn,base,42,mae,0.0001,30,0.023861982706852882,0.028648941218773087,0.0009880098058108332,0.0012820053164490656
US-natural/rnn-mae-0.0001-s43,rnn,base,43,mae,0.0001,1,0.35634179201327587,0.13852641394060292,0.16959171997458367,0.025428471493561266
US-natural/rnn-mae-0.0001-s43,rnn,base,43,mae,0.0001,2,0.1543614343275047,0.12083960626179746,0.03886623291333391,0.020042689631283868
US-natural/rnn-mae-0.0001-s43,rnn,base,43,mae,0.0001,3,0.11004304505205804,0.10144019130548565,0.017533981851901425,0.015484105092939853
US-natural/rnn-mae-0.0001-s43,rnn,base,43,mae,0.0001,4,0.09813617467762228,0.09380207426063841,0.014977861427571447,0.013126498661175904
US-natural/rnn-mae-0.0001-s43,rnn,base,43,mae,0.0001,5,0.08499402910565633,0.08125156729732345,0.011901642752243504,0.010198780066035097
US-natural/rnn-mae-0.0001-s43,rnn,base,43,mae,0.0001,6,0.07565044716766231,0.07384611123455034,0.008911986938799257,0.008146484840178537
US-natural/rnn-mae-0.0001-s43,rnn,base,43,mae,0.0001,7,0.070273261607677,0.06989653775610843,0.008316177930845726,0.007256834908495264
US-natural/rnn-mae-0.0001-s43,rnn,base,43,mae,0.0001,8,0.05851141813187176,0.06999426961579344,0.00538980764941316,0.007340161111534827
US-natural/rnn-mae-0.0001-s43,rnn,base,43,mae,0.0001,9,0.05436664538731681,0.06196673675695527,0.004807218437457075,0.005826766722581305
US-natural/rnn-mae-0.0001-s43,rnn,base,43,mae,0.0001,10,0.05084132322584829,0.052784227558197463,0.004297375003565325,0.004429540872272701
US-natural/rnn-mae-0.0001-s43,rnn,base,43,mae,0.0001,11,0.04588539783149171,0.05370619490066809,0.0033445650896714303,0.004635437396170401
US-natural/rnn-mae-0.0001-s43,rnn,base,43,mae,0.0001,12,0.03867570221131356,0.049963450117331935,0.0025875615869827427,0.004103019481742213
US-natural/rnn-mae-0.0001-s43,rnn,base,43,mae,0.0001,13,0.030481097035309095,0.04140031086806048,0.001846589612511346,0.0030835546489985577
US-natural/rnn-mae-0.0001-s43,rnn,base,43,mae,0.0001,14,0.03077007594006215,0.03978927270879337,0.00183293693070022,0.0028911769777606442
US-natural/rnn-mae-0.0001-s43,rnn,base,43,mae,0.0001,15,0.030470103370303224,0.03930330761189932,0.001766869216695601,0.00276368123478326
US-natural/rnn-mae-0.0001-s43,rnn,base,43,mae,0.0001,16,0.025969796659850202,0.038104900570046646,0.0013566945288333934,0.0026478446243476247
US-natural/rnn-mae-0.0001-s43,rnn,base,43,mae,0.0001,17,0.025473179055637337,0.0428512647297865,0.0013117976391259013,0.0030846113531370688
US-natural/rnn-mae-0.0001-s43,rnn,base,43,mae,0.0001,18,0.02327758883743733,0.03888023406617066,0.0011539219324035333,0.0027030415112087444
US-natural/rnn-mae-0.0001-s43,rnn,base,43,mae,0.0001,19,0.027595319906883593,0.04023169002212003,0.0014325638316987444,0.0028184476262023196
US-natural/rnn-mae-0.0001-s43,rnn,base,43,mae,0.0001,20,0.027915976613771768,0.042826402575996285,0.0013295447295767616,0.0029338816430786994
US-natural/rnn-mae-0.0001-s43,rnn,base,43,mae,0.0001,21,0.021854660711902656,0.03821645367396738,0.000995207399026872,0.00247523862495815
US-natural/rnn-mae-0.0001-s43,rnn,base,43,mae,0.0001,22,0.02267971010567412,0.04310586037539109,0.0010704138292973256,0.0029504718200498315
US-natural/rnn-mae-0.0001-s43,rnn,base,43,mae,0.0001,23,0.02119344831715412,0.04006735671513317,0.0009727583478494778,0.0027070763603016606
US-natural/rnn-mae-0.0001-s43,rnn,base,43,mae,0.0001,24,0.02091078496458524,0.036490716702606715,0.0009468454087229034,0.0023520753489250992
US-natural/rnn-mae-0.0001-s43,rnn,base,43,mae,0.0001,25,0.019454484217452505,0.03876937193140634,0.0008584191877752836,0.0025140348391492094
US-natural/rnn-mae-0.0001-s43,rnn,base,43,mae,0.0001,26,0.01896425407483188,0.04108543380716172,0.0008397178350450515,0.0026648277863540325
US-natural/rnn-mae-0.0001-s43,rnn,base,43,mae,0.0001,27,0.018995306189315924,0.04094274085342375,0.0008040685527465095,0.0027515227599029988
US-natural/rnn-mae-0.0001-s43,rnn,base,43,mae,0.0001,28,0.017731926055790645,0.036129248375033236,0.0007448684114559622,0.0022676951665705266
US-natural/rnn-mae-0.0001-s43,rnn,base,43,mae,0.0001,29,0.019279853968774845,0.03923249162126325,0.0007913723180272668,0.0025214490526508306
US-natural/rnn-mae-0.0001-s43,rnn,base,43,mae,0.0001,30,0.020352290271947553,0.03476029130817288,0.0008698856254254257,0.002085347975448797
US-natural/rnn-mae-0.0001-s44,rnn,base,44,mae,0.0001,1,0.24282075891857594,0.1063557455183552,0.0874307855960755,0.01971741464676299
US-natural/rnn-mae-0.0001-s44,rnn,base,44,mae,0.0001,2,0.09767665021652794,0.07570868255874515,0.013692707956714728,0.01114245430830754
US-natural/rnn-mae-0.0001-s44,rnn,base,44,mae,0.0001,3,0.0625116789781183,0.0522578493406726,0.006573318544046173,0.005817502938650066
US-natural/rnn-mae-0.0001-s44,rnn,base,44,mae,0.0001,4,0.03974997434918762,0.054271326392400066,0.002746259604679637,0.005440871096922434
US-natural/rnn-mae-0.0001-s44,rnn,base,44,mae,0.0001,5,0.03644699600973217,0.03150213799049734,0.0021249993981407055,0.0021659089384497153
US-natural/rnn-mae-0.0001-s44,rnn,base,44,mae,0.0001,6,0.03488115383753532,0.027609705504904297,0.0019970149979337726,0.0015827110257727614
US-natural/rnn-mae-0.0001-s44,rnn,base,44,mae,0.0001,7,0.02815452036455928,0.031029307961167093,0.001407159633581775,0.0017934950080005065
US-natural/rnn-mae-0.0001-s44,rnn,base,44,mae,0.0001,8,0.025587850622758562,0.02502242492256649,0.0011884420897778415,0.0012351428137548648
US-natural/rnn-mae-0.0001-s44,rnn,base,44,mae,0.0001,9,0.02559416801779578,0.022523687108317113,0.001179243888460668,0.0011138536155364395
US-natural/rnn-mae-0.0001-s44,rnn,base,44,mae,0.0001,10,0.024296638790925876,0.021268188668040193,0.0010673102290684091,0.000976627775125395
US-natural/rnn-mae-0.0001-s44,rnn,base,44,mae,0.0001,11,0.023980360116849477,0.025746616636030967,0.00105268512644464,0.0011438112407585934
US-natural/rnn-mae-0.0001-s44,rnn,base,44,mae,0.0001,12,0.023222040513762403,0.0221816222458519,0.0010247995700201746,0.0009451670363094233
US-natural/rnn-mae-0.0001-s44,rnn,base,44,mae,0.0001,13,0.02240596883895157,0.02102844148881161,0.0009672408589352402,0.0008578317039562704
US-natural/rnn-mae-0.0001-s44,rnn,base,44,mae,0.0001,14,0.020228495283282997,0.02302408978770825,0.0008382625479247514,0.0010462389861668195
US-natural/rnn-mae-0.0001-s44,rnn,base,44,mae,0.0001,15,0.020373435954851565,0.02343779054354977,0.0008445740598847559,0.0010364955632981728
US-natural/rnn-mae-0.0001-s44,rnn,base,44,mae,0.0001,16,0.02144316600302403,0.020894383516055437,0.0009190967919821707,0.0008476763688564718
US-natural/rnn-mae-0.0001-s44,rnn,base,44,mae,0.0001,17,0.019257585939236533,0.020820520546323523,0.000767007112719499,0.0009095199859044881
US-natural/rnn-mae-0.0001-s44,rnn,base,44,mae,0.0001,18,0.019305816568219288,0.02432603835920215,0.0007619283702170819,0.0011058640582749634
US-natural/rnn-mae-0.0001-s44,rnn,base,44,mae,0.0001,19,0.020533762862888532,0.024802654496863967,0.0008211183457212775,0.0011614022957151002
US-natural/rnn-mae-0.0001-s44,rnn,base,44,mae,0.0001,20,0.02074785481359398,0.024579662939724013,0.0008758978859850225,0.0012791140002667034
US-natural/rnn-mae-0.0001-s44,rnn,base,44,mae,0.0001,21,0.019165705405685934,0.024549191764942715,0.0007426868239480363,0.001199921087486987
US-natural/rnn-mae-0.0001-s44,rnn,base,44,mae,0.0001,22,0.021726206222872302,0.028208824131858903,0.0008686784275274289,0.001228825764730853
US-natural/rnn-mae-0.0001-s44,rnn,base,44,mae,0.0001,23,0.0245095627890051,0.021100054544038533,0.00106174156973433,0.0008574053495997224
US-natural/rnn-mae-0.0001-s44,rnn,base,44,mae,0.0001,24,0.019354890364948744,0.022615710033875244,0.0007431734375420772,0.0009983364919294126
US-natural/rnn-mae-0.0001-s44,rnn,base,44,mae,0.0001,25,0.018318609133885503,0.025743173556205864,0.0007128957504288763,0.001218348998776891
US-natural/rnn-mae-0.0001-s44,rnn,base,44,mae,0.0001,26,0.017945204745614483,0.025320503644365094,0.0006758265775709435,0.0011549252839414353
US-natural/rnn-mae-0.0001-s44,rnn,base,44,mae,0.0001,27,0.018560383465554966,0.0238284285496923,0.0007197990802834788,0.0010223472723878448
US-natural/rnn-mae-0.0001-s44,rnn,base,44,mae,0.0001,28,0.01812500668688491,0.021542881830377777,0.0006936404885930637,0.0008629556886179012
US-natural/rnn-mae-0.0001-s44,rnn,base,44,mae,0.0001,29,0.018827931989494822,0.031677748158332866,0.0007112666235254862,0.0017066916877460914
US-natural/rnn-mae-0.0001-s44,rnn,base,44,mae,0.0001,30,0.01815146842437254,0.02336560590398048,0.0006888824826937503,0.0009971283690474223
US-natural/rnn-mae-0.001-s42,rnn,base,42,mae,0.001,1,0.2030417773517946,0.11905757608835314,0.06275018445259142,0.018430344408977044
US-natural/rnn-mae-0.001-s42,rnn,base,42,mae,0.001,2,0.07425441015069957,0.07104651064451567,0.009600596226741786,0.008680809864542272
US-natural/rnn-mae-0.001-s42,rnn,base,42,mae,0.001,3,0.0546249081443985,0.04292072116140297,0.0050076952615684235,0.003007783908170775
US-natural/rnn-mae-0.001-s42,rnn,base,42,mae,0.001,4,0.0683892264253942,0.02708698526047021,0.006912901237461606,0.0011836199622822308
US-natural/rnn-mae-0.001-s42,rnn,base,42,mae,0.001,5,0.0398943393958557,0.02312610593009544,0.0024187455326154144,0.000900870755788421
US-natural/rnn-mae-0.001-s42,rnn,base,42,mae,0.001,6,0.030591146358587454,0.01963613394344365,0.0015008952569913578,0.0006760472802011091
US-natural/rnn-mae-0.001-s42,rnn,base,42,mae,0.001,7,0.026663284495225533,0.01878513382539013,0.0011772878940518304,0.0006341972774024903
US-natural/rnn-mae-0.001-s42,rnn,base,42,mae,0.001,8,0.02446505003023405,0.024288583520648204,0.0010168982134530409,0.0009226569373394761
US-natural/rnn-mae-0.001-s42,rnn,base,42,mae,0.001,9,0.045438186374248984,0.05986057467289315,0.0030044994167512207,0.004246322424743474
US-natural/rnn-mae-0.001-s42,rnn,base,42,mae,0.001,10,0.053971488492809166,0.08406784059241507,0.0048487930184601515,0.008582622368889063
US-natural/rnn-mae-0.001-s42,rnn,base,42,mae,0.001,11,0.032004298848541904,0.034348985173204644,0.001904142753269815,0.0017533058919144608
US-natural/rnn-mae-0.001-s42,rnn,base,42,mae,0.001,12,0.0334102596321824,0.04297439526626317,0.0018559788763565566,0.0026042506204009734
US-natural/rnn-mae-0.001-s42,rnn,base,42,mae,0.001,13,0.031424198465108535,0.030301413425921755,0.0016108905509037961,0.0015639718469566076
US-natural/rnn-mae-0.001-s42,rnn,base,42,mae,0.001,14,0.02576267012095974,0.022530898857285615,0.001356753979379465,0.0011029581534273908
US-natural/rnn-mae-0.001-s42,rnn,base,42,mae,0.001,15,0.022605383035136387,0.02718447833089915,0.0010780464546326345,0.0011509918137321917
US-natural/rnn-mae-0.001-s42,rnn,base,42,mae,0.001,16,0.023705072346706164,0.02079716525023354,0.0011512420348493491,0.0007302632859740933
US-natural/rnn-mae-0.001-s42,rnn,base,42,mae,0.001,17,0.027947983363608795,0.025750575288214037,0.0013646849808185031,0.0012652869248279532
US-natural/rnn-mae-0.001-s42,rnn,base,42,mae,0.001,18,0.022054135607794297,0.017163622022877176,0.0009373852100718745,0.0005731178196960448
US-natural/rnn-mae-0.001-s42,rnn,base,42,mae,0.001,19,0.021051584257703402,0.017138148486421728,0.0008926567353164474,0.0006431920862956007
US-natural/rnn-mae-0.001-s42,rnn,base,42,mae,0.001,20,0.02087338128448817,0.021948290993169015,0.0009020940058785032,0.0008400217986087141
US-natural/rnn-mae-0.001-s42,rnn,base,42,mae,0.001,21,0.026893307739887778,0.018381054332748056,0.0012204151868435412,0.0006628708958133892
US-natural/rnn-mae-0.001-s42,rnn,base,42,mae,0.001,22,0.026719526384529648,0.01707619457826176,0.0011619343646754527,0.0006163773474913535
US-natural/rnn-mae-0.001-s42,rnn,base,42,mae,0.001,23,0.01835396615302268,0.017991086228611623,0.0006902433159798145,0.0006112582801620043
US-natural/rnn-mae-0.001-s42,rnn,base,42,mae,0.001,24,0.019273012556716023,0.01868417346639015,0.0007420237902140721,0.0006814232350721809
US-natural/rnn-mae-0.001-s42,rnn,base,42,mae,0.001,25,0.019529482347059226,0.017763817280579797,0.0008037412176061933,0.000688923176611558
US-natural/rnn-mae-0.001-s42,rnn,base,42,mae,0.001,26,0.020534997015366135,0.01908459267923096,0.0007802533603353604,0.0007076810544674228
US-natural/rnn-mae-0.001-s42,rnn,base,42,mae,0.001,27,0.01911917996757352,0.031141578691052066,0.0007656013035717842,0.0014479814358280376
US-natural/rnn-mae-0.001-s42,rnn,base,42,mae,0.001,28,0.024645731667967102,0.02402885603916563,0.0010480399781533428,0.0008996033265189189
US-natural/rnn-mae-0.001-s42,rnn,base,42,mae,0.001,29,0.02312634935038895,0.020416012259180754,0.000973210982749465,0.0007927672370799291
US-natural/rnn-mae-0.001-s42,rnn,base,42,mae,0.001,30,0.019250039988786178,0.035293885719082825,0.0007674561065275505,0.0017128149673678798
US-natural/rnn-mae-0.001-s43,rnn,base,43,mae,0.001,1,0.26812118965610326,0.2405955669593784,0.10963620316805749,0.07093008760036904
US-natural/rnn-mae-0.001-s43,rnn,base,43,mae,0.001,2,0.11664824637099719,0.06059670606493454,0.025727718194588214,0.00707809425365731
US-natural/rnn-mae-0.001-s43,rnn,base,43,mae,0.001,3,0.06074997033743684,0.11182069447469212,0.006357684992044526,0.015475584611929258
US-natural/rnn-mae-0.001-s43,rnn,base,43,mae,0.001,4,0.07407259898330495,0.09774550305269912,0.00748476898534874,0.01195657709301078
US-natural/rnn-mae-0.001-s43,rnn,base,43,mae,0.001,5,0.05522907221697955,0.04284549185684762,0.004765890066518231,0.002784324239741311
US-natural/rnn-mae-0.001-s43,rnn,base,43,mae,0.001,6,0.03605993629064685,0.049721510893240894,0.0020222526719574055,0.0034389428445064305
US-natural/rnn-mae-0.001-s43,rnn,base,43,mae,0.001,7,0.033907282353483524,0.03865304819052224,0.0019111647878028175,0.0032443633643255607
US-natural/rnn-mae-0.001-s43,rnn,base,43,mae,0.001,8,0.02713050901120889,0.024973541143506185,0.0013048238210541917,0.0014738470164941055
US-natural/rnn-mae-0.001-s43,rnn,base,43,mae,0.001,9,0.02677957988491861,0.023673168137164153,0.0013134652081528907,0.0012311723584339654
US-natural/rnn-mae-0.001-s43,rnn,base,43,mae,0.001,10,0.021072590575237148,0.025907738989533465,0.0008667460766994254,0.0014206550098915887
US-natural/rnn-mae-0.001-s43,rnn,base,43,mae,0.001,11,0.020794809108329697,0.021073936726437915,0.000840102808266696,0.001098245544828474
US-natural/rnn-mae-0.001-s43,rnn,base,43,mae,0.001,12,0.020851994451104278,0.01924979810212662,0.0008429009684277469,0.0009537622221064133
US-natural/rnn-mae-0.001-s43,rnn,base,43,mae,0.001,13,0.021075139396521173,0.024818536233172938,0.0008480954525732777,0.0011756385171991948
US-natural/rnn-mae-0.001-s43,rnn,base,43,mae,0.001,14,0.023543124954371195,0.027540803193912756,0.000958160644532308,0.0014141898915727008
US-natural/rnn-mae-0.001-s43,rnn,base,43,mae,0.001,15,0.030142262336276444,0.02074902414550572,0.0013983262706955412,0.0010066948353554814
US-natural/rnn-mae-0.001-s43,rnn,base,43,mae,0.001,16,0.02273266432651575,0.020528492820179944,0.000900623644007658,0.001001907918088135
US-natural/rnn-mae-0.001-s43,rnn,base,43,mae,0.001,17,0.021307925491019567,0.034019246993206,0.0008168125452045053,0.001988910305258096
US-natural/rnn-mae-0.001-s43,rnn,base,43,mae,0.001,18,0.029813030903077013,0.023008193217227444,0.0014207778142514684,0.0010390907407789288
US-natural/rnn-mae-0.001-s43,rnn,base,43,mae,0.001,19,0.019472350932108556,0.017939697465349992,0.0007413128313547038,0.0007736138599027944
US-natural/rnn-mae-0.001-s43,rnn,base,43,mae,0.001,20,0.017329509096274603,0.01856489313995165,0.0006447905226583901,0.00079981787987392
US-natural/rnn-mae-0.001-s43,rnn,base,43,mae,0.001,21,0.016429035220202146,0.022114999802886778,0.0006012320757694224,0.0010424130153380644
US-natural/rnn-mae-0.001-s43,rnn,base,43,mae,0.001,22,0.022243444063887508,0.027050482527901376,0.0008625821848240976,0.0014847429466725635
US-natural/rnn-mae-0.001-s43,rnn,base,43,mae,0.001,23,0.019897551661460195,0.018478018935502164,0.00076530763679188,0.0008244869595851605
US-natural/rnn-mae-0.001-s43,rnn,base,43,mae,0.001,24,0.019344165615501653,0.018694418806163963,0.0007288232454957335,0.0007794165819563195
US-natural/rnn-mae-0.001-s43,rnn,base,43,mae,0.001,25,0.017192603737081494,0.019104425279614538,0.0006271400257874152,0.0009415544853499219
US-natural/rnn-mae-0.001-s43,rnn,base,43,mae,0.001,26,0.017745431551531368,0.019499734980195495,0.0006683725924179625,0.0007804207218920175
US-natural/rnn-mae-0.001-s43,rnn,base,43,mae,0.001,27,0.017293779334355358,0.02351530537431064,0.0006710410398227054,0.0011236617572491178
US-natural/rnn-mae-0.001-s43,rnn,base,43,mae,0.001,28,0.01837552229843226,0.02253744766614179,0.000714835800227818,0.000929898146434145
US-natural/rnn-mae-0.001-s43,rnn,base,43,mae,0.001,29,0.020502983827990356,0.02441046092029023,0.000816773753493881,0.001067057914814634
US-natural/rnn-mae-0.001-s43,rnn,base,43,mae,0.001,30,0.02087825605170633,0.02245410010639715,0.0008075125505247411,0.0010043407008757113
US-natural/rnn-mae-0.001-s44,rnn,base,44,mae,0.001,1,0.1880266802900951,0.08279659889525678,0.06269077736284237,0.008331054015714963
US-natural/rnn-mae-0.001-s44,rnn,base,44,mae,0.001,2,0.08252641886785733,0.03444919935719095,0.010590531164787639,0.002553545169816776
US-natural/rnn-mae-0.001-s44,rnn,base,44,mae,0.001,3,0.042984400467106096,0.023231261860244982,0.002787874686767546,0.0010124540589208264
US-natural/rnn-mae-0.001-s44,rnn,base,44,mae,0.001,4,0.03589166865344007,0.01891318624720313,0.002197930345232388,0.0007662014034758695
US-natural/rnn-mae-0.001-s44,rnn,base,44,mae,0.001,5,0.023024867427598433,0.020851377246842915,0.0010260369656922412,0.0013094678824538528
US-natural/rnn-mae-0.001-s44,rnn,base,44,mae,0.001,6,0.02261322646087179,0.027118302230534946,0.00100063342972615,0.001426830850862174
US-natural/rnn-mae-0.001-s44,rnn,base,44,mae,0.001,7,0.026691019606991977,0.02355831006053384,0.0011887923357877138,0.0011661833011936923
US-natural/rnn-mae-0.001-s44,rnn,base,44,mae,0.001,8,0.023142049956502028,0.028259473113200536,0.0009543082655517903,0.00192640884129217
US-natural/rnn-mae-0.001-s44,rnn,base,44,mae,0.001,9,0.02339497959506285,0.020755652804714992,0.0010942440162491783,0.0010680293898536908
US-natural/rnn-mae-0.001-s44,rnn,base,44,mae,0.001,10,0.020671412229838686,0.02781783190369497,0.0008254795707035096,0.0012887129874865374
US-natural/rnn-mae-0.001-s44,rnn,base,44,mae,0.001,11,0.023713767169681158,0.02185319009536964,0.0009620688672125241,0.0010208690636990384
US-natural/rnn-mae-0.001-s44,rnn,base,44,mae,0.001,12,0.020666363092935628,0.02926509264744519,0.0009238557841767501,0.002500014314644258
US-natural/rnn-mae-0.001-s44,rnn,base,44,mae,0.001,13,0.020348238070165427,0.02263474219965648,0.0009291740011578636,0.0011549034756523425
US-natural/rnn-mae-0.001-s44,rnn,base,44,mae,0.001,14,0.022769179385882715,0.028742845018028224,0.0009410250392613067,0.0014508671848906384
US-natural/rnn-mae-0.001-s44,rnn,base,44,mae,0.001,15,0.02219508953464723,0.024108905116520588,0.0009291725186615544,0.0010339099429866622
US-natural/rnn-mae-0.001-s44,rnn,base,44,mae,0.001,16,0.021086616470740838,0.019688452775807667,0.0008894009956094118,0.0009534064589068604
US-natural/rnn-mae-0.001-s44,rnn,base,44,mae,0.001,17,0.020252917710776818,0.019011523440314083,0.0008368953364946164,0.0008066660991747264
US-natural/rnn-mae-0.001-s44,rnn,base,44,mae,0.001,18,0.01976436287753605,0.018107023968680806,0.0008173740293603551,0.0007041476649455866
US-natural/rnn-mae-0.001-s44,rnn,base,44,mae,0.001,19,0.0210022534387818,0.019443972130453548,0.0008862477176698095,0.0008069287549041342
US-natural/rnn-mae-0.001-s44,rnn,base,44,mae,0.001,20,0.020442038824300592,0.019732488647208623,0.0008093243572812647,0.0009480798870064253
US-natural/rnn-mae-0.001-s44,rnn,base,44,mae,0.001,21,0.017121305534573056,0.017721313216255426,0.0006659560152308138,0.0008284494732230314
US-natural/rnn-mae-0.001-s44,rnn,base,44,mae,0.001,22,0.017028577477333023,0.01729306677996244,0.0006472076500450556,0.0006653377989161778
US-natural/rnn-mae-0.001-s44,rnn,base,44,mae,0.001,23,0.016475007994858706,0.01748813761605374,0.0006516159812702555,0.0006957741814800267
US-natural/rnn-mae-0.001-s44,rnn,base,44,mae,0.001,24,0.01644242401018665,0.01688035154239723,0.000647096662969785,0.0006401116453469017
US-natural/rnn-mae-0.001-s44,rnn,base,44,mae,0.001,25,0.015639904501630005,0.016907797861350122,0.0006144448087266592,0.0006258853111125703
US-natural/rnn-mae-0.001-s44,rnn,base,44,mae,0.001,26,0.015685085429636494,0.01740014870865644,0.0005986942694968018,0.0006907221508503277
US-natural/rnn-mae-0.001-s44,rnn,base,44,mae,0.001,27,0.01600505746282358,0.017682674826035357,0.0006123234797836916,0.0006813165560491387
US-natural/rnn-mae-0.001-s44,rnn,base,44,mae,0.001,28,0.01684765965034731,0.018506927113051883,0.0006730643187186796,0.0007277731563163469
US-natural/rnn-mae-0.001-s44,rnn,base,44,mae,0.001,29,0.01928063349996413,0.020553355497042538,0.0007794407654508465,0.0008613954827376251
US-natural/rnn-mae-0.001-s44,rnn,base,44,mae,0.001,30,0.0190700674507598,0.020458556362466424,0.0007732810692226166,0.0008717910412546023
US-natural/rnn-huber-0.0001-s42,rnn,base,42,huber,0.0001,1,0.15894484909167444,0.08036879422970918,0.04475651966936444,0.01229226052385426
US-natural/rnn-huber-0.0001-s42,rnn,base,42,huber,0.0001,2,0.07720786244244138,0.08647408438470396,0.009864263523183798,0.010939447457295354
US-natural/rnn-huber-0.0001-s42,rnn,base,42,huber,0.0001,3,0.06546544795780386,0.07628516363184919,0.007259621249362663,0.009383647009605145
US-natural/rnn-huber-0.0001-s42,rnn,base,42,huber,0.0001,4,0.057314671342023005,0.061384953493815064,0.005470607321751764,0.006983065414310059
US-natural/rnn-huber-0.0001-s42,rnn,base,42,huber,0.0001,5,0.04730353571107811,0.05900777909361738,0.004146922931334164,0.006096379755163597
US-natural/rnn-huber-0.0001-s42,rnn,base,42,huber,0.0001,6,0.042425079830258214,0.05525457845261315,0.003308581730372713,0.005336415093204683
US-natural/rnn-huber-0.0001-s42,rnn,base,42,huber,0.0001,7,0.03965088450151155,0.05826354730181819,0.002860532000936629,0.005151186570050036
US-natural/rnn-huber-0.0001-s42,rnn,base,42,huber,0.0001,8,0.03753790746989923,0.050874134776805115,0.0025973457208803875,0.004295282075220225
US-natural/rnn-huber-0.0001-s42,rnn,base,42,huber,0.0001,9,0.0315898377882878,0.047750856489388024,0.001908495610592618,0.00359417921193897
US-natural/rnn-huber-0.0001-s42,rnn,base,42,huber,0.0001,10,0.02971041182689006,0.0560443615306956,0.0017446245399085594,0.004292788276992584
US-natural/rnn-huber-0.0001-s42,rnn,base,42,huber,0.0001,11,0.027744283284213935,0.06393606017374696,0.0015447885274801313,0.005081474930618696
US-natural/rnn-huber-0.0001-s42,rnn,base,42,huber,0.0001,12,0.028536822064162068,0.04612619886769474,0.0015280795063185365,0.00313763418584232
US-natural/rnn-huber-0.0001-s42,rnn,base,42,huber,0.0001,13,0.02718616565788241,0.038600006531271505,0.001374015083318849,0.00233119449369355
US-natural/rnn-huber-0.0001-s42,rnn,base,42,huber,0.0001,14,0.02937919243517536,0.047320542299784045,0.001460983596269946,0.0031135747629246497
US-natural/rnn-huber-0.0001-s42,rnn,base,42,huber,0.0001,15,0.024982913365762874,0.04848595261861957,0.0012188324976373525,0.003123558460314025
US-natural/rnn-huber-0.0001-s42,rnn,base,42,huber,0.0001,16,0.023393349306721514,0.05224564900833965,0.0010549108800824063,0.003783822536257748
US-natural/rnn-huber-0.0001-s42,rnn,base,42,huber,0.0001,17,0.024539012252425763,0.03761274523887323,0.0010755488419400422,0.0021019524896955803
US-natural/rnn-huber-0.0001-s42,rnn,base,42,huber,0.0001,18,0.02083582439622244,0.05557793918922102,0.0008655708356055524,0.004184264895421968
US-natural/rnn-huber-0.0001-s42,rnn,base,42,huber,0.0001,19,0.021188866152412215,0.04048957441092027,0.0008813769810410385,0.002424813179025654
US-natural/rnn-huber-0.0001-s42,rnn,base,42,huber,0.0001,20,0.019027647800620856,0.049285127985651433,0.0007565015081258609,0.003289705586988221
US-natural/rnn-huber-0.0001-s42,rnn,base,42,huber,0.0001,21,0.02127989797699196,0.04031078208609729,0.00085444251850042,0.0023389038374800938
US-natural/rnn-huber-0.0001-s42,rnn,base,42,huber,0.0001,22,0.018536732347892507,0.03663051763191935,0.0007175456971955751,0.00202301695658176
US-natural/rnn-huber-0.0001-s42,rnn,base,42,huber,0.0001,23,0.01793343717444477,0.03898764793553236,0.0007112481970900252,0.00219660971058666
US-natural/rnn-huber-0.0001-s42,rnn,base,42,huber,0.0001,24,0.01806081416514323,0.036026219534796206,0.0007081595785616966,0.0019749744517409433
US-natural/rnn-huber-0.0001-s42,rnn,base,42,huber,0.0001,25,0.01909097163688551,0.04606324473326073,0.0007159351942166664,0.0029837697608465085
US-natural/rnn-huber-0.0001-s42,rnn,base,42,huber,0.0001,26,0.017468167578620016,0.04206335410050335,0.0006659152054993611,0.002642394548624309
US-natural/rnn-huber-0.0001-s42,rnn,base,42,huber,0.0001,27,0.019974453739947703,0.02809279341209092,0.0007829265768291595,0.0012393919103039141
US-natural/rnn-huber-0.0001-s42,rnn,base,42,huber,0.0001,28,0.01955098508393136,0.04307929517471702,0.0007683974068615416,0.0024992501502687416
US-natural/rnn-huber-0.0001-s42,rnn,base,42,huber,0.0001,29,0.020289435671515664,0.0405036019602919,0.0007856143598528211,0.0024490700912363148
US-natural/rnn-huber-0.0001-s42,rnn,base,42,huber,0.0001,30,0.01977972622480143,0.0298476944658561,0.0007612054849542003,0.001378851700919156
US-natural/rnn-huber-0.0001-s43,rnn,base,43,huber,0.0001,1,0.35636272483000514,0.13851189080531173,0.16960330116426206,0.02542143245357608
US-natural/rnn-huber-0.0001-s43,rnn,base,43,huber,0.0001,2,0.15351979919630926,0.11963061080125983,0.03832047769796876,0.01972825828828113
US-natural/rnn-huber-0.0001-s43,rnn,base,43,huber,0.0001,3,0.11028863783576752,0.10118535133715896,0.01770705060517286,0.015440957601651982
US-natural/rnn-huber-0.0001-s43,rnn,base,43,huber,0.0001,4,0.0973960387939631,0.0926600563461365,0.014701469539976093,0.01291139923842234
US-natural/rnn-huber-0.0001-s43,rnn,base,43,huber,0.0001,5,0.08499911282541045,0.08088465912480866,0.011884455921011826,0.010135402285412817
US-natural/rnn-huber-0.0001-s43,rnn,base,43,huber,0.0001,6,0.0750862410771105,0.07313029309003975,0.008815270601374155,0.008107172115069977
US-natural/rnn-huber-0.0001-s43,rnn,base,43,huber,0.0001,7,0.07007134037068459,0.06945315658821072,0.008352490303445974,0.007164284213784149
US-natural/rnn-huber-0.0001-s43,rnn,base,43,huber,0.0001,8,0.05712003454210308,0.07347335109780176,0.005148021651235488,0.007992586857413164
US-natural/rnn-huber-0.0001-s43,rnn,base,43,huber,0.0001,9,0.055045916810783774,0.0613783709989207,0.004901212022887926,0.005745224036856947
US-natural/rnn-huber-0.0001-s43,rnn,base,43,huber,0.0001,10,0.05045474141569175,0.05387228887120975,0.004301306041359979,0.004649685768041549
US-natural/rnn-huber-0.0001-s43,rnn,base,43,huber,0.0001,11,0.044879474968903606,0.05539737608914107,0.0031942946363724915,0.004895196125590815
US-natural/rnn-huber-0.0001-s43,rnn,base,43,huber,0.0001,12,0.04058993921283018,0.04710919793809872,0.0028135774130495484,0.003708807641241337
US-natural/rnn-huber-0.0001-s43,rnn,base,43,huber,0.0001,13,0.030123190761360972,0.0422434659430179,0.0018479514105224286,0.003196276938521264
US-natural/rnn-huber-0.0001-s43,rnn,base,43,huber,0.0001,14,0.031122909336510924,0.04078918870535957,0.0018404494441856976,0.0029760807865132
US-natural/rnn-huber-0.0001-s43,rnn,base,43,huber,0.0001,15,0.03267575602321941,0.0401271227982674,0.001959657682939104,0.0028414972343220367
US-natural/rnn-huber-0.0001-s43,rnn,base,43,huber,0.0001,16,0.02627039402023184,0.03846859508722923,0.0013796873171704686,0.002667356192872724
US-natural/rnn-huber-0.0001-s43,rnn,base,43,huber,0.0001,17,0.025055834617690412,0.03960775920525963,0.0013368953813446764,0.002743671036428108
US-natural/rnn-huber-0.0001-s43,rnn,base,43,huber,0.0001,18,0.024478217884443793,0.03771288248151282,0.0012082398957251387,0.0025860802820649943
US-natural/rnn-huber-0.0001-s43,rnn,base,43,huber,0.0001,19,0.028327690941587658,0.03957312536393954,0.0015004538090209168,0.0027610504024757608
US-natural/rnn-huber-0.0001-s43,rnn,base,43,huber,0.0001,20,0.027132979187333338,0.0418940303376731,0.0012837311560689828,0.002875473607301105
US-natural/rnn-huber-0.0001-s43,rnn,base,43,huber,0.0001,21,0.021648776745436756,0.0394771644375006,0.0009828405486847261,0.0026230198091230553
US-natural/rnn-huber-0.0001-s43,rnn,base,43,huber,0.0001,22,0.021829428885909455,0.04271942049440631,0.001026601970110089,0.002957676215162169
US-natural/rnn-huber-0.0001-s43,rnn,base,43,huber,0.0001,23,0.021066859628557914,0.03938599256088632,0.0009639852784383694,0.002634524316986454
US-natural/rnn-huber-0.0001-s43,rnn,base,43,huber,0.0001,24,0.02073336032885838,0.03624615465333699,0.0009419797174959731,0.002332818146973152
US-natural/rnn-huber-0.0001-s43,rnn,base,43,huber,0.0001,25,0.01911400346468494,0.03949059592220378,0.0008372921772223267,0.0025852292955741486
US-natural/rnn-huber-0.0001-s43,rnn,base,43,huber,0.0001,26,0.018621251244974612,0.04099197131581556,0.0008094359515280445,0.002681738263308088
US-natural/rnn-huber-0.0001-s43,rnn,base,43,huber,0.0001,27,0.019292404481972385,0.042055514316672024,0.0008229624791351071,0.0028664763189582545
US-natural/rnn-huber-0.0001-s43,rnn,base,43,huber,0.0001,28,0.019019560283392956,0.03777290239737816,0.0008049187353258123,0.002365092143096454
US-natural/rnn-huber-0.0001-s43,rnn,base,43,huber,0.0001,29,0.01921082397685608,0.03917638293133621,0.0007936557299411123,0.002492738146907734
US-natural/rnn-huber-0.0001-s43,rnn,base,43,huber,0.0001,30,0.019253271789934343,0.03601023769917649,0.0007975086201692956,0.002180104437573987
US-natural/rnn-huber-0.0001-s44,rnn,base,44,huber,0.0001,1,0.2428319512415697,0.10654263170262658,0.08743854547567763,0.01982186411558263
US-natural/rnn-huber-0.0001-s44,rnn,base,44,huber,0.0001,2,0.09755332026933854,0.07640553165431696,0.01366281814409536,0.011389009346793506
US-natural/rnn-huber-0.0001-s44,rnn,base,44,huber,0.0001,3,0.06210129748673736,0.05222780604995156,0.006506730849458919,0.00581839050066799
US-natural/rnn-huber-0.0001-s44,rnn,base,44,huber,0.0001,4,0.03949698735788383,0.053583360087315776,0.0027557021416348224,0.005394576923556129
US-natural/rnn-huber-0.0001-s44,rnn,base,44,huber,0.0001,5,0.03479231297682655,0.033071373028463,0.0019722195074314787,0.002456646522247529
US-natural/rnn-huber-0.0001-s44,rnn,base,44,huber,0.0001,6,0.03466556181641239,0.028471306940737788,0.0019490824262280671,0.0016569844179366465
US-natural/rnn-huber-0.0001-s44,rnn,base,44,huber,0.0001,7,0.028091379338568184,0.02971767592275025,0.0013866895089264708,0.001695684630147844
US-natural/rnn-huber-0.0001-s44,rnn,base,44,huber,0.0001,8,0.025775742996302007,0.02386975639878634,0.0012220816680870003,0.0011555417374697632
US-natural/rnn-huber-0.0001-s44,rnn,base,44,huber,0.0001,9,0.02586563641903951,0.022206027936607198,0.0011984357944338424,0.001077275936452375
US-natural/rnn-huber-0.0001-s44,rnn,base,44,huber,0.0001,10,0.02440294792675977,0.021085745561760405,0.0010730689211513292,0.0009276231504523814
US-natural/rnn-huber-0.0001-s44,rnn,base,44,huber,0.0001,11,0.02452273740002224,0.023560005505583802,0.0010510450337082489,0.0009918972843449775
US-natural/rnn-huber-0.0001-s44,rnn,base,44,huber,0.0001,12,0.023428085380950633,0.02253200833222398,0.0010385984951139919,0.0009595459404192815
US-natural/rnn-huber-0.0001-s44,rnn,base,44,huber,0.0001,13,0.022710612984304296,0.021210942307826445,0.0009860719231639145,0.0008774369889369369
US-natural/rnn-huber-0.0001-s44,rnn,base,44,huber,0.0001,14,0.02095437462382535,0.02227646659844862,0.0008805442874601511,0.001006735581409007
US-natural/rnn-huber-0.0001-s44,rnn,base,44,huber,0.0001,15,0.021141406212893867,0.023296093234500288,0.0008725001593241152,0.0010774836005943542
US-natural/rnn-huber-0.0001-s44,rnn,base,44,huber,0.0001,16,0.019956672374197678,0.020894843730550963,0.0008304120109151628,0.0008443200600958437
US-natural/rnn-huber-0.0001-s44,rnn,base,44,huber,0.0001,17,0.019230041871136444,0.02063065429661128,0.0007727549670917648,0.0008683992656539613
US-natural/rnn-huber-0.0001-s44,rnn,base,44,huber,0.0001,18,0.01900268403382242,0.023541295697220677,0.0007540848796819443,0.0010407171755541249
US-natural/rnn-huber-0.0001-s44,rnn,base,44,huber,0.0001,19,0.019779744478535848,0.023819078052429273,0.0007855999912220092,0.0010790923251763603
US-natural/rnn-huber-0.0001-s44,rnn,base,44,huber,0.0001,20,0.01936274936844335,0.023699544622263147,0.0007740671305873731,0.00109221570260079
US-natural/rnn-huber-0.0001-s44,rnn,base,44,huber,0.0001,21,0.018038332179409575,0.02190746140595533,0.0006904193897692957,0.0009351076282231189
US-natural/rnn-huber-0.0001-s44,rnn,base,44,huber,0.0001,22,0.01931963861452798,0.024339137723733216,0.0007363609037609846,0.001021638386765108
US-natural/rnn-huber-0.0001-s44,rnn,base,44,huber,0.0001,23,0.02089395909548692,0.024162902199075995,0.0008312567501788795,0.0010373851511142262
US-natural/rnn-huber-0.0001-s44,rnn,base,44,huber,0.0001,24,0.01990395505324197,0.021572529302397076,0.0007553205745944482,0.0009050250391852612
US-natural/rnn-huber-0.0001-s44,rnn,base,44,huber,0.0001,25,0.01782028016018087,0.023074000868591068,0.0006730972584456067,0.0010106685080342392
US-natural/rnn-huber-0.0001-s44,rnn,base,44,huber,0.0001,26,0.016939122237545953,0.021902419263716093,0.0006407597617005178,0.0009432086074743997
US-natural/rnn-huber-0.0001-s44,rnn,base,44,huber,0.0001,27,0.017036386712412102,0.02337058607329611,0.0006502205255184901,0.000980621784160398
US-natural/rnn-huber-0.0001-s44,rnn,base,44,huber,0.0001,28,0.01757697762587496,0.023652820626671272,0.000657697857875199,0.001010934366025167
US-natural/rnn-huber-0.0001-s44,rnn,base,44,huber,0.0001,29,0.016988813052445578,0.025808128058258686,0.0006309125191425046,0.0011888887886352384
US-natural/rnn-huber-0.0001-s44,rnn,base,44,huber,0.0001,30,0.016868508658038194,0.02428391771573057,0.0006244312858531714,0.001072867587705983
US-natural/rnn-huber-0.001-s42,rnn,base,42,huber,0.001,1,0.19923467228478295,0.11453617252200615,0.06057859708298528,0.016935061966709446
US-natural/rnn-huber-0.001-s42,rnn,base,42,huber,0.001,2,0.07831381562257733,0.0920759755447389,0.010833440743038445,0.012489792499574865
US-natural/rnn-huber-0.001-s42,rnn,base,42,huber,0.001,3,0.05555652078419253,0.04360173675212678,0.005166955837545737,0.003117885904346374
US-natural/rnn-huber-0.001-s42,rnn,base,42,huber,0.001,4,0.07009899125128176,0.0323103965625042,0.0071639031124842625,0.0016250717373235207
US-natural/rnn-huber-0.001-s42,rnn,base,42,huber,0.001,5,0.038524269996474965,0.02512474874379492,0.0022538243265484733,0.0010091033463892644
US-natural/rnn-huber-0.001-s42,rnn,base,42,huber,0.001,6,0.02682046979892752,0.020366309802101207,0.0012065829716043136,0.0007085859575088659
US-natural/rnn-huber-0.001-s42,rnn,base,42,huber,0.001,7,0.02452445133093208,0.02270002799386726,0.001049901015881889,0.0009305142201117099
US-natural/rnn-huber-0.001-s42,rnn,base,42,huber,0.001,8,0.024009414782098955,0.017590640959594277,0.0010426516430520776,0.0005917975239393337
US-natural/rnn-huber-0.001-s42,rnn,base,42,huber,0.001,9,0.03262667723741538,0.0719951619173756,0.001970286001474446,0.006456492356808972
US-natural/rnn-huber-0.001-s42,rnn,base,42,huber,0.001,10,0.0420357670439733,0.0212297349803225,0.002730287851868705,0.0007764939178828262
US-natural/rnn-huber-0.001-s42,rnn,base,42,huber,0.001,11,0.026219885236360988,0.019270638778892672,0.0011853234160542382,0.0006408728504983352
US-natural/rnn-huber-0.001-s42,rnn,base,42,huber,0.001,12,0.02993644085111547,0.0360798069628541,0.001439343059533077,0.0017179438274008117
US-natural/rnn-huber-0.001-s42,rnn,base,42,huber,0.001,13,0.02940234966252691,0.02921749113084908,0.0014126277665203934,0.0012560960005417326
US-natural/rnn-huber-0.001-s42,rnn,base,42,huber,0.001,14,0.0353756231419565,0.029697623287111417,0.00177259409748795,0.0017481179271607642
US-natural/rnn-huber-0.001-s42,rnn,base,42,huber,0.001,15,0.04885794593620465,0.06370617884618979,0.003496114411257309,0.004951620982526381
US-natural/rnn-huber-0.001-s42,rnn,base,42,huber,0.001,16,0.029872059855893536,0.023197207364971315,0.0015496059180790758,0.0009447593485242109
US-natural/rnn-huber-0.001-s42,rnn,base,42,huber,0.001,17,0.025027795784806687,0.019975889986785733,0.001090870122625085,0.0007643277661953239
US-natural/rnn-huber-0.001-s42,rnn,base,42,huber,0.001,18,0.02058542585919456,0.016421614330319405,0.0007838092269911853,0.0005443735754131787
US-natural/rnn-huber-0.001-s42,rnn,base,42,huber,0.001,19,0.022982644604753154,0.02083090370506972,0.0008990222012364746,0.000726766449491426
US-natural/rnn-huber-0.001-s42,rnn,base,42,huber,0.001,20,0.018833903498139102,0.01892307691927448,0.0007604805988068831,0.0006290279090560418
US-natural/rnn-huber-0.001-s42,rnn,base,42,huber,0.001,21,0.023360586663284586,0.019824612076262065,0.0009934300657329013,0.0007143112254208552
US-natural/rnn-huber-0.001-s42,rnn,base,42,huber,0.001,22,0.020482846951861308,0.0219529059607756,0.0007868136854540875,0.0008212983655875742
US-natural/rnn-huber-0.001-s42,rnn,base,42,huber,0.001,23,0.019605979450996083,0.017474258967540568,0.0007358730183595625,0.0006852660412643356
US-natural/rnn-huber-0.001-s42,rnn,base,42,huber,0.001,24,0.020824901191194914,0.016831192574320628,0.0008685448952943545,0.0005755250538292402
US-natural/rnn-huber-0.001-s42,rnn,base,42,huber,0.001,25,0.01823880680659895,0.019288230388826436,0.0007451987035673809,0.0007265069105680386
US-natural/rnn-huber-0.001-s42,rnn,base,42,huber,0.001,26,0.018073194753821464,0.020355032216512234,0.0006958779038459542,0.0008020679203636238
US-natural/rnn-huber-0.001-s42,rnn,base,42,huber,0.001,27,0.020064038071707466,0.02809663726174471,0.0008092408453111131,0.0011650001490533888
US-natural/rnn-huber-0.001-s42,rnn,base,42,huber,0.001,28,0.017561114551777376,0.025717240545463253,0.0007037618643435635,0.0016861863265922798
US-natural/rnn-huber-0.001-s42,rnn,base,42,huber,0.001,29,0.018685394260361105,0.018397049515906913,0.00087230564817679,0.0006667104173772624
US-natural/rnn-huber-0.001-s42,rnn,base,42,huber,0.001,30,0.018617641804635578,0.016788925759288812,0.0007202928327978495,0.000584714654783638
US-natural/rnn-huber-0.001-s43,rnn,base,43,huber,0.001,1,0.2655177071305092,0.23239356226179061,0.10773299604701184,0.06661081431358123
US-natural/rnn-huber-0.001-s43,rnn,base,43,huber,0.001,2,0.12245912503615826,0.052894257247472105,0.027131518245015307,0.00513449693408406
US-natural/rnn-huber-0.001-s43,rnn,base,43,huber,0.001,3,0.060551924660454434,0.06310494237871572,0.00563506141880393,0.00606033975985612
US-natural/rnn-huber-0.001-s43,rnn,base,43,huber,0.001,4,0.06001535458274192,0.09017751385565687,0.0052879818841699115,0.009558998101865975
US-natural/rnn-huber-0.001-s43,rnn,base,43,huber,0.001,5,0.03944388277350275,0.028991504417091644,0.0027261700654844304,0.0016178578976774906
US-natural/rnn-huber-0.001-s43,rnn,base,43,huber,0.001,6,0.03554648054087685,0.10748480695480904,0.0020577022261426157,0.013540477058759263
US-natural/rnn-huber-0.001-s43,rnn,base,43,huber,0.001,7,0.04640365800360608,0.07816800524286972,0.003808517882689247,0.009172460932491472
US-natural/rnn-huber-0.001-s43,rnn,base,43,huber,0.001,8,0.04376493275107643,0.029435384372620416,0.0028420838292309803,0.001994996898929496
US-natural/rnn-huber-0.001-s43,rnn,base,43,huber,0.001,9,0.02228347410577735,0.021253724832107093,0.0009177661042391016,0.0011357500371079014
US-natural/rnn-huber-0.001-s43,rnn,base,43,huber,0.001,10,0.019533152506397422,0.02058234898547523,0.0007854346965867409,0.0009943406647108049
US-natural/rnn-huber-0.001-s43,rnn,base,43,huber,0.001,11,0.01775720118008474,0.022833068813880423,0.0007035644251570564,0.0011074078532457498
US-natural/rnn-huber-0.001-s43,rnn,base,43,huber,0.001,12,0.018303394422825327,0.018539765152297587,0.0007029433652085527,0.0008049172750544654
US-natural/rnn-huber-0.001-s43,rnn,base,43,huber,0.001,13,0.017917856429338283,0.019670400979275512,0.000684032668517103,0.0008400028883684717
US-natural/rnn-huber-0.001-s43,rnn,base,43,huber,0.001,14,0.018340184179511013,0.02250142025949702,0.000728404778458014,0.0009952546610524215
US-natural/rnn-huber-0.001-s43,rnn,base,43,huber,0.001,15,0.019196506031104316,0.02619889999616537,0.0007735501073497995,0.0013557242216871883
US-natural/rnn-huber-0.001-s43,rnn,base,43,huber,0.001,16,0.020623521908298064,0.021267930466772535,0.0008069997853058508,0.0008707670326972511
US-natural/rnn-huber-0.001-s43,rnn,base,43,huber,0.001,17,0.022305529480060947,0.025520085941175486,0.0009060094423495904,0.0011895286370244738
US-natural/rnn-huber-0.001-s43,rnn,base,43,huber,0.001,18,0.023934658159413966,0.020013537678463353,0.0010501753631045338,0.0008748275857649638
US-natural/rnn-huber-0.001-s43,rnn,base,43,huber,0.001,19,0.03717240261689782,0.03579328634884888,0.0023447740934474633,0.0017320235478499111
US-natural/rnn-huber-0.001-s43,rnn,base,43,huber,0.001,20,0.028532340430480346,0.028904209228216106,0.001293376995149279,0.001415815509836233
US-natural/rnn-huber-0.001-s43,rnn,base,43,huber,0.001,21,0.027389342979561433,0.021770895695429917,0.0012389084645640033,0.0009542009485869447
US-natural/rnn-huber-0.001-s43,rnn,base,43,huber,0.001,22,0.024116206202397166,0.018207013612569524,0.0010377910157852045,0.0007315059213544889
US-natural/rnn-huber-0.001-s43,rnn,base,43,huber,0.001,23,0.016248768504819735,0.018631400100753995,0.0005987978741495523,0.0007373751371114611
US-natural/rnn-huber-0.001-s43,rnn,base,43,huber,0.001,24,0.017182142351239164,0.01807710457263697,0.0006324041466227574,0.0007551883354397102
US-natural/rnn-huber-0.001-s43,rnn,base,43,huber,0.001,25,0.01741356630761997,0.017765510541878613,0.0006409588920926333,0.0006796156105007264
US-natural/rnn-huber-0.001-s43,rnn,base,43,huber,0.001,26,0.015618361053864792,0.017943702089546446,0.0005764515669055352,0.0007135104819002585
US-natural/rnn-huber-0.001-s43,rnn,base,43,huber,0.001,27,0.015285917394155473,0.018150394900724284,0.0005600867774588964,0.0007088406225906591
US-natural/rnn-huber-0.001-s43,rnn,base,43,huber,0.001,28,0.01511812411800464,0.01969832677496316,0.0005631662374399909,0.0007386468278048248
US-natural/rnn-huber-0.001-s43,rnn,base,43,huber,0.001,29,0.016294564306017854,0.017836941668271475,0.0005874376066397223,0.0007008824779797672
US-natural/rnn-huber-0.001-s43,rnn,base,43,huber,0.001,30,0.01687866153873896,0.019317753832261666,0.0006465199683439972,0.0006999785641889914
US-natural/rnn-huber-0.001-s44,rnn,base,44,huber,0.001,1,0.1901206807917505,0.08512541134625541,0.06334770691977121,0.008665148851275669
US-natural/rnn-huber-0.001-s44,rnn,base,44,huber,0.001,2,0.08741781639994485,0.045031580954503235,0.011699809273619284,0.002963983201973653
US-natural/rnn-huber-0.001-s44,rnn,base,44,huber,0.001,3,0.046376628006190676,0.026120214571292398,0.0036737919745495496,0.0012122336751794393
US-natural/rnn-huber-0.001-s44,rnn,base,44,huber,0.001,4,0.03572934293423165,0.02265361102389544,0.0020353979818751576,0.0009343240384411656
US-natural/rnn-huber-0.001-s44,rnn,base,44,huber,0.001,5,0.025242084918653013,0.024554646358475755,0.0011801146008652056,0.0014232604483609254
US-natural/rnn-huber-0.001-s44,rnn,base,44,huber,0.001,6,0.02520121185239629,0.022304614162180818,0.0011302585884280692,0.0009681280186567777
US-natural/rnn-huber-0.001-s44,rnn,base,44,huber,0.001,7,0.02024339083744904,0.0210133187250837,0.0008614292908795997,0.0011097401772211565
US-natural/rnn-huber-0.001-s44,rnn,base,44,huber,0.001,8,0.019387281687698037,0.020698224126402893,0.0007680451477252678,0.0009657736938101099
US-natural/rnn-huber-0.001-s44,rnn,base,44,huber,0.001,9,0.020350890817133274,0.021540475331869063,0.0008247957487713929,0.0010445558675923623
US-natural/rnn-huber-0.001-s44,rnn,base,44,huber,0.001,10,0.02125076072593697,0.027748942258187633,0.0008530574639793717,0.0011812828955978106
US-natural/rnn-huber-0.001-s44,rnn,base,44,huber,0.001,11,0.020352723640769312,0.025853760754343137,0.0008495348946146732,0.0013098966876186181
US-natural/rnn-huber-0.001-s44,rnn,base,44,huber,0.001,12,0.024403639420919828,0.025152182718161428,0.0011210230731172075,0.0017223396462843574
US-natural/rnn-huber-0.001-s44,rnn,base,44,huber,0.001,13,0.022621590099649164,0.022232783193775144,0.0009399146842817691,0.0011104239459322131
US-natural/rnn-huber-0.001-s44,rnn,base,44,huber,0.001,14,0.021259370934776436,0.01820750406679047,0.000860463138877808,0.0007253431982866364
US-natural/rnn-huber-0.001-s44,rnn,base,44,huber,0.001,15,0.02055980983870338,0.024374878099069342,0.0007983758507283498,0.0011414915586902817
US-natural/rnn-huber-0.001-s44,rnn,base,44,huber,0.001,16,0.019364261367618298,0.019142254918341355,0.0008274782081422305,0.0006716922213494224
US-natural/rnn-huber-0.001-s44,rnn,base,44,huber,0.001,17,0.018481655745748407,0.017642539112860723,0.0007495278934589644,0.0006341936437749924
US-natural/rnn-huber-0.001-s44,rnn,base,44,huber,0.001,18,0.017656738273781176,0.017645611937053277,0.0006878299638402447,0.0006857182546556284
US-natural/rnn-huber-0.001-s44,rnn,base,44,huber,0.001,19,0.01655962030039157,0.017822272993465872,0.0006314064938978484,0.0007728966192000037
US-natural/rnn-huber-0.001-s44,rnn,base,44,huber,0.001,20,0.016388184969714375,0.01847066467334103,0.0006500365697404847,0.0008863938182573089
US-natural/rnn-huber-0.001-s44,rnn,base,44,huber,0.001,21,0.016928917100378076,0.019354099104635078,0.0006378855577191815,0.0008485195320086658
US-natural/rnn-huber-0.001-s44,rnn,base,44,huber,0.001,22,0.016436584446365587,0.017559466490788815,0.0006407797809579055,0.0007140821336374672
US-natural/rnn-huber-0.001-s44,rnn,base,44,huber,0.001,23,0.015442213082993466,0.02027312270911385,0.000605158896623017,0.0008692619753676482
US-natural/rnn-huber-0.001-s44,rnn,base,44,huber,0.001,24,0.016549666340776037,0.018508346370289162,0.0006325252368291704,0.0007508214763196688
US-natural/rnn-huber-0.001-s44,rnn,base,44,huber,0.001,25,0.016969647347241566,0.018289065835650316,0.0006729976191630294,0.0007998449365405648
US-natural/rnn-huber-0.001-s44,rnn,base,44,huber,0.001,26,0.015928244540168134,0.01815784636629312,0.0006149668487349175,0.0008073225582627703
US-natural/rnn-huber-0.001-s44,rnn,base,44,huber,0.001,27,0.015790712861493937,0.018576354389458646,0.0006081803141321885,0.000755098078291979
US-natural/rnn-huber-0.001-s44,rnn,base,44,huber,0.001,28,0.016263623340541492,0.020897233421019873,0.0006477917774433924,0.0008535258988663563
US-natural/rnn-huber-0.001-s44,rnn,base,44,huber,0.001,29,0.017452343088547356,0.02358602688151949,0.0006960265532633207,0.0011310355790043539
US-natural/rnn-huber-0.001-s44,rnn,base,44,huber,0.001,30,0.017522575098350826,0.01860247970143313,0.000716468870057607,0.0008938107898507443
US-natural/lstm-mse-0.0001-s42,lstm,base,42,mse,0.0001,1,0.22079404490293467,0.1246490836464568,0.0793364625526131,0.025711653037991482
US-natural/lstm-mse-0.0001-s42,lstm,base,42,mse,0.0001,2,0.11380044444219946,0.08534808575196084,0.019115913547168472,0.014963519294734752
US-natural/lstm-mse-0.0001-s42,lstm,base,42,mse,0.0001,3,0.07472899420263518,0.0715856641725522,0.008488619113518444,0.01021352882356228
US-natural/lstm-mse-0.0001-s42,lstm,base,42,mse,0.0001,4,0.0637912299737907,0.07148553045381803,0.006371344350573048,0.010895692061770984
US-natural/lstm-mse-0.0001-s42,lstm,base,42,mse,0.0001,5,0.05538148447412139,0.06234743791814013,0.005359493484393745,0.008337764735692895
US-natural/lstm-mse-0.0001-s42,lstm,base,42,mse,0.0001,6,0.049603904821381724,0.06133745689515756,0.0044005889680544235,0.007941241436216877
US-natural/lstm-mse-0.0001-s42,lstm,base,42,mse,0.0001,7,0.044250232794217303,0.05556093835328526,0.0033101511748679243,0.0064458764832804084
US-natural/lstm-mse-0.0001-s42,lstm,base,42,mse,0.0001,8,0.03866080679896959,0.05378673442759313,0.002647728926271902,0.0058564902441456575
US-natural/lstm-mse-0.0001-s42,lstm,base,42,mse,0.0001,9,0.03460351824107531,0.05000210913873195,0.0022622510853859776,0.005014219854647994
US-natural/lstm-mse-0.0001-s42,lstm,base,42,mse,0.0001,10,0.0335227304805792,0.04563835846530399,0.001999903241803103,0.004135792124240676
US-natural/lstm-mse-0.0001-s42,lstm,base,42,mse,0.0001,11,0.03273962653226651,0.04490577047255067,0.0017825688355392316,0.0038919039029357994
US-natural/lstm-mse-0.0001-s42,lstm,base,42,mse,0.0001,12,0.029775426448327064,0.04071927580361495,0.0015558382878639854,0.0032439311029239266
US-natural/lstm-mse-0.0001-s42,lstm,base,42,mse,0.0001,13,0.02698362499460129,0.038793802410517726,0.0013340174013385879,0.0029230348734764215
US-natural/lstm-mse-0.0001-s42,lstm,base,42,mse,0.0001,14,0.025989413237148873,0.03887355970230452,0.0011916119329408194,0.0028316942814030246
US-natural/lstm-mse-0.0001-s42,lstm,base,42,mse,0.0001,15,0.025218692228122334,0.038747544659916665,0.001136243645459173,0.002762487016500593
US-natural/lstm-mse-0.0001-s42,lstm,base,42,mse,0.0001,16,0.023763893783390434,0.03258218910857461,0.0010727908752892746,0.0020346738641959625
US-natural/lstm-mse-0.0001-s42,lstm,base,42,mse,0.0001,17,0.02387247514320627,0.03551587799193198,0.001007845204996424,0.002332926110364759
US-natural/lstm-mse-0.0001-s42,lstm,base,42,mse,0.0001,18,0.022837872247015934,0.030784802488987375,0.0009302108470517518,0.0018117086438973079
US-natural/lstm-mse-0.0001-s42,lstm,base,42,mse,0.0001,19,0.021625502602592408,0.037880309243136914,0.0008764920822718114,0.0024886022871738354
US-natural/lstm-mse-0.0001-s42,lstm,base,42,mse,0.0001,20,0.021228380128675832,0.02935131397844159,0.0008967239711478882,0.0016421101742460198
US-natural/lstm-mse-0.0001-s42,lstm,base,42,mse,0.0001,21,0.022093969218553094,0.03570912156776453,0.000872834960176347,0.002239080381682669
US-natural/lstm-mse-0.0001-s42,lstm,base,42,mse,0.0001,22,0.022786309683097413,0.03264067966977253,0.0009264031571284007,0.001964331283118942
US-natural/lstm-mse-0.0001-s42,lstm,base,42,mse,0.0001,23,0.02111284475665829,0.02777552930868308,0.0008895279654473274,0.001434873286185566
US-natural/lstm-mse-0.0001-s42,lstm,base,42,mse,0.0001,24,0.02072723884860516,0.02973836830767436,0.0008371166386982454,0.001666102284007233
US-natural/lstm-mse-0.0001-s42,lstm,base,42,mse,0.0001,25,0.020042274650202817,0.028133751750730254,0.0007910184082508061,0.0015146136834622071
US-natural/lstm-mse-0.0001-s42,lstm,base,42,mse,0.0001,26,0.019631598038374363,0.03228087397053701,0.0007535468024607175,0.0018864175799510332
US-natural/lstm-mse-0.0001-s42,lstm,base,42,mse,0.0001,27,0.019280793482717072,0.02757253252813601,0.0007699749407209042,0.0014600925786341053
US-natural/lstm-mse-0.0001-s42,lstm,base,42,mse,0.0001,28,0.019103838826534037,0.031438503035014984,0.0007275012995715615,0.001800287809302414
US-natural/lstm-mse-0.0001-s42,lstm,base,42,mse,0.0001,29,0.01918874301741156,0.027319536417933454,0.0007319520084760465,0.0014260335263165556
US-natural/lstm-mse-0.0001-s42,lstm,base,42,mse,0.0001,30,0.0191171142868099,0.029190061056334076,0.0007242884064601121,0.0016080213103764757
US-natural/lstm-mse-0.0001-s43,lstm,base,43,mse,0.0001,1,0.08048215585921764,0.04908329383668377,0.010420110764760659,0.0041425200280707265
US-natural/lstm-mse-0.0001-s43,lstm,base,43,mse,0.0001,2,0.06573219790841545,0.04582524640549921,0.00592071299793206,0.0037888424883405873
US-natural/lstm-mse-0.0001-s43,lstm,base,43,mse,0.0001,3,0.05280131521565806,0.043271058219442965,0.004270486679712462,0.0028983196020125087
US-natural/lstm-mse-0.0001-s43,lstm,base,43,mse,0.0001,4,0.04000012146743619,0.03793997401910951,0.002837807400467597,0.0023374714609444664
US-natural/lstm-mse-0.0001-s43,lstm,base,43,mse,0.0001,5,0.038411184516540665,0.03833889519179859,0.002409016125692818,0.002190830667607761
US-natural/lstm-mse-0.0001-s43,lstm,base,43,mse,0.0001,6,0.033627798730809906,0.032924464332140656,0.001820264276094434,0.0017417511229981472
US-natural/lstm-mse-0.0001-s43,lstm,base,43,mse,0.0001,7,0.03214986011597272,0.03056330404968061,0.001664119471845947,0.0015200720216061892
US-natural/lstm-mse-0.0001-s43,lstm,base,43,mse,0.0001,8,0.03132040362781841,0.034415021530260666,0.0015522445414419789,0.0017825021858907447
US-natural/lstm-mse-0.0001-s43,lstm,base,43,mse,0.0001,9,0.026176153499161345,0.02744867961100189,0.0011637566030375996,0.0012422761368247714
US-natural/lstm-mse-0.0001-s43,lstm,base,43,mse,0.0001,10,0.02450236208262316,0.02999081218246744,0.0010492947477418403,0.0014112466642245377
US-natural/lstm-mse-0.0001-s43,lstm,base,43,mse,0.0001,11,0.024457391308132397,0.028000604100674977,0.0010329850282386273,0.001238021369096056
US-natural/lstm-mse-0.0001-s43,lstm,base,43,mse,0.0001,12,0.023366807342958568,0.026823643040682934,0.0009861328288618633,0.0011475761713577255
US-natural/lstm-mse-0.0001-s43,lstm,base,43,mse,0.0001,13,0.0226478164089755,0.025859490948771484,0.0009120463752835764,0.001080309013144375
US-natural/lstm-mse-0.0001-s43,lstm,base,43,mse,0.0001,14,0.02180422252584171,0.0315075098679608,0.000844354271158946,0.001514966160105411
US-natural/lstm-mse-0.0001-s43,lstm,base,43,mse,0.0001,15,0.022983999737103574,0.027509436157870507,0.0009222735821062803,0.0011888493609554785
US-natural/lstm-mse-0.0001-s43,lstm,base,43,mse,0.0001,16,0.02202672435022486,0.025648947466972456,0.000871539144439862,0.0010678090300071013
US-natural/lstm-mse-0.0001-s43,lstm,base,43,mse,0.0001,17,0.021535087989599726,0.028684801909812086,0.0008210999966382962,0.0012777774103278992
US-natural/lstm-mse-0.0001-s43,lstm,base,43,mse,0.0001,18,0.021102084947472722,0.031956730443921465,0.0008024921597987426,0.0015574453336656578
US-natural/lstm-mse-0.0001-s43,lstm,base,43,mse,0.0001,19,0.02028795200550083,0.027591703406582093,0.0007699941087293791,0.0011866302684857225
US-natural/lstm-mse-0.0001-s43,lstm,base,43,mse,0.0001,20,0.020130259563407082,0.0303718751302692,0.0007485104598524382,0.001414616409883044
US-natural/lstm-mse-0.0001-s43,lstm,base,43,mse,0.0001,21,0.02034616517584757,0.027005292597087477,0.0007529800157308306,0.0011387948691456917
US-natural/lstm-mse-0.0001-s43,lstm,base,43,mse,0.0001,22,0.019222160909632725,0.025951941263508388,0.0006955977767865053,0.0010628781360709184
US-natural/lstm-mse-0.0001-s43,lstm,base,43,mse,0.0001,23,0.019414343204471843,0.02740099602380622,0.0007051384614159364,0.0011690113135238462
US-natural/lstm-mse-0.0001-s43,lstm,base,43,mse,0.0001,24,0.018486662952282244,0.026707965533201438,0.0006562447683372151,0.0011113453415218216
US-natural/lstm-mse-0.0001-s43,lstm,base,43,mse,0.0001,25,0.018345928394763806,0.026601971779913483,0.0006547608291037208,0.0011007789431775662
US-natural/lstm-mse-0.0001-s43,lstm,base,43,mse,0.0001,26,0.01940566913330019,0.0265760422678008,0.0006891561362622479,0.00110740401145378
US-natural/lstm-mse-0.0001-s43,lstm,base,43,mse,0.0001,27,0.01821674760894149,0.028640859815291162,0.0006321487536117622,0.0012615221388827737
US-natural/lstm-mse-0.0001-s43,lstm,base,43,mse,0.0001,28,0.01739161565704133,0.027261077029228902,0.0006102520432991942,0.001147693661160688
US-natural/lstm-mse-0.0001-s43,lstm,base,43,mse,0.0001,29,0.017312573235719626,0.02720496319669119,0.0005996457771156633,0.001141197134587863
US-natural/lstm-mse-0.0001-s43,lstm,base,43,mse,0.0001,30,0.016804949701801915,0.03026976035814055,0.0005749964555086589,0.0013899001792237198
US-natural/lstm-mse-0.0001-s44,lstm,base,44,mse,0.0001,1,0.07135395370183217,0.06448275752279035,0.008297383594536637,0.005979057553971072
US-natural/lstm-mse-0.0001-s44,lstm,base,44,mse,0.0001,2,0.05754359404386229,0.04981794329940896,0.005401092485728447,0.003747554092271582
US-natural/lstm-mse-0.0001-s44,lstm,base,44,mse,0.0001,3,0.05005347538763565,0.03612981618474332,0.003740600664592352,0.0022020910555571264
US-natural/lstm-mse-0.0001-s44,lstm,base,44,mse,0.0001,4,0.0361044421660084,0.029485895554513624,0.0020768797586597303,0.0015315910052750917
US-natural/lstm-mse-0.0001-s44,lstm,base,44,mse,0.0001,5,0.029963846802012493,0.030364680936460265,0.0015829865382444431,0.0015489395986174152
US-natural/lstm-mse-0.0001-s44,lstm,base,44,mse,0.0001,6,0.027521956629293555,0.027599405640907005,0.0013465245954825725,0.001362642284133202
US-natural/lstm-mse-0.0001-s44,lstm,base,44,mse,0.0001,7,0.02780939743628863,0.028372997698531018,0.0013138818222621109,0.0014193163236979613
US-natural/lstm-mse-0.0001-s44,lstm,base,44,mse,0.0001,8,0.026081733403058308,0.02659535416956402,0.0011609003570524582,0.001257769833755936
US-natural/lstm-mse-0.0001-s44,lstm,base,44,mse,0.0001,9,0.0255213989182897,0.025520343998287762,0.0011038133264851596,0.001193248076658964
US-natural/lstm-mse-0.0001-s44,lstm,base,44,mse,0.0001,10,0.024148461910460214,0.025208040050412127,0.0010307236531109589,0.0011598153756161677
US-natural/lstm-mse-0.0001-s44,lstm,base,44,mse,0.0001,11,0.025133193201916936,0.0252501476167459,0.0010534952555144401,0.0011690743741851546
US-natural/lstm-mse-0.0001-s44,lstm,base,44,mse,0.0001,12,0.024588082193846336,0.024232660582960162,0.0010104063745823074,0.001074286187442433
US-natural/lstm-mse-0.0001-s44,lstm,base,44,mse,0.0001,13,0.023400217762389954,0.023984401254374434,0.0009502047410813434,0.0010645787179102573
US-natural/lstm-mse-0.0001-s44,lstm,base,44,mse,0.0001,14,0.021208444897629065,0.024305424907595685,0.0008402764204381239,0.0010633867750065328
US-natural/lstm-mse-0.0001-s44,lstm,base,44,mse,0.0001,15,0.020758416671304066,0.02364420185083203,0.0007990028225184526,0.0010214441282705177
US-natural/lstm-mse-0.0001-s44,lstm,base,44,mse,0.0001,16,0.02188988587124535,0.023277919384887453,0.0008339366432972008,0.0010305109673236512
US-natural/lstm-mse-0.0001-s44,lstm,base,44,mse,0.0001,17,0.020337224090338297,0.023579342429428767,0.0007818290436495152,0.001052314587388223
US-natural/lstm-mse-0.0001-s44,lstm,base,44,mse,0.0001,18,0.019625226723435217,0.02680916511907175,0.0007295060572251947,0.0012127308077071485
US-natural/lstm-mse-0.0001-s44,lstm,base,44,mse,0.0001,19,0.01925702644318779,0.024869064194496634,0.0007046810686710098,0.0010787114734116632
US-natural/lstm-mse-0.0001-s44,lstm,base,44,mse,0.0001,20,0.018458397958304628,0.022538323354996715,0.0006747880705331794,0.0009489426561438465
US-natural/lstm-mse-0.0001-s44,lstm,base,44,mse,0.0001,21,0.018563287619660942,0.022846025806449524,0.0006686432785318627,0.0009668931540410488
US-natural/lstm-mse-0.0001-s44,lstm,base,44,mse,0.0001,22,0.018172923410985645,0.022757197623725894,0.0006425516756656084,0.0009798181639017692
US-natural/lstm-mse-0.0001-s44,lstm,base,44,mse,0.0001,23,0.018920264383623316,0.022856598274768956,0.0006978928145139714,0.0009791614313837682
US-natural/lstm-mse-0.0001-s44,lstm,base,44,mse,0.0001,24,0.019660987115260785,0.02544105764684373,0.0007268693160566781,0.0011024839085202352
US-natural/lstm-mse-0.0001-s44,lstm,base,44,mse,0.0001,25,0.01777790178312223,0.022154116378152275,0.0006308843348093271,0.00094005415433086
US-natural/lstm-mse-0.0001-s44,lstm,base,44,mse,0.0001,26,0.017819497053921652,0.02181481078461979,0.0006218426363419153,0.0009206855081163087
US-natural/lstm-mse-0.0001-s44,lstm,base,44,mse,0.0001,27,0.018325450028146045,0.022658951133785063,0.0006187244215631943,0.0009283676379057333
US-natural/lstm-mse-0.0001-s44,lstm,base,44,mse,0.0001,28,0.017855125635459934,0.023427965697525057,0.0006258344443922554,0.000980344307487317
US-natural/lstm-mse-0.0001-s44,lstm,base,44,mse,0.0001,29,0.017570125901314074,0.021946265508726893,0.0005921922514778807,0.0009240060338499697
US-natural/lstm-mse-0.0001-s44,lstm,base,44,mse,0.0001,30,0.01733102812611963,0.02353000573435281,0.0005766964688324703,0.0009787388846222887
US-natural/lstm-mse-0.001-s42,lstm,base,42,mse,0.001,1,0.16043555854154895,0.13386143599735098,0.05092788677883966,0.020417654074069952
US-natural/lstm-mse-0.001-s42,lstm,base,42,mse,0.001,2,0.06590087660315451,0.04429929727101996,0.006566267381448347,0.0028726712258176274
US-natural/lstm-mse-0.001-s42,lstm,base,42,mse,0.001,3,0.042401299327597945,0.026868872080214695,0.0025722339327264735,0.0012445829471268144
US-natural/lstm-mse-0.001-s42,lstm,base,42,mse,0.001,4,0.03183171738231584,0.030229689837047553,0.0016051912940692255,0.0015082376626808626
US-natural/lstm-mse-0.001-s42,lstm,base,42,mse,0.001,5,0.02604899633534908,0.03140730335820092,0.0011862054867712408,0.001785168880363939
US-natural/lstm-mse-0.001-s42,lstm,base,42,mse,0.001,6,0.02285059896919764,0.027287390000370032,0.0009390792074946769,0.001301461923132641
US-natural/lstm-mse-0.001-s42,lstm,base,42,mse,0.001,7,0.024607965286384103,0.03916578655433665,0.001073706460163287,0.0023499118650415676
US-natural/lstm-mse-0.001-s42,lstm,base,42,mse,0.001,8,0.024372477248404592,0.043986169650539884,0.0010449331762623524,0.0028131098267137025
US-natural/lstm-mse-0.001-s42,lstm,base,42,mse,0.001,9,0.02304034865514432,0.02867504713530892,0.0009425852863544945,0.0014289765998403829
US-natural/lstm-mse-0.001-s42,lstm,base,42,mse,0.001,10,0.026591532275487665,0.0262569815343103,0.0011287341510725667,0.0012438146987905731
US-natural/lstm-mse-0.001-s42,lstm,base,42,mse,0.001,11,0.02005584644701557,0.031467589535763806,0.0007963690719532989,0.0015919196569934724
US-natural/lstm-mse-0.001-s42,lstm,base,42,mse,0.001,12,0.019669487077965002,0.026740221779315516,0.0007854177668015914,0.0012585362576656458
US-natural/lstm-mse-0.001-s42,lstm,base,42,mse,0.001,13,0.019218605215181313,0.02624216008345572,0.0007445820643891078,0.0011631425463089634
US-natural/lstm-mse-0.001-s42,lstm,base,42,mse,0.001,14,0.01845307026121434,0.03086364027076607,0.0006994063066575947,0.0014834462695030024
US-natural/lstm-mse-0.001-s42,lstm,base,42,mse,0.001,15,0.01833995065659662,0.030488375880014858,0.0006690039973580789,0.0014881153903862521
US-natural/lstm-mse-0.001-s42,lstm,base,42,mse,0.001,16,0.01840598331678255,0.023353345667981154,0.000683068156908305,0.0009735112993212837
US-natural/lstm-mse-0.001-s42,lstm,base,42,mse,0.001,17,0.017397013027796848,0.026485169086632135,0.000647554101714405,0.0011697026347529708
US-natural/lstm-mse-0.001-s42,lstm,base,42,mse,0.001,18,0.01749438258826188,0.024076344074767025,0.0006519562944054232,0.001005847146958203
US-natural/lstm-mse-0.001-s42,lstm,base,42,mse,0.001,19,0.017271251739479708,0.02338104057385401,0.0006236253214591905,0.0009759737759248798
US-natural/lstm-mse-0.001-s42,lstm,base,42,mse,0.001,20,0.01666958723319914,0.021882263710073194,0.0006132939327755122,0.0008470021812117199
US-natural/lstm-mse-0.001-s42,lstm,base,42,mse,0.001,21,0.016466677748045784,0.02514310782786755,0.000591728016322755,0.0011103532561904242
US-natural/lstm-mse-0.001-s42,lstm,base,42,mse,0.001,22,0.016839277462496634,0.029610126341797514,0.0005915146211597042,0.0013917167680771916
US-natural/lstm-mse-0.001-s42,lstm,base,42,mse,0.001,23,0.018464604761533786,0.02205243085132754,0.0006654402659545998,0.0009051865962652266
US-natural/lstm-mse-0.001-s42,lstm,base,42,mse,0.001,24,0.01699032020986198,0.02186449822809181,0.0006264379453951602,0.000854796144796713
US-natural/lstm-mse-0.001-s42,lstm,base,42,mse,0.001,25,0.018004637646123593,0.024136197267109718,0.0006790640374552294,0.0010520054795582193
US-natural/lstm-mse-0.001-s42,lstm,base,42,mse,0.001,26,0.018766656794339646,0.021387333387622994,0.0007452783210271153,0.0008432214489408016
US-natural/lstm-mse-0.001-s42,lstm,base,42,mse,0.001,27,0.018123670654527718,0.027402680287328333,0.0006655719020537434,0.0011776891903447614
US-natural/lstm-mse-0.001-s42,lstm,base,42,mse,0.001,28,0.01646689572025144,0.023847044000694775,0.00059497308445083,0.0009935225377700728
US-natural/lstm-mse-0.001-s42,lstm,base,42,mse,0.001,29,0.016027143652478617,0.020688799235076213,0.0005674397862348332,0.0007633938383441823
US-natural/lstm-mse-0.001-s42,lstm,base,42,mse,0.001,30,0.01728309273150839,0.023243106187767003,0.0005961580753108877,0.0009096608536735556
US-natural/lstm-mse-0.001-s43,lstm,base,43,mse,0.001,1,0.11057549933584636,0.06568020836948776,0.019241848871334705,0.0060149422867890505
US-natural/lstm-mse-0.001-s43,lstm,base,43,mse,0.001,2,0.04721017716528396,0.03843633216257803,0.0032109903597513285,0.002221379280657582
US-natural/lstm-mse-0.001-s43,lstm,base,43,mse,0.001,3,0.03122797585043866,0.022377230357232082,0.0018308910539078104,0.0008746385439074852
US-natural/lstm-mse-0.001-s43,lstm,base,43,mse,0.001,4,0.027103674131515747,0.029627120488124773,0.0012382160801071031,0.0012907727834535294
US-natural/lstm-mse-0.001-s43,lstm,base,43,mse,0.001,5,0.026513450166920187,0.028017143893395473,0.0012887934709188953,0.0011645717850232561
US-natural/lstm-mse-0.001-s43,lstm,base,43,mse,0.001,6,0.025748360701290964,0.023272515289011444,0.0011270575773621035,0.0009185216798923907
US-natural/lstm-mse-0.001-s43,lstm,base,43,mse,0.001,7,0.020889140397967555,0.02266485210335756,0.0008343993698094041,0.0009226412031913967
US-natural/lstm-mse-0.001-s43,lstm,base,43,mse,0.001,8,0.02146585294799429,0.02284962739636858,0.0008467995835733841,0.0008973628629295315
US-natural/lstm-mse-0.001-s43,lstm,base,43,mse,0.001,9,0.01946163404055668,0.03253258377977326,0.0007248511198365804,0.0015130561937304258
US-natural/lstm-mse-0.001-s43,lstm,base,43,mse,0.001,10,0.02073217298609561,0.022270968791456826,0.0007782714641706165,0.0008389678965257847
US-natural/lstm-mse-0.001-s43,lstm,base,43,mse,0.001,11,0.01767700715146596,0.02379845977137588,0.0006615685981737295,0.0009101261703754643
US-natural/lstm-mse-0.001-s43,lstm,base,43,mse,0.001,12,0.017403416948019296,0.02045725689740021,0.0006384176352918326,0.000731509696380565
US-natural/lstm-mse-0.001-s43,lstm,base,43,mse,0.001,13,0.017010280770981004,0.01995010996595921,0.0006059803078205066,0.0007108440926250429
US-natural/lstm-mse-0.001-s43,lstm,base,43,mse,0.001,14,0.01669781508403523,0.01974540969911473,0.0005963133565097555,0.0006952620817799291
US-natural/lstm-mse-0.001-s43,lstm,base,43,mse,0.001,15,0.01681945900567618,0.022739414726372063,0.0005943460691561642,0.0008509924853460773
US-natural/lstm-mse-0.001-s43,lstm,base,43,mse,0.001,16,0.016751371967142742,0.02183081145476454,0.0005906132787961735,0.0008149305687912622
US-natural/lstm-mse-0.001-s43,lstm,base,43,mse,0.001,17,0.016803349823425448,0.024827961039978516,0.0005993554891508935,0.000984429038271801
US-natural/lstm-mse-0.001-s43,lstm,base,43,mse,0.001,18,0.01598967119129262,0.020550656470570694,0.0005511370180775538,0.00075028513201086
US-natural/lstm-mse-0.001-s43,lstm,base,43,mse,0.001,19,0.0169725225731675,0.028237563568577623,0.0005902502032714816,0.0011864006154903956
US-natural/lstm-mse-0.001-s43,lstm,base,43,mse,0.001,20,0.01854183906787363,0.02060076784157114,0.0006670130503363114,0.00072330360743308
US-natural/lstm-mse-0.001-s43,lstm,base,43,mse,0.001,21,0.01718413028957701,0.022502069164448173,0.0006121887628476083,0.0008712820872670887
US-natural/lstm-mse-0.001-s43,lstm,base,43,mse,0.001,22,0.021248427203736424,0.02324218509453608,0.0008894328753568465,0.0009353487060456583
US-natural/lstm-mse-0.001-s43,lstm,base,43,mse,0.001,23,0.02256668295733053,0.023434507166352172,0.0008819735993341486,0.000951419937201073
US-natural/lstm-mse-0.001-s43,lstm,base,43,mse,0.001,24,0.02416502516477855,0.02500193236011405,0.0010840417811467955,0.001092934064039332
US-natural/lstm-mse-0.001-s43,lstm,base,43,mse,0.001,25,0.025923911582032822,0.03351599894495496,0.0010580443545457718,0.0015791673724805597
US-natural/lstm-mse-0.001-s43,lstm,base,43,mse,0.001,26,0.024133475951332802,0.025832976500942476,0.0010214609618195035,0.0011593827848827983
US-natural/lstm-mse-0.001-s43,lstm,base,43,mse,0.001,27,0.021018388468902784,0.023626343547309525,0.0008288452780190622,0.0009704591671927826
US-natural/lstm-mse-0.001-s43,lstm,base,43,mse,0.001,28,0.019488117543887067,0.022270951414124586,0.0007336747684866642,0.0008137904794963671
US-natural/lstm-mse-0.001-s43,lstm,base,43,mse,0.001,29,0.02503605575770635,0.045767726244915236,0.0010017818689017348,0.0026806122084589113
US-natural/lstm-mse-0.001-s43,lstm,base,43,mse,0.001,30,0.03528317417770764,0.030980625160809745,0.00186431466242491,0.0014946741956362573
US-natural/lstm-mse-0.001-s44,lstm,base,44,mse,0.001,1,0.16386773842769412,0.10544174993034103,0.042036030595002515,0.014091419377067997
US-natural/lstm-mse-0.001-s44,lstm,base,44,mse,0.001,2,0.07369548194676091,0.06840781288493818,0.00810789201089226,0.005762766935173014
US-natural/lstm-mse-0.001-s44,lstm,base,44,mse,0.001,3,0.04031778616432473,0.025329645472167723,0.002609456877305354,0.0011432305243087011
US-natural/lstm-mse-0.001-s44,lstm,base,44,mse,0.001,4,0.02735256845016816,0.021281386340220684,0.001336074585024361,0.0008805237439466324
US-natural/lstm-mse-0.001-s44,lstm,base,44,mse,0.001,5,0.022413854730225148,0.024820999085550927,0.0009689092517674148,0.0009990090119302544
US-natural/lstm-mse-0.001-s44,lstm,base,44,mse,0.001,6,0.02160826290909653,0.02074849510569993,0.000947619388331662,0.0008405467384473582
US-natural/lstm-mse-0.001-s44,lstm,base,44,mse,0.001,7,0.021167446310465847,0.02040017934098036,0.0008872290340388254,0.0008224002597784028
US-natural/lstm-mse-0.001-s44,lstm,base,44,mse,0.001,8,0.020357214830644305,0.01987996365349541,0.0008269570878219775,0.000778479055388181
US-natural/lstm-mse-0.001-s44,lstm,base,44,mse,0.001,9,0.022266483306273212,0.024066090180759576,0.0008686315953444969,0.0009775934029042407
US-natural/lstm-mse-0.001-s44,lstm,base,44,mse,0.001,10,0.02023035632049059,0.023545852189251804,0.0007958242114704717,0.0009412435416613994
US-natural/lstm-mse-0.001-s44,lstm,base,44,mse,0.001,11,0.022312713430053692,0.029520056139443526,0.0008777252259588856,0.0013253931654364753
US-natural/lstm-mse-0.001-s44,lstm,base,44,mse,0.001,12,0.02363682630266404,0.02110568715850046,0.0010009515240121016,0.0007640680109855876
US-natural/lstm-mse-0.001-s44,lstm,base,44,mse,0.001,13,0.020987713144843028,0.020261242984819416,0.0008549049096362276,0.000740163239550152
US-natural/lstm-mse-0.001-s44,lstm,base,44,mse,0.001,14,0.018283197128639114,0.019241908109239394,0.0007274410866288944,0.000701400399984834
US-natural/lstm-mse-0.001-s44,lstm,base,44,mse,0.001,15,0.018136308983691937,0.01919160551250692,0.0006917723125529025,0.0006742675978467297
US-natural/lstm-mse-0.001-s44,lstm,base,44,mse,0.001,16,0.01785189962968456,0.024036005520716795,0.0006766967710516785,0.0009432524099738703
US-natural/lstm-mse-0.001-s44,lstm,base,44,mse,0.001,17,0.020912857118810243,0.0223323455838014,0.0007982073402989741,0.0009097246826919988
US-natural/lstm-mse-0.001-s44,lstm,base,44,mse,0.001,18,0.019251301351669865,0.0190491979284919,0.0007539248808382961,0.0006618815645292434
US-natural/lstm-mse-0.001-s44,lstm,base,44,mse,0.001,19,0.020017682689266496,0.020095284170597555,0.0007502717478536569,0.0007219273800021586
US-natural/lstm-mse-0.001-s44,lstm,base,44,mse,0.001,20,0.021217538004618567,0.024258508246343357,0.0008047918745196001,0.0008906958638002251
US-natural/lstm-mse-0.001-s44,lstm,base,44,mse,0.001,21,0.017413809777034998,0.01957670776737516,0.0006301230161218862,0.000680668654122728
US-natural/lstm-mse-0.001-s44,lstm,base,44,mse,0.001,22,0.017383876885224116,0.020144542517513176,0.0006193874526069535,0.0007789464833811232
US-natural/lstm-mse-0.001-s44,lstm,base,44,mse,0.001,23,0.016105951711460686,0.018721060691248445,0.0005924454751312058,0.0006426186206310156
US-natural/lstm-mse-0.001-s44,lstm,base,44,mse,0.001,24,0.016163634697922914,0.01945963475272107,0.0005774630334146502,0.0007530395475782113
US-natural/lstm-mse-0.001-s44,lstm,base,44,mse,0.001,25,0.015891703311633476,0.01882748108004499,0.0005657459416458263,0.0006736021923008346
US-natural/lstm-mse-0.001-s44,lstm,base,44,mse,0.001,26,0.015634025002568514,0.019243626373880867,0.0005517287856275374,0.0007137270889441185
US-natural/lstm-mse-0.001-s44,lstm,base,44,mse,0.001,27,0.016542385144324146,0.020412661303581565,0.0005896336958251995,0.0007049048090842558
US-natural/lstm-mse-0.001-s44,lstm,base,44,mse,0.001,28,0.0178003232153354,0.019663803347890325,0.0006750705051542936,0.0007360146777865804
US-natural/lstm-mse-0.001-s44,lstm,base,44,mse,0.001,29,0.017015482480819678,0.022160424155943735,0.0006139004166393561,0.0007975365683951536
US-natural/lstm-mse-0.001-s44,lstm,base,44,mse,0.001,30,0.015017059429954082,0.019737093609353013,0.0005306986667060703,0.0007042312710155666
US-natural/lstm-mae-0.0001-s42,lstm,base,42,mae,0.0001,1,0.21587201054610888,0.16473527382341488,0.07626813310275594,0.03762916003044982
US-natural/lstm-mae-0.0001-s42,lstm,base,42,mae,0.0001,2,0.09434174853125409,0.08411602348959207,0.01394859970118105,0.012203161063301163
US-natural/lstm-mae-0.0001-s42,lstm,base,42,mae,0.0001,3,0.08175737444498779,0.08348937070784876,0.009709548074000469,0.014240395898583823
US-natural/lstm-mae-0.0001-s42,lstm,base,42,mae,0.0001,4,0.055408164280770014,0.07371105138987717,0.0055293714251310935,0.011182016168216118
US-natural/lstm-mae-0.0001-s42,lstm,base,42,mae,0.0001,5,0.045947420203806745,0.06352476413153822,0.0040856614970427125,0.008518879486905625
US-natural/lstm-mae-0.0001-s42,lstm,base,42,mae,0.0001,6,0.03857997030729109,0.054053015814157314,0.0028178745510741504,0.0063327607334250765
US-natural/lstm-mae-0.0001-s42,lstm,base,42,mae,0.0001,7,0.031510780318056875,0.05067357311955281,0.00216533710122887,0.0054011111589847656
US-natural/lstm-mae-0.0001-s42,lstm,base,42,mae,0.0001,8,0.02862408400460016,0.05581312679758227,0.001624399320810856,0.005717544425877428
US-natural/lstm-mae-0.0001-s42,lstm,base,42,mae,0.0001,9,0.02777458270780921,0.03908539919295169,0.0015690364822338613,0.0033135055301855253
US-natural/lstm-mae-0.0001-s42,lstm,base,42,mae,0.0001,10,0.028271707647447693,0.03496609954855179,0.0014626091615907398,0.002584364684498592
US-natural/lstm-mae-0.0001-s42,lstm,base,42,mae,0.0001,11,0.026956389903138197,0.032394676215320224,0.0013640488159954592,0.0019392698307986894
US-natural/lstm-mae-0.0001-s42,lstm,base,42,mae,0.0001,12,0.024969917859548246,0.032409886401154143,0.0011512099916693972,0.0020683930449807756
US-natural/lstm-mae-0.0001-s42,lstm,base,42,mae,0.0001,13,0.02122242656520674,0.03502068667773469,0.0008938869718602964,0.0022499391528826747
US-natural/lstm-mae-0.0001-s42,lstm,base,42,mae,0.0001,14,0.020515773393281284,0.03617991675894649,0.0008623978601645349,0.0021856225922070737
US-natural/lstm-mae-0.0001-s42,lstm,base,42,mae,0.0001,15,0.019902522011243925,0.03238900729455715,0.0007927687059359512,0.0017605097047982232
US-natural/lstm-mae-0.0001-s42,lstm,base,42,mae,0.0001,16,0.02058824954555012,0.026520657409069958,0.0008178136518714215,0.0013012891931138177
US-natural/lstm-mae-0.0001-s42,lstm,base,42,mae,0.0001,17,0.018458228438537214,0.024591887178521368,0.0007334403000763586,0.0011212065816547311
US-natural/lstm-mae-0.0001-s42,lstm,base,42,mae,0.0001,18,0.019864619893976494,0.02664091345857844,0.0008258608428340968,0.0013095227378588363
US-natural/lstm-mae-0.0001-s42,lstm,base,42,mae,0.0001,19,0.01848471440770012,0.030565282338946863,0.0007896222905117448,0.001597540197787152
US-natural/lstm-mae-0.0001-s42,lstm,base,42,mae,0.0001,20,0.018532576830320925,0.024359451226091726,0.0007365720446643781,0.0010863695550211866
US-natural/lstm-mae-0.0001-s42,lstm,base,42,mae,0.0001,21,0.017600236003425546,0.02404023048706299,0.0007139107635268853,0.0010296232730733828
US-natural/lstm-mae-0.0001-s42,lstm,base,42,mae,0.0001,22,0.02008188295668791,0.031859295936249296,0.0007925322547600535,0.0016627816126637486
US-natural/lstm-mae-0.0001-s42,lstm,base,42,mae,0.0001,23,0.01952025591518817,0.02477364027360971,0.0007692584227079011,0.0011336819376991474
US-natural/lstm-mae-0.0001-s42,lstm,base,42,mae,0.0001,24,0.01992313657356176,0.029334617250219436,0.0008207825869099927,0.0014940244976767206
US-natural/lstm-mae-0.0001-s42,lstm,base,42,mae,0.0001,25,0.017572591440352465,0.025234521704067876,0.0006972404519427808,0.0011804625631540238
US-natural/lstm-mae-0.0001-s42,lstm,base,42,mae,0.0001,26,0.016908630168481667,0.02412791658386098,0.0006640839427281635,0.0010786959778166293
US-natural/lstm-mae-0.0001-s42,lstm,base,42,mae,0.0001,27,0.017169182776285086,0.025091326612987908,0.0006868968014593731,0.0011402103186295383
US-natural/lstm-mae-0.0001-s42,lstm,base,42,mae,0.0001,28,0.01676803806321036,0.026796152789609548,0.0006590768748089209,0.0013000573699891308
US-natural/lstm-mae-0.0001-s42,lstm,base,42,mae,0.0001,29,0.016294581977485168,0.023016796400558703,0.0006324527240927243,0.0009440942202615777
US-natural/lstm-mae-0.0001-s42,lstm,base,42,mae,0.0001,30,0.019344637759900966,0.03066205601432124,0.0007690009433634357,0.0015460995040563088
US-natural/lstm-mae-0.0001-s43,lstm,base,43,mae,0.0001,1,0.08581822995743517,0.049689248726319496,0.01147117675162389,0.004352498206679275
US-natural/lstm-mae-0.0001-s43,lstm,base,43,mae,0.0001,2,0.06164439953204236,0.0506076906961146,0.005301115883275538,0.004563522540470579
US-natural/lstm-mae-0.0001-s43,lstm,base,43,mae,0.0001,3,0.054309922487989395,0.041637705491610076,0.004351637738286141,0.002917831473001444
US-natural/lstm-mae-0.0001-s43,lstm,base,43,mae,0.0001,4,0.04138788927122844,0.043172334649142025,0.003579799081916198,0.0028019229709153027
US-natural/lstm-mae-0.0001-s43,lstm,base,43,mae,0.0001,5,0.03962346047846816,0.03531843359784495,0.0027612513847537026,0.001986096588564137
US-natural/lstm-mae-0.0001-s43,lstm,base,43,mae,0.0001,6,0.031175450590789747,0.0316913125298373,0.0017887549116442972,0.0016281381373409642
US-natural/lstm-mae-0.0001-s43,lstm,base,43,mae,0.0001,7,0.028079531101214132,0.03612033564435345,0.001433896467936169,0.002071504488467629
US-natural/lstm-mae-0.0001-s43,lstm,base,43,mae,0.0001,8,0.03151203314448571,0.029496159651927655,0.001561033339498299,0.0013485691519958339
US-natural/lstm-mae-0.0001-s43,lstm,base,43,mae,0.0001,9,0.025140009729865243,0.02880163488071875,0.001134888414265762,0.0013024732135808743
US-natural/lstm-mae-0.0001-s43,lstm,base,43,mae,0.0001,10,0.02328724485523355,0.029880548830631914,0.0010729317164103241,0.0013801489083594078
US-natural/lstm-mae-0.0001-s43,lstm,base,43,mae,0.0001,11,0.022863260645412782,0.028789582991474206,0.0009657550976136965,0.0012885138180852697
US-natural/lstm-mae-0.0001-s43,lstm,base,43,mae,0.0001,12,0.021482429861511183,0.026393345166385033,0.0009449772095632056,0.0011167689522721435
US-natural/lstm-mae-0.0001-s43,lstm,base,43,mae,0.0001,13,0.020997687820155524,0.025828668526018467,0.0008917348746373913,0.00105895155549598
US-natural/lstm-mae-0.0001-s43,lstm,base,43,mae,0.0001,14,0.02057957662487284,0.025511111519009887,0.0008372721426614798,0.0010533322526107604
US-natural/lstm-mae-0.0001-s43,lstm,base,43,mae,0.0001,15,0.02020182712771342,0.03624440009757382,0.0008024980040694661,0.001893837676777583
US-natural/lstm-mae-0.0001-s43,lstm,base,43,mae,0.0001,16,0.023453113363954347,0.024690902069128867,0.0009414565894468823,0.0009909720712404627
US-natural/lstm-mae-0.0001-s43,lstm,base,43,mae,0.0001,17,0.021034128540536053,0.024456305586185795,0.0008468468152408663,0.000983867276878429
US-natural/lstm-mae-0.0001-s43,lstm,base,43,mae,0.0001,18,0.019769620923884384,0.025891789718725435,0.0007528139336151886,0.0010797947370141448
US-natural/lstm-mae-0.0001-s43,lstm,base,43,mae,0.0001,19,0.01925687344428415,0.032599042616579026,0.0007328748616039547,0.0015561457643435595
US-natural/lstm-mae-0.0001-s43,lstm,base,43,mae,0.0001,20,0.021020723673317063,0.02516125110558287,0.0008009137331589983,0.0010160596045327213
US-natural/lstm-mae-0.0001-s43,lstm,base,43,mae,0.0001,21,0.02040152108250292,0.026764861398117904,0.0007564006025293761,0.0011410583114754226
US-natural/lstm-mae-0.0001-s43,lstm,base,43,mae,0.0001,22,0.024631856994271725,0.024763190493334322,0.0010329731363754534,0.0009766850274264042
US-natural/lstm-mae-0.0001-s43,lstm,base,43,mae,0.0001,23,0.02007214279074511,0.02640665293317714,0.0008084913675330471,0.0010741837211360264
US-natural/lstm-mae-0.0001-s43,lstm,base,43,mae,0.0001,24,0.017440219380515678,0.024516579622588276,0.0006760297494119819,0.0009618008468379396
US-natural/lstm-mae-0.0001-s43,lstm,base,43,mae,0.0001,25,0.01846712462499714,0.027391500674303723,0.0007074707242373892,0.001154162860523771
US-natural/lstm-mae-0.0001-s43,lstm,base,43,mae,0.0001,26,0.01735315540737635,0.030053482072160843,0.0006523231105526126,0.0013564389215672203
US-natural/lstm-mae-0.0001-s43,lstm,base,43,mae,0.0001,27,0.017332218096972118,0.024977048598674532,0.0006224044349972232,0.000995485524031604
US-natural/lstm-mae-0.0001-s43,lstm,base,43,mae,0.0001,28,0.019058839540743142,0.025220472970569587,0.0006939299808931246,0.0010300481080356867
US-natural/lstm-mae-0.0001-s43,lstm,base,43,mae,0.0001,29,0.017251433624001705,0.025263009689095492,0.0006265538589465538,0.0010017183771158995
US-natural/lstm-mae-0.0001-s43,lstm,base,43,mae,0.0001,30,0.015819061990606273,0.02589590010819575,0.0005752503104721236,0.0010331085551865409
US-natural/lstm-mae-0.0001-s44,lstm,base,44,mae,0.0001,1,0.07379180022910548,0.07323171276576346,0.008374374939190576,0.007610778950401614
US-natural/lstm-mae-0.0001-s44,lstm,base,44,mae,0.0001,2,0.06688330223742707,0.07562580204467763,0.006660255509230442,0.007848962505506783
US-natural/lstm-mae-0.0001-s44,lstm,base,44,mae,0.0001,3,0.06309423193581212,0.03398188285478909,0.005855326807641073,0.002048495519723858
US-natural/lstm-mae-0.0001-s44,lstm,base,44,mae,0.0001,4,0.03699756904592444,0.030650822964759766,0.002196860161722056,0.001692018542551583
US-natural/lstm-mae-0.0001-s44,lstm,base,44,mae,0.0001,5,0.030625183262964074,0.029704374522517313,0.0015819796547158604,0.0015374411466896902
US-natural/lstm-mae-0.0001-s44,lstm,base,44,mae,0.0001,6,0.027954137353268915,0.030086219231903858,0.0014217051661472055,0.0015624441121919143
US-natural/lstm-mae-0.0001-s44,lstm,base,44,mae,0.0001,7,0.029432754656903447,0.029036797162877746,0.0014455776296647702,0.001490257866819066
US-natural/lstm-mae-0.0001-s44,lstm,base,44,mae,0.0001,8,0.02637778749284558,0.03256853488076499,0.0012007422259615395,0.0017108393109532595
US-natural/lstm-mae-0.0001-s44,lstm,base,44,mae,0.0001,9,0.023640197569889148,0.03008216578707313,0.001023646848465202,0.0014974886633075991
US-natural/lstm-mae-0.0001-s44,lstm,base,44,mae,0.0001,10,0.02275382737905086,0.02517851660834552,0.0009784623416518375,0.0011368298752992157
US-natural/lstm-mae-0.0001-s44,lstm,base,44,mae,0.0001,11,0.02344391449174011,0.027252301182890504,0.0009754554307224278,0.0012755889473747306
US-natural/lstm-mae-0.0001-s44,lstm,base,44,mae,0.0001,12,0.02173030885907377,0.029834570799577725,0.0009106171530162909,0.0014358571831568682
US-natural/lstm-mae-0.0001-s44,lstm,base,44,mae,0.0001,13,0.019933780993236987,0.02814763406546044,0.0008290527333718654,0.0013055479507275492
US-natural/lstm-mae-0.0001-s44,lstm,base,44,mae,0.0001,14,0.020324079231498617,0.0226284967635665,0.0008077209451143092,0.0009591268172572514
US-natural/lstm-mae-0.0001-s44,lstm,base,44,mae,0.0001,15,0.01970217443646342,0.023890108568724776,0.0007997053893822789,0.0010621185460113682
US-natural/lstm-mae-0.0001-s44,lstm,base,44,mae,0.0001,16,0.01872332622387423,0.023901265166434163,0.0007116827934260884,0.0010810307242477709
US-natural/lstm-mae-0.0001-s44,lstm,base,44,mae,0.0001,17,0.018489621493781975,0.024227962224563773,0.0007259451143166944,0.0010278862749515563
US-natural/lstm-mae-0.0001-s44,lstm,base,44,mae,0.0001,18,0.018227755082508023,0.022708015967092505,0.0006934994817922689,0.0009973021283916966
US-natural/lstm-mae-0.0001-s44,lstm,base,44,mae,0.0001,19,0.018463557651529357,0.023859016936390146,0.0006848577425728176,0.001047489855573401
US-natural/lstm-mae-0.0001-s44,lstm,base,44,mae,0.0001,20,0.018609607225297947,0.021838792776595665,0.0007330124463258918,0.0008811203493710641
US-natural/lstm-mae-0.0001-s44,lstm,base,44,mae,0.0001,21,0.01881553842261515,0.028350615988781278,0.0007153782939140046,0.0012744222050980875
US-natural/lstm-mae-0.0001-s44,lstm,base,44,mae,0.0001,22,0.01847525072020039,0.021815115627991384,0.0006839617986916289,0.0008941955513845857
US-natural/lstm-mae-0.0001-s44,lstm,base,44,mae,0.0001,23,0.01861197702719757,0.023516308203155725,0.0007007335269136032,0.0009571270730856766
US-natural/lstm-mae-0.0001-s44,lstm,base,44,mae,0.0001,24,0.02081845374274672,0.023060202158840068,0.0007574577455796379,0.000977760330221725
US-natural/lstm-mae-0.0001-s44,lstm,base,44,mae,0.0001,25,0.02536258175038618,0.025087537767847803,0.001099117552585284,0.0010949183019804008
US-natural/lstm-mae-0.0001-s44,lstm,base,44,mae,0.0001,26,0.01948566598414616,0.02193539404346859,0.0007236477703135716,0.0008809544362908316
US-natural/lstm-mae-0.0001-s44,lstm,base,44,mae,0.0001,27,0.017663734274047358,0.022578235619813137,0.0006569761332321204,0.0009679021639125501
US-natural/lstm-mae-0.0001-s44,lstm,base,44,mae,0.0001,28,0.021505789567417683,0.03197244684382687,0.0008438894193677545,0.0014989862781160728
US-natural/lstm-mae-0.0001-s44,lstm,base,44,mae,0.0001,29,0.018740315156999778,0.02230788657174364,0.0007093042811442236,0.0009070769611405143
US-natural/lstm-mae-0.0001-s44,lstm,base,44,mae,0.0001,30,0.017647927683688624,0.022510679605963962,0.0006573106981729504,0.0008936324265670338
US-natural/lstm-mae-0.001-s42,lstm,base,42,mae,0.001,1,0.1405955784223365,0.08108428016360843,0.046485462936574566,0.008673327738511101
US-natural/lstm-mae-0.001-s42,lstm,base,42,mae,0.001,2,0.04568388900257548,0.027703837392152854,0.0038104901789554734,0.0012379056450755584
US-natural/lstm-mae-0.001-s42,lstm,base,42,mae,0.001,3,0.060949774638765324,0.032007406918189873,0.0053245467435817226,0.0016567908002783985
US-natural/lstm-mae-0.001-s42,lstm,base,42,mae,0.001,4,0.03364945757476364,0.04398967160944524,0.0020586665415503213,0.002536050512369416
US-natural/lstm-mae-0.001-s42,lstm,base,42,mae,0.001,5,0.035906355472502295,0.05846193052559321,0.0020990578018732046,0.004254131234862635
US-natural/lstm-mae-0.001-s42,lstm,base,42,mae,0.001,6,0.03485452131039516,0.02606362748711736,0.0019594408499532933,0.0011158490048397873
US-natural/lstm-mae-0.001-s42,lstm,base,42,mae,0.001,7,0.02638101786306405,0.024182704932906442,0.0011906662137103586,0.001006534538707206
US-natural/lstm-mae-0.001-s42,lstm,base,42,mae,0.001,8,0.02605767951751933,0.022187056973642087,0.0012084294242148018,0.0009139073614697728
US-natural/lstm-mae-0.001-s42,lstm,base,42,mae,0.001,9,0.0209951004519869,0.021683106539289686,0.0009079649673630041,0.0008519741101079655
US-natural/lstm-mae-0.001-s42,lstm,base,42,mae,0.001,10,0.03054362035496398,0.019930129518518795,0.0014753942919948834,0.0007075653367738905
US-natural/lstm-mae-0.001-s42,lstm,base,42,mae,0.001,11,0.024292431792382226,0.02621024456179672,0.0010572444513149836,0.0011019121122679695
US-natural/lstm-mae-0.001-s42,lstm,base,42,mae,0.001,12,0.026402442119103562,0.02489294500030555,0.001200654029834711,0.0009269833215756149
US-natural/lstm-mae-0.001-s42,lstm,base,42,mae,0.001,13,0.02591509028308155,0.022404137185782613,0.001119950105234514,0.0007778040863001043
US-natural/lstm-mae-0.001-s42,lstm,base,42,mae,0.001,14,0.026240157563292794,0.02205404991586152,0.0011730993897164197,0.0008490353514273535
US-natural/lstm-mae-0.001-s42,lstm,base,42,mae,0.001,15,0.021111501898146548,0.019189418295076848,0.0008300509973785901,0.0006756189171942111
US-natural/lstm-mae-0.001-s42,lstm,base,42,mae,0.001,16,0.018904443103939038,0.017804393483305016,0.0007629705373287273,0.0005882687026051687
US-natural/lstm-mae-0.001-s42,lstm,base,42,mae,0.001,17,0.018089295706762962,0.019295112394283703,0.0007018934842887629,0.0006902093910744148
US-natural/lstm-mae-0.001-s42,lstm,base,42,mae,0.001,18,0.01749503216591972,0.01909822309903121,0.0006916014784495932,0.0006814017405854832
US-natural/lstm-mae-0.001-s42,lstm,base,42,mae,0.001,19,0.019700457056848614,0.022007664668192924,0.000771089899051472,0.0007773702574286031
US-natural/lstm-mae-0.001-s42,lstm,base,42,mae,0.001,20,0.019738844964238163,0.021653811775063918,0.0008207088136203235,0.0009146195023615297
US-natural/lstm-mae-0.001-s42,lstm,base,42,mae,0.001,21,0.018636385945285577,0.019237061649515653,0.0007512135531295123,0.0006387636533928279
US-natural/lstm-mae-0.001-s42,lstm,base,42,mae,0.001,22,0.019603060272094915,0.017428259173395962,0.0007611699388754524,0.0005848022558997997
US-natural/lstm-mae-0.001-s42,lstm,base,42,mae,0.001,23,0.017018864378021022,0.01866890891338664,0.0006538232722915939,0.0006705121603769204
US-natural/lstm-mae-0.001-s42,lstm,base,42,mae,0.001,24,0.016656911304758413,0.017171960441119714,0.000642227026179826,0.000566209620592066
US-natural/lstm-mae-0.001-s42,lstm,base,42,mae,0.001,25,0.015562901185030882,0.016642853624969145,0.0006111432914608508,0.0005267947195973444
US-natural/lstm-mae-0.001-s42,lstm,base,42,mae,0.001,26,0.015880286186949574,0.01803954523884066,0.0006222078884661296,0.0005943254526732454
US-natural/lstm-mae-0.001-s42,lstm,base,42,mae,0.001,27,0.016612685560159064,0.018699201481005477,0.0006492344596604885,0.0006205153463308742
US-natural/lstm-mae-0.001-s42,lstm,base,42,mae,0.001,28,0.017573421409365488,0.0253513117763561,0.0006902072548653133,0.0013937618950196791
US-natural/lstm-mae-0.001-s42,lstm,base,42,mae,0.001,29,0.019700100634117704,0.020531993054394328,0.0008752198002852446,0.0008686954474154589
US-natural/lstm-mae-0.001-s42,lstm,base,42,mae,0.001,30,0.020627747792931524,0.019477128159005076,0.0007804507674455768,0.0007451381992627612
US-natural/lstm-mae-0.001-s43,lstm,base,43,mae,0.001,1,0.10926581066905937,0.028521562301159018,0.019236424615165774,0.0015153787110366173
US-natural/lstm-mae-0.001-s43,lstm,base,43,mae,0.001,2,0.03290010405000506,0.03195840129806622,0.0018737141773884254,0.002248563789716147
US-natural/lstm-mae-0.001-s43,lstm,base,43,mae,0.001,3,0.039066793881992905,0.04975239131971619,0.0029123943338077766,0.0034344955882410124
US-natural/lstm-mae-0.001-s43,lstm,base,43,mae,0.001,4,0.05432962541957796,0.04759293976161497,0.004442971922369568,0.003398936346498169
US-natural/lstm-mae-0.001-s43,lstm,base,43,mae,0.001,5,0.03927226761069994,0.04323264552984154,0.00231449834130262,0.003407001398385889
US-natural/lstm-mae-0.001-s43,lstm,base,43,mae,0.001,6,0.03462717963325862,0.034470384093373836,0.001979349031052515,0.001797470952008685
US-natural/lstm-mae-0.001-s43,lstm,base,43,mae,0.001,7,0.02690017340167106,0.04753681685279508,0.0012730202620289137,0.0031415506329524135
US-natural/lstm-mae-0.001-s43,lstm,base,43,mae,0.001,8,0.03508870262635793,0.027776741978296098,0.001959552520335427,0.001272414631687703
US-natural/lstm-mae-0.001-s43,lstm,base,43,mae,0.001,9,0.03143495809509158,0.037163188294701985,0.001622759283599036,0.002129174963424299
US-natural/lstm-mae-0.001-s43,lstm,base,43,mae,0.001,10,0.028410388106176774,0.027141677684238683,0.0012326416890994327,0.0012062781064254024
US-natural/lstm-mae-0.001-s43,lstm,base,43,mae,0.001,11,0.024347413032837915,0.02664568055217779,0.001088107773421355,0.0011308481612438094
US-natural/lstm-mae-0.001-s43,lstm,base,43,mae,0.001,12,0.021481792037799197,0.019634811322986986,0.0008677046756796208,0.0006961332894559103
US-natural/lstm-mae-0.001-s43,lstm,base,43,mae,0.001,13,0.021156655692168763,0.019046108564801392,0.000855832768271891,0.0007281587576380146
US-natural/lstm-mae-0.001-s43,lstm,base,43,mae,0.001,14,0.024807864152432017,0.027675318102077583,0.0010019185608322776,0.0012317091126444418
US-natural/lstm-mae-0.001-s43,lstm,base,43,mae,0.001,15,0.02528264418023152,0.02195018700530273,0.0010969739707339884,0.0009135869134876049
US-natural/lstm-mae-0.001-s43,lstm,base,43,mae,0.001,16,0.02091774284354404,0.019249643913305144,0.0008493223112311636,0.0007364992381815347
US-natural/lstm-mae-0.001-s43,lstm,base,43,mae,0.001,17,0.019866327902592785,0.02604701383290439,0.0007708505530490183,0.00105606000886217
US-natural/lstm-mae-0.001-s43,lstm,base,43,mae,0.001,18,0.024105359898450984,0.02134269027618122,0.0010014183014868878,0.0008642566360828863
US-natural/lstm-mae-0.001-s43,lstm,base,43,mae,0.001,19,0.02394546590660902,0.0200801047490966,0.0010377234898040707,0.0007308612757459625
US-natural/lstm-mae-0.001-s43,lstm,base,43,mae,0.001,20,0.019127894798312988,0.02959705763150262,0.0007576979049287525,0.0012768341570651308
US-natural/lstm-mae-0.001-s43,lstm,base,43,mae,0.001,21,0.02123809314059747,0.020173273399271073,0.000877804568706649,0.0008399179312412866
US-natural/lstm-mae-0.001-s43,lstm,base,43,mae,0.001,22,0.01902680912942072,0.01786441020369024,0.0007654059645014545,0.0006194942595100729
US-natural/lstm-mae-0.001-s43,lstm,base,43,mae,0.001,23,0.0183598399870584,0.02085621073832112,0.0006991532757475096,0.000804513354022873
US-natural/lstm-mae-0.001-s43,lstm,base,43,mae,0.001,24,0.01745681293150554,0.020554451063925956,0.0006742363684649557,0.0007534844735700149
US-natural/lstm-mae-0.001-s43,lstm,base,43,mae,0.001,25,0.017985848834564867,0.020775555587425814,0.0006999104055312611,0.0008185103048879578
US-natural/lstm-mae-0.001-s43,lstm,base,43,mae,0.001,26,0.018927882919464102,0.02126468865081504,0.0007249408645263408,0.0008070020485372804
US-natural/lstm-mae-0.001-s43,lstm,base,43,mae,0.001,27,0.018953757509869044,0.019390175709737032,0.0007595952106589584,0.0007321216525701337
US-natural/lstm-mae-0.001-s43,lstm,base,43,mae,0.001,28,0.016972061889617734,0.029740180812326312,0.0006566061859018722,0.0013385644113715657
US-natural/lstm-mae-0.001-s43,lstm,base,43,mae,0.001,29,0.02230858732386369,0.01980924403325541,0.0009053054822280258,0.0007070664792922046
US-natural/lstm-mae-0.001-s43,lstm,base,43,mae,0.001,30,0.01760101909471261,0.01839273314636855,0.0006712845586263752,0.0006860693946872449
US-natural/lstm-mae-0.001-s44,lstm,base,44,mae,0.001,1,0.10548268003305183,0.10987516595360622,0.017509626754606322,0.013682720716489676
US-natural/lstm-mae-0.001-s44,lstm,base,44,mae,0.001,2,0.07601017400406437,0.026290882785660104,0.010668047454022563,0.0011282535184773017
US-natural/lstm-mae-0.001-s44,lstm,base,44,mae,0.001,3,0.03815816514837569,0.04534082128223221,0.002372457655893399,0.003070422087502056
US-natural/lstm-mae-0.001-s44,lstm,base,44,mae,0.001,4,0.07419109202270148,0.029793539272792515,0.008105192296152489,0.0015393920061869011
US-natural/lstm-mae-0.001-s44,lstm,base,44,mae,0.001,5,0.04352216567146383,0.02270010748431794,0.002872244104682851,0.0009027168966678114
US-natural/lstm-mae-0.001-s44,lstm,base,44,mae,0.001,6,0.02849745030900817,0.02280257710173102,0.0013390463994240028,0.0008058058589830033
US-natural/lstm-mae-0.001-s44,lstm,base,44,mae,0.001,7,0.03185401207440045,0.019175054774360392,0.0015297707878406122,0.0006740995611980984
US-natural/lstm-mae-0.001-s44,lstm,base,44,mae,0.001,8,0.019775899049774996,0.023075523490608343,0.0007631676425040568,0.0008552719109792441
US-natural/lstm-mae-0.001-s44,lstm,base,44,mae,0.001,9,0.026151583290727448,0.0260096788709666,0.0012928237047522264,0.0010917140099863112
US-natural/lstm-mae-0.001-s44,lstm,base,44,mae,0.001,10,0.027285695902113678,0.0320195496941001,0.0012655021576092385,0.0013926008802493221
US-natural/lstm-mae-0.001-s44,lstm,base,44,mae,0.001,11,0.02583000613834685,0.038116097227296766,0.0011343255819164782,0.0019507274878372406
US-natural/lstm-mae-0.001-s44,lstm,base,44,mae,0.001,12,0.03143719953024131,0.03828360718435157,0.0016575655578928037,0.001873996324183997
US-natural/lstm-mae-0.001-s44,lstm,base,44,mae,0.001,13,0.024422368172994174,0.017310866713766193,0.0010421100349135729,0.0005584033967978118
US-natural/lstm-mae-0.001-s44,lstm,base,44,mae,0.001,14,0.020240286237384622,0.02104484887328085,0.0007980854752039423,0.0007401976824661837
US-natural/lstm-mae-0.001-s44,lstm,base,44,mae,0.001,15,0.02048286232691501,0.016799102663778823,0.000827063018859214,0.0005297713166982596
US-natural/lstm-mae-0.001-s44,lstm,base,44,mae,0.001,16,0.019073446059886083,0.017319339284973236,0.0007749434944013537,0.0005531474993068878
US-natural/lstm-mae-0.001-s44,lstm,base,44,mae,0.001,17,0.017350178771574926,0.015270521121279095,0.0006842571903106887,0.00046806611487240467
US-natural/lstm-mae-0.001-s44,lstm,base,44,mae,0.001,18,0.01741420245875677,0.015562872235294407,0.0006834778242696267,0.00047395118329440083
US-natural/lstm-mae-0.001-s44,lstm,base,44,mae,0.001,19,0.016687482739521708,0.016362650622039975,0.0006405640928213945,0.0005219609477334089
US-natural/lstm-mae-0.001-s44,lstm,base,44,mae,0.001,20,0.017032739401491685,0.015815279940864013,0.0006768637135618489,0.0004876407635398083
US-natural/lstm-mae-0.001-s44,lstm,base,44,mae,0.001,21,0.016446084802275978,0.015573469304286583,0.0006290951911397848,0.0004941736551770747
US-natural/lstm-mae-0.001-s44,lstm,base,44,mae,0.001,22,0.015903432819453483,0.018639669027196954,0.0006115135390155027,0.0005906128962146405
US-natural/lstm-mae-0.001-s44,lstm,base,44,mae,0.001,23,0.017496480572187063,0.017504940382782285,0.0006862290905719836,0.0005514253615517763
US-natural/lstm-mae-0.001-s44,lstm,base,44,mae,0.001,24,0.017060369087925808,0.01692158090882845,0.0006461661489082793,0.000581103242515497
US-natural/lstm-mae-0.001-s44,lstm,base,44,mae,0.001,25,0.01743155383565592,0.01671738088742621,0.0006566791110322385,0.0005450452916742944
US-natural/lstm-mae-0.001-s44,lstm,base,44,mae,0.001,26,0.01640175835500535,0.01786351581325818,0.0006310417133450708,0.0005663270647679636
US-natural/lstm-mae-0.001-s44,lstm,base,44,mae,0.001,27,0.017328726434407624,0.016887199834792067,0.0006706735454858407,0.000538744112159544
US-natural/lstm-mae-0.001-s44,lstm,base,44,mae,0.001,28,0.01726642904513339,0.018254834827465965,0.0006870221011200594,0.0005954390240930819
US-natural/lstm-mae-0.001-s44,lstm,base,44,mae,0.001,29,0.017225024289265763,0.01651709329634688,0.000672495902438714,0.000519399427943863
US-natural/lstm-mae-0.001-s44,lstm,base,44,mae,0.001,30,0.01637381590742527,0.01554842477644901,0.0006418640779000835,0.0004799730280205876
US-natural/lstm-huber-0.0001-s42,lstm,base,42,huber,0.0001,1,0.2160667295085301,0.16792681763064649,0.0763246268741365,0.03866001662452917
US-natural/lstm-huber-0.0001-s42,lstm,base,42,huber,0.0001,2,0.09602267144778216,0.0840201267190353,0.014432628320697666,0.012212421958554669
US-natural/lstm-huber-0.0001-s42,lstm,base,42,huber,0.0001,3,0.08189466425614159,0.08342577708844916,0.009742297028252184,0.014237540577558803
US-natural/lstm-huber-0.0001-s42,lstm,base,42,huber,0.0001,4,0.05508994136277579,0.0724954985491502,0.005498095813253985,0.010921336021341268
US-natural/lstm-huber-0.0001-s42,lstm,base,42,huber,0.0001,5,0.045668230521184155,0.06311739122640926,0.004009377666233968,0.008451066958832486
US-natural/lstm-huber-0.0001-s42,lstm,base,42,huber,0.0001,6,0.03907687284813089,0.051933631794482175,0.002851738420936498,0.0059771038962924145
US-natural/lstm-huber-0.0001-s42,lstm,base,42,huber,0.0001,7,0.03120887544482471,0.04861411221157954,0.0022068576247643848,0.005117805283300952
US-natural/lstm-huber-0.0001-s42,lstm,base,42,huber,0.0001,8,0.028166964705018376,0.0546288064850565,0.0016159692496658187,0.005584165189121412
US-natural/lstm-huber-0.0001-s42,lstm,base,42,huber,0.0001,9,0.026824628778626222,0.04021151918409523,0.0014893107635495356,0.0034494770417447572
US-natural/lstm-huber-0.0001-s42,lstm,base,42,huber,0.0001,10,0.026871985686684776,0.035337442187344005,0.0013452393463004371,0.002628784827376928
US-natural/lstm-huber-0.0001-s42,lstm,base,42,huber,0.0001,11,0.0248205844597886,0.03274313412053357,0.0012640487337419785,0.002074311600778521
US-natural/lstm-huber-0.0001-s42,lstm,base,42,huber,0.0001,12,0.023489734039848942,0.03351225642252862,0.0010747193890020593,0.0021412503443896513
US-natural/lstm-huber-0.0001-s42,lstm,base,42,huber,0.0001,13,0.021068283615450226,0.037212254659257975,0.0009094032612459797,0.0024380067903624
US-natural/lstm-huber-0.0001-s42,lstm,base,42,huber,0.0001,14,0.020751656975537765,0.039443530220015746,0.0008727985306069264,0.0024713391294318753
US-natural/lstm-huber-0.0001-s42,lstm,base,42,huber,0.0001,15,0.020698163937863133,0.03021507803098173,0.0008218181544561865,0.001596621788903938
US-natural/lstm-huber-0.0001-s42,lstm,base,42,huber,0.0001,16,0.02060062018433173,0.02792476737705157,0.0008197118297171444,0.0014266858268231046
US-natural/lstm-huber-0.0001-s42,lstm,base,42,huber,0.0001,17,0.01856370308893307,0.024944253528081235,0.0007337785664691986,0.0011617573718853832
US-natural/lstm-huber-0.0001-s42,lstm,base,42,huber,0.0001,18,0.019176853275485184,0.028642576956987652,0.0007893191845595222,0.0014653126199996038
US-natural/lstm-huber-0.0001-s42,lstm,base,42,huber,0.0001,19,0.017983392548319717,0.029584747273267233,0.000746352677603205,0.0015148820779430359
US-natural/lstm-huber-0.0001-s42,lstm,base,42,huber,0.0001,20,0.018207213648923293,0.024335046363181134,0.0007149021465629524,0.0010805334546066352
US-natural/lstm-huber-0.0001-s42,lstm,base,42,huber,0.0001,21,0.017607118938961153,0.02406724403531816,0.0007064449042666366,0.0010491250356905602
US-natural/lstm-huber-0.0001-s42,lstm,base,42,huber,0.0001,22,0.0195124936497234,0.03168685838115925,0.0007677135308563351,0.001678042927618367
US-natural/lstm-huber-0.0001-s42,lstm,base,42,huber,0.0001,23,0.018927746513432955,0.02508795341749728,0.0007514549174539194,0.001158267664534973
US-natural/lstm-huber-0.0001-s42,lstm,base,42,huber,0.0001,24,0.018156953822160933,0.02567700695212016,0.0007329539123379717,0.0012119363522848441
US-natural/lstm-huber-0.0001-s42,lstm,base,42,huber,0.0001,25,0.01764826137338108,0.026395201914838972,0.0006881620944407663,0.0012836584806465053
US-natural/lstm-huber-0.0001-s42,lstm,base,42,huber,0.0001,26,0.0166344116610728,0.025145323884097483,0.0006505139862962193,0.001170385819717401
US-natural/lstm-huber-0.0001-s42,lstm,base,42,huber,0.0001,27,0.01714534452029644,0.024290981571531246,0.0006858647921932077,0.001090445468236359
US-natural/lstm-huber-0.0001-s42,lstm,base,42,huber,0.0001,28,0.016558063349127947,0.02997934572233438,0.0006498064305963787,0.0016490690315907842
US-natural/lstm-huber-0.0001-s42,lstm,base,42,huber,0.0001,29,0.016519532544559828,0.024545063570553343,0.0006634488133527609,0.0011588637455436583
US-natural/lstm-huber-0.0001-s42,lstm,base,42,huber,0.0001,30,0.01810901698697952,0.027942404895964012,0.00069762602962061,0.001381587056917719
US-natural/lstm-huber-0.0001-s43,lstm,base,43,huber,0.0001,1,0.08500371491024672,0.05079869761468245,0.011337885440539245,0.0043126523077891095
US-natural/lstm-huber-0.0001-s43,lstm,base,43,huber,0.0001,2,0.06481127460716782,0.05188254838466717,0.005596517218918403,0.004744994984818656
US-natural/lstm-huber-0.0001-s43,lstm,base,43,huber,0.0001,3,0.05475622542447472,0.04174168034145086,0.004409670709908292,0.002950114208395095
US-natural/lstm-huber-0.0001-s43,lstm,base,43,huber,0.0001,4,0.04050475534517669,0.040721253923446,0.003440584155166711,0.0025667038695129174
US-natural/lstm-huber-0.0001-s43,lstm,base,43,huber,0.0001,5,0.039034599568720366,0.036065435066416955,0.0027019897709847354,0.002046130010956376
US-natural/lstm-huber-0.0001-s43,lstm,base,43,huber,0.0001,6,0.03022046845595508,0.03185966910797533,0.0017290643200429555,0.0016353312515749523
US-natural/lstm-huber-0.0001-s43,lstm,base,43,huber,0.0001,7,0.027991170522391216,0.0353397639241799,0.0014346356083066644,0.0020053613723485467
US-natural/lstm-huber-0.0001-s43,lstm,base,43,huber,0.0001,8,0.030906460537219786,0.029112358766237526,0.0015331434545340086,0.0013191911266455247
US-natural/lstm-huber-0.0001-s43,lstm,base,43,huber,0.0001,9,0.025023448397311007,0.028225220134782153,0.0011177688922708626,0.0012584171701450063
US-natural/lstm-huber-0.0001-s43,lstm,base,43,huber,0.0001,10,0.022770988001581782,0.031583492433635396,0.001036526426567884,0.0015169180511213482
US-natural/lstm-huber-0.0001-s43,lstm,base,43,huber,0.0001,11,0.022788168963133383,0.029481284466323157,0.0009689369500374642,0.0013423456161720357
US-natural/lstm-huber-0.0001-s43,lstm,base,43,huber,0.0001,12,0.021498545414857656,0.027668008666696633,0.0009506139286577912,0.00120450276551598
US-natural/lstm-huber-0.0001-s43,lstm,base,43,huber,0.0001,13,0.02058993492258747,0.025674026126976366,0.0008692880863787585,0.0010540951608038363
US-natural/lstm-huber-0.0001-s43,lstm,base,43,huber,0.0001,14,0.020394467929628637,0.02549106534065716,0.0008279278140119163,0.00105943717240027
US-natural/lstm-huber-0.0001-s43,lstm,base,43,huber,0.0001,15,0.02041431588036901,0.03950670809777677,0.0008102070431362183,0.0021921624318907004
US-natural/lstm-huber-0.0001-s43,lstm,base,43,huber,0.0001,16,0.02505451415318047,0.027887728302164138,0.0010185892330576223,0.0012098117753373521
US-natural/lstm-huber-0.0001-s43,lstm,base,43,huber,0.0001,17,0.020778805117699577,0.024867725613706742,0.0008098526885685805,0.000999702350216332
US-natural/lstm-huber-0.0001-s43,lstm,base,43,huber,0.0001,18,0.01903943073659721,0.02639498323178271,0.0007244385030460632,0.0011172706597707464
US-natural/lstm-huber-0.0001-s43,lstm,base,43,huber,0.0001,19,0.018272172185375964,0.030703072469572226,0.0007044107308580974,0.001396248927261499
US-natural/lstm-huber-0.0001-s43,lstm,base,43,huber,0.0001,20,0.020004659461079977,0.024998360627828602,0.0007401376581387412,0.000993510764589275
US-natural/lstm-huber-0.0001-s43,lstm,base,43,huber,0.0001,21,0.020171595483511568,0.0257620137387354,0.000761760779693251,0.0010580564810083336
US-natural/lstm-huber-0.0001-s43,lstm,base,43,huber,0.0001,22,0.0203671788322211,0.024362218839658396,0.0007899235346879012,0.0009471981526503374
US-natural/lstm-huber-0.0001-s43,lstm,base,43,huber,0.0001,23,0.01955611313882521,0.030089504249080173,0.0007589510512675923,0.0013359087709201797
US-natural/lstm-huber-0.0001-s43,lstm,base,43,huber,0.0001,24,0.01805894816735595,0.02440599647830166,0.0006767554731255789,0.0009483069199565235
US-natural/lstm-huber-0.0001-s43,lstm,base,43,huber,0.0001,25,0.017308018583342678,0.02596238215885443,0.0006614960463549289,0.0010646285702859467
US-natural/lstm-huber-0.0001-s43,lstm,base,43,huber,0.0001,26,0.017231235081831518,0.030187692140353717,0.00064295235086306,0.001364346442998285
US-natural/lstm-huber-0.0001-s43,lstm,base,43,huber,0.0001,27,0.017903416485366808,0.024438614435616613,0.0006485961644335524,0.0009638447243118113
US-natural/lstm-huber-0.0001-s43,lstm,base,43,huber,0.0001,28,0.018740175862074333,0.02579209715623242,0.000681806680356124,0.0010736321341211995
US-natural/lstm-huber-0.0001-s43,lstm,base,43,huber,0.0001,29,0.017226068603143064,0.02545205340271252,0.0006215912451166898,0.001011153044178257
US-natural/lstm-huber-0.0001-s43,lstm,base,43,huber,0.0001,30,0.015597879568496256,0.025940607452470087,0.0005707530616235626,0.001030587239734425
US-natural/lstm-huber-0.0001-s44,lstm,base,44,huber,0.0001,1,0.07406528209199109,0.07500725302434849,0.008443450739982832,0.007937684335629556
US-natural/lstm-huber-0.0001-s44,lstm,base,44,huber,0.0001,2,0.06663323433076027,0.07509283372030075,0.0065938619356553,0.007744799291338361
US-natural/lstm-huber-0.0001-s44,lstm,base,44,huber,0.0001,3,0.06281243644543755,0.03462688610334557,0.005784582551026614,0.002113765620041864
US-natural/lstm-huber-0.0001-s44,lstm,base,44,huber,0.0001,4,0.038154764501733586,0.029981041662612548,0.00234684747488916,0.0016287642039703328
US-natural/lstm-huber-0.0001-s44,lstm,base,44,huber,0.0001,5,0.030321276581530054,0.030947666927923882,0.001557088430734336,0.0016334919779097592
US-natural/lstm-huber-0.0001-s44,lstm,base,44,huber,0.0001,6,0.02816744245977658,0.030041467832810653,0.0014396372638917176,0.0015526200708908574
US-natural/lstm-huber-0.0001-s44,lstm,base,44,huber,0.0001,7,0.02969794221692043,0.02903567751664144,0.001470510261490641,0.0014689105196490316
US-natural/lstm-huber-0.0001-s44,lstm,base,44,huber,0.0001,8,0.026684677852617997,0.03185999495470459,0.0012268895514907978,0.001631284737686742
US-natural/lstm-huber-0.0001-s44,lstm,base,44,huber,0.0001,9,0.023452688409888428,0.03046165860532734,0.0010054284389802671,0.0015258661890999944
US-natural/lstm-huber-0.0001-s44,lstm,base,44,huber,0.0001,10,0.022864454385962463,0.025047483947052526,0.0009889199829103234,0.0011482678540404988
US-natural/lstm-huber-0.0001-s44,lstm,base,44,huber,0.0001,11,0.024412842978690456,0.02516344496209582,0.0010250256533559717,0.0011511714381482302
US-natural/lstm-huber-0.0001-s44,lstm,base,44,huber,0.0001,12,0.021288505326884994,0.030707889455771176,0.0008603858636415078,0.0015245352763043202
US-natural/lstm-huber-0.0001-s44,lstm,base,44,huber,0.0001,13,0.019862318731296208,0.027638587264509615,0.0008274491776975359,0.001275966757457334
US-natural/lstm-huber-0.0001-s44,lstm,base,44,huber,0.0001,14,0.019465364370952642,0.02266556433380809,0.0007610856589365294,0.000960694108870753
US-natural/lstm-huber-0.0001-s44,lstm,base,44,huber,0.0001,15,0.019303151844703513,0.023303466964708693,0.0007821500028124644,0.0010114109654920415
US-natural/lstm-huber-0.0001-s44,lstm,base,44,huber,0.0001,16,0.019545731917246817,0.02316074117358974,0.000736832251467335,0.0010048485475381605
US-natural/lstm-huber-0.0001-s44,lstm,base,44,huber,0.0001,17,0.01781117024280926,0.022850580574543203,0.0006909337213934813,0.0009725467473976077
US-natural/lstm-huber-0.0001-s44,lstm,base,44,huber,0.0001,18,0.017911073315837054,0.02341591770406494,0.000681246706332482,0.0010039693552400723
US-natural/lstm-huber-0.0001-s44,lstm,base,44,huber,0.0001,19,0.01745251688791228,0.024760051660765753,0.0006673579278612677,0.0010607931862233722
US-natural/lstm-huber-0.0001-s44,lstm,base,44,huber,0.0001,20,0.017437176148874002,0.0221333926251719,0.0006744245154958754,0.0008829825147406978
US-natural/lstm-huber-0.0001-s44,lstm,base,44,huber,0.0001,21,0.017964735982769774,0.022215346727069252,0.0006631380904580144,0.0009455679801296371
US-natural/lstm-huber-0.0001-s44,lstm,base,44,huber,0.0001,22,0.019759514672534596,0.026803787802822908,0.0007233899289242295,0.001174000218831025
US-natural/lstm-huber-0.0001-s44,lstm,base,44,huber,0.0001,23,0.024960001583138134,0.026426133253289456,0.0010504779691618846,0.0012118687471553186
US-natural/lstm-huber-0.0001-s44,lstm,base,44,huber,0.0001,24,0.02118514189214272,0.025243911394870738,0.0008405046225863147,0.0010892666772362274
US-natural/lstm-huber-0.0001-s44,lstm,base,44,huber,0.0001,25,0.018372623378415325,0.022487554709209365,0.0006991797725918913,0.0009141357181923527
US-natural/lstm-huber-0.0001-s44,lstm,base,44,huber,0.0001,26,0.019681332572775222,0.022592079688172218,0.0007574555373817699,0.0009219466796576912
US-natural/lstm-huber-0.0001-s44,lstm,base,44,huber,0.0001,27,0.01726971276890321,0.024533844289317513,0.0006549501203609462,0.0010448368407697296
US-natural/lstm-huber-0.0001-s44,lstm,base,44,huber,0.0001,28,0.018370978361812965,0.026590465403621096,0.000647177132847387,0.0011219299269578703
US-natural/lstm-huber-0.0001-s44,lstm,base,44,huber,0.0001,29,0.017076212923153512,0.021270809807348256,0.0006103068478583979,0.0008477822614609248
US-natural/lstm-huber-0.0001-s44,lstm,base,44,huber,0.0001,30,0.019021294594880556,0.023739809722607145,0.0006948340593484438,0.0009782379727852712
US-natural/lstm-huber-0.001-s42,lstm,base,42,huber,0.001,1,0.1433559633010423,0.07338818930122866,0.045633849129394756,0.007456231550756783
US-natural/lstm-huber-0.001-s42,lstm,base,42,huber,0.001,2,0.05366033382750257,0.030831960280323496,0.004835193968231658,0.0016101743867770156
US-natural/lstm-huber-0.001-s42,lstm,base,42,huber,0.001,3,0.036913822967099934,0.028360628964030347,0.0021664486399732962,0.0015354996202591082
US-natural/lstm-huber-0.001-s42,lstm,base,42,huber,0.001,4,0.027021496038610014,0.021850391812022224,0.0013103754904022068,0.0008297685224265677
US-natural/lstm-huber-0.001-s42,lstm,base,42,huber,0.001,5,0.029065247936646405,0.027008752921369304,0.0013691214938250371,0.001144747386635121
US-natural/lstm-huber-0.001-s42,lstm,base,42,huber,0.001,6,0.02860087906945811,0.019281925980849143,0.001352321850802501,0.0006825125512445007
US-natural/lstm-huber-0.001-s42,lstm,base,42,huber,0.001,7,0.022026845303154123,0.022996499177856993,0.0008927718966005602,0.0008422936911823122
US-natural/lstm-huber-0.001-s42,lstm,base,42,huber,0.001,8,0.018896608392049506,0.01862190945158588,0.0007793532403837332,0.000630028650546241
US-natural/lstm-huber-0.001-s42,lstm,base,42,huber,0.001,9,0.022297850067385577,0.01981881471338522,0.0009073165266602464,0.0007269865676795172
US-natural/lstm-huber-0.001-s42,lstm,base,42,huber,0.001,10,0.019292293429439868,0.019255069796301826,0.0007550643344874251,0.0006884183794263629
US-natural/lstm-huber-0.001-s42,lstm,base,42,huber,0.001,11,0.025382583417597863,0.02324088229975917,0.0010858634723908776,0.0008550117657990011
US-natural/lstm-huber-0.001-s42,lstm,base,42,huber,0.001,12,0.022456449289382677,0.021877723099983225,0.00094234706265129,0.0008709858548368972
US-natural/lstm-huber-0.001-s42,lstm,base,42,huber,0.001,13,0.02044337129922348,0.023284529042309342,0.0008298757221301108,0.0010014658887361836
US-natural/lstm-huber-0.001-s42,lstm,base,42,huber,0.001,14,0.020606214689015596,0.01755911996368027,0.0007681816490339522,0.0005718349172339632
US-natural/lstm-huber-0.001-s42,lstm,base,42,huber,0.001,15,0.018097012850848738,0.01750739428681256,0.0007427543833983343,0.0005975457601248933
US-natural/lstm-huber-0.001-s42,lstm,base,42,huber,0.001,16,0.018059738508155745,0.01891551898068441,0.0007241450004919699,0.0006689559085007114
US-natural/lstm-huber-0.001-s42,lstm,base,42,huber,0.001,17,0.017258677338303316,0.01910112467453028,0.0006897050355643373,0.0006451719134894331
US-natural/lstm-huber-0.001-s42,lstm,base,42,huber,0.001,18,0.016976051070886358,0.01847281606709103,0.0007396450351989618,0.0006061230183397884
US-natural/lstm-huber-0.001-s42,lstm,base,42,huber,0.001,19,0.018226940733965198,0.01993246409707453,0.0007054363856701163,0.0006873105641358367
US-natural/lstm-huber-0.001-s42,lstm,base,42,huber,0.001,20,0.017722297651267847,0.022613271740560992,0.0006722990478125037,0.0009142015297041658
US-natural/lstm-huber-0.001-s42,lstm,base,42,huber,0.001,21,0.019136997138624847,0.04165998711273946,0.0007339468795145909,0.0021724029532587063
US-natural/lstm-huber-0.001-s42,lstm,base,42,huber,0.001,22,0.03181013659838965,0.01793180377313373,0.0014782259645372945,0.0005775510215306509
US-natural/lstm-huber-0.001-s42,lstm,base,42,huber,0.001,23,0.02282409595530631,0.0220887700828076,0.0009770250728514383,0.0007962047918592099
US-natural/lstm-huber-0.001-s42,lstm,base,42,huber,0.001,24,0.018739694662916105,0.019540251987847732,0.0007755104496190014,0.0006545894129935963
US-natural/lstm-huber-0.001-s42,lstm,base,42,huber,0.001,25,0.02164994898760997,0.025344092541812822,0.0008435396908665343,0.0011111080828847583
US-natural/lstm-huber-0.001-s42,lstm,base,42,huber,0.001,26,0.019894801051935997,0.020940627608996853,0.0007852914844095014,0.0007666650861483908
US-natural/lstm-huber-0.001-s42,lstm,base,42,huber,0.001,27,0.016265628558811532,0.02079561767866736,0.0006382549596942427,0.0007222938919782415
US-natural/lstm-huber-0.001-s42,lstm,base,42,huber,0.001,28,0.01697681974022922,0.01835306656423688,0.0006627247677957831,0.0005975222620720286
US-natural/lstm-huber-0.001-s42,lstm,base,42,huber,0.001,29,0.022056172646177506,0.016606666929051044,0.0009071909929529423,0.0005178326826635687
US-natural/lstm-huber-0.001-s42,lstm,base,42,huber,0.001,30,0.018016433819157244,0.019827028931556988,0.0006888762914026843,0.00071251278744749
US-natural/lstm-huber-0.001-s43,lstm,base,43,huber,0.001,1,0.11072891056073397,0.039236176307587085,0.01940407513408902,0.002683938543905007
US-natural/lstm-huber-0.001-s43,lstm,base,43,huber,0.001,2,0.06328122423994499,0.04290332796552276,0.006546457993715035,0.0033496785965451774
US-natural/lstm-huber-0.001-s43,lstm,base,43,huber,0.001,3,0.06427160062799621,0.05013169975291467,0.007176526715153322,0.003363733815228303
US-natural/lstm-huber-0.001-s43,lstm,base,43,huber,0.001,4,0.058091560834587025,0.0522060103222773,0.0050001326743969315,0.00351118476165119
US-natural/lstm-huber-0.001-s43,lstm,base,43,huber,0.001,5,0.06037194250120953,0.037392049615228067,0.005152443603164658,0.001868811798007911
US-natural/lstm-huber-0.001-s43,lstm,base,43,huber,0.001,6,0.04075930995132423,0.027673468024229132,0.0024263541476333295,0.0012658632509546424
US-natural/lstm-huber-0.001-s43,lstm,base,43,huber,0.001,7,0.03161174235029059,0.04219256338808906,0.0016425146261341455,0.0024663222565033424
US-natural/lstm-huber-0.001-s43,lstm,base,43,huber,0.001,8,0.0387498659297731,0.03471211073653387,0.002416236946061715,0.0017417653323387261
US-natural/lstm-huber-0.001-s43,lstm,base,43,huber,0.001,9,0.02556285181185225,0.021858574631483503,0.0012912160455163173,0.0008888083148123011
US-natural/lstm-huber-0.001-s43,lstm,base,43,huber,0.001,10,0.020242851027947942,0.019509766180298715,0.0007814595304060219,0.0007043349633437127
US-natural/lstm-huber-0.001-s43,lstm,base,43,huber,0.001,11,0.017861865120374278,0.018784361076130966,0.0006801232021449795,0.0006698769094710769
US-natural/lstm-huber-0.001-s43,lstm,base,43,huber,0.001,12,0.018336797940599364,0.016971719023631645,0.0006949099590557366,0.0005864093965147757
US-natural/lstm-huber-0.001-s43,lstm,base,43,huber,0.001,13,0.01983058158652385,0.02090669397777297,0.0007588778371679168,0.0007583660159619465
US-natural/lstm-huber-0.001-s43,lstm,base,43,huber,0.001,14,0.020641708492607144,0.022445781404883434,0.0008463170290160272,0.0007990013661470152
US-natural/lstm-huber-0.001-s43,lstm,base,43,huber,0.001,15,0.01954575432600553,0.01774791667064163,0.0007405041064475792,0.0006039366150581045
US-natural/lstm-huber-0.001-s43,lstm,base,43,huber,0.001,16,0.0176455783882431,0.018425087592196063,0.000682060002019682,0.0006895655383967219
US-natural/lstm-huber-0.001-s43,lstm,base,43,huber,0.001,17,0.017511785919995,0.02222576706970248,0.0006840382514878753,0.0008354543019223545
US-natural/lstm-huber-0.001-s43,lstm,base,43,huber,0.001,18,0.02245196013357086,0.020755351087150677,0.0008883901637875207,0.0007976822648280645
US-natural/lstm-huber-0.001-s43,lstm,base,43,huber,0.001,19,0.02226391483478077,0.020135280351200643,0.0009261257794901015,0.0007052640600883103
US-natural/lstm-huber-0.001-s43,lstm,base,43,huber,0.001,20,0.018827002335477457,0.021084146255140955,0.0007285861137045652,0.0007477703008770357
US-natural/lstm-huber-0.001-s43,lstm,base,43,huber,0.001,21,0.018000027893154663,0.02119536960219197,0.0007241963081206444,0.0010231252914632127
US-natural/lstm-huber-0.001-s43,lstm,base,43,huber,0.001,22,0.022522695235952066,0.02237771084302899,0.0010625257789890353,0.0008315698999334538
US-natural/lstm-huber-0.001-s43,lstm,base,43,huber,0.001,23,0.018897611684878777,0.020993212763407244,0.0007574422851133056,0.0008227323716101066
US-natural/lstm-huber-0.001-s43,lstm,base,43,huber,0.001,24,0.016758759690856814,0.021031313522119396,0.0006649917512261787,0.0007617784074178785
US-natural/lstm-huber-0.001-s43,lstm,base,43,huber,0.001,25,0.01743994678167656,0.018296878241124675,0.0006668857564444437,0.0006249764938951042
US-natural/lstm-huber-0.001-s43,lstm,base,43,huber,0.001,26,0.016112797252072375,0.018102368125430018,0.0006280307288153383,0.0006041950337399313
US-natural/lstm-huber-0.001-s43,lstm,base,43,huber,0.001,27,0.016494466917449553,0.020384119494681514,0.0006151177370284868,0.0007302286391580646
US-natural/lstm-huber-0.001-s43,lstm,base,43,huber,0.001,28,0.017657101418466215,0.022320157885019374,0.0006666876346569079,0.0008225910876899842
US-natural/lstm-huber-0.001-s43,lstm,base,43,huber,0.001,29,0.017687209659234582,0.017341419839186873,0.0006943297051049264,0.0005738071514048658
US-natural/lstm-huber-0.001-s43,lstm,base,43,huber,0.001,30,0.01705876130568879,0.019144840545992095,0.0006673733934122485,0.0006655610034841841
US-natural/lstm-huber-0.001-s44,lstm,base,44,huber,0.001,1,0.10639145208769492,0.12330450852814964,0.01818765312895349,0.01726396470912769
US-natural/lstm-huber-0.001-s44,lstm,base,44,huber,0.001,2,0.08437215571331973,0.03003498462748366,0.012301603275814504,0.0013815710231369674
US-natural/lstm-huber-0.001-s44,lstm,base,44,huber,0.001,3,0.030674510802425198,0.03533195795453928,0.0016484490787185048,0.0017481751357331051
US-natural/lstm-huber-0.001-s44,lstm,base,44,huber,0.001,4,0.037774212921638524,0.03977157324991359,0.0023401381223151357,0.0021776052741638375
US-natural/lstm-huber-0.001-s44,lstm,base,44,huber,0.001,5,0.04662710904976798,0.03597944272646657,0.003111324269677303,0.002224455112942753
US-natural/lstm-huber-0.001-s44,lstm,base,44,huber,0.001,6,0.04421536604176301,0.04624804105731316,0.0028778403190454493,0.0029712899894131237
US-natural/lstm-huber-0.001-s44,lstm,base,44,huber,0.001,7,0.02827602862705253,0.027623679431684485,0.0015918707629271854,0.0011258927153302938
US-natural/lstm-huber-0.001-s44,lstm,base,44,huber,0.001,8,0.036070258719869165,0.02694215961346976,0.0019192848460565302,0.0011996496308070816
US-natural/lstm-huber-0.001-s44,lstm,base,44,huber,0.001,9,0.02931023892412716,0.018719743153879937,0.001476324389968617,0.0007167376938028114
US-natural/lstm-huber-0.001-s44,lstm,base,44,huber,0.001,10,0.027235085424621455,0.018586001844910136,0.0012686597701561007,0.0005933389709084789
US-natural/lstm-huber-0.001-s44,lstm,base,44,huber,0.001,11,0.02186629286149243,0.016233731705087285,0.0009363470185868589,0.0005209405963547786
US-natural/lstm-huber-0.001-s44,lstm,base,44,huber,0.001,12,0.01996442094562398,0.018550641050597436,0.0008151599100356625,0.0006074664119748039
US-natural/lstm-huber-0.001-s44,lstm,base,44,huber,0.001,13,0.018819606935264084,0.016183166596049344,0.0007372947201782543,0.0005259123905120031
US-natural/lstm-huber-0.001-s44,lstm,base,44,huber,0.001,14,0.01871454449042117,0.018625986376150712,0.0007446942696169792,0.00063155983447906
US-natural/lstm-huber-0.001-s44,lstm,base,44,huber,0.001,15,0.017476097125591658,0.015481628047945836,0.0006957200942288498,0.0004885133800304875
US-natural/lstm-huber-0.001-s44,lstm,base,44,huber,0.001,16,0.016775659980690888,0.016664206153503135,0.0006606851145330671,0.0005123743107639923
US-natural/lstm-huber-0.001-s44,lstm,base,44,huber,0.001,17,0.016765456072315006,0.017151219226786415,0.0006424356333104862,0.0005508491379203536
US-natural/lstm-huber-0.001-s44,lstm,base,44,huber,0.001,18,0.0173579911995893,0.016701427161139492,0.0006723111574066154,0.0005233092589847192
US-natural/lstm-huber-0.001-s44,lstm,base,44,huber,0.001,19,0.018546135933189822,0.016757907798007125,0.0007036458207677275,0.0005480744957827303
US-natural/lstm-huber-0.001-s44,lstm,base,44,huber,0.001,20,0.017842673660954347,0.018652203554919342,0.000676975813268886,0.0006250015792968753
US-natural/lstm-huber-0.001-s44,lstm,base,44,huber,0.001,21,0.019789515727579365,0.023590646656368085,0.0007700276912208567,0.0010882795342130045
US-natural/lstm-huber-0.001-s44,lstm,base,44,huber,0.001,22,0.019750381988779306,0.020178027293675828,0.0008789073855408826,0.0007103426666099952
US-natural/lstm-huber-0.001-s44,lstm,base,44,huber,0.001,23,0.019389029536074368,0.017979627534144376,0.0007638389417101946,0.0005817851125872632
US-natural/lstm-huber-0.001-s44,lstm,base,44,huber,0.001,24,0.01783197291900561,0.01865552498557559,0.000710400824501701,0.000730371442507379
US-natural/lstm-huber-0.001-s44,lstm,base,44,huber,0.001,25,0.017847206873366803,0.016877517125198267,0.000679823796002601,0.0005520265571953337
US-natural/lstm-huber-0.001-s44,lstm,base,44,huber,0.001,26,0.016062022978196706,0.01642474113198561,0.000616551697840038,0.0005193337170912044
US-natural/lstm-huber-0.001-s44,lstm,base,44,huber,0.001,27,0.016442873941534843,0.016280677891088134,0.0006392989170985767,0.0005241951198377766
US-natural/lstm-huber-0.001-s44,lstm,base,44,huber,0.001,28,0.01601984883365365,0.017146538557904677,0.0006167295323812103,0.0005522255409517631
US-natural/lstm-huber-0.001-s44,lstm,base,44,huber,0.001,29,0.01563805246586439,0.01622092609983962,0.0006010468844043097,0.0005160259817431305
US-natural/lstm-huber-0.001-s44,lstm,base,44,huber,0.001,30,0.01529153952211932,0.01571421985860328,0.0005984505323788089,0.0004972183226716195
US-natural/gru-mse-0.0001-s42,gru,base,42,mse,0.0001,1,0.12416649764025377,0.09407929246977204,0.020216067123383172,0.011008756169099292
US-natural/gru-mse-0.0001-s42,gru,base,42,mse,0.0001,2,0.08764823025697584,0.06372125615558329,0.010204820941873527,0.005442906614239645
US-natural/gru-mse-0.0001-s42,gru,base,42,mse,0.0001,3,0.06337511560030976,0.044067255144722116,0.005336652521440862,0.002858074302706151
US-natural/gru-mse-0.0001-s42,gru,base,42,mse,0.0001,4,0.04213012960502421,0.04172606923322097,0.00278628185858328,0.0027924159112015894
US-natural/gru-mse-0.0001-s42,gru,base,42,mse,0.0001,5,0.041662977339725654,0.03409432065595179,0.0026024538080598294,0.0018877627075179085
US-natural/gru-mse-0.0001-s42,gru,base,42,mse,0.0001,6,0.03519013633041723,0.03385656788152609,0.0020268261841275346,0.0017842215535559106
US-natural/gru-mse-0.0001-s42,gru,base,42,mse,0.0001,7,0.031661882262764965,0.032639840027436924,0.001709821440419768,0.001767953979239043
US-natural/gru-mse-0.0001-s42,gru,base,42,mse,0.0001,8,0.02577289928248514,0.027646341141486,0.0011275585804999667,0.0013059631063834444
US-natural/gru-mse-0.0001-s42,gru,base,42,mse,0.0001,9,0.027658814662866637,0.02654114880295698,0.0012730372248183704,0.0012361849145349844
US-natural/gru-mse-0.0001-s42,gru,base,42,mse,0.0001,10,0.02506983852066705,0.027795658889013683,0.0010765434573666822,0.0013478280793370791
US-natural/gru-mse-0.0001-s42,gru,base,42,mse,0.0001,11,0.02385701908115119,0.026607551404279898,0.000988975707246536,0.001248004060930757
US-natural/gru-mse-0.0001-s42,gru,base,42,mse,0.0001,12,0.025480080725328983,0.02529944120798239,0.0010747800641262412,0.0011250732876661972
US-natural/gru-mse-0.0001-s42,gru,base,42,mse,0.0001,13,0.023261733385166843,0.024984614177217035,0.0009405239737148861,0.0011096759752292793
US-natural/gru-mse-0.0001-s42,gru,base,42,mse,0.0001,14,0.02435250270461189,0.029410050744590587,0.001034322109300853,0.0014559016711872042
US-natural/gru-mse-0.0001-s42,gru,base,42,mse,0.0001,15,0.021240848084351137,0.02684089097595435,0.0008313856487510808,0.0012527629920130313
US-natural/gru-mse-0.0001-s42,gru,base,42,mse,0.0001,16,0.020743155016147964,0.026090638746878572,0.0008170677509175947,0.0011874196692840003
US-natural/gru-mse-0.0001-s42,gru,base,42,mse,0.0001,17,0.02046464158026818,0.02505207590267442,0.0007926834359366919,0.0010897674451088263
US-natural/gru-mse-0.0001-s42,gru,base,42,mse,0.0001,18,0.01985144445364463,0.02646436826850419,0.0007563463956024869,0.0012068454636402597
US-natural/gru-mse-0.0001-s42,gru,base,42,mse,0.0001,19,0.019057706846586468,0.025536334827538813,0.0007181433580493328,0.0011267260323264753
US-natural/gru-mse-0.0001-s42,gru,base,42,mse,0.0001,20,0.01934095221106977,0.025879548610941373,0.0007459300312167929,0.0011493790313764078
US-natural/gru-mse-0.0001-s42,gru,base,42,mse,0.0001,21,0.021379268713672107,0.02616203482763384,0.0008025342442584265,0.0011687586645258996
US-natural/gru-mse-0.0001-s42,gru,base,42,mse,0.0001,22,0.01827572490723932,0.026263796168795293,0.0006704192038547131,0.0011468517941220602
US-natural/gru-mse-0.0001-s42,gru,base,42,mse,0.0001,23,0.019728528828170937,0.0276636003443448,0.0007386794487659141,0.0013002281219475504
US-natural/gru-mse-0.0001-s42,gru,base,42,mse,0.0001,24,0.01848757471858681,0.026009569894823708,0.0006791684551233764,0.0011474622220455605
US-natural/gru-mse-0.0001-s42,gru,base,42,mse,0.0001,25,0.019032782125929217,0.02598469941902235,0.000701466491859929,0.0011460802093680468
US-natural/gru-mse-0.0001-s42,gru,base,42,mse,0.0001,26,0.017638577012287625,0.026027269839017125,0.0006490746204040123,0.0011456964369406613
US-natural/gru-mse-0.0001-s42,gru,base,42,mse,0.0001,27,0.01749904223257794,0.026617332176153977,0.0006353053648237848,0.0011981821799431007
US-natural/gru-mse-0.0001-s42,gru,base,42,mse,0.0001,28,0.016958409399438993,0.02608585427130002,0.0006154335981587672,0.0011474693790717333
US-natural/gru-mse-0.0001-s42,gru,base,42,mse,0.0001,29,0.016747551187745492,0.028116298420145028,0.0006010373202759984,0.001310411304179418
US-natural/gru-mse-0.0001-s42,gru,base,42,mse,0.0001,30,0.016992533081529104,0.026571588239053534,0.0006002074117494141,0.0011890887988968964
US-natural/gru-mse-0.0001-s43,gru,base,43,mse,0.0001,1,0.08064468512620104,0.08405932735781868,0.013967343759871529,0.014824567295187926
US-natural/gru-mse-0.0001-s43,gru,base,43,mse,0.0001,2,0.06544816643888159,0.07629713788782186,0.007057951616750529,0.009361409351964188
US-natural/gru-mse-0.0001-s43,gru,base,43,mse,0.0001,3,0.05634858310821942,0.05954945009706603,0.004707063231507583,0.007840999177345188
US-natural/gru-mse-0.0001-s43,gru,base,43,mse,0.0001,4,0.04567852521262865,0.054065286401786525,0.003242991536521416,0.006796794835256932
US-natural/gru-mse-0.0001-s43,gru,base,43,mse,0.0001,5,0.04098683103000017,0.05073745794950957,0.0026028750995364374,0.006196537375247436
US-natural/gru-mse-0.0001-s43,gru,base,43,mse,0.0001,6,0.03438428798146763,0.04633804534314419,0.0019437513854989122,0.004724964137995375
US-natural/gru-mse-0.0001-s43,gru,base,43,mse,0.0001,7,0.030980801129214704,0.04343320108901985,0.001621642650623387,0.004315060369225439
US-natural/gru-mse-0.0001-s43,gru,base,43,mse,0.0001,8,0.02760456671653331,0.03954741944717518,0.0012949690926551826,0.003282308502972989
US-natural/gru-mse-0.0001-s43,gru,base,43,mse,0.0001,9,0.025700792151255147,0.038263798565809394,0.001143711130007329,0.0034468254090009457
US-natural/gru-mse-0.0001-s43,gru,base,43,mse,0.0001,10,0.024162087531286267,0.035303149070912795,0.0010294764397153948,0.00288441242088249
US-natural/gru-mse-0.0001-s43,gru,base,43,mse,0.0001,11,0.02260810033585553,0.03425058834870213,0.0009478033309811798,0.002876737042352649
US-natural/gru-mse-0.0001-s43,gru,base,43,mse,0.0001,12,0.02224206623871001,0.036312512790381224,0.0009182205666285146,0.002952500656163604
US-natural/gru-mse-0.0001-s43,gru,base,43,mse,0.0001,13,0.020646577813534583,0.031466226471273596,0.0008440065872328656,0.0024426552567423463
US-natural/gru-mse-0.0001-s43,gru,base,43,mse,0.0001,14,0.020003201565665565,0.03047126412620436,0.0007804565614054973,0.002287839951497596
US-natural/gru-mse-0.0001-s43,gru,base,43,mse,0.0001,15,0.01916834848380966,0.032663205277247524,0.0007483820661829417,0.0024660779358809995
US-natural/gru-mse-0.0001-s43,gru,base,43,mse,0.0001,16,0.01932230398304358,0.029810964389716626,0.0007405482636606696,0.002201585905060612
US-natural/gru-mse-0.0001-s43,gru,base,43,mse,0.0001,17,0.01902381426118891,0.029686038927830977,0.0007287589803696539,0.002182035213734389
US-natural/gru-mse-0.0001-s43,gru,base,43,mse,0.0001,18,0.01848894922753329,0.03252512902649225,0.0006963299257394714,0.0023899896902288232
US-natural/gru-mse-0.0001-s43,gru,base,43,mse,0.0001,19,0.018628415297626346,0.030827927534639157,0.000709131732903257,0.0022246314413912867
US-natural/gru-mse-0.0001-s43,gru,base,43,mse,0.0001,20,0.018834367096732644,0.031080860279542905,0.0007095545217293926,0.002226737803341391
US-natural/gru-mse-0.0001-s43,gru,base,43,mse,0.0001,21,0.018333948033561982,0.02817443453386114,0.0006763254221413038,0.0019201858704580327
US-natural/gru-mse-0.0001-s43,gru,base,43,mse,0.0001,22,0.017667300228920838,0.027459295027189974,0.0006482251668393668,0.001824588426084604
US-natural/gru-mse-0.0001-s43,gru,base,43,mse,0.0001,23,0.01867997689529132,0.027428903253639607,0.0006781736118637614,0.0018081148123131406
US-natural/gru-mse-0.0001-s43,gru,base,43,mse,0.0001,24,0.018185390224533488,0.02761384761802258,0.0006587537632153912,0.0017883351002212847
US-natural/gru-mse-0.0001-s43,gru,base,43,mse,0.0001,25,0.018081360586225517,0.02831617193268934,0.0006499359416422102,0.00189399157283505
US-natural/gru-mse-0.0001-s43,gru,base,43,mse,0.0001,26,0.017384913957749576,0.027963475839262304,0.0006232147362818962,0.0018754764400261037
US-natural/gru-mse-0.0001-s43,gru,base,43,mse,0.0001,27,0.017229107245071443,0.028464753434958107,0.0006112626815455162,0.0019299587996369236
US-natural/gru-mse-0.0001-s43,gru,base,43,mse,0.0001,28,0.017102019646331283,0.02785931697083025,0.0005992461237255252,0.0018720804287716889
US-natural/gru-mse-0.0001-s43,gru,base,43,mse,0.0001,29,0.016991843422346668,0.02895122163820188,0.0005977980131019072,0.0019604481306663177
US-natural/gru-mse-0.0001-s43,gru,base,43,mse,0.0001,30,0.016621396474753993,0.03022216558392899,0.0005789112153239522,0.0020566869984596243
US-natural/gru-mse-0.0001-s44,gru,base,44,mse,0.0001,1,0.1355714952984134,0.1287837548343764,0.0275284140887988,0.019915234944045516
US-natural/gru-mse-0.0001-s44,gru,base,44,mse,0.0001,2,0.07319656714530198,0.06774198125523345,0.008413867779900478,0.007352912950180798
US-natural/gru-mse-0.0001-s44,gru,base,44,mse,0.0001,3,0.04709871311646672,0.056070036935931246,0.004034206821688571,0.005585352674771353
US-natural/gru-mse-0.0001-s44,gru,base,44,mse,0.0001,4,0.04077259270271781,0.05069118751142331,0.0029226728449381944,0.004435070215466101
US-natural/gru-mse-0.0001-s44,gru,base,44,mse,0.0001,5,0.04197790887486534,0.044764957418330836,0.002972518613168237,0.003621614271505657
US-natural/gru-mse-0.0001-s44,gru,base,44,mse,0.0001,6,0.03717929513777887,0.04335023846117641,0.0023002036484061545,0.003289665958327293
US-natural/gru-mse-0.0001-s44,gru,base,44,mse,0.0001,7,0.03466352928324979,0.041366308440916315,0.002019193121732458,0.003006236736999056
US-natural/gru-mse-0.0001-s44,gru,base,44,mse,0.0001,8,0.032874216273732076,0.0393942193015401,0.0017925230088142376,0.002688111454651694
US-natural/gru-mse-0.0001-s44,gru,base,44,mse,0.0001,9,0.03158477951888866,0.03852935065517937,0.0016573126341701053,0.002522809867857178
US-natural/gru-mse-0.0001-s44,gru,base,44,mse,0.0001,10,0.03074629573887496,0.036320081672515436,0.0015212610746394488,0.0022870045784969795
US-natural/gru-mse-0.0001-s44,gru,base,44,mse,0.0001,11,0.028013901867839877,0.03718217042704124,0.0013143777522703149,0.0022974475337269925
US-natural/gru-mse-0.0001-s44,gru,base,44,mse,0.0001,12,0.029227333007745777,0.03329883519210194,0.001345132440025319,0.0019204538292738843
US-natural/gru-mse-0.0001-s44,gru,base,44,mse,0.0001,13,0.026054369026251533,0.03263719081582835,0.0011626404237922133,0.0018655253686904192
US-natural/gru-mse-0.0001-s44,gru,base,44,mse,0.0001,14,0.025178377249623483,0.03091399229657598,0.0010577990839710225,0.001695882170993515
US-natural/gru-mse-0.0001-s44,gru,base,44,mse,0.0001,15,0.025121294210543457,0.031829741856547016,0.0010586648338957861,0.0017729187396152348
US-natural/gru-mse-0.0001-s44,gru,base,44,mse,0.0001,16,0.023314844730930772,0.031075463909251498,0.0009471826079378723,0.001674022182560328
US-natural/gru-mse-0.0001-s44,gru,base,44,mse,0.0001,17,0.022856489143964275,0.028984999691304823,0.0008984662580151898,0.001510849329067905
US-natural/gru-mse-0.0001-s44,gru,base,44,mse,0.0001,18,0.022207664680238173,0.030546508154862484,0.0008605121873841555,0.0016166718986713763
US-natural/gru-mse-0.0001-s44,gru,base,44,mse,0.0001,19,0.021947122569831477,0.02823108572058811,0.0008466278252777434,0.0014589833333917075
US-natural/gru-mse-0.0001-s44,gru,base,44,mse,0.0001,20,0.02107539933810426,0.0286360829648367,0.0007954770057864266,0.0014889620103461386
US-natural/gru-mse-0.0001-s44,gru,base,44,mse,0.0001,21,0.021002255723178775,0.030375240830126837,0.000785499978179279,0.0016068064927664525
US-natural/gru-mse-0.0001-s44,gru,base,44,mse,0.0001,22,0.021550212436501792,0.02835331612152387,0.0008094749573507161,0.0014565932728157253
US-natural/gru-mse-0.0001-s44,gru,base,44,mse,0.0001,23,0.02066971861095309,0.02670320403352916,0.0007878754258409199,0.0013262754368713525
US-natural/gru-mse-0.0001-s44,gru,base,44,mse,0.0001,24,0.01993507871535216,0.030140217580929586,0.0007226382018363226,0.001597775522665632
US-natural/gru-mse-0.0001-s44,gru,base,44,mse,0.0001,25,0.019425270846424352,0.026502665839239957,0.0007105537651090031,0.001317305543996562
US-natural/gru-mse-0.0001-s44,gru,base,44,mse,0.0001,26,0.019453211606140785,0.026145240385105517,0.0007085397692772165,0.0012824187585788987
US-natural/gru-mse-0.0001-s44,gru,base,44,mse,0.0001,27,0.019264928035210155,0.025653734875264924,0.0006950289200663642,0.0012340242843762099
US-natural/gru-mse-0.0001-s44,gru,base,44,mse,0.0001,28,0.0197868235754731,0.02614579891702699,0.0007191358781182699,0.0012843243891334675
US-natural/gru-mse-0.0001-s44,gru,base,44,mse,0.0001,29,0.019317298250304878,0.02645192090120923,0.000696632290666372,0.0013111032779878622
US-natural/gru-mse-0.0001-s44,gru,base,44,mse,0.0001,30,0.01839512717606161,0.025658522492707506,0.0006578182905174176,0.0012369722433912184
US-natural/gru-mse-0.001-s42,gru,base,42,mse,0.001,1,0.15003822558717111,0.1207599747650323,0.03753828361032451,0.02212497350043642
US-natural/gru-mse-0.001-s42,gru,base,42,mse,0.001,2,0.10172903777959587,0.098694412774454,0.015117789898209139,0.0117056858723321
US-natural/gru-mse-0.001-s42,gru,base,42,mse,0.001,3,0.06004523405686498,0.03893100398751146,0.004894895216732884,0.0025645605879374158
US-natural/gru-mse-0.001-s42,gru,base,42,mse,0.001,4,0.03859496722565341,0.04491542237544675,0.002302171550939282,0.0027306687225580875
US-natural/gru-mse-0.001-s42,gru,base,42,mse,0.001,5,0.0317937281449441,0.03282144021632598,0.0016178712685995342,0.0015989961506309317
US-natural/gru-mse-0.001-s42,gru,base,42,mse,0.001,6,0.025117037937908992,0.02433044965157086,0.0011356282200329093,0.00107911363167965
US-natural/gru-mse-0.001-s42,gru,base,42,mse,0.001,7,0.023283552578431236,0.020249853511756438,0.0009577766124361807,0.0008323064702265876
US-natural/gru-mse-0.001-s42,gru,base,42,mse,0.001,8,0.019739797097045063,0.019355184512385416,0.0007618546756629951,0.0007841762396259829
US-natural/gru-mse-0.001-s42,gru,base,42,mse,0.001,9,0.019051025125385486,0.019679201891363882,0.000757369304565207,0.0007793867822502232
US-natural/gru-mse-0.001-s42,gru,base,42,mse,0.001,10,0.01824634684323464,0.01971935858376438,0.0006897809863185537,0.0007646229402101531
US-natural/gru-mse-0.001-s42,gru,base,42,mse,0.001,11,0.01699594424890443,0.021806219517728938,0.0006546443843110859,0.0008534946440362763
US-natural/gru-mse-0.001-s42,gru,base,42,mse,0.001,12,0.018933981555441994,0.020226415912461475,0.0006986680171104743,0.0008044722669092925
US-natural/gru-mse-0.001-s42,gru,base,42,mse,0.001,13,0.01804572197028123,0.019538532556288683,0.0006730905544474704,0.0007635124118831011
US-natural/gru-mse-0.001-s42,gru,base,42,mse,0.001,14,0.017426231325813776,0.018534539439580822,0.0006631473958892382,0.0007087042477990812
US-natural/gru-mse-0.001-s42,gru,base,42,mse,0.001,15,0.018034992538649285,0.019871760863981475,0.0006876098213983504,0.0008375141570280029
US-natural/gru-mse-0.001-s42,gru,base,42,mse,0.001,16,0.019040565925663156,0.019315906071302305,0.000740695327843879,0.0007601510967189412
US-natural/gru-mse-0.001-s42,gru,base,42,mse,0.001,17,0.021466534440069986,0.04363627596368776,0.001033776712576043,0.002381656324321547
US-natural/gru-mse-0.001-s42,gru,base,42,mse,0.001,18,0.040418501217956204,0.026265925195310777,0.003883046911940234,0.0012176584889522475
US-natural/gru-mse-0.001-s42,gru,base,42,mse,0.001,19,0.032985754552556285,0.025668799811686155,0.0016023099839896427,0.0011246222322019881
US-natural/gru-mse-0.001-s42,gru,base,42,mse,0.001,20,0.024752509007123724,0.03334809217394603,0.0011144025361308856,0.0014640067494034441
US-natural/gru-mse-0.001-s42,gru,base,42,mse,0.001,21,0.01968622330582486,0.018472894915122887,0.0007988720051257249,0.0005912543474044529
US-natural/gru-mse-0.001-s42,gru,base,42,mse,0.001,22,0.018260507993511345,0.017200131174017776,0.0006817751117577989,0.0005437140904701231
US-natural/gru-mse-0.001-s42,gru,base,42,mse,0.001,23,0.017015590526255706,0.017715271636969662,0.0006192970235002321,0.0005630895604107651
US-natural/gru-mse-0.001-s42,gru,base,42,mse,0.001,24,0.016818294516197926,0.016801907765250253,0.0006073305357372252,0.0005247044016709855
US-natural/gru-mse-0.001-s42,gru,base,42,mse,0.001,25,0.01686052471560394,0.01743210685542448,0.0005979182816276272,0.0005542686293868459
US-natural/gru-mse-0.001-s42,gru,base,42,mse,0.001,26,0.016061409162434957,0.01762960091346567,0.0005753833541846963,0.0005618287763859788
US-natural/gru-mse-0.001-s42,gru,base,42,mse,0.001,27,0.01639894541358326,0.020793618958935053,0.0005776169015564669,0.0007119145235617406
US-natural/gru-mse-0.001-s42,gru,base,42,mse,0.001,28,0.015791589087447294,0.017788761321227472,0.0005591479075185105,0.000572179628629634
US-natural/gru-mse-0.001-s42,gru,base,42,mse,0.001,29,0.015511927965675291,0.01767160861110141,0.0005432828721897449,0.0005674806153444746
US-natural/gru-mse-0.001-s42,gru,base,42,mse,0.001,30,0.01596450833726495,0.01757019743949733,0.0005454363197236696,0.0005560718725974992
US-natural/gru-mse-0.001-s43,gru,base,43,mse,0.001,1,0.11830964691867643,0.06382463137071893,0.023111805559995306,0.005977679053050304
US-natural/gru-mse-0.001-s43,gru,base,43,mse,0.001,2,0.04312723419504463,0.03920731586736533,0.002995275685435093,0.0030884273336956388
US-natural/gru-mse-0.001-s43,gru,base,43,mse,0.001,3,0.03268874544577203,0.02455761711509565,0.001666713494862272,0.001425717377268436
US-natural/gru-mse-0.001-s43,gru,base,43,mse,0.001,4,0.024225808829467548,0.0231783394516165,0.0010175034453292124,0.0010302671828085173
US-natural/gru-mse-0.001-s43,gru,base,43,mse,0.001,5,0.02938850824061818,0.027970497889286922,0.001400873734524124,0.001306583601181312
US-natural/gru-mse-0.001-s43,gru,base,43,mse,0.001,6,0.024660518845715067,0.02094878688207088,0.0011255244535295541,0.0010774504075434454
US-natural/gru-mse-0.001-s43,gru,base,43,mse,0.001,7,0.0186070890278193,0.021048631730462928,0.0007396915170413774,0.0009304914434113027
US-natural/gru-mse-0.001-s43,gru,base,43,mse,0.001,8,0.020757748671235088,0.01840793404754419,0.000813175147417769,0.0008804091468449772
US-natural/gru-mse-0.001-s43,gru,base,43,mse,0.001,9,0.018302174202156934,0.01854893729032516,0.0006912914428885269,0.0009075187594895029
US-natural/gru-mse-0.001-s43,gru,base,43,mse,0.001,10,0.017550480765672456,0.01839800428815557,0.0006599861663396883,0.0008656928966097939
US-natural/gru-mse-0.001-s43,gru,base,43,mse,0.001,11,0.017395206709133592,0.01818769911005052,0.0006458406074540235,0.0008592226304940443
US-natural/gru-mse-0.001-s43,gru,base,43,mse,0.001,12,0.016851481872610388,0.018029414125611314,0.0006196296447338355,0.0008406717373624961
US-natural/gru-mse-0.001-s43,gru,base,43,mse,0.001,13,0.016435708952212934,0.01841561478134955,0.0005988096788260131,0.0008496328810936014
US-natural/gru-mse-0.001-s43,gru,base,43,mse,0.001,14,0.016685503464402753,0.017863236106539573,0.0006034990440535857,0.0008090708612407495
US-natural/gru-mse-0.001-s43,gru,base,43,mse,0.001,15,0.016732205628956297,0.022306803746100105,0.0005982990123822019,0.0011095040355148893
US-natural/gru-mse-0.001-s43,gru,base,43,mse,0.001,16,0.01699641391960085,0.019159544692503885,0.0006042967775066939,0.0008697865828946912
US-natural/gru-mse-0.001-s43,gru,base,43,mse,0.001,17,0.016333423346164548,0.02125204085400999,0.0006000404437026786,0.0010031336456860448
US-natural/gru-mse-0.001-s43,gru,base,43,mse,0.001,18,0.017543985432065083,0.019658013193770633,0.0006127619866358707,0.0008397714182518919
US-natural/gru-mse-0.001-s43,gru,base,43,mse,0.001,19,0.01857393885262842,0.025801135214183417,0.0006727377089115916,0.0014025326294842921
US-natural/gru-mse-0.001-s43,gru,base,43,mse,0.001,20,0.018808447549289627,0.023065696344384337,0.0006773005832715855,0.0009829641794353737
US-natural/gru-mse-0.001-s43,gru,base,43,mse,0.001,21,0.017005068359542578,0.020843824202567893,0.0006096141974891207,0.0010455316177550307
US-natural/gru-mse-0.001-s43,gru,base,43,mse,0.001,22,0.016509187929196537,0.019289485832310736,0.0005733750431683053,0.0007471428737418933
US-natural/gru-mse-0.001-s43,gru,base,43,mse,0.001,23,0.018834165988049847,0.020326322551131662,0.000679976831830439,0.0009428458216549135
US-natural/gru-mse-0.001-s43,gru,base,43,mse,0.001,24,0.018171806366009593,0.01905546641115506,0.0006241783500054356,0.0008286274485684727
US-natural/gru-mse-0.001-s43,gru,base,43,mse,0.001,25,0.015732585959189,0.01968781432873323,0.000545359325238251,0.000916103985627128
US-natural/gru-mse-0.001-s43,gru,base,43,mse,0.001,26,0.01743543613402755,0.01825479829319902,0.0006078161171547479,0.000709435148975132
US-natural/gru-mse-0.001-s43,gru,base,43,mse,0.001,27,0.017176450941588765,0.025547340958281973,0.0006019271123035835,0.0015713812019315496
US-natural/gru-mse-0.001-s43,gru,base,43,mse,0.001,28,0.01934342721137133,0.01970961347550599,0.0007906034743577298,0.0007537715056098039
US-natural/gru-mse-0.001-s43,gru,base,43,mse,0.001,29,0.021392077265078604,0.03771697720767684,0.0011260454234320468,0.0019378046201290258
US-natural/gru-mse-0.001-s43,gru,base,43,mse,0.001,30,0.03303308320821952,0.048473842907752245,0.002061766797950695,0.003238681505256561
US-natural/gru-mse-0.001-s44,gru,base,44,mse,0.001,1,0.11493844500474958,0.08431873172623325,0.021188094111663704,0.00981077858042779
US-natural/gru-mse-0.001-s44,gru,base,44,mse,0.001,2,0.06628261183758355,0.03745278217032143,0.006229709731500798,0.0021241508928563414
US-natural/gru-mse-0.001-s44,gru,base,44,mse,0.001,3,0.03045717744827508,0.024255609472007274,0.0016184838554654751,0.001068116417895967
US-natural/gru-mse-0.001-s44,gru,base,44,mse,0.001,4,0.0328211888878541,0.04185854684144676,0.0016990618828566998,0.0024407209188154356
US-natural/gru-mse-0.001-s44,gru,base,44,mse,0.001,5,0.028126868968975902,0.024783588365837127,0.0012814871232838822,0.0010887124834875928
US-natural/gru-mse-0.001-s44,gru,base,44,mse,0.001,6,0.021673536180708077,0.02034158009383055,0.0008465477117697121,0.0008401126806132133
US-natural/gru-mse-0.001-s44,gru,base,44,mse,0.001,7,0.019651533376842806,0.02109919998583241,0.0007520274494890795,0.0008886852796435524
US-natural/gru-mse-0.001-s44,gru,base,44,mse,0.001,8,0.02259294396725621,0.01967670790994316,0.0008567460658172314,0.0007592764066861073
US-natural/gru-mse-0.001-s44,gru,base,44,mse,0.001,9,0.020029103206134793,0.02343106361606449,0.0007667926394246057,0.001129571871549421
US-natural/gru-mse-0.001-s44,gru,base,44,mse,0.001,10,0.021482808955041854,0.024571431236320527,0.0008215348673680721,0.0010219107782493575
US-natural/gru-mse-0.001-s44,gru,base,44,mse,0.001,11,0.018653459041702018,0.020868252735106382,0.0006987502095604443,0.0008341810399831345
US-natural/gru-mse-0.001-s44,gru,base,44,mse,0.001,12,0.01895023782462555,0.020781086881820978,0.0006973440484293178,0.0008623499673288788
US-natural/gru-mse-0.001-s44,gru,base,44,mse,0.001,13,0.017314515737581533,0.0199946185773552,0.0006197122642344891,0.0007920309292330318
US-natural/gru-mse-0.001-s44,gru,base,44,mse,0.001,14,0.016347070966069323,0.01971806342059707,0.0005878636795398369,0.0008115523182495131
US-natural/gru-mse-0.001-s44,gru,base,44,mse,0.001,15,0.016590041230347977,0.0198901828327387,0.0005892238124734611,0.0008085700269266944
US-natural/gru-mse-0.001-s44,gru,base,44,mse,0.001,16,0.016610113217079267,0.019782558621666568,0.0005772222753530733,0.0007807717084673448
US-natural/gru-mse-0.001-s44,gru,base,44,mse,0.001,17,0.015513919701913858,0.021410753713901474,0.0005418556314150633,0.0008869954647012174
US-natural/gru-mse-0.001-s44,gru,base,44,mse,0.001,18,0.015632402128967923,0.01986140958955999,0.0005369922790206961,0.0008019890066394833
US-natural/gru-mse-0.001-s44,gru,base,44,mse,0.001,19,0.015359235261639745,0.02328827563050604,0.000527378823308391,0.0009993239539864628
US-natural/gru-mse-0.001-s44,gru,base,44,mse,0.001,20,0.01678751033417257,0.02439592435748704,0.0005601987043134977,0.0010572500749092852
US-natural/gru-mse-0.001-s44,gru,base,44,mse,0.001,21,0.016451565283462168,0.021043910392644794,0.0005528385408526364,0.0009272150158793852
US-natural/gru-mse-0.001-s44,gru,base,44,mse,0.001,22,0.016958186386293636,0.02055794020121142,0.0005734929407292251,0.0008163092449867213
US-natural/gru-mse-0.001-s44,gru,base,44,mse,0.001,23,0.01580265976781906,0.022634815405064606,0.0005287514669593958,0.0009717187425303247
US-natural/gru-mse-0.001-s44,gru,base,44,mse,0.001,24,0.01578582690341593,0.021297759757266055,0.0005524355628824157,0.0008469595779971022
US-natural/gru-mse-0.001-s44,gru,base,44,mse,0.001,25,0.016194913702192875,0.02132957407436369,0.0005410817509257435,0.000890655000612257
US-natural/gru-mse-0.001-s44,gru,base,44,mse,0.001,26,0.015536949186171649,0.02074511797616293,0.0005017751441541442,0.0008013094622951452
US-natural/gru-mse-0.001-s44,gru,base,44,mse,0.001,27,0.015751990780128858,0.024694195893239235,0.0005165708491190331,0.0010776215309410907
US-natural/gru-mse-0.001-s44,gru,base,44,mse,0.001,28,0.017571662569857895,0.02099675587679641,0.0006709233111450427,0.0008509469554495896
US-natural/gru-mse-0.001-s44,gru,base,44,mse,0.001,29,0.016744928946231624,0.023209655334059602,0.0005711668569452443,0.001017518593764834
US-natural/gru-mse-0.001-s44,gru,base,44,mse,0.001,30,0.015362516481898543,0.022390426127197625,0.00048734282213218165,0.0009282541227276736
US-natural/gru-mae-0.0001-s42,gru,base,42,mae,0.0001,1,0.11981209146237078,0.08785905398880138,0.021505574569713783,0.011199862986823126
US-natural/gru-mae-0.0001-s42,gru,base,42,mae,0.0001,2,0.09259160104614109,0.0629498613255223,0.013135453193570339,0.005638758650324694
US-natural/gru-mae-0.0001-s42,gru,base,42,mae,0.0001,3,0.06831942552051741,0.04298095376353659,0.0064557499680829526,0.002844224377475237
US-natural/gru-mae-0.0001-s42,gru,base,42,mae,0.0001,4,0.045721463322581986,0.056424107026478966,0.0032572173457771927,0.004635161772309887
US-natural/gru-mae-0.0001-s42,gru,base,42,mae,0.0001,5,0.05033289247406632,0.03700575516160402,0.0037245241361035433,0.002224029970646474
US-natural/gru-mae-0.0001-s42,gru,base,42,mae,0.0001,6,0.04138628476556859,0.04570031539893209,0.0026280032042063166,0.003020344114623847
US-natural/gru-mae-0.0001-s42,gru,base,42,mae,0.0001,7,0.032014283019029616,0.03035648138784187,0.00168667877737958,0.0014627095235356688
US-natural/gru-mae-0.0001-s42,gru,base,42,mae,0.0001,8,0.03031047267128921,0.032426281595690595,0.0015438416804839437,0.001608498423616701
US-natural/gru-mae-0.0001-s42,gru,base,42,mae,0.0001,9,0.03178220034224463,0.026762697884359442,0.0017141334243263192,0.0011842610517242204
US-natural/gru-mae-0.0001-s42,gru,base,42,mae,0.0001,10,0.027664751797307176,0.027188300304995167,0.0011943628245487305,0.0011872506736970055
US-natural/gru-mae-0.0001-s42,gru,base,42,mae,0.0001,11,0.027452784654644954,0.02358411247629302,0.001266337322992517,0.0009579760885189137
US-natural/gru-mae-0.0001-s42,gru,base,42,mae,0.0001,12,0.023150891834607175,0.023914311167678098,0.0010524899352726323,0.000991035539886731
US-natural/gru-mae-0.0001-s42,gru,base,42,mae,0.0001,13,0.02242267207622033,0.023389319483576736,0.0009762775597250251,0.0009570595341941333
US-natural/gru-mae-0.0001-s42,gru,base,42,mae,0.0001,14,0.02080652312591876,0.023766771708457344,0.0008564548717432186,0.000977359211443158
US-natural/gru-mae-0.0001-s42,gru,base,42,mae,0.0001,15,0.01989448331152098,0.023961942135661638,0.0008140513534626734,0.00098748285498404
US-natural/gru-mae-0.0001-s42,gru,base,42,mae,0.0001,16,0.01909246431923087,0.025611693077647265,0.000783324219978633,0.0011139751499867274
US-natural/gru-mae-0.0001-s42,gru,base,42,mae,0.0001,17,0.019022884546556887,0.025588408838469707,0.0007691205041990901,0.0011097700417486663
US-natural/gru-mae-0.0001-s42,gru,base,42,mae,0.0001,18,0.019241107982955176,0.026495593755751053,0.0007355527557518329,0.0011792045567531135
US-natural/gru-mae-0.0001-s42,gru,base,42,mae,0.0001,19,0.01875985137484529,0.02941499207504932,0.0007257366359034636,0.001390882367619745
US-natural/gru-mae-0.0001-s42,gru,base,42,mae,0.0001,20,0.018253389821961813,0.024942332241052946,0.0006985828060835398,0.0010989858661962324
US-natural/gru-mae-0.0001-s42,gru,base,42,mae,0.0001,21,0.019211270551914458,0.029999949896268183,0.0007225716448595356,0.001459472056058703
US-natural/gru-mae-0.0001-s42,gru,base,42,mae,0.0001,22,0.018525775188422022,0.02672309504504727,0.0007283832807597475,0.0012040553759862047
US-natural/gru-mae-0.0001-s42,gru,base,42,mae,0.0001,23,0.01720447534414336,0.025068269231143022,0.0006661423040869241,0.0010661075932738636
US-natural/gru-mae-0.0001-s42,gru,base,42,mae,0.0001,24,0.016837488982704887,0.025402878141415054,0.0006355505801072938,0.0010941208413645703
US-natural/gru-mae-0.0001-s42,gru,base,42,mae,0.0001,25,0.016940690319444788,0.024168234399916513,0.0006427177509271393,0.0009897883057800947
US-natural/gru-mae-0.0001-s42,gru,base,42,mae,0.0001,26,0.01600571615983932,0.0281853337567388,0.0006133985818242202,0.0012955411115126735
US-natural/gru-mae-0.0001-s42,gru,base,42,mae,0.0001,27,0.016078539848899127,0.025414867516232176,0.0006079965508893455,0.001092737868172806
US-natural/gru-mae-0.0001-s42,gru,base,42,mae,0.0001,28,0.01629384824308444,0.028100350954021806,0.000611490525687599,0.0012999237522355624
US-natural/gru-mae-0.0001-s42,gru,base,42,mae,0.0001,29,0.01723251172038239,0.026348100193063762,0.0006548003350014658,0.001176664642932384
US-natural/gru-mae-0.0001-s42,gru,base,42,mae,0.0001,30,0.016726006827386078,0.025253848807439947,0.0006108251888693539,0.0010799152886295951
US-natural/gru-mae-0.0001-s43,gru,base,43,mae,0.0001,1,0.08106659508657009,0.0893505782288354,0.014151373726423158,0.015611904962516954
US-natural/gru-mae-0.0001-s43,gru,base,43,mae,0.0001,2,0.06547849299301907,0.06662403879964117,0.006662393586113509,0.008489491041309073
US-natural/gru-mae-0.0001-s43,gru,base,43,mae,0.0001,3,0.051999168097990295,0.0558017945176929,0.004841024467356001,0.006943229862103902
US-natural/gru-mae-0.0001-s43,gru,base,43,mae,0.0001,4,0.042959109073673674,0.051003355402337504,0.0029467608681115385,0.006414961255214047
US-natural/gru-mae-0.0001-s43,gru,base,43,mae,0.0001,5,0.03953575305044531,0.06145476323137495,0.0024830590406599165,0.0073144143960612
US-natural/gru-mae-0.0001-s43,gru,base,43,mae,0.0001,6,0.03646817195584535,0.04569950925290675,0.0021192850364435837,0.0050120573966659495
US-natural/gru-mae-0.0001-s43,gru,base,43,mae,0.0001,7,0.02728702490314614,0.036299525997443495,0.001387034920363165,0.0032605946598357207
US-natural/gru-mae-0.0001-s43,gru,base,43,mae,0.0001,8,0.024832669039316902,0.034114259241293514,0.001115431885471499,0.002865045087697864
US-natural/gru-mae-0.0001-s43,gru,base,43,mae,0.0001,9,0.022155443564938676,0.03183094014310447,0.000955585664041435,0.002545929554781099
US-natural/gru-mae-0.0001-s43,gru,base,43,mae,0.0001,10,0.021175815496544768,0.030387214200770982,0.0008753252703431457,0.0021824018462347433
US-natural/gru-mae-0.0001-s43,gru,base,43,mae,0.0001,11,0.020376878966815015,0.029081785061292557,0.000848057897233759,0.0020738649158220093
US-natural/gru-mae-0.0001-s43,gru,base,43,mae,0.0001,12,0.01977834884866917,0.027783891152276776,0.0007869180129702955,0.0018620566755278068
US-natural/gru-mae-0.0001-s43,gru,base,43,mae,0.0001,13,0.018485472208359215,0.027003901239056324,0.0007431598280937242,0.001787708537354072
US-natural/gru-mae-0.0001-s43,gru,base,43,mae,0.0001,14,0.01829879336562954,0.02635915863481898,0.0007052770088660654,0.001653171139498275
US-natural/gru-mae-0.0001-s43,gru,base,43,mae,0.0001,15,0.017842864650724637,0.026434791836135202,0.0006910163019837922,0.0016878411970643631
US-natural/gru-mae-0.0001-s43,gru,base,43,mae,0.0001,16,0.017546174911423875,0.028339472013953697,0.0006731935369200125,0.0016494276140694825
US-natural/gru-mae-0.0001-s43,gru,base,43,mae,0.0001,17,0.018318841739030027,0.027041829997819816,0.0007004941883991002,0.0017069625343634244
US-natural/gru-mae-0.0001-s43,gru,base,43,mae,0.0001,18,0.019525073837792555,0.026833519500223002,0.0007508719862961475,0.0016793223577389919
US-natural/gru-mae-0.0001-s43,gru,base,43,mae,0.0001,19,0.017231929556724833,0.027799700681113117,0.0006506144052441878,0.0017793412106075438
US-natural/gru-mae-0.0001-s43,gru,base,43,mae,0.0001,20,0.017231708952288004,0.026010073227344332,0.0006468594634750154,0.0015704358350627729
US-natural/gru-mae-0.0001-s43,gru,base,43,mae,0.0001,21,0.01846989541047241,0.02743283838441463,0.0007180751371268907,0.0017192809139635727
US-natural/gru-mae-0.0001-s43,gru,base,43,mae,0.0001,22,0.0166084841551665,0.024865229602377744,0.0006186051635562097,0.0013885246085482783
US-natural/gru-mae-0.0001-s43,gru,base,43,mae,0.0001,23,0.01683005032540259,0.024658727090937554,0.0006227571377834818,0.0014688123489430115
US-natural/gru-mae-0.0001-s43,gru,base,43,mae,0.0001,24,0.016090061220098054,0.024562755669667032,0.00061991918853044,0.0014015578401640688
US-natural/gru-mae-0.0001-s43,gru,base,43,mae,0.0001,25,0.016989088177584332,0.03099589855622596,0.0006401661804739357,0.001937974532134661
US-natural/gru-mae-0.0001-s43,gru,base,43,mae,0.0001,26,0.017931221643862853,0.025324856334947604,0.0007037016674238297,0.001575820532755899
US-natural/gru-mae-0.0001-s43,gru,base,43,mae,0.0001,27,0.016778584056823677,0.027397577641734727,0.0006285754149532521,0.001722243293252212
US-natural/gru-mae-0.0001-s43,gru,base,43,mae,0.0001,28,0.016556644373401777,0.024653124632331748,0.0006081865895391712,0.0014176658872663065
US-natural/gru-mae-0.0001-s43,gru,base,43,mae,0.0001,29,0.015943871959484383,0.026226052146766314,0.0006006760043600015,0.0015681578418651793
US-natural/gru-mae-0.0001-s43,gru,base,43,mae,0.0001,30,0.01566877181975323,0.02637742603711495,0.0005865921935297168,0.0016258193726077508
US-natural/gru-mae-0.0001-s44,gru,base,44,mae,0.0001,1,0.12805466425575976,0.08137066478095671,0.025395109277705805,0.010072886080020927
US-natural/gru-mae-0.0001-s44,gru,base,44,mae,0.0001,2,0.07305351853303818,0.060701164254755656,0.007641631276532024,0.006695061570304218
US-natural/gru-mae-0.0001-s44,gru,base,44,mae,0.0001,3,0.05315777250955349,0.048996818184793456,0.0047044548356569155,0.004762218199708054
US-natural/gru-mae-0.0001-s44,gru,base,44,mae,0.0001,4,0.03977868528246291,0.05020277187219842,0.0028675547080067704,0.004410554356981695
US-natural/gru-mae-0.0001-s44,gru,base,44,mae,0.0001,5,0.03961161405852445,0.043528222798419544,0.002715526904184025,0.003448271190029604
US-natural/gru-mae-0.0001-s44,gru,base,44,mae,0.0001,6,0.03482490562441843,0.0427132859468222,0.0021180007119619886,0.003192545650821026
US-natural/gru-mae-0.0001-s44,gru,base,44,mae,0.0001,7,0.03307298326287374,0.037378506956085106,0.0019413403665301714,0.0026293084074274593
US-natural/gru-mae-0.0001-s44,gru,base,44,mae,0.0001,8,0.0293217013979712,0.03438814281754769,0.0014856258773179934,0.0021666592249435
US-natural/gru-mae-0.0001-s44,gru,base,44,mae,0.0001,9,0.028117694539007667,0.034327516962605074,0.0013364572113770793,0.0019979676866987792
US-natural/gru-mae-0.0001-s44,gru,base,44,mae,0.0001,10,0.024705521409219607,0.032852866779016394,0.0011177402762847348,0.001826627947891489
US-natural/gru-mae-0.0001-s44,gru,base,44,mae,0.0001,11,0.022807630316130353,0.032589321666671,0.0009340859736358732,0.0017884063614010074
US-natural/gru-mae-0.0001-s44,gru,base,44,mae,0.0001,12,0.023813918712746178,0.027013895643085213,0.0009961690435364243,0.001339161830073615
US-natural/gru-mae-0.0001-s44,gru,base,44,mae,0.0001,13,0.021138941760079275,0.027941567249545638,0.0008292085297744457,0.0014272278462255622
US-natural/gru-mae-0.0001-s44,gru,base,44,mae,0.0001,14,0.01975904767823422,0.025604484888182937,0.000756722577233309,0.0012314694632039828
US-natural/gru-mae-0.0001-s44,gru,base,44,mae,0.0001,15,0.02078699343485695,0.02712894990298021,0.000821272961592768,0.001285716225352795
US-natural/gru-mae-0.0001-s44,gru,base,44,mae,0.0001,16,0.021384160993378736,0.029664295228440732,0.0008329207823669294,0.001549540995929835
US-natural/gru-mae-0.0001-s44,gru,base,44,mae,0.0001,17,0.020012987060482355,0.02898214431692054,0.0007628694219494015,0.0014942905364036402
US-natural/gru-mae-0.0001-s44,gru,base,44,mae,0.0001,18,0.019358400789265796,0.02505766745546925,0.0007666428830417708,0.0011644934511299812
US-natural/gru-mae-0.0001-s44,gru,base,44,mae,0.0001,19,0.018286538838991093,0.026273512983764916,0.000678699472979518,0.0012674391227691455
US-natural/gru-mae-0.0001-s44,gru,base,44,mae,0.0001,20,0.01886086002227997,0.0241641760846714,0.0007065442712729474,0.001138094169654834
US-natural/gru-mae-0.0001-s44,gru,base,44,mae,0.0001,21,0.01821270418884451,0.023692862004321042,0.0007048993024941775,0.0010797965531379372
US-natural/gru-mae-0.0001-s44,gru,base,44,mae,0.0001,22,0.01982808672581214,0.027661559347020633,0.0007519279416707578,0.001356287642763075
US-natural/gru-mae-0.0001-s44,gru,base,44,mae,0.0001,23,0.0175004262487871,0.024102430378140915,0.0006665712435466578,0.0011366728843339373
US-natural/gru-mae-0.0001-s44,gru,base,44,mae,0.0001,24,0.01813435179151417,0.02435577864226197,0.0006805138436689094,0.0011455977273691022
US-natural/gru-mae-0.0001-s44,gru,base,44,mae,0.0001,25,0.01920869742476678,0.023945486417044057,0.0007483632716756105,0.0010758221713293757
US-natural/gru-mae-0.0001-s44,gru,base,44,mae,0.0001,26,0.017146835877667778,0.023803439548446787,0.0006785835472744002,0.0010530039407408989
US-natural/gru-mae-0.0001-s44,gru,base,44,mae,0.0001,27,0.01879588694413721,0.025936728497995835,0.0007118389362902115,0.0012546208092822572
US-natural/gru-mae-0.0001-s44,gru,base,44,mae,0.0001,28,0.016473347351534693,0.026483791412149665,0.0006263312505720983,0.0012791271564349409
US-natural/gru-mae-0.0001-s44,gru,base,44,mae,0.0001,29,0.017613826675906268,0.02488253115084581,0.0006892135079764303,0.0011742103743340702
US-natural/gru-mae-0.0001-s44,gru,base,44,mae,0.0001,30,0.016289067692961182,0.02389834931290056,0.0006017954362938602,0.0010874207191739211
US-natural/gru-mae-0.001-s42,gru,base,42,mae,0.001,1,0.1457440001027162,0.06108042883298995,0.03316358862905666,0.007835281258143522
US-natural/gru-mae-0.001-s42,gru,base,42,mae,0.001,2,0.0935426297767056,0.044712906435812674,0.013101961794223627,0.0035575832291800833
US-natural/gru-mae-0.001-s42,gru,base,42,mae,0.001,3,0.03168571755492413,0.025688386776628592,0.0020124803707328325,0.0012820857256752997
US-natural/gru-mae-0.001-s42,gru,base,42,mae,0.001,4,0.029411591741090336,0.037545519411563935,0.0015552174656676887,0.0019849691920597683
US-natural/gru-mae-0.001-s42,gru,base,42,mae,0.001,5,0.02547299027987778,0.025646693833562058,0.0012253992267515896,0.0011556512723297034
US-natural/gru-mae-0.001-s42,gru,base,42,mae,0.001,6,0.02694141270004738,0.01899421120851935,0.0012802147943187137,0.0006771027179013486
US-natural/gru-mae-0.001-s42,gru,base,42,mae,0.001,7,0.032505592398982014,0.08853797614873254,0.0017612181774880047,0.008590902208818665
US-natural/gru-mae-0.001-s42,gru,base,42,mae,0.001,8,0.05291877360635903,0.026255166590417833,0.0036890572476464137,0.0010658664365266078
US-natural/gru-mae-0.001-s42,gru,base,42,mae,0.001,9,0.03414010826373787,0.04119899079502483,0.0018499381470370164,0.0022718055792526805
US-natural/gru-mae-0.001-s42,gru,base,42,mae,0.001,10,0.031603853376763864,0.03139639737266497,0.0017364908085396623,0.0015429746794851363
US-natural/gru-mae-0.001-s42,gru,base,42,mae,0.001,11,0.027933977833932283,0.021219485705696026,0.001394619058294964,0.0007926531914443227
US-natural/gru-mae-0.001-s42,gru,base,42,mae,0.001,12,0.020290749976926554,0.024798518299060636,0.0008291720892632854,0.0010360821758585157
US-natural/gru-mae-0.001-s42,gru,base,42,mae,0.001,13,0.022852457585861245,0.02243182271349823,0.0010005787703358472,0.0008889216004641404
US-natural/gru-mae-0.001-s42,gru,base,42,mae,0.001,14,0.02226829205503361,0.019135455581690233,0.0010023942558625033,0.0006854615365606309
US-natural/gru-mae-0.001-s42,gru,base,42,mae,0.001,15,0.019532393834300246,0.019582524998897823,0.0007731682843316669,0.000687186664568243
US-natural/gru-mae-0.001-s42,gru,base,42,mae,0.001,16,0.0272300960147611,0.0378704984834511,0.0011455579148908386,0.0018597886539121098
US-natural/gru-mae-0.001-s42,gru,base,42,mae,0.001,17,0.02785396097919274,0.025062180619290955,0.0012417155385898247,0.0009350273739443021
US-natural/gru-mae-0.001-s42,gru,base,42,mae,0.001,18,0.024447892911683707,0.019340050195074225,0.0010254858053637722,0.0007236634069923652
US-natural/gru-mae-0.001-s42,gru,base,42,mae,0.001,19,0.02223958554514176,0.019724182017602242,0.0009664594473761845,0.0007063332976151937
US-natural/gru-mae-0.001-s42,gru,base,42,mae,0.001,20,0.025295019318786437,0.025179032318985144,0.0010620264648338255,0.0012225039758559314
US-natural/gru-mae-0.001-s42,gru,base,42,mae,0.001,21,0.021866899144013626,0.01658217089531428,0.0010525318569618825,0.0005135390784004916
US-natural/gru-mae-0.001-s42,gru,base,42,mae,0.001,22,0.022979348399398965,0.018802375764189326,0.0009844599644222806,0.0006348239509217966
US-natural/gru-mae-0.001-s42,gru,base,42,mae,0.001,23,0.018892459338912267,0.018848523065150096,0.0007465044770784951,0.0006716504268507092
US-natural/gru-mae-0.001-s42,gru,base,42,mae,0.001,24,0.01817166246412786,0.017343195818915566,0.0007423521866800709,0.0005936537174048884
US-natural/gru-mae-0.001-s42,gru,base,42,mae,0.001,25,0.016585032922854095,0.016273540600963466,0.0006252895383036967,0.0005086943218088597
US-natural/gru-mae-0.001-s42,gru,base,42,mae,0.001,26,0.016918180829437707,0.01702933692436509,0.0006339585413978355,0.000545175406886012
US-natural/gru-mae-0.001-s42,gru,base,42,mae,0.001,27,0.017208060963181174,0.019520898474520456,0.0007161708794251436,0.00066713319099492
US-natural/gru-mae-0.001-s42,gru,base,42,mae,0.001,28,0.016529358690322384,0.028526702355872013,0.0006465730713297087,0.0017175487599612681
US-natural/gru-mae-0.001-s42,gru,base,42,mae,0.001,29,0.021802335613753242,0.03041113471184537,0.0010857397392780364,0.0012547338811778664
US-natural/gru-mae-0.001-s42,gru,base,42,mae,0.001,30,0.026818422272536505,0.023786608283913456,0.0011764539561704111,0.0008377359683613778
US-natural/gru-mae-0.001-s43,gru,base,43,mae,0.001,1,0.09070115052101264,0.036275497832571155,0.017084286752112897,0.0024836699843498104
US-natural/gru-mae-0.001-s43,gru,base,43,mae,0.001,2,0.03362051757367418,0.02425325763289257,0.002101205972210206,0.0010063063488409867
US-natural/gru-mae-0.001-s43,gru,base,43,mae,0.001,3,0.02910826136084007,0.037483429473510604,0.001519314001250291,0.0027524697225021827
US-natural/gru-mae-0.001-s43,gru,base,43,mae,0.001,4,0.03609512254276947,0.05526851981452237,0.0019872876168427786,0.003990090480889569
US-natural/gru-mae-0.001-s43,gru,base,43,mae,0.001,5,0.03593713711565007,0.025442858149639848,0.0018764298851786283,0.0013267976775204182
US-natural/gru-mae-0.001-s43,gru,base,43,mae,0.001,6,0.026309153650739003,0.020354431294083486,0.001173605446875671,0.0009523012938959007
US-natural/gru-mae-0.001-s43,gru,base,43,mae,0.001,7,0.02091212874838531,0.034274527245667354,0.0008823961367912615,0.0019858642133263452
US-natural/gru-mae-0.001-s43,gru,base,43,mae,0.001,8,0.03013027626886781,0.026733451917425596,0.0014910004559047932,0.0011095906658044323
US-natural/gru-mae-0.001-s43,gru,base,43,mae,0.001,9,0.022025106975189276,0.022745789752988837,0.0009223238160733747,0.0009363288902782995
US-natural/gru-mae-0.001-s43,gru,base,43,mae,0.001,10,0.027738104080716156,0.02722651489225074,0.0012564215351208493,0.0011193021407635165
US-natural/gru-mae-0.001-s43,gru,base,43,mae,0.001,11,0.022673236614124806,0.01980028626374656,0.0009371080588110002,0.0006690559838479976
US-natural/gru-mae-0.001-s43,gru,base,43,mae,0.001,12,0.018060632230346894,0.022961894893521403,0.0006971433075874486,0.0008170147448832178
US-natural/gru-mae-0.001-s43,gru,base,43,mae,0.001,13,0.018962306520665537,0.020446356254961433,0.0007623857475423249,0.0008109767785454922
US-natural/gru-mae-0.001-s43,gru,base,43,mae,0.001,14,0.019440843423766944,0.017243190185888924,0.0007649890835624408,0.0005540883010882199
US-natural/gru-mae-0.001-s43,gru,base,43,mae,0.001,15,0.02675310740133091,0.017124680386586683,0.0011892713305747937,0.00059352614582103
US-natural/gru-mae-0.001-s43,gru,base,43,mae,0.001,16,0.017347412334741796,0.017448750325706554,0.0006616088408469033,0.0005856372287894634
US-natural/gru-mae-0.001-s43,gru,base,43,mae,0.001,17,0.017478805464684118,0.01959658932694354,0.0006601530800093979,0.0006783908558157266
US-natural/gru-mae-0.001-s43,gru,base,43,mae,0.001,18,0.01745215376447363,0.017591211192677175,0.000670457458103299,0.0005438342399847627
US-natural/gru-mae-0.001-s43,gru,base,43,mae,0.001,19,0.021068346630449205,0.02899250039786119,0.0008705618961124074,0.0012416536317177032
US-natural/gru-mae-0.001-s43,gru,base,43,mae,0.001,20,0.021674299232853585,0.02805961381289314,0.0008502321710902468,0.0011130924331134665
US-natural/gru-mae-0.001-s43,gru,base,43,mae,0.001,21,0.02474007003852092,0.021821052045699084,0.0010431694301669577,0.0007820301924291544
US-natural/gru-mae-0.001-s43,gru,base,43,mae,0.001,22,0.018146621062829688,0.01680659968525771,0.0007060339115746624,0.0005338294353047906
US-natural/gru-mae-0.001-s43,gru,base,43,mae,0.001,23,0.01897712512065674,0.01787395647170594,0.0007806434179316841,0.0005937541975082843
US-natural/gru-mae-0.001-s43,gru,base,43,mae,0.001,24,0.018410505175787913,0.016414087479335315,0.0007109470622224267,0.0005137234097034216
US-natural/gru-mae-0.001-s43,gru,base,43,mae,0.001,25,0.018332723003261445,0.017224971485244274,0.0007528661968295216,0.0005537656500479065
US-natural/gru-mae-0.001-s43,gru,base,43,mae,0.001,26,0.017735118775381434,0.016612537123185195,0.0006885749810186369,0.0005459629397557412
US-natural/gru-mae-0.001-s43,gru,base,43,mae,0.001,27,0.017038493325575693,0.016949224828948443,0.0006439260302883419,0.0005232376128103945
US-natural/gru-mae-0.001-s43,gru,base,43,mae,0.001,28,0.016419315278639445,0.01615849381319922,0.0006450461275714265,0.0005041232318348098
US-natural/gru-mae-0.001-s43,gru,base,43,mae,0.001,29,0.016393268803287692,0.01779970631608224,0.0006207895352043821,0.00057408944465181
US-natural/gru-mae-0.001-s43,gru,base,43,mae,0.001,30,0.015799350921731122,0.015624240933810731,0.0006414046806980183,0.0004870520670924566
US-natural/gru-mae-0.001-s44,gru,base,44,mae,0.001,1,0.09853964710864695,0.0713830375513877,0.016215510621822575,0.006555195248941801
US-natural/gru-mae-0.001-s44,gru,base,44,mae,0.001,2,0.05054800903136908,0.026590864321358248,0.0038295255964803728,0.0011811293401903758
US-natural/gru-mae-0.001-s44,gru,base,44,mae,0.001,3,0.030758061113006344,0.04090803220477561,0.001646684066512586,0.002396509762515443
US-natural/gru-mae-0.001-s44,gru,base,44,mae,0.001,4,0.038072409661652366,0.03226569772634308,0.002131995172524101,0.0016014595004320762
US-natural/gru-mae-0.001-s44,gru,base,44,mae,0.001,5,0.030813244540298032,0.025584629263040348,0.0015896657810062491,0.0011333838309490888
US-natural/gru-mae-0.001-s44,gru,base,44,mae,0.001,6,0.027163456420753896,0.019514886784746752,0.0012905382385295099,0.0007045102468591039
US-natural/gru-mae-0.001-s44,gru,base,44,mae,0.001,7,0.026107548467982283,0.041356658922562343,0.0012907252106031638,0.0022996397587898665
US-natural/gru-mae-0.001-s44,gru,base,44,mae,0.001,8,0.035060039427123775,0.026065543482929096,0.001904192929887612,0.0010031977220925435
US-natural/gru-mae-0.001-s44,gru,base,44,mae,0.001,9,0.03617528762307578,0.021704363608421973,0.001978740465973122,0.0008686587716539968
US-natural/gru-mae-0.001-s44,gru,base,44,mae,0.001,10,0.025034973019250256,0.03417785669380599,0.0010734422220930542,0.001579644590121936
US-natural/gru-mae-0.001-s44,gru,base,44,mae,0.001,11,0.02115974034508571,0.02085506100341992,0.0008749125726772005,0.0007844841450020888
US-natural/gru-mae-0.001-s44,gru,base,44,mae,0.001,12,0.02511104306449399,0.02973325481836469,0.0011027025827869852,0.0013499497935461312
US-natural/gru-mae-0.001-s44,gru,base,44,mae,0.001,13,0.02421358596549954,0.017456233540265795,0.0010334402056759466,0.0005998313443947883
US-natural/gru-mae-0.001-s44,gru,base,44,mae,0.001,14,0.017782933451610663,0.01621529619497472,0.0006731028776271697,0.0005590081658580791
US-natural/gru-mae-0.001-s44,gru,base,44,mae,0.001,15,0.024539209935051206,0.01726364228444135,0.0010066141172123616,0.0005978158436356419
US-natural/gru-mae-0.001-s44,gru,base,44,mae,0.001,16,0.0195732262506611,0.019867340497635118,0.0007451864574503146,0.0006945817543172762
US-natural/gru-mae-0.001-s44,gru,base,44,mae,0.001,17,0.019789745052230835,0.02286776778498024,0.0007624695965624814,0.0008243631920237135
US-natural/gru-mae-0.001-s44,gru,base,44,mae,0.001,18,0.02200973814617148,0.01910131619729714,0.0008819565650962811,0.0007250455329572457
US-natural/gru-mae-0.001-s44,gru,base,44,mae,0.001,19,0.01788898627978291,0.018765099388253947,0.0006845693204182718,0.0006341091789391623
US-natural/gru-mae-0.001-s44,gru,base,44,mae,0.001,20,0.017493575588518374,0.016463947405175997,0.0006815794880025407,0.00053985062612664
US-natural/gru-mae-0.001-s44,gru,base,44,mae,0.001,21,0.01636886719788078,0.015684015029632795,0.0006089097468815409,0.0005142646573841566
US-natural/gru-mae-0.001-s44,gru,base,44,mae,0.001,22,0.019788440665185092,0.025389687960070385,0.0007257501055376958,0.0009932274491120739
US-natural/gru-mae-0.001-s44,gru,base,44,mae,0.001,23,0.018783016474555932,0.016254906646792553,0.0007205218784779365,0.0005443148975601626
US-natural/gru-mae-0.001-s44,gru,base,44,mae,0.001,24,0.016290793176115096,0.01631376783119721,0.0006135097228218871,0.0005326768804750463
US-natural/gru-mae-0.001-s44,gru,base,44,mae,0.001,25,0.016118272716003825,0.015692942887795987,0.0006007504667148899,0.0005098350150686993
US-natural/gru-mae-0.001-s44,gru,base,44,mae,0.001,26,0.016330795541022465,0.016729493590564932,0.000605050335695872,0.0005648477237077918
US-natural/gru-mae-0.001-s44,gru,base,44,mae,0.001,27,0.01644134992082556,0.015575001502016546,0.0006311038027443043,0.0005107456797699015
US-natural/gru-mae-0.001-s44,gru,base,44,mae,0.001,28,0.01797022713911792,0.016395123614818867,0.0006620190214196529,0.0005778353486030922
US-natural/gru-mae-0.001-s44,gru,base,44,mae,0.001,29,0.017329195610157378,0.01626943973531934,0.0006353450906644463,0.0005209502935410295
US-natural/gru-mae-0.001-s44,gru,base,44,mae,0.001,30,0.015770593055205978,0.016095308817978174,0.0005950822392534499,0.0005194189141345564
US-natural/gru-huber-0.0001-s42,gru,base,42,huber,0.0001,1,0.12015061823249942,0.08784281596165261,0.021518676664164144,0.011231912115514091
US-natural/gru-huber-0.0001-s42,gru,base,42,huber,0.0001,2,0.0925318860719518,0.06297409236864915,0.01316861051942528,0.005641720898249548
US-natural/gru-huber-0.0001-s42,gru,base,42,huber,0.0001,3,0.06753898155324842,0.043324539021535435,0.006349018475108934,0.002872365359062143
US-natural/gru-huber-0.0001-s42,gru,base,42,huber,0.0001,4,0.0441828052808856,0.05003633558435998,0.0030836672002316975,0.003840838362170252
US-natural/gru-huber-0.0001-s42,gru,base,42,huber,0.0001,5,0.04363983967031818,0.046992704224006164,0.002923112915161179,0.0033163409380841382
US-natural/gru-huber-0.0001-s42,gru,base,42,huber,0.0001,6,0.044153601957856004,0.04174971306416042,0.00287519758835228,0.0025712321327656814
US-natural/gru-huber-0.0001-s42,gru,base,42,huber,0.0001,7,0.031025079279478073,0.0280717129825534,0.0016106832622649375,0.0012712606710836218
US-natural/gru-huber-0.0001-s42,gru,base,42,huber,0.0001,8,0.029385688612045966,0.031051756773344524,0.0014499966185383564,0.0015072075616994766
US-natural/gru-huber-0.0001-s42,gru,base,42,huber,0.0001,9,0.03216283743591221,0.02533479884196013,0.0017412954779274902,0.0010858647936731285
US-natural/gru-huber-0.0001-s42,gru,base,42,huber,0.0001,10,0.026025353463738226,0.02516492262359604,0.0011023344926986587,0.0010700196149306352
US-natural/gru-huber-0.0001-s42,gru,base,42,huber,0.0001,11,0.02626319194012834,0.0241657374848727,0.0011885501690171666,0.0009737134859854123
US-natural/gru-huber-0.0001-s42,gru,base,42,huber,0.0001,12,0.024349642712456997,0.024205783719334677,0.0011430742316142018,0.0009632623291119957
US-natural/gru-huber-0.0001-s42,gru,base,42,huber,0.0001,13,0.025318756487711102,0.023858017703477275,0.0010951863749091813,0.0009890632817399633
US-natural/gru-huber-0.0001-s42,gru,base,42,huber,0.0001,14,0.021009811023315405,0.024752067306388254,0.0008581758158662844,0.0010639996259672276
US-natural/gru-huber-0.0001-s42,gru,base,42,huber,0.0001,15,0.01917394121389013,0.024022631951148194,0.0007869539753264496,0.0010044295705701433
US-natural/gru-huber-0.0001-s42,gru,base,42,huber,0.0001,16,0.01917705795734805,0.025635625522028433,0.0007820272326205287,0.0011223970375386389
US-natural/gru-huber-0.0001-s42,gru,base,42,huber,0.0001,17,0.018942190206617266,0.026074849150038028,0.0007445090415930727,0.0011514648334746442
US-natural/gru-huber-0.0001-s42,gru,base,42,huber,0.0001,18,0.01833382881118011,0.02563469653899355,0.0007103230914129908,0.0011173439201997962
US-natural/gru-huber-0.0001-s42,gru,base,42,huber,0.0001,19,0.017960539092086853,0.027700958095401636,0.0006874671084953973,0.00127677484518568
US-natural/gru-huber-0.0001-s42,gru,base,42,huber,0.0001,20,0.017124554306159508,0.026145967564208412,0.0006631302254794109,0.001163101454671006
US-natural/gru-huber-0.0001-s42,gru,base,42,huber,0.0001,21,0.018068838279614096,0.02758352801460578,0.0006747131633595845,0.0012733445679065486
US-natural/gru-huber-0.0001-s42,gru,base,42,huber,0.0001,22,0.01700785815897359,0.02480401980245175,0.000650897398136357,0.0010572395630086447
US-natural/gru-huber-0.0001-s42,gru,base,42,huber,0.0001,23,0.015948153390080544,0.024646342343336416,0.0006114822561417616,0.0010354314228363463
US-natural/gru-huber-0.0001-s42,gru,base,42,huber,0.0001,24,0.01581131161504736,0.024098942074678217,0.0005960369007084632,0.0009909485375581917
US-natural/gru-huber-0.0001-s42,gru,base,42,huber,0.0001,25,0.015644221837686125,0.02545980480376635,0.0005959834981285796,0.0010995174817837647
US-natural/gru-huber-0.0001-s42,gru,base,42,huber,0.0001,26,0.015725724923073593,0.0253792434381562,0.0005990555562666159,0.0011001160175326092
US-natural/gru-huber-0.0001-s42,gru,base,42,huber,0.0001,27,0.015656045609683394,0.026482439430134192,0.0005865059963685873,0.0011740082589279533
US-natural/gru-huber-0.0001-s42,gru,base,42,huber,0.0001,28,0.015238107476677368,0.026977968389935516,0.000569897645982679,0.001220710028675695
US-natural/gru-huber-0.0001-s42,gru,base,42,huber,0.0001,29,0.015848164615257655,0.024837160685329453,0.0005946172310442362,0.0010445513812820174
US-natural/gru-huber-0.0001-s42,gru,base,42,huber,0.0001,30,0.015538360464511151,0.024479313864113287,0.0005705842070992478,0.0010440990429838694
US-natural/gru-huber-0.0001-s43,gru,base,43,huber,0.0001,1,0.08100103245577561,0.08936320527609201,0.014143770710494257,0.015648386552564106
US-natural/gru-huber-0.0001-s43,gru,base,43,huber,0.0001,2,0.06510818987734465,0.06618770365389193,0.006609934799570587,0.008542191148766204
US-natural/gru-huber-0.0001-s43,gru,base,43,huber,0.0001,3,0.052106639959500614,0.056215012919168916,0.004870363973568719,0.006915240211076562
US-natural/gru-huber-0.0001-s43,gru,base,43,huber,0.0001,4,0.04344575355104835,0.05210601875449019,0.0029790821131879504,0.006633953864010541
US-natural/gru-huber-0.0001-s43,gru,base,43,huber,0.0001,5,0.038599056141190545,0.058421987521570413,0.0023966123060789124,0.006857065019986152
US-natural/gru-huber-0.0001-s43,gru,base,43,huber,0.0001,6,0.03450620251806401,0.04665912764307101,0.0019796331022682574,0.0050807690979657585
US-natural/gru-huber-0.0001-s43,gru,base,43,huber,0.0001,7,0.02695173750664549,0.035941997291010046,0.0013697255925298984,0.0031887281206687125
US-natural/gru-huber-0.0001-s43,gru,base,43,huber,0.0001,8,0.024237191623021143,0.03523487544592578,0.0010851534375308286,0.0029969068185674774
US-natural/gru-huber-0.0001-s43,gru,base,43,huber,0.0001,9,0.022259414671109815,0.031803189682334795,0.0009593464066632205,0.0025484049021315047
US-natural/gru-huber-0.0001-s43,gru,base,43,huber,0.0001,10,0.020682910697681075,0.030214911169883337,0.0008607549040967221,0.002243820706011481
US-natural/gru-huber-0.0001-s43,gru,base,43,huber,0.0001,11,0.019805149769574534,0.02893909241699282,0.0008147784442409311,0.0020631000222867224
US-natural/gru-huber-0.0001-s43,gru,base,43,huber,0.0001,12,0.019615377056433743,0.02728322745315427,0.0007771601016128946,0.001803415248153568
US-natural/gru-huber-0.0001-s43,gru,base,43,huber,0.0001,13,0.018738332302652472,0.028102864567060792,0.000746171408477795,0.0019291525461469098
US-natural/gru-huber-0.0001-s43,gru,base,43,huber,0.0001,14,0.01883510197355596,0.027064255445385176,0.0007186011036987994,0.001688241276468488
US-natural/gru-huber-0.0001-s43,gru,base,43,huber,0.0001,15,0.01792674652491428,0.0269705700366137,0.0006944207267774696,0.001739801706097032
US-natural/gru-huber-0.0001-s43,gru,base,43,huber,0.0001,16,0.017522890665500977,0.02713640859315903,0.0006684845802601834,0.0016001252632610837
US-natural/gru-huber-0.0001-s43,gru,base,43,huber,0.0001,17,0.01754055173634808,0.025578999270514453,0.0006780764770028226,0.0015913249184777304
US-natural/gru-huber-0.0001-s43,gru,base,43,huber,0.0001,18,0.017951835476703523,0.026111665071360042,0.0006820503043569009,0.0016246170049123484
US-natural/gru-huber-0.0001-s43,gru,base,43,huber,0.0001,19,0.01701251812743562,0.02623338340385483,0.0006441701891331232,0.0016460326289200085
US-natural/gru-huber-0.0001-s43,gru,base,43,huber,0.0001,20,0.016742503423449868,0.025710939405987728,0.0006268428748388631,0.0015487848806980881
US-natural/gru-huber-0.0001-s43,gru,base,43,huber,0.0001,21,0.016735934194252927,0.026400199336485873,0.0006529299191887519,0.0016521159400489857
US-natural/gru-huber-0.0001-s43,gru,base,43,huber,0.0001,22,0.016139179177081336,0.023839046692006014,0.0006038983144113167,0.0013769721495737871
US-natural/gru-huber-0.0001-s43,gru,base,43,huber,0.0001,23,0.01607740447611606,0.02442051627634245,0.0005996509566422673,0.0014386252057134441
US-natural/gru-huber-0.0001-s43,gru,base,43,huber,0.0001,24,0.016285963746410996,0.02468917723549345,0.0006082591162940817,0.001457530853584149
US-natural/gru-huber-0.0001-s43,gru,base,43,huber,0.0001,25,0.016016122789089877,0.02667288026855891,0.0006000450945468115,0.0016284581891606923
US-natural/gru-huber-0.0001-s43,gru,base,43,huber,0.0001,26,0.01565070183346806,0.02490101247901736,0.0005949810381735731,0.001501138634369357
US-natural/gru-huber-0.0001-s43,gru,base,43,huber,0.0001,27,0.015651866799936878,0.026330748861451828,0.0005868992437180252,0.0016278297128929442
US-natural/gru-huber-0.0001-s43,gru,base,43,huber,0.0001,28,0.015898922960608873,0.025094619361759298,0.0005907579373872721,0.0014429312064907162
US-natural/gru-huber-0.0001-s43,gru,base,43,huber,0.0001,29,0.01597983130209145,0.025221703259233154,0.0005939143957508972,0.0014797810743666336
US-natural/gru-huber-0.0001-s43,gru,base,43,huber,0.0001,30,0.015071377289511403,0.02629881096922278,0.0005660340535099449,0.001608696786715974
US-natural/gru-huber-0.0001-s44,gru,base,44,huber,0.0001,1,0.12985638369624916,0.08590306237217205,0.025816569163472605,0.010849407553456952
US-natural/gru-huber-0.0001-s44,gru,base,44,huber,0.0001,2,0.0731883891819153,0.06077377661984253,0.007614503149778422,0.0067044816798633
US-natural/gru-huber-0.0001-s44,gru,base,44,huber,0.0001,3,0.053694193667264536,0.04837339358912065,0.004749415181483163,0.004681922303121516
US-natural/gru-huber-0.0001-s44,gru,base,44,huber,0.0001,4,0.03994131326585277,0.04939907181470194,0.002872467949902227,0.0043259757973262624
US-natural/gru-huber-0.0001-s44,gru,base,44,huber,0.0001,5,0.03949575566080794,0.043314227064356725,0.002755430039203639,0.003432640940405252
US-natural/gru-huber-0.0001-s44,gru,base,44,huber,0.0001,6,0.035038828771149846,0.04152278408083331,0.0021469196050778287,0.0030632960137791636
US-natural/gru-huber-0.0001-s44,gru,base,44,huber,0.0001,7,0.03200461664678616,0.037273783953697334,0.0018516266946130041,0.0026149768269400765
US-natural/gru-huber-0.0001-s44,gru,base,44,huber,0.0001,8,0.029097539690026635,0.03423804599926396,0.0014681656896533772,0.0021464220079341367
US-natural/gru-huber-0.0001-s44,gru,base,44,huber,0.0001,9,0.027563497498432166,0.033212842797676105,0.001294469470734506,0.0018990330347025035
US-natural/gru-huber-0.0001-s44,gru,base,44,huber,0.0001,10,0.024209343065667827,0.03332773522682709,0.0010685023963762689,0.001866305732077751
US-natural/gru-huber-0.0001-s44,gru,base,44,huber,0.0001,11,0.02256064254638317,0.03154166659157627,0.0009273648305675178,0.0016919877872215226
US-natural/gru-huber-0.0001-s44,gru,base,44,huber,0.0001,12,0.02315325067750874,0.026966416916072395,0.0009392125959298106,0.0013113891191368584
US-natural/gru-huber-0.0001-s44,gru,base,44,huber,0.0001,13,0.021310554741970706,0.02597228885973164,0.0008537952083889497,0.0012631321914127708
US-natural/gru-huber-0.0001-s44,gru,base,44,huber,0.0001,14,0.019447457801023815,0.0252027921789624,0.0007510789592583096,0.0011886703245478276
US-natural/gru-huber-0.0001-s44,gru,base,44,huber,0.0001,15,0.0193993331634167,0.025076846060790012,0.0007421809015018709,0.0011659068262300984
US-natural/gru-huber-0.0001-s44,gru,base,44,huber,0.0001,16,0.01973870487269872,0.029664534310859324,0.0007492947811330138,0.0015132136417789512
US-natural/gru-huber-0.0001-s44,gru,base,44,huber,0.0001,17,0.018527508661195426,0.026403359921961217,0.0007076190452502968,0.0012736304811652476
US-natural/gru-huber-0.0001-s44,gru,base,44,huber,0.0001,18,0.01853355102806246,0.024201279947622237,0.0007146167636060479,0.0010939699953764065
US-natural/gru-huber-0.0001-s44,gru,base,44,huber,0.0001,19,0.018040215226834317,0.025787161247808835,0.0006644857646026994,0.0012392141286636578
US-natural/gru-huber-0.0001-s44,gru,base,44,huber,0.0001,20,0.018084844018687603,0.024376307985206392,0.0006711185230315486,0.0011358961449588125
US-natural/gru-huber-0.0001-s44,gru,base,44,huber,0.0001,21,0.01742338633036285,0.02383736989948912,0.0006614721830471761,0.0010769232797156066
US-natural/gru-huber-0.0001-s44,gru,base,44,huber,0.0001,22,0.018322744869665102,0.027569966319732804,0.0006895272953891394,0.0013610775614947104
US-natural/gru-huber-0.0001-s44,gru,base,44,huber,0.0001,23,0.0169895379342629,0.02490777108305699,0.000648779174059661,0.0012170374327825568
US-natural/gru-huber-0.0001-s44,gru,base,44,huber,0.0001,24,0.01784073980141249,0.024018147669171618,0.0006780880884965269,0.0010889990975723653
US-natural/gru-huber-0.0001-s44,gru,base,44,huber,0.0001,25,0.019822013672009416,0.025460469444683116,0.0007620139143744414,0.0012220605900595213
US-natural/gru-huber-0.0001-s44,gru,base,44,huber,0.0001,26,0.018440247606825257,0.02389727695498213,0.0007205135807264478,0.0010284903930045258
US-natural/gru-huber-0.0001-s44,gru,base,44,huber,0.0001,27,0.02130133081139219,0.028309349493090177,0.0008291985539251951,0.0014162948832204853
US-natural/gru-huber-0.0001-s44,gru,base,44,huber,0.0001,28,0.016238830322382523,0.023941628002693848,0.0006191591132475848,0.0011003395366636164
US-natural/gru-huber-0.0001-s44,gru,base,44,huber,0.0001,29,0.016613289317929394,0.028890645715638905,0.0006174494262174676,0.0014531694502058084
US-natural/gru-huber-0.0001-s44,gru,base,44,huber,0.0001,30,0.015756626174645273,0.024725427500574944,0.0005935145506610444,0.0011762595762843722
US-natural/gru-huber-0.001-s42,gru,base,42,huber,0.001,1,0.1410952502712902,0.06835059294925849,0.03206662597716116,0.008332825371262892
US-natural/gru-huber-0.001-s42,gru,base,42,huber,0.001,2,0.09232517624321321,0.0485677633467107,0.012571964022451424,0.003996720594777713
US-natural/gru-huber-0.001-s42,gru,base,42,huber,0.001,3,0.033104918107928975,0.025648591480044544,0.0020859331639537615,0.0013294471409705504
US-natural/gru-huber-0.001-s42,gru,base,42,huber,0.001,4,0.03691341566003982,0.029824414078011327,0.0023368768525300647,0.0017107474675308065
US-natural/gru-huber-0.001-s42,gru,base,42,huber,0.001,5,0.03935295203481146,0.02557718305339536,0.00226275234490837,0.0011238661330050662
US-natural/gru-huber-0.001-s42,gru,base,42,huber,0.001,6,0.035616027072919186,0.01982969377258378,0.0022175079802322193,0.0007098356422837524
US-natural/gru-huber-0.001-s42,gru,base,42,huber,0.001,7,0.025078273134125535,0.024025792168188384,0.0011057011764876376,0.0009406753208245262
US-natural/gru-huber-0.001-s42,gru,base,42,huber,0.001,8,0.022746604258187315,0.020242452070957925,0.0009334054570672037,0.0007514958451107197
US-natural/gru-huber-0.001-s42,gru,base,42,huber,0.001,9,0.02861503469899128,0.04446803463101175,0.0013138898850590813,0.0025300059762130415
US-natural/gru-huber-0.001-s42,gru,base,42,huber,0.001,10,0.02732781863811078,0.02332413653391387,0.001380220949118278,0.0009274482157936455
US-natural/gru-huber-0.001-s42,gru,base,42,huber,0.001,11,0.02664785430358361,0.029789448474551707,0.001297527676005871,0.001271324568681663
US-natural/gru-huber-0.001-s42,gru,base,42,huber,0.001,12,0.023279046233890585,0.03236186411801527,0.0009700716249142763,0.001570279996594947
US-natural/gru-huber-0.001-s42,gru,base,42,huber,0.001,13,0.026931633440325963,0.022962615505952428,0.0012581576283224735,0.0009330877446654911
US-natural/gru-huber-0.001-s42,gru,base,42,huber,0.001,14,0.022435632582775707,0.024218036262994968,0.0010377122031397573,0.0009948618717855449
US-natural/gru-huber-0.001-s42,gru,base,42,huber,0.001,15,0.023782548488565942,0.016337021609557228,0.0010851504875520855,0.0005400294001818034
US-natural/gru-huber-0.001-s42,gru,base,42,huber,0.001,16,0.0191298041342794,0.016831736174980086,0.0007346131850614936,0.0005747203265777077
US-natural/gru-huber-0.001-s42,gru,base,42,huber,0.001,17,0.022273217403777437,0.031952999002773215,0.0008959158602008787,0.0013853065476315616
US-natural/gru-huber-0.001-s42,gru,base,42,huber,0.001,18,0.023321273855195744,0.015952730422978515,0.0010507987202973503,0.0005804513381192217
US-natural/gru-huber-0.001-s42,gru,base,42,huber,0.001,19,0.02143169779799915,0.01963010862957157,0.0008860572417544362,0.0006758671049076641
US-natural/gru-huber-0.001-s42,gru,base,42,huber,0.001,20,0.02034367572907707,0.027008479840613164,0.000779173170183812,0.0011192285848390508
US-natural/gru-huber-0.001-s42,gru,base,42,huber,0.001,21,0.02017328503535484,0.018730440895659044,0.0008709521866540013,0.0006580736593323174
US-natural/gru-huber-0.001-s42,gru,base,42,huber,0.001,22,0.01909319149055051,0.023650825999837893,0.0008235322867931527,0.0008760160215684126
US-natural/gru-huber-0.001-s42,gru,base,42,huber,0.001,23,0.024782736490026984,0.026781323872393768,0.0010327244791399678,0.0010334947459197748
US-natural/gru-huber-0.001-s42,gru,base,42,huber,0.001,24,0.024743582855838112,0.02188588313116787,0.0010746706832095866,0.0008111063502935377
US-natural/gru-huber-0.001-s42,gru,base,42,huber,0.001,25,0.019909898150013042,0.017805571705312755,0.0007819929291324045,0.0005991057434121634
US-natural/gru-huber-0.001-s42,gru,base,42,huber,0.001,26,0.017557860856932773,0.016822787940010582,0.0006757278723136071,0.0005430167906673588
US-natural/gru-huber-0.001-s42,gru,base,42,huber,0.001,27,0.017833347577053283,0.02365593880715376,0.000675198604821762,0.0008205129556862807
US-natural/gru-huber-0.001-s42,gru,base,42,huber,0.001,28,0.018312671814232146,0.025073196809193777,0.0007037075089880555,0.0011903538349895067
US-natural/gru-huber-0.001-s42,gru,base,42,huber,0.001,29,0.02206123921052954,0.01996858346554676,0.0009634547971314965,0.0006524285615258187
US-natural/gru-huber-0.001-s42,gru,base,42,huber,0.001,30,0.020814120329510886,0.017173415297764873,0.0008179037684800393,0.0005396738596623337
US-natural/gru-huber-0.001-s43,gru,base,43,huber,0.001,1,0.09210126585924716,0.03620971348914406,0.017315490127658015,0.002553577649794204
US-natural/gru-huber-0.001-s43,gru,base,43,huber,0.001,2,0.046139199912720356,0.04459290341665912,0.0032341186024071812,0.0024650217853258703
US-natural/gru-huber-0.001-s43,gru,base,43,huber,0.001,3,0.033932541140088285,0.05581896897386726,0.0018048752600502585,0.0045004438342149695
US-natural/gru-huber-0.001-s43,gru,base,43,huber,0.001,4,0.0357281545627287,0.027634647366144537,0.0019070576395438855,0.0011848353713349784
US-natural/gru-huber-0.001-s43,gru,base,43,huber,0.001,5,0.03927385280248637,0.033222177194381065,0.0024917660668109212,0.0017459257534385847
US-natural/gru-huber-0.001-s43,gru,base,43,huber,0.001,6,0.03204925058216693,0.030086672417205564,0.001685027618971913,0.0015722386633301526
US-natural/gru-huber-0.001-s43,gru,base,43,huber,0.001,7,0.02471115430016047,0.021128853554048553,0.001107580098282561,0.0009148189851969336
US-natural/gru-huber-0.001-s43,gru,base,43,huber,0.001,8,0.020948318849613536,0.01757757483380001,0.0008874062889576123,0.0006936551509089158
US-natural/gru-huber-0.001-s43,gru,base,43,huber,0.001,9,0.019329630902313197,0.02721491808499127,0.0007570599536911548,0.0011856474376116695
US-natural/gru-huber-0.001-s43,gru,base,43,huber,0.001,10,0.020393247154962862,0.017295198095821876,0.0008141884131293119,0.0007048180828733806
US-natural/gru-huber-0.001-s43,gru,base,43,huber,0.001,11,0.01914474763485625,0.01784543698390906,0.0007262147800195514,0.0006311526502524048
US-natural/gru-huber-0.001-s43,gru,base,43,huber,0.001,12,0.01759139402204398,0.01607821005494896,0.0006739153998006083,0.0005828064655962382
US-natural/gru-huber-0.001-s43,gru,base,43,huber,0.001,13,0.016502393246982775,0.018622617304177785,0.0006388768251745538,0.0007098692205826612
US-natural/gru-huber-0.001-s43,gru,base,43,huber,0.001,14,0.01683396545168849,0.016301320963420997,0.0006479829139957777,0.000543107161322044
US-natural/gru-huber-0.001-s43,gru,base,43,huber,0.001,15,0.016731380582047508,0.01963532415380253,0.000645051308440265,0.0007862725664131014
US-natural/gru-huber-0.001-s43,gru,base,43,huber,0.001,16,0.016937547048824574,0.016437421088021507,0.0006383930111975165,0.0005451161667251392
US-natural/gru-huber-0.001-s43,gru,base,43,huber,0.001,17,0.01607502716390953,0.019496951861858767,0.0006331993469513747,0.0007892235146064081
US-natural/gru-huber-0.001-s43,gru,base,43,huber,0.001,18,0.022142912124016517,0.017422372507789743,0.0009351725526401374,0.0006173669444648243
US-natural/gru-huber-0.001-s43,gru,base,43,huber,0.001,19,0.027546382509499596,0.01799944871737715,0.001227895162448366,0.0006166154075941653
US-natural/gru-huber-0.001-s43,gru,base,43,huber,0.001,20,0.01788268807847669,0.019489727719794046,0.000682748956339922,0.0007461917171542167
US-natural/gru-huber-0.001-s43,gru,base,43,huber,0.001,21,0.017230217850931387,0.01931595124099548,0.0006568650547746522,0.00074220176039983
US-natural/gru-huber-0.001-s43,gru,base,43,huber,0.001,22,0.019099659663681216,0.02398102318801805,0.0007295566899078068,0.0008502948571190163
US-natural/gru-huber-0.001-s43,gru,base,43,huber,0.001,23,0.021213532745326856,0.017802646372486186,0.0008517286974279326,0.0005822743834670942
US-natural/gru-huber-0.001-s43,gru,base,43,huber,0.001,24,0.01703074121771496,0.017440248447008054,0.0006404761886755351,0.0006210880356962741
US-natural/gru-huber-0.001-s43,gru,base,43,huber,0.001,25,0.01714411078631139,0.01988291509907175,0.0006537774438110606,0.0006614980576456198
US-natural/gru-huber-0.001-s43,gru,base,43,huber,0.001,26,0.015904782877537556,0.016594940795541937,0.000581720744487478,0.0005509884442869896
US-natural/gru-huber-0.001-s43,gru,base,43,huber,0.001,27,0.01635042899526119,0.023186482834014685,0.000613602687081761,0.0008694000265233392
US-natural/gru-huber-0.001-s43,gru,base,43,huber,0.001,28,0.018322812181804864,0.02117188748081605,0.0006821019979134413,0.0007434578552886959
US-natural/gru-huber-0.001-s43,gru,base,43,huber,0.001,29,0.018790496408252744,0.01983194356638232,0.0007013496825043941,0.000736309167511359
US-natural/gru-huber-0.001-s43,gru,base,43,huber,0.001,30,0.016954733423840622,0.017221042766728693,0.0006080716345381575,0.0005713748633965731
US-natural/gru-huber-0.001-s44,gru,base,44,huber,0.001,1,0.0999611168605329,0.053135012096548015,0.016412457640036696,0.003910855950257643
US-natural/gru-huber-0.001-s44,gru,base,44,huber,0.001,2,0.056886545028942845,0.056510158081157204,0.004696513386309376,0.0038735096208119034
US-natural/gru-huber-0.001-s44,gru,base,44,huber,0.001,3,0.04083558870406881,0.028137580958973427,0.0026554460739477686,0.0015446295624598257
US-natural/gru-huber-0.001-s44,gru,base,44,huber,0.001,4,0.03225449510519052,0.0397282013227007,0.0016873822383895569,0.0023285350453632445
US-natural/gru-huber-0.001-s44,gru,base,44,huber,0.001,5,0.0340688836142586,0.027506640516097927,0.001818897240061467,0.0013220029265309872
US-natural/gru-huber-0.001-s44,gru,base,44,huber,0.001,6,0.028093850278756764,0.021094017414020057,0.0013671206178491966,0.0008296195275333877
US-natural/gru-huber-0.001-s44,gru,base,44,huber,0.001,7,0.0192103686358195,0.02852633802159378,0.0007344106642365093,0.0012351654904821745
US-natural/gru-huber-0.001-s44,gru,base,44,huber,0.001,8,0.021846357969781686,0.021018365215224384,0.0008469541184308137,0.0007960694012161515
US-natural/gru-huber-0.001-s44,gru,base,44,huber,0.001,9,0.024223027771401538,0.034209578553235996,0.0010368524574792136,0.0017607257884748242
US-natural/gru-huber-0.001-s44,gru,base,44,huber,0.001,10,0.020535942305468187,0.018626435131772638,0.0008224788868123488,0.0006790636859441144
US-natural/gru-huber-0.001-s44,gru,base,44,huber,0.001,11,0.026333955472181068,0.022838160871694303,0.0012323638863163512,0.0008839974594574239
US-natural/gru-huber-0.001-s44,gru,base,44,huber,0.001,12,0.020992635725124116,0.017650085079888952,0.0008686027351257821,0.0005917779181648117
US-natural/gru-huber-0.001-s44,gru,base,44,huber,0.001,13,0.021990644844962177,0.024719186404348076,0.0008380591563189859,0.000981374469312697
US-natural/gru-huber-0.001-s44,gru,base,44,huber,0.001,14,0.020888444943797164,0.016374912606922882,0.0007970479186228601,0.0005457649887086638
US-natural/gru-huber-0.001-s44,gru,base,44,huber,0.001,15,0.026760253426729372,0.01853426003173958,0.0011740403735103191,0.0006689087461309067
US-natural/gru-huber-0.001-s44,gru,base,44,huber,0.001,16,0.022469357469800007,0.0225889669781509,0.0009223490272622378,0.0008832293799428779
US-natural/gru-huber-0.001-s44,gru,base,44,huber,0.001,17,0.021305293535538554,0.02333050605574982,0.0007990064402269508,0.000841857019168499
US-natural/gru-huber-0.001-s44,gru,base,44,huber,0.001,18,0.022013467575741345,0.015664164034748757,0.0008404735425603007,0.0005339234490460898
US-natural/gru-huber-0.001-s44,gru,base,44,huber,0.001,19,0.017644009011880825,0.023103040415770215,0.0006580958015511759,0.000855713014912553
US-natural/gru-huber-0.001-s44,gru,base,44,huber,0.001,20,0.020993633665807504,0.0179454784108868,0.0007841008751251821,0.0006347226396354444
US-natural/gru-huber-0.001-s44,gru,base,44,huber,0.001,21,0.01952575954149519,0.020956088653727833,0.0007030386538655827,0.0008070529117790383
US-natural/gru-huber-0.001-s44,gru,base,44,huber,0.001,22,0.017850320385213645,0.023272191683006836,0.0006922555790138916,0.0008319971290821432
US-natural/gru-huber-0.001-s44,gru,base,44,huber,0.001,23,0.018876112321718763,0.015955711020101102,0.0007322930054694917,0.0005127364226033506
US-natural/gru-huber-0.001-s44,gru,base,44,huber,0.001,24,0.016493972492337212,0.01719827456333921,0.0006029657690175649,0.0006168291734277715
US-natural/gru-huber-0.001-s44,gru,base,44,huber,0.001,25,0.016010095641351113,0.01737114956208741,0.0005979456801941497,0.0006209602462345213
US-natural/gru-huber-0.001-s44,gru,base,44,huber,0.001,26,0.015588422399595243,0.016552093632328825,0.0005952472659959946,0.0005668109354727236
US-natural/gru-huber-0.001-s44,gru,base,44,huber,0.001,27,0.016459252630633622,0.018356647361268266,0.0006114975680373958,0.000637577683564111
US-natural/gru-huber-0.001-s44,gru,base,44,huber,0.001,28,0.01786449559164815,0.019159001409043645,0.000679106176386548,0.0006819010925629635
US-natural/gru-huber-0.001-s44,gru,base,44,huber,0.001,29,0.017146660011590244,0.016708831644626818,0.0006407098847642434,0.00053604670633559
US-natural/gru-huber-0.001-s44,gru,base,44,huber,0.001,30,0.015308932987197864,0.017464528719925695,0.0005754733538168317,0.0005889481757943454
US-natural/dlinear-mse-0.0001-s42,dlinear,base,42,mse,0.0001,1,0.12763142087677262,0.11385884044511999,0.027910508243023015,0.01719122235430362
US-natural/dlinear-mse-0.0001-s42,dlinear,base,42,mse,0.0001,2,0.06122484567945332,0.05799653167351647,0.006651697688619689,0.005139557197007078
US-natural/dlinear-mse-0.0001-s42,dlinear,base,42,mse,0.0001,3,0.05511435775766063,0.04349628415690943,0.004764421465943367,0.003989511712161365
US-natural/dlinear-mse-0.0001-s42,dlinear,base,42,mse,0.0001,4,0.04013860208450044,0.039158997483113835,0.0031684322509137803,0.003176855047272911
US-natural/dlinear-mse-0.0001-s42,dlinear,base,42,mse,0.0001,5,0.03800136481445608,0.03681620895460244,0.0028000518181760807,0.002646140267030763
US-natural/dlinear-mse-0.0001-s42,dlinear,base,42,mse,0.0001,6,0.0338879286630025,0.03611345980338745,0.0022508608059068186,0.0023979907203167646
US-natural/dlinear-mse-0.0001-s42,dlinear,base,42,mse,0.0001,7,0.030970155289986277,0.03253524899631923,0.001940412260737461,0.001992266073178474
US-natural/dlinear-mse-0.0001-s42,dlinear,base,42,mse,0.0001,8,0.03016022433906113,0.034454952990251114,0.0017767278389981397,0.001968061381115868
US-natural/dlinear-mse-0.0001-s42,dlinear,base,42,mse,0.0001,9,0.027950245075851598,0.029394293738602962,0.0015353707225122875,0.0015478586286972844
US-natural/dlinear-mse-0.0001-s42,dlinear,base,42,mse,0.0001,10,0.026042168058641037,0.029083122944244925,0.001364270910017554,0.0014522248649608829
US-natural/dlinear-mse-0.0001-s42,dlinear,base,42,mse,0.0001,11,0.025346215632103025,0.026702228898277332,0.0012577683551584454,0.0012616925561007122
US-natural/dlinear-mse-0.0001-s42,dlinear,base,42,mse,0.0001,12,0.024438160094113506,0.026811919934698145,0.001155782891383645,0.0012532659534725376
US-natural/dlinear-mse-0.0001-s42,dlinear,base,42,mse,0.0001,13,0.023480325454091656,0.025198920923615777,0.0010982250179318877,0.0011395267054600375
US-natural/dlinear-mse-0.0001-s42,dlinear,base,42,mse,0.0001,14,0.022752114473994688,0.0243010742095587,0.0010345452280840087,0.0010762126049627789
US-natural/dlinear-mse-0.0001-s42,dlinear,base,42,mse,0.0001,15,0.023467038444173624,0.024138383454812826,0.0010415587366435035,0.0010634064971700816
US-natural/dlinear-mse-0.0001-s42,dlinear,base,42,mse,0.0001,16,0.02263917690031556,0.02614898746390058,0.0009647176431801502,0.0012041166972217093
US-natural/dlinear-mse-0.0001-s42,dlinear,base,42,mse,0.0001,17,0.021624602505236314,0.023503104975771825,0.0009025400061465819,0.0010367085283892585
US-natural/dlinear-mse-0.0001-s42,dlinear,base,42,mse,0.0001,18,0.02088895078389525,0.024166946143967284,0.0008514598169533853,0.00106047339852525
US-natural/dlinear-mse-0.0001-s42,dlinear,base,42,mse,0.0001,19,0.02064265891199906,0.023961725279808038,0.0008248914371987884,0.0010385452328321588
US-natural/dlinear-mse-0.0001-s42,dlinear,base,42,mse,0.0001,20,0.02192154572800269,0.02240569679768591,0.0009081609518802803,0.0009274233360519062
US-natural/dlinear-mse-0.0001-s42,dlinear,base,42,mse,0.0001,21,0.0230486977570166,0.022324232224054788,0.0009172252612516555,0.0009262282906732035
US-natural/dlinear-mse-0.0001-s42,dlinear,base,42,mse,0.0001,22,0.020095100038748016,0.022341369924308317,0.0007702024637411785,0.0009375133761935471
US-natural/dlinear-mse-0.0001-s42,dlinear,base,42,mse,0.0001,23,0.01987209573468872,0.024922613539291507,0.0007730936688195876,0.0010985132323960702
US-natural/dlinear-mse-0.0001-s42,dlinear,base,42,mse,0.0001,24,0.02002872912348902,0.02323870460148298,0.0007647019524964962,0.00099079460649538
US-natural/dlinear-mse-0.0001-s42,dlinear,base,42,mse,0.0001,25,0.019080887301350935,0.02243216031785295,0.0007153929505850713,0.0009442902502599596
US-natural/dlinear-mse-0.0001-s42,dlinear,base,42,mse,0.0001,26,0.02060313242238585,0.022110386569873772,0.0007910353533831908,0.0009305154312362427
US-natural/dlinear-mse-0.0001-s42,dlinear,base,42,mse,0.0001,27,0.020161829030602534,0.023199799881651283,0.0007676492988523484,0.0010161248948408334
US-natural/dlinear-mse-0.0001-s42,dlinear,base,42,mse,0.0001,28,0.018625343056216864,0.023734058925473697,0.0006821036342744088,0.0010467505830772995
US-natural/dlinear-mse-0.0001-s42,dlinear,base,42,mse,0.0001,29,0.018864743170060656,0.02282967677077195,0.0006788716814386705,0.0009640684218432125
US-natural/dlinear-mse-0.0001-s42,dlinear,base,42,mse,0.0001,30,0.018186202459314006,0.02404106510968604,0.0006540430331906634,0.0010421741106152573
US-natural/dlinear-mse-0.0001-s43,dlinear,base,43,mse,0.0001,1,0.3657163720357307,0.09035429335541094,0.18155981683230926,0.01122110820709017
US-natural/dlinear-mse-0.0001-s43,dlinear,base,43,mse,0.0001,2,0.12509990437685592,0.09808985485695543,0.022154134790148845,0.015095101584364504
US-natural/dlinear-mse-0.0001-s43,dlinear,base,43,mse,0.0001,3,0.07418950786169189,0.07183315533581217,0.008502113531770513,0.007218780551067712
US-natural/dlinear-mse-0.0001-s43,dlinear,base,43,mse,0.0001,4,0.07267100528197491,0.05736633503193687,0.007126806841519848,0.005149871356073258
US-natural/dlinear-mse-0.0001-s43,dlinear,base,43,mse,0.0001,5,0.05680665986254814,0.05235645357314662,0.005009255955801505,0.004535387066462775
US-natural/dlinear-mse-0.0001-s43,dlinear,base,43,mse,0.0001,6,0.05241034982421671,0.048360573879357355,0.004312707832847224,0.0037813967813392995
US-natural/dlinear-mse-0.0001-s43,dlinear,base,43,mse,0.0001,7,0.04970096741696199,0.04418838129412892,0.003693158432399647,0.0031461750223845696
US-natural/dlinear-mse-0.0001-s43,dlinear,base,43,mse,0.0001,8,0.04536346490905876,0.04146238290857949,0.0032236006936777624,0.0028306519444297267
US-natural/dlinear-mse-0.0001-s43,dlinear,base,43,mse,0.0001,9,0.0427330478294635,0.03867603545627809,0.0027582997651265997,0.002432774525802432
US-natural/dlinear-mse-0.0001-s43,dlinear,base,43,mse,0.0001,10,0.04010118990094689,0.03696853479729027,0.0026024520468065316,0.0022228087070868307
US-natural/dlinear-mse-0.0001-s43,dlinear,base,43,mse,0.0001,11,0.03698733180020615,0.03563851930674811,0.0021504659794827495,0.0020540998870341
US-natural/dlinear-mse-0.0001-s43,dlinear,base,43,mse,0.0001,12,0.03468601495315179,0.03414972152684629,0.001941207886890016,0.0018785610077591906
US-natural/dlinear-mse-0.0001-s43,dlinear,base,43,mse,0.0001,13,0.03365999214295798,0.03437012655893999,0.0017808207955613243,0.0018861007358162772
US-natural/dlinear-mse-0.0001-s43,dlinear,base,43,mse,0.0001,14,0.03160978018006658,0.03177890390050688,0.0016324151383791247,0.0016020927755837878
US-natural/dlinear-mse-0.0001-s43,dlinear,base,43,mse,0.0001,15,0.030452640352491275,0.03184956574343925,0.0015250502549156134,0.0016086562884525797
US-natural/dlinear-mse-0.0001-s43,dlinear,base,43,mse,0.0001,16,0.02979624668306272,0.030842738859800253,0.0014538309803804512,0.001519426306020554
US-natural/dlinear-mse-0.0001-s43,dlinear,base,43,mse,0.0001,17,0.029476464531948687,0.032465315401453664,0.001422286711536855,0.0016690847305715142
US-natural/dlinear-mse-0.0001-s43,dlinear,base,43,mse,0.0001,18,0.02792366446079216,0.032316426933483064,0.0013139134825010397,0.0016569106715737098
US-natural/dlinear-mse-0.0001-s43,dlinear,base,43,mse,0.0001,19,0.027012246057807963,0.028496489372577535,0.0012290704135853852,0.0013423519890127537
US-natural/dlinear-mse-0.0001-s43,dlinear,base,43,mse,0.0001,20,0.025790732988110736,0.029275689159767575,0.0011399554627034318,0.0014039802392337357
US-natural/dlinear-mse-0.0001-s43,dlinear,base,43,mse,0.0001,21,0.02531288058501472,0.029228682934273414,0.0010996026522636967,0.0014107139116858408
US-natural/dlinear-mse-0.0001-s43,dlinear,base,43,mse,0.0001,22,0.024859711894396647,0.030375411002401913,0.0010858817101277293,0.001514795145022925
US-natural/dlinear-mse-0.0001-s43,dlinear,base,43,mse,0.0001,23,0.024155771063472994,0.027711650297142378,0.0010240904463408255,0.0013202326759831436
US-natural/dlinear-mse-0.0001-s43,dlinear,base,43,mse,0.0001,24,0.024052926616207847,0.027406194494575487,0.0010111082813005524,0.0013036178460517887
US-natural/dlinear-mse-0.0001-s43,dlinear,base,43,mse,0.0001,25,0.023586686044439507,0.028538907022672245,0.0009758894948954458,0.0014056411898669473
US-natural/dlinear-mse-0.0001-s43,dlinear,base,43,mse,0.0001,26,0.023074847741498514,0.027137471892802564,0.0009477446773165723,0.0012980536074956434
US-natural/dlinear-mse-0.0001-s43,dlinear,base,43,mse,0.0001,27,0.022875247643467284,0.02868423697233005,0.000940785423902453,0.0014203064532966156
US-natural/dlinear-mse-0.0001-s43,dlinear,base,43,mse,0.0001,28,0.022772278789137276,0.028437832477421373,0.0009206424663697134,0.0014015106710699799
US-natural/dlinear-mse-0.0001-s43,dlinear,base,43,mse,0.0001,29,0.02213337239000926,0.028380696390531333,0.0008910138051383088,0.001401482523761436
US-natural/dlinear-mse-0.0001-s43,dlinear,base,43,mse,0.0001,30,0.02232656949738558,0.027901285755918673,0.0008946529424645307,0.0013615388719983672
US-natural/dlinear-mse-0.0001-s44,dlinear,base,44,mse,0.0001,1,0.25339022137744477,0.11826184122368764,0.1126488334618014,0.03155513160782625
US-natural/dlinear-mse-0.0001-s44,dlinear,base,44,mse,0.0001,2,0.10255582483520408,0.10374294966930626,0.019593079512176845,0.02324696520722213
US-natural/dlinear-mse-0.0001-s44,dlinear,base,44,mse,0.0001,3,0.08436785734738625,0.10208140183270378,0.011797521897901132,0.017226822469563894
US-natural/dlinear-mse-0.0001-s44,dlinear,base,44,mse,0.0001,4,0.06818041547221139,0.08094869146827974,0.0077647145709795655,0.013562085848466762
US-natural/dlinear-mse-0.0001-s44,dlinear,base,44,mse,0.0001,5,0.05890362290111955,0.07414747710890032,0.006644345627524319,0.010471334236000244
US-natural/dlinear-mse-0.0001-s44,dlinear,base,44,mse,0.0001,6,0.05126690744054732,0.06450216475581325,0.004588264400768236,0.00804249234611827
US-natural/dlinear-mse-0.0001-s44,dlinear,base,44,mse,0.0001,7,0.042892649057403545,0.058110284910142376,0.003511235001823373,0.006216010641211938
US-natural/dlinear-mse-0.0001-s44,dlinear,base,44,mse,0.0001,8,0.040222743662994276,0.049580321235773175,0.002837699158757516,0.0046262080247657135
US-natural/dlinear-mse-0.0001-s44,dlinear,base,44,mse,0.0001,9,0.03453215007621139,0.045513824013601205,0.002178972010413938,0.003811115212022576
US-natural/dlinear-mse-0.0001-s44,dlinear,base,44,mse,0.0001,10,0.03159648465915735,0.043770878436303194,0.0019356236064983674,0.003376200685594761
US-natural/dlinear-mse-0.0001-s44,dlinear,base,44,mse,0.0001,11,0.030960721798561262,0.03832998441400056,0.0016510494924266287,0.0028054488586162526
US-natural/dlinear-mse-0.0001-s44,dlinear,base,44,mse,0.0001,12,0.02734226233352258,0.03710315411075772,0.0014603883347961224,0.002517114353761151
US-natural/dlinear-mse-0.0001-s44,dlinear,base,44,mse,0.0001,13,0.026154566568708557,0.03533404767354706,0.0013460501319857675,0.002329798749227724
US-natural/dlinear-mse-0.0001-s44,dlinear,base,44,mse,0.0001,14,0.025691819278134662,0.034221477652040366,0.0012763765230449794,0.0022398374949181283
US-natural/dlinear-mse-0.0001-s44,dlinear,base,44,mse,0.0001,15,0.027458677723979967,0.0323570188075339,0.0013707566105623326,0.0020921124300413603
US-natural/dlinear-mse-0.0001-s44,dlinear,base,44,mse,0.0001,16,0.024879710361206092,0.036882411072689365,0.001176950400593672,0.002498840838483503
US-natural/dlinear-mse-0.0001-s44,dlinear,base,44,mse,0.0001,17,0.024511375033604097,0.03196242843087567,0.0011182404619677739,0.0020242066048085728
US-natural/dlinear-mse-0.0001-s44,dlinear,base,44,mse,0.0001,18,0.024298133799986403,0.032299649521884535,0.0011037426663774224,0.002024996882733548
US-natural/dlinear-mse-0.0001-s44,dlinear,base,44,mse,0.0001,19,0.023891749056497286,0.03351253386563295,0.001090667044020387,0.0021107445533158297
US-natural/dlinear-mse-0.0001-s44,dlinear,base,44,mse,0.0001,20,0.022355643018389822,0.031153269234826916,0.000981735816214434,0.0019089581569142152
US-natural/dlinear-mse-0.0001-s44,dlinear,base,44,mse,0.0001,21,0.022280649869870373,0.030706428163777534,0.0009936781787243294,0.0018506599491629923
US-natural/dlinear-mse-0.0001-s44,dlinear,base,44,mse,0.0001,22,0.02190445859090647,0.0346194110085418,0.0009601557020049616,0.0021625070734801392
US-natural/dlinear-mse-0.0001-s44,dlinear,base,44,mse,0.0001,23,0.021401679121416706,0.030117371788472652,0.0009256924972297674,0.0017768398579984263
US-natural/dlinear-mse-0.0001-s44,dlinear,base,44,mse,0.0001,24,0.02143582474393339,0.0321361412846375,0.0009118023172719526,0.0019255954578793354
US-natural/dlinear-mse-0.0001-s44,dlinear,base,44,mse,0.0001,25,0.021766923774915563,0.033763280520664615,0.0009313940407597378,0.002061290675257124
US-natural/dlinear-mse-0.0001-s44,dlinear,base,44,mse,0.0001,26,0.02092691489292091,0.029006515922503286,0.0008677743729794366,0.0016707875916987173
US-natural/dlinear-mse-0.0001-s44,dlinear,base,44,mse,0.0001,27,0.02059461220555888,0.03502650564902858,0.000843542795650546,0.0021373128422279646
US-natural/dlinear-mse-0.0001-s44,dlinear,base,44,mse,0.0001,28,0.022121809845931137,0.030378542986285204,0.0009490330769504418,0.0017548965038337286
US-natural/dlinear-mse-0.0001-s44,dlinear,base,44,mse,0.0001,29,0.019716364234762522,0.029109502420786835,0.0008060347864203914,0.0016499930252281338
US-natural/dlinear-mse-0.0001-s44,dlinear,base,44,mse,0.0001,30,0.01999587380700463,0.032051820203656704,0.0008119778939563926,0.0018595181498443924
US-natural/dlinear-mse-0.001-s42,dlinear,base,42,mse,0.001,1,0.1520189631281996,0.0409011918913143,0.03579479032456952,0.002616386249442458
US-natural/dlinear-mse-0.001-s42,dlinear,base,42,mse,0.001,2,0.05402129295535254,0.03453641532301923,0.004667172363032372,0.0017746242446854904
US-natural/dlinear-mse-0.001-s42,dlinear,base,42,mse,0.001,3,0.04891217660972723,0.027142771455805004,0.003573314572799706,0.0012033777045501993
US-natural/dlinear-mse-0.001-s42,dlinear,base,42,mse,0.001,4,0.03397882839503412,0.024495559017204138,0.0019554148386996947,0.0011004326503578393
US-natural/dlinear-mse-0.001-s42,dlinear,base,42,mse,0.001,5,0.022499249271076542,0.022375968827278398,0.0009851022099278731,0.0009935780970602949
US-natural/dlinear-mse-0.001-s42,dlinear,base,42,mse,0.001,6,0.02198774739614058,0.0258164319210006,0.0009273858361481455,0.0011822724673371933
US-natural/dlinear-mse-0.001-s42,dlinear,base,42,mse,0.001,7,0.023333014916800114,0.020254544975816104,0.0009887061053669229,0.0008477685269830914
US-natural/dlinear-mse-0.001-s42,dlinear,base,42,mse,0.001,8,0.024102710310534913,0.019175661822410223,0.0009921314781539787,0.0007945080616010013
US-natural/dlinear-mse-0.001-s42,dlinear,base,42,mse,0.001,9,0.020016056916645354,0.02035586364657124,0.0008135351586881879,0.0008798459207865333
US-natural/dlinear-mse-0.001-s42,dlinear,base,42,mse,0.001,10,0.021104292254061605,0.022412222917838988,0.0008462960809870903,0.0009161641085865868
US-natural/dlinear-mse-0.001-s42,dlinear,base,42,mse,0.001,11,0.018254672974870538,0.0225572802227583,0.0007196931435414502,0.0009773797160042346
US-natural/dlinear-mse-0.001-s42,dlinear,base,42,mse,0.001,12,0.017970638455622648,0.022423829912344134,0.000683741993274376,0.001007510459550689
US-natural/dlinear-mse-0.001-s42,dlinear,base,42,mse,0.001,13,0.020175961820774305,0.01835213920211632,0.0007956977277379522,0.0007563992510732
US-natural/dlinear-mse-0.001-s42,dlinear,base,42,mse,0.001,14,0.01825728650982852,0.018727723744446388,0.0006798427873201486,0.0007966218663896044
US-natural/dlinear-mse-0.001-s42,dlinear,base,42,mse,0.001,15,0.018307741214544003,0.01858923398219942,0.0006723554210183806,0.000767133132699455
US-natural/dlinear-mse-0.001-s42,dlinear,base,42,mse,0.001,16,0.01728313875649054,0.019714408643039496,0.0006325333407696024,0.0008062397458363608
US-natural/dlinear-mse-0.001-s42,dlinear,base,42,mse,0.001,17,0.016375688844961576,0.019846989478733264,0.0006014059125715081,0.0008074540519034031
US-natural/dlinear-mse-0.001-s42,dlinear,base,42,mse,0.001,18,0.01631109288801439,0.021116773482031993,0.0005875570703506339,0.0009039833843331458
US-natural/dlinear-mse-0.001-s42,dlinear,base,42,mse,0.001,19,0.0166913021293127,0.021246058872206947,0.0005888236084577949,0.0008756912035940587
US-natural/dlinear-mse-0.001-s42,dlinear,base,42,mse,0.001,20,0.016112829357970513,0.02544361437262217,0.0005678821111068966,0.0011217791461822857
US-natural/dlinear-mse-0.001-s42,dlinear,base,42,mse,0.001,21,0.015727957299113467,0.02129167501701211,0.0005551472900926818,0.0009004497935037486
US-natural/dlinear-mse-0.001-s42,dlinear,base,42,mse,0.001,22,0.01657056897401067,0.01884519359844585,0.0005630185972421707,0.0007536755558236001
US-natural/dlinear-mse-0.001-s42,dlinear,base,42,mse,0.001,23,0.01614858873230053,0.024056603823307047,0.0005533691747859809,0.0010696313540349911
US-natural/dlinear-mse-0.001-s42,dlinear,base,42,mse,0.001,24,0.015557465580113547,0.022292153825036236,0.0005387960993858275,0.0009418565144606798
US-natural/dlinear-mse-0.001-s42,dlinear,base,42,mse,0.001,25,0.015434051983863948,0.01836723524972419,0.000516623112970886,0.0007328484619128631
US-natural/dlinear-mse-0.001-s42,dlinear,base,42,mse,0.001,26,0.01693682615344345,0.023186351291482204,0.0005782687603669307,0.001028061938789509
US-natural/dlinear-mse-0.001-s42,dlinear,base,42,mse,0.001,27,0.015810959132091622,0.019790833358756924,0.0005218342351072392,0.0008191535191471372
US-natural/dlinear-mse-0.001-s42,dlinear,base,42,mse,0.001,28,0.014971616396285836,0.02546905204942959,0.00048639139290854644,0.0012056663445757934
US-natural/dlinear-mse-0.001-s42,dlinear,base,42,mse,0.001,29,0.016000142375210386,0.021065164075596658,0.0005332756050440316,0.0009356972705527707
US-natural/dlinear-mse-0.001-s42,dlinear,base,42,mse,0.001,30,0.016477762412126142,0.0198710392230764,0.0005365160943736846,0.0008542843417551392
US-natural/dlinear-mse-0.001-s43,dlinear,base,43,mse,0.001,1,0.20069133094804092,0.15069355683778302,0.08366135514625057,0.026870331048718395
US-natural/dlinear-mse-0.001-s43,dlinear,base,43,mse,0.001,2,0.08913333268632469,0.0429048840620156,0.013968728264627264,0.002464252193845507
US-natural/dlinear-mse-0.001-s43,dlinear,base,43,mse,0.001,3,0.04468741081258918,0.02671654021671598,0.002933345073197922,0.0012162316195290926
US-natural/dlinear-mse-0.001-s43,dlinear,base,43,mse,0.001,4,0.028639058273866754,0.035350144145665695,0.0014043040254504442,0.001777287647234708
US-natural/dlinear-mse-0.001-s43,dlinear,base,43,mse,0.001,5,0.03414794085672375,0.02218856468474238,0.001747616917699937,0.000872921701205593
US-natural/dlinear-mse-0.001-s43,dlinear,base,43,mse,0.001,6,0.024867912429701024,0.021662282684475592,0.0011042346912942813,0.0008380340002271544
US-natural/dlinear-mse-0.001-s43,dlinear,base,43,mse,0.001,7,0.022858263416513414,0.022214227186890294,0.0009627745374613134,0.0008915878085265161
US-natural/dlinear-mse-0.001-s43,dlinear,base,43,mse,0.001,8,0.02171204270222722,0.02231552250299211,0.0008795248462385667,0.0008957969811527168
US-natural/dlinear-mse-0.001-s43,dlinear,base,43,mse,0.001,9,0.019950892826368267,0.022477112238485943,0.0007858626781839847,0.0009088211338068715
US-natural/dlinear-mse-0.001-s43,dlinear,base,43,mse,0.001,10,0.01901139061697446,0.02089639092939903,0.0007495616568393544,0.000803806098570104
US-natural/dlinear-mse-0.001-s43,dlinear,base,43,mse,0.001,11,0.019216815564789873,0.02119902485101558,0.0007444695718120909,0.0008353133957552151
US-natural/dlinear-mse-0.001-s43,dlinear,base,43,mse,0.001,12,0.018308631035874608,0.021488203940857535,0.000709660905090806,0.0008627382920573972
US-natural/dlinear-mse-0.001-s43,dlinear,base,43,mse,0.001,13,0.01829177286063451,0.022602668793786508,0.0007048260018293771,0.000906392811705368
US-natural/dlinear-mse-0.001-s43,dlinear,base,43,mse,0.001,14,0.018641685200310988,0.02097412328905633,0.0007027134279006254,0.0008136491738228081
US-natural/dlinear-mse-0.001-s43,dlinear,base,43,mse,0.001,15,0.01766109472359513,0.021274847132853582,0.0006704862809429286,0.000853997211066605
US-natural/dlinear-mse-0.001-s43,dlinear,base,43,mse,0.001,16,0.017978124533667265,0.02064122921513043,0.000675435036414409,0.0008003444584136334
US-natural/dlinear-mse-0.001-s43,dlinear,base,43,mse,0.001,17,0.017245012157367467,0.02265435423170664,0.000640875144901752,0.000919315940725461
US-natural/dlinear-mse-0.001-s43,dlinear,base,43,mse,0.001,18,0.016715684993809776,0.02074879808347413,0.0006124289786769545,0.00080656903752401
US-natural/dlinear-mse-0.001-s43,dlinear,base,43,mse,0.001,19,0.0173069371093523,0.021378523458976326,0.0006295170162115142,0.000841027032253462
US-natural/dlinear-mse-0.001-s43,dlinear,base,43,mse,0.001,20,0.017951700181698865,0.020152495355383177,0.0006516892010284234,0.0007754267173655597
US-natural/dlinear-mse-0.001-s43,dlinear,base,43,mse,0.001,21,0.0170539036424636,0.02429167508460106,0.0005997748348255576,0.0009927992411256704
US-natural/dlinear-mse-0.001-s43,dlinear,base,43,mse,0.001,22,0.016310134933227114,0.021537578851980994,0.0005807218142233337,0.000823548999257324
US-natural/dlinear-mse-0.001-s43,dlinear,base,43,mse,0.001,23,0.01682371816127465,0.023498258081385923,0.0005894941016540176,0.0009616025193390798
US-natural/dlinear-mse-0.001-s43,dlinear,base,43,mse,0.001,24,0.015829204086615405,0.021490790000728417,0.0005604176766657552,0.0008456041297747542
US-natural/dlinear-mse-0.001-s43,dlinear,base,43,mse,0.001,25,0.015946557773856607,0.020842322828862433,0.0005374974659857348,0.0008136122773699381
US-natural/dlinear-mse-0.001-s43,dlinear,base,43,mse,0.001,26,0.015498225240259409,0.020420445614884895,0.0005320713773626847,0.0007840960789818404
US-natural/dlinear-mse-0.001-s43,dlinear,base,43,mse,0.001,27,0.01580427789142911,0.021640701487505742,0.0005260625332888315,0.0008620166907675792
US-natural/dlinear-mse-0.001-s43,dlinear,base,43,mse,0.001,28,0.015569053970124681,0.022552079672077927,0.0005071937865717317,0.0009079991695993781
US-natural/dlinear-mse-0.001-s43,dlinear,base,43,mse,0.001,29,0.015775019916875445,0.0198633830016738,0.0005200638020750733,0.0007427701289926368
US-natural/dlinear-mse-0.001-s43,dlinear,base,43,mse,0.001,30,0.01693183553574605,0.02246535630807524,0.0005491450015553837,0.0009174974445434813
US-natural/dlinear-mse-0.001-s44,dlinear,base,44,mse,0.001,1,0.21674740744390975,0.08099121463604614,0.07042162441299993,0.011599848475965348
US-natural/dlinear-mse-0.001-s44,dlinear,base,44,mse,0.001,2,0.07884646341997721,0.04023540045786871,0.009062692548905304,0.003624453156715223
US-natural/dlinear-mse-0.001-s44,dlinear,base,44,mse,0.001,3,0.03196879285946336,0.03807796265478762,0.0016719769830040628,0.0028374479541414485
US-natural/dlinear-mse-0.001-s44,dlinear,base,44,mse,0.001,4,0.02563948922917046,0.023308381017403564,0.0013495954717791534,0.001150102042513966
US-natural/dlinear-mse-0.001-s44,dlinear,base,44,mse,0.001,5,0.022439443039745773,0.022061024277654176,0.0010275330577399044,0.001044715070188442
US-natural/dlinear-mse-0.001-s44,dlinear,base,44,mse,0.001,6,0.01974475979253166,0.02235639370869611,0.0008329602900003044,0.0010766660938954424
US-natural/dlinear-mse-0.001-s44,dlinear,base,44,mse,0.001,7,0.019423376805235197,0.022784115922347286,0.0008096201523479354,0.0010821483258503415
US-natural/dlinear-mse-0.001-s44,dlinear,base,44,mse,0.001,8,0.01915101316952859,0.023427645557093445,0.000762169211229557,0.0011530085435496908
US-natural/dlinear-mse-0.001-s44,dlinear,base,44,mse,0.001,9,0.020626239517926814,0.021857448921563633,0.0008225842325643511,0.0010052940750892973
US-natural/dlinear-mse-0.001-s44,dlinear,base,44,mse,0.001,10,0.018536530286729528,0.025501579295445786,0.0007230923833181575,0.0011760922584419266
US-natural/dlinear-mse-0.001-s44,dlinear,base,44,mse,0.001,11,0.02102858670635704,0.02634264465468804,0.0007976320331526915,0.0012183030588659082
US-natural/dlinear-mse-0.001-s44,dlinear,base,44,mse,0.001,12,0.019649235497515908,0.02308681664533447,0.0007715050276917879,0.0010401683286381655
US-natural/dlinear-mse-0.001-s44,dlinear,base,44,mse,0.001,13,0.018199587765300642,0.02206780741877039,0.0006853835205222591,0.0010240115863779566
US-natural/dlinear-mse-0.001-s44,dlinear,base,44,mse,0.001,14,0.019585698308378675,0.021912203039167296,0.0007317053729132442,0.0010175119969641122
US-natural/dlinear-mse-0.001-s44,dlinear,base,44,mse,0.001,15,0.016852156519750274,0.02155942700950435,0.0006348503721296025,0.001010689016185041
US-natural/dlinear-mse-0.001-s44,dlinear,base,44,mse,0.001,16,0.016794901968615463,0.022512311551994832,0.0006139632236455315,0.001043701772555253
US-natural/dlinear-mse-0.001-s44,dlinear,base,44,mse,0.001,17,0.01698311166935071,0.0221580323148346,0.0006150671648520226,0.0010244715977300648
US-natural/dlinear-mse-0.001-s44,dlinear,base,44,mse,0.001,18,0.016735864865468984,0.021248731672204053,0.0006145972503290103,0.0009755421310005333
US-natural/dlinear-mse-0.001-s44,dlinear,base,44,mse,0.001,19,0.01737035309256119,0.021506831284860396,0.0006150870105519001,0.0009637467511768978
US-natural/dlinear-mse-0.001-s44,dlinear,base,44,mse,0.001,20,0.01907869148637725,0.02301797409952867,0.0007465353534909773,0.0010894731524228732
US-natural/dlinear-mse-0.001-s44,dlinear,base,44,mse,0.001,21,0.016701859875881454,0.02014773550455873,0.0006046114466317879,0.0008935508166575196
US-natural/dlinear-mse-0.001-s44,dlinear,base,44,mse,0.001,22,0.017586193265858325,0.02464180502167636,0.0006396312541496859,0.0011295370247054108
US-natural/dlinear-mse-0.001-s44,dlinear,base,44,mse,0.001,23,0.01700376439115772,0.0267128848193556,0.000629955701663105,0.0012472114265269277
US-natural/dlinear-mse-0.001-s44,dlinear,base,44,mse,0.001,24,0.01789671506888335,0.021488934001754445,0.000650878018292301,0.0010280157337083154
US-natural/dlinear-mse-0.001-s44,dlinear,base,44,mse,0.001,25,0.01626770406995475,0.021659934954868103,0.0005635050846696854,0.0009549318661662577
US-natural/dlinear-mse-0.001-s44,dlinear,base,44,mse,0.001,26,0.0159119054221029,0.02167023648969122,0.0005453775750862782,0.000959827646793975
US-natural/dlinear-mse-0.001-s44,dlinear,base,44,mse,0.001,27,0.01508280386480679,0.021101665003956854,0.0005183757471922224,0.0009596728739610713
US-natural/dlinear-mse-0.001-s44,dlinear,base,44,mse,0.001,28,0.01671140564450942,0.02751610373158429,0.0005661492604885802,0.0012598826496458243
US-natural/dlinear-mse-0.001-s44,dlinear,base,44,mse,0.001,29,0.018266739348860323,0.02461380024098657,0.0006314320781209334,0.0011145038232733822
US-natural/dlinear-mse-0.001-s44,dlinear,base,44,mse,0.001,30,0.017647982182404102,0.021568559025306952,0.0005925057757746501,0.0009708592005409689
US-natural/dlinear-mae-0.0001-s42,dlinear,base,42,mae,0.0001,1,0.11393592025269418,0.053051227449452246,0.024633641444381342,0.005044883803717841
US-natural/dlinear-mae-0.0001-s42,dlinear,base,42,mae,0.0001,2,0.05984233624908988,0.0571832000545922,0.005609891567515968,0.006227125580470307
US-natural/dlinear-mae-0.0001-s42,dlinear,base,42,mae,0.0001,3,0.042883692333802285,0.0454736253339888,0.003576123999276799,0.00380191508509016
US-natural/dlinear-mae-0.0001-s42,dlinear,base,42,mae,0.0001,4,0.03644003435689536,0.044787265657853625,0.0027938197733976145,0.003387986320389423
US-natural/dlinear-mae-0.0001-s42,dlinear,base,42,mae,0.0001,5,0.03366481615201777,0.03703147175933901,0.0025659730722989095,0.0027948648015099983
US-natural/dlinear-mae-0.0001-s42,dlinear,base,42,mae,0.0001,6,0.02908379800633302,0.03826455197506242,0.001986357504220244,0.002531902503067589
US-natural/dlinear-mae-0.0001-s42,dlinear,base,42,mae,0.0001,7,0.028656031875805614,0.033524887494974016,0.0018020474825943046,0.0023453357263571767
US-natural/dlinear-mae-0.0001-s42,dlinear,base,42,mae,0.0001,8,0.027936359703194764,0.03130084642223989,0.0015554302812803404,0.0020287755655419965
US-natural/dlinear-mae-0.0001-s42,dlinear,base,42,mae,0.0001,9,0.024043347905700053,0.03084290956020818,0.0014014354195198602,0.0017797738785499178
US-natural/dlinear-mae-0.0001-s42,dlinear,base,42,mae,0.0001,10,0.02336130613878111,0.029823710188868254,0.0013381686080872499,0.0015684198643195772
US-natural/dlinear-mae-0.0001-s42,dlinear,base,42,mae,0.0001,11,0.02262785261313998,0.03290326984210052,0.0011284634858699598,0.001731819255105947
US-natural/dlinear-mae-0.0001-s42,dlinear,base,42,mae,0.0001,12,0.024737014258416484,0.0263086222006443,0.001226036026691506,0.0013358451521273268
US-natural/dlinear-mae-0.0001-s42,dlinear,base,42,mae,0.0001,13,0.02271600311576876,0.02529137443538095,0.0011440920639950287,0.001216572015539415
US-natural/dlinear-mae-0.0001-s42,dlinear,base,42,mae,0.0001,14,0.02161314311364496,0.02585787526107425,0.0010377318103487758,0.0011630532614010285
US-natural/dlinear-mae-0.0001-s42,dlinear,base,42,mae,0.0001,15,0.022462265350625826,0.02380852246053226,0.0009940279753384055,0.001062282186545227
US-natural/dlinear-mae-0.0001-s42,dlinear,base,42,mae,0.0001,16,0.021527316209634828,0.025865715251433753,0.0009483358585826014,0.001208411372627109
US-natural/dlinear-mae-0.0001-s42,dlinear,base,42,mae,0.0001,17,0.02091917848389404,0.02498731653032808,0.0008654219364109446,0.0011190569699767658
US-natural/dlinear-mae-0.0001-s42,dlinear,base,42,mae,0.0001,18,0.020621956730596788,0.022328488455006148,0.0008296853501719029,0.000858454752473777
US-natural/dlinear-mae-0.0001-s42,dlinear,base,42,mae,0.0001,19,0.018717179162813114,0.029638576221670588,0.0007679038944292813,0.0013362148525156363
US-natural/dlinear-mae-0.0001-s42,dlinear,base,42,mae,0.0001,20,0.02013329189287417,0.024454723761188322,0.0008008793572499617,0.0010029876701427996
US-natural/dlinear-mae-0.0001-s42,dlinear,base,42,mae,0.0001,21,0.018679837262866456,0.026610942128704625,0.000763726916713958,0.0011789308726800776
US-natural/dlinear-mae-0.0001-s42,dlinear,base,42,mae,0.0001,22,0.01948813376871481,0.0210871779934236,0.0007563656542455397,0.0008135514926963387
US-natural/dlinear-mae-0.0001-s42,dlinear,base,42,mae,0.0001,23,0.019698973960848312,0.025959973582424842,0.0007435638271647199,0.0010957808956884385
US-natural/dlinear-mae-0.0001-s42,dlinear,base,42,mae,0.0001,24,0.01960738936368735,0.021923763876148958,0.0007750317073904791,0.0008411239967728051
US-natural/dlinear-mae-0.0001-s42,dlinear,base,42,mae,0.0001,25,0.017467501252492898,0.024870079802559068,0.000654263085735753,0.0009908142211995773
US-natural/dlinear-mae-0.0001-s42,dlinear,base,42,mae,0.0001,26,0.02396525343180022,0.026570883665618307,0.001001438933130227,0.001208971579953671
US-natural/dlinear-mae-0.0001-s42,dlinear,base,42,mae,0.0001,27,0.020462336551112428,0.026276336405618914,0.0008186677966515999,0.0011930983916754068
US-natural/dlinear-mae-0.0001-s42,dlinear,base,42,mae,0.0001,28,0.018057345392162884,0.028582761414836698,0.0006692058613316361,0.0013146510863958857
US-natural/dlinear-mae-0.0001-s42,dlinear,base,42,mae,0.0001,29,0.024052949296696373,0.022277303281634808,0.000992164995002235,0.0008822188512690264
US-natural/dlinear-mae-0.0001-s42,dlinear,base,42,mae,0.0001,30,0.01939679024891408,0.022851632555553753,0.0007215865738069071,0.0009628664656926913
US-natural/dlinear-mae-0.0001-s43,dlinear,base,43,mae,0.0001,1,0.34998482923862273,0.07671330097246262,0.1723991981196564,0.010109829673054451
US-natural/dlinear-mae-0.0001-s43,dlinear,base,43,mae,0.0001,2,0.13310420476840784,0.06515780616443312,0.026523412332458186,0.0068835199173327795
US-natural/dlinear-mae-0.0001-s43,dlinear,base,43,mae,0.0001,3,0.07649830317071785,0.057557905764646144,0.00825263278391359,0.005005757944332967
US-natural/dlinear-mae-0.0001-s43,dlinear,base,43,mae,0.0001,4,0.05618404684120457,0.04533195924691869,0.005288153253625776,0.003252198390730938
US-natural/dlinear-mae-0.0001-s43,dlinear,base,43,mae,0.0001,5,0.054000402864416826,0.04601869529316392,0.004285779027867387,0.003473955744441113
US-natural/dlinear-mae-0.0001-s43,dlinear,base,43,mae,0.0001,6,0.038891404605196724,0.03328292111850341,0.0024643922532471218,0.001857757110842239
US-natural/dlinear-mae-0.0001-s43,dlinear,base,43,mae,0.0001,7,0.03193304602990364,0.029658611106293396,0.0017012088553947785,0.0014146487523059995
US-natural/dlinear-mae-0.0001-s43,dlinear,base,43,mae,0.0001,8,0.03264835847393638,0.027954044517507236,0.0016867503151622603,0.0012693104132689387
US-natural/dlinear-mae-0.0001-s43,dlinear,base,43,mae,0.0001,9,0.027430217326339695,0.02733512232980758,0.001322601581875216,0.0012401761492260145
US-natural/dlinear-mae-0.0001-s43,dlinear,base,43,mae,0.0001,10,0.02475427774880571,0.025346740581807265,0.0010842815038510055,0.001126262733888502
US-natural/dlinear-mae-0.0001-s43,dlinear,base,43,mae,0.0001,11,0.023240519896590255,0.02617564864729618,0.0009967864894594193,0.0012006782253090086
US-natural/dlinear-mae-0.0001-s43,dlinear,base,43,mae,0.0001,12,0.022538812020933652,0.02655038196070069,0.0009436422790247336,0.0012642361681871504
US-natural/dlinear-mae-0.0001-s43,dlinear,base,43,mae,0.0001,13,0.02182051791925808,0.02559557472536644,0.0009418897698757576,0.0011417222353994642
US-natural/dlinear-mae-0.0001-s43,dlinear,base,43,mae,0.0001,14,0.02123316644354033,0.024345750838327802,0.0009067514817809006,0.0010654267120162476
US-natural/dlinear-mae-0.0001-s43,dlinear,base,43,mae,0.0001,15,0.020236821270971563,0.027452563495284837,0.0008385204734137983,0.0013052942797353777
US-natural/dlinear-mae-0.0001-s43,dlinear,base,43,mae,0.0001,16,0.02255990808243036,0.024099387499008484,0.0009492101965889339,0.0010293819640562767
US-natural/dlinear-mae-0.0001-s43,dlinear,base,43,mae,0.0001,17,0.019591263693004894,0.025739489468439968,0.000804667998903897,0.0011536187320502031
US-natural/dlinear-mae-0.0001-s43,dlinear,base,43,mae,0.0001,18,0.019794780854396125,0.023687003530955597,0.0007886911007520405,0.0010005615049033714
US-natural/dlinear-mae-0.0001-s43,dlinear,base,43,mae,0.0001,19,0.020784886254753415,0.024019543648050295,0.0008793258349868408,0.0010089523820003502
US-natural/dlinear-mae-0.0001-s43,dlinear,base,43,mae,0.0001,20,0.02093494697861031,0.024990573552792526,0.0008608789536338889,0.0010790926589380554
US-natural/dlinear-mae-0.0001-s43,dlinear,base,43,mae,0.0001,21,0.019102474851098863,0.024643920478683,0.0007474043529725476,0.0010361450947363037
US-natural/dlinear-mae-0.0001-s43,dlinear,base,43,mae,0.0001,22,0.018059632321620903,0.02451872054245228,0.0007235223564579179,0.0010311858527094465
US-natural/dlinear-mae-0.0001-s43,dlinear,base,43,mae,0.0001,23,0.019728130994166555,0.02718417446767306,0.0007904189539024059,0.0012201555518578863
US-natural/dlinear-mae-0.0001-s43,dlinear,base,43,mae,0.0001,24,0.020910856970302504,0.023366715495731476,0.0008643027880860749,0.000978585051643317
US-natural/dlinear-mae-0.0001-s43,dlinear,base,43,mae,0.0001,25,0.017936697346786757,0.02229971597160292,0.0007024307354914206,0.0008917873110863961
US-natural/dlinear-mae-0.0001-s43,dlinear,base,43,mae,0.0001,26,0.017523328290499712,0.023345922934599864,0.000691743161045127,0.0009653916485754398
US-natural/dlinear-mae-0.0001-s43,dlinear,base,43,mae,0.0001,27,0.017172756741285027,0.02349181208567849,0.000670190164018844,0.0009745967012007107
US-natural/dlinear-mae-0.0001-s43,dlinear,base,43,mae,0.0001,28,0.01656160356865775,0.024483397444836557,0.000646958302600203,0.0010250757056178075
US-natural/dlinear-mae-0.0001-s43,dlinear,base,43,mae,0.0001,29,0.01649807944468481,0.022885032038340795,0.000651643425037842,0.0009237424545942429
US-natural/dlinear-mae-0.0001-s43,dlinear,base,43,mae,0.0001,30,0.016232355465832078,0.024495101639982707,0.0006288546396826879,0.0010573901491850628
US-natural/dlinear-mae-0.0001-s44,dlinear,base,44,mae,0.0001,1,0.2531927866972072,0.11922036550797546,0.11221644713062867,0.032068126547129684
US-natural/dlinear-mae-0.0001-s44,dlinear,base,44,mae,0.0001,2,0.0964245162180475,0.10019207688823173,0.015898281980088434,0.020602819465512276
US-natural/dlinear-mae-0.0001-s44,dlinear,base,44,mae,0.0001,3,0.07113946171930216,0.084301765964792,0.010377237404043168,0.015176773679093909
US-natural/dlinear-mae-0.0001-s44,dlinear,base,44,mae,0.0001,4,0.051510319013646146,0.07096270751902911,0.005864571983073715,0.012649753809685017
US-natural/dlinear-mae-0.0001-s44,dlinear,base,44,mae,0.0001,5,0.045458399727340164,0.06592586376622046,0.004900787045892572,0.008966335371607464
US-natural/dlinear-mae-0.0001-s44,dlinear,base,44,mae,0.0001,6,0.04089536119968158,0.057193762336138924,0.00373956546912514,0.006827072256878806
US-natural/dlinear-mae-0.0001-s44,dlinear,base,44,mae,0.0001,7,0.03606325774949548,0.05239529733676914,0.002891616931186279,0.005432202390448676
US-natural/dlinear-mae-0.0001-s44,dlinear,base,44,mae,0.0001,8,0.029491004430229822,0.05262105782773167,0.0020296153195127056,0.004676090812268855
US-natural/dlinear-mae-0.0001-s44,dlinear,base,44,mae,0.0001,9,0.028654230272016964,0.03968976598058111,0.0016661636724163043,0.0034665698725303527
US-natural/dlinear-mae-0.0001-s44,dlinear,base,44,mae,0.0001,10,0.025005267898584763,0.03536035385672754,0.0013407268592580336,0.0027824136111903315
US-natural/dlinear-mae-0.0001-s44,dlinear,base,44,mae,0.0001,11,0.023620868658483264,0.032412317845823,0.001163886947646585,0.002342956561606464
US-natural/dlinear-mae-0.0001-s44,dlinear,base,44,mae,0.0001,12,0.021559050317223154,0.02955266810561322,0.0010180403054105625,0.0018867376804261706
US-natural/dlinear-mae-0.0001-s44,dlinear,base,44,mae,0.0001,13,0.021016959442325164,0.028125754714407408,0.0009945715637275042,0.001768042911138203
US-natural/dlinear-mae-0.0001-s44,dlinear,base,44,mae,0.0001,14,0.021259638888939444,0.031234579255225887,0.0009848395259834492,0.0019846475426010817
US-natural/dlinear-mae-0.0001-s44,dlinear,base,44,mae,0.0001,15,0.018524904951100582,0.02996721186301646,0.0008226336461460156,0.00188865882084097
US-natural/dlinear-mae-0.0001-s44,dlinear,base,44,mae,0.0001,16,0.020126580276238343,0.0292452966964252,0.0008535379459009936,0.0018089162322413573
US-natural/dlinear-mae-0.0001-s44,dlinear,base,44,mae,0.0001,17,0.01948625242245953,0.036160446743389106,0.000847758795055742,0.0023205832727870054
US-natural/dlinear-mae-0.0001-s44,dlinear,base,44,mae,0.0001,18,0.02057201657958914,0.026278832999267067,0.0009305802928273358,0.0015848621983355015
US-natural/dlinear-mae-0.0001-s44,dlinear,base,44,mae,0.0001,19,0.019288003794582266,0.029140245494590433,0.0008011669761646959,0.0017466389991699165
US-natural/dlinear-mae-0.0001-s44,dlinear,base,44,mae,0.0001,20,0.01903700075165305,0.029201189723279848,0.0007883998078084697,0.0018876144644937867
US-natural/dlinear-mae-0.0001-s44,dlinear,base,44,mae,0.0001,21,0.018359328492564605,0.02788547116053122,0.0007375905428434156,0.001689943284695381
US-natural/dlinear-mae-0.0001-s44,dlinear,base,44,mae,0.0001,22,0.020502369949831782,0.02777856285323898,0.0008274128154731683,0.0017009955188669712
US-natural/dlinear-mae-0.0001-s44,dlinear,base,44,mae,0.0001,23,0.019006413511197803,0.029381803494919683,0.0007997021347576143,0.0017912165367755181
US-natural/dlinear-mae-0.0001-s44,dlinear,base,44,mae,0.0001,24,0.019569276631754996,0.026922326613914832,0.000786996929766821,0.001659485542012488
US-natural/dlinear-mae-0.0001-s44,dlinear,base,44,mae,0.0001,25,0.01747792991182497,0.027684648557387392,0.0007131327188193171,0.001667506656558894
US-natural/dlinear-mae-0.0001-s44,dlinear,base,44,mae,0.0001,26,0.017322453235819952,0.02612609613653067,0.0007188710134766786,0.0015460139256704476
US-natural/dlinear-mae-0.0001-s44,dlinear,base,44,mae,0.0001,27,0.018061140703974136,0.03795208698424257,0.0007478726805622061,0.0023721255958081733
US-natural/dlinear-mae-0.0001-s44,dlinear,base,44,mae,0.0001,28,0.029154147603729492,0.03451061892837997,0.001342435408666531,0.0020722581983402973
US-natural/dlinear-mae-0.0001-s44,dlinear,base,44,mae,0.0001,29,0.019692924885420352,0.027734706578926988,0.0008234732995248616,0.0016469157621667428
US-natural/dlinear-mae-0.0001-s44,dlinear,base,44,mae,0.0001,30,0.0199397980733138,0.026728366254094804,0.0007972646009938041,0.001622969826951451
US-natural/dlinear-mae-0.001-s42,dlinear,base,42,mae,0.001,1,0.10461209190851488,0.07155446393232176,0.022891224547525735,0.0073907956380206636
US-natural/dlinear-mae-0.001-s42,dlinear,base,42,mae,0.001,2,0.050830081913296334,0.05815073534583743,0.004158519917584925,0.004483484769637211
US-natural/dlinear-mae-0.001-s42,dlinear,base,42,mae,0.001,3,0.05181076431316639,0.07235567141032455,0.004097003823526885,0.005957868474956957
US-natural/dlinear-mae-0.001-s42,dlinear,base,42,mae,0.001,4,0.0663399732877331,0.03594756612264679,0.006103509253287752,0.001952596981564309
US-natural/dlinear-mae-0.001-s42,dlinear,base,42,mae,0.001,5,0.038372133531085616,0.030216970744030403,0.0022904558374475634,0.0016933429623019773
US-natural/dlinear-mae-0.001-s42,dlinear,base,42,mae,0.001,6,0.03473654649668716,0.01986418785464868,0.002185679700858502,0.0007930829827755537
US-natural/dlinear-mae-0.001-s42,dlinear,base,42,mae,0.001,7,0.024338651366141193,0.02422538469218918,0.001103722286713281,0.0010467223022404572
US-natural/dlinear-mae-0.001-s42,dlinear,base,42,mae,0.001,8,0.023557774909819276,0.03078373345575687,0.0010317042738369972,0.0014032208689361396
US-natural/dlinear-mae-0.001-s42,dlinear,base,42,mae,0.001,9,0.02235814864482217,0.036019874476652676,0.0008734671784446232,0.001789756861940393
US-natural/dlinear-mae-0.001-s42,dlinear,base,42,mae,0.001,10,0.0266079273626217,0.028926622542441573,0.0012265985706987944,0.001335865104110196
US-natural/dlinear-mae-0.001-s42,dlinear,base,42,mae,0.001,11,0.023412774720405264,0.02147725054206267,0.0009690033765129515,0.000978215173291552
US-natural/dlinear-mae-0.001-s42,dlinear,base,42,mae,0.001,12,0.02051259694605886,0.020291861401052935,0.0008541620119576485,0.000900571620783622
US-natural/dlinear-mae-0.001-s42,dlinear,base,42,mae,0.001,13,0.02044295675749697,0.01962831161806924,0.0008007838601007815,0.000856277828524927
US-natural/dlinear-mae-0.001-s42,dlinear,base,42,mae,0.001,14,0.019836532642099152,0.01844227944728997,0.0007994621003196594,0.0007420590774973871
US-natural/dlinear-mae-0.001-s42,dlinear,base,42,mae,0.001,15,0.018905002394074014,0.026414444817656903,0.0007167312517672112,0.0011387937686897572
US-natural/dlinear-mae-0.001-s42,dlinear,base,42,mae,0.001,16,0.024859045670886232,0.023907452720512087,0.0010749665708813302,0.0010175851233027997
US-natural/dlinear-mae-0.001-s42,dlinear,base,42,mae,0.001,17,0.0289184727541582,0.02591981795772633,0.001406281849470763,0.0012582575487203773
US-natural/dlinear-mae-0.001-s42,dlinear,base,42,mae,0.001,18,0.0207737509979196,0.017175557532073345,0.0008303709221974752,0.0006148395399728222
US-natural/dlinear-mae-0.001-s42,dlinear,base,42,mae,0.001,19,0.024337854589682822,0.02071214421237457,0.0010418894743205594,0.0007789615198676596
US-natural/dlinear-mae-0.001-s42,dlinear,base,42,mae,0.001,20,0.019154744246727622,0.017864498694416,0.0007444093156827809,0.0006404642698887442
US-natural/dlinear-mae-0.001-s42,dlinear,base,42,mae,0.001,21,0.01945370045397384,0.01937966598315778,0.0007570733203472259,0.0006934450310655052
US-natural/dlinear-mae-0.001-s42,dlinear,base,42,mae,0.001,22,0.01785196331830221,0.02410381145813007,0.000669911858685248,0.0009640201531888862
US-natural/dlinear-mae-0.001-s42,dlinear,base,42,mae,0.001,23,0.020940764735117145,0.019636886504428217,0.0008722072320452958,0.0007494048281182558
US-natural/dlinear-mae-0.001-s42,dlinear,base,42,mae,0.001,24,0.017797176725486353,0.01682423167844975,0.0006758239326775349,0.0006185398147292783
US-natural/dlinear-mae-0.001-s42,dlinear,base,42,mae,0.001,25,0.01710060282739655,0.017435106202053925,0.0006584375457371257,0.0007019766875150719
US-natural/dlinear-mae-0.001-s42,dlinear,base,42,mae,0.001,26,0.016699781562862094,0.02255801630045623,0.0006417904848014374,0.0008748664958620799
US-natural/dlinear-mae-0.001-s42,dlinear,base,42,mae,0.001,27,0.017278884599744932,0.017772858706859337,0.0006781245252907365,0.0007815656151055485
US-natural/dlinear-mae-0.001-s42,dlinear,base,42,mae,0.001,28,0.015828402394310218,0.019116516143164973,0.0005950195321938417,0.0008334493990868069
US-natural/dlinear-mae-0.001-s42,dlinear,base,42,mae,0.001,29,0.016487526795100408,0.01827560758604231,0.0006169574796076554,0.0006749809229700829
US-natural/dlinear-mae-0.001-s42,dlinear,base,42,mae,0.001,30,0.018079707352270814,0.016688161381924593,0.0006919628952349367,0.0006750172131554036
US-natural/dlinear-mae-0.001-s43,dlinear,base,43,mae,0.001,1,0.18088831406802994,0.045420095641355324,0.07475456460367584,0.003959903332582115
US-natural/dlinear-mae-0.001-s43,dlinear,base,43,mae,0.001,2,0.051571531852340584,0.04967774014528064,0.004151040284606266,0.003401207914032731
US-natural/dlinear-mae-0.001-s43,dlinear,base,43,mae,0.001,3,0.03869818199885307,0.051035659433639774,0.0024143986864022123,0.0031691618268430886
US-natural/dlinear-mae-0.001-s43,dlinear,base,43,mae,0.001,4,0.036030114291369146,0.03522565592004408,0.0019716038191511256,0.0017196433624268334
US-natural/dlinear-mae-0.001-s43,dlinear,base,43,mae,0.001,5,0.04965976813345269,0.04892704647012407,0.0035384296395488007,0.0032792947450503776
US-natural/dlinear-mae-0.001-s43,dlinear,base,43,mae,0.001,6,0.03935970428398936,0.023759027865646643,0.002432982873470622,0.0009594645141053207
US-natural/dlinear-mae-0.001-s43,dlinear,base,43,mae,0.001,7,0.02502834115556715,0.028072522001884467,0.0010896978483577416,0.0012435582119008214
US-natural/dlinear-mae-0.001-s43,dlinear,base,43,mae,0.001,8,0.024426388836776763,0.024386459047203247,0.001079167945490632,0.000980637717482818
US-natural/dlinear-mae-0.001-s43,dlinear,base,43,mae,0.001,9,0.0211240639852657,0.020898195708485043,0.0008630517738915398,0.0007972751858293447
US-natural/dlinear-mae-0.001-s43,dlinear,base,43,mae,0.001,10,0.022681820756197197,0.022796264341725467,0.0009561457278489117,0.0009552687718374096
US-natural/dlinear-mae-0.001-s43,dlinear,base,43,mae,0.001,11,0.02325489499949682,0.017792164641389694,0.0009683973602685961,0.000593846799847434
US-natural/dlinear-mae-0.001-s43,dlinear,base,43,mae,0.001,12,0.019354978342252454,0.022844854815777044,0.0007685726201418101,0.0008910722708120513
US-natural/dlinear-mae-0.001-s43,dlinear,base,43,mae,0.001,13,0.02375402907944153,0.025066938582473178,0.000995122973203596,0.000979864827227002
US-natural/dlinear-mae-0.001-s43,dlinear,base,43,mae,0.001,14,0.02357266732007595,0.019444734703629545,0.0009887742328253768,0.0006436310226473063
US-natural/dlinear-mae-0.001-s43,dlinear,base,43,mae,0.001,15,0.020174737191053383,0.02050874879740481,0.0008067392455576369,0.0007378955958862552
US-natural/dlinear-mae-0.001-s43,dlinear,base,43,mae,0.001,16,0.021729604107653948,0.021306648561049735,0.0008596249678515279,0.000769012019588653
US-natural/dlinear-mae-0.001-s43,dlinear,base,43,mae,0.001,17,0.020333627192260444,0.02304099495221459,0.0007995874504277857,0.0009187545022618937
US-natural/dlinear-mae-0.001-s43,dlinear,base,43,mae,0.001,18,0.0213918769262841,0.02096788722197023,0.0008223680158437687,0.0007859785681425802
US-natural/dlinear-mae-0.001-s43,dlinear,base,43,mae,0.001,19,0.03106103198911551,0.01960964768364619,0.0014682390662590415,0.0007084387111727892
US-natural/dlinear-mae-0.001-s43,dlinear,base,43,mae,0.001,20,0.02369605051975137,0.030283047659047182,0.0010139292541625543,0.0012937211410154316
US-natural/dlinear-mae-0.001-s43,dlinear,base,43,mae,0.001,21,0.0248838832307974,0.02055641300490238,0.0010756414020084402,0.0007948711347843259
US-natural/dlinear-mae-0.001-s43,dlinear,base,43,mae,0.001,22,0.019810603516403787,0.019723827383543138,0.0008584542351640465,0.0007565628273919947
US-natural/dlinear-mae-0.001-s43,dlinear,base,43,mae,0.001,23,0.017935326913913755,0.019840082097165604,0.0007004669110722948,0.0007308942390936548
US-natural/dlinear-mae-0.001-s43,dlinear,base,43,mae,0.001,24,0.019107804136355305,0.018953005814228277,0.0007716341975130404,0.0006666037665289035
US-natural/dlinear-mae-0.001-s43,dlinear,base,43,mae,0.001,25,0.018688573164555942,0.020069749326735768,0.0007059359965627718,0.0007487612605726177
US-natural/dlinear-mae-0.001-s43,dlinear,base,43,mae,0.001,26,0.017013927381418187,0.016190327098776096,0.0006380254185852219,0.0005507864987966584
US-natural/dlinear-mae-0.001-s43,dlinear,base,43,mae,0.001,27,0.01695311965410774,0.01887303416138495,0.0006356798580377578,0.000670980131828501
US-natural/dlinear-mae-0.001-s43,dlinear,base,43,mae,0.001,28,0.017396596718825603,0.017445284049553953,0.0006525774610612383,0.0005852425914693307
US-natural/dlinear-mae-0.001-s43,dlinear,base,43,mae,0.001,29,0.01828068028325424,0.023815645663264134,0.0006737401630840294,0.0009326210551122053
US-natural/dlinear-mae-0.001-s43,dlinear,base,43,mae,0.001,30,0.021601961417207934,0.023928826942980194,0.0008311547885801819,0.0009672226138274905
US-natural/dlinear-mae-0.001-s44,dlinear,base,44,mae,0.001,1,0.2103242178327565,0.15273780273278822,0.07629686072133708,0.03090056872816466
US-natural/dlinear-mae-0.001-s44,dlinear,base,44,mae,0.001,2,0.09346152690250738,0.07474637487137396,0.012086427485800418,0.006577615192566318
US-natural/dlinear-mae-0.001-s44,dlinear,base,44,mae,0.001,3,0.0683126065277294,0.033022957457555756,0.007306479072350806,0.001993970150956812
US-natural/dlinear-mae-0.001-s44,dlinear,base,44,mae,0.001,4,0.02918576117256977,0.029051279034709856,0.0017814502953554438,0.0017366625594755767
US-natural/dlinear-mae-0.001-s44,dlinear,base,44,mae,0.001,5,0.023684474345654863,0.025333601488024646,0.0012277437343720366,0.001159261518197991
US-natural/dlinear-mae-0.001-s44,dlinear,base,44,mae,0.001,6,0.023774912732839135,0.021264527816114334,0.0011264097209813778,0.0009792535303678855
US-natural/dlinear-mae-0.001-s44,dlinear,base,44,mae,0.001,7,0.02751020684235774,0.02299455427826789,0.001338005397138829,0.0010520245345124624
US-natural/dlinear-mae-0.001-s44,dlinear,base,44,mae,0.001,8,0.019741978437004017,0.02551416072685858,0.0008145695631336992,0.0012768799830618802
US-natural/dlinear-mae-0.001-s44,dlinear,base,44,mae,0.001,9,0.02351318189137918,0.02355486176125986,0.001119713301173215,0.0011058091472606886
US-natural/dlinear-mae-0.001-s44,dlinear,base,44,mae,0.001,10,0.022313507712968892,0.022576462618305135,0.0010015868206706756,0.0010163627873336053
US-natural/dlinear-mae-0.001-s44,dlinear,base,44,mae,0.001,11,0.022085510114879393,0.025530654575371726,0.0009128127767457251,0.001255452823748892
US-natural/dlinear-mae-0.001-s44,dlinear,base,44,mae,0.001,12,0.024916974001172966,0.03275150195033299,0.0014058749672905511,0.002219387877238719
US-natural/dlinear-mae-0.001-s44,dlinear,base,44,mae,0.001,13,0.02639486897304978,0.02147744475959961,0.0012397394365717073,0.0010359073031347959
US-natural/dlinear-mae-0.001-s44,dlinear,base,44,mae,0.001,14,0.020421245887184886,0.025841445859926145,0.000813017618100973,0.0012763822308205872
US-natural/dlinear-mae-0.001-s44,dlinear,base,44,mae,0.001,15,0.02211671302726677,0.01829766511316831,0.0009474017920193568,0.0007825143049480803
US-natural/dlinear-mae-0.001-s44,dlinear,base,44,mae,0.001,16,0.018949464274524132,0.04791139086428335,0.0007564910574254595,0.002972066716821917
US-natural/dlinear-mae-0.001-s44,dlinear,base,44,mae,0.001,17,0.026668890820487578,0.04247444580309839,0.0011959056275053885,0.0025196467631923574
US-natural/dlinear-mae-0.001-s44,dlinear,base,44,mae,0.001,18,0.028582803347788992,0.024165571585844363,0.0013763628690770181,0.0010387451356372011
US-natural/dlinear-mae-0.001-s44,dlinear,base,44,mae,0.001,19,0.026002754505210654,0.018816499159542054,0.0012309561863871217,0.0008629990706814391
US-natural/dlinear-mae-0.001-s44,dlinear,base,44,mae,0.001,20,0.02378031991957617,0.023835092132235416,0.0009444776154275117,0.0010432058032028586
US-natural/dlinear-mae-0.001-s44,dlinear,base,44,mae,0.001,21,0.022658500575586438,0.0364361417278948,0.000906529163775937,0.0018810845395531145
US-natural/dlinear-mae-0.001-s44,dlinear,base,44,mae,0.001,22,0.028133273821490803,0.024178141815645475,0.0013016187215335038,0.001141018424211817
US-natural/dlinear-mae-0.001-s44,dlinear,base,44,mae,0.001,23,0.021649837422228677,0.025098181677593766,0.000842865099956837,0.0010021626003334026
US-natural/dlinear-mae-0.001-s44,dlinear,base,44,mae,0.001,24,0.02007372284377501,0.01815149456026548,0.0008460530628263352,0.0007904649847534209
US-natural/dlinear-mae-0.001-s44,dlinear,base,44,mae,0.001,25,0.01732341124225232,0.018463897277215768,0.0006941642980957988,0.0007349073097879038
US-natural/dlinear-mae-0.001-s44,dlinear,base,44,mae,0.001,26,0.017205977022198952,0.016559534916601434,0.0006507207534040996,0.0006573854792866639
US-natural/dlinear-mae-0.001-s44,dlinear,base,44,mae,0.001,27,0.016549339036492118,0.027748002567877062,0.0006311015558410037,0.0011864062609470006
US-natural/dlinear-mae-0.001-s44,dlinear,base,44,mae,0.001,28,0.02308196914086453,0.01771479539520934,0.0009310976321972175,0.0006887241232063161
US-natural/dlinear-mae-0.001-s44,dlinear,base,44,mae,0.001,29,0.019465032146182545,0.03065598322717471,0.000771322432452747,0.001491393769960377
US-natural/dlinear-mae-0.001-s44,dlinear,base,44,mae,0.001,30,0.024144283287792882,0.02017746092010867,0.0010297738122869416,0.000847308937808049
US-natural/dlinear-huber-0.0001-s42,dlinear,base,42,huber,0.0001,1,0.11380647011966295,0.05276344249108586,0.02461403883962366,0.005022362875724196
US-natural/dlinear-huber-0.0001-s42,dlinear,base,42,huber,0.0001,2,0.059446859312384054,0.05656191630485287,0.005528398831321687,0.006115193974487933
US-natural/dlinear-huber-0.0001-s42,dlinear,base,42,huber,0.0001,3,0.04242792805033631,0.04455989574638234,0.0035226025248681005,0.0037209664862287582
US-natural/dlinear-huber-0.0001-s42,dlinear,base,42,huber,0.0001,4,0.0361938637021652,0.044665631928240565,0.002781533371620319,0.003350454852113933
US-natural/dlinear-huber-0.0001-s42,dlinear,base,42,huber,0.0001,5,0.03342009795794999,0.035993086783946956,0.002546116209259353,0.002763350410215221
US-natural/dlinear-huber-0.0001-s42,dlinear,base,42,huber,0.0001,6,0.029039253383126393,0.03973045590213237,0.001993112818556074,0.002610152500341667
US-natural/dlinear-huber-0.0001-s42,dlinear,base,42,huber,0.0001,7,0.02931704190289565,0.03357582256702615,0.0018632455658875622,0.002333906264736321
US-natural/dlinear-huber-0.0001-s42,dlinear,base,42,huber,0.0001,8,0.02810177935720391,0.03113126055854689,0.0015658321395310183,0.001983405615816748
US-natural/dlinear-huber-0.0001-s42,dlinear,base,42,huber,0.0001,9,0.023458344363211467,0.029779479007330245,0.0013559404413045555,0.0017524333833716372
US-natural/dlinear-huber-0.0001-s42,dlinear,base,42,huber,0.0001,10,0.023706926499685515,0.029571058324126133,0.0013257461203070532,0.0015538352930907144
US-natural/dlinear-huber-0.0001-s42,dlinear,base,42,huber,0.0001,11,0.022176235600505557,0.030413608389110385,0.0011011845526810752,0.0015458421458745839
US-natural/dlinear-huber-0.0001-s42,dlinear,base,42,huber,0.0001,12,0.022858638360593965,0.02612930239597695,0.0011176145030887378,0.0013068852510535179
US-natural/dlinear-huber-0.0001-s42,dlinear,base,42,huber,0.0001,13,0.022289081027739605,0.025927551458192487,0.0011185817079385507,0.0012351146601912789
US-natural/dlinear-huber-0.0001-s42,dlinear,base,42,huber,0.0001,14,0.023272330241939178,0.026866139541464402,0.0011235360842388696,0.0012356827485231537
US-natural/dlinear-huber-0.0001-s42,dlinear,base,42,huber,0.0001,15,0.022606304324149576,0.022938771957666266,0.0009944370183808467,0.000995748896686799
US-natural/dlinear-huber-0.0001-s42,dlinear,base,42,huber,0.0001,16,0.01950440582038881,0.022776573907638254,0.0008215186868483284,0.0009746050509767181
US-natural/dlinear-huber-0.0001-s42,dlinear,base,42,huber,0.0001,17,0.018347945336066707,0.024306359239470055,0.0007567202934304749,0.0010527408841901336
US-natural/dlinear-huber-0.0001-s42,dlinear,base,42,huber,0.0001,18,0.018375902514129256,0.021728632702477546,0.0007310785004702953,0.000873616771156404
US-natural/dlinear-huber-0.0001-s42,dlinear,base,42,huber,0.0001,19,0.018723656985746396,0.028186723627866936,0.0007295393631277239,0.0012984206600854939
US-natural/dlinear-huber-0.0001-s42,dlinear,base,42,huber,0.0001,20,0.019557723820595504,0.025775552933541467,0.0007988035442275851,0.0010751956477950127
US-natural/dlinear-huber-0.0001-s42,dlinear,base,42,huber,0.0001,21,0.02063867306276176,0.021531754406447324,0.0008601536215178631,0.000848245704516631
US-natural/dlinear-huber-0.0001-s42,dlinear,base,42,huber,0.0001,22,0.01802835042592302,0.02206240327433785,0.000673626072513254,0.0008665806674356222
US-natural/dlinear-huber-0.0001-s42,dlinear,base,42,huber,0.0001,23,0.018932213874169147,0.026821108059492112,0.0007050228772639108,0.0011631566504421973
US-natural/dlinear-huber-0.0001-s42,dlinear,base,42,huber,0.0001,24,0.018359864686485206,0.02329151903374409,0.0007155433393480814,0.0009627154329515151
US-natural/dlinear-huber-0.0001-s42,dlinear,base,42,huber,0.0001,25,0.017247117408564154,0.02293136275373188,0.0006351470866585383,0.0008745848220122555
US-natural/dlinear-huber-0.0001-s42,dlinear,base,42,huber,0.0001,26,0.022420520546882677,0.03251478759446108,0.0009169838233582974,0.0015791201652654973
US-natural/dlinear-huber-0.0001-s42,dlinear,base,42,huber,0.0001,27,0.019008786474467815,0.022583079608210863,0.0007153714318863705,0.000929704835410901
US-natural/dlinear-huber-0.0001-s42,dlinear,base,42,huber,0.0001,28,0.018184237941963954,0.029335290598071054,0.0006767427190608578,0.0013925671861023082
US-natural/dlinear-huber-0.0001-s42,dlinear,base,42,huber,0.0001,29,0.025273149432419227,0.022508764380416785,0.0010567484618321783,0.0008910876482364772
US-natural/dlinear-huber-0.0001-s42,dlinear,base,42,huber,0.0001,30,0.020056243395576594,0.023394256717972167,0.0007443819729901788,0.0010017092097957718
US-natural/dlinear-huber-0.0001-s43,dlinear,base,43,huber,0.0001,1,0.35005925050331005,0.07659537054312993,0.17243475665219624,0.010062831374996249
US-natural/dlinear-huber-0.0001-s43,dlinear,base,43,huber,0.0001,2,0.13133279438101833,0.06527014864395964,0.02592932465318707,0.006812459653117983
US-natural/dlinear-huber-0.0001-s43,dlinear,base,43,huber,0.0001,3,0.07653241532935044,0.05687355265443172,0.00826310996714666,0.004955352284149336
US-natural/dlinear-huber-0.0001-s43,dlinear,base,43,huber,0.0001,4,0.056910664977382654,0.04592946720454923,0.005497893802981638,0.0033141810218859694
US-natural/dlinear-huber-0.0001-s43,dlinear,base,43,huber,0.0001,5,0.055714731557053955,0.04681334354056692,0.004561873780550684,0.003582646336146248
US-natural/dlinear-huber-0.0001-s43,dlinear,base,43,huber,0.0001,6,0.04019661658481035,0.03384491031550568,0.0025936192294674257,0.0018682139965336755
US-natural/dlinear-huber-0.0001-s43,dlinear,base,43,huber,0.0001,7,0.032606314002553406,0.03065161542523291,0.0017593175333393124,0.0014953225072615987
US-natural/dlinear-huber-0.0001-s43,dlinear,base,43,huber,0.0001,8,0.03203414674864,0.02822410119176547,0.0016058727823281959,0.001293854985063841
US-natural/dlinear-huber-0.0001-s43,dlinear,base,43,huber,0.0001,9,0.027310125259561054,0.02721039724347724,0.0013078433510852266,0.0012320491956849294
US-natural/dlinear-huber-0.0001-s43,dlinear,base,43,huber,0.0001,10,0.024775244541231565,0.02510379214433382,0.0010820414991075866,0.001106787360533879
US-natural/dlinear-huber-0.0001-s43,dlinear,base,43,huber,0.0001,11,0.02296649572469534,0.025524177543024596,0.0009918584354655523,0.0011585085379348823
US-natural/dlinear-huber-0.0001-s43,dlinear,base,43,huber,0.0001,12,0.022122771281715994,0.026116068660478546,0.0009360278650565587,0.0012271650645873545
US-natural/dlinear-huber-0.0001-s43,dlinear,base,43,huber,0.0001,13,0.021679863233553583,0.02511735610291408,0.0009136185175310837,0.001092274764422318
US-natural/dlinear-huber-0.0001-s43,dlinear,base,43,huber,0.0001,14,0.021129270955383448,0.023985988394798444,0.0008944951246961395,0.0010313157070715394
US-natural/dlinear-huber-0.0001-s43,dlinear,base,43,huber,0.0001,15,0.020225407728602224,0.02612623598532721,0.0008402960570226178,0.0012204935830511148
US-natural/dlinear-huber-0.0001-s43,dlinear,base,43,huber,0.0001,16,0.021591091637873955,0.023741955528378312,0.0008928542185942375,0.000997219682175697
US-natural/dlinear-huber-0.0001-s43,dlinear,base,43,huber,0.0001,17,0.019482898671920077,0.025022900152176064,0.0007886894373733782,0.001099452356593565
US-natural/dlinear-huber-0.0001-s43,dlinear,base,43,huber,0.0001,18,0.019167372246849855,0.02357288377758085,0.0007625893849922512,0.000993712791187592
US-natural/dlinear-huber-0.0001-s43,dlinear,base,43,huber,0.0001,19,0.020336724087718996,0.025947382242242256,0.0008578941900336587,0.0011779092467577898
US-natural/dlinear-huber-0.0001-s43,dlinear,base,43,huber,0.0001,20,0.0207593574770361,0.023670819297859018,0.0008452607878910171,0.0009956272058280584
US-natural/dlinear-huber-0.0001-s43,dlinear,base,43,huber,0.0001,21,0.018990372211665597,0.024843858172311897,0.0007475928698030722,0.001059610528188016
US-natural/dlinear-huber-0.0001-s43,dlinear,base,43,huber,0.0001,22,0.018070204597171416,0.023500538960010586,0.0007167968293273001,0.0009676591502732123
US-natural/dlinear-huber-0.0001-s43,dlinear,base,43,huber,0.0001,23,0.018674385761150956,0.025674559795366206,0.0007397883704985619,0.00113960287406913
US-natural/dlinear-huber-0.0001-s43,dlinear,base,43,huber,0.0001,24,0.018791870980108323,0.023479073651955302,0.0007606882496235144,0.0009765439225779413
US-natural/dlinear-huber-0.0001-s43,dlinear,base,43,huber,0.0001,25,0.01786298769796623,0.022882577458561305,0.0007025532501665355,0.0009362036402421405
US-natural/dlinear-huber-0.0001-s43,dlinear,base,43,huber,0.0001,26,0.017797808975965335,0.022863161302992985,0.0006972144757783133,0.0009377478973068001
US-natural/dlinear-huber-0.0001-s43,dlinear,base,43,huber,0.0001,27,0.017007569971055823,0.024005453204678454,0.000653733078718652,0.0010151542692445992
US-natural/dlinear-huber-0.0001-s43,dlinear,base,43,huber,0.0001,28,0.01635343838795577,0.023240155222070322,0.0006434627679696288,0.0009509498281803334
US-natural/dlinear-huber-0.0001-s43,dlinear,base,43,huber,0.0001,29,0.016170902824417095,0.024011950627660816,0.0006374369290144713,0.0010081684857324747
US-natural/dlinear-huber-0.0001-s43,dlinear,base,43,huber,0.0001,30,0.01602573437941556,0.02417403380441796,0.0006140345961420891,0.0010233832274891936
US-natural/dlinear-huber-0.0001-s44,dlinear,base,44,huber,0.0001,1,0.25311115060848466,0.11974851724860593,0.11222406995472801,0.03228541553362933
US-natural/dlinear-huber-0.0001-s44,dlinear,base,44,huber,0.0001,2,0.09680429233640872,0.10057250520575207,0.016019246704770923,0.020615309461766432
US-natural/dlinear-huber-0.0001-s44,dlinear,base,44,huber,0.0001,3,0.07091579026904694,0.08367251105785939,0.010251555740195194,0.015210981234615702
US-natural/dlinear-huber-0.0001-s44,dlinear,base,44,huber,0.0001,4,0.051478892332719677,0.07101453792762469,0.00588163541093869,0.012654295184209713
US-natural/dlinear-huber-0.0001-s44,dlinear,base,44,huber,0.0001,5,0.047285671450429764,0.06790606429174337,0.005121335619418729,0.009101353471286381
US-natural/dlinear-huber-0.0001-s44,dlinear,base,44,huber,0.0001,6,0.04127537614723525,0.05948385393669765,0.0038075281807372183,0.0070150110627966835
US-natural/dlinear-huber-0.0001-s44,dlinear,base,44,huber,0.0001,7,0.03556495807910838,0.05206337789368695,0.0028675285503097394,0.005386390849849902
US-natural/dlinear-huber-0.0001-s44,dlinear,base,44,huber,0.0001,8,0.02932588932246201,0.04979891139288837,0.0019810677269948345,0.0043831300365349
US-natural/dlinear-huber-0.0001-s44,dlinear,base,44,huber,0.0001,9,0.027847869089643512,0.03858279383723494,0.0015935607857816036,0.0033302405940240417
US-natural/dlinear-huber-0.0001-s44,dlinear,base,44,huber,0.0001,10,0.024990416478114584,0.03486093397352106,0.0013114806527150034,0.0027316258283914445
US-natural/dlinear-huber-0.0001-s44,dlinear,base,44,huber,0.0001,11,0.024960349995030218,0.032958648341522144,0.0012063224445411855,0.002420032940694084
US-natural/dlinear-huber-0.0001-s44,dlinear,base,44,huber,0.0001,12,0.02299386727227114,0.029987423812154017,0.0010965913597735205,0.0019295890514402115
US-natural/dlinear-huber-0.0001-s44,dlinear,base,44,huber,0.0001,13,0.02100564609360793,0.028642673435561185,0.0009727402647747991,0.001804788138233948
US-natural/dlinear-huber-0.0001-s44,dlinear,base,44,huber,0.0001,14,0.021920697674303047,0.02934820119694871,0.0010263327040478402,0.0018533447675143928
US-natural/dlinear-huber-0.0001-s44,dlinear,base,44,huber,0.0001,15,0.01941664787747103,0.030397363145400643,0.0008542085735355739,0.0019161679568673751
US-natural/dlinear-huber-0.0001-s44,dlinear,base,44,huber,0.0001,16,0.01952656178058585,0.027764187579591582,0.0008350025037158719,0.0017538095753246539
US-natural/dlinear-huber-0.0001-s44,dlinear,base,44,huber,0.0001,17,0.01811966585741689,0.03045809841427207,0.0007996646843622127,0.0018975420233131289
US-natural/dlinear-huber-0.0001-s44,dlinear,base,44,huber,0.0001,18,0.018656512917009073,0.027010849727730032,0.000817667113359246,0.0016402765168229715
US-natural/dlinear-huber-0.0001-s44,dlinear,base,44,huber,0.0001,19,0.017756593774365323,0.02747589577923989,0.0007548134905001283,0.0016452412072879468
US-natural/dlinear-huber-0.0001-s44,dlinear,base,44,huber,0.0001,20,0.017716985877189406,0.02807070682697813,0.0007539500782718151,0.0017783018082876186
US-natural/dlinear-huber-0.0001-s44,dlinear,base,44,huber,0.0001,21,0.017214499042184927,0.02867131347740146,0.0007380563391596578,0.0017005404243176517
US-natural/dlinear-huber-0.0001-s44,dlinear,base,44,huber,0.0001,22,0.016883658020195817,0.02614392046947526,0.0006917372310380129,0.001565186416833625
US-natural/dlinear-huber-0.0001-s44,dlinear,base,44,huber,0.0001,23,0.01639947439779598,0.026610655798149287,0.0006832272796134861,0.0016036618886288024
US-natural/dlinear-huber-0.0001-s44,dlinear,base,44,huber,0.0001,24,0.017053071992563736,0.026260354843600387,0.0006966245847158188,0.0015670364149525451
US-natural/dlinear-huber-0.0001-s44,dlinear,base,44,huber,0.0001,25,0.01689970661058563,0.026410357155153726,0.0007059537107506894,0.0015652861351838179
US-natural/dlinear-huber-0.0001-s44,dlinear,base,44,huber,0.0001,26,0.01851395122093207,0.03006953026880318,0.0007639066731867653,0.001743204055161739
US-natural/dlinear-huber-0.0001-s44,dlinear,base,44,huber,0.0001,27,0.019222223863403526,0.030096859003709567,0.0007706423689638117,0.0017760850360129517
US-natural/dlinear-huber-0.0001-s44,dlinear,base,44,huber,0.0001,28,0.018446136576879518,0.027000538422820325,0.0007068693977914762,0.001599328636400844
US-natural/dlinear-huber-0.0001-s44,dlinear,base,44,huber,0.0001,29,0.0177372841940529,0.031361041956903736,0.0007160288683820934,0.0018053415735838371
US-natural/dlinear-huber-0.0001-s44,dlinear,base,44,huber,0.0001,30,0.019692965593635304,0.027069805125164978,0.0007834049213867791,0.0015766476565622879
US-natural/dlinear-huber-0.001-s42,dlinear,base,42,huber,0.001,1,0.10673725373886896,0.0656358156065794,0.02316944300436034,0.0065286036918465
US-natural/dlinear-huber-0.001-s42,dlinear,base,42,huber,0.001,2,0.05057002476852241,0.053186694865668564,0.004323797235183555,0.003729746919623234
US-natural/dlinear-huber-0.001-s42,dlinear,base,42,huber,0.001,3,0.06094093144931193,0.09937229994482737,0.005159033869934693,0.011247462873759162
US-natural/dlinear-huber-0.001-s42,dlinear,base,42,huber,0.001,4,0.07020223244190882,0.044311146868649676,0.007691922809048859,0.0026147811506638074
US-natural/dlinear-huber-0.001-s42,dlinear,base,42,huber,0.001,5,0.048239090013099145,0.02168814264205128,0.0040847286463680755,0.000927819365800977
US-natural/dlinear-huber-0.001-s42,dlinear,base,42,huber,0.001,6,0.034791680136511266,0.02415711456179878,0.0019717799355421133,0.0011111471411608177
US-natural/dlinear-huber-0.001-s42,dlinear,base,42,huber,0.001,7,0.027110632358811122,0.02307906703478624,0.0012245086906374502,0.0010169976968656973
US-natural/dlinear-huber-0.001-s42,dlinear,base,42,huber,0.001,8,0.027688540977799554,0.021239970433369237,0.0012486518449946853,0.0008272777346032195
US-natural/dlinear-huber-0.001-s42,dlinear,base,42,huber,0.001,9,0.021127282395498586,0.018965990394156498,0.000885933827957612,0.0007808952890284547
US-natural/dlinear-huber-0.001-s42,dlinear,base,42,huber,0.001,10,0.02954176840004018,0.023546126937659752,0.001427885645758542,0.0009807153437592386
US-natural/dlinear-huber-0.001-s42,dlinear,base,42,huber,0.001,11,0.0280299931656799,0.032201743900707645,0.001308243229513975,0.0015254931690001975
US-natural/dlinear-huber-0.001-s42,dlinear,base,42,huber,0.001,12,0.027078373431687876,0.016518694270358004,0.0011844543983412345,0.0006286663676632
US-natural/dlinear-huber-0.001-s42,dlinear,base,42,huber,0.001,13,0.01850327377858133,0.017324293606378726,0.0007262107034827464,0.0006980889395485858
US-natural/dlinear-huber-0.001-s42,dlinear,base,42,huber,0.001,14,0.01753654311519235,0.016949296608558047,0.0006835269180740201,0.0006576409936975337
US-natural/dlinear-huber-0.001-s42,dlinear,base,42,huber,0.001,15,0.0174606266784718,0.016617737848742806,0.0006969738332589898,0.0007198207518504423
US-natural/dlinear-huber-0.001-s42,dlinear,base,42,huber,0.001,16,0.016888732897950624,0.017859862645144657,0.0006392441273333535,0.0007584410572024729
US-natural/dlinear-huber-0.001-s42,dlinear,base,42,huber,0.001,17,0.01679116258190307,0.016484912593483475,0.0006449709553946557,0.0007024217369510693
US-natural/dlinear-huber-0.001-s42,dlinear,base,42,huber,0.001,18,0.015956723603712388,0.016574716179420062,0.0005990815779916452,0.0006780864129128915
US-natural/dlinear-huber-0.001-s42,dlinear,base,42,huber,0.001,19,0.018011877693957314,0.016877634288492562,0.000671316602355966,0.0006953463374739531
US-natural/dlinear-huber-0.001-s42,dlinear,base,42,huber,0.001,20,0.01598414017095265,0.017561039572558855,0.0006164692647901133,0.0007519179894469772
US-natural/dlinear-huber-0.001-s42,dlinear,base,42,huber,0.001,21,0.016472402057991647,0.016707990869795093,0.0006082974583051079,0.0006863068896249332
US-natural/dlinear-huber-0.001-s42,dlinear,base,42,huber,0.001,22,0.016149165208960172,0.017204955107904825,0.0006047338538382077,0.0007145228821462258
US-natural/dlinear-huber-0.001-s42,dlinear,base,42,huber,0.001,23,0.016299180487238624,0.018464360746894712,0.000610980886652577,0.0007936697032156785
US-natural/dlinear-huber-0.001-s42,dlinear,base,42,huber,0.001,24,0.015778427673687177,0.02283365226258693,0.0006023132887643135,0.001018416053208765
US-natural/dlinear-huber-0.001-s42,dlinear,base,42,huber,0.001,25,0.016211541670653445,0.017527734934588722,0.0006059366679107498,0.0007155277594164071
US-natural/dlinear-huber-0.001-s42,dlinear,base,42,huber,0.001,26,0.016763895368007316,0.01766072364042287,0.0006333139578096686,0.0007776503505717855
US-natural/dlinear-huber-0.001-s42,dlinear,base,42,huber,0.001,27,0.01628862185585993,0.01786141252202368,0.0006319400347115033,0.000815374513476535
US-natural/dlinear-huber-0.001-s42,dlinear,base,42,huber,0.001,28,0.017808069041005587,0.024480056544926177,0.0006759208738370181,0.0011951272884540272
US-natural/dlinear-huber-0.001-s42,dlinear,base,42,huber,0.001,29,0.020891932842330537,0.025035526477388742,0.0008787467220244941,0.0012054888277755514
US-natural/dlinear-huber-0.001-s42,dlinear,base,42,huber,0.001,30,0.021481879056906347,0.020701214772460924,0.0008457540697848498,0.000921108288973318
US-natural/dlinear-huber-0.001-s43,dlinear,base,43,huber,0.001,1,0.18069049592539088,0.04695002210722823,0.07489824552451022,0.004150599023138604
US-natural/dlinear-huber-0.001-s43,dlinear,base,43,huber,0.001,2,0.04761543466834197,0.03184770696259663,0.003775346546724529,0.001505355675084884
US-natural/dlinear-huber-0.001-s43,dlinear,base,43,huber,0.001,3,0.03310424741358421,0.030308043862192047,0.0018208150967606936,0.0014190842172327293
US-natural/dlinear-huber-0.001-s43,dlinear,base,43,huber,0.001,4,0.03032674322004325,0.04183638880964425,0.0014936494789640265,0.0022747913522111985
US-natural/dlinear-huber-0.001-s43,dlinear,base,43,huber,0.001,5,0.05070789175083433,0.0642449788688768,0.0038158266758923673,0.005262318120918719
US-natural/dlinear-huber-0.001-s43,dlinear,base,43,huber,0.001,6,0.04211329113876949,0.03509693912560106,0.002804195632907213,0.0018200492714967322
US-natural/dlinear-huber-0.001-s43,dlinear,base,43,huber,0.001,7,0.028868055546410983,0.023430088197620026,0.0014536954843426073,0.0009764899708856786
US-natural/dlinear-huber-0.001-s43,dlinear,base,43,huber,0.001,8,0.029393817823865877,0.02762126073636309,0.0013460412066991477,0.0012319248763969063
US-natural/dlinear-huber-0.001-s43,dlinear,base,43,huber,0.001,9,0.028469625255650752,0.02162726964208341,0.0013014904205300476,0.0008120729392776282
US-natural/dlinear-huber-0.001-s43,dlinear,base,43,huber,0.001,10,0.029988563575331497,0.026995259303097485,0.001501755468561931,0.0011622076719821294
US-natural/dlinear-huber-0.001-s43,dlinear,base,43,huber,0.001,11,0.024759910759219524,0.02212584900691428,0.0010096283837119887,0.0008217221703873997
US-natural/dlinear-huber-0.001-s43,dlinear,base,43,huber,0.001,12,0.01989014643763229,0.02196777747626991,0.00082969938585879,0.0008193727228414979
US-natural/dlinear-huber-0.001-s43,dlinear,base,43,huber,0.001,13,0.020577488207495026,0.02168519984832291,0.0007859235976895797,0.0008443710614432127
US-natural/dlinear-huber-0.001-s43,dlinear,base,43,huber,0.001,14,0.020452811365668067,0.017139880106836397,0.0008461716370258509,0.0006226795639299755
US-natural/dlinear-huber-0.001-s43,dlinear,base,43,huber,0.001,15,0.01938600693505733,0.01959269599993794,0.0007182078539223586,0.0007078810014011494
US-natural/dlinear-huber-0.001-s43,dlinear,base,43,huber,0.001,16,0.020016489902896686,0.018070898561468242,0.0008186532172639219,0.0006266647770198005
US-natural/dlinear-huber-0.001-s43,dlinear,base,43,huber,0.001,17,0.01949716162494918,0.020249130160694292,0.0007658776314033303,0.000747966911037984
US-natural/dlinear-huber-0.001-s43,dlinear,base,43,huber,0.001,18,0.019117958589534,0.027990818541483976,0.0007180681894026674,0.0012400724159370544
US-natural/dlinear-huber-0.001-s43,dlinear,base,43,huber,0.001,19,0.022398836053995244,0.026913742220174418,0.0009276574470447684,0.0011538219536014688
US-natural/dlinear-huber-0.001-s43,dlinear,base,43,huber,0.001,20,0.02242285893518309,0.02489047481654903,0.0008780168413180168,0.0009790521333860975
US-natural/dlinear-huber-0.001-s43,dlinear,base,43,huber,0.001,21,0.025164036088057954,0.02187609709083221,0.001049521464397518,0.0008067684988984034
US-natural/dlinear-huber-0.001-s43,dlinear,base,43,huber,0.001,22,0.01888162635468524,0.023547859232675154,0.0007309223776353508,0.0008740242187156618
US-natural/dlinear-huber-0.001-s43,dlinear,base,43,huber,0.001,23,0.02201256301958162,0.01994111596044962,0.0008729204671946743,0.0007362788602063211
US-natural/dlinear-huber-0.001-s43,dlinear,base,43,huber,0.001,24,0.017800594709124835,0.019678238431429466,0.0006903072948934692,0.0007116154710858825
US-natural/dlinear-huber-0.001-s43,dlinear,base,43,huber,0.001,25,0.016646454395559392,0.017051468900997433,0.000619562267827069,0.0006036997264615819
US-natural/dlinear-huber-0.001-s43,dlinear,base,43,huber,0.001,26,0.015858080611984928,0.018055242265597203,0.0005922163562485902,0.0006342881602105307
US-natural/dlinear-huber-0.001-s43,dlinear,base,43,huber,0.001,27,0.015857683624475042,0.020706988223881558,0.0005874367869651626,0.0007852999960185922
US-natural/dlinear-huber-0.001-s43,dlinear,base,43,huber,0.001,28,0.01736097333253485,0.019019440265969648,0.000635950908549296,0.00068370486008027
US-natural/dlinear-huber-0.001-s43,dlinear,base,43,huber,0.001,29,0.01733585295580907,0.019743153165467618,0.0006656930805629398,0.000701773784937958
US-natural/dlinear-huber-0.001-s43,dlinear,base,43,huber,0.001,30,0.015735007705533904,0.01813637273531775,0.0005994196198573432,0.0006373159287056277
US-natural/dlinear-huber-0.001-s44,dlinear,base,44,huber,0.001,1,0.2097037820563685,0.1461816685254071,0.07609540469438443,0.029056913209882265
US-natural/dlinear-huber-0.001-s44,dlinear,base,44,huber,0.001,2,0.09170003465946987,0.07173512860496764,0.011782347430948007,0.006166366215252555
US-natural/dlinear-huber-0.001-s44,dlinear,base,44,huber,0.001,3,0.06878118389499246,0.03453515046941796,0.0074011650394588,0.002150814673171164
US-natural/dlinear-huber-0.001-s44,dlinear,base,44,huber,0.001,4,0.030537817724988394,0.03265174873723088,0.0018717286062765958,0.00208136985624511
US-natural/dlinear-huber-0.001-s44,dlinear,base,44,huber,0.001,5,0.022879126867145997,0.021943991057157178,0.0011899570057194576,0.0010743335263641357
US-natural/dlinear-huber-0.001-s44,dlinear,base,44,huber,0.001,6,0.02643405185466043,0.025993528486321648,0.0013325315086017621,0.001274683392474329
US-natural/dlinear-huber-0.001-s44,dlinear,base,44,huber,0.001,7,0.027439400106575577,0.03826010663247979,0.0013421876754290923,0.0022843675905982823
US-natural/dlinear-huber-0.001-s44,dlinear,base,44,huber,0.001,8,0.040233153830346396,0.025289655806004094,0.0026372379919169806,0.0013214082360184082
US-natural/dlinear-huber-0.001-s44,dlinear,base,44,huber,0.001,9,0.03743831082253337,0.02160062563717402,0.0022487203583919286,0.0010611989448620484
US-natural/dlinear-huber-0.001-s44,dlinear,base,44,huber,0.001,10,0.02554339344643091,0.02508244223104738,0.0011629012412573312,0.0011742804038765225
US-natural/dlinear-huber-0.001-s44,dlinear,base,44,huber,0.001,11,0.021326937735793527,0.02106965127682353,0.0009157043461640133,0.0009744327517349688
US-natural/dlinear-huber-0.001-s44,dlinear,base,44,huber,0.001,12,0.020767951787093245,0.03478268050520872,0.001119127830934103,0.0024772500959533367
US-natural/dlinear-huber-0.001-s44,dlinear,base,44,huber,0.001,13,0.025263164491298756,0.0212780397291662,0.0011980945512460857,0.001123611445127633
US-natural/dlinear-huber-0.001-s44,dlinear,base,44,huber,0.001,14,0.018458622703339738,0.02388491108309094,0.000786514481561343,0.0010145530127115003
US-natural/dlinear-huber-0.001-s44,dlinear,base,44,huber,0.001,15,0.019562756209310785,0.018594501053307243,0.0007915285109294362,0.0008701126438474753
US-natural/dlinear-huber-0.001-s44,dlinear,base,44,huber,0.001,16,0.01885460500055196,0.03868913408513856,0.000716357759568635,0.002110631310428704
US-natural/dlinear-huber-0.001-s44,dlinear,base,44,huber,0.001,17,0.021651203569270208,0.02888949352190961,0.0009041614512029785,0.0013856813156231272
US-natural/dlinear-huber-0.001-s44,dlinear,base,44,huber,0.001,18,0.02174301829353495,0.01963525903654568,0.0008642673519491551,0.0008283999840253585
US-natural/dlinear-huber-0.001-s44,dlinear,base,44,huber,0.001,19,0.021786577076018696,0.02037463515706903,0.0009245841164457977,0.0008851561342336518
US-natural/dlinear-huber-0.001-s44,dlinear,base,44,huber,0.001,20,0.026032974199716064,0.0335635802649826,0.0013963688648121048,0.0024763817269086957
US-natural/dlinear-huber-0.001-s44,dlinear,base,44,huber,0.001,21,0.020390336566390402,0.023855205958338375,0.000991243753214079,0.001495169170169746
US-natural/dlinear-huber-0.001-s44,dlinear,base,44,huber,0.001,22,0.019217425707330753,0.021957818207494692,0.0008001131298285727,0.0009493783382024778
US-natural/dlinear-huber-0.001-s44,dlinear,base,44,huber,0.001,23,0.018578846475438383,0.020469411216162053,0.0007291251947371451,0.0008330851918796891
US-natural/dlinear-huber-0.001-s44,dlinear,base,44,huber,0.001,24,0.019541629094309138,0.025027418425625458,0.0007658300637515409,0.0010952861824392744
US-natural/dlinear-huber-0.001-s44,dlinear,base,44,huber,0.001,25,0.021080547859083157,0.020443794773863495,0.0008368624070819485,0.0008844299040483845
US-natural/dlinear-huber-0.001-s44,dlinear,base,44,huber,0.001,26,0.021904130855244543,0.026951799312625247,0.0008923737065719336,0.0011974578025648493
US-natural/dlinear-huber-0.001-s44,dlinear,base,44,huber,0.001,27,0.021954772805098197,0.024683845677844346,0.0008892621845599245,0.0010547641601088976
US-natural/dlinear-huber-0.001-s44,dlinear,base,44,huber,0.001,28,0.02371716092606352,0.021976281953710385,0.0009477674691848555,0.0008966945146249126
US-natural/dlinear-huber-0.001-s44,dlinear,base,44,huber,0.001,29,0.020692941389530956,0.0333495486304445,0.000831210327803638,0.0015868660140015867
US-natural/dlinear-huber-0.001-s44,dlinear,base,44,huber,0.001,30,0.021494545036043783,0.023271236025172958,0.000895111273441139,0.0009516079272695713
US-natural/rnn-post-mae-s42,rnn,posttraining,42,mae,0.0001,1,0.017331771519261067,0.025004302683698694,0.0006042203678710992,0.0010042956010180221
US-natural/rnn-post-mae-s42,rnn,posttraining,42,mae,0.0001,2,0.016284128212584487,0.020075840233197004,0.0005607314382714592,0.0007030067019933308
US-natural/rnn-post-mae-s42,rnn,posttraining,42,mae,0.0001,3,0.01625426977016541,0.027869934422989105,0.000564952827873979,0.0012716613245074143
US-natural/rnn-post-mae-s42,rnn,posttraining,42,mae,0.0001,4,0.017858924932494764,0.028758139396501015,0.0006498058047480311,0.0012570142240206405
US-natural/rnn-post-mae-s42,rnn,posttraining,42,mae,0.0001,5,0.015628526177357174,0.02375879867159849,0.0005314266834461088,0.0009514407417846027
US-natural/rnn-post-mse-s42,rnn,posttraining,42,mse,0.0001,1,0.017606996480016027,0.030214002872230254,0.0006150432338774062,0.0013521767645440273
US-natural/rnn-post-mse-s42,rnn,posttraining,42,mse,0.0001,2,0.01735607731991034,0.02197088032676885,0.0006040306407515019,0.0008142036405448231
US-natural/rnn-post-mse-s42,rnn,posttraining,42,mse,0.0001,3,0.015454288072660582,0.022049090944443128,0.0005275544773244046,0.0008192051707714502
US-natural/rnn-post-mse-s42,rnn,posttraining,42,mse,0.0001,4,0.01490811631199002,0.02210831641845064,0.0005000608763438502,0.0008221837856344256
US-natural/rnn-post-mse-s42,rnn,posttraining,42,mse,0.0001,5,0.014999351070181403,0.025673634625912066,0.0005107979044936596,0.001064620539208551
US-natural/rnn-post-mae-s43,rnn,posttraining,43,mae,0.0001,1,0.017975719227297404,0.026502034923547052,0.0006510924320883293,0.001278686140877369
US-natural/rnn-post-mae-s43,rnn,posttraining,43,mae,0.0001,2,0.018253584431611777,0.02301107897547446,0.0006486793780576678,0.0009668361582877246
US-natural/rnn-post-mae-s43,rnn,posttraining,43,mae,0.0001,3,0.018115627526296488,0.022615790293923563,0.000625861630859849,0.0009566748444412071
US-natural/rnn-post-mae-s43,rnn,posttraining,43,mae,0.0001,4,0.018594501417154553,0.024176799661984157,0.0006489265888104852,0.0010679573588316983
US-natural/rnn-post-mae-s43,rnn,posttraining,43,mae,0.0001,5,0.01802148475017623,0.022472572192309623,0.0006123212118512509,0.000956794744976015
US-natural/rnn-post-mse-s43,rnn,posttraining,43,mse,0.0001,1,0.019618865964314763,0.028779091706621213,0.0007348927129792156,0.0014558545239998937
US-natural/rnn-post-mse-s43,rnn,posttraining,43,mse,0.0001,2,0.019965008275956625,0.024387725178700245,0.0007368723127709981,0.0010894092241350982
US-natural/rnn-post-mse-s43,rnn,posttraining,43,mse,0.0001,3,0.015857024649742056,0.021290917026154606,0.0005405498157611327,0.0008957260636757289
US-natural/rnn-post-mse-s43,rnn,posttraining,43,mse,0.0001,4,0.015689268767847247,0.02196676644808807,0.00052473059461889,0.0009418631972622156
US-natural/rnn-post-mse-s43,rnn,posttraining,43,mse,0.0001,5,0.015213679059777104,0.02262701632043773,0.0005112757307409828,0.0009786418532543837
US-natural/rnn-post-mae-s44,rnn,posttraining,44,mae,0.0001,1,0.01595078033317101,0.020145747064649163,0.0005719177201297752,0.0010267227554007447
US-natural/rnn-post-mae-s44,rnn,posttraining,44,mae,0.0001,2,0.015801066198475062,0.020711122830270646,0.0005672515111054903,0.001000633195218227
US-natural/rnn-post-mae-s44,rnn,posttraining,44,mae,0.0001,3,0.01506717152228618,0.020884237433590806,0.0005483841925345685,0.0010407031310283664
US-natural/rnn-post-mae-s44,rnn,posttraining,44,mae,0.0001,4,0.015211446834818223,0.021480997724550355,0.0005534503975525975,0.001039527198703089
US-natural/rnn-post-mae-s44,rnn,posttraining,44,mae,0.0001,5,0.015775578950480436,0.02141759040041539,0.0005945912531183065,0.0010292168316794715
US-natural/rnn-post-mse-s44,rnn,posttraining,44,mse,0.0001,1,0.015787770296919836,0.019302845363988897,0.0005721552180108601,0.000933056518580253
US-natural/rnn-post-mse-s44,rnn,posttraining,44,mse,0.0001,2,0.015597223167500575,0.02001258174407824,0.0005638120778399401,0.0009405505623372813
US-natural/rnn-post-mse-s44,rnn,posttraining,44,mse,0.0001,3,0.015315853171698328,0.020365669809061685,0.0005469158969154758,0.0010291988893533137
US-natural/rnn-post-mse-s44,rnn,posttraining,44,mse,0.0001,4,0.01508538329004946,0.02120099261906241,0.0005415805627983601,0.001046152729186517
US-natural/rnn-post-mse-s44,rnn,posttraining,44,mse,0.0001,5,0.014841287745034482,0.020502645080807638,0.0005239167259989526,0.000971092926515815
US-natural/lstm-post-mae-s42,lstm,posttraining,42,mae,0.0001,1,0.01718284040462845,0.023248953533152424,0.0005997101308692943,0.0008965908019158448
US-natural/lstm-post-mae-s42,lstm,posttraining,42,mae,0.0001,2,0.015914694377977247,0.02168249474593262,0.0005448072076055451,0.0008209138665044777
US-natural/lstm-post-mae-s42,lstm,posttraining,42,mae,0.0001,3,0.015526652085420083,0.023828205830995895,0.0005284017987379183,0.0009251321428182694
US-natural/lstm-post-mae-s42,lstm,posttraining,42,mae,0.0001,4,0.016421158613511237,0.02322770806107,0.0005727195949024095,0.0008787922533809594
US-natural/lstm-post-mae-s42,lstm,posttraining,42,mae,0.0001,5,0.015264911300583656,0.0213991823230829,0.0005281183865796689,0.0007828769543413789
US-natural/lstm-post-mse-s42,lstm,posttraining,42,mse,0.0001,1,0.017672827131275992,0.02524558861378952,0.0006159221817171127,0.00104479400793939
US-natural/lstm-post-mse-s42,lstm,posttraining,42,mse,0.0001,2,0.016190183654939263,0.022036770302049664,0.0005520280080633453,0.0008345428548977315
US-natural/lstm-post-mse-s42,lstm,posttraining,42,mse,0.0001,3,0.015173433676472529,0.021532460247235687,0.0005126594195321964,0.0008121924167737504
US-natural/lstm-post-mse-s42,lstm,posttraining,42,mse,0.0001,4,0.015248395001778936,0.022223014529763833,0.0005151884032204799,0.0008575568200569364
US-natural/lstm-post-mse-s42,lstm,posttraining,42,mse,0.0001,5,0.015404820729708014,0.021735484465157422,0.0005171023593778188,0.0008253892012210592
US-natural/lstm-post-mae-s43,lstm,posttraining,43,mae,0.0001,1,0.023974181307758895,0.020842794852213627,0.0009371346049031372,0.0007627869408579227
US-natural/lstm-post-mae-s43,lstm,posttraining,43,mae,0.0001,2,0.017469904724443236,0.020885888226837745,0.0006256134151410253,0.0007623460968044832
US-natural/lstm-post-mae-s43,lstm,posttraining,43,mae,0.0001,3,0.018130884630917814,0.01987884524008317,0.0006230033179727717,0.0007254467646028987
US-natural/lstm-post-mae-s43,lstm,posttraining,43,mae,0.0001,4,0.01686218066557719,0.021234574002590177,0.000598590433935113,0.0007851203467450891
US-natural/lstm-post-mae-s43,lstm,posttraining,43,mae,0.0001,5,0.015900552124371622,0.021927465282711122,0.0005497059792298194,0.0008148495478020882
US-natural/lstm-post-mse-s43,lstm,posttraining,43,mse,0.0001,1,0.023721118308300676,0.020661662736840707,0.0009234029117738452,0.0007528104998358046
US-natural/lstm-post-mse-s43,lstm,posttraining,43,mse,0.0001,2,0.016977130833454715,0.019842978478058368,0.0005928610450830953,0.0007164717245090067
US-natural/lstm-post-mse-s43,lstm,posttraining,43,mse,0.0001,3,0.0163532995585578,0.019753859689717723,0.0005532598678708729,0.0007107317746769265
US-natural/lstm-post-mse-s43,lstm,posttraining,43,mse,0.0001,4,0.015964078776189865,0.02016098991779822,0.0005341561485135524,0.0007218247393031244
US-natural/lstm-post-mse-s43,lstm,posttraining,43,mse,0.0001,5,0.0160587239720774,0.021310417290967325,0.0005343034170579484,0.0007819923934708469
US-natural/lstm-post-mae-s44,lstm,posttraining,44,mae,0.0001,1,0.016060325120000146,0.020582229577658557,0.0005606508316205079,0.0007690148634149135
US-natural/lstm-post-mae-s44,lstm,posttraining,44,mae,0.0001,2,0.015722550496114002,0.019464433742197484,0.0005552299448923061,0.0006856729697702863
US-natural/lstm-post-mae-s44,lstm,posttraining,44,mae,0.0001,3,0.017352466876099322,0.02235374882734464,0.0006025533956163868,0.0009013221520516028
US-natural/lstm-post-mae-s44,lstm,posttraining,44,mae,0.0001,4,0.01753765284690783,0.01947411484679631,0.0006416969696304632,0.0007243412003973148
US-natural/lstm-post-mae-s44,lstm,posttraining,44,mae,0.0001,5,0.015358736371933147,0.0191635514574878,0.0005431273562291956,0.0006775913073191279
US-natural/lstm-post-mse-s44,lstm,posttraining,44,mse,0.0001,1,0.0158972955485563,0.019296020958652526,0.0005547423122429925,0.0006974281455761658
US-natural/lstm-post-mse-s44,lstm,posttraining,44,mse,0.0001,2,0.014847190459493764,0.020051070485116073,0.000520077775458462,0.0007287563719840221
US-natural/lstm-post-mse-s44,lstm,posttraining,44,mse,0.0001,3,0.015015581290154432,0.020002667155568494,0.0005200380368182385,0.0007779337542314712
US-natural/lstm-post-mse-s44,lstm,posttraining,44,mse,0.0001,4,0.015003799324609981,0.019526135178133158,0.0005126716107833423,0.000682268848568901
US-natural/lstm-post-mse-s44,lstm,posttraining,44,mse,0.0001,5,0.015383367007627925,0.019679207068681863,0.0005189823661968184,0.0007086331384717544
US-natural/gru-post-mae-s42,gru,posttraining,42,mae,0.0001,1,0.016230984481476432,0.01760293029782358,0.0005609064942223982,0.0005690478474578028
US-natural/gru-post-mae-s42,gru,posttraining,42,mae,0.0001,2,0.015000790704504838,0.020787360665478857,0.0005258225691658244,0.0007173260478451866
US-natural/gru-post-mae-s42,gru,posttraining,42,mae,0.0001,3,0.015488098035146476,0.01770761381650823,0.0005435208643829481,0.0005567560732837642
US-natural/gru-post-mae-s42,gru,posttraining,42,mae,0.0001,4,0.015582690236549188,0.01804313464238628,0.0005424221454170648,0.0006055398614807159
US-natural/gru-post-mae-s42,gru,posttraining,42,mae,0.0001,5,0.01576845594389253,0.01774193442204172,0.0005604201019950648,0.000568772076399535
US-natural/gru-post-mse-s42,gru,posttraining,42,mse,0.0001,1,0.01625636552109546,0.017709180277518086,0.0005613199195483864,0.0005619718101371407
US-natural/gru-post-mse-s42,gru,posttraining,42,mse,0.0001,2,0.01577034887959014,0.017719344347417895,0.0005351084564965176,0.0005779303316773473
US-natural/gru-post-mse-s42,gru,posttraining,42,mse,0.0001,3,0.01489047102319757,0.018193629210532233,0.0005114966649445444,0.0005943597000328887
US-natural/gru-post-mse-s42,gru,posttraining,42,mse,0.0001,4,0.014928907189968737,0.019242279371151156,0.00050142460134225,0.0006358168770342408
US-natural/gru-post-mse-s42,gru,posttraining,42,mse,0.0001,5,0.01492137507522249,0.017903320223159047,0.0005004265691999365,0.0005878727846787909
US-natural/gru-post-mae-s43,gru,posttraining,43,mae,0.0001,1,0.029723803288080976,0.02327177966529687,0.0015991176800197056,0.0014037314839217855
US-natural/gru-post-mae-s43,gru,posttraining,43,mae,0.0001,2,0.020274689630140324,0.022575072308158875,0.0009564736623911321,0.0012032604021265931
US-natural/gru-post-mae-s43,gru,posttraining,43,mae,0.0001,3,0.017550786327272628,0.02120848899170625,0.00076624195869737,0.0010509699968075472
US-natural/gru-post-mae-s43,gru,posttraining,43,mae,0.0001,4,0.01774114503294943,0.02002097278797484,0.000709394756021406,0.0009553998889628176
US-natural/gru-post-mae-s43,gru,posttraining,43,mae,0.0001,5,0.0165754083189409,0.020020001504800516,0.0006402141616756846,0.0009730183116920523
US-natural/gru-post-mse-s43,gru,posttraining,43,mse,0.0001,1,0.029066176995705004,0.02356156858390468,0.0015684166161413107,0.0013405807410945137
US-natural/gru-post-mse-s43,gru,posttraining,43,mse,0.0001,2,0.01986409350738941,0.020580227982809254,0.000873386197787646,0.001059367873025189
US-natural/gru-post-mse-s43,gru,posttraining,43,mse,0.0001,3,0.016902193673853576,0.018978177347154433,0.0006779677895989757,0.0009337539764231547
US-natural/gru-post-mse-s43,gru,posttraining,43,mse,0.0001,4,0.01680331741317344,0.01854571164454692,0.0006449291541506448,0.0008614904179808512
US-natural/gru-post-mse-s43,gru,posttraining,43,mse,0.0001,5,0.01562780052993961,0.018380307936518916,0.0005522721972672655,0.000823143007253316
US-natural/gru-post-mae-s44,gru,posttraining,44,mae,0.0001,1,0.015179450591450162,0.02207232615624803,0.0004511928675537963,0.000905991400772851
US-natural/gru-post-mae-s44,gru,posttraining,44,mae,0.0001,2,0.014019279934982117,0.023078081355912352,0.0004121510579395741,0.0009714725518826854
US-natural/gru-post-mae-s44,gru,posttraining,44,mae,0.0001,3,0.013705097709110756,0.02505491693808082,0.00040843929711521836,0.0011280804066341288
US-natural/gru-post-mae-s44,gru,posttraining,44,mae,0.0001,4,0.013803745708900708,0.023548420130368522,0.00041964279463592685,0.0010243969834557185
US-natural/gru-post-mae-s44,gru,posttraining,44,mae,0.0001,5,0.013590305307304084,0.023573967114500497,0.0004167728817457704,0.0010023051976067556
US-natural/gru-post-mse-s44,gru,posttraining,44,mse,0.0001,1,0.015243721782011775,0.021398582564819534,0.00046536508212752963,0.0008790680964145946
US-natural/gru-post-mse-s44,gru,posttraining,44,mse,0.0001,2,0.015111376026786763,0.022784576174201474,0.0004398922860835745,0.0009616611413689146
US-natural/gru-post-mse-s44,gru,posttraining,44,mse,0.0001,3,0.014553541423121699,0.02444582040993902,0.00042053122238051394,0.0010780966937455356
US-natural/gru-post-mse-s44,gru,posttraining,44,mse,0.0001,4,0.013799193634046185,0.02361551700119347,0.00039806591890893643,0.00100261315037435
US-natural/gru-post-mse-s44,gru,posttraining,44,mse,0.0001,5,0.01365580425770232,0.0226586921967371,0.0003895321949669698,0.0009562224863706809
US-natural/dlinear-post-mae-s42,dlinear,posttraining,42,mae,0.0001,1,0.01540927942530513,0.020711270812492816,0.0005008606475004488,0.0008898204488751387
US-natural/dlinear-post-mae-s42,dlinear,posttraining,42,mae,0.0001,2,0.015434004571497783,0.020260784139053196,0.00048498435820420967,0.0008730763089814678
US-natural/dlinear-post-mae-s42,dlinear,posttraining,42,mae,0.0001,3,0.014195374809990032,0.020462024715793226,0.0004499402916302926,0.0009045540061282957
US-natural/dlinear-post-mae-s42,dlinear,posttraining,42,mae,0.0001,4,0.014460245605381943,0.02089888497295271,0.00046662018629921206,0.0009261589231545632
US-natural/dlinear-post-mae-s42,dlinear,posttraining,42,mae,0.0001,5,0.013835276196285391,0.02130621226126117,0.0004444409937636514,0.0009264914541833921
US-natural/dlinear-post-mse-s42,dlinear,posttraining,42,mse,0.0001,1,0.015297800849094803,0.020769509805134822,0.0004920816591791044,0.0009109880178214895
US-natural/dlinear-post-mse-s42,dlinear,posttraining,42,mse,0.0001,2,0.014678463221139493,0.02199743347075134,0.00045368676414757136,0.0009969165143729542
US-natural/dlinear-post-mse-s42,dlinear,posttraining,42,mse,0.0001,3,0.013878866930860732,0.02233980525591869,0.00042123762840736134,0.001010124009941116
US-natural/dlinear-post-mse-s42,dlinear,posttraining,42,mse,0.0001,4,0.01380730215074297,0.022030609865393284,0.00041489295757070175,0.000992341568034387
US-natural/dlinear-post-mse-s42,dlinear,posttraining,42,mse,0.0001,5,0.013833368594349358,0.023309019370447125,0.0004166021592257038,0.0010942161200617503
US-natural/dlinear-post-mae-s43,dlinear,posttraining,43,mae,0.0001,1,0.017644604619756036,0.02527384398731953,0.0005799777832492723,0.001050461685205559
US-natural/dlinear-post-mae-s43,dlinear,posttraining,43,mae,0.0001,2,0.018641671804429532,0.022404193875516627,0.0006156253608442696,0.0008841023463426272
US-natural/dlinear-post-mae-s43,dlinear,posttraining,43,mae,0.0001,3,0.016504801825000675,0.02157515887488504,0.0005479706477284136,0.000864998143402134
US-natural/dlinear-post-mae-s43,dlinear,posttraining,43,mae,0.0001,4,0.01526271350151065,0.020569193029082306,0.00048696958606954036,0.0007898674599406345
US-natural/dlinear-post-mae-s43,dlinear,posttraining,43,mae,0.0001,5,0.015358740646471246,0.021799279444978465,0.0004932361825692903,0.0008492074661280958
US-natural/dlinear-post-mse-s43,dlinear,posttraining,43,mse,0.0001,1,0.01765439798186762,0.02540981635513852,0.0005800975782936763,0.0010627975750200833
US-natural/dlinear-post-mse-s43,dlinear,posttraining,43,mse,0.0001,2,0.01830550492502678,0.02082936382573589,0.0005971253695151068,0.0008121431780094963
US-natural/dlinear-post-mse-s43,dlinear,posttraining,43,mse,0.0001,3,0.01646068819462878,0.02212048890324001,0.0005348071935702567,0.0008855601336420447
US-natural/dlinear-post-mse-s43,dlinear,posttraining,43,mse,0.0001,4,0.01528183117464163,0.02096668059339587,0.00047868365309879844,0.0008100857533040869
US-natural/dlinear-post-mse-s43,dlinear,posttraining,43,mse,0.0001,5,0.014761409671771877,0.0221748817929945,0.0004543415223573434,0.000902157292434721
US-natural/dlinear-post-mae-s44,dlinear,posttraining,44,mae,0.0001,1,0.018283630760884104,0.024897383083756285,0.0006076383800261585,0.0011357748749611632
US-natural/dlinear-post-mae-s44,dlinear,posttraining,44,mae,0.0001,2,0.016194541048328407,0.02075609248561657,0.0005205633950051364,0.0008862949811717054
US-natural/dlinear-post-mae-s44,dlinear,posttraining,44,mae,0.0001,3,0.015142530185195225,0.023097280223166653,0.00048043558093218905,0.0010737225428389507
US-natural/dlinear-post-mae-s44,dlinear,posttraining,44,mae,0.0001,4,0.014524036799945454,0.02396214196900202,0.0004657202508138947,0.0011513953316115305
US-natural/dlinear-post-mae-s44,dlinear,posttraining,44,mae,0.0001,5,0.014740397399538871,0.023597879560748204,0.00047607659060064074,0.001118925220186873
US-natural/dlinear-post-mse-s44,dlinear,posttraining,44,mse,0.0001,1,0.01702602615453484,0.020908970382873985,0.0005635326729260031,0.0009296073668785748
US-natural/dlinear-post-mse-s44,dlinear,posttraining,44,mse,0.0001,2,0.016724403200370497,0.021258904181442245,0.0005363326507511712,0.0009652165469508736
US-natural/dlinear-post-mse-s44,dlinear,posttraining,44,mse,0.0001,3,0.016002714372893707,0.026679638183051094,0.000505458442195404,0.0012373715822192619
US-natural/dlinear-post-mse-s44,dlinear,posttraining,44,mse,0.0001,4,0.015871232907848965,0.02316031096726108,0.0004952325727403087,0.0010743280809833115
US-natural/dlinear-post-mse-s44,dlinear,posttraining,44,mse,0.0001,5,0.014523142805085192,0.02294017028463286,0.0004482054085730579,0.0011023314076489662
